{
 "type": "FeatureCollection",
 "generated": "2025-06-18T22:47:19.395156",
 "suburb": "BUREKUP",
 "features": [
  {
   "type": "Feature",
   "geometry": {
    "type": "Point",
    "coordinates": [
     115.8098,
     -33.31234
    ]
   },
   "properties": {
    "name": "8 CASTIEAU STREET BUREKUP 6227",
    "locID": "LOC000079262347",
    "tech": "WIRELESS",
    "upgrade": "NULL_NA",
    "gnaf_pid": "GAWA_146949328",
    "ee": true,
    "tech_change_status": "Not Planned",
    "program_type": "Fixed Wireless and Satellite Upgrade Program",
    "target_eligibility_quarter": "NA"
   }
  },
  {
   "type": "Feature",
   "geometry": {
    "type": "Point",
    "coordinates": [
     115.81043,
     -33.31125
    ]
   },
   "properties": {
    "name": "9 CLARKE STREET BUREKUP 6227",
    "locID": "LOC000081064473",
    "tech": "WIRELESS",
    "upgrade": "NULL_NA",
    "gnaf_pid": "GAWA_146949338",
    "ee": true,
    "tech_change_status": "Not Planned",
    "program_type": "Fixed Wireless and Satellite Upgrade Program",
    "target_eligibility_quarter": "NA"
   }
  },
  {
   "type": "Feature",
   "geometry": {
    "type": "Point",
    "coordinates": [
     115.81131,
     -33.31356
    ]
   },
   "properties": {
    "name": "18 BROOKSY PLACE BUREKUP 6227",
    "locID": "LOC000044781323",
    "tech": "WIRELESS",
    "upgrade": "NULL_NA",
    "gnaf_pid": "GAWA_146956503",
    "ee": true,
    "tech_change_status": "Not Planned",
    "program_type": "Fixed Wireless and Satellite Upgrade Program",
    "target_eligibility_quarter": "NA"
   }
  },
  {
   "type": "Feature",
   "geometry": {
    "type": "Point",
    "coordinates": [
     115.8116,
     -33.31285
    ]
   },
   "properties": {
    "name": "8 BROOKSY PLACE BUREKUP 6227",
    "locID": "LOC000016341297",
    "tech": "WIRELESS",
    "upgrade": "NULL_NA",
    "gnaf_pid": "GAWA_146956506",
    "ee": true,
    "tech_change_status": "Not Planned",
    "program_type": "Fixed Wireless and Satellite Upgrade Program",
    "target_eligibility_quarter": "NA"
   }
  },
  {
   "type": "Feature",
   "geometry": {
    "type": "Point",
    "coordinates": [
     115.81165,
     -33.31236
    ]
   },
   "properties": {
    "name": "19 CLARKE STREET BUREKUP 6227",
    "locID": "LOC000067649932",
    "tech": "WIRELESS",
    "upgrade": "NULL_NA",
    "gnaf_pid": "GAWA_146956507",
    "ee": true,
    "tech_change_status": "Not Planned",
    "program_type": "Fixed Wireless and Satellite Upgrade Program",
    "target_eligibility_quarter": "NA"
   }
  },
  {
   "type": "Feature",
   "geometry": {
    "type": "Point",
    "coordinates": [
     115.81212,
     -33.31071
    ]
   },
   "properties": {
    "name": "26 CASTIEAU STREET BUREKUP 6227",
    "locID": "LOC000008777977",
    "tech": "WIRELESS",
    "upgrade": "NULL_NA",
    "gnaf_pid": "GAWA_146965143",
    "ee": true,
    "tech_change_status": "Not Planned",
    "program_type": "Fixed Wireless and Satellite Upgrade Program",
    "target_eligibility_quarter": "NA"
   }
  },
  {
   "type": "Feature",
   "geometry": {
    "type": "Point",
    "coordinates": [
     115.81096,
     -33.31239
    ]
   },
   "properties": {
    "name": "13 CASTIEAU STREET BUREKUP 6227",
    "locID": "LOC000021459542",
    "tech": "WIRELESS",
    "upgrade": "NULL_NA",
    "gnaf_pid": "GAWA_146966120",
    "ee": true,
    "tech_change_status": "Not Planned",
    "program_type": "Fixed Wireless and Satellite Upgrade Program",
    "target_eligibility_quarter": "NA"
   }
  },
  {
   "type": "Feature",
   "geometry": {
    "type": "Point",
    "coordinates": [
     115.81065,
     -33.31263
    ]
   },
   "properties": {
    "name": "11 CASTIEAU STREET BUREKUP 6227",
    "locID": "LOC000031104457",
    "tech": "WIRELESS",
    "upgrade": "NULL_NA",
    "gnaf_pid": "GAWA_146966122",
    "ee": true,
    "tech_change_status": "Not Planned",
    "program_type": "Fixed Wireless and Satellite Upgrade Program",
    "target_eligibility_quarter": "NA"
   }
  },
  {
   "type": "Feature",
   "geometry": {
    "type": "Point",
    "coordinates": [
     115.81067,
     -33.31376
    ]
   },
   "properties": {
    "name": "24 BROOKSY PLACE BUREKUP 6227",
    "locID": "LOC000030634440",
    "tech": "WIRELESS",
    "upgrade": "NULL_NA",
    "gnaf_pid": "GAWA_146966123",
    "ee": true,
    "tech_change_status": "Not Planned",
    "program_type": "Fixed Wireless and Satellite Upgrade Program",
    "target_eligibility_quarter": "NA"
   }
  },
  {
   "type": "Feature",
   "geometry": {
    "type": "Point",
    "coordinates": [
     115.81182,
     -33.31253
    ]
   },
   "properties": {
    "name": "21 CLARKE STREET BUREKUP 6227",
    "locID": "LOC000030606290",
    "tech": "WIRELESS",
    "upgrade": "NULL_NA",
    "gnaf_pid": "GAWA_146966124",
    "ee": true,
    "tech_change_status": "Not Planned",
    "program_type": "Fixed Wireless and Satellite Upgrade Program",
    "target_eligibility_quarter": "NA"
   }
  },
  {
   "type": "Feature",
   "geometry": {
    "type": "Point",
    "coordinates": [
     115.81108,
     -33.31017
    ]
   },
   "properties": {
    "name": "21 RUSSELL ROAD BUREKUP 6227",
    "locID": "LOC000038751089",
    "tech": "WIRELESS",
    "upgrade": "NULL_NA",
    "gnaf_pid": "GAWA_146966230",
    "ee": true,
    "tech_change_status": "Not Planned",
    "program_type": "Fixed Wireless and Satellite Upgrade Program",
    "target_eligibility_quarter": "NA"
   }
  },
  {
   "type": "Feature",
   "geometry": {
    "type": "Point",
    "coordinates": [
     115.81083,
     -33.31294
    ]
   },
   "properties": {
    "name": "3 BROOKSY PLACE BUREKUP 6227",
    "locID": "LOC000028601873",
    "tech": "WIRELESS",
    "upgrade": "NULL_NA",
    "gnaf_pid": "GAWA_146966231",
    "ee": true,
    "tech_change_status": "Not Planned",
    "program_type": "Fixed Wireless and Satellite Upgrade Program",
    "target_eligibility_quarter": "NA"
   }
  },
  {
   "type": "Feature",
   "geometry": {
    "type": "Point",
    "coordinates": [
     115.81168,
     -33.31049
    ]
   },
   "properties": {
    "name": "5 ROSE STREET BUREKUP 6227",
    "locID": "LOC000038905735",
    "tech": "WIRELESS",
    "upgrade": "NULL_NA",
    "gnaf_pid": "GAWA_146966232",
    "ee": true,
    "tech_change_status": "Not Planned",
    "program_type": "Fixed Wireless and Satellite Upgrade Program",
    "target_eligibility_quarter": "NA"
   }
  },
  {
   "type": "Feature",
   "geometry": {
    "type": "Point",
    "coordinates": [
     115.81081,
     -33.31163
    ]
   },
   "properties": {
    "name": "13 CLARKE STREET BUREKUP 6227",
    "locID": "LOC000071983516",
    "tech": "WIRELESS",
    "upgrade": "NULL_NA",
    "gnaf_pid": "GAWA_146966233",
    "ee": true,
    "tech_change_status": "Not Planned",
    "program_type": "Fixed Wireless and Satellite Upgrade Program",
    "target_eligibility_quarter": "NA"
   }
  },
  {
   "type": "Feature",
   "geometry": {
    "type": "Point",
    "coordinates": [
     115.81128,
     -33.31009
    ]
   },
   "properties": {
    "name": "23 RUSSELL ROAD BUREKUP 6227",
    "locID": "LOC000067760948",
    "tech": "WIRELESS",
    "upgrade": "NULL_NA",
    "gnaf_pid": "GAWA_146966234",
    "ee": true,
    "tech_change_status": "Not Planned",
    "program_type": "Fixed Wireless and Satellite Upgrade Program",
    "target_eligibility_quarter": "NA"
   }
  },
  {
   "type": "Feature",
   "geometry": {
    "type": "Point",
    "coordinates": [
     115.81153,
     -33.31034
    ]
   },
   "properties": {
    "name": "3 ROSE STREET BUREKUP 6227",
    "locID": "LOC000110020885",
    "tech": "WIRELESS",
    "upgrade": "NULL_NA",
    "gnaf_pid": "GAWA_146966235",
    "ee": true,
    "tech_change_status": "Not Planned",
    "program_type": "Fixed Wireless and Satellite Upgrade Program",
    "target_eligibility_quarter": "NA"
   }
  },
  {
   "type": "Feature",
   "geometry": {
    "type": "Point",
    "coordinates": [
     115.81114,
     -33.31087
    ]
   },
   "properties": {
    "name": "12 CLARKE STREET BUREKUP 6227",
    "locID": "LOC000084390178",
    "tech": "WIRELESS",
    "upgrade": "NULL_NA",
    "gnaf_pid": "GAWA_146966236",
    "ee": true,
    "tech_change_status": "Not Planned",
    "program_type": "Fixed Wireless and Satellite Upgrade Program",
    "target_eligibility_quarter": "NA"
   }
  },
  {
   "type": "Feature",
   "geometry": {
    "type": "Point",
    "coordinates": [
     115.81095,
     -33.31177
    ]
   },
   "properties": {
    "name": "15 CLARKE STREET BUREKUP 6227",
    "locID": "LOC000100111682",
    "tech": "WIRELESS",
    "upgrade": "NULL_NA",
    "gnaf_pid": "GAWA_146966237",
    "ee": true,
    "tech_change_status": "Not Planned",
    "program_type": "Fixed Wireless and Satellite Upgrade Program",
    "target_eligibility_quarter": "NA"
   }
  },
  {
   "type": "Feature",
   "geometry": {
    "type": "Point",
    "coordinates": [
     115.811,
     -33.31073
    ]
   },
   "properties": {
    "name": "10 CLARKE STREET BUREKUP 6227",
    "locID": "LOC000008718821",
    "tech": "WIRELESS",
    "upgrade": "NULL_NA",
    "gnaf_pid": "GAWA_146966238",
    "ee": true,
    "tech_change_status": "Not Planned",
    "program_type": "Fixed Wireless and Satellite Upgrade Program",
    "target_eligibility_quarter": "NA"
   }
  },
  {
   "type": "Feature",
   "geometry": {
    "type": "Point",
    "coordinates": [
     115.81086,
     -33.31059
    ]
   },
   "properties": {
    "name": "8 CLARKE STREET BUREKUP 6227",
    "locID": "LOC000025600862",
    "tech": "WIRELESS",
    "upgrade": "NULL_NA",
    "gnaf_pid": "GAWA_146966239",
    "ee": true,
    "tech_change_status": "Not Planned",
    "program_type": "Fixed Wireless and Satellite Upgrade Program",
    "target_eligibility_quarter": "NA"
   }
  },
  {
   "type": "Feature",
   "geometry": {
    "type": "Point",
    "coordinates": [
     115.81066,
     -33.31147
    ]
   },
   "properties": {
    "name": "11 CLARKE STREET BUREKUP 6227",
    "locID": "LOC000005647615",
    "tech": "WIRELESS",
    "upgrade": "NULL_NA",
    "gnaf_pid": "GAWA_146966240",
    "ee": true,
    "tech_change_status": "Not Planned",
    "program_type": "Fixed Wireless and Satellite Upgrade Program",
    "target_eligibility_quarter": "NA"
   }
  },
  {
   "type": "Feature",
   "geometry": {
    "type": "Point",
    "coordinates": [
     115.81073,
     -33.31045
    ]
   },
   "properties": {
    "name": "6 CLARKE STREET BUREKUP 6227",
    "locID": "LOC000006463421",
    "tech": "WIRELESS",
    "upgrade": "NULL_NA",
    "gnaf_pid": "GAWA_146966241",
    "ee": true,
    "tech_change_status": "Not Planned",
    "program_type": "Fixed Wireless and Satellite Upgrade Program",
    "target_eligibility_quarter": "NA"
   }
  },
  {
   "type": "Feature",
   "geometry": {
    "type": "Point",
    "coordinates": [
     115.81046,
     -33.31185
    ]
   },
   "properties": {
    "name": "16 CASTIEAU STREET BUREKUP 6227",
    "locID": "LOC000016997609",
    "tech": "WIRELESS",
    "upgrade": "NULL_NA",
    "gnaf_pid": "GAWA_146966242",
    "ee": true,
    "tech_change_status": "Not Planned",
    "program_type": "Fixed Wireless and Satellite Upgrade Program",
    "target_eligibility_quarter": "NA"
   }
  },
  {
   "type": "Feature",
   "geometry": {
    "type": "Point",
    "coordinates": [
     115.81278,
     -33.31025
    ]
   },
   "properties": {
    "name": "34 CASTIEAU STREET BUREKUP 6227",
    "locID": "LOC000059695044",
    "tech": "WIRELESS",
    "upgrade": "NULL_NA",
    "gnaf_pid": "GAWA_146966243",
    "ee": true,
    "tech_change_status": "Not Planned",
    "program_type": "Fixed Wireless and Satellite Upgrade Program",
    "target_eligibility_quarter": "NA"
   }
  },
  {
   "type": "Feature",
   "geometry": {
    "type": "Point",
    "coordinates": [
     115.81311,
     -33.31001
    ]
   },
   "properties": {
    "name": "38 CASTIEAU STREET BUREKUP 6227",
    "locID": "LOC000035371606",
    "tech": "WIRELESS",
    "upgrade": "NULL_NA",
    "gnaf_pid": "GAWA_146966244",
    "ee": true,
    "tech_change_status": "Not Planned",
    "program_type": "Fixed Wireless and Satellite Upgrade Program",
    "target_eligibility_quarter": "NA"
   }
  },
  {
   "type": "Feature",
   "geometry": {
    "type": "Point",
    "coordinates": [
     115.81267,
     -33.30966
    ]
   },
   "properties": {
    "name": "33 GARDINER STREET BUREKUP 6227",
    "locID": "LOC000090400534",
    "tech": "WIRELESS",
    "upgrade": "NULL_NA",
    "gnaf_pid": "GAWA_146967611",
    "ee": true,
    "tech_change_status": "Not Planned",
    "program_type": "Fixed Wireless and Satellite Upgrade Program",
    "target_eligibility_quarter": "NA"
   }
  },
  {
   "type": "Feature",
   "geometry": {
    "type": "Point",
    "coordinates": [
     115.81245,
     -33.31048
    ]
   },
   "properties": {
    "name": "30 CASTIEAU STREET BUREKUP 6227",
    "locID": "LOC000068391410",
    "tech": "WIRELESS",
    "upgrade": "NULL_NA",
    "gnaf_pid": "GAWA_146967612",
    "ee": true,
    "tech_change_status": "Not Planned",
    "program_type": "Fixed Wireless and Satellite Upgrade Program",
    "target_eligibility_quarter": "NA"
   }
  },
  {
   "type": "Feature",
   "geometry": {
    "type": "Point",
    "coordinates": [
     115.81195,
     -33.31083
    ]
   },
   "properties": {
    "name": "24 CASTIEAU STREET BUREKUP 6227",
    "locID": "LOC000054356575",
    "tech": "WIRELESS",
    "upgrade": "NULL_NA",
    "gnaf_pid": "GAWA_146967613",
    "ee": true,
    "tech_change_status": "Not Planned",
    "program_type": "Fixed Wireless and Satellite Upgrade Program",
    "target_eligibility_quarter": "NA"
   }
  },
  {
   "type": "Feature",
   "geometry": {
    "type": "Point",
    "coordinates": [
     115.81228,
     -33.3106
    ]
   },
   "properties": {
    "name": "28 CASTIEAU STREET BUREKUP 6227",
    "locID": "LOC000004530984",
    "tech": "WIRELESS",
    "upgrade": "NULL_NA",
    "gnaf_pid": "GAWA_146967615",
    "ee": true,
    "tech_change_status": "Not Planned",
    "program_type": "Fixed Wireless and Satellite Upgrade Program",
    "target_eligibility_quarter": "NA"
   }
  },
  {
   "type": "Feature",
   "geometry": {
    "type": "Point",
    "coordinates": [
     115.81179,
     -33.31094
    ]
   },
   "properties": {
    "name": "22 CASTIEAU STREET BUREKUP 6227",
    "locID": "LOC000109832621",
    "tech": "WIRELESS",
    "upgrade": "NULL_NA",
    "gnaf_pid": "GAWA_146967616",
    "ee": true,
    "tech_change_status": "Not Planned",
    "program_type": "Fixed Wireless and Satellite Upgrade Program",
    "target_eligibility_quarter": "NA"
   }
  },
  {
   "type": "Feature",
   "geometry": {
    "type": "Point",
    "coordinates": [
     115.81201,
     -33.30997
    ]
   },
   "properties": {
    "name": "27 RUSSELL ROAD BUREKUP 6227",
    "locID": "LOC000084082636",
    "tech": "WIRELESS",
    "upgrade": "NULL_NA",
    "gnaf_pid": "GAWA_146967617",
    "ee": true,
    "tech_change_status": "Not Planned",
    "program_type": "Fixed Wireless and Satellite Upgrade Program",
    "target_eligibility_quarter": "NA"
   }
  },
  {
   "type": "Feature",
   "geometry": {
    "type": "Point",
    "coordinates": [
     115.81049,
     -33.31402
    ]
   },
   "properties": {
    "name": "22 HUTCHINSON ROAD BUREKUP 6227",
    "locID": "LOC000098057052",
    "tech": "WIRELESS",
    "upgrade": "NULL_NA",
    "gnaf_pid": "GAWA_146967618",
    "ee": true,
    "tech_change_status": "Not Planned",
    "program_type": "Fixed Wireless and Satellite Upgrade Program",
    "target_eligibility_quarter": "NA"
   }
  },
  {
   "type": "Feature",
   "geometry": {
    "type": "Point",
    "coordinates": [
     115.80995,
     -33.31076
    ]
   },
   "properties": {
    "name": "5 CLARKE STREET BUREKUP 6227",
    "locID": "LOC000101714573",
    "tech": "WIRELESS",
    "upgrade": "NULL_NA",
    "gnaf_pid": "GAWA_146970585",
    "ee": true,
    "tech_change_status": "Not Planned",
    "program_type": "Fixed Wireless and Satellite Upgrade Program",
    "target_eligibility_quarter": "NA"
   }
  },
  {
   "type": "Feature",
   "geometry": {
    "type": "Point",
    "coordinates": [
     115.81147,
     -33.31
    ]
   },
   "properties": {
    "name": "25 RUSSELL ROAD BUREKUP 6227",
    "locID": "LOC000098175756",
    "tech": "WIRELESS",
    "upgrade": "NULL_NA",
    "gnaf_pid": "GAWA_146970586",
    "ee": true,
    "tech_change_status": "Not Planned",
    "program_type": "Fixed Wireless and Satellite Upgrade Program",
    "target_eligibility_quarter": "NA"
   }
  },
  {
   "type": "Feature",
   "geometry": {
    "type": "Point",
    "coordinates": [
     115.80815,
     -33.31098
    ]
   },
   "properties": {
    "name": "5 RUSSELL ROAD BUREKUP 6227",
    "locID": "LOC000091571116",
    "tech": "WIRELESS",
    "upgrade": "NULL_NA",
    "gnaf_pid": "GAWA_146970587",
    "ee": true,
    "tech_change_status": "Not Planned",
    "program_type": "Fixed Wireless and Satellite Upgrade Program",
    "target_eligibility_quarter": "NA"
   }
  },
  {
   "type": "Feature",
   "geometry": {
    "type": "Point",
    "coordinates": [
     115.80879,
     -33.31134
    ]
   },
   "properties": {
    "name": "8 MONEY STREET BUREKUP 6227",
    "locID": "LOC000065768764",
    "tech": "WIRELESS",
    "upgrade": "NULL_NA",
    "gnaf_pid": "GAWA_146970588",
    "ee": true,
    "tech_change_status": "Not Planned",
    "program_type": "Fixed Wireless and Satellite Upgrade Program",
    "target_eligibility_quarter": "NA"
   }
  },
  {
   "type": "Feature",
   "geometry": {
    "type": "Point",
    "coordinates": [
     115.81065,
     -33.31418
    ]
   },
   "properties": {
    "name": "24 HUTCHINSON ROAD BUREKUP 6227",
    "locID": "LOC000002979809",
    "tech": "WIRELESS",
    "upgrade": "NULL_NA",
    "gnaf_pid": "GAWA_146971102",
    "ee": true,
    "tech_change_status": "Not Planned",
    "program_type": "Fixed Wireless and Satellite Upgrade Program",
    "target_eligibility_quarter": "NA"
   }
  },
  {
   "type": "Feature",
   "geometry": {
    "type": "Point",
    "coordinates": [
     115.81064,
     -33.31318
    ]
   },
   "properties": {
    "name": "7 BROOKSY PLACE BUREKUP 6227",
    "locID": "LOC000044990209",
    "tech": "WIRELESS",
    "upgrade": "NULL_NA",
    "gnaf_pid": "GAWA_146971103",
    "ee": true,
    "tech_change_status": "Not Planned",
    "program_type": "Fixed Wireless and Satellite Upgrade Program",
    "target_eligibility_quarter": "NA"
   }
  },
  {
   "type": "Feature",
   "geometry": {
    "type": "Point",
    "coordinates": [
     115.81049,
     -33.31274
    ]
   },
   "properties": {
    "name": "9 CASTIEAU STREET BUREKUP 6227",
    "locID": "LOC000052008855",
    "tech": "WIRELESS",
    "upgrade": "NULL_NA",
    "gnaf_pid": "GAWA_146971104",
    "ee": true,
    "tech_change_status": "Not Planned",
    "program_type": "Fixed Wireless and Satellite Upgrade Program",
    "target_eligibility_quarter": "NA"
   }
  },
  {
   "type": "Feature",
   "geometry": {
    "type": "Point",
    "coordinates": [
     115.81018,
     -33.31371
    ]
   },
   "properties": {
    "name": "18 HUTCHINSON ROAD BUREKUP 6227",
    "locID": "LOC000028680394",
    "tech": "WIRELESS",
    "upgrade": "NULL_NA",
    "gnaf_pid": "GAWA_146971105",
    "ee": true,
    "tech_change_status": "Not Planned",
    "program_type": "Fixed Wireless and Satellite Upgrade Program",
    "target_eligibility_quarter": "NA"
   }
  },
  {
   "type": "Feature",
   "geometry": {
    "type": "Point",
    "coordinates": [
     115.81042,
     -33.31331
    ]
   },
   "properties": {
    "name": "9 BROOKSY PLACE BUREKUP 6227",
    "locID": "LOC000013718600",
    "tech": "WIRELESS",
    "upgrade": "NULL_NA",
    "gnaf_pid": "GAWA_146971106",
    "ee": true,
    "tech_change_status": "Not Planned",
    "program_type": "Fixed Wireless and Satellite Upgrade Program",
    "target_eligibility_quarter": "NA"
   }
  },
  {
   "type": "Feature",
   "geometry": {
    "type": "Point",
    "coordinates": [
     115.81043,
     -33.3135
    ]
   },
   "properties": {
    "name": "11 BROOKSY PLACE BUREKUP 6227",
    "locID": "LOC000071808804",
    "tech": "WIRELESS",
    "upgrade": "NULL_NA",
    "gnaf_pid": "GAWA_146971107",
    "ee": true,
    "tech_change_status": "Not Planned",
    "program_type": "Fixed Wireless and Satellite Upgrade Program",
    "target_eligibility_quarter": "NA"
   }
  },
  {
   "type": "Feature",
   "geometry": {
    "type": "Point",
    "coordinates": [
     115.81198,
     -33.31269
    ]
   },
   "properties": {
    "name": "23 CLARKE STREET BUREKUP 6227",
    "locID": "LOC000004602048",
    "tech": "WIRELESS",
    "upgrade": "NULL_NA",
    "gnaf_pid": "GAWA_146971108",
    "ee": true,
    "tech_change_status": "Not Planned",
    "program_type": "Fixed Wireless and Satellite Upgrade Program",
    "target_eligibility_quarter": "NA"
   }
  },
  {
   "type": "Feature",
   "geometry": {
    "type": "Point",
    "coordinates": [
     115.81032,
     -33.31286
    ]
   },
   "properties": {
    "name": "7 CASTIEAU STREET BUREKUP 6227",
    "locID": "LOC000067633437",
    "tech": "WIRELESS",
    "upgrade": "NULL_NA",
    "gnaf_pid": "GAWA_146971109",
    "ee": true,
    "tech_change_status": "Not Planned",
    "program_type": "Fixed Wireless and Satellite Upgrade Program",
    "target_eligibility_quarter": "NA"
   }
  },
  {
   "type": "Feature",
   "geometry": {
    "type": "Point",
    "coordinates": [
     115.81016,
     -33.31298
    ]
   },
   "properties": {
    "name": "5 CASTIEAU STREET BUREKUP 6227",
    "locID": "LOC000079003821",
    "tech": "WIRELESS",
    "upgrade": "NULL_NA",
    "gnaf_pid": "GAWA_146971111",
    "ee": true,
    "tech_change_status": "Not Planned",
    "program_type": "Fixed Wireless and Satellite Upgrade Program",
    "target_eligibility_quarter": "NA"
   }
  },
  {
   "type": "Feature",
   "geometry": {
    "type": "Point",
    "coordinates": [
     115.81241,
     -33.30978
    ]
   },
   "properties": {
    "name": "31 RUSSELL ROAD BUREKUP 6227",
    "locID": "LOC000057857018",
    "tech": "WIRELESS",
    "upgrade": "NULL_NA",
    "gnaf_pid": "GAWA_146971113",
    "ee": true,
    "tech_change_status": "Not Planned",
    "program_type": "Fixed Wireless and Satellite Upgrade Program",
    "target_eligibility_quarter": "NA"
   }
  },
  {
   "type": "Feature",
   "geometry": {
    "type": "Point",
    "coordinates": [
     115.81142,
     -33.3127
    ]
   },
   "properties": {
    "name": "6 BROOKSY PLACE BUREKUP 6227",
    "locID": "LOC000023646030",
    "tech": "WIRELESS",
    "upgrade": "NULL_NA",
    "gnaf_pid": "GAWA_146971114",
    "ee": true,
    "tech_change_status": "Not Planned",
    "program_type": "Fixed Wireless and Satellite Upgrade Program",
    "target_eligibility_quarter": "NA"
   }
  },
  {
   "type": "Feature",
   "geometry": {
    "type": "Point",
    "coordinates": [
     115.80867979,
     -33.31154003
    ]
   },
   "properties": {
    "name": "6 MONEY STREET BUREKUP 6227",
    "locID": "LOC000071198527",
    "tech": "WIRELESS",
    "upgrade": "NULL_NA",
    "gnaf_pid": "GAWA_146971115",
    "ee": true,
    "tech_change_status": "Not Planned",
    "program_type": "Fixed Wireless and Satellite Upgrade Program",
    "target_eligibility_quarter": "NA"
   }
  },
  {
   "type": "Feature",
   "geometry": {
    "type": "Point",
    "coordinates": [
     115.81147,
     -33.31344
    ]
   },
   "properties": {
    "name": "16 BROOKSY PLACE BUREKUP 6227",
    "locID": "LOC000060096959",
    "tech": "WIRELESS",
    "upgrade": "NULL_NA",
    "gnaf_pid": "GAWA_146971116",
    "ee": true,
    "tech_change_status": "Not Planned",
    "program_type": "Fixed Wireless and Satellite Upgrade Program",
    "target_eligibility_quarter": "NA"
   }
  },
  {
   "type": "Feature",
   "geometry": {
    "type": "Point",
    "coordinates": [
     115.81113,
     -33.31226
    ]
   },
   "properties": {
    "name": "15 CASTIEAU STREET BUREKUP 6227",
    "locID": "LOC000064716773",
    "tech": "WIRELESS",
    "upgrade": "NULL_NA",
    "gnaf_pid": "GAWA_146971117",
    "ee": true,
    "tech_change_status": "Not Planned",
    "program_type": "Fixed Wireless and Satellite Upgrade Program",
    "target_eligibility_quarter": "NA"
   }
  },
  {
   "type": "Feature",
   "geometry": {
    "type": "Point",
    "coordinates": [
     115.81127,
     -33.31256
    ]
   },
   "properties": {
    "name": "4 BROOKSY PLACE BUREKUP 6227",
    "locID": "LOC000005457147",
    "tech": "WIRELESS",
    "upgrade": "NULL_NA",
    "gnaf_pid": "GAWA_146971118",
    "ee": true,
    "tech_change_status": "Not Planned",
    "program_type": "Fixed Wireless and Satellite Upgrade Program",
    "target_eligibility_quarter": "NA"
   }
  },
  {
   "type": "Feature",
   "geometry": {
    "type": "Point",
    "coordinates": [
     115.81131,
     -33.31216
    ]
   },
   "properties": {
    "name": "17 CASTIEAU STREET BUREKUP 6227",
    "locID": "LOC000008760247",
    "tech": "WIRELESS",
    "upgrade": "NULL_NA",
    "gnaf_pid": "GAWA_146971119",
    "ee": true,
    "tech_change_status": "Not Planned",
    "program_type": "Fixed Wireless and Satellite Upgrade Program",
    "target_eligibility_quarter": "NA"
   }
  },
  {
   "type": "Feature",
   "geometry": {
    "type": "Point",
    "coordinates": [
     115.81116,
     -33.31373
    ]
   },
   "properties": {
    "name": "20 BROOKSY PLACE BUREKUP 6227",
    "locID": "LOC000010352721",
    "tech": "WIRELESS",
    "upgrade": "NULL_NA",
    "gnaf_pid": "GAWA_146971120",
    "ee": true,
    "tech_change_status": "Not Planned",
    "program_type": "Fixed Wireless and Satellite Upgrade Program",
    "target_eligibility_quarter": "NA"
   }
  },
  {
   "type": "Feature",
   "geometry": {
    "type": "Point",
    "coordinates": [
     115.811,
     -33.31311
    ]
   },
   "properties": {
    "name": "5 BROOKSY PLACE BUREKUP 6227",
    "locID": "LOC000099184519",
    "tech": "WIRELESS",
    "upgrade": "NULL_NA",
    "gnaf_pid": "GAWA_146971121",
    "ee": true,
    "tech_change_status": "Not Planned",
    "program_type": "Fixed Wireless and Satellite Upgrade Program",
    "target_eligibility_quarter": "NA"
   }
  },
  {
   "type": "Feature",
   "geometry": {
    "type": "Point",
    "coordinates": [
     115.81094,
     -33.3139
    ]
   },
   "properties": {
    "name": "22 BROOKSY PLACE BUREKUP 6227",
    "locID": "LOC000040064521",
    "tech": "WIRELESS",
    "upgrade": "NULL_NA",
    "gnaf_pid": "GAWA_146971122",
    "ee": true,
    "tech_change_status": "Not Planned",
    "program_type": "Fixed Wireless and Satellite Upgrade Program",
    "target_eligibility_quarter": "NA"
   }
  },
  {
   "type": "Feature",
   "geometry": {
    "type": "Point",
    "coordinates": [
     115.80984,
     -33.31338
    ]
   },
   "properties": {
    "name": "14 HUTCHINSON ROAD BUREKUP 6227",
    "locID": "LOC000099033876",
    "tech": "WIRELESS",
    "upgrade": "NULL_NA",
    "gnaf_pid": "GAWA_146971129",
    "ee": true,
    "tech_change_status": "Not Planned",
    "program_type": "Fixed Wireless and Satellite Upgrade Program",
    "target_eligibility_quarter": "NA"
   }
  },
  {
   "type": "Feature",
   "geometry": {
    "type": "Point",
    "coordinates": [
     115.80981,
     -33.31062
    ]
   },
   "properties": {
    "name": "3 CLARKE STREET BUREKUP 6227",
    "locID": "LOC000011542327",
    "tech": "WIRELESS",
    "upgrade": "NULL_NA",
    "gnaf_pid": "GAWA_146971130",
    "ee": true,
    "tech_change_status": "Not Planned",
    "program_type": "Fixed Wireless and Satellite Upgrade Program",
    "target_eligibility_quarter": "NA"
   }
  },
  {
   "type": "Feature",
   "geometry": {
    "type": "Point",
    "coordinates": [
     115.81022,
     -33.31104
    ]
   },
   "properties": {
    "name": "7 CLARKE STREET BUREKUP 6227",
    "locID": "LOC000027012130",
    "tech": "WIRELESS",
    "upgrade": "NULL_NA",
    "gnaf_pid": "GAWA_146975362",
    "ee": true,
    "tech_change_status": "Not Planned",
    "program_type": "Fixed Wireless and Satellite Upgrade Program",
    "target_eligibility_quarter": "NA"
   }
  },
  {
   "type": "Feature",
   "geometry": {
    "type": "Point",
    "coordinates": [
     115.81028,
     -33.31198
    ]
   },
   "properties": {
    "name": "14 CASTIEAU STREET BUREKUP 6227",
    "locID": "LOC000050170761",
    "tech": "WIRELESS",
    "upgrade": "NULL_NA",
    "gnaf_pid": "GAWA_146975363",
    "ee": true,
    "tech_change_status": "Not Planned",
    "program_type": "Fixed Wireless and Satellite Upgrade Program",
    "target_eligibility_quarter": "NA"
   }
  },
  {
   "type": "Feature",
   "geometry": {
    "type": "Point",
    "coordinates": [
     115.80922,
     -33.31275
    ]
   },
   "properties": {
    "name": "2 CASTIEAU STREET BUREKUP 6227",
    "locID": "LOC000030610904",
    "tech": "WIRELESS",
    "upgrade": "NULL_NA",
    "gnaf_pid": "GAWA_146975409",
    "ee": true,
    "tech_change_status": "Not Planned",
    "program_type": "Fixed Wireless and Satellite Upgrade Program",
    "target_eligibility_quarter": "NA"
   }
  },
  {
   "type": "Feature",
   "geometry": {
    "type": "Point",
    "coordinates": [
     115.80999,
     -33.31309
    ]
   },
   "properties": {
    "name": "3 CASTIEAU STREET BUREKUP 6227",
    "locID": "LOC000055989916",
    "tech": "WIRELESS",
    "upgrade": "NULL_NA",
    "gnaf_pid": "GAWA_146975410",
    "ee": true,
    "tech_change_status": "Not Planned",
    "program_type": "Fixed Wireless and Satellite Upgrade Program",
    "target_eligibility_quarter": "NA"
   }
  },
  {
   "type": "Feature",
   "geometry": {
    "type": "Point",
    "coordinates": [
     115.80968,
     -33.31166
    ]
   },
   "properties": {
    "name": "11 MONEY STREET BUREKUP 6227",
    "locID": "LOC000037932062",
    "tech": "WIRELESS",
    "upgrade": "NULL_NA",
    "gnaf_pid": "GAWA_146975411",
    "ee": true,
    "tech_change_status": "Not Planned",
    "program_type": "Fixed Wireless and Satellite Upgrade Program",
    "target_eligibility_quarter": "NA"
   }
  },
  {
   "type": "Feature",
   "geometry": {
    "type": "Point",
    "coordinates": [
     115.80984,
     -33.31154
    ]
   },
   "properties": {
    "name": "13 MONEY STREET BUREKUP 6227",
    "locID": "LOC000101819644",
    "tech": "WIRELESS",
    "upgrade": "NULL_NA",
    "gnaf_pid": "GAWA_146975412",
    "ee": true,
    "tech_change_status": "Not Planned",
    "program_type": "Fixed Wireless and Satellite Upgrade Program",
    "target_eligibility_quarter": "NA"
   }
  },
  {
   "type": "Feature",
   "geometry": {
    "type": "Point",
    "coordinates": [
     115.80996,
     -33.31223
    ]
   },
   "properties": {
    "name": "10 CASTIEAU STREET BUREKUP 6227",
    "locID": "LOC000007034098",
    "tech": "WIRELESS",
    "upgrade": "NULL_NA",
    "gnaf_pid": "GAWA_146975413",
    "ee": true,
    "tech_change_status": "Not Planned",
    "program_type": "Fixed Wireless and Satellite Upgrade Program",
    "target_eligibility_quarter": "NA"
   }
  },
  {
   "type": "Feature",
   "geometry": {
    "type": "Point",
    "coordinates": [
     115.80947,
     -33.31258
    ]
   },
   "properties": {
    "name": "4 CASTIEAU STREET BUREKUP 6227",
    "locID": "LOC000082212752",
    "tech": "WIRELESS",
    "upgrade": "NULL_NA",
    "gnaf_pid": "GAWA_146975414",
    "ee": true,
    "tech_change_status": "Not Planned",
    "program_type": "Fixed Wireless and Satellite Upgrade Program",
    "target_eligibility_quarter": "NA"
   }
  },
  {
   "type": "Feature",
   "geometry": {
    "type": "Point",
    "coordinates": [
     115.80963,
     -33.31246
    ]
   },
   "properties": {
    "name": "6 CASTIEAU STREET BUREKUP 6227",
    "locID": "LOC000082265545",
    "tech": "WIRELESS",
    "upgrade": "NULL_NA",
    "gnaf_pid": "GAWA_146975415",
    "ee": true,
    "tech_change_status": "Not Planned",
    "program_type": "Fixed Wireless and Satellite Upgrade Program",
    "target_eligibility_quarter": "NA"
   }
  },
  {
   "type": "Feature",
   "geometry": {
    "type": "Point",
    "coordinates": [
     115.80919966,
     -33.31202523
    ]
   },
   "properties": {
    "name": "7 MONEY STREET BUREKUP 6227",
    "locID": "LOC000077992666",
    "tech": "WIRELESS",
    "upgrade": "NULL_NA",
    "gnaf_pid": "GAWA_146975416",
    "ee": true,
    "tech_change_status": "Not Planned",
    "program_type": "Fixed Wireless and Satellite Upgrade Program",
    "target_eligibility_quarter": "NA"
   }
  },
  {
   "type": "Feature",
   "geometry": {
    "type": "Point",
    "coordinates": [
     115.8097825,
     -33.31311794
    ]
   },
   "properties": {
    "name": "1 CASTIEAU STREET BUREKUP 6227",
    "locID": "LOC000090538148",
    "tech": "WIRELESS",
    "upgrade": "NULL_NA",
    "gnaf_pid": "GAWA_146975427",
    "ee": true,
    "tech_change_status": "Not Planned",
    "program_type": "Fixed Wireless and Satellite Upgrade Program",
    "target_eligibility_quarter": "NA"
   }
  },
  {
   "type": "Feature",
   "geometry": {
    "type": "Point",
    "coordinates": [
     115.81294,
     -33.31013
    ]
   },
   "properties": {
    "name": "36 CASTIEAU STREET BUREKUP 6227",
    "locID": "LOC000045132129",
    "tech": "WIRELESS",
    "upgrade": "NULL_NA",
    "gnaf_pid": "GAWA_146975428",
    "ee": true,
    "tech_change_status": "Not Planned",
    "program_type": "Fixed Wireless and Satellite Upgrade Program",
    "target_eligibility_quarter": "NA"
   }
  },
  {
   "type": "Feature",
   "geometry": {
    "type": "Point",
    "coordinates": [
     115.81148,
     -33.31205
    ]
   },
   "properties": {
    "name": "17 CLARKE STREET BUREKUP 6227",
    "locID": "LOC000050720320",
    "tech": "WIRELESS",
    "upgrade": "NULL_NA",
    "gnaf_pid": "GAWA_146975429",
    "ee": true,
    "tech_change_status": "Not Planned",
    "program_type": "Fixed Wireless and Satellite Upgrade Program",
    "target_eligibility_quarter": "NA"
   }
  },
  {
   "type": "Feature",
   "geometry": {
    "type": "Point",
    "coordinates": [
     115.81261,
     -33.31036
    ]
   },
   "properties": {
    "name": "32 CASTIEAU STREET BUREKUP 6227",
    "locID": "LOC000099039557",
    "tech": "WIRELESS",
    "upgrade": "NULL_NA",
    "gnaf_pid": "GAWA_146975430",
    "ee": true,
    "tech_change_status": "Not Planned",
    "program_type": "Fixed Wireless and Satellite Upgrade Program",
    "target_eligibility_quarter": "NA"
   }
  },
  {
   "type": "Feature",
   "geometry": {
    "type": "Point",
    "coordinates": [
     115.8118,
     -33.31303
    ]
   },
   "properties": {
    "name": "10 BROOKSY PLACE BUREKUP 6227",
    "locID": "LOC000084349548",
    "tech": "WIRELESS",
    "upgrade": "NULL_NA",
    "gnaf_pid": "GAWA_146977706",
    "ee": true,
    "tech_change_status": "Not Planned",
    "program_type": "Fixed Wireless and Satellite Upgrade Program",
    "target_eligibility_quarter": "NA"
   }
  },
  {
   "type": "Feature",
   "geometry": {
    "type": "Point",
    "coordinates": [
     115.81169,
     -33.31337
    ]
   },
   "properties": {
    "name": "14 BROOKSY PLACE BUREKUP 6227",
    "locID": "LOC000079635588",
    "tech": "WIRELESS",
    "upgrade": "NULL_NA",
    "gnaf_pid": "GAWA_146977707",
    "ee": true,
    "tech_change_status": "Not Planned",
    "program_type": "Fixed Wireless and Satellite Upgrade Program",
    "target_eligibility_quarter": "NA"
   }
  },
  {
   "type": "Feature",
   "geometry": {
    "type": "Point",
    "coordinates": [
     115.81214,
     -33.31285
    ]
   },
   "properties": {
    "name": "25 CLARKE STREET BUREKUP 6227",
    "locID": "LOC000106280656",
    "tech": "WIRELESS",
    "upgrade": "NULL_NA",
    "gnaf_pid": "GAWA_147017153",
    "ee": true,
    "tech_change_status": "Not Planned",
    "program_type": "Fixed Wireless and Satellite Upgrade Program",
    "target_eligibility_quarter": "NA"
   }
  },
  {
   "type": "Feature",
   "geometry": {
    "type": "Point",
    "coordinates": [
     115.8123,
     -33.31301
    ]
   },
   "properties": {
    "name": "27 CLARKE STREET BUREKUP 6227",
    "locID": "LOC000019008256",
    "tech": "WIRELESS",
    "upgrade": "NULL_NA",
    "gnaf_pid": "GAWA_147026914",
    "ee": true,
    "tech_change_status": "Not Planned",
    "program_type": "Fixed Wireless and Satellite Upgrade Program",
    "target_eligibility_quarter": "NA"
   }
  },
  {
   "type": "Feature",
   "geometry": {
    "type": "Point",
    "coordinates": [
     115.81189,
     -33.31321
    ]
   },
   "properties": {
    "name": "12 BROOKSY PLACE BUREKUP 6227",
    "locID": "LOC000038782160",
    "tech": "WIRELESS",
    "upgrade": "NULL_NA",
    "gnaf_pid": "GAWA_147026919",
    "ee": true,
    "tech_change_status": "Not Planned",
    "program_type": "Fixed Wireless and Satellite Upgrade Program",
    "target_eligibility_quarter": "NA"
   }
  },
  {
   "type": "Feature",
   "geometry": {
    "type": "Point",
    "coordinates": [
     115.81031,
     -33.31034
    ]
   },
   "properties": {
    "name": "2 CLARKE STREET BUREKUP 6227",
    "locID": "LOC000088619387",
    "tech": "WIRELESS",
    "upgrade": "NULL_NA",
    "gnaf_pid": "GAWA_147121664",
    "ee": true,
    "tech_change_status": "Not Planned",
    "program_type": "Fixed Wireless and Satellite Upgrade Program",
    "target_eligibility_quarter": "NA"
   }
  },
  {
   "type": "Feature",
   "geometry": {
    "type": "Point",
    "coordinates": [
     115.81569,
     -33.31077
    ]
   },
   "properties": {
    "name": "7 HEDGES PLACE BUREKUP 6227",
    "locID": "LOC000054661127",
    "tech": "WIRELESS",
    "upgrade": "NULL_NA",
    "gnaf_pid": "GAWA_147205278",
    "ee": true,
    "tech_change_status": "Not Planned",
    "program_type": "Fixed Wireless and Satellite Upgrade Program",
    "target_eligibility_quarter": "NA"
   }
  },
  {
   "type": "Feature",
   "geometry": {
    "type": "Point",
    "coordinates": [
     115.8152,
     -33.31123
    ]
   },
   "properties": {
    "name": "1 HEDGES PLACE BUREKUP 6227",
    "locID": "LOC000021506221",
    "tech": "WIRELESS",
    "upgrade": "NULL_NA",
    "gnaf_pid": "GAWA_147205288",
    "ee": true,
    "tech_change_status": "Not Planned",
    "program_type": "Fixed Wireless and Satellite Upgrade Program",
    "target_eligibility_quarter": "NA"
   }
  },
  {
   "type": "Feature",
   "geometry": {
    "type": "Point",
    "coordinates": [
     115.81554,
     -33.31093
    ]
   },
   "properties": {
    "name": "5 HEDGES PLACE BUREKUP 6227",
    "locID": "LOC000045631665",
    "tech": "WIRELESS",
    "upgrade": "NULL_NA",
    "gnaf_pid": "GAWA_147208282",
    "ee": true,
    "tech_change_status": "Not Planned",
    "program_type": "Fixed Wireless and Satellite Upgrade Program",
    "target_eligibility_quarter": "NA"
   }
  },
  {
   "type": "Feature",
   "geometry": {
    "type": "Point",
    "coordinates": [
     115.80912,
     -33.3111
    ]
   },
   "properties": {
    "name": "12 MONEY STREET BUREKUP 6227",
    "locID": "LOC000048612798",
    "tech": "WIRELESS",
    "upgrade": "NULL_NA",
    "gnaf_pid": "GAWA_147228913",
    "ee": true,
    "tech_change_status": "Not Planned",
    "program_type": "Fixed Wireless and Satellite Upgrade Program",
    "target_eligibility_quarter": "NA"
   }
  },
  {
   "type": "Feature",
   "geometry": {
    "type": "Point",
    "coordinates": [
     115.80941588,
     -33.31038063
    ]
   },
   "properties": {
    "name": "17 RUSSELL ROAD BUREKUP 6227",
    "locID": "LOC000079295942",
    "tech": "WIRELESS",
    "upgrade": "NULL_NA",
    "gnaf_pid": "GAWA_147234037",
    "ee": true,
    "tech_change_status": "Not Planned",
    "program_type": "Fixed Wireless and Satellite Upgrade Program",
    "target_eligibility_quarter": "NA"
   }
  },
  {
   "type": "Feature",
   "geometry": {
    "type": "Point",
    "coordinates": [
     115.80948,
     -33.31085
    ]
   },
   "properties": {
    "name": "16 MONEY STREET BUREKUP 6227",
    "locID": "LOC000059259207",
    "tech": "WIRELESS",
    "upgrade": "NULL_NA",
    "gnaf_pid": "GAWA_147234038",
    "ee": true,
    "tech_change_status": "Not Planned",
    "program_type": "Fixed Wireless and Satellite Upgrade Program",
    "target_eligibility_quarter": "NA"
   }
  },
  {
   "type": "Feature",
   "geometry": {
    "type": "Point",
    "coordinates": [
     115.80929,
     -33.31099
    ]
   },
   "properties": {
    "name": "14 MONEY STREET BUREKUP 6227",
    "locID": "LOC000073750182",
    "tech": "WIRELESS",
    "upgrade": "NULL_NA",
    "gnaf_pid": "GAWA_147234039",
    "ee": true,
    "tech_change_status": "Not Planned",
    "program_type": "Fixed Wireless and Satellite Upgrade Program",
    "target_eligibility_quarter": "NA"
   }
  },
  {
   "type": "Feature",
   "geometry": {
    "type": "Point",
    "coordinates": [
     115.80896,
     -33.31122
    ]
   },
   "properties": {
    "name": "10 MONEY STREET BUREKUP 6227",
    "locID": "LOC000101307777",
    "tech": "WIRELESS",
    "upgrade": "NULL_NA",
    "gnaf_pid": "GAWA_147234040",
    "ee": true,
    "tech_change_status": "Not Planned",
    "program_type": "Fixed Wireless and Satellite Upgrade Program",
    "target_eligibility_quarter": "NA"
   }
  },
  {
   "type": "Feature",
   "geometry": {
    "type": "Point",
    "coordinates": [
     115.80906,
     -33.31046
    ]
   },
   "properties": {
    "name": "15 RUSSELL ROAD BUREKUP 6227",
    "locID": "LOC000012060418",
    "tech": "WIRELESS",
    "upgrade": "NULL_NA",
    "gnaf_pid": "GAWA_147234043",
    "ee": true,
    "tech_change_status": "Not Planned",
    "program_type": "Fixed Wireless and Satellite Upgrade Program",
    "target_eligibility_quarter": "NA"
   }
  },
  {
   "type": "Feature",
   "geometry": {
    "type": "Point",
    "coordinates": [
     115.80886,
     -33.31055
    ]
   },
   "properties": {
    "name": "13 RUSSELL ROAD BUREKUP 6227",
    "locID": "LOC000067726993",
    "tech": "WIRELESS",
    "upgrade": "NULL_NA",
    "gnaf_pid": "GAWA_147234045",
    "ee": true,
    "tech_change_status": "Not Planned",
    "program_type": "Fixed Wireless and Satellite Upgrade Program",
    "target_eligibility_quarter": "NA"
   }
  },
  {
   "type": "Feature",
   "geometry": {
    "type": "Point",
    "coordinates": [
     115.80846,
     -33.31157
    ]
   },
   "properties": {
    "name": "4 MONEY STREET BUREKUP 6227",
    "locID": "LOC000023729455",
    "tech": "WIRELESS",
    "upgrade": "NULL_NA",
    "gnaf_pid": "GAWA_147234046",
    "ee": true,
    "tech_change_status": "Not Planned",
    "program_type": "Fixed Wireless and Satellite Upgrade Program",
    "target_eligibility_quarter": "NA"
   }
  },
  {
   "type": "Feature",
   "geometry": {
    "type": "Point",
    "coordinates": [
     115.80868,
     -33.31066
    ]
   },
   "properties": {
    "name": "11 RUSSELL ROAD BUREKUP 6227",
    "locID": "LOC000035334012",
    "tech": "WIRELESS",
    "upgrade": "NULL_NA",
    "gnaf_pid": "GAWA_147245180",
    "ee": true,
    "tech_change_status": "Not Planned",
    "program_type": "Fixed Wireless and Satellite Upgrade Program",
    "target_eligibility_quarter": "NA"
   }
  },
  {
   "type": "Feature",
   "geometry": {
    "type": "Point",
    "coordinates": [
     115.81069083,
     -33.31018365
    ]
   },
   "properties": {
    "name": "19 RUSSELL ROAD BUREKUP 6227",
    "locID": "LOC000105390947",
    "tech": "WIRELESS",
    "upgrade": "NULL_NA",
    "gnaf_pid": "GAWA_147246993",
    "ee": true,
    "tech_change_status": "Not Planned",
    "program_type": "Fixed Wireless and Satellite Upgrade Program",
    "target_eligibility_quarter": "NA"
   }
  },
  {
   "type": "Feature",
   "geometry": {
    "type": "Point",
    "coordinates": [
     115.8085,
     -33.31076
    ]
   },
   "properties": {
    "name": "9 RUSSELL ROAD BUREKUP 6227",
    "locID": "LOC000073469783",
    "tech": "WIRELESS",
    "upgrade": "NULL_NA",
    "gnaf_pid": "GAWA_147249818",
    "ee": true,
    "tech_change_status": "Not Planned",
    "program_type": "Fixed Wireless and Satellite Upgrade Program",
    "target_eligibility_quarter": "NA"
   }
  },
  {
   "type": "Feature",
   "geometry": {
    "type": "Point",
    "coordinates": [
     115.80831,
     -33.31183
    ]
   },
   "properties": {
    "name": "6 HUTCHINSON ROAD BUREKUP 6227",
    "locID": "LOC000033854092",
    "tech": "WIRELESS",
    "upgrade": "NULL_NA",
    "gnaf_pid": "GAWA_147249821",
    "ee": true,
    "tech_change_status": "Not Planned",
    "program_type": "Fixed Wireless and Satellite Upgrade Program",
    "target_eligibility_quarter": "NA"
   }
  },
  {
   "type": "Feature",
   "geometry": {
    "type": "Point",
    "coordinates": [
     115.8081,
     -33.31162
    ]
   },
   "properties": {
    "name": "4 HUTCHINSON ROAD BUREKUP 6227",
    "locID": "LOC000105316447",
    "tech": "WIRELESS",
    "upgrade": "NULL_NA",
    "gnaf_pid": "GAWA_147249822",
    "ee": true,
    "tech_change_status": "Not Planned",
    "program_type": "Fixed Wireless and Satellite Upgrade Program",
    "target_eligibility_quarter": "NA"
   }
  },
  {
   "type": "Feature",
   "geometry": {
    "type": "Point",
    "coordinates": [
     115.80763933,
     -33.31130757
    ]
   },
   "properties": {
    "name": "1 RUSSELL ROAD BUREKUP 6227",
    "locID": "LOC000011546840",
    "tech": "WIRELESS",
    "upgrade": "NULL_NA",
    "gnaf_pid": "GAWA_147249824",
    "ee": true,
    "tech_change_status": "Not Planned",
    "program_type": "Fixed Wireless and Satellite Upgrade Program",
    "target_eligibility_quarter": "NA"
   }
  },
  {
   "type": "Feature",
   "geometry": {
    "type": "Point",
    "coordinates": [
     115.80798,
     -33.31108
    ]
   },
   "properties": {
    "name": "3 RUSSELL ROAD BUREKUP 6227",
    "locID": "LOC000104084670",
    "tech": "WIRELESS",
    "upgrade": "NULL_NA",
    "gnaf_pid": "GAWA_147249826",
    "ee": true,
    "tech_change_status": "Not Planned",
    "program_type": "Fixed Wireless and Satellite Upgrade Program",
    "target_eligibility_quarter": "NA"
   }
  },
  {
   "type": "Feature",
   "geometry": {
    "type": "Point",
    "coordinates": [
     115.80886847,
     -33.31225831
    ]
   },
   "properties": {
    "name": "3 MONEY STREET BUREKUP 6227",
    "locID": "LOC000079812245",
    "tech": "WIRELESS",
    "upgrade": "NULL_NA",
    "gnaf_pid": "GAWA_147336248",
    "ee": true,
    "tech_change_status": "Not Planned",
    "program_type": "Fixed Wireless and Satellite Upgrade Program",
    "target_eligibility_quarter": "NA"
   }
  },
  {
   "type": "Feature",
   "geometry": {
    "type": "Point",
    "coordinates": [
     115.80967,
     -33.31048
    ]
   },
   "properties": {
    "name": "1 CLARKE STREET BUREKUP 6227",
    "locID": "LOC000010488363",
    "tech": "WIRELESS",
    "upgrade": "NULL_NA",
    "gnaf_pid": "GAWA_147336970",
    "ee": true,
    "tech_change_status": "Not Planned",
    "program_type": "Fixed Wireless and Satellite Upgrade Program",
    "target_eligibility_quarter": "NA"
   }
  },
  {
   "type": "Feature",
   "geometry": {
    "type": "Point",
    "coordinates": [
     115.80870403,
     -33.3123741
    ]
   },
   "properties": {
    "name": "1 MONEY STREET BUREKUP 6227",
    "locID": "LOC000100219162",
    "tech": "WIRELESS",
    "upgrade": "NULL_NA",
    "gnaf_pid": "GAWA_147339281",
    "ee": true,
    "tech_change_status": "Not Planned",
    "program_type": "Fixed Wireless and Satellite Upgrade Program",
    "target_eligibility_quarter": "NA"
   }
  },
  {
   "type": "Feature",
   "geometry": {
    "type": "Point",
    "coordinates": [
     115.80903407,
     -33.31214177
    ]
   },
   "properties": {
    "name": "5 MONEY STREET BUREKUP 6227",
    "locID": "LOC000043713954",
    "tech": "WIRELESS",
    "upgrade": "NULL_NA",
    "gnaf_pid": "GAWA_147339283",
    "ee": true,
    "tech_change_status": "Not Planned",
    "program_type": "Fixed Wireless and Satellite Upgrade Program",
    "target_eligibility_quarter": "NA"
   }
  },
  {
   "type": "Feature",
   "geometry": {
    "type": "Point",
    "coordinates": [
     115.80936525,
     -33.31190869
    ]
   },
   "properties": {
    "name": "9 MONEY STREET BUREKUP 6227",
    "locID": "LOC000093074272",
    "tech": "WIRELESS",
    "upgrade": "NULL_NA",
    "gnaf_pid": "GAWA_147352409",
    "ee": true,
    "tech_change_status": "Not Planned",
    "program_type": "Fixed Wireless and Satellite Upgrade Program",
    "target_eligibility_quarter": "NA"
   }
  },
  {
   "type": "Feature",
   "geometry": {
    "type": "Point",
    "coordinates": [
     115.81149246,
     -33.31126265
    ]
   },
   "properties": {
    "name": "18 CLARKE STREET BUREKUP 6227",
    "locID": "LOC000053763563",
    "tech": "WIRELESS",
    "upgrade": "NULL_NA",
    "gnaf_pid": "GAWA_147359334",
    "ee": true,
    "tech_change_status": "Not Planned",
    "program_type": "Fixed Wireless and Satellite Upgrade Program",
    "target_eligibility_quarter": "NA"
   }
  },
  {
   "type": "Feature",
   "geometry": {
    "type": "Point",
    "coordinates": [
     115.81538,
     -33.31108
    ]
   },
   "properties": {
    "name": "3 HEDGES PLACE BUREKUP 6227",
    "locID": "LOC000019498032",
    "tech": "WIRELESS",
    "upgrade": "NULL_NA",
    "gnaf_pid": "GAWA_147365180",
    "ee": true,
    "tech_change_status": "Not Planned",
    "program_type": "Fixed Wireless and Satellite Upgrade Program",
    "target_eligibility_quarter": "NA"
   }
  },
  {
   "type": "Feature",
   "geometry": {
    "type": "Point",
    "coordinates": [
     115.81285592,
     -33.31099515
    ]
   },
   "properties": {
    "name": "33 CASTIEAU STREET BUREKUP 6227",
    "locID": "LOC000032774888",
    "tech": "WIRELESS",
    "upgrade": "NULL_NA",
    "gnaf_pid": "GAWA_147367181",
    "ee": true,
    "tech_change_status": "Not Planned",
    "program_type": "Fixed Wireless and Satellite Upgrade Program",
    "target_eligibility_quarter": "NA"
   }
  },
  {
   "type": "Feature",
   "geometry": {
    "type": "Point",
    "coordinates": [
     115.81553,
     -33.31036
    ]
   },
   "properties": {
    "name": "10 GIBSON TERRACE BUREKUP 6227",
    "locID": "LOC000100800001",
    "tech": "WIRELESS",
    "upgrade": "NULL_NA",
    "gnaf_pid": "GAWA_147367511",
    "ee": true,
    "tech_change_status": "Not Planned",
    "program_type": "Fixed Wireless and Satellite Upgrade Program",
    "target_eligibility_quarter": "NA"
   }
  },
  {
   "type": "Feature",
   "geometry": {
    "type": "Point",
    "coordinates": [
     115.81581,
     -33.31059
    ]
   },
   "properties": {
    "name": "9 HEDGES PLACE BUREKUP 6227",
    "locID": "LOC000100203963",
    "tech": "WIRELESS",
    "upgrade": "NULL_NA",
    "gnaf_pid": "GAWA_147367512",
    "ee": true,
    "tech_change_status": "Not Planned",
    "program_type": "Fixed Wireless and Satellite Upgrade Program",
    "target_eligibility_quarter": "NA"
   }
  },
  {
   "type": "Feature",
   "geometry": {
    "type": "Point",
    "coordinates": [
     115.81541,
     -33.31053
    ]
   },
   "properties": {
    "name": "8 GIBSON TERRACE BUREKUP 6227",
    "locID": "LOC000036576552",
    "tech": "WIRELESS",
    "upgrade": "NULL_NA",
    "gnaf_pid": "GAWA_147367513",
    "ee": true,
    "tech_change_status": "Not Planned",
    "program_type": "Fixed Wireless and Satellite Upgrade Program",
    "target_eligibility_quarter": "NA"
   }
  },
  {
   "type": "Feature",
   "geometry": {
    "type": "Point",
    "coordinates": [
     115.81587,
     -33.31188
    ]
   },
   "properties": {
    "name": "1 O'MEARA DRIVE BUREKUP 6227",
    "locID": "LOC000092910064",
    "tech": "WIRELESS",
    "upgrade": "NULL_NA",
    "gnaf_pid": "GAWA_147369430",
    "ee": true,
    "tech_change_status": "Not Planned",
    "program_type": "Fixed Wireless and Satellite Upgrade Program",
    "target_eligibility_quarter": "NA"
   }
  },
  {
   "type": "Feature",
   "geometry": {
    "type": "Point",
    "coordinates": [
     115.81633,
     -33.3108
    ]
   },
   "properties": {
    "name": "12 HEDGES PLACE BUREKUP 6227",
    "locID": "LOC000094771965",
    "tech": "WIRELESS",
    "upgrade": "NULL_NA",
    "gnaf_pid": "GAWA_147369431",
    "ee": true,
    "tech_change_status": "Not Planned",
    "program_type": "Fixed Wireless and Satellite Upgrade Program",
    "target_eligibility_quarter": "NA"
   }
  },
  {
   "type": "Feature",
   "geometry": {
    "type": "Point",
    "coordinates": [
     115.81558,
     -33.3116
    ]
   },
   "properties": {
    "name": "2 HEDGES PLACE BUREKUP 6227",
    "locID": "LOC000012046525",
    "tech": "WIRELESS",
    "upgrade": "NULL_NA",
    "gnaf_pid": "GAWA_147369437",
    "ee": true,
    "tech_change_status": "Not Planned",
    "program_type": "Fixed Wireless and Satellite Upgrade Program",
    "target_eligibility_quarter": "NA"
   }
  },
  {
   "type": "Feature",
   "geometry": {
    "type": "Point",
    "coordinates": [
     115.81593,
     -33.3113
    ]
   },
   "properties": {
    "name": "6 HEDGES PLACE BUREKUP 6227",
    "locID": "LOC000045620321",
    "tech": "WIRELESS",
    "upgrade": "NULL_NA",
    "gnaf_pid": "GAWA_147369438",
    "ee": true,
    "tech_change_status": "Not Planned",
    "program_type": "Fixed Wireless and Satellite Upgrade Program",
    "target_eligibility_quarter": "NA"
   }
  },
  {
   "type": "Feature",
   "geometry": {
    "type": "Point",
    "coordinates": [
     115.81622,
     -33.31098
    ]
   },
   "properties": {
    "name": "10 HEDGES PLACE BUREKUP 6227",
    "locID": "LOC000069413602",
    "tech": "WIRELESS",
    "upgrade": "NULL_NA",
    "gnaf_pid": "GAWA_147369439",
    "ee": true,
    "tech_change_status": "Not Planned",
    "program_type": "Fixed Wireless and Satellite Upgrade Program",
    "target_eligibility_quarter": "NA"
   }
  },
  {
   "type": "Feature",
   "geometry": {
    "type": "Point",
    "coordinates": [
     115.81607,
     -33.31114
    ]
   },
   "properties": {
    "name": "8 HEDGES PLACE BUREKUP 6227",
    "locID": "LOC000072738583",
    "tech": "WIRELESS",
    "upgrade": "NULL_NA",
    "gnaf_pid": "GAWA_147369440",
    "ee": true,
    "tech_change_status": "Not Planned",
    "program_type": "Fixed Wireless and Satellite Upgrade Program",
    "target_eligibility_quarter": "NA"
   }
  },
  {
   "type": "Feature",
   "geometry": {
    "type": "Point",
    "coordinates": [
     115.81576,
     -33.31145
    ]
   },
   "properties": {
    "name": "4 HEDGES PLACE BUREKUP 6227",
    "locID": "LOC000055281185",
    "tech": "WIRELESS",
    "upgrade": "NULL_NA",
    "gnaf_pid": "GAWA_147369441",
    "ee": true,
    "tech_change_status": "Not Planned",
    "program_type": "Fixed Wireless and Satellite Upgrade Program",
    "target_eligibility_quarter": "NA"
   }
  },
  {
   "type": "Feature",
   "geometry": {
    "type": "Point",
    "coordinates": [
     115.8165,
     -33.31132
    ]
   },
   "properties": {
    "name": "7 O'MEARA DRIVE BUREKUP 6227",
    "locID": "LOC000036990980",
    "tech": "WIRELESS",
    "upgrade": "NULL_NA",
    "gnaf_pid": "GAWA_147369442",
    "ee": true,
    "tech_change_status": "Not Planned",
    "program_type": "Fixed Wireless and Satellite Upgrade Program",
    "target_eligibility_quarter": "NA"
   }
  },
  {
   "type": "Feature",
   "geometry": {
    "type": "Point",
    "coordinates": [
     115.8161,
     -33.31172
    ]
   },
   "properties": {
    "name": "3 O'MEARA DRIVE BUREKUP 6227",
    "locID": "LOC000046306498",
    "tech": "WIRELESS",
    "upgrade": "NULL_NA",
    "gnaf_pid": "GAWA_147369443",
    "ee": true,
    "tech_change_status": "Not Planned",
    "program_type": "Fixed Wireless and Satellite Upgrade Program",
    "target_eligibility_quarter": "NA"
   }
  },
  {
   "type": "Feature",
   "geometry": {
    "type": "Point",
    "coordinates": [
     115.8163,
     -33.31152
    ]
   },
   "properties": {
    "name": "5 O'MEARA DRIVE BUREKUP 6227",
    "locID": "LOC000019075147",
    "tech": "WIRELESS",
    "upgrade": "NULL_NA",
    "gnaf_pid": "GAWA_147369444",
    "ee": true,
    "tech_change_status": "Not Planned",
    "program_type": "Fixed Wireless and Satellite Upgrade Program",
    "target_eligibility_quarter": "NA"
   }
  },
  {
   "type": "Feature",
   "geometry": {
    "type": "Point",
    "coordinates": [
     115.81527,
     -33.31069
    ]
   },
   "properties": {
    "name": "6 GIBSON TERRACE BUREKUP 6227",
    "locID": "LOC000002076020",
    "tech": "WIRELESS",
    "upgrade": "NULL_NA",
    "gnaf_pid": "GAWA_147369446",
    "ee": true,
    "tech_change_status": "Not Planned",
    "program_type": "Fixed Wireless and Satellite Upgrade Program",
    "target_eligibility_quarter": "NA"
   }
  },
  {
   "type": "Feature",
   "geometry": {
    "type": "Point",
    "coordinates": [
     115.81511,
     -33.31084
    ]
   },
   "properties": {
    "name": "4 GIBSON TERRACE BUREKUP 6227",
    "locID": "LOC000010683575",
    "tech": "WIRELESS",
    "upgrade": "NULL_NA",
    "gnaf_pid": "GAWA_147369447",
    "ee": true,
    "tech_change_status": "Not Planned",
    "program_type": "Fixed Wireless and Satellite Upgrade Program",
    "target_eligibility_quarter": "NA"
   }
  },
  {
   "type": "Feature",
   "geometry": {
    "type": "Point",
    "coordinates": [
     115.81703815,
     -33.31194557
    ]
   },
   "properties": {
    "name": "8 O'MEARA DRIVE BUREKUP 6227",
    "locID": "LOC000065252588",
    "tech": "WIRELESS",
    "upgrade": "NULL_NA",
    "gnaf_pid": "GAWA_147370348",
    "ee": true,
    "tech_change_status": "Not Planned",
    "program_type": "Fixed Wireless and Satellite Upgrade Program",
    "target_eligibility_quarter": "NA"
   }
  },
  {
   "type": "Feature",
   "geometry": {
    "type": "Point",
    "coordinates": [
     115.81447,
     -33.30924
    ]
   },
   "properties": {
    "name": "37 RUSSELL ROAD BUREKUP 6227",
    "locID": "LOC000076741854",
    "tech": "WIRELESS",
    "upgrade": "NULL_NA",
    "gnaf_pid": "GAWA_147371902",
    "ee": true,
    "tech_change_status": "Not Planned",
    "program_type": "Fixed Wireless and Satellite Upgrade Program",
    "target_eligibility_quarter": "NA"
   }
  },
  {
   "type": "Feature",
   "geometry": {
    "type": "Point",
    "coordinates": [
     115.81128,
     -33.31104
    ]
   },
   "properties": {
    "name": "14 CLARKE STREET BUREKUP 6227",
    "locID": "LOC000042432472",
    "tech": "WIRELESS",
    "upgrade": "NULL_NA",
    "gnaf_pid": "GAWA_147374100",
    "ee": true,
    "tech_change_status": "Not Planned",
    "program_type": "Fixed Wireless and Satellite Upgrade Program",
    "target_eligibility_quarter": "NA"
   }
  },
  {
   "type": "Feature",
   "geometry": {
    "type": "Point",
    "coordinates": [
     115.81495,
     -33.31099
    ]
   },
   "properties": {
    "name": "2 GIBSON TERRACE BUREKUP 6227",
    "locID": "LOC000081170620",
    "tech": "WIRELESS",
    "upgrade": "NULL_NA",
    "gnaf_pid": "GAWA_147383847",
    "ee": true,
    "tech_change_status": "Not Planned",
    "program_type": "Fixed Wireless and Satellite Upgrade Program",
    "target_eligibility_quarter": "NA"
   }
  },
  {
   "type": "Feature",
   "geometry": {
    "type": "Point",
    "coordinates": [
     115.8180558,
     -33.31046133
    ]
   },
   "properties": {
    "name": "16 O'MEARA DRIVE BUREKUP 6227",
    "locID": "LOC000101814788",
    "tech": "WIRELESS",
    "upgrade": "NULL_NA",
    "gnaf_pid": "GAWA_147385464",
    "ee": true,
    "tech_change_status": "Not Planned",
    "program_type": "Fixed Wireless and Satellite Upgrade Program",
    "target_eligibility_quarter": "NA"
   }
  },
  {
   "type": "Feature",
   "geometry": {
    "type": "Point",
    "coordinates": [
     115.816288,
     -33.312489
    ]
   },
   "properties": {
    "name": "2 O'MEARA DRIVE BUREKUP 6227",
    "locID": "LOC000092952859",
    "tech": "WIRELESS",
    "upgrade": "NULL_NA",
    "gnaf_pid": "GAWA_147388490",
    "ee": true,
    "tech_change_status": "Not Planned",
    "program_type": "Fixed Wireless and Satellite Upgrade Program",
    "target_eligibility_quarter": "NA"
   }
  },
  {
   "type": "Feature",
   "geometry": {
    "type": "Point",
    "coordinates": [
     115.81681886,
     -33.31211874
    ]
   },
   "properties": {
    "name": "6 O'MEARA DRIVE BUREKUP 6227",
    "locID": "LOC000070934595",
    "tech": "WIRELESS",
    "upgrade": "NULL_NA",
    "gnaf_pid": "GAWA_147388491",
    "ee": true,
    "tech_change_status": "Not Planned",
    "program_type": "Fixed Wireless and Satellite Upgrade Program",
    "target_eligibility_quarter": "NA"
   }
  },
  {
   "type": "Feature",
   "geometry": {
    "type": "Point",
    "coordinates": [
     115.81052575,
     -33.31040132
    ]
   },
   "properties": {
    "name": "4 CLARKE STREET BUREKUP 6227",
    "locID": "LOC000054028858",
    "tech": "WIRELESS",
    "upgrade": "NULL_NA",
    "gnaf_pid": "GAWA_147539000",
    "ee": true,
    "tech_change_status": "Not Planned",
    "program_type": "Fixed Wireless and Satellite Upgrade Program",
    "target_eligibility_quarter": "NA"
   }
  },
  {
   "type": "Feature",
   "geometry": {
    "type": "Point",
    "coordinates": [
     115.81583,
     -33.30894
    ]
   },
   "properties": {
    "name": "10 SHENTON ROAD BUREKUP 6227",
    "locID": "LOC000102166308",
    "tech": "WIRELESS",
    "upgrade": "NULL_NA",
    "gnaf_pid": "GAWA_147559908",
    "ee": true,
    "tech_change_status": "Not Planned",
    "program_type": "Fixed Wireless and Satellite Upgrade Program",
    "target_eligibility_quarter": "NA"
   }
  },
  {
   "type": "Feature",
   "geometry": {
    "type": "Point",
    "coordinates": [
     115.81047,
     -33.31024
    ]
   },
   "properties": {
    "name": "19A RUSSELL ROAD BUREKUP 6227",
    "locID": "LOC000105390947",
    "tech": "WIRELESS",
    "upgrade": "NULL_NA",
    "gnaf_pid": "GAWA_147560842",
    "ee": true,
    "tech_change_status": "Not Planned",
    "program_type": "Fixed Wireless and Satellite Upgrade Program",
    "target_eligibility_quarter": "NA"
   }
  },
  {
   "type": "Feature",
   "geometry": {
    "type": "Point",
    "coordinates": [
     115.81069083,
     -33.31018365
    ]
   },
   "properties": {
    "name": "19B RUSSELL ROAD BUREKUP 6227",
    "locID": "LOC000105215052",
    "tech": "WIRELESS",
    "upgrade": "NULL_NA",
    "gnaf_pid": "GAWA_149027766",
    "ee": true,
    "tech_change_status": "Not Planned",
    "program_type": "Fixed Wireless and Satellite Upgrade Program",
    "target_eligibility_quarter": "NA"
   }
  },
  {
   "type": "Feature",
   "geometry": {
    "type": "Point",
    "coordinates": [
     115.8192661,
     -33.31335339
    ]
   },
   "properties": {
    "name": "14 KINGIA CLOSE BUREKUP 6227",
    "locID": "LOC000013793454",
    "tech": "WIRELESS",
    "upgrade": "NULL_NA",
    "gnaf_pid": "GAWA_160640417",
    "ee": true,
    "tech_change_status": "Not Planned",
    "program_type": "Fixed Wireless and Satellite Upgrade Program",
    "target_eligibility_quarter": "NA"
   }
  },
  {
   "type": "Feature",
   "geometry": {
    "type": "Point",
    "coordinates": [
     115.81358,
     -33.31052
    ]
   },
   "properties": {
    "name": "39 CASTIEAU STREET BUREKUP 6227",
    "locID": "LOC000019450248",
    "tech": "WIRELESS",
    "upgrade": "NULL_NA",
    "gnaf_pid": "GAWA_160794091",
    "ee": true,
    "tech_change_status": "Not Planned",
    "program_type": "Fixed Wireless and Satellite Upgrade Program",
    "target_eligibility_quarter": "NA"
   }
  },
  {
   "type": "Feature",
   "geometry": {
    "type": "Point",
    "coordinates": [
     115.83371103,
     -33.31812533
    ]
   },
   "properties": {
    "name": "18 COLLIE RIVER ROAD BUREKUP 6227",
    "locID": "LOC000038648910",
    "tech": "WIRELESS",
    "upgrade": "NULL_NA",
    "gnaf_pid": "GAWA_160794678",
    "ee": true,
    "tech_change_status": "Not Planned",
    "program_type": "Fixed Wireless and Satellite Upgrade Program",
    "target_eligibility_quarter": "NA"
   }
  },
  {
   "type": "Feature",
   "geometry": {
    "type": "Point",
    "coordinates": [
     115.82136237,
     -33.3130997
    ]
   },
   "properties": {
    "name": "10 CRAMPTON ROAD BUREKUP 6227",
    "locID": "LOC000132783734",
    "tech": "WIRELESS",
    "upgrade": "NULL_NA",
    "gnaf_pid": "GAWA_160795017",
    "ee": true,
    "tech_change_status": "Not Planned",
    "program_type": "Fixed Wireless and Satellite Upgrade Program",
    "target_eligibility_quarter": "NA"
   }
  },
  {
   "type": "Feature",
   "geometry": {
    "type": "Point",
    "coordinates": [
     115.81960134,
     -33.31465729
    ]
   },
   "properties": {
    "name": "24 CRAMPTON ROAD BUREKUP 6227",
    "locID": "LOC000059455900",
    "tech": "WIRELESS",
    "upgrade": "NULL_NA",
    "gnaf_pid": "GAWA_160795018",
    "ee": true,
    "tech_change_status": "Not Planned",
    "program_type": "Fixed Wireless and Satellite Upgrade Program",
    "target_eligibility_quarter": "NA"
   }
  },
  {
   "type": "Feature",
   "geometry": {
    "type": "Point",
    "coordinates": [
     115.82183,
     -33.31331
    ]
   },
   "properties": {
    "name": "2 CRAMPTON ROAD BUREKUP 6227",
    "locID": "LOC000059945140",
    "tech": "WIRELESS",
    "upgrade": "NULL_NA",
    "gnaf_pid": "GAWA_160795019",
    "ee": true,
    "tech_change_status": "Not Planned",
    "program_type": "Fixed Wireless and Satellite Upgrade Program",
    "target_eligibility_quarter": "NA"
   }
  },
  {
   "type": "Feature",
   "geometry": {
    "type": "Point",
    "coordinates": [
     115.81906034,
     -33.31520788
    ]
   },
   "properties": {
    "name": "32 CRAMPTON ROAD BUREKUP 6227",
    "locID": "LOC000058216463",
    "tech": "WIRELESS",
    "upgrade": "NULL_NA",
    "gnaf_pid": "GAWA_160795020",
    "ee": true,
    "tech_change_status": "Not Planned",
    "program_type": "Fixed Wireless and Satellite Upgrade Program",
    "target_eligibility_quarter": "NA"
   }
  },
  {
   "type": "Feature",
   "geometry": {
    "type": "Point",
    "coordinates": [
     115.81002,
     -33.31354
    ]
   },
   "properties": {
    "name": "16 HUTCHINSON ROAD BUREKUP 6227",
    "locID": "LOC000021440688",
    "tech": "WIRELESS",
    "upgrade": "NULL_NA",
    "gnaf_pid": "GAWA_160798355",
    "ee": true,
    "tech_change_status": "Not Planned",
    "program_type": "Fixed Wireless and Satellite Upgrade Program",
    "target_eligibility_quarter": "NA"
   }
  },
  {
   "type": "Feature",
   "geometry": {
    "type": "Point",
    "coordinates": [
     115.81034,
     -33.31386
    ]
   },
   "properties": {
    "name": "20 HUTCHINSON ROAD BUREKUP 6227",
    "locID": "LOC000005467486",
    "tech": "WIRELESS",
    "upgrade": "NULL_NA",
    "gnaf_pid": "GAWA_160798356",
    "ee": true,
    "tech_change_status": "Not Planned",
    "program_type": "Fixed Wireless and Satellite Upgrade Program",
    "target_eligibility_quarter": "NA"
   }
  },
  {
   "type": "Feature",
   "geometry": {
    "type": "Point",
    "coordinates": [
     115.81978607,
     -33.31319304
    ]
   },
   "properties": {
    "name": "10 KINGIA CLOSE BUREKUP 6227",
    "locID": "LOC000029619302",
    "tech": "WIRELESS",
    "upgrade": "NULL_NA",
    "gnaf_pid": "GAWA_160799047",
    "ee": true,
    "tech_change_status": "Not Planned",
    "program_type": "Fixed Wireless and Satellite Upgrade Program",
    "target_eligibility_quarter": "NA"
   }
  },
  {
   "type": "Feature",
   "geometry": {
    "type": "Point",
    "coordinates": [
     115.81916562,
     -33.31416461
    ]
   },
   "properties": {
    "name": "13 KINGIA CLOSE BUREKUP 6227",
    "locID": "LOC000116426705",
    "tech": "WIRELESS",
    "upgrade": "NULL_NA",
    "gnaf_pid": "GAWA_160799048",
    "ee": true,
    "tech_change_status": "Not Planned",
    "program_type": "Fixed Wireless and Satellite Upgrade Program",
    "target_eligibility_quarter": "NA"
   }
  },
  {
   "type": "Feature",
   "geometry": {
    "type": "Point",
    "coordinates": [
     115.81870611,
     -33.31358107
    ]
   },
   "properties": {
    "name": "18 KINGIA CLOSE BUREKUP 6227",
    "locID": "LOC000132783866",
    "tech": "WIRELESS",
    "upgrade": "NULL_NA",
    "gnaf_pid": "GAWA_160799049",
    "ee": true,
    "tech_change_status": "Not Planned",
    "program_type": "Fixed Wireless and Satellite Upgrade Program",
    "target_eligibility_quarter": "NA"
   }
  },
  {
   "type": "Feature",
   "geometry": {
    "type": "Point",
    "coordinates": [
     115.82105006,
     -33.31378253
    ]
   },
   "properties": {
    "name": "2 KINGIA CLOSE BUREKUP 6227",
    "locID": "LOC000073901108",
    "tech": "WIRELESS",
    "upgrade": "NULL_NA",
    "gnaf_pid": "GAWA_160799051",
    "ee": true,
    "tech_change_status": "Not Planned",
    "program_type": "Fixed Wireless and Satellite Upgrade Program",
    "target_eligibility_quarter": "NA"
   }
  },
  {
   "type": "Feature",
   "geometry": {
    "type": "Point",
    "coordinates": [
     115.81990806,
     -33.31405199
    ]
   },
   "properties": {
    "name": "5 KINGIA CLOSE BUREKUP 6227",
    "locID": "LOC000007450816",
    "tech": "WIRELESS",
    "upgrade": "NULL_NA",
    "gnaf_pid": "GAWA_160799052",
    "ee": true,
    "tech_change_status": "Not Planned",
    "program_type": "Fixed Wireless and Satellite Upgrade Program",
    "target_eligibility_quarter": "NA"
   }
  },
  {
   "type": "Feature",
   "geometry": {
    "type": "Point",
    "coordinates": [
     115.82074007,
     -33.31329137
    ]
   },
   "properties": {
    "name": "6 KINGIA CLOSE BUREKUP 6227",
    "locID": "LOC000061313350",
    "tech": "WIRELESS",
    "upgrade": "NULL_NA",
    "gnaf_pid": "GAWA_160799053",
    "ee": true,
    "tech_change_status": "Not Planned",
    "program_type": "Fixed Wireless and Satellite Upgrade Program",
    "target_eligibility_quarter": "NA"
   }
  },
  {
   "type": "Feature",
   "geometry": {
    "type": "Point",
    "coordinates": [
     115.81003,
     -33.31141
    ]
   },
   "properties": {
    "name": "15 MONEY STREET BUREKUP 6227",
    "locID": "LOC000100066032",
    "tech": "WIRELESS",
    "upgrade": "NULL_NA",
    "gnaf_pid": "GAWA_160800850",
    "ee": true,
    "tech_change_status": "Not Planned",
    "program_type": "Fixed Wireless and Satellite Upgrade Program",
    "target_eligibility_quarter": "NA"
   }
  },
  {
   "type": "Feature",
   "geometry": {
    "type": "Point",
    "coordinates": [
     115.80832,
     -33.31087
    ]
   },
   "properties": {
    "name": "7 RUSSELL ROAD BUREKUP 6227",
    "locID": "LOC000039022158",
    "tech": "WIRELESS",
    "upgrade": "NULL_NA",
    "gnaf_pid": "GAWA_160803203",
    "ee": true,
    "tech_change_status": "Not Planned",
    "program_type": "Fixed Wireless and Satellite Upgrade Program",
    "target_eligibility_quarter": "NA"
   }
  },
  {
   "type": "Feature",
   "geometry": {
    "type": "Point",
    "coordinates": [
     115.81989,
     -33.30806
    ]
   },
   "properties": {
    "name": "33 SHENTON ROAD BUREKUP 6227",
    "locID": "LOC000080814712",
    "tech": "WIRELESS",
    "upgrade": "NULL_NA",
    "gnaf_pid": "GAWA_160803772",
    "ee": true,
    "tech_change_status": "Not Planned",
    "program_type": "Fixed Wireless and Satellite Upgrade Program",
    "target_eligibility_quarter": "NA"
   }
  },
  {
   "type": "Feature",
   "geometry": {
    "type": "Point",
    "coordinates": [
     115.81460619,
     -33.31373167
    ]
   },
   "properties": {
    "name": "52 CLARKE STREET BUREKUP 6227",
    "locID": "LOC000004523994",
    "tech": "WIRELESS",
    "upgrade": "NULL_NA",
    "gnaf_pid": "GAWA_161420703",
    "ee": true,
    "tech_change_status": "Not Planned",
    "program_type": "Fixed Wireless and Satellite Upgrade Program",
    "target_eligibility_quarter": "NA"
   }
  },
  {
   "type": "Feature",
   "geometry": {
    "type": "Point",
    "coordinates": [
     115.8153,
     -33.31362
    ]
   },
   "properties": {
    "name": "56 CLARKE STREET BUREKUP 6227",
    "locID": "LOC000070693486",
    "tech": "WIRELESS",
    "upgrade": "NULL_NA",
    "gnaf_pid": "GAWA_161420704",
    "ee": true,
    "tech_change_status": "Not Planned",
    "program_type": "Fixed Wireless and Satellite Upgrade Program",
    "target_eligibility_quarter": "NA"
   }
  },
  {
   "type": "Feature",
   "geometry": {
    "type": "Point",
    "coordinates": [
     115.81637,
     -33.31469
    ]
   },
   "properties": {
    "name": "68 CLARKE STREET BUREKUP 6227",
    "locID": "LOC000003725123",
    "tech": "WIRELESS",
    "upgrade": "NULL_NA",
    "gnaf_pid": "GAWA_161420705",
    "ee": true,
    "tech_change_status": "Not Planned",
    "program_type": "Fixed Wireless and Satellite Upgrade Program",
    "target_eligibility_quarter": "NA"
   }
  },
  {
   "type": "Feature",
   "geometry": {
    "type": "Point",
    "coordinates": [
     115.84580973,
     -33.32310101
    ]
   },
   "properties": {
    "name": "176 COLLIE RIVER ROAD BUREKUP 6227",
    "locID": "LOC000084419067",
    "tech": "WIRELESS",
    "upgrade": "NULL_NA",
    "gnaf_pid": "GAWA_161420813",
    "ee": true,
    "tech_change_status": "Not Planned",
    "program_type": "Fixed Wireless and Satellite Upgrade Program",
    "target_eligibility_quarter": "NA"
   }
  },
  {
   "type": "Feature",
   "geometry": {
    "type": "Point",
    "coordinates": [
     115.85993,
     -33.3211
    ]
   },
   "properties": {
    "name": "321 COLLIE RIVER ROAD BUREKUP 6227",
    "locID": "LOC000046349423",
    "tech": "WIRELESS",
    "upgrade": "NULL_NA",
    "gnaf_pid": "GAWA_161420814",
    "ee": true,
    "tech_change_status": "Not Planned",
    "program_type": "Fixed Wireless and Satellite Upgrade Program",
    "target_eligibility_quarter": "NA"
   }
  },
  {
   "type": "Feature",
   "geometry": {
    "type": "Point",
    "coordinates": [
     115.86510009,
     -33.32199639
    ]
   },
   "properties": {
    "name": "375 COLLIE RIVER ROAD BUREKUP 6227",
    "locID": "LOC000054496513",
    "tech": "WIRELESS",
    "upgrade": "NULL_NA",
    "gnaf_pid": "GAWA_161420815",
    "ee": true,
    "tech_change_status": "Not Planned",
    "program_type": "Fixed Wireless and Satellite Upgrade Program",
    "target_eligibility_quarter": "NA"
   }
  },
  {
   "type": "Feature",
   "geometry": {
    "type": "Point",
    "coordinates": [
     115.87282458,
     -33.32822699
    ]
   },
   "properties": {
    "name": "420 COLLIE RIVER ROAD BUREKUP 6227",
    "locID": "LOC000024816173",
    "tech": "WIRELESS",
    "upgrade": "NULL_NA",
    "gnaf_pid": "GAWA_161420816",
    "ee": true,
    "tech_change_status": "Not Planned",
    "program_type": "Fixed Wireless and Satellite Upgrade Program",
    "target_eligibility_quarter": "NA"
   }
  },
  {
   "type": "Feature",
   "geometry": {
    "type": "Point",
    "coordinates": [
     115.87673,
     -33.32258
    ]
   },
   "properties": {
    "name": "493 COLLIE RIVER ROAD BUREKUP 6227",
    "locID": "LOC000091699494",
    "tech": "WIRELESS",
    "upgrade": "NULL_NA",
    "gnaf_pid": "GAWA_161420817",
    "ee": true,
    "tech_change_status": "Not Planned",
    "program_type": "Fixed Wireless and Satellite Upgrade Program",
    "target_eligibility_quarter": "NA"
   }
  },
  {
   "type": "Feature",
   "geometry": {
    "type": "Point",
    "coordinates": [
     115.87743,
     -33.32784
    ]
   },
   "properties": {
    "name": "494 COLLIE RIVER ROAD BUREKUP 6227",
    "locID": "LOC000035111793",
    "tech": "WIRELESS",
    "upgrade": "NULL_NA",
    "gnaf_pid": "GAWA_161420818",
    "ee": true,
    "tech_change_status": "Not Planned",
    "program_type": "Fixed Wireless and Satellite Upgrade Program",
    "target_eligibility_quarter": "NA"
   }
  },
  {
   "type": "Feature",
   "geometry": {
    "type": "Point",
    "coordinates": [
     115.87869,
     -33.32218
    ]
   },
   "properties": {
    "name": "499 COLLIE RIVER ROAD BUREKUP 6227",
    "locID": "LOC000087540591",
    "tech": "WIRELESS",
    "upgrade": "NULL_NA",
    "gnaf_pid": "GAWA_161420819",
    "ee": true,
    "tech_change_status": "Not Planned",
    "program_type": "Fixed Wireless and Satellite Upgrade Program",
    "target_eligibility_quarter": "NA"
   }
  },
  {
   "type": "Feature",
   "geometry": {
    "type": "Point",
    "coordinates": [
     115.88115,
     -33.32279
    ]
   },
   "properties": {
    "name": "525 COLLIE RIVER ROAD BUREKUP 6227",
    "locID": "LOC000033541782",
    "tech": "SATELLITE",
    "upgrade": "WIRELESS",
    "gnaf_pid": "GAWA_161420820",
    "ee": true,
    "tech_change_status": "Eligible to Order",
    "program_type": "Fixed Wireless and Satellite Upgrade Program",
    "target_eligibility_quarter": "NA"
   }
  },
  {
   "type": "Feature",
   "geometry": {
    "type": "Point",
    "coordinates": [
     115.88468,
     -33.32624
    ]
   },
   "properties": {
    "name": "580 COLLIE RIVER ROAD BUREKUP 6227",
    "locID": "LOC000077618939",
    "tech": "SATELLITE",
    "upgrade": "NULL_NA",
    "gnaf_pid": "GAWA_161420821",
    "ee": true,
    "tech_change_status": "Not Planned"
   }
  },
  {
   "type": "Feature",
   "geometry": {
    "type": "Point",
    "coordinates": [
     115.88828,
     -33.32756
    ]
   },
   "properties": {
    "name": "616 COLLIE RIVER ROAD BUREKUP 6227",
    "locID": "LOC000077109532",
    "tech": "NULL",
    "upgrade": "NULL_NA",
    "gnaf_pid": "GAWA_161420822",
    "ee": true,
    "tech_change_status": "Not Planned"
   }
  },
  {
   "type": "Feature",
   "geometry": {
    "type": "Point",
    "coordinates": [
     115.89061,
     -33.3284
    ]
   },
   "properties": {
    "name": "640 COLLIE RIVER ROAD BUREKUP 6227",
    "locID": "LOC000083185675",
    "tech": "NULL",
    "upgrade": "NULL_NA",
    "gnaf_pid": "GAWA_161420823",
    "ee": true,
    "tech_change_status": "Not Planned"
   }
  },
  {
   "type": "Feature",
   "geometry": {
    "type": "Point",
    "coordinates": [
     115.8853,
     -33.32985
    ]
   },
   "properties": {
    "name": "662 COLLIE RIVER ROAD BUREKUP 6227",
    "locID": "LOC000044575581",
    "tech": "NULL",
    "upgrade": "NULL_NA",
    "gnaf_pid": "GAWA_161420824",
    "ee": true,
    "tech_change_status": "Not Planned"
   }
  },
  {
   "type": "Feature",
   "geometry": {
    "type": "Point",
    "coordinates": [
     115.88894,
     -33.33718
    ]
   },
   "properties": {
    "name": "664 COLLIE RIVER ROAD BUREKUP 6227",
    "locID": "LOC000013697298",
    "tech": "NULL",
    "upgrade": "NULL_NA",
    "gnaf_pid": "GAWA_161420825",
    "ee": true,
    "tech_change_status": "Not Planned"
   }
  },
  {
   "type": "Feature",
   "geometry": {
    "type": "Point",
    "coordinates": [
     115.89155,
     -33.33636
    ]
   },
   "properties": {
    "name": "666 COLLIE RIVER ROAD BUREKUP 6227",
    "locID": "LOC000077692761",
    "tech": "NULL",
    "upgrade": "NULL_NA",
    "gnaf_pid": "GAWA_161420826",
    "ee": true,
    "tech_change_status": "Not Planned"
   }
  },
  {
   "type": "Feature",
   "geometry": {
    "type": "Point",
    "coordinates": [
     115.89516143,
     -33.32466361
    ]
   },
   "properties": {
    "name": "691 COLLIE RIVER ROAD BUREKUP 6227",
    "locID": "LOC000050250288",
    "tech": "NULL",
    "upgrade": "NULL_NA",
    "gnaf_pid": "GAWA_161420827",
    "ee": true,
    "tech_change_status": "Not Planned"
   }
  },
  {
   "type": "Feature",
   "geometry": {
    "type": "Point",
    "coordinates": [
     115.89392,
     -33.34136
    ]
   },
   "properties": {
    "name": "712 COLLIE RIVER ROAD BUREKUP 6227",
    "locID": "LOC000106302817",
    "tech": "SATELLITE",
    "upgrade": "NULL_NA",
    "gnaf_pid": "GAWA_161420828",
    "ee": true,
    "tech_change_status": "Not Planned"
   }
  },
  {
   "type": "Feature",
   "geometry": {
    "type": "Point",
    "coordinates": [
     115.81692,
     -33.32047
    ]
   },
   "properties": {
    "name": "117 CRAMPTON ROAD BUREKUP 6227",
    "locID": "LOC000020425790",
    "tech": "WIRELESS",
    "upgrade": "NULL_NA",
    "gnaf_pid": "GAWA_161420898",
    "ee": true,
    "tech_change_status": "Not Planned",
    "program_type": "Fixed Wireless and Satellite Upgrade Program",
    "target_eligibility_quarter": "NA"
   }
  },
  {
   "type": "Feature",
   "geometry": {
    "type": "Point",
    "coordinates": [
     115.81147,
     -33.31948
    ]
   },
   "properties": {
    "name": "118 CRAMPTON ROAD BUREKUP 6227",
    "locID": "LOC000107593417",
    "tech": "WIRELESS",
    "upgrade": "NULL_NA",
    "gnaf_pid": "GAWA_161420899",
    "ee": true,
    "tech_change_status": "Not Planned",
    "program_type": "Fixed Wireless and Satellite Upgrade Program",
    "target_eligibility_quarter": "NA"
   }
  },
  {
   "type": "Feature",
   "geometry": {
    "type": "Point",
    "coordinates": [
     115.8221,
     -33.31747
    ]
   },
   "properties": {
    "name": "11 CRAMPTON ROAD BUREKUP 6227",
    "locID": "LOC000097748047",
    "tech": "WIRELESS",
    "upgrade": "NULL_NA",
    "gnaf_pid": "GAWA_161420900",
    "ee": true,
    "tech_change_status": "Not Planned",
    "program_type": "Fixed Wireless and Satellite Upgrade Program",
    "target_eligibility_quarter": "NA"
   }
  },
  {
   "type": "Feature",
   "geometry": {
    "type": "Point",
    "coordinates": [
     115.79627,
     -33.35048
    ]
   },
   "properties": {
    "name": "72 EDWARDS ROAD BUREKUP 6227",
    "locID": "LOC000032732117",
    "tech": "WIRELESS",
    "upgrade": "NULL_NA",
    "gnaf_pid": "GAWA_161421280",
    "ee": true,
    "tech_change_status": "Not Planned",
    "program_type": "Fixed Wireless and Satellite Upgrade Program",
    "target_eligibility_quarter": "NA"
   }
  },
  {
   "type": "Feature",
   "geometry": {
    "type": "Point",
    "coordinates": [
     115.8154,
     -33.32399
    ]
   },
   "properties": {
    "name": "151 HENTY ROAD BUREKUP 6227",
    "locID": "LOC000064078316",
    "tech": "WIRELESS",
    "upgrade": "NULL_NA",
    "gnaf_pid": "GAWA_161421736",
    "ee": true,
    "tech_change_status": "Not Planned",
    "program_type": "Fixed Wireless and Satellite Upgrade Program",
    "target_eligibility_quarter": "NA"
   }
  },
  {
   "type": "Feature",
   "geometry": {
    "type": "Point",
    "coordinates": [
     115.81853,
     -33.3278
    ]
   },
   "properties": {
    "name": "175 HENTY ROAD BUREKUP 6227",
    "locID": "LOC000080688216",
    "tech": "WIRELESS",
    "upgrade": "NULL_NA",
    "gnaf_pid": "GAWA_161421738",
    "ee": true,
    "tech_change_status": "Not Planned",
    "program_type": "Fixed Wireless and Satellite Upgrade Program",
    "target_eligibility_quarter": "NA"
   }
  },
  {
   "type": "Feature",
   "geometry": {
    "type": "Point",
    "coordinates": [
     115.82402,
     -33.33208
    ]
   },
   "properties": {
    "name": "257 HENTY ROAD BUREKUP 6227",
    "locID": "LOC000032154447",
    "tech": "WIRELESS",
    "upgrade": "NULL_NA",
    "gnaf_pid": "GAWA_161421739",
    "ee": true,
    "tech_change_status": "Not Planned",
    "program_type": "Fixed Wireless and Satellite Upgrade Program",
    "target_eligibility_quarter": "NA"
   }
  },
  {
   "type": "Feature",
   "geometry": {
    "type": "Point",
    "coordinates": [
     115.82086,
     -33.3348
    ]
   },
   "properties": {
    "name": "281 HENTY ROAD BUREKUP 6227",
    "locID": "LOC000047806743",
    "tech": "WIRELESS",
    "upgrade": "NULL_NA",
    "gnaf_pid": "GAWA_161421740",
    "ee": true,
    "tech_change_status": "Not Planned",
    "program_type": "Fixed Wireless and Satellite Upgrade Program",
    "target_eligibility_quarter": "NA"
   }
  },
  {
   "type": "Feature",
   "geometry": {
    "type": "Point",
    "coordinates": [
     115.80117,
     -33.32013
    ]
   },
   "properties": {
    "name": "30 HENTY ROAD BUREKUP 6227",
    "locID": "LOC000046445693",
    "tech": "WIRELESS",
    "upgrade": "NULL_NA",
    "gnaf_pid": "GAWA_161421741",
    "ee": true,
    "tech_change_status": "Not Planned",
    "program_type": "Fixed Wireless and Satellite Upgrade Program",
    "target_eligibility_quarter": "NA"
   }
  },
  {
   "type": "Feature",
   "geometry": {
    "type": "Point",
    "coordinates": [
     115.82442,
     -33.3437
    ]
   },
   "properties": {
    "name": "402 HENTY ROAD BUREKUP 6227",
    "locID": "LOC000101862253",
    "tech": "WIRELESS",
    "upgrade": "NULL_NA",
    "gnaf_pid": "GAWA_161421742",
    "ee": true,
    "tech_change_status": "Not Planned",
    "program_type": "Fixed Wireless and Satellite Upgrade Program",
    "target_eligibility_quarter": "NA"
   }
  },
  {
   "type": "Feature",
   "geometry": {
    "type": "Point",
    "coordinates": [
     115.82339,
     -33.34677
    ]
   },
   "properties": {
    "name": "432 HENTY ROAD BUREKUP 6227",
    "locID": "LOC000079775847",
    "tech": "WIRELESS",
    "upgrade": "NULL_NA",
    "gnaf_pid": "GAWA_161421743",
    "ee": true,
    "tech_change_status": "Not Planned",
    "program_type": "Fixed Wireless and Satellite Upgrade Program",
    "target_eligibility_quarter": "NA"
   }
  },
  {
   "type": "Feature",
   "geometry": {
    "type": "Point",
    "coordinates": [
     115.83034169,
     -33.34705345
    ]
   },
   "properties": {
    "name": "499 HENTY ROAD BUREKUP 6227",
    "locID": "LOC000040027140",
    "tech": "WIRELESS",
    "upgrade": "NULL_NA",
    "gnaf_pid": "GAWA_161421744",
    "ee": true,
    "tech_change_status": "Not Planned",
    "program_type": "Fixed Wireless and Satellite Upgrade Program",
    "target_eligibility_quarter": "NA"
   }
  },
  {
   "type": "Feature",
   "geometry": {
    "type": "Point",
    "coordinates": [
     115.8268,
     -33.3523
    ]
   },
   "properties": {
    "name": "566 HENTY ROAD BUREKUP 6227",
    "locID": "LOC000066840840",
    "tech": "WIRELESS",
    "upgrade": "NULL_NA",
    "gnaf_pid": "GAWA_161421745",
    "ee": true,
    "tech_change_status": "Not Planned",
    "program_type": "Fixed Wireless and Satellite Upgrade Program",
    "target_eligibility_quarter": "NA"
   }
  },
  {
   "type": "Feature",
   "geometry": {
    "type": "Point",
    "coordinates": [
     115.80604304,
     -33.32685523
    ]
   },
   "properties": {
    "name": "96 HENTY ROAD BUREKUP 6227",
    "locID": "LOC000070554657",
    "tech": "WIRELESS",
    "upgrade": "NULL_NA",
    "gnaf_pid": "GAWA_161421746",
    "ee": true,
    "tech_change_status": "Not Planned",
    "program_type": "Fixed Wireless and Satellite Upgrade Program",
    "target_eligibility_quarter": "NA"
   }
  },
  {
   "type": "Feature",
   "geometry": {
    "type": "Point",
    "coordinates": [
     115.81539,
     -33.31752
    ]
   },
   "properties": {
    "name": "106 HUTCHINSON ROAD BUREKUP 6227",
    "locID": "LOC000067567515",
    "tech": "WIRELESS",
    "upgrade": "NULL_NA",
    "gnaf_pid": "GAWA_161421856",
    "ee": true,
    "tech_change_status": "Not Planned",
    "program_type": "Fixed Wireless and Satellite Upgrade Program",
    "target_eligibility_quarter": "NA"
   }
  },
  {
   "type": "Feature",
   "geometry": {
    "type": "Point",
    "coordinates": [
     115.8072,
     -33.31164
    ]
   },
   "properties": {
    "name": "1 HUTCHINSON ROAD BUREKUP 6227",
    "locID": "LOC000099033876",
    "tech": "WIRELESS",
    "upgrade": "NULL_NA",
    "gnaf_pid": "GAWA_161421857",
    "ee": true,
    "tech_change_status": "Not Planned",
    "program_type": "Fixed Wireless and Satellite Upgrade Program",
    "target_eligibility_quarter": "NA"
   }
  },
  {
   "type": "Feature",
   "geometry": {
    "type": "Point",
    "coordinates": [
     115.80522,
     -33.31359
    ]
   },
   "properties": {
    "name": "35 HUTCHINSON ROAD BUREKUP 6227",
    "locID": "LOC000015670414",
    "tech": "WIRELESS",
    "upgrade": "NULL_NA",
    "gnaf_pid": "GAWA_161421858",
    "ee": true,
    "tech_change_status": "Not Planned",
    "program_type": "Fixed Wireless and Satellite Upgrade Program",
    "target_eligibility_quarter": "NA"
   }
  },
  {
   "type": "Feature",
   "geometry": {
    "type": "Point",
    "coordinates": [
     115.80648,
     -33.3147
    ]
   },
   "properties": {
    "name": "37 HUTCHINSON ROAD BUREKUP 6227",
    "locID": "LOC000068355588",
    "tech": "WIRELESS",
    "upgrade": "NULL_NA",
    "gnaf_pid": "GAWA_161421859",
    "ee": true,
    "tech_change_status": "Not Planned",
    "program_type": "Fixed Wireless and Satellite Upgrade Program",
    "target_eligibility_quarter": "NA"
   }
  },
  {
   "type": "Feature",
   "geometry": {
    "type": "Point",
    "coordinates": [
     115.81204,
     -33.31417
    ]
   },
   "properties": {
    "name": "54 HUTCHINSON ROAD BUREKUP 6227",
    "locID": "LOC000035544554",
    "tech": "WIRELESS",
    "upgrade": "NULL_NA",
    "gnaf_pid": "GAWA_161421860",
    "ee": true,
    "tech_change_status": "Not Planned",
    "program_type": "Fixed Wireless and Satellite Upgrade Program",
    "target_eligibility_quarter": "NA"
   }
  },
  {
   "type": "Feature",
   "geometry": {
    "type": "Point",
    "coordinates": [
     115.80884,
     -33.31706
    ]
   },
   "properties": {
    "name": "65 HUTCHINSON ROAD BUREKUP 6227",
    "locID": "LOC000094144181",
    "tech": "WIRELESS",
    "upgrade": "NULL_NA",
    "gnaf_pid": "GAWA_161421861",
    "ee": true,
    "tech_change_status": "Not Planned",
    "program_type": "Fixed Wireless and Satellite Upgrade Program",
    "target_eligibility_quarter": "NA"
   }
  },
  {
   "type": "Feature",
   "geometry": {
    "type": "Point",
    "coordinates": [
     115.8132,
     -33.31533
    ]
   },
   "properties": {
    "name": "66 HUTCHINSON ROAD BUREKUP 6227",
    "locID": "LOC000046581038",
    "tech": "WIRELESS",
    "upgrade": "NULL_NA",
    "gnaf_pid": "GAWA_161421862",
    "ee": true,
    "tech_change_status": "Not Planned",
    "program_type": "Fixed Wireless and Satellite Upgrade Program",
    "target_eligibility_quarter": "NA"
   }
  },
  {
   "type": "Feature",
   "geometry": {
    "type": "Point",
    "coordinates": [
     115.81002,
     -33.31824
    ]
   },
   "properties": {
    "name": "69 HUTCHINSON ROAD BUREKUP 6227",
    "locID": "LOC000090411091",
    "tech": "WIRELESS",
    "upgrade": "NULL_NA",
    "gnaf_pid": "GAWA_161421863",
    "ee": true,
    "tech_change_status": "Not Planned",
    "program_type": "Fixed Wireless and Satellite Upgrade Program",
    "target_eligibility_quarter": "NA"
   }
  },
  {
   "type": "Feature",
   "geometry": {
    "type": "Point",
    "coordinates": [
     115.81445,
     -33.31657
    ]
   },
   "properties": {
    "name": "82 HUTCHINSON ROAD BUREKUP 6227",
    "locID": "LOC000025618286",
    "tech": "WIRELESS",
    "upgrade": "NULL_NA",
    "gnaf_pid": "GAWA_161421864",
    "ee": true,
    "tech_change_status": "Not Planned",
    "program_type": "Fixed Wireless and Satellite Upgrade Program",
    "target_eligibility_quarter": "NA"
   }
  },
  {
   "type": "Feature",
   "geometry": {
    "type": "Point",
    "coordinates": [
     115.8336151,
     -33.33931486
    ]
   },
   "properties": {
    "name": "13 LENNARD ROAD BUREKUP 6227",
    "locID": "LOC000038650955",
    "tech": "WIRELESS",
    "upgrade": "NULL_NA",
    "gnaf_pid": "GAWA_161422158",
    "ee": true,
    "tech_change_status": "Not Planned",
    "program_type": "Fixed Wireless and Satellite Upgrade Program",
    "target_eligibility_quarter": "NA"
   }
  },
  {
   "type": "Feature",
   "geometry": {
    "type": "Point",
    "coordinates": [
     115.84845979,
     -33.33968142
    ]
   },
   "properties": {
    "name": "205 LENNARD ROAD BUREKUP 6227",
    "locID": "LOC000005687647",
    "tech": "WIRELESS",
    "upgrade": "NULL_NA",
    "gnaf_pid": "GAWA_161422159",
    "ee": true,
    "tech_change_status": "Not Planned",
    "program_type": "Fixed Wireless and Satellite Upgrade Program",
    "target_eligibility_quarter": "NA"
   }
  },
  {
   "type": "Feature",
   "geometry": {
    "type": "Point",
    "coordinates": [
     115.83786064,
     -33.3466755
    ]
   },
   "properties": {
    "name": "52 LENNARD ROAD BUREKUP 6227",
    "locID": "LOC000081283619",
    "tech": "WIRELESS",
    "upgrade": "NULL_NA",
    "gnaf_pid": "GAWA_161422160",
    "ee": true,
    "tech_change_status": "Not Planned",
    "program_type": "Fixed Wireless and Satellite Upgrade Program",
    "target_eligibility_quarter": "NA"
   }
  },
  {
   "type": "Feature",
   "geometry": {
    "type": "Point",
    "coordinates": [
     115.8084,
     -33.30342
    ]
   },
   "properties": {
    "name": "58 ORCHARD ROAD BUREKUP 6227",
    "locID": "LOC000047778850",
    "tech": "WIRELESS",
    "upgrade": "NULL_NA",
    "gnaf_pid": "GAWA_161422660",
    "ee": true,
    "tech_change_status": "Not Planned",
    "program_type": "Fixed Wireless and Satellite Upgrade Program",
    "target_eligibility_quarter": "NA"
   }
  },
  {
   "type": "Feature",
   "geometry": {
    "type": "Point",
    "coordinates": [
     115.79794,
     -33.30387
    ]
   },
   "properties": {
    "name": "147 ROSE ROAD BUREKUP 6227",
    "locID": "LOC000086679970",
    "tech": "WIRELESS",
    "upgrade": "NULL_NA",
    "gnaf_pid": "GAWA_161422973",
    "ee": true,
    "tech_change_status": "Not Planned",
    "program_type": "Fixed Wireless and Satellite Upgrade Program",
    "target_eligibility_quarter": "NA"
   }
  },
  {
   "type": "Feature",
   "geometry": {
    "type": "Point",
    "coordinates": [
     115.80248,
     -33.30162
    ]
   },
   "properties": {
    "name": "172 ROSE ROAD BUREKUP 6227",
    "locID": "LOC000037189807",
    "tech": "WIRELESS",
    "upgrade": "NULL_NA",
    "gnaf_pid": "GAWA_161422974",
    "ee": true,
    "tech_change_status": "Not Planned",
    "program_type": "Fixed Wireless and Satellite Upgrade Program",
    "target_eligibility_quarter": "NA"
   }
  },
  {
   "type": "Feature",
   "geometry": {
    "type": "Point",
    "coordinates": [
     115.79848961,
     -33.31319739
    ]
   },
   "properties": {
    "name": "23 ROSE ROAD BUREKUP 6227",
    "locID": "LOC000009568314",
    "tech": "WIRELESS",
    "upgrade": "NULL_NA",
    "gnaf_pid": "GAWA_161422975",
    "ee": true,
    "tech_change_status": "Not Planned",
    "program_type": "Fixed Wireless and Satellite Upgrade Program",
    "target_eligibility_quarter": "NA"
   }
  },
  {
   "type": "Feature",
   "geometry": {
    "type": "Point",
    "coordinates": [
     115.79487,
     -33.30913
    ]
   },
   "properties": {
    "name": "47 ROSE ROAD BUREKUP 6227",
    "locID": "LOC000047745316",
    "tech": "WIRELESS",
    "upgrade": "NULL_NA",
    "gnaf_pid": "GAWA_161422976",
    "ee": true,
    "tech_change_status": "Not Planned",
    "program_type": "Fixed Wireless and Satellite Upgrade Program",
    "target_eligibility_quarter": "NA"
   }
  },
  {
   "type": "Feature",
   "geometry": {
    "type": "Point",
    "coordinates": [
     115.81800807,
     -33.30470582
    ]
   },
   "properties": {
    "name": "100 RUSSELL ROAD BUREKUP 6227",
    "locID": "LOC000077974490",
    "tech": "WIRELESS",
    "upgrade": "NULL_NA",
    "gnaf_pid": "GAWA_161423013",
    "ee": true,
    "tech_change_status": "Not Planned",
    "program_type": "Fixed Wireless and Satellite Upgrade Program",
    "target_eligibility_quarter": "NA"
   }
  },
  {
   "type": "Feature",
   "geometry": {
    "type": "Point",
    "coordinates": [
     115.82613,
     -33.31202
    ]
   },
   "properties": {
    "name": "101 SHENTON ROAD BUREKUP 6227",
    "locID": "LOC000019069949",
    "tech": "WIRELESS",
    "upgrade": "NULL_NA",
    "gnaf_pid": "GAWA_161423148",
    "ee": true,
    "tech_change_status": "Not Planned",
    "program_type": "Fixed Wireless and Satellite Upgrade Program",
    "target_eligibility_quarter": "NA"
   }
  },
  {
   "type": "Feature",
   "geometry": {
    "type": "Point",
    "coordinates": [
     115.82745,
     -33.31245
    ]
   },
   "properties": {
    "name": "117 SHENTON ROAD BUREKUP 6227",
    "locID": "LOC000069211570",
    "tech": "WIRELESS",
    "upgrade": "NULL_NA",
    "gnaf_pid": "GAWA_161423149",
    "ee": true,
    "tech_change_status": "Not Planned",
    "program_type": "Fixed Wireless and Satellite Upgrade Program",
    "target_eligibility_quarter": "NA"
   }
  },
  {
   "type": "Feature",
   "geometry": {
    "type": "Point",
    "coordinates": [
     115.82959,
     -33.31417
    ]
   },
   "properties": {
    "name": "155 SHENTON ROAD BUREKUP 6227",
    "locID": "LOC000033693974",
    "tech": "WIRELESS",
    "upgrade": "NULL_NA",
    "gnaf_pid": "GAWA_161423150",
    "ee": true,
    "tech_change_status": "Not Planned",
    "program_type": "Fixed Wireless and Satellite Upgrade Program",
    "target_eligibility_quarter": "NA"
   }
  },
  {
   "type": "Feature",
   "geometry": {
    "type": "Point",
    "coordinates": [
     115.83065,
     -33.3152
    ]
   },
   "properties": {
    "name": "159 SHENTON ROAD BUREKUP 6227",
    "locID": "LOC000027849348",
    "tech": "WIRELESS",
    "upgrade": "NULL_NA",
    "gnaf_pid": "GAWA_161423151",
    "ee": true,
    "tech_change_status": "Not Planned",
    "program_type": "Fixed Wireless and Satellite Upgrade Program",
    "target_eligibility_quarter": "NA"
   }
  },
  {
   "type": "Feature",
   "geometry": {
    "type": "Point",
    "coordinates": [
     115.82734,
     -33.3188
    ]
   },
   "properties": {
    "name": "190 SHENTON ROAD BUREKUP 6227",
    "locID": "LOC000036156680",
    "tech": "WIRELESS",
    "upgrade": "NULL_NA",
    "gnaf_pid": "GAWA_161423152",
    "ee": true,
    "tech_change_status": "Not Planned",
    "program_type": "Fixed Wireless and Satellite Upgrade Program",
    "target_eligibility_quarter": "NA"
   }
  },
  {
   "type": "Feature",
   "geometry": {
    "type": "Point",
    "coordinates": [
     115.83517995,
     -33.32263902
    ]
   },
   "properties": {
    "name": "241 SHENTON ROAD BUREKUP 6227",
    "locID": "LOC000058203947",
    "tech": "WIRELESS",
    "upgrade": "NULL_NA",
    "gnaf_pid": "GAWA_161423153",
    "ee": true,
    "tech_change_status": "Not Planned",
    "program_type": "Fixed Wireless and Satellite Upgrade Program",
    "target_eligibility_quarter": "NA"
   }
  },
  {
   "type": "Feature",
   "geometry": {
    "type": "Point",
    "coordinates": [
     115.8221,
     -33.30926
    ]
   },
   "properties": {
    "name": "51 SHENTON ROAD BUREKUP 6227",
    "locID": "LOC000064494113",
    "tech": "WIRELESS",
    "upgrade": "NULL_NA",
    "gnaf_pid": "GAWA_161423154",
    "ee": true,
    "tech_change_status": "Not Planned",
    "program_type": "Fixed Wireless and Satellite Upgrade Program",
    "target_eligibility_quarter": "NA"
   }
  },
  {
   "type": "Feature",
   "geometry": {
    "type": "Point",
    "coordinates": [
     115.82298,
     -33.31006
    ]
   },
   "properties": {
    "name": "65 SHENTON ROAD BUREKUP 6227",
    "locID": "LOC000036472683",
    "tech": "WIRELESS",
    "upgrade": "NULL_NA",
    "gnaf_pid": "GAWA_161423155",
    "ee": true,
    "tech_change_status": "Not Planned",
    "program_type": "Fixed Wireless and Satellite Upgrade Program",
    "target_eligibility_quarter": "NA"
   }
  },
  {
   "type": "Feature",
   "geometry": {
    "type": "Point",
    "coordinates": [
     115.82391,
     -33.31079
    ]
   },
   "properties": {
    "name": "75 SHENTON ROAD BUREKUP 6227",
    "locID": "LOC000058023554",
    "tech": "WIRELESS",
    "upgrade": "NULL_NA",
    "gnaf_pid": "GAWA_161423156",
    "ee": true,
    "tech_change_status": "Not Planned",
    "program_type": "Fixed Wireless and Satellite Upgrade Program",
    "target_eligibility_quarter": "NA"
   }
  },
  {
   "type": "Feature",
   "geometry": {
    "type": "Point",
    "coordinates": [
     115.82491,
     -33.31149
    ]
   },
   "properties": {
    "name": "97 SHENTON ROAD BUREKUP 6227",
    "locID": "LOC000031502534",
    "tech": "WIRELESS",
    "upgrade": "NULL_NA",
    "gnaf_pid": "GAWA_161423157",
    "ee": true,
    "tech_change_status": "Not Planned",
    "program_type": "Fixed Wireless and Satellite Upgrade Program",
    "target_eligibility_quarter": "NA"
   }
  },
  {
   "type": "Feature",
   "geometry": {
    "type": "Point",
    "coordinates": [
     115.86735279,
     -33.32762143
    ]
   },
   "properties": {
    "name": "402 COLLIE RIVER ROAD BUREKUP 6227",
    "locID": "LOC000070689971",
    "tech": "WIRELESS",
    "upgrade": "NULL_NA",
    "gnaf_pid": "GAWA_161511677",
    "ee": true,
    "tech_change_status": "Not Planned",
    "program_type": "Fixed Wireless and Satellite Upgrade Program",
    "target_eligibility_quarter": "NA"
   }
  },
  {
   "type": "Feature",
   "geometry": {
    "type": "Point",
    "coordinates": [
     115.82028173,
     -33.31315751
    ]
   },
   "properties": {
    "name": "8 KINGIA CLOSE BUREKUP 6227",
    "locID": "LOC000106444063",
    "tech": "WIRELESS",
    "upgrade": "NULL_NA",
    "gnaf_pid": "GAWA_161513128",
    "ee": true,
    "tech_change_status": "Not Planned",
    "program_type": "Fixed Wireless and Satellite Upgrade Program",
    "target_eligibility_quarter": "NA"
   }
  },
  {
   "type": "Feature",
   "geometry": {
    "type": "Point",
    "coordinates": [
     115.84580973,
     -33.32310101
    ]
   },
   "properties": {
    "name": "204 COLLIE RIVER ROAD BUREKUP 6227",
    "locID": "LOC000002187558",
    "tech": "WIRELESS",
    "upgrade": "NULL_NA",
    "gnaf_pid": "GAWA_161598660",
    "ee": true,
    "tech_change_status": "Not Planned",
    "program_type": "Fixed Wireless and Satellite Upgrade Program",
    "target_eligibility_quarter": "NA"
   }
  },
  {
   "type": "Feature",
   "geometry": {
    "type": "Point",
    "coordinates": [
     115.83371103,
     -33.31812533
    ]
   },
   "properties": {
    "name": "31 COLLIE RIVER ROAD BUREKUP 6227",
    "locID": "LOC000049514345",
    "tech": "WIRELESS",
    "upgrade": "NULL_NA",
    "gnaf_pid": "GAWA_161598661",
    "ee": true,
    "tech_change_status": "Not Planned",
    "program_type": "Fixed Wireless and Satellite Upgrade Program",
    "target_eligibility_quarter": "NA"
   }
  },
  {
   "type": "Feature",
   "geometry": {
    "type": "Point",
    "coordinates": [
     115.86826336,
     -33.32177217
    ]
   },
   "properties": {
    "name": "405 COLLIE RIVER ROAD BUREKUP 6227",
    "locID": "LOC000048968452",
    "tech": "WIRELESS",
    "upgrade": "NULL_NA",
    "gnaf_pid": "GAWA_161598662",
    "ee": true,
    "tech_change_status": "Not Planned",
    "program_type": "Fixed Wireless and Satellite Upgrade Program",
    "target_eligibility_quarter": "NA"
   }
  },
  {
   "type": "Feature",
   "geometry": {
    "type": "Point",
    "coordinates": [
     115.86424338,
     -33.32289168
    ]
   },
   "properties": {
    "name": "406 COLLIE RIVER ROAD BUREKUP 6227",
    "locID": "LOC000046663726",
    "tech": "WIRELESS",
    "upgrade": "NULL_NA",
    "gnaf_pid": "GAWA_161598663",
    "ee": true,
    "tech_change_status": "Not Planned",
    "program_type": "Fixed Wireless and Satellite Upgrade Program",
    "target_eligibility_quarter": "NA"
   }
  },
  {
   "type": "Feature",
   "geometry": {
    "type": "Point",
    "coordinates": [
     115.8336151,
     -33.33931486
    ]
   },
   "properties": {
    "name": "397 HENTY ROAD BUREKUP 6227",
    "locID": "LOC000077758323",
    "tech": "WIRELESS",
    "upgrade": "NULL_NA",
    "gnaf_pid": "GAWA_161602745",
    "ee": true,
    "tech_change_status": "Not Planned",
    "program_type": "Fixed Wireless and Satellite Upgrade Program",
    "target_eligibility_quarter": "NA"
   }
  },
  {
   "type": "Feature",
   "geometry": {
    "type": "Point",
    "coordinates": [
     115.80604304,
     -33.32685523
    ]
   },
   "properties": {
    "name": "56 OFFER ROAD BUREKUP 6227",
    "locID": "LOC000007878314",
    "tech": "WIRELESS",
    "upgrade": "NULL_NA",
    "gnaf_pid": "GAWA_161607268",
    "ee": true,
    "tech_change_status": "Not Planned",
    "program_type": "Fixed Wireless and Satellite Upgrade Program",
    "target_eligibility_quarter": "NA"
   }
  },
  {
   "type": "Feature",
   "geometry": {
    "type": "Point",
    "coordinates": [
     115.81838057,
     -33.30609911
    ]
   },
   "properties": {
    "name": "13 SHENTON ROAD BUREKUP 6227",
    "locID": "LOC000009568037",
    "tech": "WIRELESS",
    "upgrade": "NULL_NA",
    "gnaf_pid": "GAWA_161610277",
    "ee": true,
    "tech_change_status": "Not Planned",
    "program_type": "Fixed Wireless and Satellite Upgrade Program",
    "target_eligibility_quarter": "NA"
   }
  },
  {
   "type": "Feature",
   "geometry": {
    "type": "Point",
    "coordinates": [
     115.82546202,
     -33.31173171
    ]
   },
   "properties": {
    "name": "99 SHENTON ROAD BUREKUP 6227",
    "locID": "LOC000037385299",
    "tech": "WIRELESS",
    "upgrade": "NULL_NA",
    "gnaf_pid": "GAWA_161610278",
    "ee": true,
    "tech_change_status": "Not Planned",
    "program_type": "Fixed Wireless and Satellite Upgrade Program",
    "target_eligibility_quarter": "NA"
   }
  },
  {
   "type": "Feature",
   "geometry": {
    "type": "Point",
    "coordinates": [
     115.81658881,
     -33.31229136
    ]
   },
   "properties": {
    "name": "4 O'MEARA DRIVE BUREKUP 6227",
    "locID": "LOC000132783969",
    "tech": "WIRELESS",
    "upgrade": "NULL_NA",
    "gnaf_pid": "GAWA_161924801",
    "ee": true,
    "tech_change_status": "Not Planned",
    "program_type": "Fixed Wireless and Satellite Upgrade Program",
    "target_eligibility_quarter": "NA"
   }
  },
  {
   "type": "Feature",
   "geometry": {
    "type": "Point",
    "coordinates": [
     115.818402,
     -33.312078
    ]
   },
   "properties": {
    "name": "10 SHIER RISE BUREKUP 6227",
    "locID": "LOC000068149164",
    "tech": "WIRELESS",
    "upgrade": "NULL_NA",
    "gnaf_pid": "GAWA_162332808",
    "ee": true,
    "tech_change_status": "Not Planned",
    "program_type": "Fixed Wireless and Satellite Upgrade Program",
    "target_eligibility_quarter": "NA"
   }
  },
  {
   "type": "Feature",
   "geometry": {
    "type": "Point",
    "coordinates": [
     115.8181,
     -33.31225
    ]
   },
   "properties": {
    "name": "12 SHIER RISE BUREKUP 6227",
    "locID": "LOC000078193125",
    "tech": "WIRELESS",
    "upgrade": "NULL_NA",
    "gnaf_pid": "GAWA_162332809",
    "ee": true,
    "tech_change_status": "Not Planned",
    "program_type": "Fixed Wireless and Satellite Upgrade Program",
    "target_eligibility_quarter": "NA"
   }
  },
  {
   "type": "Feature",
   "geometry": {
    "type": "Point",
    "coordinates": [
     115.81775,
     -33.312326
    ]
   },
   "properties": {
    "name": "14 SHIER RISE BUREKUP 6227",
    "locID": "LOC000071899680",
    "tech": "WIRELESS",
    "upgrade": "NULL_NA",
    "gnaf_pid": "GAWA_162332810",
    "ee": true,
    "tech_change_status": "Not Planned",
    "program_type": "Fixed Wireless and Satellite Upgrade Program",
    "target_eligibility_quarter": "NA"
   }
  },
  {
   "type": "Feature",
   "geometry": {
    "type": "Point",
    "coordinates": [
     115.817503,
     -33.312461
    ]
   },
   "properties": {
    "name": "16 SHIER RISE BUREKUP 6227",
    "locID": "LOC000025626783",
    "tech": "WIRELESS",
    "upgrade": "NULL_NA",
    "gnaf_pid": "GAWA_162332811",
    "ee": true,
    "tech_change_status": "Not Planned",
    "program_type": "Fixed Wireless and Satellite Upgrade Program",
    "target_eligibility_quarter": "NA"
   }
  },
  {
   "type": "Feature",
   "geometry": {
    "type": "Point",
    "coordinates": [
     115.817269,
     -33.312621
    ]
   },
   "properties": {
    "name": "18 SHIER RISE BUREKUP 6227",
    "locID": "LOC000029658492",
    "tech": "WIRELESS",
    "upgrade": "NULL_NA",
    "gnaf_pid": "GAWA_162332812",
    "ee": true,
    "tech_change_status": "Not Planned",
    "program_type": "Fixed Wireless and Satellite Upgrade Program",
    "target_eligibility_quarter": "NA"
   }
  },
  {
   "type": "Feature",
   "geometry": {
    "type": "Point",
    "coordinates": [
     115.817059,
     -33.312796
    ]
   },
   "properties": {
    "name": "20 SHIER RISE BUREKUP 6227",
    "locID": "LOC000098356803",
    "tech": "WIRELESS",
    "upgrade": "NULL_NA",
    "gnaf_pid": "GAWA_162332813",
    "ee": true,
    "tech_change_status": "Not Planned",
    "program_type": "Fixed Wireless and Satellite Upgrade Program",
    "target_eligibility_quarter": "NA"
   }
  },
  {
   "type": "Feature",
   "geometry": {
    "type": "Point",
    "coordinates": [
     115.8168,
     -33.313008
    ]
   },
   "properties": {
    "name": "22 SHIER RISE BUREKUP 6227",
    "locID": "LOC000058194151",
    "tech": "WIRELESS",
    "upgrade": "NULL_NA",
    "gnaf_pid": "GAWA_162332814",
    "ee": true,
    "tech_change_status": "Not Planned",
    "program_type": "Fixed Wireless and Satellite Upgrade Program",
    "target_eligibility_quarter": "NA"
   }
  },
  {
   "type": "Feature",
   "geometry": {
    "type": "Point",
    "coordinates": [
     115.817288,
     -33.311267
    ]
   },
   "properties": {
    "name": "2 SHIER RISE BUREKUP 6227",
    "locID": "LOC000027852154",
    "tech": "WIRELESS",
    "upgrade": "NULL_NA",
    "gnaf_pid": "GAWA_162332815",
    "ee": true,
    "tech_change_status": "Not Planned",
    "program_type": "Fixed Wireless and Satellite Upgrade Program",
    "target_eligibility_quarter": "NA"
   }
  },
  {
   "type": "Feature",
   "geometry": {
    "type": "Point",
    "coordinates": [
     115.817564,
     -33.311439
    ]
   },
   "properties": {
    "name": "4 SHIER RISE BUREKUP 6227",
    "locID": "LOC000094357596",
    "tech": "WIRELESS",
    "upgrade": "NULL_NA",
    "gnaf_pid": "GAWA_162332816",
    "ee": true,
    "tech_change_status": "Not Planned",
    "program_type": "Fixed Wireless and Satellite Upgrade Program",
    "target_eligibility_quarter": "NA"
   }
  },
  {
   "type": "Feature",
   "geometry": {
    "type": "Point",
    "coordinates": [
     115.817794,
     -33.311623
    ]
   },
   "properties": {
    "name": "6 SHIER RISE BUREKUP 6227",
    "locID": "LOC000038770097",
    "tech": "WIRELESS",
    "upgrade": "NULL_NA",
    "gnaf_pid": "GAWA_162332817",
    "ee": true,
    "tech_change_status": "Not Planned",
    "program_type": "Fixed Wireless and Satellite Upgrade Program",
    "target_eligibility_quarter": "NA"
   }
  },
  {
   "type": "Feature",
   "geometry": {
    "type": "Point",
    "coordinates": [
     115.817981,
     -33.311835
    ]
   },
   "properties": {
    "name": "8 SHIER RISE BUREKUP 6227",
    "locID": "LOC000054590376",
    "tech": "WIRELESS",
    "upgrade": "NULL_NA",
    "gnaf_pid": "GAWA_162332818",
    "ee": true,
    "tech_change_status": "Not Planned",
    "program_type": "Fixed Wireless and Satellite Upgrade Program",
    "target_eligibility_quarter": "NA"
   }
  },
  {
   "type": "Feature",
   "geometry": {
    "type": "Point",
    "coordinates": [
     115.81904516,
     -33.31204499
    ]
   },
   "properties": {
    "name": "17 SHIER RISE BUREKUP 6227",
    "locID": "LOC000014546467",
    "tech": "WIRELESS",
    "upgrade": "NULL_NA",
    "gnaf_pid": "GAWA_162338998",
    "ee": true,
    "tech_change_status": "Not Planned",
    "program_type": "Fixed Wireless and Satellite Upgrade Program",
    "target_eligibility_quarter": "NA"
   }
  },
  {
   "type": "Feature",
   "geometry": {
    "type": "Point",
    "coordinates": [
     115.8096125,
     -33.31322886
    ]
   },
   "properties": {
    "name": "1A CASTIEAU STREET BUREKUP 6227",
    "locID": "LOC000090694143",
    "tech": "WIRELESS",
    "upgrade": "NULL_NA",
    "gnaf_pid": "GAWA_162559108",
    "ee": true,
    "tech_change_status": "Not Planned",
    "program_type": "Fixed Wireless and Satellite Upgrade Program",
    "target_eligibility_quarter": "NA"
   }
  },
  {
   "type": "Feature",
   "geometry": {
    "type": "Point",
    "coordinates": [
     115.81565146,
     -33.3101723
    ]
   },
   "properties": {
    "name": "12 GIBSON TERRACE BUREKUP 6227",
    "locID": "LOC000042349393",
    "tech": "WIRELESS",
    "upgrade": "NULL_NA",
    "gnaf_pid": "GAWA_162566686",
    "ee": true,
    "tech_change_status": "Not Planned",
    "program_type": "Fixed Wireless and Satellite Upgrade Program",
    "target_eligibility_quarter": "NA"
   }
  },
  {
   "type": "Feature",
   "geometry": {
    "type": "Point",
    "coordinates": [
     115.80780625,
     -33.31119469
    ]
   },
   "properties": {
    "name": "1A RUSSELL ROAD BUREKUP 6227",
    "locID": "LOC000132783897",
    "tech": "WIRELESS",
    "upgrade": "NULL_NA",
    "gnaf_pid": "GAWA_162584520",
    "ee": true,
    "tech_change_status": "Not Planned",
    "program_type": "Fixed Wireless and Satellite Upgrade Program",
    "target_eligibility_quarter": "NA"
   }
  },
  {
   "type": "Feature",
   "geometry": {
    "type": "Point",
    "coordinates": [
     115.81901013,
     -33.31154039
    ]
   },
   "properties": {
    "name": "11 SHIER RISE BUREKUP 6227",
    "locID": "LOC000132783768",
    "tech": "WIRELESS",
    "upgrade": "NULL_NA",
    "gnaf_pid": "GAWA_162585726",
    "ee": true,
    "tech_change_status": "Not Planned",
    "program_type": "Fixed Wireless and Satellite Upgrade Program",
    "target_eligibility_quarter": "NA"
   }
  },
  {
   "type": "Feature",
   "geometry": {
    "type": "Point",
    "coordinates": [
     115.81968162,
     -33.3118195
    ]
   },
   "properties": {
    "name": "13 SHIER RISE BUREKUP 6227",
    "locID": "LOC000038720546",
    "tech": "WIRELESS",
    "upgrade": "NULL_NA",
    "gnaf_pid": "GAWA_162585727",
    "ee": true,
    "tech_change_status": "Not Planned",
    "program_type": "Fixed Wireless and Satellite Upgrade Program",
    "target_eligibility_quarter": "NA"
   }
  },
  {
   "type": "Feature",
   "geometry": {
    "type": "Point",
    "coordinates": [
     115.81937738,
     -33.3119279
    ]
   },
   "properties": {
    "name": "15 SHIER RISE BUREKUP 6227",
    "locID": "LOC000065460365",
    "tech": "WIRELESS",
    "upgrade": "NULL_NA",
    "gnaf_pid": "GAWA_162585728",
    "ee": true,
    "tech_change_status": "Not Planned",
    "program_type": "Fixed Wireless and Satellite Upgrade Program",
    "target_eligibility_quarter": "NA"
   }
  },
  {
   "type": "Feature",
   "geometry": {
    "type": "Point",
    "coordinates": [
     115.81765919,
     -33.31066423
    ]
   },
   "properties": {
    "name": "1 SHIER RISE BUREKUP 6227",
    "locID": "LOC000071985052",
    "tech": "WIRELESS",
    "upgrade": "NULL_NA",
    "gnaf_pid": "GAWA_162585729",
    "ee": true,
    "tech_change_status": "Not Planned",
    "program_type": "Fixed Wireless and Satellite Upgrade Program",
    "target_eligibility_quarter": "NA"
   }
  },
  {
   "type": "Feature",
   "geometry": {
    "type": "Point",
    "coordinates": [
     115.81798765,
     -33.3108543
    ]
   },
   "properties": {
    "name": "3 SHIER RISE BUREKUP 6227",
    "locID": "LOC000066311573",
    "tech": "WIRELESS",
    "upgrade": "NULL_NA",
    "gnaf_pid": "GAWA_162585730",
    "ee": true,
    "tech_change_status": "Not Planned",
    "program_type": "Fixed Wireless and Satellite Upgrade Program",
    "target_eligibility_quarter": "NA"
   }
  },
  {
   "type": "Feature",
   "geometry": {
    "type": "Point",
    "coordinates": [
     115.81834047,
     -33.31096304
    ]
   },
   "properties": {
    "name": "5 SHIER RISE BUREKUP 6227",
    "locID": "LOC000111015094",
    "tech": "WIRELESS",
    "upgrade": "NULL_NA",
    "gnaf_pid": "GAWA_162585731",
    "ee": true,
    "tech_change_status": "Not Planned",
    "program_type": "Fixed Wireless and Satellite Upgrade Program",
    "target_eligibility_quarter": "NA"
   }
  },
  {
   "type": "Feature",
   "geometry": {
    "type": "Point",
    "coordinates": [
     115.81856677,
     -33.31114845
    ]
   },
   "properties": {
    "name": "7 SHIER RISE BUREKUP 6227",
    "locID": "LOC000089814421",
    "tech": "WIRELESS",
    "upgrade": "NULL_NA",
    "gnaf_pid": "GAWA_162585732",
    "ee": true,
    "tech_change_status": "Not Planned",
    "program_type": "Fixed Wireless and Satellite Upgrade Program",
    "target_eligibility_quarter": "NA"
   }
  },
  {
   "type": "Feature",
   "geometry": {
    "type": "Point",
    "coordinates": [
     115.81878924,
     -33.31133262
    ]
   },
   "properties": {
    "name": "9 SHIER RISE BUREKUP 6227",
    "locID": "LOC000064731998",
    "tech": "WIRELESS",
    "upgrade": "NULL_NA",
    "gnaf_pid": "GAWA_162585733",
    "ee": true,
    "tech_change_status": "Not Planned",
    "program_type": "Fixed Wireless and Satellite Upgrade Program",
    "target_eligibility_quarter": "NA"
   }
  },
  {
   "type": "Feature",
   "geometry": {
    "type": "Point",
    "coordinates": [
     115.8063196,
     -33.30498266
    ]
   },
   "properties": {
    "name": "LOT 4 ORCHARD ROAD BUREKUP 6227",
    "locID": "LOC000107588882",
    "tech": "WIRELESS",
    "upgrade": "NULL_NA",
    "gnaf_pid": "GAWA_162594529",
    "ee": true,
    "tech_change_status": "Not Planned",
    "program_type": "Fixed Wireless and Satellite Upgrade Program",
    "target_eligibility_quarter": "NA"
   }
  },
  {
   "type": "Feature",
   "geometry": {
    "type": "Point",
    "coordinates": [
     115.81748569,
     -33.31346598
    ]
   },
   "properties": {
    "name": "29 SHIER RISE BUREKUP 6227",
    "locID": "LOC000065132133",
    "tech": "WIRELESS",
    "upgrade": "NULL_NA",
    "gnaf_pid": "GAWA_162725564",
    "ee": true,
    "tech_change_status": "Not Planned",
    "program_type": "Fixed Wireless and Satellite Upgrade Program",
    "target_eligibility_quarter": "NA"
   }
  },
  {
   "type": "Feature",
   "geometry": {
    "type": "Point",
    "coordinates": [
     115.81769073,
     -33.31376308
    ]
   },
   "properties": {
    "name": "31 SHIER RISE BUREKUP 6227",
    "locID": "LOC000086489251",
    "tech": "WIRELESS",
    "upgrade": "NULL_NA",
    "gnaf_pid": "GAWA_162725565",
    "ee": true,
    "tech_change_status": "Not Planned",
    "program_type": "Fixed Wireless and Satellite Upgrade Program",
    "target_eligibility_quarter": "NA"
   }
  },
  {
   "type": "Feature",
   "geometry": {
    "type": "Point",
    "coordinates": [
     115.81790993,
     -33.31409198
    ]
   },
   "properties": {
    "name": "33 SHIER RISE BUREKUP 6227",
    "locID": "LOC000043731019",
    "tech": "WIRELESS",
    "upgrade": "NULL_NA",
    "gnaf_pid": "GAWA_162725566",
    "ee": true,
    "tech_change_status": "Not Planned",
    "program_type": "Fixed Wireless and Satellite Upgrade Program",
    "target_eligibility_quarter": "NA"
   }
  },
  {
   "type": "Feature",
   "geometry": {
    "type": "Point",
    "coordinates": [
     115.81816463,
     -33.31449152
    ]
   },
   "properties": {
    "name": "35 SHIER RISE BUREKUP 6227",
    "locID": "LOC000035310349",
    "tech": "WIRELESS",
    "upgrade": "NULL_NA",
    "gnaf_pid": "GAWA_162725567",
    "ee": true,
    "tech_change_status": "Not Planned",
    "program_type": "Fixed Wireless and Satellite Upgrade Program",
    "target_eligibility_quarter": "NA"
   }
  },
  {
   "type": "Feature",
   "geometry": {
    "type": "Point",
    "coordinates": [
     115.81468243,
     -33.3128173
    ]
   },
   "properties": {
    "name": "10 ATKINSON ROAD BUREKUP 6227",
    "locID": "LOC000116426686",
    "tech": "WIRELESS",
    "upgrade": "NULL_NA",
    "gnaf_pid": "GAWA_162753829",
    "ee": true,
    "tech_change_status": "Not Planned",
    "program_type": "Fixed Wireless and Satellite Upgrade Program",
    "target_eligibility_quarter": "NA"
   }
  },
  {
   "type": "Feature",
   "geometry": {
    "type": "Point",
    "coordinates": [
     115.81553718,
     -33.31221205
    ]
   },
   "properties": {
    "name": "2 ATKINSON ROAD BUREKUP 6227",
    "locID": "LOC000113531621",
    "tech": "WIRELESS",
    "upgrade": "NULL_NA",
    "gnaf_pid": "GAWA_162753830",
    "ee": true,
    "tech_change_status": "Not Planned",
    "program_type": "Fixed Wireless and Satellite Upgrade Program",
    "target_eligibility_quarter": "NA"
   }
  },
  {
   "type": "Feature",
   "geometry": {
    "type": "Point",
    "coordinates": [
     115.81532438,
     -33.3123654
    ]
   },
   "properties": {
    "name": "4 ATKINSON ROAD BUREKUP 6227",
    "locID": "LOC000113633691",
    "tech": "WIRELESS",
    "upgrade": "NULL_NA",
    "gnaf_pid": "GAWA_162753831",
    "ee": true,
    "tech_change_status": "Not Planned",
    "program_type": "Fixed Wireless and Satellite Upgrade Program",
    "target_eligibility_quarter": "NA"
   }
  },
  {
   "type": "Feature",
   "geometry": {
    "type": "Point",
    "coordinates": [
     115.81511043,
     -33.31251601
    ]
   },
   "properties": {
    "name": "6 ATKINSON ROAD BUREKUP 6227",
    "locID": "LOC000132787906",
    "tech": "WIRELESS",
    "upgrade": "NULL_NA",
    "gnaf_pid": "GAWA_162753832",
    "ee": true,
    "tech_change_status": "Not Planned",
    "program_type": "Fixed Wireless and Satellite Upgrade Program",
    "target_eligibility_quarter": "NA"
   }
  },
  {
   "type": "Feature",
   "geometry": {
    "type": "Point",
    "coordinates": [
     115.81489647,
     -33.31266662
    ]
   },
   "properties": {
    "name": "8 ATKINSON ROAD BUREKUP 6227",
    "locID": "LOC000132787934",
    "tech": "WIRELESS",
    "upgrade": "NULL_NA",
    "gnaf_pid": "GAWA_162753833",
    "ee": true,
    "tech_change_status": "Not Planned",
    "program_type": "Fixed Wireless and Satellite Upgrade Program",
    "target_eligibility_quarter": "NA"
   }
  },
  {
   "type": "Feature",
   "geometry": {
    "type": "Point",
    "coordinates": [
     115.81305725,
     -33.31085279
    ]
   },
   "properties": {
    "name": "35 CASTIEAU STREET BUREKUP 6227",
    "locID": "LOC000132783948",
    "tech": "WIRELESS",
    "upgrade": "NULL_NA",
    "gnaf_pid": "GAWA_162755622",
    "ee": true,
    "tech_change_status": "Not Planned",
    "program_type": "Fixed Wireless and Satellite Upgrade Program",
    "target_eligibility_quarter": "NA"
   }
  },
  {
   "type": "Feature",
   "geometry": {
    "type": "Point",
    "coordinates": [
     115.8134127,
     -33.31144742
    ]
   },
   "properties": {
    "name": "10 FLORENCE MOORE WAY BUREKUP 6227",
    "locID": "LOC000113829385",
    "tech": "WIRELESS",
    "upgrade": "NULL_NA",
    "gnaf_pid": "GAWA_162757733",
    "ee": true,
    "tech_change_status": "Not Planned",
    "program_type": "Fixed Wireless and Satellite Upgrade Program",
    "target_eligibility_quarter": "NA"
   }
  },
  {
   "type": "Feature",
   "geometry": {
    "type": "Point",
    "coordinates": [
     115.81354932,
     -33.31158421
    ]
   },
   "properties": {
    "name": "12 FLORENCE MOORE WAY BUREKUP 6227",
    "locID": "LOC000116426693",
    "tech": "WIRELESS",
    "upgrade": "NULL_NA",
    "gnaf_pid": "GAWA_162757735",
    "ee": true,
    "tech_change_status": "Not Planned",
    "program_type": "Fixed Wireless and Satellite Upgrade Program",
    "target_eligibility_quarter": "NA"
   }
  },
  {
   "type": "Feature",
   "geometry": {
    "type": "Point",
    "coordinates": [
     115.8141595,
     -33.31143818
    ]
   },
   "properties": {
    "name": "13 FLORENCE MOORE WAY BUREKUP 6227",
    "locID": "LOC000132783781",
    "tech": "WIRELESS",
    "upgrade": "NULL_NA",
    "gnaf_pid": "GAWA_162757736",
    "ee": true,
    "tech_change_status": "Not Planned",
    "program_type": "Fixed Wireless and Satellite Upgrade Program",
    "target_eligibility_quarter": "NA"
   }
  },
  {
   "type": "Feature",
   "geometry": {
    "type": "Point",
    "coordinates": [
     115.81368595,
     -33.311721
    ]
   },
   "properties": {
    "name": "14 FLORENCE MOORE WAY BUREKUP 6227",
    "locID": "LOC000132783813",
    "tech": "WIRELESS",
    "upgrade": "NULL_NA",
    "gnaf_pid": "GAWA_162757737",
    "ee": true,
    "tech_change_status": "Not Planned",
    "program_type": "Fixed Wireless and Satellite Upgrade Program",
    "target_eligibility_quarter": "NA"
   }
  },
  {
   "type": "Feature",
   "geometry": {
    "type": "Point",
    "coordinates": [
     115.81429062,
     -33.31156943
    ]
   },
   "properties": {
    "name": "15 FLORENCE MOORE WAY BUREKUP 6227",
    "locID": "LOC000132783821",
    "tech": "WIRELESS",
    "upgrade": "NULL_NA",
    "gnaf_pid": "GAWA_162757738",
    "ee": true,
    "tech_change_status": "Not Planned",
    "program_type": "Fixed Wireless and Satellite Upgrade Program",
    "target_eligibility_quarter": "NA"
   }
  },
  {
   "type": "Feature",
   "geometry": {
    "type": "Point",
    "coordinates": [
     115.81442174,
     -33.31170068
    ]
   },
   "properties": {
    "name": "17 FLORENCE MOORE WAY BUREKUP 6227",
    "locID": "LOC000132783845",
    "tech": "WIRELESS",
    "upgrade": "NULL_NA",
    "gnaf_pid": "GAWA_162757740",
    "ee": true,
    "tech_change_status": "Not Planned",
    "program_type": "Fixed Wireless and Satellite Upgrade Program",
    "target_eligibility_quarter": "NA"
   }
  },
  {
   "type": "Feature",
   "geometry": {
    "type": "Point",
    "coordinates": [
     115.81395919,
     -33.31199458
    ]
   },
   "properties": {
    "name": "18 FLORENCE MOORE WAY BUREKUP 6227",
    "locID": "LOC000116426714",
    "tech": "WIRELESS",
    "upgrade": "NULL_NA",
    "gnaf_pid": "GAWA_162757741",
    "ee": true,
    "tech_change_status": "Not Planned",
    "program_type": "Fixed Wireless and Satellite Upgrade Program",
    "target_eligibility_quarter": "NA"
   }
  },
  {
   "type": "Feature",
   "geometry": {
    "type": "Point",
    "coordinates": [
     115.81455286,
     -33.31183193
    ]
   },
   "properties": {
    "name": "19 FLORENCE MOORE WAY BUREKUP 6227",
    "locID": "LOC000132783884",
    "tech": "WIRELESS",
    "upgrade": "NULL_NA",
    "gnaf_pid": "GAWA_162757742",
    "ee": true,
    "tech_change_status": "Not Planned",
    "program_type": "Fixed Wireless and Satellite Upgrade Program",
    "target_eligibility_quarter": "NA"
   }
  },
  {
   "type": "Feature",
   "geometry": {
    "type": "Point",
    "coordinates": [
     115.81409581,
     -33.31213137
    ]
   },
   "properties": {
    "name": "20 FLORENCE MOORE WAY BUREKUP 6227",
    "locID": "LOC000132783907",
    "tech": "WIRELESS",
    "upgrade": "NULL_NA",
    "gnaf_pid": "GAWA_162757743",
    "ee": true,
    "tech_change_status": "Not Planned",
    "program_type": "Fixed Wireless and Satellite Upgrade Program",
    "target_eligibility_quarter": "NA"
   }
  },
  {
   "type": "Feature",
   "geometry": {
    "type": "Point",
    "coordinates": [
     115.81469113,
     -33.31196466
    ]
   },
   "properties": {
    "name": "21 FLORENCE MOORE WAY BUREKUP 6227",
    "locID": "LOC000061453854",
    "tech": "WIRELESS",
    "upgrade": "NULL_NA",
    "gnaf_pid": "GAWA_162757744",
    "ee": true,
    "tech_change_status": "Not Planned",
    "program_type": "Fixed Wireless and Satellite Upgrade Program",
    "target_eligibility_quarter": "NA"
   }
  },
  {
   "type": "Feature",
   "geometry": {
    "type": "Point",
    "coordinates": [
     115.81423562,
     -33.31227664
    ]
   },
   "properties": {
    "name": "22 FLORENCE MOORE WAY BUREKUP 6227",
    "locID": "LOC000132783911",
    "tech": "WIRELESS",
    "upgrade": "NULL_NA",
    "gnaf_pid": "GAWA_162757745",
    "ee": true,
    "tech_change_status": "Not Planned",
    "program_type": "Fixed Wireless and Satellite Upgrade Program",
    "target_eligibility_quarter": "NA"
   }
  },
  {
   "type": "Feature",
   "geometry": {
    "type": "Point",
    "coordinates": [
     115.81364512,
     -33.31086116
    ]
   },
   "properties": {
    "name": "5 FLORENCE MOORE WAY BUREKUP 6227",
    "locID": "LOC000132783982",
    "tech": "WIRELESS",
    "upgrade": "NULL_NA",
    "gnaf_pid": "GAWA_162757746",
    "ee": true,
    "tech_change_status": "Not Planned",
    "program_type": "Fixed Wireless and Satellite Upgrade Program",
    "target_eligibility_quarter": "NA"
   }
  },
  {
   "type": "Feature",
   "geometry": {
    "type": "Point",
    "coordinates": [
     115.81315095,
     -33.31112732
    ]
   },
   "properties": {
    "name": "6 FLORENCE MOORE WAY BUREKUP 6227",
    "locID": "LOC000132787910",
    "tech": "WIRELESS",
    "upgrade": "NULL_NA",
    "gnaf_pid": "GAWA_162757747",
    "ee": true,
    "tech_change_status": "Not Planned",
    "program_type": "Fixed Wireless and Satellite Upgrade Program",
    "target_eligibility_quarter": "NA"
   }
  },
  {
   "type": "Feature",
   "geometry": {
    "type": "Point",
    "coordinates": [
     115.81377047,
     -33.31103125
    ]
   },
   "properties": {
    "name": "7 FLORENCE MOORE WAY BUREKUP 6227",
    "locID": "LOC000112467597",
    "tech": "WIRELESS",
    "upgrade": "NULL_NA",
    "gnaf_pid": "GAWA_162757748",
    "ee": true,
    "tech_change_status": "Not Planned",
    "program_type": "Fixed Wireless and Satellite Upgrade Program",
    "target_eligibility_quarter": "NA"
   }
  },
  {
   "type": "Feature",
   "geometry": {
    "type": "Point",
    "coordinates": [
     115.8132809,
     -33.31129605
    ]
   },
   "properties": {
    "name": "8 FLORENCE MOORE WAY BUREKUP 6227",
    "locID": "LOC000116426746",
    "tech": "WIRELESS",
    "upgrade": "NULL_NA",
    "gnaf_pid": "GAWA_162757749",
    "ee": true,
    "tech_change_status": "Not Planned",
    "program_type": "Fixed Wireless and Satellite Upgrade Program",
    "target_eligibility_quarter": "NA"
   }
  },
  {
   "type": "Feature",
   "geometry": {
    "type": "Point",
    "coordinates": [
     115.81389726,
     -33.31117568
    ]
   },
   "properties": {
    "name": "9 FLORENCE MOORE WAY BUREKUP 6227",
    "locID": "LOC000132787947",
    "tech": "WIRELESS",
    "upgrade": "NULL_NA",
    "gnaf_pid": "GAWA_162757750",
    "ee": true,
    "tech_change_status": "Not Planned",
    "program_type": "Fixed Wireless and Satellite Upgrade Program",
    "target_eligibility_quarter": "NA"
   }
  },
  {
   "type": "Feature",
   "geometry": {
    "type": "Point",
    "coordinates": [
     115.81392731,
     -33.31066251
    ]
   },
   "properties": {
    "name": "46 GARDINER STREET BUREKUP 6227",
    "locID": "LOC000091852738",
    "tech": "WIRELESS",
    "upgrade": "NULL_NA",
    "gnaf_pid": "GAWA_162757899",
    "ee": true,
    "tech_change_status": "Not Planned",
    "program_type": "Fixed Wireless and Satellite Upgrade Program",
    "target_eligibility_quarter": "NA"
   }
  },
  {
   "type": "Feature",
   "geometry": {
    "type": "Point",
    "coordinates": [
     115.8140742,
     -33.31081569
    ]
   },
   "properties": {
    "name": "48 GARDINER STREET BUREKUP 6227",
    "locID": "LOC000132783976",
    "tech": "WIRELESS",
    "upgrade": "NULL_NA",
    "gnaf_pid": "GAWA_162757900",
    "ee": true,
    "tech_change_status": "Not Planned",
    "program_type": "Fixed Wireless and Satellite Upgrade Program",
    "target_eligibility_quarter": "NA"
   }
  },
  {
   "type": "Feature",
   "geometry": {
    "type": "Point",
    "coordinates": [
     115.81420862,
     -33.31095638
    ]
   },
   "properties": {
    "name": "50 GARDINER STREET BUREKUP 6227",
    "locID": "LOC000132787865",
    "tech": "WIRELESS",
    "upgrade": "NULL_NA",
    "gnaf_pid": "GAWA_162757901",
    "ee": true,
    "tech_change_status": "Not Planned",
    "program_type": "Fixed Wireless and Satellite Upgrade Program",
    "target_eligibility_quarter": "NA"
   }
  },
  {
   "type": "Feature",
   "geometry": {
    "type": "Point",
    "coordinates": [
     115.81433974,
     -33.31108764
    ]
   },
   "properties": {
    "name": "52 GARDINER STREET BUREKUP 6227",
    "locID": "LOC000132787877",
    "tech": "WIRELESS",
    "upgrade": "NULL_NA",
    "gnaf_pid": "GAWA_162757902",
    "ee": true,
    "tech_change_status": "Not Planned",
    "program_type": "Fixed Wireless and Satellite Upgrade Program",
    "target_eligibility_quarter": "NA"
   }
  },
  {
   "type": "Feature",
   "geometry": {
    "type": "Point",
    "coordinates": [
     115.81447085,
     -33.31121889
    ]
   },
   "properties": {
    "name": "54 GARDINER STREET BUREKUP 6227",
    "locID": "LOC000132787883",
    "tech": "WIRELESS",
    "upgrade": "NULL_NA",
    "gnaf_pid": "GAWA_162757903",
    "ee": true,
    "tech_change_status": "Not Planned",
    "program_type": "Fixed Wireless and Satellite Upgrade Program",
    "target_eligibility_quarter": "NA"
   }
  },
  {
   "type": "Feature",
   "geometry": {
    "type": "Point",
    "coordinates": [
     115.81460197,
     -33.31135014
    ]
   },
   "properties": {
    "name": "56 GARDINER STREET BUREKUP 6227",
    "locID": "LOC000132787896",
    "tech": "WIRELESS",
    "upgrade": "NULL_NA",
    "gnaf_pid": "GAWA_162757904",
    "ee": true,
    "tech_change_status": "Not Planned",
    "program_type": "Fixed Wireless and Satellite Upgrade Program",
    "target_eligibility_quarter": "NA"
   }
  },
  {
   "type": "Feature",
   "geometry": {
    "type": "Point",
    "coordinates": [
     115.81473308,
     -33.3114814
    ]
   },
   "properties": {
    "name": "58 GARDINER STREET BUREKUP 6227",
    "locID": "LOC000110699461",
    "tech": "WIRELESS",
    "upgrade": "NULL_NA",
    "gnaf_pid": "GAWA_162757905",
    "ee": true,
    "tech_change_status": "Not Planned",
    "program_type": "Fixed Wireless and Satellite Upgrade Program",
    "target_eligibility_quarter": "NA"
   }
  },
  {
   "type": "Feature",
   "geometry": {
    "type": "Point",
    "coordinates": [
     115.8148642,
     -33.31161265
    ]
   },
   "properties": {
    "name": "60 GARDINER STREET BUREKUP 6227",
    "locID": "LOC000113515586",
    "tech": "WIRELESS",
    "upgrade": "NULL_NA",
    "gnaf_pid": "GAWA_162757906",
    "ee": true,
    "tech_change_status": "Not Planned",
    "program_type": "Fixed Wireless and Satellite Upgrade Program",
    "target_eligibility_quarter": "NA"
   }
  },
  {
   "type": "Feature",
   "geometry": {
    "type": "Point",
    "coordinates": [
     115.81499585,
     -33.31175009
    ]
   },
   "properties": {
    "name": "62 GARDINER STREET BUREKUP 6227",
    "locID": "LOC000116426733",
    "tech": "WIRELESS",
    "upgrade": "NULL_NA",
    "gnaf_pid": "GAWA_162757907",
    "ee": true,
    "tech_change_status": "Not Planned",
    "program_type": "Fixed Wireless and Satellite Upgrade Program",
    "target_eligibility_quarter": "NA"
   }
  },
  {
   "type": "Feature",
   "geometry": {
    "type": "Point",
    "coordinates": [
     115.81528564,
     -33.3120305
    ]
   },
   "properties": {
    "name": "1 SYKES AVENUE BUREKUP 6227",
    "locID": "LOC100087277433",
    "tech": "WIRELESS",
    "upgrade": "NULL_NA",
    "gnaf_pid": "GAWA_162764455",
    "ee": true,
    "tech_change_status": "Not Planned",
    "program_type": "Fixed Wireless and Satellite Upgrade Program",
    "target_eligibility_quarter": "NA"
   }
  },
  {
   "type": "Feature",
   "geometry": {
    "type": "Point",
    "coordinates": [
     115.81503851,
     -33.31220193
    ]
   },
   "properties": {
    "name": "3 SYKES AVENUE BUREKUP 6227",
    "locID": "LOC000132783924",
    "tech": "WIRELESS",
    "upgrade": "NULL_NA",
    "gnaf_pid": "GAWA_162764456",
    "ee": true,
    "tech_change_status": "Not Planned",
    "program_type": "Fixed Wireless and Satellite Upgrade Program",
    "target_eligibility_quarter": "NA"
   }
  },
  {
   "type": "Feature",
   "geometry": {
    "type": "Point",
    "coordinates": [
     115.81484514,
     -33.31233806
    ]
   },
   "properties": {
    "name": "5 SYKES AVENUE BUREKUP 6227",
    "locID": "LOC000116426722",
    "tech": "WIRELESS",
    "upgrade": "NULL_NA",
    "gnaf_pid": "GAWA_162764457",
    "ee": true,
    "tech_change_status": "Not Planned",
    "program_type": "Fixed Wireless and Satellite Upgrade Program",
    "target_eligibility_quarter": "NA"
   }
  },
  {
   "type": "Feature",
   "geometry": {
    "type": "Point",
    "coordinates": [
     115.81465176,
     -33.3124742
    ]
   },
   "properties": {
    "name": "7 SYKES AVENUE BUREKUP 6227",
    "locID": "LOC000132787923",
    "tech": "WIRELESS",
    "upgrade": "NULL_NA",
    "gnaf_pid": "GAWA_162764458",
    "ee": true,
    "tech_change_status": "Not Planned",
    "program_type": "Fixed Wireless and Satellite Upgrade Program",
    "target_eligibility_quarter": "NA"
   }
  },
  {
   "type": "Feature",
   "geometry": {
    "type": "Point",
    "coordinates": [
     115.81445831,
     -33.31261041
    ]
   },
   "properties": {
    "name": "9 SYKES AVENUE BUREKUP 6227",
    "locID": "LOC000132787968",
    "tech": "WIRELESS",
    "upgrade": "NULL_NA",
    "gnaf_pid": "GAWA_162764459",
    "ee": true,
    "tech_change_status": "Not Planned",
    "program_type": "Fixed Wireless and Satellite Upgrade Program",
    "target_eligibility_quarter": "NA"
   }
  },
  {
   "type": "Feature",
   "geometry": {
    "type": "Point",
    "coordinates": [
     115.8388093,
     -33.33335712
    ]
   },
   "properties": {
    "name": "LOT 81 CATALANO ROAD BUREKUP 6227",
    "locID": "LOC000109345323",
    "tech": "WIRELESS",
    "upgrade": "NULL_NA",
    "gnaf_pid": "GAWA_162817522",
    "ee": true,
    "tech_change_status": "Not Planned",
    "program_type": "Fixed Wireless and Satellite Upgrade Program",
    "target_eligibility_quarter": "NA"
   }
  },
  {
   "type": "Feature",
   "geometry": {
    "type": "Point",
    "coordinates": [
     115.8063196,
     -33.30498266
    ]
   },
   "properties": {
    "name": "LOT 6 ORCHARD ROAD BUREKUP 6227",
    "locID": "LOC000108532886",
    "tech": "WIRELESS",
    "upgrade": "NULL_NA",
    "gnaf_pid": "GAWA_162820348",
    "ee": true,
    "tech_change_status": "Not Planned",
    "program_type": "Fixed Wireless and Satellite Upgrade Program",
    "target_eligibility_quarter": "NA"
   }
  },
  {
   "type": "Feature",
   "geometry": {
    "type": "Point",
    "coordinates": [
     115.8388093,
     -33.33335712
    ]
   },
   "properties": {
    "name": "LOT 8 CATALANO ROAD BUREKUP 6227",
    "locID": "LOC000109345323",
    "tech": "WIRELESS",
    "upgrade": "NULL_NA",
    "gnaf_pid": "GAWA_162873920",
    "ee": true,
    "tech_change_status": "Not Planned",
    "program_type": "Fixed Wireless and Satellite Upgrade Program",
    "target_eligibility_quarter": "NA"
   }
  },
  {
   "type": "Feature",
   "geometry": {
    "type": "Point",
    "coordinates": [
     115.8063196,
     -33.30498266
    ]
   },
   "properties": {
    "name": "LOT 3 ORCHARD ROAD BUREKUP 6227",
    "locID": "LOC000108071119",
    "tech": "WIRELESS",
    "upgrade": "NULL_NA",
    "gnaf_pid": "GAWA_162874704",
    "ee": true,
    "tech_change_status": "Not Planned",
    "program_type": "Fixed Wireless and Satellite Upgrade Program",
    "target_eligibility_quarter": "NA"
   }
  },
  {
   "type": "Feature",
   "geometry": {
    "type": "Point",
    "coordinates": [
     115.80167523,
     -33.30834795
    ]
   },
   "properties": {
    "name": "LOT 14 ROSE ROAD BUREKUP 6227",
    "locID": "LOC000109507493",
    "tech": "WIRELESS",
    "upgrade": "NULL_NA",
    "gnaf_pid": "GAWA_162874805",
    "ee": true,
    "tech_change_status": "Not Planned",
    "program_type": "Fixed Wireless and Satellite Upgrade Program",
    "target_eligibility_quarter": "NA"
   }
  },
  {
   "type": "Feature",
   "geometry": {
    "type": "Point",
    "coordinates": [
     115.8063196,
     -33.30498266
    ]
   },
   "properties": {
    "name": "LOT 12 ORCHARD ROAD BUREKUP 6227",
    "locID": "LOC000108532886",
    "tech": "WIRELESS",
    "upgrade": "NULL_NA",
    "gnaf_pid": "GAWA_163052996",
    "ee": true,
    "tech_change_status": "Not Planned",
    "program_type": "Fixed Wireless and Satellite Upgrade Program",
    "target_eligibility_quarter": "NA"
   }
  },
  {
   "type": "Feature",
   "geometry": {
    "type": "Point",
    "coordinates": [
     115.80167523,
     -33.30834795
    ]
   },
   "properties": {
    "name": "LOT 15 ROSE ROAD BUREKUP 6227",
    "locID": "LOC000109535193",
    "tech": "WIRELESS",
    "upgrade": "NULL_NA",
    "gnaf_pid": "GAWA_163206846",
    "ee": true,
    "tech_change_status": "Not Planned",
    "program_type": "Fixed Wireless and Satellite Upgrade Program",
    "target_eligibility_quarter": "NA"
   }
  },
  {
   "type": "Feature",
   "geometry": {
    "type": "Point",
    "coordinates": [
     115.80393351,
     -33.30203149
    ]
   },
   "properties": {
    "name": "94 ORCHARD ROAD BUREKUP 6227",
    "locID": "LOC000132788082",
    "tech": "WIRELESS",
    "upgrade": "NULL_NA",
    "gnaf_pid": "GAWA_163275719",
    "ee": true,
    "tech_change_status": "Not Planned",
    "program_type": "Fixed Wireless and Satellite Upgrade Program",
    "target_eligibility_quarter": "NA"
   }
  },
  {
   "type": "Feature",
   "geometry": {
    "type": "Point",
    "coordinates": [
     115.82046796,
     -33.31422042
    ]
   },
   "properties": {
    "name": "14 CRAMPTON ROAD BUREKUP 6227",
    "locID": "LOC000132783809",
    "tech": "WIRELESS",
    "upgrade": "NULL_NA",
    "gnaf_pid": "GAWA_718296363",
    "ee": true,
    "tech_change_status": "Not Planned",
    "program_type": "Fixed Wireless and Satellite Upgrade Program",
    "target_eligibility_quarter": "NA"
   }
  },
  {
   "type": "Feature",
   "geometry": {
    "type": "Point",
    "coordinates": [
     115.82013996,
     -33.31445784
    ]
   },
   "properties": {
    "name": "18 CRAMPTON ROAD BUREKUP 6227",
    "locID": "LOC000132783850",
    "tech": "WIRELESS",
    "upgrade": "NULL_NA",
    "gnaf_pid": "GAWA_718296364",
    "ee": true,
    "tech_change_status": "Not Planned",
    "program_type": "Fixed Wireless and Satellite Upgrade Program",
    "target_eligibility_quarter": "NA"
   }
  },
  {
   "type": "Feature",
   "geometry": {
    "type": "Point",
    "coordinates": [
     115.82480255,
     -33.3369484
    ]
   },
   "properties": {
    "name": "301 HENTY ROAD BUREKUP 6227",
    "locID": "LOC000132783930",
    "tech": "WIRELESS",
    "upgrade": "NULL_NA",
    "gnaf_pid": "GAWA_718297484",
    "ee": true,
    "tech_change_status": "Not Planned",
    "program_type": "Fixed Wireless and Satellite Upgrade Program",
    "target_eligibility_quarter": "NA"
   }
  },
  {
   "type": "Feature",
   "geometry": {
    "type": "Point",
    "coordinates": [
     115.81681899,
     -33.31085641
    ]
   },
   "properties": {
    "name": "11 O'MEARA DRIVE BUREKUP 6227",
    "locID": "LOC000132783752",
    "tech": "WIRELESS",
    "upgrade": "NULL_NA",
    "gnaf_pid": "GAWA_718341847",
    "ee": true,
    "tech_change_status": "Not Planned",
    "program_type": "Fixed Wireless and Satellite Upgrade Program",
    "target_eligibility_quarter": "NA"
   }
  },
  {
   "type": "Feature",
   "geometry": {
    "type": "Point",
    "coordinates": [
     115.81694983,
     -33.31061397
    ]
   },
   "properties": {
    "name": "13 O'MEARA DRIVE BUREKUP 6227",
    "locID": "LOC000132783799",
    "tech": "WIRELESS",
    "upgrade": "NULL_NA",
    "gnaf_pid": "GAWA_718341848",
    "ee": true,
    "tech_change_status": "Not Planned",
    "program_type": "Fixed Wireless and Satellite Upgrade Program",
    "target_eligibility_quarter": "NA"
   }
  },
  {
   "type": "Feature",
   "geometry": {
    "type": "Point",
    "coordinates": [
     115.81667016,
     -33.31109681
    ]
   },
   "properties": {
    "name": "9 O'MEARA DRIVE BUREKUP 6227",
    "locID": "LOC000132787952",
    "tech": "WIRELESS",
    "upgrade": "NULL_NA",
    "gnaf_pid": "GAWA_718341849",
    "ee": true,
    "tech_change_status": "Not Planned",
    "program_type": "Fixed Wireless and Satellite Upgrade Program",
    "target_eligibility_quarter": "NA"
   }
  },
  {
   "type": "Feature",
   "geometry": {
    "type": "Point",
    "coordinates": [
     115.81570747,
     -33.3098749
    ]
   },
   "properties": {
    "name": "14 GIBSON TERRACE BUREKUP 6227",
    "locID": "LOC000138309049",
    "tech": "WIRELESS",
    "upgrade": "NULL_NA",
    "gnaf_pid": "GAWA_718449675",
    "ee": true,
    "tech_change_status": "Not Planned",
    "program_type": "Fixed Wireless and Satellite Upgrade Program",
    "target_eligibility_quarter": "NA"
   }
  },
  {
   "type": "Feature",
   "geometry": {
    "type": "Point",
    "coordinates": [
     115.80849072,
     -33.31132091
    ]
   },
   "properties": {
    "name": "6A MONEY STREET BUREKUP 6227",
    "locID": "LOC000186937747",
    "tech": "WIRELESS",
    "upgrade": "NULL_NA",
    "gnaf_pid": "GAWA_718485849",
    "ee": true,
    "tech_change_status": "Not Planned",
    "program_type": "Fixed Wireless and Satellite Upgrade Program",
    "target_eligibility_quarter": "NA"
   }
  },
  {
   "type": "Feature",
   "geometry": {
    "type": "Point",
    "coordinates": [
     115.82856769,
     -33.31315034
    ]
   },
   "properties": {
    "name": "125 SHENTON ROAD BUREKUP 6227",
    "locID": "LOC000138310907",
    "tech": "WIRELESS",
    "upgrade": "NULL_NA",
    "gnaf_pid": "GAWA_718512223",
    "ee": true,
    "tech_change_status": "Not Planned",
    "program_type": "Fixed Wireless and Satellite Upgrade Program",
    "target_eligibility_quarter": "NA"
   }
  },
  {
   "type": "Feature",
   "geometry": {
    "type": "Point",
    "coordinates": [
     115.80117,
     -33.32013
    ]
   },
   "properties": {
    "name": "30B HENTY ROAD BUREKUP 6227",
    "locID": "LOC100082343258",
    "tech": "WIRELESS",
    "upgrade": "NULL_NA",
    "gnaf_pid": "GAWA_718633732",
    "ee": true,
    "tech_change_status": "Not Planned",
    "program_type": "Fixed Wireless and Satellite Upgrade Program",
    "target_eligibility_quarter": "NA"
   }
  },
  {
   "type": "Feature",
   "geometry": {
    "type": "Point",
    "coordinates": [
     115.88093671,
     -33.32792022
    ]
   },
   "properties": {
    "name": "530 COLLIE RIVER ROAD BUREKUP 6227",
    "locID": "LOC000150285971",
    "tech": "NULL",
    "upgrade": "NULL_NA",
    "gnaf_pid": "GAWA_718786340",
    "ee": true,
    "tech_change_status": "Not Planned"
   }
  },
  {
   "type": "Feature",
   "geometry": {
    "type": "Point",
    "coordinates": [
     115.81149246,
     -33.31126265
    ]
   },
   "properties": {
    "name": "UNIT 4, 18 CLARKE STREET BUREKUP 6227",
    "locID": "LOC000054028858",
    "tech": "WIRELESS",
    "upgrade": "NULL_NA",
    "gnaf_pid": "GAWA_719045368",
    "ee": true,
    "tech_change_status": "Not Planned",
    "program_type": "Fixed Wireless and Satellite Upgrade Program",
    "target_eligibility_quarter": "NA"
   }
  },
  {
   "type": "Feature",
   "geometry": {
    "type": "Point",
    "coordinates": [
     115.85088423,
     -33.32978288
    ]
   },
   "properties": {
    "name": "251 CATALANO ROAD BUREKUP 6227",
    "locID": "LOC000109345323",
    "tech": "WIRELESS",
    "upgrade": "NULL_NA",
    "gnaf_pid": "GAWA_719502112",
    "ee": true,
    "tech_change_status": "Not Planned",
    "program_type": "Fixed Wireless and Satellite Upgrade Program",
    "target_eligibility_quarter": "NA"
   }
  },
  {
   "type": "Feature",
   "geometry": {
    "type": "Point",
    "coordinates": [
     115.81149246,
     -33.31126265
    ]
   },
   "properties": {
    "name": "UNIT 2, 18 CLARKE STREET BUREKUP 6227",
    "locID": "LOC000054033294",
    "tech": "WIRELESS",
    "upgrade": "NULL_NA",
    "gnaf_pid": "GAWA_719647870",
    "ee": true,
    "tech_change_status": "Not Planned",
    "program_type": "Fixed Wireless and Satellite Upgrade Program",
    "target_eligibility_quarter": "NA"
   }
  },
  {
   "type": "Feature",
   "geometry": {
    "type": "Point",
    "coordinates": [
     115.87282458,
     -33.32822699
    ]
   },
   "properties": {
    "name": "UNIT 2, 420 COLLIE RIVER ROAD BUREKUP 6227",
    "locID": "LOC000024816173",
    "tech": "WIRELESS",
    "upgrade": "NULL_NA",
    "gnaf_pid": "GAWA_720111179",
    "ee": true,
    "tech_change_status": "Not Planned",
    "program_type": "Fixed Wireless and Satellite Upgrade Program",
    "target_eligibility_quarter": "NA"
   }
  },
  {
   "type": "Feature",
   "geometry": {
    "type": "Point",
    "coordinates": [
     115.81178017,
     -33.31178386
    ]
   },
   "properties": {
    "name": "21 CASTIEAU STREET BUREKUP 6227",
    "locID": "LOC100078485080",
    "tech": "WIRELESS",
    "upgrade": "NULL_NA",
    "gnaf_pid": "GAWA_720410822",
    "ee": true,
    "tech_change_status": "Not Planned",
    "program_type": "Fixed Wireless and Satellite Upgrade Program",
    "target_eligibility_quarter": "NA"
   }
  },
  {
   "type": "Feature",
   "geometry": {
    "type": "Point",
    "coordinates": [
     115.81210259,
     -33.31155216
    ]
   },
   "properties": {
    "name": "25 CASTIEAU STREET BUREKUP 6227",
    "locID": "LOC100086002209",
    "tech": "WIRELESS",
    "upgrade": "NULL_NA",
    "gnaf_pid": "GAWA_720411074",
    "ee": true,
    "tech_change_status": "Not Planned",
    "program_type": "Fixed Wireless and Satellite Upgrade Program",
    "target_eligibility_quarter": "NA"
   }
  },
  {
   "type": "Feature",
   "geometry": {
    "type": "Point",
    "coordinates": [
     115.81225854,
     -33.31144795
    ]
   },
   "properties": {
    "name": "27 CASTIEAU STREET BUREKUP 6227",
    "locID": "LOC100077961764",
    "tech": "WIRELESS",
    "upgrade": "NULL_NA",
    "gnaf_pid": "GAWA_720412047",
    "ee": true,
    "tech_change_status": "Not Planned",
    "program_type": "Fixed Wireless and Satellite Upgrade Program",
    "target_eligibility_quarter": "NA"
   }
  },
  {
   "type": "Feature",
   "geometry": {
    "type": "Point",
    "coordinates": [
     115.81253431,
     -33.31125363
    ]
   },
   "properties": {
    "name": "29 CASTIEAU STREET BUREKUP 6227",
    "locID": "LOC100085221696",
    "tech": "WIRELESS",
    "upgrade": "NULL_NA",
    "gnaf_pid": "GAWA_720412632",
    "ee": true,
    "tech_change_status": "Not Planned",
    "program_type": "Fixed Wireless and Satellite Upgrade Program",
    "target_eligibility_quarter": "NA"
   }
  },
  {
   "type": "Feature",
   "geometry": {
    "type": "Point",
    "coordinates": [
     115.81268751,
     -33.31114057
    ]
   },
   "properties": {
    "name": "31 CASTIEAU STREET BUREKUP 6227",
    "locID": "LOC000189885252",
    "tech": "WIRELESS",
    "upgrade": "NULL_NA",
    "gnaf_pid": "GAWA_720413145",
    "ee": true,
    "tech_change_status": "Not Planned",
    "program_type": "Fixed Wireless and Satellite Upgrade Program",
    "target_eligibility_quarter": "NA"
   }
  },
  {
   "type": "Feature",
   "geometry": {
    "type": "Point",
    "coordinates": [
     115.81248061,
     -33.31234962
    ]
   },
   "properties": {
    "name": "28 CLARKE STREET BUREKUP 6227",
    "locID": "LOC100080443537",
    "tech": "WIRELESS",
    "upgrade": "NULL_NA",
    "gnaf_pid": "GAWA_720715849",
    "ee": true,
    "tech_change_status": "Not Planned",
    "program_type": "Fixed Wireless and Satellite Upgrade Program",
    "target_eligibility_quarter": "NA"
   }
  },
  {
   "type": "Feature",
   "geometry": {
    "type": "Point",
    "coordinates": [
     115.812757,
     -33.31262648
    ]
   },
   "properties": {
    "name": "32 CLARKE STREET BUREKUP 6227",
    "locID": "LOC100080600086",
    "tech": "WIRELESS",
    "upgrade": "NULL_NA",
    "gnaf_pid": "GAWA_720716655",
    "ee": true,
    "tech_change_status": "Not Planned",
    "program_type": "Fixed Wireless and Satellite Upgrade Program",
    "target_eligibility_quarter": "NA"
   }
  },
  {
   "type": "Feature",
   "geometry": {
    "type": "Point",
    "coordinates": [
     115.81220422,
     -33.31207276
    ]
   },
   "properties": {
    "name": "24 CLARKE STREET BUREKUP 6227",
    "locID": "LOC100082661153",
    "tech": "WIRELESS",
    "upgrade": "NULL_NA",
    "gnaf_pid": "GAWA_720717285",
    "ee": true,
    "tech_change_status": "Not Planned",
    "program_type": "Fixed Wireless and Satellite Upgrade Program",
    "target_eligibility_quarter": "NA"
   }
  },
  {
   "type": "Feature",
   "geometry": {
    "type": "Point",
    "coordinates": [
     115.81234242,
     -33.31221119
    ]
   },
   "properties": {
    "name": "26 CLARKE STREET BUREKUP 6227",
    "locID": "LOC100080629138",
    "tech": "WIRELESS",
    "upgrade": "NULL_NA",
    "gnaf_pid": "GAWA_720717303",
    "ee": true,
    "tech_change_status": "Not Planned",
    "program_type": "Fixed Wireless and Satellite Upgrade Program",
    "target_eligibility_quarter": "NA"
   }
  },
  {
   "type": "Feature",
   "geometry": {
    "type": "Point",
    "coordinates": [
     115.81261881,
     -33.31248805
    ]
   },
   "properties": {
    "name": "30 CLARKE STREET BUREKUP 6227",
    "locID": "LOC100082699831",
    "tech": "WIRELESS",
    "upgrade": "NULL_NA",
    "gnaf_pid": "GAWA_720718618",
    "ee": true,
    "tech_change_status": "Not Planned",
    "program_type": "Fixed Wireless and Satellite Upgrade Program",
    "target_eligibility_quarter": "NA"
   }
  },
  {
   "type": "Feature",
   "geometry": {
    "type": "Point",
    "coordinates": [
     115.81206603,
     -33.31193433
    ]
   },
   "properties": {
    "name": "22 CLARKE STREET BUREKUP 6227",
    "locID": "LOC100085219087",
    "tech": "WIRELESS",
    "upgrade": "NULL_NA",
    "gnaf_pid": "GAWA_720718932",
    "ee": true,
    "tech_change_status": "Not Planned",
    "program_type": "Fixed Wireless and Satellite Upgrade Program",
    "target_eligibility_quarter": "NA"
   }
  },
  {
   "type": "Feature",
   "geometry": {
    "type": "Point",
    "coordinates": [
     115.8388093,
     -33.33335712
    ]
   },
   "properties": {
    "name": "LOT 9 CATALANO ROAD BUREKUP 6227",
    "locID": "LOC000109345323",
    "tech": "WIRELESS",
    "upgrade": "NULL_NA",
    "gnaf_pid": "GAWA_720725051",
    "ee": true,
    "tech_change_status": "Not Planned",
    "program_type": "Fixed Wireless and Satellite Upgrade Program",
    "target_eligibility_quarter": "NA"
   }
  },
  {
   "type": "Feature",
   "geometry": {
    "type": "Point",
    "coordinates": [
     115.81309631,
     -33.31168049
    ]
   },
   "properties": {
    "name": "7 KETTERIDGE STREET BUREKUP 6227",
    "locID": "LOC100084927274",
    "tech": "WIRELESS",
    "upgrade": "NULL_NA",
    "gnaf_pid": "GAWA_720972654",
    "ee": true,
    "tech_change_status": "Not Planned",
    "program_type": "Fixed Wireless and Satellite Upgrade Program",
    "target_eligibility_quarter": "NA"
   }
  },
  {
   "type": "Feature",
   "geometry": {
    "type": "Point",
    "coordinates": [
     115.81238452,
     -33.3117101
    ]
   },
   "properties": {
    "name": "4 KETTERIDGE STREET BUREKUP 6227",
    "locID": "LOC100085484378",
    "tech": "WIRELESS",
    "upgrade": "NULL_NA",
    "gnaf_pid": "GAWA_720972819",
    "ee": true,
    "tech_change_status": "Not Planned",
    "program_type": "Fixed Wireless and Satellite Upgrade Program",
    "target_eligibility_quarter": "NA"
   }
  },
  {
   "type": "Feature",
   "geometry": {
    "type": "Point",
    "coordinates": [
     115.81281986,
     -33.31140366
    ]
   },
   "properties": {
    "name": "3 KETTERIDGE STREET BUREKUP 6227",
    "locID": "LOC100084931528",
    "tech": "WIRELESS",
    "upgrade": "NULL_NA",
    "gnaf_pid": "GAWA_720972983",
    "ee": true,
    "tech_change_status": "Not Planned",
    "program_type": "Fixed Wireless and Satellite Upgrade Program",
    "target_eligibility_quarter": "NA"
   }
  },
  {
   "type": "Feature",
   "geometry": {
    "type": "Point",
    "coordinates": [
     115.81295808,
     -33.31154207
    ]
   },
   "properties": {
    "name": "5 KETTERIDGE STREET BUREKUP 6227",
    "locID": "LOC100086333567",
    "tech": "WIRELESS",
    "upgrade": "NULL_NA",
    "gnaf_pid": "GAWA_720973910",
    "ee": true,
    "tech_change_status": "Not Planned",
    "program_type": "Fixed Wireless and Satellite Upgrade Program",
    "target_eligibility_quarter": "NA"
   }
  },
  {
   "type": "Feature",
   "geometry": {
    "type": "Point",
    "coordinates": [
     115.81293726,
     -33.31226371
    ]
   },
   "properties": {
    "name": "12 KETTERIDGE STREET BUREKUP 6227",
    "locID": "LOC100085773082",
    "tech": "WIRELESS",
    "upgrade": "NULL_NA",
    "gnaf_pid": "GAWA_720973971",
    "ee": true,
    "tech_change_status": "Not Planned",
    "program_type": "Fixed Wireless and Satellite Upgrade Program",
    "target_eligibility_quarter": "NA"
   }
  },
  {
   "type": "Feature",
   "geometry": {
    "type": "Point",
    "coordinates": [
     115.81266088,
     -33.31198691
    ]
   },
   "properties": {
    "name": "8 KETTERIDGE STREET BUREKUP 6227",
    "locID": "LOC100085962479",
    "tech": "WIRELESS",
    "upgrade": "NULL_NA",
    "gnaf_pid": "GAWA_720974950",
    "ee": true,
    "tech_change_status": "Not Planned",
    "program_type": "Fixed Wireless and Satellite Upgrade Program",
    "target_eligibility_quarter": "NA"
   }
  },
  {
   "type": "Feature",
   "geometry": {
    "type": "Point",
    "coordinates": [
     115.8125227,
     -33.31184851
    ]
   },
   "properties": {
    "name": "6 KETTERIDGE STREET BUREKUP 6227",
    "locID": "LOC100084927274",
    "tech": "WIRELESS",
    "upgrade": "NULL_NA",
    "gnaf_pid": "GAWA_720975142",
    "ee": true,
    "tech_change_status": "Not Planned",
    "program_type": "Fixed Wireless and Satellite Upgrade Program",
    "target_eligibility_quarter": "NA"
   }
  },
  {
   "type": "Feature",
   "geometry": {
    "type": "Point",
    "coordinates": [
     115.80532459,
     -33.30314388
    ]
   },
   "properties": {
    "name": "92 ORCHARD ROAD BUREKUP 6227",
    "locID": "LOC000108071119",
    "tech": "WIRELESS",
    "upgrade": "NULL_NA",
    "gnaf_pid": "GAWA_721014319",
    "ee": true,
    "tech_change_status": "Not Planned",
    "program_type": "Fixed Wireless and Satellite Upgrade Program",
    "target_eligibility_quarter": "NA"
   }
  },
  {
   "type": "Feature",
   "geometry": {
    "type": "Point",
    "coordinates": [
     115.81351098,
     -33.31209572
    ]
   },
   "properties": {
    "name": "13 KETTERIDGE STREET BUREKUP 6227",
    "locID": "LOC100087459055",
    "tech": "WIRELESS",
    "upgrade": "NULL_NA",
    "gnaf_pid": "GAWA_721014578",
    "ee": true,
    "tech_change_status": "Not Planned",
    "program_type": "Fixed Wireless and Satellite Upgrade Program",
    "target_eligibility_quarter": "NA"
   }
  },
  {
   "type": "Feature",
   "geometry": {
    "type": "Point",
    "coordinates": [
     115.81376531,
     -33.31247181
    ]
   },
   "properties": {
    "name": "10 SYKES AVENUE BUREKUP 6227",
    "locID": "LOC100089857538",
    "tech": "WIRELESS",
    "upgrade": "NULL_NA",
    "gnaf_pid": "GAWA_721015224",
    "ee": true,
    "tech_change_status": "Not Planned",
    "program_type": "Fixed Wireless and Satellite Upgrade Program",
    "target_eligibility_quarter": "NA"
   }
  },
  {
   "type": "Feature",
   "geometry": {
    "type": "Point",
    "coordinates": [
     115.8128736,
     -33.31288026
    ]
   },
   "properties": {
    "name": "18 SYKES AVENUE BUREKUP 6227",
    "locID": "LOC100087277433",
    "tech": "WIRELESS",
    "upgrade": "NULL_NA",
    "gnaf_pid": "GAWA_721016363",
    "ee": true,
    "tech_change_status": "Not Planned",
    "program_type": "Fixed Wireless and Satellite Upgrade Program",
    "target_eligibility_quarter": "NA"
   }
  }
 ]
}