{
 "type": "FeatureCollection",
 "generated": "2025-06-19T00:58:37.492077",
 "suburb": "DERBY",
 "features": [
  {
   "type": "Feature",
   "geometry": {
    "type": "Point",
    "coordinates": [
     123.65638,
     -17.32056
    ]
   },
   "properties": {
    "name": "23 GUILDFORD STREET DERBY 6728",
    "locID": "LOC000038851075",
    "tech": "FTTN",
    "upgrade": "NULL_NA",
    "gnaf_pid": "GAWA_146838904",
    "ee": true,
    "tech_change_status": "Not Planned"
   }
  },
  {
   "type": "Feature",
   "geometry": {
    "type": "Point",
    "coordinates": [
     123.63329,
     -17.31125
    ]
   },
   "properties": {
    "name": "4 KNOWSLEY STREET WEST DERBY 6728",
    "locID": "LOC000098960967",
    "tech": "FTTN",
    "upgrade": "NULL_NA",
    "gnaf_pid": "GAWA_146978602",
    "ee": true,
    "tech_change_status": "Not Planned"
   }
  },
  {
   "type": "Feature",
   "geometry": {
    "type": "Point",
    "coordinates": [
     123.63744507,
     -17.31043109
    ]
   },
   "properties": {
    "name": "6 HEYTESBURY STREET DERBY 6728",
    "locID": "LOC000043014661",
    "tech": "FTTN",
    "upgrade": "NULL_NA",
    "gnaf_pid": "GAWA_146979284",
    "ee": true,
    "tech_change_status": "Not Planned"
   }
  },
  {
   "type": "Feature",
   "geometry": {
    "type": "Point",
    "coordinates": [
     123.64704,
     -17.30983
    ]
   },
   "properties": {
    "name": "138 LOCH STREET DERBY 6728",
    "locID": "LOC000007042121",
    "tech": "FTTN",
    "upgrade": "NULL_NA",
    "gnaf_pid": "GAWA_146979745",
    "ee": true,
    "tech_change_status": "Not Planned"
   }
  },
  {
   "type": "Feature",
   "geometry": {
    "type": "Point",
    "coordinates": [
     123.64573,
     -17.31047
    ]
   },
   "properties": {
    "name": "4 MINIRITCHIE PLACE DERBY 6728",
    "locID": "LOC000098145572",
    "tech": "FTTN",
    "upgrade": "NULL_NA",
    "gnaf_pid": "GAWA_146980234",
    "ee": true,
    "tech_change_status": "Not Planned"
   }
  },
  {
   "type": "Feature",
   "geometry": {
    "type": "Point",
    "coordinates": [
     123.64577,
     -17.31029
    ]
   },
   "properties": {
    "name": "6 MINIRITCHIE PLACE DERBY 6728",
    "locID": "LOC000055387444",
    "tech": "FTTN",
    "upgrade": "NULL_NA",
    "gnaf_pid": "GAWA_146980235",
    "ee": true,
    "tech_change_status": "Not Planned"
   }
  },
  {
   "type": "Feature",
   "geometry": {
    "type": "Point",
    "coordinates": [
     123.63574272,
     -17.30825099
    ]
   },
   "properties": {
    "name": "96 CLARENDON STREET DERBY 6728",
    "locID": "LOC000147462163",
    "tech": "FTTN",
    "upgrade": "NULL_NA",
    "gnaf_pid": "GAWA_146980917",
    "ee": true,
    "tech_change_status": "Not Planned"
   }
  },
  {
   "type": "Feature",
   "geometry": {
    "type": "Point",
    "coordinates": [
     123.64692,
     -17.31044
    ]
   },
   "properties": {
    "name": "45 KNOWSLEY STREET EAST DERBY 6728",
    "locID": "LOC000037137607",
    "tech": "FTTN",
    "upgrade": "NULL_NA",
    "gnaf_pid": "GAWA_146981197",
    "ee": true,
    "tech_change_status": "Not Planned"
   }
  },
  {
   "type": "Feature",
   "geometry": {
    "type": "Point",
    "coordinates": [
     123.63316,
     -17.31347
    ]
   },
   "properties": {
    "name": "2 ROSE STREET DERBY 6728",
    "locID": "LOC000100806770",
    "tech": "FTTN",
    "upgrade": "NULL_NA",
    "gnaf_pid": "GAWA_146981810",
    "ee": true,
    "tech_change_status": "Not Planned"
   }
  },
  {
   "type": "Feature",
   "geometry": {
    "type": "Point",
    "coordinates": [
     123.63316,
     -17.31391
    ]
   },
   "properties": {
    "name": "97 ROWAN STREET DERBY 6728",
    "locID": "LOC000102022866",
    "tech": "FTTN",
    "upgrade": "NULL_NA",
    "gnaf_pid": "GAWA_146981811",
    "ee": true,
    "tech_change_status": "Not Planned"
   }
  },
  {
   "type": "Feature",
   "geometry": {
    "type": "Point",
    "coordinates": [
     123.63334,
     -17.31358
    ]
   },
   "properties": {
    "name": "34 MARMION STREET DERBY 6728",
    "locID": "LOC000038733754",
    "tech": "FTTN",
    "upgrade": "NULL_NA",
    "gnaf_pid": "GAWA_146981812",
    "ee": true,
    "tech_change_status": "Not Planned"
   }
  },
  {
   "type": "Feature",
   "geometry": {
    "type": "Point",
    "coordinates": [
     123.63346,
     -17.31377
    ]
   },
   "properties": {
    "name": "36 MARMION STREET DERBY 6728",
    "locID": "LOC000100894376",
    "tech": "FTTN",
    "upgrade": "NULL_NA",
    "gnaf_pid": "GAWA_146981813",
    "ee": true,
    "tech_change_status": "Not Planned"
   }
  },
  {
   "type": "Feature",
   "geometry": {
    "type": "Point",
    "coordinates": [
     123.63194,
     -17.30939
    ]
   },
   "properties": {
    "name": "5 HOWELL STREET DERBY 6728",
    "locID": "LOC000011556301",
    "tech": "FTTN",
    "upgrade": "NULL_NA",
    "gnaf_pid": "GAWA_146982210",
    "ee": true,
    "tech_change_status": "Not Planned"
   }
  },
  {
   "type": "Feature",
   "geometry": {
    "type": "Point",
    "coordinates": [
     123.6321,
     -17.30853
    ]
   },
   "properties": {
    "name": "6 MARMION STREET DERBY 6728",
    "locID": "LOC000002108735",
    "tech": "FTTN",
    "upgrade": "NULL_NA",
    "gnaf_pid": "GAWA_146982211",
    "ee": true,
    "tech_change_status": "Not Planned"
   }
  },
  {
   "type": "Feature",
   "geometry": {
    "type": "Point",
    "coordinates": [
     123.63222,
     -17.307
    ]
   },
   "properties": {
    "name": "78 CLARENDON STREET DERBY 6728",
    "locID": "LOC000050143931",
    "tech": "FTTN",
    "upgrade": "NULL_NA",
    "gnaf_pid": "GAWA_146982212",
    "ee": true,
    "tech_change_status": "Not Planned"
   }
  },
  {
   "type": "Feature",
   "geometry": {
    "type": "Point",
    "coordinates": [
     123.63208,
     -17.30906
    ]
   },
   "properties": {
    "name": "8 COLEMAN STREET DERBY 6728",
    "locID": "LOC000077630156",
    "tech": "FTTN",
    "upgrade": "NULL_NA",
    "gnaf_pid": "GAWA_146982213",
    "ee": true,
    "tech_change_status": "Not Planned"
   }
  },
  {
   "type": "Feature",
   "geometry": {
    "type": "Point",
    "coordinates": [
     123.63218,
     -17.30931
    ]
   },
   "properties": {
    "name": "10 MARMION STREET DERBY 6728",
    "locID": "LOC000063202168",
    "tech": "FTTN",
    "upgrade": "NULL_NA",
    "gnaf_pid": "GAWA_146982214",
    "ee": true,
    "tech_change_status": "Not Planned"
   }
  },
  {
   "type": "Feature",
   "geometry": {
    "type": "Point",
    "coordinates": [
     123.63254,
     -17.30711
    ]
   },
   "properties": {
    "name": "82 CLARENDON STREET DERBY 6728",
    "locID": "LOC000044743676",
    "tech": "FTTN",
    "upgrade": "NULL_NA",
    "gnaf_pid": "GAWA_146982215",
    "ee": true,
    "tech_change_status": "Not Planned"
   }
  },
  {
   "type": "Feature",
   "geometry": {
    "type": "Point",
    "coordinates": [
     123.63247,
     -17.30742
    ]
   },
   "properties": {
    "name": "9 ANDERSON STREET DERBY 6728",
    "locID": "LOC000022875013",
    "tech": "FTTN",
    "upgrade": "NULL_NA",
    "gnaf_pid": "GAWA_146982216",
    "ee": true,
    "tech_change_status": "Not Planned"
   }
  },
  {
   "type": "Feature",
   "geometry": {
    "type": "Point",
    "coordinates": [
     123.63298,
     -17.3074
    ]
   },
   "properties": {
    "name": "86 CLARENDON STREET DERBY 6728",
    "locID": "LOC000026961627",
    "tech": "FTTN",
    "upgrade": "NULL_NA",
    "gnaf_pid": "GAWA_146982218",
    "ee": true,
    "tech_change_status": "Not Planned"
   }
  },
  {
   "type": "Feature",
   "geometry": {
    "type": "Point",
    "coordinates": [
     123.63325,
     -17.30747
    ]
   },
   "properties": {
    "name": "88 CLARENDON STREET DERBY 6728",
    "locID": "LOC000079808020",
    "tech": "FTTN",
    "upgrade": "NULL_NA",
    "gnaf_pid": "GAWA_146982219",
    "ee": true,
    "tech_change_status": "Not Planned"
   }
  },
  {
   "type": "Feature",
   "geometry": {
    "type": "Point",
    "coordinates": [
     123.63297,
     -17.30472
    ]
   },
   "properties": {
    "name": "89 LOCH STREET DERBY 6728",
    "locID": "LOC000019490127",
    "tech": "FTTN",
    "upgrade": "NULL_NA",
    "gnaf_pid": "GAWA_146982221",
    "ee": true,
    "tech_change_status": "Not Planned"
   }
  },
  {
   "type": "Feature",
   "geometry": {
    "type": "Point",
    "coordinates": [
     123.63313,
     -17.30446
    ]
   },
   "properties": {
    "name": "5 NEVILL STREET DERBY 6728",
    "locID": "LOC000049319621",
    "tech": "FTTN",
    "upgrade": "NULL_NA",
    "gnaf_pid": "GAWA_146982222",
    "ee": true,
    "tech_change_status": "Not Planned"
   }
  },
  {
   "type": "Feature",
   "geometry": {
    "type": "Point",
    "coordinates": [
     123.63329,
     -17.30473
    ]
   },
   "properties": {
    "name": "91 LOCH STREET DERBY 6728",
    "locID": "LOC000111136205",
    "tech": "FTTN",
    "upgrade": "NULL_NA",
    "gnaf_pid": "GAWA_146982223",
    "ee": true,
    "tech_change_status": "Not Planned"
   }
  },
  {
   "type": "Feature",
   "geometry": {
    "type": "Point",
    "coordinates": [
     123.6333,
     -17.3042
    ]
   },
   "properties": {
    "name": "3 NEVILL STREET DERBY 6728",
    "locID": "LOC000101421056",
    "tech": "FTTN",
    "upgrade": "NULL_NA",
    "gnaf_pid": "GAWA_146982224",
    "ee": true,
    "tech_change_status": "Not Planned"
   }
  },
  {
   "type": "Feature",
   "geometry": {
    "type": "Point",
    "coordinates": [
     123.63353,
     -17.30487
    ]
   },
   "properties": {
    "name": "95 LOCH STREET DERBY 6728",
    "locID": "LOC000112636922",
    "tech": "FTTN",
    "upgrade": "NULL_NA",
    "gnaf_pid": "GAWA_146982225",
    "ee": true,
    "tech_change_status": "Not Planned"
   }
  },
  {
   "type": "Feature",
   "geometry": {
    "type": "Point",
    "coordinates": [
     123.63347,
     -17.30395
    ]
   },
   "properties": {
    "name": "84 VILLIERS STREET DERBY 6728",
    "locID": "LOC000060058576",
    "tech": "FTTN",
    "upgrade": "NULL_NA",
    "gnaf_pid": "GAWA_146982226",
    "ee": true,
    "tech_change_status": "Not Planned"
   }
  },
  {
   "type": "Feature",
   "geometry": {
    "type": "Point",
    "coordinates": [
     123.63362,
     -17.30422
    ]
   },
   "properties": {
    "name": "86 VILLIERS STREET DERBY 6728",
    "locID": "LOC000077879863",
    "tech": "FTTN",
    "upgrade": "NULL_NA",
    "gnaf_pid": "GAWA_146982227",
    "ee": true,
    "tech_change_status": "Not Planned"
   }
  },
  {
   "type": "Feature",
   "geometry": {
    "type": "Point",
    "coordinates": [
     123.63378,
     -17.30502
    ]
   },
   "properties": {
    "name": "99 LOCH STREET DERBY 6728",
    "locID": "LOC000092857126",
    "tech": "FTTP",
    "upgrade": "NULL_NA",
    "gnaf_pid": "GAWA_146982228",
    "ee": true
   }
  },
  {
   "type": "Feature",
   "geometry": {
    "type": "Point",
    "coordinates": [
     123.634,
     -17.30665
    ]
   },
   "properties": {
    "name": "6 HENSMAN STREET DERBY 6728",
    "locID": "LOC000090284589",
    "tech": "FTTN",
    "upgrade": "NULL_NA",
    "gnaf_pid": "GAWA_146982229",
    "ee": true,
    "tech_change_status": "Not Planned"
   }
  },
  {
   "type": "Feature",
   "geometry": {
    "type": "Point",
    "coordinates": [
     123.67884,
     -17.33569
    ]
   },
   "properties": {
    "name": "21 WINDJANA ROAD DERBY 6728",
    "locID": "LOC000049026463",
    "tech": "SATELLITE",
    "upgrade": "NULL_NA",
    "gnaf_pid": "GAWA_146982295",
    "ee": true,
    "tech_change_status": "Not Planned"
   }
  },
  {
   "type": "Feature",
   "geometry": {
    "type": "Point",
    "coordinates": [
     123.68021,
     -17.33867
    ]
   },
   "properties": {
    "name": "14 WINDJANA ROAD DERBY 6728",
    "locID": "LOC000064913827",
    "tech": "SATELLITE",
    "upgrade": "NULL_NA",
    "gnaf_pid": "GAWA_146982296",
    "ee": true,
    "tech_change_status": "Not Planned"
   }
  },
  {
   "type": "Feature",
   "geometry": {
    "type": "Point",
    "coordinates": [
     123.68041,
     -17.33733
    ]
   },
   "properties": {
    "name": "16 WINDJANA ROAD DERBY 6728",
    "locID": "LOC000074490850",
    "tech": "NULL",
    "upgrade": "NULL_NA",
    "gnaf_pid": "GAWA_146982297",
    "ee": true,
    "tech_change_status": "Not Planned"
   }
  },
  {
   "type": "Feature",
   "geometry": {
    "type": "Point",
    "coordinates": [
     123.68062,
     -17.33599
    ]
   },
   "properties": {
    "name": "18 WINDJANA ROAD DERBY 6728",
    "locID": "LOC000057871917",
    "tech": "NULL",
    "upgrade": "NULL_NA",
    "gnaf_pid": "GAWA_146982298",
    "ee": true,
    "tech_change_status": "Not Planned"
   }
  },
  {
   "type": "Feature",
   "geometry": {
    "type": "Point",
    "coordinates": [
     123.68161,
     -17.33886
    ]
   },
   "properties": {
    "name": "3 BELL CREEK WAY DERBY 6728",
    "locID": "LOC000019008738",
    "tech": "NULL",
    "upgrade": "NULL_NA",
    "gnaf_pid": "GAWA_146982299",
    "ee": true,
    "tech_change_status": "Not Planned"
   }
  },
  {
   "type": "Feature",
   "geometry": {
    "type": "Point",
    "coordinates": [
     123.65443,
     -17.33091
    ]
   },
   "properties": {
    "name": "2 RUSS STREET DERBY 6728",
    "locID": "LOC000055137911",
    "tech": "FTTN",
    "upgrade": "NULL_NA",
    "gnaf_pid": "GAWA_146982314",
    "ee": true,
    "tech_change_status": "Not Planned"
   }
  },
  {
   "type": "Feature",
   "geometry": {
    "type": "Point",
    "coordinates": [
     123.65550036,
     -17.33199539
    ]
   },
   "properties": {
    "name": "13 CONWAY STREET DERBY 6728",
    "locID": "LOC000106474860",
    "tech": "FTTN",
    "upgrade": "NULL_NA",
    "gnaf_pid": "GAWA_146982315",
    "ee": true,
    "tech_change_status": "Not Planned"
   }
  },
  {
   "type": "Feature",
   "geometry": {
    "type": "Point",
    "coordinates": [
     123.65606893,
     -17.32940428
    ]
   },
   "properties": {
    "name": "5 RUSS STREET DERBY 6728",
    "locID": "LOC000038889876",
    "tech": "FTTN",
    "upgrade": "NULL_NA",
    "gnaf_pid": "GAWA_146982316",
    "ee": true,
    "tech_change_status": "Not Planned"
   }
  },
  {
   "type": "Feature",
   "geometry": {
    "type": "Point",
    "coordinates": [
     123.63194,
     -17.31027
    ]
   },
   "properties": {
    "name": "5 WATT STREET DERBY 6728",
    "locID": "LOC000103353905",
    "tech": "FTTN",
    "upgrade": "NULL_NA",
    "gnaf_pid": "GAWA_146982396",
    "ee": true,
    "tech_change_status": "Not Planned"
   }
  },
  {
   "type": "Feature",
   "geometry": {
    "type": "Point",
    "coordinates": [
     123.63206,
     -17.31116
    ]
   },
   "properties": {
    "name": "5 VAN EMMERIK STREET DERBY 6728",
    "locID": "LOC000006487327",
    "tech": "FTTN",
    "upgrade": "NULL_NA",
    "gnaf_pid": "GAWA_146982397",
    "ee": true,
    "tech_change_status": "Not Planned"
   }
  },
  {
   "type": "Feature",
   "geometry": {
    "type": "Point",
    "coordinates": [
     123.63218,
     -17.31019
    ]
   },
   "properties": {
    "name": "7 WATT STREET DERBY 6728",
    "locID": "LOC000074730766",
    "tech": "FTTN",
    "upgrade": "NULL_NA",
    "gnaf_pid": "GAWA_146982400",
    "ee": true,
    "tech_change_status": "Not Planned"
   }
  },
  {
   "type": "Feature",
   "geometry": {
    "type": "Point",
    "coordinates": [
     123.6328,
     -17.3114
    ]
   },
   "properties": {
    "name": "13 MARMION STREET DERBY 6728",
    "locID": "LOC000055873387",
    "tech": "FTTN",
    "upgrade": "NULL_NA",
    "gnaf_pid": "GAWA_146982401",
    "ee": true,
    "tech_change_status": "Not Planned"
   }
  },
  {
   "type": "Feature",
   "geometry": {
    "type": "Point",
    "coordinates": [
     123.63289,
     -17.31168
    ]
   },
   "properties": {
    "name": "1 ROWELL COURT DERBY 6728",
    "locID": "LOC000076934311",
    "tech": "FTTN",
    "upgrade": "NULL_NA",
    "gnaf_pid": "GAWA_146982402",
    "ee": true,
    "tech_change_status": "Not Planned"
   }
  },
  {
   "type": "Feature",
   "geometry": {
    "type": "Point",
    "coordinates": [
     123.63374,
     -17.30944
    ]
   },
   "properties": {
    "name": "10 ANDERSON STREET DERBY 6728",
    "locID": "LOC000133484378",
    "tech": "FTTN",
    "upgrade": "NULL_NA",
    "gnaf_pid": "GAWA_146982403",
    "ee": true,
    "tech_change_status": "Not Planned"
   }
  },
  {
   "type": "Feature",
   "geometry": {
    "type": "Point",
    "coordinates": [
     123.63298,
     -17.31123
    ]
   },
   "properties": {
    "name": "2 KNOWSLEY STREET WEST DERBY 6728",
    "locID": "LOC000027967229",
    "tech": "FTTN",
    "upgrade": "NULL_NA",
    "gnaf_pid": "GAWA_146982404",
    "ee": true,
    "tech_change_status": "Not Planned"
   }
  },
  {
   "type": "Feature",
   "geometry": {
    "type": "Point",
    "coordinates": [
     123.63329759,
     -17.3115572
    ]
   },
   "properties": {
    "name": "3 ROWELL COURT DERBY 6728",
    "locID": "LOC000077741624",
    "tech": "FTTN",
    "upgrade": "NULL_NA",
    "gnaf_pid": "GAWA_146982405",
    "ee": true,
    "tech_change_status": "Not Planned"
   }
  },
  {
   "type": "Feature",
   "geometry": {
    "type": "Point",
    "coordinates": [
     123.63328,
     -17.31222
    ]
   },
   "properties": {
    "name": "2 ROWELL COURT DERBY 6728",
    "locID": "LOC000086560232",
    "tech": "FTTN",
    "upgrade": "NULL_NA",
    "gnaf_pid": "GAWA_146982406",
    "ee": true,
    "tech_change_status": "Not Planned"
   }
  },
  {
   "type": "Feature",
   "geometry": {
    "type": "Point",
    "coordinates": [
     123.65432,
     -17.3188
    ]
   },
   "properties": {
    "name": "13 DERBY HIGHWAY DERBY 6728",
    "locID": "LOC000075087612",
    "tech": "FTTN",
    "upgrade": "NULL_NA",
    "gnaf_pid": "GAWA_146983229",
    "ee": true,
    "tech_change_status": "Not Planned"
   }
  },
  {
   "type": "Feature",
   "geometry": {
    "type": "Point",
    "coordinates": [
     123.68939,
     -17.34152
    ]
   },
   "properties": {
    "name": "18 LENNARD ROAD DERBY 6728",
    "locID": "LOC000046324371",
    "tech": "NULL",
    "upgrade": "NULL_NA",
    "gnaf_pid": "GAWA_146983253",
    "ee": true,
    "tech_change_status": "Not Planned"
   }
  },
  {
   "type": "Feature",
   "geometry": {
    "type": "Point",
    "coordinates": [
     123.63194,
     -17.31083
    ]
   },
   "properties": {
    "name": "6 WATT STREET DERBY 6728",
    "locID": "LOC000091954256",
    "tech": "FTTN",
    "upgrade": "NULL_NA",
    "gnaf_pid": "GAWA_146983313",
    "ee": true,
    "tech_change_status": "Not Planned"
   }
  },
  {
   "type": "Feature",
   "geometry": {
    "type": "Point",
    "coordinates": [
     123.63489,
     -17.30741
    ]
   },
   "properties": {
    "name": "77 CLARENDON STREET DERBY 6728",
    "locID": "LOC000078031417",
    "tech": "FTTN",
    "upgrade": "NULL_NA",
    "gnaf_pid": "GAWA_146983351",
    "ee": true,
    "tech_change_status": "Not Planned"
   }
  },
  {
   "type": "Feature",
   "geometry": {
    "type": "Point",
    "coordinates": [
     123.63499,
     -17.30684
    ]
   },
   "properties": {
    "name": "78 LOCH STREET DERBY 6728",
    "locID": "LOC000066488458",
    "tech": "FTTN",
    "upgrade": "NULL_NA",
    "gnaf_pid": "GAWA_146983352",
    "ee": true,
    "tech_change_status": "Not Planned"
   }
  },
  {
   "type": "Feature",
   "geometry": {
    "type": "Point",
    "coordinates": [
     123.63507,
     -17.30508
    ]
   },
   "properties": {
    "name": "110 VILLIERS STREET DERBY 6728",
    "locID": "LOC000090256943",
    "tech": "FTTN",
    "upgrade": "NULL_NA",
    "gnaf_pid": "GAWA_146983353",
    "ee": true,
    "tech_change_status": "Not Planned"
   }
  },
  {
   "type": "Feature",
   "geometry": {
    "type": "Point",
    "coordinates": [
     123.63136,
     -17.30941
    ]
   },
   "properties": {
    "name": "1 HOWELL STREET DERBY 6728",
    "locID": "LOC000058446663",
    "tech": "FTTN",
    "upgrade": "NULL_NA",
    "gnaf_pid": "GAWA_146983637",
    "ee": true,
    "tech_change_status": "Not Planned"
   }
  },
  {
   "type": "Feature",
   "geometry": {
    "type": "Point",
    "coordinates": [
     123.63126,
     -17.30915
    ]
   },
   "properties": {
    "name": "2 COLEMAN STREET DERBY 6728",
    "locID": "LOC000098077193",
    "tech": "FTTN",
    "upgrade": "NULL_NA",
    "gnaf_pid": "GAWA_146983638",
    "ee": true,
    "tech_change_status": "Not Planned"
   }
  },
  {
   "type": "Feature",
   "geometry": {
    "type": "Point",
    "coordinates": [
     123.63185201,
     -17.306747
    ]
   },
   "properties": {
    "name": "74 CLARENDON STREET DERBY 6728",
    "locID": "LOC000168193641",
    "tech": "FTTN",
    "upgrade": "NULL_NA",
    "gnaf_pid": "GAWA_146985262",
    "ee": true,
    "tech_change_status": "Not Planned"
   }
  },
  {
   "type": "Feature",
   "geometry": {
    "type": "Point",
    "coordinates": [
     123.63128,
     -17.30846
    ]
   },
   "properties": {
    "name": "1 COLEMAN STREET DERBY 6728",
    "locID": "LOC000037013357",
    "tech": "FTTN",
    "upgrade": "NULL_NA",
    "gnaf_pid": "GAWA_146985263",
    "ee": true,
    "tech_change_status": "Not Planned"
   }
  },
  {
   "type": "Feature",
   "geometry": {
    "type": "Point",
    "coordinates": [
     123.63128,
     -17.30814
    ]
   },
   "properties": {
    "name": "2 ANDERSON STREET DERBY 6728",
    "locID": "LOC000012034796",
    "tech": "FTTN",
    "upgrade": "NULL_NA",
    "gnaf_pid": "GAWA_146985266",
    "ee": true,
    "tech_change_status": "Not Planned"
   }
  },
  {
   "type": "Feature",
   "geometry": {
    "type": "Point",
    "coordinates": [
     123.6315,
     -17.30907
    ]
   },
   "properties": {
    "name": "4 COLEMAN STREET DERBY 6728",
    "locID": "LOC000081225678",
    "tech": "FTTN",
    "upgrade": "NULL_NA",
    "gnaf_pid": "GAWA_146985267",
    "ee": true,
    "tech_change_status": "Not Planned"
   }
  },
  {
   "type": "Feature",
   "geometry": {
    "type": "Point",
    "coordinates": [
     123.63153,
     -17.30849
    ]
   },
   "properties": {
    "name": "3 COLEMAN STREET DERBY 6728",
    "locID": "LOC000019550673",
    "tech": "FTTN",
    "upgrade": "NULL_NA",
    "gnaf_pid": "GAWA_146985268",
    "ee": true,
    "tech_change_status": "Not Planned"
   }
  },
  {
   "type": "Feature",
   "geometry": {
    "type": "Point",
    "coordinates": [
     123.63165,
     -17.30938
    ]
   },
   "properties": {
    "name": "3 HOWELL STREET DERBY 6728",
    "locID": "LOC000024647740",
    "tech": "FTTN",
    "upgrade": "NULL_NA",
    "gnaf_pid": "GAWA_146985269",
    "ee": true,
    "tech_change_status": "Not Planned"
   }
  },
  {
   "type": "Feature",
   "geometry": {
    "type": "Point",
    "coordinates": [
     123.63179,
     -17.30908
    ]
   },
   "properties": {
    "name": "6 COLEMAN STREET DERBY 6728",
    "locID": "LOC000039687329",
    "tech": "FTTN",
    "upgrade": "NULL_NA",
    "gnaf_pid": "GAWA_146985270",
    "ee": true,
    "tech_change_status": "Not Planned"
   }
  },
  {
   "type": "Feature",
   "geometry": {
    "type": "Point",
    "coordinates": [
     123.63191,
     -17.30741
    ]
   },
   "properties": {
    "name": "5 ANDERSON STREET DERBY 6728",
    "locID": "LOC000074499284",
    "tech": "FTTN",
    "upgrade": "NULL_NA",
    "gnaf_pid": "GAWA_146985271",
    "ee": true,
    "tech_change_status": "Not Planned"
   }
  },
  {
   "type": "Feature",
   "geometry": {
    "type": "Point",
    "coordinates": [
     123.63179,
     -17.30812
    ]
   },
   "properties": {
    "name": "6 ANDERSON STREET DERBY 6728",
    "locID": "LOC000006977558",
    "tech": "FTTN",
    "upgrade": "NULL_NA",
    "gnaf_pid": "GAWA_146985272",
    "ee": true,
    "tech_change_status": "Not Planned"
   }
  },
  {
   "type": "Feature",
   "geometry": {
    "type": "Point",
    "coordinates": [
     123.63179,
     -17.30848
    ]
   },
   "properties": {
    "name": "5 COLEMAN STREET DERBY 6728",
    "locID": "LOC000068045873",
    "tech": "FTTN",
    "upgrade": "NULL_NA",
    "gnaf_pid": "GAWA_146985273",
    "ee": true,
    "tech_change_status": "Not Planned"
   }
  },
  {
   "type": "Feature",
   "geometry": {
    "type": "Point",
    "coordinates": [
     123.63386,
     -17.30436
    ]
   },
   "properties": {
    "name": "90 VILLIERS STREET DERBY 6728",
    "locID": "LOC000074710403",
    "tech": "FTTN",
    "upgrade": "NULL_NA",
    "gnaf_pid": "GAWA_146985286",
    "ee": true,
    "tech_change_status": "Not Planned"
   }
  },
  {
   "type": "Feature",
   "geometry": {
    "type": "Point",
    "coordinates": [
     123.63402,
     -17.30516
    ]
   },
   "properties": {
    "name": "103 LOCH STREET DERBY 6728",
    "locID": "LOC000093072791",
    "tech": "FTTN",
    "upgrade": "NULL_NA",
    "gnaf_pid": "GAWA_146985287",
    "ee": true,
    "tech_change_status": "Not Planned"
   }
  },
  {
   "type": "Feature",
   "geometry": {
    "type": "Point",
    "coordinates": [
     123.63411,
     -17.3045
    ]
   },
   "properties": {
    "name": "94 VILLIERS STREET DERBY 6728",
    "locID": "LOC000051891511",
    "tech": "FTTN",
    "upgrade": "NULL_NA",
    "gnaf_pid": "GAWA_146985288",
    "ee": true,
    "tech_change_status": "Not Planned"
   }
  },
  {
   "type": "Feature",
   "geometry": {
    "type": "Point",
    "coordinates": [
     123.65113,
     -17.3296
    ]
   },
   "properties": {
    "name": "9 RODGERS STREET DERBY 6728",
    "locID": "LOC000089705030",
    "tech": "FTTN",
    "upgrade": "NULL_NA",
    "gnaf_pid": "GAWA_146985290",
    "ee": true,
    "tech_change_status": "Not Planned"
   }
  },
  {
   "type": "Feature",
   "geometry": {
    "type": "Point",
    "coordinates": [
     123.65081,
     -17.32826
    ]
   },
   "properties": {
    "name": "17 RODGERS STREET DERBY 6728",
    "locID": "LOC000077892698",
    "tech": "FTTN",
    "upgrade": "NULL_NA",
    "gnaf_pid": "GAWA_146985291",
    "ee": true,
    "tech_change_status": "Not Planned"
   }
  },
  {
   "type": "Feature",
   "geometry": {
    "type": "Point",
    "coordinates": [
     123.6508,
     -17.32735
    ]
   },
   "properties": {
    "name": "19 RODGERS STREET DERBY 6728",
    "locID": "LOC000048720124",
    "tech": "FTTN",
    "upgrade": "NULL_NA",
    "gnaf_pid": "GAWA_146985292",
    "ee": true,
    "tech_change_status": "Not Planned"
   }
  },
  {
   "type": "Feature",
   "geometry": {
    "type": "Point",
    "coordinates": [
     123.6508,
     -17.32644
    ]
   },
   "properties": {
    "name": "23 RODGERS STREET DERBY 6728",
    "locID": "LOC000082955545",
    "tech": "FTTN",
    "upgrade": "NULL_NA",
    "gnaf_pid": "GAWA_146985293",
    "ee": true,
    "tech_change_status": "Not Planned"
   }
  },
  {
   "type": "Feature",
   "geometry": {
    "type": "Point",
    "coordinates": [
     123.68163,
     -17.34156
    ]
   },
   "properties": {
    "name": "7 GALVANS WAY DERBY 6728",
    "locID": "LOC000027891847",
    "tech": "SATELLITE",
    "upgrade": "NULL_NA",
    "gnaf_pid": "GAWA_146985301",
    "ee": true,
    "tech_change_status": "Not Planned"
   }
  },
  {
   "type": "Feature",
   "geometry": {
    "type": "Point",
    "coordinates": [
     123.68171,
     -17.34449
    ]
   },
   "properties": {
    "name": "6 ADCOCK STREET DERBY 6728",
    "locID": "LOC000037857873",
    "tech": "NULL",
    "upgrade": "NULL_NA",
    "gnaf_pid": "GAWA_146985302",
    "ee": true,
    "tech_change_status": "Not Planned"
   }
  },
  {
   "type": "Feature",
   "geometry": {
    "type": "Point",
    "coordinates": [
     123.68184,
     -17.3436
    ]
   },
   "properties": {
    "name": "6 GALVANS WAY DERBY 6728",
    "locID": "LOC000037149095",
    "tech": "NULL",
    "upgrade": "NULL_NA",
    "gnaf_pid": "GAWA_146985303",
    "ee": true,
    "tech_change_status": "Not Planned"
   }
  },
  {
   "type": "Feature",
   "geometry": {
    "type": "Point",
    "coordinates": [
     123.68249,
     -17.34214
    ]
   },
   "properties": {
    "name": "9 GALVANS WAY DERBY 6728",
    "locID": "LOC000091338296",
    "tech": "NULL",
    "upgrade": "NULL_NA",
    "gnaf_pid": "GAWA_146985304",
    "ee": true,
    "tech_change_status": "Not Planned"
   }
  },
  {
   "type": "Feature",
   "geometry": {
    "type": "Point",
    "coordinates": [
     123.6827,
     -17.34055
    ]
   },
   "properties": {
    "name": "6 BELL CREEK WAY DERBY 6728",
    "locID": "LOC000012040394",
    "tech": "SATELLITE",
    "upgrade": "NULL_NA",
    "gnaf_pid": "GAWA_146985305",
    "ee": true,
    "tech_change_status": "Not Planned"
   }
  },
  {
   "type": "Feature",
   "geometry": {
    "type": "Point",
    "coordinates": [
     123.68309,
     -17.34544
    ]
   },
   "properties": {
    "name": "3 LENNARD ROAD DERBY 6728",
    "locID": "LOC000100199633",
    "tech": "SATELLITE",
    "upgrade": "NULL_NA",
    "gnaf_pid": "GAWA_146985306",
    "ee": true,
    "tech_change_status": "Not Planned"
   }
  },
  {
   "type": "Feature",
   "geometry": {
    "type": "Point",
    "coordinates": [
     123.68315,
     -17.34408
    ]
   },
   "properties": {
    "name": "8 GALVANS WAY DERBY 6728",
    "locID": "LOC000053681450",
    "tech": "SATELLITE",
    "upgrade": "NULL_NA",
    "gnaf_pid": "GAWA_146985307",
    "ee": true,
    "tech_change_status": "Not Planned"
   }
  },
  {
   "type": "Feature",
   "geometry": {
    "type": "Point",
    "coordinates": [
     123.68312,
     -17.33922
    ]
   },
   "properties": {
    "name": "8 BELL CREEK WAY DERBY 6728",
    "locID": "LOC000084905813",
    "tech": "NULL",
    "upgrade": "NULL_NA",
    "gnaf_pid": "GAWA_146985308",
    "ee": true,
    "tech_change_status": "Not Planned"
   }
  },
  {
   "type": "Feature",
   "geometry": {
    "type": "Point",
    "coordinates": [
     123.68370451,
     -17.34187641
    ]
   },
   "properties": {
    "name": "13 GALVANS WAY DERBY 6728",
    "locID": "LOC000038915909",
    "tech": "NULL",
    "upgrade": "NULL_NA",
    "gnaf_pid": "GAWA_146985311",
    "ee": true,
    "tech_change_status": "Not Planned"
   }
  },
  {
   "type": "Feature",
   "geometry": {
    "type": "Point",
    "coordinates": [
     123.68561,
     -17.34087
    ]
   },
   "properties": {
    "name": "9 LENNARD ROAD DERBY 6728",
    "locID": "LOC000097845212",
    "tech": "NULL",
    "upgrade": "NULL_NA",
    "gnaf_pid": "GAWA_146985312",
    "ee": true,
    "tech_change_status": "Not Planned"
   }
  },
  {
   "type": "Feature",
   "geometry": {
    "type": "Point",
    "coordinates": [
     123.68433,
     -17.34471
    ]
   },
   "properties": {
    "name": "5 LENNARD ROAD DERBY 6728",
    "locID": "LOC000063658802",
    "tech": "SATELLITE",
    "upgrade": "NULL_NA",
    "gnaf_pid": "GAWA_146985313",
    "ee": true,
    "tech_change_status": "Not Planned"
   }
  },
  {
   "type": "Feature",
   "geometry": {
    "type": "Point",
    "coordinates": [
     123.68469,
     -17.34273
    ]
   },
   "properties": {
    "name": "15 GALVANS WAY DERBY 6728",
    "locID": "LOC000023743763",
    "tech": "NULL",
    "upgrade": "NULL_NA",
    "gnaf_pid": "GAWA_146985314",
    "ee": true,
    "tech_change_status": "Not Planned"
   }
  },
  {
   "type": "Feature",
   "geometry": {
    "type": "Point",
    "coordinates": [
     123.6847,
     -17.3382
    ]
   },
   "properties": {
    "name": "12 BELL CREEK WAY DERBY 6728",
    "locID": "LOC000079111546",
    "tech": "SATELLITE",
    "upgrade": "NULL_NA",
    "gnaf_pid": "GAWA_146985315",
    "ee": true,
    "tech_change_status": "Not Planned"
   }
  },
  {
   "type": "Feature",
   "geometry": {
    "type": "Point",
    "coordinates": [
     123.68552,
     -17.34349
    ]
   },
   "properties": {
    "name": "7 LENNARD ROAD DERBY 6728",
    "locID": "LOC000086618742",
    "tech": "NULL",
    "upgrade": "NULL_NA",
    "gnaf_pid": "GAWA_146985316",
    "ee": true,
    "tech_change_status": "Not Planned"
   }
  },
  {
   "type": "Feature",
   "geometry": {
    "type": "Point",
    "coordinates": [
     123.68589,
     -17.33859
    ]
   },
   "properties": {
    "name": "14 BELL CREEK WAY DERBY 6728",
    "locID": "LOC000028676999",
    "tech": "NULL",
    "upgrade": "NULL_NA",
    "gnaf_pid": "GAWA_146985317",
    "ee": true,
    "tech_change_status": "Not Planned"
   }
  },
  {
   "type": "Feature",
   "geometry": {
    "type": "Point",
    "coordinates": [
     123.68709,
     -17.33913
    ]
   },
   "properties": {
    "name": "16 BELL CREEK WAY DERBY 6728",
    "locID": "LOC000028691379",
    "tech": "SATELLITE",
    "upgrade": "NULL_NA",
    "gnaf_pid": "GAWA_146985318",
    "ee": true,
    "tech_change_status": "Not Planned"
   }
  },
  {
   "type": "Feature",
   "geometry": {
    "type": "Point",
    "coordinates": [
     123.68831,
     -17.33996
    ]
   },
   "properties": {
    "name": "11 LENNARD ROAD DERBY 6728",
    "locID": "LOC000077927531",
    "tech": "NULL",
    "upgrade": "NULL_NA",
    "gnaf_pid": "GAWA_146985319",
    "ee": true,
    "tech_change_status": "Not Planned"
   }
  },
  {
   "type": "Feature",
   "geometry": {
    "type": "Point",
    "coordinates": [
     123.64793,
     -17.31025
    ]
   },
   "properties": {
    "name": "142 LOCH STREET DERBY 6728",
    "locID": "LOC000005680886",
    "tech": "FTTN",
    "upgrade": "NULL_NA",
    "gnaf_pid": "GAWA_146986296",
    "ee": true,
    "tech_change_status": "Not Planned"
   }
  },
  {
   "type": "Feature",
   "geometry": {
    "type": "Point",
    "coordinates": [
     123.64758,
     -17.30886
    ]
   },
   "properties": {
    "name": "197 LOCH STREET DERBY 6728",
    "locID": "LOC000079471134",
    "tech": "FTTN",
    "upgrade": "NULL_NA",
    "gnaf_pid": "GAWA_146986297",
    "ee": true,
    "tech_change_status": "Not Planned"
   }
  },
  {
   "type": "Feature",
   "geometry": {
    "type": "Point",
    "coordinates": [
     123.64786,
     -17.30886
    ]
   },
   "properties": {
    "name": "199 LOCH STREET DERBY 6728",
    "locID": "LOC000051073535",
    "tech": "FTTN",
    "upgrade": "NULL_NA",
    "gnaf_pid": "GAWA_146986299",
    "ee": true,
    "tech_change_status": "Not Planned"
   }
  },
  {
   "type": "Feature",
   "geometry": {
    "type": "Point",
    "coordinates": [
     123.64758,
     -17.30825
    ]
   },
   "properties": {
    "name": "58 STANLEY STREET DERBY 6728",
    "locID": "LOC000015341772",
    "tech": "FTTN",
    "upgrade": "NULL_NA",
    "gnaf_pid": "GAWA_146986300",
    "ee": true,
    "tech_change_status": "Not Planned"
   }
  },
  {
   "type": "Feature",
   "geometry": {
    "type": "Point",
    "coordinates": [
     123.649,
     -17.30886
    ]
   },
   "properties": {
    "name": "3 SUTHERLAND STREET DERBY 6728",
    "locID": "LOC000058136703",
    "tech": "FTTN",
    "upgrade": "NULL_NA",
    "gnaf_pid": "GAWA_146986308",
    "ee": true,
    "tech_change_status": "Not Planned"
   }
  },
  {
   "type": "Feature",
   "geometry": {
    "type": "Point",
    "coordinates": [
     123.63426,
     -17.3053
    ]
   },
   "properties": {
    "name": "107 LOCH STREET DERBY 6728",
    "locID": "LOC000015662222",
    "tech": "FTTN",
    "upgrade": "NULL_NA",
    "gnaf_pid": "GAWA_146986344",
    "ee": true,
    "tech_change_status": "Not Planned"
   }
  },
  {
   "type": "Feature",
   "geometry": {
    "type": "Point",
    "coordinates": [
     123.63435,
     -17.30465
    ]
   },
   "properties": {
    "name": "98 VILLIERS STREET DERBY 6728",
    "locID": "LOC000031552656",
    "tech": "FTTN",
    "upgrade": "NULL_NA",
    "gnaf_pid": "GAWA_146986345",
    "ee": true,
    "tech_change_status": "Not Planned"
   }
  },
  {
   "type": "Feature",
   "geometry": {
    "type": "Point",
    "coordinates": [
     123.63442,
     -17.30745
    ]
   },
   "properties": {
    "name": "11 HENSMAN STREET DERBY 6728",
    "locID": "LOC000042125038",
    "tech": "FTTN",
    "upgrade": "NULL_NA",
    "gnaf_pid": "GAWA_146986346",
    "ee": true,
    "tech_change_status": "Not Planned"
   }
  },
  {
   "type": "Feature",
   "geometry": {
    "type": "Point",
    "coordinates": [
     123.6345,
     -17.30545
    ]
   },
   "properties": {
    "name": "113 LOCH STREET DERBY 6728",
    "locID": "LOC000017028057",
    "tech": "FTTN",
    "upgrade": "NULL_NA",
    "gnaf_pid": "GAWA_146986347",
    "ee": true,
    "tech_change_status": "Not Planned"
   }
  },
  {
   "type": "Feature",
   "geometry": {
    "type": "Point",
    "coordinates": [
     123.63455,
     -17.30727
    ]
   },
   "properties": {
    "name": "7 HENSMAN STREET DERBY 6728",
    "locID": "LOC000002073913",
    "tech": "FTTN",
    "upgrade": "NULL_NA",
    "gnaf_pid": "GAWA_146986348",
    "ee": true,
    "tech_change_status": "Not Planned"
   }
  },
  {
   "type": "Feature",
   "geometry": {
    "type": "Point",
    "coordinates": [
     123.63459,
     -17.30479
    ]
   },
   "properties": {
    "name": "102 VILLIERS STREET DERBY 6728",
    "locID": "LOC000037286086",
    "tech": "FTTN",
    "upgrade": "NULL_NA",
    "gnaf_pid": "GAWA_146986349",
    "ee": true,
    "tech_change_status": "Not Planned"
   }
  },
  {
   "type": "Feature",
   "geometry": {
    "type": "Point",
    "coordinates": [
     123.63466691,
     -17.30709265
    ]
   },
   "properties": {
    "name": "9 HENSMAN STREET DERBY 6728",
    "locID": "LOC000147461652",
    "tech": "FTTN",
    "upgrade": "NULL_NA",
    "gnaf_pid": "GAWA_146986350",
    "ee": true,
    "tech_change_status": "Not Planned"
   }
  },
  {
   "type": "Feature",
   "geometry": {
    "type": "Point",
    "coordinates": [
     123.63474,
     -17.30559
    ]
   },
   "properties": {
    "name": "115 LOCH STREET DERBY 6728",
    "locID": "LOC000040145278",
    "tech": "FTTN",
    "upgrade": "NULL_NA",
    "gnaf_pid": "GAWA_146986351",
    "ee": true,
    "tech_change_status": "Not Planned"
   }
  },
  {
   "type": "Feature",
   "geometry": {
    "type": "Point",
    "coordinates": [
     123.63479,
     -17.30673
    ]
   },
   "properties": {
    "name": "76 LOCH STREET DERBY 6728",
    "locID": "LOC000010469128",
    "tech": "FTTN",
    "upgrade": "NULL_NA",
    "gnaf_pid": "GAWA_146986352",
    "ee": true,
    "tech_change_status": "Not Planned"
   }
  },
  {
   "type": "Feature",
   "geometry": {
    "type": "Point",
    "coordinates": [
     123.63483,
     -17.30493
    ]
   },
   "properties": {
    "name": "106 VILLIERS STREET DERBY 6728",
    "locID": "LOC000042374842",
    "tech": "FTTN",
    "upgrade": "NULL_NA",
    "gnaf_pid": "GAWA_146986353",
    "ee": true,
    "tech_change_status": "Not Planned"
   }
  },
  {
   "type": "Feature",
   "geometry": {
    "type": "Point",
    "coordinates": [
     123.63651,
     -17.30664
    ]
   },
   "properties": {
    "name": "127 LOCH STREET DERBY 6728",
    "locID": "LOC000104056647",
    "tech": "FTTN",
    "upgrade": "NULL_NA",
    "gnaf_pid": "GAWA_146986359",
    "ee": true,
    "tech_change_status": "Not Planned"
   }
  },
  {
   "type": "Feature",
   "geometry": {
    "type": "Point",
    "coordinates": [
     123.63136,
     -17.31029
    ]
   },
   "properties": {
    "name": "1 WATT STREET DERBY 6728",
    "locID": "LOC000094543335",
    "tech": "FTTN",
    "upgrade": "NULL_NA",
    "gnaf_pid": "GAWA_146986365",
    "ee": true,
    "tech_change_status": "Not Planned"
   }
  },
  {
   "type": "Feature",
   "geometry": {
    "type": "Point",
    "coordinates": [
     123.63126,
     -17.31003
    ]
   },
   "properties": {
    "name": "2 HOWELL STREET DERBY 6728",
    "locID": "LOC000110007012",
    "tech": "FTTN",
    "upgrade": "NULL_NA",
    "gnaf_pid": "GAWA_146986366",
    "ee": true,
    "tech_change_status": "Not Planned"
   }
  },
  {
   "type": "Feature",
   "geometry": {
    "type": "Point",
    "coordinates": [
     123.63135,
     -17.31087
    ]
   },
   "properties": {
    "name": "2 WATT STREET DERBY 6728",
    "locID": "LOC000097158395",
    "tech": "FTTN",
    "upgrade": "NULL_NA",
    "gnaf_pid": "GAWA_146986367",
    "ee": true,
    "tech_change_status": "Not Planned"
   }
  },
  {
   "type": "Feature",
   "geometry": {
    "type": "Point",
    "coordinates": [
     123.63148,
     -17.31121
    ]
   },
   "properties": {
    "name": "1 VAN EMMERIK STREET DERBY 6728",
    "locID": "LOC000059632593",
    "tech": "FTTN",
    "upgrade": "NULL_NA",
    "gnaf_pid": "GAWA_146986368",
    "ee": true,
    "tech_change_status": "Not Planned"
   }
  },
  {
   "type": "Feature",
   "geometry": {
    "type": "Point",
    "coordinates": [
     123.6315,
     -17.30995
    ]
   },
   "properties": {
    "name": "4 HOWELL STREET DERBY 6728",
    "locID": "LOC000080576529",
    "tech": "FTTN",
    "upgrade": "NULL_NA",
    "gnaf_pid": "GAWA_146986369",
    "ee": true,
    "tech_change_status": "Not Planned"
   }
  },
  {
   "type": "Feature",
   "geometry": {
    "type": "Point",
    "coordinates": [
     123.63164,
     -17.31085
    ]
   },
   "properties": {
    "name": "4 WATT STREET DERBY 6728",
    "locID": "LOC000092497385",
    "tech": "FTTN",
    "upgrade": "NULL_NA",
    "gnaf_pid": "GAWA_146986370",
    "ee": true,
    "tech_change_status": "Not Planned"
   }
  },
  {
   "type": "Feature",
   "geometry": {
    "type": "Point",
    "coordinates": [
     123.63165,
     -17.31026
    ]
   },
   "properties": {
    "name": "3 WATT STREET DERBY 6728",
    "locID": "LOC000066262745",
    "tech": "FTTN",
    "upgrade": "NULL_NA",
    "gnaf_pid": "GAWA_146986371",
    "ee": true,
    "tech_change_status": "Not Planned"
   }
  },
  {
   "type": "Feature",
   "geometry": {
    "type": "Point",
    "coordinates": [
     123.63175,
     -17.31115
    ]
   },
   "properties": {
    "name": "3 VAN EMMERIK STREET DERBY 6728",
    "locID": "LOC000063992595",
    "tech": "FTTN",
    "upgrade": "NULL_NA",
    "gnaf_pid": "GAWA_146986372",
    "ee": true,
    "tech_change_status": "Not Planned"
   }
  },
  {
   "type": "Feature",
   "geometry": {
    "type": "Point",
    "coordinates": [
     123.63179091,
     -17.30995882
    ]
   },
   "properties": {
    "name": "6 HOWELL STREET DERBY 6728",
    "locID": "LOC000024647740",
    "tech": "FTTN",
    "upgrade": "NULL_NA",
    "gnaf_pid": "GAWA_146986373",
    "ee": true,
    "tech_change_status": "Not Planned"
   }
  },
  {
   "type": "Feature",
   "geometry": {
    "type": "Point",
    "coordinates": [
     123.64928,
     -17.30886
    ]
   },
   "properties": {
    "name": "5 SUTHERLAND STREET DERBY 6728",
    "locID": "LOC000039159602",
    "tech": "FTTN",
    "upgrade": "NULL_NA",
    "gnaf_pid": "GAWA_146986869",
    "ee": true,
    "tech_change_status": "Not Planned"
   }
  },
  {
   "type": "Feature",
   "geometry": {
    "type": "Point",
    "coordinates": [
     123.65722,
     -17.32608
    ]
   },
   "properties": {
    "name": "27 DERBY HIGHWAY DERBY 6728",
    "locID": "LOC000133497767",
    "tech": "FTTN",
    "upgrade": "NULL_NA",
    "gnaf_pid": "GAWA_146986891",
    "ee": true,
    "tech_change_status": "Not Planned"
   }
  },
  {
   "type": "Feature",
   "geometry": {
    "type": "Point",
    "coordinates": [
     123.68486,
     -17.34584
    ]
   },
   "properties": {
    "name": "4 LENNARD ROAD DERBY 6728",
    "locID": "LOC000067761460",
    "tech": "SATELLITE",
    "upgrade": "NULL_NA",
    "gnaf_pid": "GAWA_146986893",
    "ee": true,
    "tech_change_status": "Not Planned"
   }
  },
  {
   "type": "Feature",
   "geometry": {
    "type": "Point",
    "coordinates": [
     123.68555,
     -17.34512
    ]
   },
   "properties": {
    "name": "6 LENNARD ROAD DERBY 6728",
    "locID": "LOC000056354110",
    "tech": "NULL",
    "upgrade": "NULL_NA",
    "gnaf_pid": "GAWA_146986894",
    "ee": true,
    "tech_change_status": "Not Planned"
   }
  },
  {
   "type": "Feature",
   "geometry": {
    "type": "Point",
    "coordinates": [
     123.68617,
     -17.34444
    ]
   },
   "properties": {
    "name": "8 LENNARD ROAD DERBY 6728",
    "locID": "LOC000058475133",
    "tech": "NULL",
    "upgrade": "NULL_NA",
    "gnaf_pid": "GAWA_146986895",
    "ee": true,
    "tech_change_status": "Not Planned"
   }
  },
  {
   "type": "Feature",
   "geometry": {
    "type": "Point",
    "coordinates": [
     123.69,
     -17.34083
    ]
   },
   "properties": {
    "name": "20 LENNARD ROAD DERBY 6728",
    "locID": "LOC000096046448",
    "tech": "NULL",
    "upgrade": "NULL_NA",
    "gnaf_pid": "GAWA_146986897",
    "ee": true,
    "tech_change_status": "Not Planned"
   }
  },
  {
   "type": "Feature",
   "geometry": {
    "type": "Point",
    "coordinates": [
     123.69062,
     -17.34014
    ]
   },
   "properties": {
    "name": "22 LENNARD ROAD DERBY 6728",
    "locID": "LOC000073384756",
    "tech": "SATELLITE",
    "upgrade": "NULL_NA",
    "gnaf_pid": "GAWA_146986898",
    "ee": true,
    "tech_change_status": "Not Planned"
   }
  },
  {
   "type": "Feature",
   "geometry": {
    "type": "Point",
    "coordinates": [
     123.6916,
     -17.33915
    ]
   },
   "properties": {
    "name": "24 LENNARD ROAD DERBY 6728",
    "locID": "LOC000042053439",
    "tech": "SATELLITE",
    "upgrade": "NULL_NA",
    "gnaf_pid": "GAWA_146986899",
    "ee": true,
    "tech_change_status": "Not Planned"
   }
  },
  {
   "type": "Feature",
   "geometry": {
    "type": "Point",
    "coordinates": [
     123.64047,
     -17.30667
    ]
   },
   "properties": {
    "name": "43 PANTON STREET DERBY 6728",
    "locID": "LOC000102325300",
    "tech": "FTTN",
    "upgrade": "NULL_NA",
    "gnaf_pid": "GAWA_146989919",
    "ee": true,
    "tech_change_status": "Not Planned"
   }
  },
  {
   "type": "Feature",
   "geometry": {
    "type": "Point",
    "coordinates": [
     123.64047,
     -17.30728
    ]
   },
   "properties": {
    "name": "25 STANLEY STREET DERBY 6728",
    "locID": "LOC000012871350",
    "tech": "FTTN",
    "upgrade": "NULL_NA",
    "gnaf_pid": "GAWA_146989920",
    "ee": true,
    "tech_change_status": "Not Planned"
   }
  },
  {
   "type": "Feature",
   "geometry": {
    "type": "Point",
    "coordinates": [
     123.64076,
     -17.30667
    ]
   },
   "properties": {
    "name": "39 PANTON STREET DERBY 6728",
    "locID": "LOC000071500929",
    "tech": "FTTN",
    "upgrade": "NULL_NA",
    "gnaf_pid": "GAWA_146989921",
    "ee": true,
    "tech_change_status": "Not Planned"
   }
  },
  {
   "type": "Feature",
   "geometry": {
    "type": "Point",
    "coordinates": [
     123.64104,
     -17.30667
    ]
   },
   "properties": {
    "name": "35 PANTON STREET DERBY 6728",
    "locID": "LOC000022869593",
    "tech": "FTTN",
    "upgrade": "NULL_NA",
    "gnaf_pid": "GAWA_146989923",
    "ee": true,
    "tech_change_status": "Not Planned"
   }
  },
  {
   "type": "Feature",
   "geometry": {
    "type": "Point",
    "coordinates": [
     123.64133,
     -17.30667
    ]
   },
   "properties": {
    "name": "31 PANTON STREET DERBY 6728",
    "locID": "LOC000078000606",
    "tech": "FTTN",
    "upgrade": "NULL_NA",
    "gnaf_pid": "GAWA_146989925",
    "ee": true,
    "tech_change_status": "Not Planned"
   }
  },
  {
   "type": "Feature",
   "geometry": {
    "type": "Point",
    "coordinates": [
     123.65488608,
     -17.32037959
    ]
   },
   "properties": {
    "name": "17 DERBY HIGHWAY DERBY 6728",
    "locID": "LOC000006176319",
    "tech": "FTTN",
    "upgrade": "NULL_NA",
    "gnaf_pid": "GAWA_146989940",
    "ee": true,
    "tech_change_status": "Not Planned"
   }
  },
  {
   "type": "Feature",
   "geometry": {
    "type": "Point",
    "coordinates": [
     123.6602,
     -17.32973
    ]
   },
   "properties": {
    "name": "33 DERBY HIGHWAY DERBY 6728",
    "locID": "LOC000002948629",
    "tech": "FTTN",
    "upgrade": "NULL_NA",
    "gnaf_pid": "GAWA_146989941",
    "ee": true,
    "tech_change_status": "Not Planned"
   }
  },
  {
   "type": "Feature",
   "geometry": {
    "type": "Point",
    "coordinates": [
     123.63382,
     -17.31513
    ]
   },
   "properties": {
    "name": "113 ROWAN STREET DERBY 6728",
    "locID": "LOC000050512417",
    "tech": "FTTN",
    "upgrade": "NULL_NA",
    "gnaf_pid": "GAWA_146990609",
    "ee": true,
    "tech_change_status": "Not Planned"
   }
  },
  {
   "type": "Feature",
   "geometry": {
    "type": "Point",
    "coordinates": [
     123.63634,
     -17.32266
    ]
   },
   "properties": {
    "name": "13 HAKEA PLACE DERBY 6728",
    "locID": "LOC000024603251",
    "tech": "FTTN",
    "upgrade": "NULL_NA",
    "gnaf_pid": "GAWA_146990957",
    "ee": true,
    "tech_change_status": "Not Planned"
   }
  },
  {
   "type": "Feature",
   "geometry": {
    "type": "Point",
    "coordinates": [
     123.6372,
     -17.3227
    ]
   },
   "properties": {
    "name": "3 HAKEA PLACE DERBY 6728",
    "locID": "LOC000076891669",
    "tech": "FTTN",
    "upgrade": "NULL_NA",
    "gnaf_pid": "GAWA_146990966",
    "ee": true,
    "tech_change_status": "Not Planned"
   }
  },
  {
   "type": "Feature",
   "geometry": {
    "type": "Point",
    "coordinates": [
     123.63385,
     -17.31428
    ]
   },
   "properties": {
    "name": "42 MARMION STREET DERBY 6728",
    "locID": "LOC000023649966",
    "tech": "FTTN",
    "upgrade": "NULL_NA",
    "gnaf_pid": "GAWA_146991171",
    "ee": true,
    "tech_change_status": "Not Planned"
   }
  },
  {
   "type": "Feature",
   "geometry": {
    "type": "Point",
    "coordinates": [
     123.63403,
     -17.31524
    ]
   },
   "properties": {
    "name": "3 MONGER STREET DERBY 6728",
    "locID": "LOC000079400120",
    "tech": "FTTN",
    "upgrade": "NULL_NA",
    "gnaf_pid": "GAWA_146991173",
    "ee": true,
    "tech_change_status": "Not Planned"
   }
  },
  {
   "type": "Feature",
   "geometry": {
    "type": "Point",
    "coordinates": [
     123.63394,
     -17.31445
    ]
   },
   "properties": {
    "name": "44 MARMION STREET DERBY 6728",
    "locID": "LOC000071869211",
    "tech": "FTTN",
    "upgrade": "NULL_NA",
    "gnaf_pid": "GAWA_146991174",
    "ee": true,
    "tech_change_status": "Not Planned"
   }
  },
  {
   "type": "Feature",
   "geometry": {
    "type": "Point",
    "coordinates": [
     123.63403,
     -17.31461
    ]
   },
   "properties": {
    "name": "46 MARMION STREET DERBY 6728",
    "locID": "LOC000071387677",
    "tech": "FTTN",
    "upgrade": "NULL_NA",
    "gnaf_pid": "GAWA_146991175",
    "ee": true,
    "tech_change_status": "Not Planned"
   }
  },
  {
   "type": "Feature",
   "geometry": {
    "type": "Point",
    "coordinates": [
     123.63404,
     -17.31579
    ]
   },
   "properties": {
    "name": "4 MONGER STREET DERBY 6728",
    "locID": "LOC000007050104",
    "tech": "FTTN",
    "upgrade": "NULL_NA",
    "gnaf_pid": "GAWA_146991176",
    "ee": true,
    "tech_change_status": "Not Planned"
   }
  },
  {
   "type": "Feature",
   "geometry": {
    "type": "Point",
    "coordinates": [
     123.63412,
     -17.31477
    ]
   },
   "properties": {
    "name": "48 MARMION STREET DERBY 6728",
    "locID": "LOC000088492902",
    "tech": "FTTN",
    "upgrade": "NULL_NA",
    "gnaf_pid": "GAWA_146991177",
    "ee": true,
    "tech_change_status": "Not Planned"
   }
  },
  {
   "type": "Feature",
   "geometry": {
    "type": "Point",
    "coordinates": [
     123.63422,
     -17.31494
    ]
   },
   "properties": {
    "name": "50 MARMION STREET DERBY 6728",
    "locID": "LOC000063370172",
    "tech": "FTTN",
    "upgrade": "NULL_NA",
    "gnaf_pid": "GAWA_146991178",
    "ee": true,
    "tech_change_status": "Not Planned"
   }
  },
  {
   "type": "Feature",
   "geometry": {
    "type": "Point",
    "coordinates": [
     123.63416,
     -17.31621
    ]
   },
   "properties": {
    "name": "8 REID COURT DERBY 6728",
    "locID": "LOC000038887494",
    "tech": "FTTN",
    "upgrade": "NULL_NA",
    "gnaf_pid": "GAWA_146991179",
    "ee": true,
    "tech_change_status": "Not Planned"
   }
  },
  {
   "type": "Feature",
   "geometry": {
    "type": "Point",
    "coordinates": [
     123.63515,
     -17.30694
    ]
   },
   "properties": {
    "name": "80 LOCH STREET DERBY 6728",
    "locID": "LOC000060974399",
    "tech": "FTTN",
    "upgrade": "NULL_NA",
    "gnaf_pid": "GAWA_146991521",
    "ee": true,
    "tech_change_status": "Not Planned"
   }
  },
  {
   "type": "Feature",
   "geometry": {
    "type": "Point",
    "coordinates": [
     123.63519,
     -17.30743
    ]
   },
   "properties": {
    "name": "79 CLARENDON STREET DERBY 6728",
    "locID": "LOC000002212715",
    "tech": "FTTN",
    "upgrade": "NULL_NA",
    "gnaf_pid": "GAWA_146991522",
    "ee": true,
    "tech_change_status": "Not Planned"
   }
  },
  {
   "type": "Feature",
   "geometry": {
    "type": "Point",
    "coordinates": [
     123.63532,
     -17.30703
    ]
   },
   "properties": {
    "name": "82 LOCH STREET DERBY 6728",
    "locID": "LOC000033641371",
    "tech": "FTTN",
    "upgrade": "NULL_NA",
    "gnaf_pid": "GAWA_146991523",
    "ee": true,
    "tech_change_status": "Not Planned"
   }
  },
  {
   "type": "Feature",
   "geometry": {
    "type": "Point",
    "coordinates": [
     123.63548,
     -17.30713
    ]
   },
   "properties": {
    "name": "84 LOCH STREET DERBY 6728",
    "locID": "LOC000003642744",
    "tech": "FTTN",
    "upgrade": "NULL_NA",
    "gnaf_pid": "GAWA_146991524",
    "ee": true,
    "tech_change_status": "Not Planned"
   }
  },
  {
   "type": "Feature",
   "geometry": {
    "type": "Point",
    "coordinates": [
     123.63562,
     -17.30744
    ]
   },
   "properties": {
    "name": "81 CLARENDON STREET DERBY 6728",
    "locID": "LOC000089215643",
    "tech": "FTTN",
    "upgrade": "NULL_NA",
    "gnaf_pid": "GAWA_146991525",
    "ee": true,
    "tech_change_status": "Not Planned"
   }
  },
  {
   "type": "Feature",
   "geometry": {
    "type": "Point",
    "coordinates": [
     123.63578313,
     -17.30717279
    ]
   },
   "properties": {
    "name": "86 LOCH STREET DERBY 6728",
    "locID": "LOC000088617370",
    "tech": "FTTN",
    "upgrade": "NULL_NA",
    "gnaf_pid": "GAWA_146991526",
    "ee": true,
    "tech_change_status": "Not Planned"
   }
  },
  {
   "type": "Feature",
   "geometry": {
    "type": "Point",
    "coordinates": [
     123.63604,
     -17.3074
    ]
   },
   "properties": {
    "name": "88 LOCH STREET DERBY 6728",
    "locID": "LOC000054640358",
    "tech": "FTTN",
    "upgrade": "NULL_NA",
    "gnaf_pid": "GAWA_146991527",
    "ee": true,
    "tech_change_status": "Not Planned"
   }
  },
  {
   "type": "Feature",
   "geometry": {
    "type": "Point",
    "coordinates": [
     123.63636,
     -17.30746
    ]
   },
   "properties": {
    "name": "90 LOCH STREET DERBY 6728",
    "locID": "LOC000081027901",
    "tech": "FTTN",
    "upgrade": "NULL_NA",
    "gnaf_pid": "GAWA_146991528",
    "ee": true,
    "tech_change_status": "Not Planned"
   }
  },
  {
   "type": "Feature",
   "geometry": {
    "type": "Point",
    "coordinates": [
     123.63186,
     -17.30523
    ]
   },
   "properties": {
    "name": "12 NEVILL STREET DERBY 6728",
    "locID": "LOC000085611032",
    "tech": "FTTN",
    "upgrade": "NULL_NA",
    "gnaf_pid": "GAWA_146991634",
    "ee": true,
    "tech_change_status": "Not Planned"
   }
  },
  {
   "type": "Feature",
   "geometry": {
    "type": "Point",
    "coordinates": [
     123.632,
     -17.30397
    ]
   },
   "properties": {
    "name": "79 LOCH STREET DERBY 6728",
    "locID": "LOC000147461257",
    "tech": "FTTN",
    "upgrade": "NULL_NA",
    "gnaf_pid": "GAWA_146991635",
    "ee": true,
    "tech_change_status": "Not Planned"
   }
  },
  {
   "type": "Feature",
   "geometry": {
    "type": "Point",
    "coordinates": [
     123.63233,
     -17.30345
    ]
   },
   "properties": {
    "name": "76 VILLIERS STREET DERBY 6728",
    "locID": "LOC000147460960",
    "tech": "FTTN",
    "upgrade": "NULL_NA",
    "gnaf_pid": "GAWA_146991639",
    "ee": true,
    "tech_change_status": "Not Planned"
   }
  },
  {
   "type": "Feature",
   "geometry": {
    "type": "Point",
    "coordinates": [
     123.63242,
     -17.30435
    ]
   },
   "properties": {
    "name": "87 LOCH STREET DERBY 6728",
    "locID": "LOC000063511620",
    "tech": "FTTN",
    "upgrade": "NULL_NA",
    "gnaf_pid": "GAWA_146991640",
    "ee": true,
    "tech_change_status": "Not Planned"
   }
  },
  {
   "type": "Feature",
   "geometry": {
    "type": "Point",
    "coordinates": [
     123.63249,
     -17.30372
    ]
   },
   "properties": {
    "name": "4 NEVILL STREET DERBY 6728",
    "locID": "LOC000025608042",
    "tech": "FTTN",
    "upgrade": "NULL_NA",
    "gnaf_pid": "GAWA_146991641",
    "ee": true,
    "tech_change_status": "Not Planned"
   }
  },
  {
   "type": "Feature",
   "geometry": {
    "type": "Point",
    "coordinates": [
     123.63259,
     -17.3041
    ]
   },
   "properties": {
    "name": "6 NEVILL STREET DERBY 6728",
    "locID": "LOC000027089596",
    "tech": "FTTN",
    "upgrade": "NULL_NA",
    "gnaf_pid": "GAWA_146991642",
    "ee": true,
    "tech_change_status": "Not Planned"
   }
  },
  {
   "type": "Feature",
   "geometry": {
    "type": "Point",
    "coordinates": [
     123.62907,
     -17.30593
    ]
   },
   "properties": {
    "name": "37 ROWAN STREET DERBY 6728",
    "locID": "LOC000063477913",
    "tech": "FTTN",
    "upgrade": "NULL_NA",
    "gnaf_pid": "GAWA_146991644",
    "ee": true,
    "tech_change_status": "Not Planned"
   }
  },
  {
   "type": "Feature",
   "geometry": {
    "type": "Point",
    "coordinates": [
     123.62931,
     -17.30607
    ]
   },
   "properties": {
    "name": "39 ROWAN STREET DERBY 6728",
    "locID": "LOC000089809414",
    "tech": "FTTN",
    "upgrade": "NULL_NA",
    "gnaf_pid": "GAWA_146991645",
    "ee": true,
    "tech_change_status": "Not Planned"
   }
  },
  {
   "type": "Feature",
   "geometry": {
    "type": "Point",
    "coordinates": [
     123.6294,
     -17.30541
    ]
   },
   "properties": {
    "name": "46 CLARENDON STREET DERBY 6728",
    "locID": "LOC000054603980",
    "tech": "FTTN",
    "upgrade": "NULL_NA",
    "gnaf_pid": "GAWA_146991646",
    "ee": true,
    "tech_change_status": "Not Planned"
   }
  },
  {
   "type": "Feature",
   "geometry": {
    "type": "Point",
    "coordinates": [
     123.62955,
     -17.30622
    ]
   },
   "properties": {
    "name": "43 ROWAN STREET DERBY 6728",
    "locID": "LOC000051656493",
    "tech": "FTTN",
    "upgrade": "NULL_NA",
    "gnaf_pid": "GAWA_146991647",
    "ee": true,
    "tech_change_status": "Not Planned"
   }
  },
  {
   "type": "Feature",
   "geometry": {
    "type": "Point",
    "coordinates": [
     123.62964,
     -17.30556
    ]
   },
   "properties": {
    "name": "48 CLARENDON STREET DERBY 6728",
    "locID": "LOC000028796539",
    "tech": "FTTN",
    "upgrade": "NULL_NA",
    "gnaf_pid": "GAWA_146991648",
    "ee": true,
    "tech_change_status": "Not Planned"
   }
  },
  {
   "type": "Feature",
   "geometry": {
    "type": "Point",
    "coordinates": [
     123.62993,
     -17.30573
    ]
   },
   "properties": {
    "name": "52 CLARENDON STREET DERBY 6728",
    "locID": "LOC000090417670",
    "tech": "FTTN",
    "upgrade": "NULL_NA",
    "gnaf_pid": "GAWA_146991650",
    "ee": true,
    "tech_change_status": "Not Planned"
   }
  },
  {
   "type": "Feature",
   "geometry": {
    "type": "Point",
    "coordinates": [
     123.63004,
     -17.3065
    ]
   },
   "properties": {
    "name": "51 ROWAN STREET DERBY 6728",
    "locID": "LOC000103910133",
    "tech": "FTTN",
    "upgrade": "NULL_NA",
    "gnaf_pid": "GAWA_146991651",
    "ee": true,
    "tech_change_status": "Not Planned"
   }
  },
  {
   "type": "Feature",
   "geometry": {
    "type": "Point",
    "coordinates": [
     123.630115,
     -17.305835
    ]
   },
   "properties": {
    "name": "56 CLARENDON STREET DERBY 6728",
    "locID": "LOC000057022502",
    "tech": "FTTN",
    "upgrade": "NULL_NA",
    "gnaf_pid": "GAWA_146991652",
    "ee": true,
    "tech_change_status": "Not Planned"
   }
  },
  {
   "type": "Feature",
   "geometry": {
    "type": "Point",
    "coordinates": [
     123.63037,
     -17.30599
    ]
   },
   "properties": {
    "name": "60 CLARENDON STREET DERBY 6728",
    "locID": "LOC000043238972",
    "tech": "FTTN",
    "upgrade": "NULL_NA",
    "gnaf_pid": "GAWA_146991654",
    "ee": true,
    "tech_change_status": "Not Planned"
   }
  },
  {
   "type": "Feature",
   "geometry": {
    "type": "Point",
    "coordinates": [
     123.63044,
     -17.30692
    ]
   },
   "properties": {
    "name": "57 ROWAN STREET DERBY 6728",
    "locID": "LOC000028706255",
    "tech": "FTTN",
    "upgrade": "NULL_NA",
    "gnaf_pid": "GAWA_146991655",
    "ee": true,
    "tech_change_status": "Not Planned"
   }
  },
  {
   "type": "Feature",
   "geometry": {
    "type": "Point",
    "coordinates": [
     123.63061,
     -17.30613
    ]
   },
   "properties": {
    "name": "64 CLARENDON STREET DERBY 6728",
    "locID": "LOC000044537715",
    "tech": "FTTN",
    "upgrade": "NULL_NA",
    "gnaf_pid": "GAWA_146991656",
    "ee": true,
    "tech_change_status": "Not Planned"
   }
  },
  {
   "type": "Feature",
   "geometry": {
    "type": "Point",
    "coordinates": [
     123.63073,
     -17.30673
    ]
   },
   "properties": {
    "name": "18 NEVILL STREET DERBY 6728",
    "locID": "LOC000029516632",
    "tech": "FTTN",
    "upgrade": "NULL_NA",
    "gnaf_pid": "GAWA_146991657",
    "ee": true,
    "tech_change_status": "Not Planned"
   }
  },
  {
   "type": "Feature",
   "geometry": {
    "type": "Point",
    "coordinates": [
     123.63754,
     -17.32232
    ]
   },
   "properties": {
    "name": "2 HAKEA PLACE DERBY 6728",
    "locID": "LOC000050920937",
    "tech": "FTTN",
    "upgrade": "NULL_NA",
    "gnaf_pid": "GAWA_146991658",
    "ee": true,
    "tech_change_status": "Not Planned"
   }
  },
  {
   "type": "Feature",
   "geometry": {
    "type": "Point",
    "coordinates": [
     123.63769,
     -17.3221
    ]
   },
   "properties": {
    "name": "16 MIMOSA STREET DERBY 6728",
    "locID": "LOC000015479809",
    "tech": "FTTN",
    "upgrade": "NULL_NA",
    "gnaf_pid": "GAWA_146991659",
    "ee": true,
    "tech_change_status": "Not Planned"
   }
  },
  {
   "type": "Feature",
   "geometry": {
    "type": "Point",
    "coordinates": [
     123.63808,
     -17.32228
    ]
   },
   "properties": {
    "name": "18 MIMOSA STREET DERBY 6728",
    "locID": "LOC000031883790",
    "tech": "FTTN",
    "upgrade": "NULL_NA",
    "gnaf_pid": "GAWA_146991660",
    "ee": true,
    "tech_change_status": "Not Planned"
   }
  },
  {
   "type": "Feature",
   "geometry": {
    "type": "Point",
    "coordinates": [
     123.6490076,
     -17.30983776
    ]
   },
   "properties": {
    "name": "2 SUTHERLAND STREET DERBY 6728",
    "locID": "LOC000168937139",
    "tech": "FTTN",
    "upgrade": "NULL_NA",
    "gnaf_pid": "GAWA_146991661",
    "ee": true,
    "tech_change_status": "Not Planned"
   }
  },
  {
   "type": "Feature",
   "geometry": {
    "type": "Point",
    "coordinates": [
     123.6492,
     -17.3104
    ]
   },
   "properties": {
    "name": "55 KNOWSLEY STREET EAST DERBY 6728",
    "locID": "LOC000071482798",
    "tech": "FTTN",
    "upgrade": "NULL_NA",
    "gnaf_pid": "GAWA_146991662",
    "ee": true,
    "tech_change_status": "Not Planned"
   }
  },
  {
   "type": "Feature",
   "geometry": {
    "type": "Point",
    "coordinates": [
     123.64964562,
     -17.31137598
    ]
   },
   "properties": {
    "name": "64 KNOWSLEY STREET EAST DERBY 6728",
    "locID": "LOC000050047628",
    "tech": "FTTN",
    "upgrade": "NULL_NA",
    "gnaf_pid": "GAWA_146991663",
    "ee": true,
    "tech_change_status": "Not Planned"
   }
  },
  {
   "type": "Feature",
   "geometry": {
    "type": "Point",
    "coordinates": [
     123.64961,
     -17.31014
    ]
   },
   "properties": {
    "name": "4 SUTHERLAND STREET DERBY 6728",
    "locID": "LOC000147460630",
    "tech": "FTTN",
    "upgrade": "NULL_NA",
    "gnaf_pid": "GAWA_146991664",
    "ee": true,
    "tech_change_status": "Not Planned"
   }
  },
  {
   "type": "Feature",
   "geometry": {
    "type": "Point",
    "coordinates": [
     123.65165,
     -17.31044
    ]
   },
   "properties": {
    "name": "83 KNOWSLEY STREET EAST DERBY 6728",
    "locID": "LOC000084481734",
    "tech": "FTTN",
    "upgrade": "NULL_NA",
    "gnaf_pid": "GAWA_146991681",
    "ee": true,
    "tech_change_status": "Not Planned"
   }
  },
  {
   "type": "Feature",
   "geometry": {
    "type": "Point",
    "coordinates": [
     123.65165,
     -17.30983
    ]
   },
   "properties": {
    "name": "28 SUTHERLAND STREET DERBY 6728",
    "locID": "LOC000004759673",
    "tech": "FTTN",
    "upgrade": "NULL_NA",
    "gnaf_pid": "GAWA_146991682",
    "ee": true,
    "tech_change_status": "Not Planned"
   }
  },
  {
   "type": "Feature",
   "geometry": {
    "type": "Point",
    "coordinates": [
     123.65231,
     -17.31141
    ]
   },
   "properties": {
    "name": "94 KNOWSLEY STREET EAST DERBY 6728",
    "locID": "LOC000037861307",
    "tech": "FTTN",
    "upgrade": "NULL_NA",
    "gnaf_pid": "GAWA_146991686",
    "ee": true,
    "tech_change_status": "Not Planned"
   }
  },
  {
   "type": "Feature",
   "geometry": {
    "type": "Point",
    "coordinates": [
     123.65581,
     -17.31141
    ]
   },
   "properties": {
    "name": "132 KNOWSLEY STREET EAST DERBY 6728",
    "locID": "LOC000085179501",
    "tech": "FTTN",
    "upgrade": "NULL_NA",
    "gnaf_pid": "GAWA_146991687",
    "ee": true,
    "tech_change_status": "Not Planned"
   }
  },
  {
   "type": "Feature",
   "geometry": {
    "type": "Point",
    "coordinates": [
     123.65581,
     -17.31202
    ]
   },
   "properties": {
    "name": "63 DAMPIER DRIVE DERBY 6728",
    "locID": "LOC000038493278",
    "tech": "FTTN",
    "upgrade": "NULL_NA",
    "gnaf_pid": "GAWA_146991688",
    "ee": true,
    "tech_change_status": "Not Planned"
   }
  },
  {
   "type": "Feature",
   "geometry": {
    "type": "Point",
    "coordinates": [
     123.65581,
     -17.31044
    ]
   },
   "properties": {
    "name": "123 KNOWSLEY STREET EAST DERBY 6728",
    "locID": "LOC000077308955",
    "tech": "FTTN",
    "upgrade": "NULL_NA",
    "gnaf_pid": "GAWA_146991690",
    "ee": true,
    "tech_change_status": "Not Planned"
   }
  },
  {
   "type": "Feature",
   "geometry": {
    "type": "Point",
    "coordinates": [
     123.6561,
     -17.31141
    ]
   },
   "properties": {
    "name": "136 KNOWSLEY STREET EAST DERBY 6728",
    "locID": "LOC000032098167",
    "tech": "FTTN",
    "upgrade": "NULL_NA",
    "gnaf_pid": "GAWA_146991691",
    "ee": true,
    "tech_change_status": "Not Planned"
   }
  },
  {
   "type": "Feature",
   "geometry": {
    "type": "Point",
    "coordinates": [
     123.6561,
     -17.31202
    ]
   },
   "properties": {
    "name": "67 DAMPIER DRIVE DERBY 6728",
    "locID": "LOC000092781563",
    "tech": "FTTN",
    "upgrade": "NULL_NA",
    "gnaf_pid": "GAWA_146991692",
    "ee": true,
    "tech_change_status": "Not Planned"
   }
  },
  {
   "type": "Feature",
   "geometry": {
    "type": "Point",
    "coordinates": [
     123.6561,
     -17.31044
    ]
   },
   "properties": {
    "name": "127 KNOWSLEY STREET EAST DERBY 6728",
    "locID": "LOC000082333274",
    "tech": "FTTN",
    "upgrade": "NULL_NA",
    "gnaf_pid": "GAWA_146991693",
    "ee": true,
    "tech_change_status": "Not Planned"
   }
  },
  {
   "type": "Feature",
   "geometry": {
    "type": "Point",
    "coordinates": [
     123.65760704,
     -17.31089648
    ]
   },
   "properties": {
    "name": "1 LOVEGROVE STREET DERBY 6728",
    "locID": "LOC000185983602",
    "tech": "NULL",
    "upgrade": "NULL_NA",
    "gnaf_pid": "GAWA_146991695",
    "ee": true,
    "tech_change_status": "Not Planned"
   }
  },
  {
   "type": "Feature",
   "geometry": {
    "type": "Point",
    "coordinates": [
     123.65487945,
     -17.32325838
    ]
   },
   "properties": {
    "name": "50 GUILDFORD STREET DERBY 6728",
    "locID": "LOC000065140296",
    "tech": "FTTN",
    "upgrade": "NULL_NA",
    "gnaf_pid": "GAWA_146991696",
    "ee": true,
    "tech_change_status": "Not Planned"
   }
  },
  {
   "type": "Feature",
   "geometry": {
    "type": "Point",
    "coordinates": [
     123.65754,
     -17.3247
    ]
   },
   "properties": {
    "name": "51 FITZROY STREET DERBY 6728",
    "locID": "LOC000051969437",
    "tech": "FTTN",
    "upgrade": "NULL_NA",
    "gnaf_pid": "GAWA_146991697",
    "ee": true,
    "tech_change_status": "Not Planned"
   }
  },
  {
   "type": "Feature",
   "geometry": {
    "type": "Point",
    "coordinates": [
     123.65742,
     -17.32301
    ]
   },
   "properties": {
    "name": "54 GUILDFORD STREET DERBY 6728",
    "locID": "LOC000101694696",
    "tech": "FTTN",
    "upgrade": "NULL_NA",
    "gnaf_pid": "GAWA_146991698",
    "ee": true,
    "tech_change_status": "Not Planned"
   }
  },
  {
   "type": "Feature",
   "geometry": {
    "type": "Point",
    "coordinates": [
     123.65998,
     -17.32301
    ]
   },
   "properties": {
    "name": "58 GUILDFORD STREET DERBY 6728",
    "locID": "LOC000032813057",
    "tech": "FTTN",
    "upgrade": "NULL_NA",
    "gnaf_pid": "GAWA_146991701",
    "ee": true,
    "tech_change_status": "Not Planned"
   }
  },
  {
   "type": "Feature",
   "geometry": {
    "type": "Point",
    "coordinates": [
     123.66235,
     -17.32475
    ]
   },
   "properties": {
    "name": "57 FITZROY STREET DERBY 6728",
    "locID": "LOC000035233720",
    "tech": "FTTN",
    "upgrade": "NULL_NA",
    "gnaf_pid": "GAWA_146991702",
    "ee": true,
    "tech_change_status": "Not Planned"
   }
  },
  {
   "type": "Feature",
   "geometry": {
    "type": "Point",
    "coordinates": [
     123.66235,
     -17.32301
    ]
   },
   "properties": {
    "name": "62 GUILDFORD STREET DERBY 6728",
    "locID": "LOC000079356255",
    "tech": "FTTN",
    "upgrade": "NULL_NA",
    "gnaf_pid": "GAWA_146991703",
    "ee": true,
    "tech_change_status": "Not Planned"
   }
  },
  {
   "type": "Feature",
   "geometry": {
    "type": "Point",
    "coordinates": [
     123.66457,
     -17.32475
    ]
   },
   "properties": {
    "name": "61 FITZROY STREET DERBY 6728",
    "locID": "LOC000012029977",
    "tech": "FTTN",
    "upgrade": "NULL_NA",
    "gnaf_pid": "GAWA_146991705",
    "ee": true,
    "tech_change_status": "Not Planned"
   }
  },
  {
   "type": "Feature",
   "geometry": {
    "type": "Point",
    "coordinates": [
     123.66457,
     -17.32301
    ]
   },
   "properties": {
    "name": "66 GUILDFORD STREET DERBY 6728",
    "locID": "LOC000034615031",
    "tech": "FTTN",
    "upgrade": "NULL_NA",
    "gnaf_pid": "GAWA_146991706",
    "ee": true,
    "tech_change_status": "Not Planned"
   }
  },
  {
   "type": "Feature",
   "geometry": {
    "type": "Point",
    "coordinates": [
     123.66457,
     -17.31977
    ]
   },
   "properties": {
    "name": "35 GUILDFORD STREET DERBY 6728",
    "locID": "LOC000084024087",
    "tech": "FTTN",
    "upgrade": "NULL_NA",
    "gnaf_pid": "GAWA_146991707",
    "ee": true,
    "tech_change_status": "Not Planned"
   }
  },
  {
   "type": "Feature",
   "geometry": {
    "type": "Point",
    "coordinates": [
     123.66679,
     -17.32475
    ]
   },
   "properties": {
    "name": "63 FITZROY STREET DERBY 6728",
    "locID": "LOC000066996518",
    "tech": "FTTN",
    "upgrade": "NULL_NA",
    "gnaf_pid": "GAWA_146991708",
    "ee": true,
    "tech_change_status": "Not Planned"
   }
  },
  {
   "type": "Feature",
   "geometry": {
    "type": "Point",
    "coordinates": [
     123.63716,
     -17.31043
    ]
   },
   "properties": {
    "name": "31 KNOWSLEY STREET WEST DERBY 6728",
    "locID": "LOC000102425202",
    "tech": "FTTN",
    "upgrade": "NULL_NA",
    "gnaf_pid": "GAWA_146993426",
    "ee": true,
    "tech_change_status": "Not Planned"
   }
  },
  {
   "type": "Feature",
   "geometry": {
    "type": "Point",
    "coordinates": [
     123.63359,
     -17.31395
    ]
   },
   "properties": {
    "name": "38 MARMION STREET DERBY 6728",
    "locID": "LOC000093032455",
    "tech": "FTTN",
    "upgrade": "NULL_NA",
    "gnaf_pid": "GAWA_146993990",
    "ee": true,
    "tech_change_status": "Not Planned"
   }
  },
  {
   "type": "Feature",
   "geometry": {
    "type": "Point",
    "coordinates": [
     123.63372,
     -17.31413
    ]
   },
   "properties": {
    "name": "40 MARMION STREET DERBY 6728",
    "locID": "LOC000095953197",
    "tech": "FTTN",
    "upgrade": "NULL_NA",
    "gnaf_pid": "GAWA_146993991",
    "ee": true,
    "tech_change_status": "Not Planned"
   }
  },
  {
   "type": "Feature",
   "geometry": {
    "type": "Point",
    "coordinates": [
     123.63376,
     -17.31494
    ]
   },
   "properties": {
    "name": "111 ROWAN STREET DERBY 6728",
    "locID": "LOC000065972642",
    "tech": "FTTN",
    "upgrade": "NULL_NA",
    "gnaf_pid": "GAWA_146993992",
    "ee": true,
    "tech_change_status": "Not Planned"
   }
  },
  {
   "type": "Feature",
   "geometry": {
    "type": "Point",
    "coordinates": [
     123.63376,
     -17.31578
    ]
   },
   "properties": {
    "name": "2 MONGER STREET DERBY 6728",
    "locID": "LOC000080706833",
    "tech": "FTTN",
    "upgrade": "NULL_NA",
    "gnaf_pid": "GAWA_146993993",
    "ee": true,
    "tech_change_status": "Not Planned"
   }
  },
  {
   "type": "Feature",
   "geometry": {
    "type": "Point",
    "coordinates": [
     123.63432,
     -17.3158
    ]
   },
   "properties": {
    "name": "6 MONGER STREET DERBY 6728",
    "locID": "LOC000069710876",
    "tech": "FTTN",
    "upgrade": "NULL_NA",
    "gnaf_pid": "GAWA_146993999",
    "ee": true,
    "tech_change_status": "Not Planned"
   }
  },
  {
   "type": "Feature",
   "geometry": {
    "type": "Point",
    "coordinates": [
     123.63436,
     -17.31518
    ]
   },
   "properties": {
    "name": "52 MARMION STREET DERBY 6728",
    "locID": "LOC000086750083",
    "tech": "FTTN",
    "upgrade": "NULL_NA",
    "gnaf_pid": "GAWA_146994000",
    "ee": true,
    "tech_change_status": "Not Planned"
   }
  },
  {
   "type": "Feature",
   "geometry": {
    "type": "Point",
    "coordinates": [
     123.63438,
     -17.31625
    ]
   },
   "properties": {
    "name": "6 REID COURT DERBY 6728",
    "locID": "LOC000078125884",
    "tech": "FTTN",
    "upgrade": "NULL_NA",
    "gnaf_pid": "GAWA_146994001",
    "ee": true,
    "tech_change_status": "Not Planned"
   }
  },
  {
   "type": "Feature",
   "geometry": {
    "type": "Point",
    "coordinates": [
     123.63459,
     -17.31649
    ]
   },
   "properties": {
    "name": "4 REID COURT DERBY 6728",
    "locID": "LOC000037473335",
    "tech": "FTTN",
    "upgrade": "NULL_NA",
    "gnaf_pid": "GAWA_146994002",
    "ee": true,
    "tech_change_status": "Not Planned"
   }
  },
  {
   "type": "Feature",
   "geometry": {
    "type": "Point",
    "coordinates": [
     123.63485,
     -17.3165
    ]
   },
   "properties": {
    "name": "2 REID COURT DERBY 6728",
    "locID": "LOC000064340913",
    "tech": "FTTN",
    "upgrade": "NULL_NA",
    "gnaf_pid": "GAWA_146994005",
    "ee": true,
    "tech_change_status": "Not Planned"
   }
  },
  {
   "type": "Feature",
   "geometry": {
    "type": "Point",
    "coordinates": [
     123.62477,
     -17.30133
    ]
   },
   "properties": {
    "name": "12 ELDER STREET DERBY 6728",
    "locID": "LOC000006562501",
    "tech": "FTTN",
    "upgrade": "NULL_NA",
    "gnaf_pid": "GAWA_146994006",
    "ee": true,
    "tech_change_status": "Not Planned"
   }
  },
  {
   "type": "Feature",
   "geometry": {
    "type": "Point",
    "coordinates": [
     123.62489,
     -17.30328
    ]
   },
   "properties": {
    "name": "18 ELDER STREET DERBY 6728",
    "locID": "LOC000027012111",
    "tech": "FTTN",
    "upgrade": "NULL_NA",
    "gnaf_pid": "GAWA_146994008",
    "ee": true,
    "tech_change_status": "Not Planned"
   }
  },
  {
   "type": "Feature",
   "geometry": {
    "type": "Point",
    "coordinates": [
     123.62543,
     -17.30093
    ]
   },
   "properties": {
    "name": "8 ELDER STREET DERBY 6728",
    "locID": "LOC000042407868",
    "tech": "FTTN",
    "upgrade": "NULL_NA",
    "gnaf_pid": "GAWA_146994010",
    "ee": true,
    "tech_change_status": "Not Planned"
   }
  },
  {
   "type": "Feature",
   "geometry": {
    "type": "Point",
    "coordinates": [
     123.64993,
     -17.31197
    ]
   },
   "properties": {
    "name": "1 DAMPIER DRIVE DERBY 6728",
    "locID": "LOC000018968754",
    "tech": "FTTN",
    "upgrade": "NULL_NA",
    "gnaf_pid": "GAWA_146994719",
    "ee": true,
    "tech_change_status": "Not Planned"
   }
  },
  {
   "type": "Feature",
   "geometry": {
    "type": "Point",
    "coordinates": [
     123.6508,
     -17.31044
    ]
   },
   "properties": {
    "name": "71 KNOWSLEY STREET EAST DERBY 6728",
    "locID": "LOC000012898627",
    "tech": "FTTN",
    "upgrade": "NULL_NA",
    "gnaf_pid": "GAWA_146994729",
    "ee": true,
    "tech_change_status": "Not Planned"
   }
  },
  {
   "type": "Feature",
   "geometry": {
    "type": "Point",
    "coordinates": [
     123.65108,
     -17.31202
    ]
   },
   "properties": {
    "name": "15 DAMPIER DRIVE DERBY 6728",
    "locID": "LOC000057964846",
    "tech": "FTTN",
    "upgrade": "NULL_NA",
    "gnaf_pid": "GAWA_146994732",
    "ee": true,
    "tech_change_status": "Not Planned"
   }
  },
  {
   "type": "Feature",
   "geometry": {
    "type": "Point",
    "coordinates": [
     123.65108,
     -17.31141
    ]
   },
   "properties": {
    "name": "84 KNOWSLEY STREET EAST DERBY 6728",
    "locID": "LOC000078976967",
    "tech": "FTTN",
    "upgrade": "NULL_NA",
    "gnaf_pid": "GAWA_146994733",
    "ee": true,
    "tech_change_status": "Not Planned"
   }
  },
  {
   "type": "Feature",
   "geometry": {
    "type": "Point",
    "coordinates": [
     123.65108,
     -17.30983
    ]
   },
   "properties": {
    "name": "20 SUTHERLAND STREET DERBY 6728",
    "locID": "LOC000040345960",
    "tech": "FTTN",
    "upgrade": "NULL_NA",
    "gnaf_pid": "GAWA_146994734",
    "ee": true,
    "tech_change_status": "Not Planned"
   }
  },
  {
   "type": "Feature",
   "geometry": {
    "type": "Point",
    "coordinates": [
     123.65108,
     -17.31044
    ]
   },
   "properties": {
    "name": "75 KNOWSLEY STREET EAST DERBY 6728",
    "locID": "LOC000042894178",
    "tech": "FTTN",
    "upgrade": "NULL_NA",
    "gnaf_pid": "GAWA_146994735",
    "ee": true,
    "tech_change_status": "Not Planned"
   }
  },
  {
   "type": "Feature",
   "geometry": {
    "type": "Point",
    "coordinates": [
     123.65137249,
     -17.31140727
    ]
   },
   "properties": {
    "name": "88 KNOWSLEY STREET EAST DERBY 6728",
    "locID": "LOC000030532181",
    "tech": "FTTN",
    "upgrade": "NULL_NA",
    "gnaf_pid": "GAWA_146994736",
    "ee": true,
    "tech_change_status": "Not Planned"
   }
  },
  {
   "type": "Feature",
   "geometry": {
    "type": "Point",
    "coordinates": [
     123.65136,
     -17.31202
    ]
   },
   "properties": {
    "name": "19 DAMPIER DRIVE DERBY 6728",
    "locID": "LOC000059714151",
    "tech": "FTTN",
    "upgrade": "NULL_NA",
    "gnaf_pid": "GAWA_146994737",
    "ee": true,
    "tech_change_status": "Not Planned"
   }
  },
  {
   "type": "Feature",
   "geometry": {
    "type": "Point",
    "coordinates": [
     123.64539,
     -17.30997
    ]
   },
   "properties": {
    "name": "12 MINIRITCHIE PLACE DERBY 6728",
    "locID": "LOC000080442994",
    "tech": "FTTN",
    "upgrade": "NULL_NA",
    "gnaf_pid": "GAWA_146994880",
    "ee": true,
    "tech_change_status": "Not Planned"
   }
  },
  {
   "type": "Feature",
   "geometry": {
    "type": "Point",
    "coordinates": [
     123.64564,
     -17.30994
    ]
   },
   "properties": {
    "name": "10 MINIRITCHIE PLACE DERBY 6728",
    "locID": "LOC000083424746",
    "tech": "FTTN",
    "upgrade": "NULL_NA",
    "gnaf_pid": "GAWA_146994883",
    "ee": true,
    "tech_change_status": "Not Planned"
   }
  },
  {
   "type": "Feature",
   "geometry": {
    "type": "Point",
    "coordinates": [
     123.64562,
     -17.3107
    ]
   },
   "properties": {
    "name": "29 KNOWSLEY STREET EAST DERBY 6728",
    "locID": "LOC000101224666",
    "tech": "FTTN",
    "upgrade": "NULL_NA",
    "gnaf_pid": "GAWA_146994884",
    "ee": true,
    "tech_change_status": "Not Planned"
   }
  },
  {
   "type": "Feature",
   "geometry": {
    "type": "Point",
    "coordinates": [
     123.64581,
     -17.31004
    ]
   },
   "properties": {
    "name": "8 MINIRITCHIE PLACE DERBY 6728",
    "locID": "LOC000051650241",
    "tech": "FTTN",
    "upgrade": "NULL_NA",
    "gnaf_pid": "GAWA_146994887",
    "ee": true,
    "tech_change_status": "Not Planned"
   }
  },
  {
   "type": "Feature",
   "geometry": {
    "type": "Point",
    "coordinates": [
     123.64582,
     -17.3107
    ]
   },
   "properties": {
    "name": "31 KNOWSLEY STREET EAST DERBY 6728",
    "locID": "LOC000102403527",
    "tech": "FTTN",
    "upgrade": "NULL_NA",
    "gnaf_pid": "GAWA_146994888",
    "ee": true,
    "tech_change_status": "Not Planned"
   }
  },
  {
   "type": "Feature",
   "geometry": {
    "type": "Point",
    "coordinates": [
     123.64582,
     -17.30967
    ]
   },
   "properties": {
    "name": "124 LOCH STREET DERBY 6728",
    "locID": "LOC000089002555",
    "tech": "FTTN",
    "upgrade": "NULL_NA",
    "gnaf_pid": "GAWA_146994889",
    "ee": true,
    "tech_change_status": "Not Planned"
   }
  },
  {
   "type": "Feature",
   "geometry": {
    "type": "Point",
    "coordinates": [
     123.64606,
     -17.31044
    ]
   },
   "properties": {
    "name": "33 KNOWSLEY STREET EAST DERBY 6728",
    "locID": "LOC000082887358",
    "tech": "FTTN",
    "upgrade": "NULL_NA",
    "gnaf_pid": "GAWA_146994890",
    "ee": true,
    "tech_change_status": "Not Planned"
   }
  },
  {
   "type": "Feature",
   "geometry": {
    "type": "Point",
    "coordinates": [
     123.64606,
     -17.30983
    ]
   },
   "properties": {
    "name": "126 LOCH STREET DERBY 6728",
    "locID": "LOC000086680372",
    "tech": "FTTN",
    "upgrade": "NULL_NA",
    "gnaf_pid": "GAWA_146994891",
    "ee": true,
    "tech_change_status": "Not Planned"
   }
  },
  {
   "type": "Feature",
   "geometry": {
    "type": "Point",
    "coordinates": [
     123.64606,
     -17.30886
    ]
   },
   "properties": {
    "name": "187 LOCH STREET DERBY 6728",
    "locID": "LOC000087482692",
    "tech": "FTTN",
    "upgrade": "NULL_NA",
    "gnaf_pid": "GAWA_146994892",
    "ee": true,
    "tech_change_status": "Not Planned"
   }
  },
  {
   "type": "Feature",
   "geometry": {
    "type": "Point",
    "coordinates": [
     123.64635,
     -17.31044
    ]
   },
   "properties": {
    "name": "37 KNOWSLEY STREET EAST DERBY 6728",
    "locID": "LOC000085239731",
    "tech": "FTTN",
    "upgrade": "NULL_NA",
    "gnaf_pid": "GAWA_146994893",
    "ee": true,
    "tech_change_status": "Not Planned"
   }
  },
  {
   "type": "Feature",
   "geometry": {
    "type": "Point",
    "coordinates": [
     123.64637,
     -17.30995
    ]
   },
   "properties": {
    "name": "132 LOCH STREET DERBY 6728",
    "locID": "LOC000022856544",
    "tech": "FTTN",
    "upgrade": "NULL_NA",
    "gnaf_pid": "GAWA_146994894",
    "ee": true,
    "tech_change_status": "Not Planned"
   }
  },
  {
   "type": "Feature",
   "geometry": {
    "type": "Point",
    "coordinates": [
     123.64632,
     -17.30969
    ]
   },
   "properties": {
    "name": "130 LOCH STREET DERBY 6728",
    "locID": "LOC000034676322",
    "tech": "FTTN",
    "upgrade": "NULL_NA",
    "gnaf_pid": "GAWA_146994895",
    "ee": true,
    "tech_change_status": "Not Planned"
   }
  },
  {
   "type": "Feature",
   "geometry": {
    "type": "Point",
    "coordinates": [
     123.64663,
     -17.31044
    ]
   },
   "properties": {
    "name": "41 KNOWSLEY STREET EAST DERBY 6728",
    "locID": "LOC000056754080",
    "tech": "FTTN",
    "upgrade": "NULL_NA",
    "gnaf_pid": "GAWA_146994896",
    "ee": true,
    "tech_change_status": "Not Planned"
   }
  },
  {
   "type": "Feature",
   "geometry": {
    "type": "Point",
    "coordinates": [
     123.64663,
     -17.30983
    ]
   },
   "properties": {
    "name": "134 LOCH STREET DERBY 6728",
    "locID": "LOC000042213011",
    "tech": "FTTN",
    "upgrade": "NULL_NA",
    "gnaf_pid": "GAWA_146994897",
    "ee": true,
    "tech_change_status": "Not Planned"
   }
  },
  {
   "type": "Feature",
   "geometry": {
    "type": "Point",
    "coordinates": [
     123.65165,
     -17.31202
    ]
   },
   "properties": {
    "name": "23 DAMPIER DRIVE DERBY 6728",
    "locID": "LOC000048376091",
    "tech": "FTTN",
    "upgrade": "NULL_NA",
    "gnaf_pid": "GAWA_146995302",
    "ee": true,
    "tech_change_status": "Not Planned"
   }
  },
  {
   "type": "Feature",
   "geometry": {
    "type": "Point",
    "coordinates": [
     123.63208,
     -17.30993
    ]
   },
   "properties": {
    "name": "8 HOWELL STREET DERBY 6728",
    "locID": "LOC000034416879",
    "tech": "FTTN",
    "upgrade": "NULL_NA",
    "gnaf_pid": "GAWA_146995377",
    "ee": true,
    "tech_change_status": "Not Planned"
   }
  },
  {
   "type": "Feature",
   "geometry": {
    "type": "Point",
    "coordinates": [
     123.63218,
     -17.31091
    ]
   },
   "properties": {
    "name": "8 WATT STREET DERBY 6728",
    "locID": "LOC000066089797",
    "tech": "FTTN",
    "upgrade": "NULL_NA",
    "gnaf_pid": "GAWA_146995378",
    "ee": true,
    "tech_change_status": "Not Planned"
   }
  },
  {
   "type": "Feature",
   "geometry": {
    "type": "Point",
    "coordinates": [
     123.63341,
     -17.3125
    ]
   },
   "properties": {
    "name": "19 MARMION STREET DERBY 6728",
    "locID": "LOC000098661425",
    "tech": "FTTN",
    "upgrade": "NULL_NA",
    "gnaf_pid": "GAWA_146995384",
    "ee": true,
    "tech_change_status": "Not Planned"
   }
  },
  {
   "type": "Feature",
   "geometry": {
    "type": "Point",
    "coordinates": [
     123.63453,
     -17.31345
    ]
   },
   "properties": {
    "name": "16 ALEXANDER STREET DERBY 6728",
    "locID": "LOC000037644953",
    "tech": "FTTN",
    "upgrade": "NULL_NA",
    "gnaf_pid": "GAWA_146995390",
    "ee": true,
    "tech_change_status": "Not Planned"
   }
  },
  {
   "type": "Feature",
   "geometry": {
    "type": "Point",
    "coordinates": [
     123.6347,
     -17.31366
    ]
   },
   "properties": {
    "name": "18 ALEXANDER STREET DERBY 6728",
    "locID": "LOC000056682682",
    "tech": "FTTN",
    "upgrade": "NULL_NA",
    "gnaf_pid": "GAWA_146995391",
    "ee": true,
    "tech_change_status": "Not Planned"
   }
  },
  {
   "type": "Feature",
   "geometry": {
    "type": "Point",
    "coordinates": [
     123.6317,
     -17.31174
    ]
   },
   "properties": {
    "name": "2 VAN EMMERIK STREET DERBY 6728",
    "locID": "LOC000023697688",
    "tech": "FTTN",
    "upgrade": "NULL_NA",
    "gnaf_pid": "GAWA_146995392",
    "ee": true,
    "tech_change_status": "Not Planned"
   }
  },
  {
   "type": "Feature",
   "geometry": {
    "type": "Point",
    "coordinates": [
     123.63177,
     -17.312
    ]
   },
   "properties": {
    "name": "85 ROWAN STREET DERBY 6728",
    "locID": "LOC000034539478",
    "tech": "FTTN",
    "upgrade": "NULL_NA",
    "gnaf_pid": "GAWA_146995393",
    "ee": true,
    "tech_change_status": "Not Planned"
   }
  },
  {
   "type": "Feature",
   "geometry": {
    "type": "Point",
    "coordinates": [
     123.63195,
     -17.3122
    ]
   },
   "properties": {
    "name": "87 ROWAN STREET DERBY 6728",
    "locID": "LOC000079036779",
    "tech": "FTTN",
    "upgrade": "NULL_NA",
    "gnaf_pid": "GAWA_146995394",
    "ee": true,
    "tech_change_status": "Not Planned"
   }
  },
  {
   "type": "Feature",
   "geometry": {
    "type": "Point",
    "coordinates": [
     123.63205,
     -17.31168
    ]
   },
   "properties": {
    "name": "4 VAN EMMERIK STREET DERBY 6728",
    "locID": "LOC000010393336",
    "tech": "FTTN",
    "upgrade": "NULL_NA",
    "gnaf_pid": "GAWA_146995395",
    "ee": true,
    "tech_change_status": "Not Planned"
   }
  },
  {
   "type": "Feature",
   "geometry": {
    "type": "Point",
    "coordinates": [
     123.63216,
     -17.31189
    ]
   },
   "properties": {
    "name": "22 MARMION STREET DERBY 6728",
    "locID": "LOC000071300291",
    "tech": "FTTN",
    "upgrade": "NULL_NA",
    "gnaf_pid": "GAWA_146995396",
    "ee": true,
    "tech_change_status": "Not Planned"
   }
  },
  {
   "type": "Feature",
   "geometry": {
    "type": "Point",
    "coordinates": [
     123.63213043,
     -17.31241309
    ]
   },
   "properties": {
    "name": "89 ROWAN STREET DERBY 6728",
    "locID": "LOC000038961044",
    "tech": "FTTN",
    "upgrade": "NULL_NA",
    "gnaf_pid": "GAWA_146995397",
    "ee": true,
    "tech_change_status": "Not Planned"
   }
  },
  {
   "type": "Feature",
   "geometry": {
    "type": "Point",
    "coordinates": [
     123.63231485,
     -17.31210566
    ]
   },
   "properties": {
    "name": "24 MARMION STREET DERBY 6728",
    "locID": "LOC000193702398",
    "tech": "FTTP",
    "upgrade": "NULL_NA",
    "gnaf_pid": "GAWA_146995398",
    "ee": true
   }
  },
  {
   "type": "Feature",
   "geometry": {
    "type": "Point",
    "coordinates": [
     123.64398,
     -17.30886
    ]
   },
   "properties": {
    "name": "167 LOCH STREET DERBY 6728",
    "locID": "LOC000019541194",
    "tech": "FTTN",
    "upgrade": "NULL_NA",
    "gnaf_pid": "GAWA_146995568",
    "ee": true,
    "tech_change_status": "Not Planned"
   }
  },
  {
   "type": "Feature",
   "geometry": {
    "type": "Point",
    "coordinates": [
     123.64427,
     -17.30886
    ]
   },
   "properties": {
    "name": "171 LOCH STREET DERBY 6728",
    "locID": "LOC000063529324",
    "tech": "FTTN",
    "upgrade": "NULL_NA",
    "gnaf_pid": "GAWA_146995569",
    "ee": true,
    "tech_change_status": "Not Planned"
   }
  },
  {
   "type": "Feature",
   "geometry": {
    "type": "Point",
    "coordinates": [
     123.63574,
     -17.31028
    ]
   },
   "properties": {
    "name": "11 FAIRBAIRN STREET DERBY 6728",
    "locID": "LOC000174079638",
    "tech": "FTTN",
    "upgrade": "NULL_NA",
    "gnaf_pid": "GAWA_146995571",
    "ee": true,
    "tech_change_status": "Not Planned"
   }
  },
  {
   "type": "Feature",
   "geometry": {
    "type": "Point",
    "coordinates": [
     123.63546079,
     -17.30969529
    ]
   },
   "properties": {
    "name": "2 DELEWARR STREET DERBY 6728",
    "locID": "LOC000055865003",
    "tech": "FTTN",
    "upgrade": "NULL_NA",
    "gnaf_pid": "GAWA_146995572",
    "ee": true,
    "tech_change_status": "Not Planned"
   }
  },
  {
   "type": "Feature",
   "geometry": {
    "type": "Point",
    "coordinates": [
     123.63546,
     -17.30886
    ]
   },
   "properties": {
    "name": "1 DELEWARR STREET DERBY 6728",
    "locID": "LOC000007855844",
    "tech": "FTTN",
    "upgrade": "NULL_NA",
    "gnaf_pid": "GAWA_146995573",
    "ee": true,
    "tech_change_status": "Not Planned"
   }
  },
  {
   "type": "Feature",
   "geometry": {
    "type": "Point",
    "coordinates": [
     123.63545915,
     -17.30825345
    ]
   },
   "properties": {
    "name": "94 CLARENDON STREET DERBY 6728",
    "locID": "LOC000147462562",
    "tech": "FTTN",
    "upgrade": "NULL_NA",
    "gnaf_pid": "GAWA_146995574",
    "ee": true,
    "tech_change_status": "Not Planned"
   }
  },
  {
   "type": "Feature",
   "geometry": {
    "type": "Point",
    "coordinates": [
     123.63574,
     -17.30886
    ]
   },
   "properties": {
    "name": "3 DELEWARR STREET DERBY 6728",
    "locID": "LOC000011529218",
    "tech": "FTTN",
    "upgrade": "NULL_NA",
    "gnaf_pid": "GAWA_146995575",
    "ee": true,
    "tech_change_status": "Not Planned"
   }
  },
  {
   "type": "Feature",
   "geometry": {
    "type": "Point",
    "coordinates": [
     123.63574269,
     -17.30982817
    ]
   },
   "properties": {
    "name": "4 DELEWARR STREET DERBY 6728",
    "locID": "LOC000089189740",
    "tech": "FTTN",
    "upgrade": "NULL_NA",
    "gnaf_pid": "GAWA_146995577",
    "ee": true,
    "tech_change_status": "Not Planned"
   }
  },
  {
   "type": "Feature",
   "geometry": {
    "type": "Point",
    "coordinates": [
     123.63602664,
     -17.3098282
    ]
   },
   "properties": {
    "name": "6 DELEWARR STREET DERBY 6728",
    "locID": "LOC000133480083",
    "tech": "FTTN",
    "upgrade": "NULL_NA",
    "gnaf_pid": "GAWA_146995578",
    "ee": true,
    "tech_change_status": "Not Planned"
   }
  },
  {
   "type": "Feature",
   "geometry": {
    "type": "Point",
    "coordinates": [
     123.63603,
     -17.31059
    ]
   },
   "properties": {
    "name": "17 KNOWSLEY STREET WEST DERBY 6728",
    "locID": "LOC000061583021",
    "tech": "FTTN",
    "upgrade": "NULL_NA",
    "gnaf_pid": "GAWA_146995579",
    "ee": true,
    "tech_change_status": "Not Planned"
   }
  },
  {
   "type": "Feature",
   "geometry": {
    "type": "Point",
    "coordinates": [
     123.63603,
     -17.30886
    ]
   },
   "properties": {
    "name": "5 DELEWARR STREET DERBY 6728",
    "locID": "LOC000021217398",
    "tech": "FTTN",
    "upgrade": "NULL_NA",
    "gnaf_pid": "GAWA_146995580",
    "ee": true,
    "tech_change_status": "Not Planned"
   }
  },
  {
   "type": "Feature",
   "geometry": {
    "type": "Point",
    "coordinates": [
     123.63603,
     -17.30825
    ]
   },
   "properties": {
    "name": "100 CLARENDON STREET DERBY 6728",
    "locID": "LOC000037853974",
    "tech": "FTTN",
    "upgrade": "NULL_NA",
    "gnaf_pid": "GAWA_146995581",
    "ee": true,
    "tech_change_status": "Not Planned"
   }
  },
  {
   "type": "Feature",
   "geometry": {
    "type": "Point",
    "coordinates": [
     123.63631,
     -17.31043
    ]
   },
   "properties": {
    "name": "19 KNOWSLEY STREET WEST DERBY 6728",
    "locID": "LOC000092531317",
    "tech": "FTTN",
    "upgrade": "NULL_NA",
    "gnaf_pid": "GAWA_146995582",
    "ee": true,
    "tech_change_status": "Not Planned"
   }
  },
  {
   "type": "Feature",
   "geometry": {
    "type": "Point",
    "coordinates": [
     123.63631,
     -17.30983
    ]
   },
   "properties": {
    "name": "10 DELEWARR STREET DERBY 6728",
    "locID": "LOC000063950821",
    "tech": "FTTN",
    "upgrade": "NULL_NA",
    "gnaf_pid": "GAWA_146995583",
    "ee": true,
    "tech_change_status": "Not Planned"
   }
  },
  {
   "type": "Feature",
   "geometry": {
    "type": "Point",
    "coordinates": [
     123.63631,
     -17.30886
    ]
   },
   "properties": {
    "name": "7 DELEWARR STREET DERBY 6728",
    "locID": "LOC000050047659",
    "tech": "FTTN",
    "upgrade": "NULL_NA",
    "gnaf_pid": "GAWA_146995584",
    "ee": true,
    "tech_change_status": "Not Planned"
   }
  },
  {
   "type": "Feature",
   "geometry": {
    "type": "Point",
    "coordinates": [
     123.63631,
     -17.30825
    ]
   },
   "properties": {
    "name": "104 CLARENDON STREET DERBY 6728",
    "locID": "LOC000048907436",
    "tech": "FTTN",
    "upgrade": "NULL_NA",
    "gnaf_pid": "GAWA_146995585",
    "ee": true,
    "tech_change_status": "Not Planned"
   }
  },
  {
   "type": "Feature",
   "geometry": {
    "type": "Point",
    "coordinates": [
     123.63659,
     -17.30886
    ]
   },
   "properties": {
    "name": "9 DELEWARR STREET DERBY 6728",
    "locID": "LOC000032707491",
    "tech": "FTTN",
    "upgrade": "NULL_NA",
    "gnaf_pid": "GAWA_146995586",
    "ee": true,
    "tech_change_status": "Not Planned"
   }
  },
  {
   "type": "Feature",
   "geometry": {
    "type": "Point",
    "coordinates": [
     123.63659,
     -17.30983
    ]
   },
   "properties": {
    "name": "14 DELEWARR STREET DERBY 6728",
    "locID": "LOC000095069693",
    "tech": "FTTN",
    "upgrade": "NULL_NA",
    "gnaf_pid": "GAWA_146995587",
    "ee": true,
    "tech_change_status": "Not Planned"
   }
  },
  {
   "type": "Feature",
   "geometry": {
    "type": "Point",
    "coordinates": [
     123.63656801,
     -17.31037711
    ]
   },
   "properties": {
    "name": "23 KNOWSLEY STREET WEST DERBY 6728",
    "locID": "LOC000059764783",
    "tech": "FTTN",
    "upgrade": "NULL_NA",
    "gnaf_pid": "GAWA_146995588",
    "ee": true,
    "tech_change_status": "Not Planned"
   }
  },
  {
   "type": "Feature",
   "geometry": {
    "type": "Point",
    "coordinates": [
     123.64979,
     -17.33191
    ]
   },
   "properties": {
    "name": "1 CONWAY STREET DERBY 6728",
    "locID": "LOC000106474860",
    "tech": "FTTN",
    "upgrade": "NULL_NA",
    "gnaf_pid": "GAWA_146996386",
    "ee": true,
    "tech_change_status": "Not Planned"
   }
  },
  {
   "type": "Feature",
   "geometry": {
    "type": "Point",
    "coordinates": [
     123.65279,
     -17.33159
    ]
   },
   "properties": {
    "name": "7 CONWAY STREET DERBY 6728",
    "locID": "LOC000094024913",
    "tech": "FTTN",
    "upgrade": "NULL_NA",
    "gnaf_pid": "GAWA_146996387",
    "ee": true,
    "tech_change_status": "Not Planned"
   }
  },
  {
   "type": "Feature",
   "geometry": {
    "type": "Point",
    "coordinates": [
     123.67591,
     -17.34429
    ]
   },
   "properties": {
    "name": "3 MANNING ROAD DERBY 6728",
    "locID": "LOC000098106532",
    "tech": "SATELLITE",
    "upgrade": "NULL_NA",
    "gnaf_pid": "GAWA_146996388",
    "ee": true,
    "tech_change_status": "Not Planned"
   }
  },
  {
   "type": "Feature",
   "geometry": {
    "type": "Point",
    "coordinates": [
     123.67758,
     -17.34462
    ]
   },
   "properties": {
    "name": "3 WINDJANA ROAD DERBY 6728",
    "locID": "LOC000093240661",
    "tech": "SATELLITE",
    "upgrade": "NULL_NA",
    "gnaf_pid": "GAWA_146996389",
    "ee": true,
    "tech_change_status": "Not Planned"
   }
  },
  {
   "type": "Feature",
   "geometry": {
    "type": "Point",
    "coordinates": [
     123.67975,
     -17.34518
    ]
   },
   "properties": {
    "name": "3 ADCOCK STREET DERBY 6728",
    "locID": "LOC000106523574",
    "tech": "NULL",
    "upgrade": "NULL_NA",
    "gnaf_pid": "GAWA_146996390",
    "ee": true,
    "tech_change_status": "Not Planned"
   }
  },
  {
   "type": "Feature",
   "geometry": {
    "type": "Point",
    "coordinates": [
     123.68054283,
     -17.34433132
    ]
   },
   "properties": {
    "name": "5 ADCOCK STREET DERBY 6728",
    "locID": "LOC000013719680",
    "tech": "NULL",
    "upgrade": "NULL_NA",
    "gnaf_pid": "GAWA_146996391",
    "ee": true,
    "tech_change_status": "Not Planned"
   }
  },
  {
   "type": "Feature",
   "geometry": {
    "type": "Point",
    "coordinates": [
     123.67949,
     -17.34342
    ]
   },
   "properties": {
    "name": "2 GALVANS WAY DERBY 6728",
    "locID": "LOC000066309675",
    "tech": "NULL",
    "upgrade": "NULL_NA",
    "gnaf_pid": "GAWA_146996392",
    "ee": true,
    "tech_change_status": "Not Planned"
   }
  },
  {
   "type": "Feature",
   "geometry": {
    "type": "Point",
    "coordinates": [
     123.6796,
     -17.34173
    ]
   },
   "properties": {
    "name": "10 WINDJANA ROAD DERBY 6728",
    "locID": "LOC000101959330",
    "tech": "NULL",
    "upgrade": "NULL_NA",
    "gnaf_pid": "GAWA_146996393",
    "ee": true,
    "tech_change_status": "Not Planned"
   }
  },
  {
   "type": "Feature",
   "geometry": {
    "type": "Point",
    "coordinates": [
     123.67998,
     -17.34019
    ]
   },
   "properties": {
    "name": "12 WINDJANA ROAD DERBY 6728",
    "locID": "LOC000019481287",
    "tech": "NULL",
    "upgrade": "NULL_NA",
    "gnaf_pid": "GAWA_146996394",
    "ee": true,
    "tech_change_status": "Not Planned"
   }
  },
  {
   "type": "Feature",
   "geometry": {
    "type": "Point",
    "coordinates": [
     123.68063,
     -17.34188
    ]
   },
   "properties": {
    "name": "3 GALVANS WAY DERBY 6728",
    "locID": "LOC000066219561",
    "tech": "NULL",
    "upgrade": "NULL_NA",
    "gnaf_pid": "GAWA_146996395",
    "ee": true,
    "tech_change_status": "Not Planned"
   }
  },
  {
   "type": "Feature",
   "geometry": {
    "type": "Point",
    "coordinates": [
     123.68138,
     -17.34038
    ]
   },
   "properties": {
    "name": "4 BELL CREEK WAY DERBY 6728",
    "locID": "LOC000086779750",
    "tech": "NULL",
    "upgrade": "NULL_NA",
    "gnaf_pid": "GAWA_146996396",
    "ee": true,
    "tech_change_status": "Not Planned"
   }
  },
  {
   "type": "Feature",
   "geometry": {
    "type": "Point",
    "coordinates": [
     123.68149,
     -17.34245
    ]
   },
   "properties": {
    "name": "5 GALVANS WAY DERBY 6728",
    "locID": "LOC000080944832",
    "tech": "SATELLITE",
    "upgrade": "NULL_NA",
    "gnaf_pid": "GAWA_146996397",
    "ee": true,
    "tech_change_status": "Not Planned"
   }
  },
  {
   "type": "Feature",
   "geometry": {
    "type": "Point",
    "coordinates": [
     123.68157,
     -17.34539
    ]
   },
   "properties": {
    "name": "4 ADCOCK STREET DERBY 6728",
    "locID": "LOC000026942585",
    "tech": "NULL",
    "upgrade": "NULL_NA",
    "gnaf_pid": "GAWA_146996398",
    "ee": true,
    "tech_change_status": "Not Planned"
   }
  },
  {
   "type": "Feature",
   "geometry": {
    "type": "Point",
    "coordinates": [
     123.63234506,
     -17.31266585
    ]
   },
   "properties": {
    "name": "91 ROWAN STREET DERBY 6728",
    "locID": "LOC000079685624",
    "tech": "FTTN",
    "upgrade": "NULL_NA",
    "gnaf_pid": "GAWA_146997038",
    "ee": true,
    "tech_change_status": "Not Planned"
   }
  },
  {
   "type": "Feature",
   "geometry": {
    "type": "Point",
    "coordinates": [
     123.63248,
     -17.31234
    ]
   },
   "properties": {
    "name": "26 MARMION STREET DERBY 6728",
    "locID": "LOC000029745110",
    "tech": "FTTN",
    "upgrade": "NULL_NA",
    "gnaf_pid": "GAWA_146997039",
    "ee": true,
    "tech_change_status": "Not Planned"
   }
  },
  {
   "type": "Feature",
   "geometry": {
    "type": "Point",
    "coordinates": [
     123.63261,
     -17.31298
    ]
   },
   "properties": {
    "name": "93 ROWAN STREET DERBY 6728",
    "locID": "LOC000012820190",
    "tech": "FTTN",
    "upgrade": "NULL_NA",
    "gnaf_pid": "GAWA_146997040",
    "ee": true,
    "tech_change_status": "Not Planned"
   }
  },
  {
   "type": "Feature",
   "geometry": {
    "type": "Point",
    "coordinates": [
     123.63267,
     -17.3126
    ]
   },
   "properties": {
    "name": "28 MARMION STREET DERBY 6728",
    "locID": "LOC000027087939",
    "tech": "FTTN",
    "upgrade": "NULL_NA",
    "gnaf_pid": "GAWA_146997041",
    "ee": true,
    "tech_change_status": "Not Planned"
   }
  },
  {
   "type": "Feature",
   "geometry": {
    "type": "Point",
    "coordinates": [
     123.63286,
     -17.31289
    ]
   },
   "properties": {
    "name": "30 MARMION STREET DERBY 6728",
    "locID": "LOC000046443614",
    "tech": "FTTN",
    "upgrade": "NULL_NA",
    "gnaf_pid": "GAWA_146997042",
    "ee": true,
    "tech_change_status": "Not Planned"
   }
  },
  {
   "type": "Feature",
   "geometry": {
    "type": "Point",
    "coordinates": [
     123.63301,
     -17.31369
    ]
   },
   "properties": {
    "name": "95 ROWAN STREET DERBY 6728",
    "locID": "LOC000094785130",
    "tech": "FTTN",
    "upgrade": "NULL_NA",
    "gnaf_pid": "GAWA_146997043",
    "ee": true,
    "tech_change_status": "Not Planned"
   }
  },
  {
   "type": "Feature",
   "geometry": {
    "type": "Point",
    "coordinates": [
     123.63726,
     -17.31831
    ]
   },
   "properties": {
    "name": "16 BARNETT WAY DERBY 6728",
    "locID": "LOC000064044140",
    "tech": "FTTN",
    "upgrade": "NULL_NA",
    "gnaf_pid": "GAWA_146997599",
    "ee": true,
    "tech_change_status": "Not Planned"
   }
  },
  {
   "type": "Feature",
   "geometry": {
    "type": "Point",
    "coordinates": [
     123.63746,
     -17.31864
    ]
   },
   "properties": {
    "name": "17 MCGOVERN WAY DERBY 6728",
    "locID": "LOC000037388934",
    "tech": "FTTN",
    "upgrade": "NULL_NA",
    "gnaf_pid": "GAWA_146997600",
    "ee": true,
    "tech_change_status": "Not Planned"
   }
  },
  {
   "type": "Feature",
   "geometry": {
    "type": "Point",
    "coordinates": [
     123.63746,
     -17.31831
    ]
   },
   "properties": {
    "name": "18 BARNETT WAY DERBY 6728",
    "locID": "LOC000037737910",
    "tech": "FTTN",
    "upgrade": "NULL_NA",
    "gnaf_pid": "GAWA_146997601",
    "ee": true,
    "tech_change_status": "Not Planned"
   }
  },
  {
   "type": "Feature",
   "geometry": {
    "type": "Point",
    "coordinates": [
     123.63766,
     -17.31864
    ]
   },
   "properties": {
    "name": "19 MCGOVERN WAY DERBY 6728",
    "locID": "LOC000076466952",
    "tech": "FTTN",
    "upgrade": "NULL_NA",
    "gnaf_pid": "GAWA_146997602",
    "ee": true,
    "tech_change_status": "Not Planned"
   }
  },
  {
   "type": "Feature",
   "geometry": {
    "type": "Point",
    "coordinates": [
     123.63766,
     -17.31831
    ]
   },
   "properties": {
    "name": "20 BARNETT WAY DERBY 6728",
    "locID": "LOC000011142016",
    "tech": "FTTN",
    "upgrade": "NULL_NA",
    "gnaf_pid": "GAWA_146997603",
    "ee": true,
    "tech_change_status": "Not Planned"
   }
  },
  {
   "type": "Feature",
   "geometry": {
    "type": "Point",
    "coordinates": [
     123.63786,
     -17.31864
    ]
   },
   "properties": {
    "name": "21 MCGOVERN WAY DERBY 6728",
    "locID": "LOC000002200238",
    "tech": "FTTN",
    "upgrade": "NULL_NA",
    "gnaf_pid": "GAWA_146997604",
    "ee": true,
    "tech_change_status": "Not Planned"
   }
  },
  {
   "type": "Feature",
   "geometry": {
    "type": "Point",
    "coordinates": [
     123.63846,
     -17.31945
    ]
   },
   "properties": {
    "name": "14 RICHARDSON TERRACE DERBY 6728",
    "locID": "LOC000046453566",
    "tech": "FTTN",
    "upgrade": "NULL_NA",
    "gnaf_pid": "GAWA_146997605",
    "ee": true,
    "tech_change_status": "Not Planned"
   }
  },
  {
   "type": "Feature",
   "geometry": {
    "type": "Point",
    "coordinates": [
     123.63858,
     -17.31914
    ]
   },
   "properties": {
    "name": "22 MCGOVERN WAY DERBY 6728",
    "locID": "LOC000039030979",
    "tech": "FTTN",
    "upgrade": "NULL_NA",
    "gnaf_pid": "GAWA_146997606",
    "ee": true,
    "tech_change_status": "Not Planned"
   }
  },
  {
   "type": "Feature",
   "geometry": {
    "type": "Point",
    "coordinates": [
     123.63868,
     -17.31945
    ]
   },
   "properties": {
    "name": "12 RICHARDSON TERRACE DERBY 6728",
    "locID": "LOC000022850509",
    "tech": "FTTN",
    "upgrade": "NULL_NA",
    "gnaf_pid": "GAWA_146997607",
    "ee": true,
    "tech_change_status": "Not Planned"
   }
  },
  {
   "type": "Feature",
   "geometry": {
    "type": "Point",
    "coordinates": [
     123.6388,
     -17.31914
    ]
   },
   "properties": {
    "name": "24 MCGOVERN WAY DERBY 6728",
    "locID": "LOC000007148292",
    "tech": "FTTN",
    "upgrade": "NULL_NA",
    "gnaf_pid": "GAWA_146997608",
    "ee": true,
    "tech_change_status": "Not Planned"
   }
  },
  {
   "type": "Feature",
   "geometry": {
    "type": "Point",
    "coordinates": [
     123.6389,
     -17.31945
    ]
   },
   "properties": {
    "name": "10 RICHARDSON TERRACE DERBY 6728",
    "locID": "LOC000059686860",
    "tech": "FTTN",
    "upgrade": "NULL_NA",
    "gnaf_pid": "GAWA_146997609",
    "ee": true,
    "tech_change_status": "Not Planned"
   }
  },
  {
   "type": "Feature",
   "geometry": {
    "type": "Point",
    "coordinates": [
     123.63908,
     -17.31914
    ]
   },
   "properties": {
    "name": "26 MCGOVERN WAY DERBY 6728",
    "locID": "LOC000033827734",
    "tech": "FTTN",
    "upgrade": "NULL_NA",
    "gnaf_pid": "GAWA_146997610",
    "ee": true,
    "tech_change_status": "Not Planned"
   }
  },
  {
   "type": "Feature",
   "geometry": {
    "type": "Point",
    "coordinates": [
     123.63912,
     -17.31945
    ]
   },
   "properties": {
    "name": "8 RICHARDSON TERRACE DERBY 6728",
    "locID": "LOC000019085596",
    "tech": "FTTN",
    "upgrade": "NULL_NA",
    "gnaf_pid": "GAWA_146997611",
    "ee": true,
    "tech_change_status": "Not Planned"
   }
  },
  {
   "type": "Feature",
   "geometry": {
    "type": "Point",
    "coordinates": [
     123.68337,
     -17.33793
    ]
   },
   "properties": {
    "name": "10 BELL CREEK WAY DERBY 6728",
    "locID": "LOC000100962511",
    "tech": "NULL",
    "upgrade": "NULL_NA",
    "gnaf_pid": "GAWA_146997661",
    "ee": true,
    "tech_change_status": "Not Planned"
   }
  },
  {
   "type": "Feature",
   "geometry": {
    "type": "Point",
    "coordinates": [
     123.63021394,
     -17.3091863
    ]
   },
   "properties": {
    "name": "16 ROWAN STREET DERBY 6728",
    "locID": "LOC000174083812",
    "tech": "FTTN",
    "upgrade": "NULL_NA",
    "gnaf_pid": "GAWA_146997914",
    "ee": true,
    "tech_change_status": "Not Planned"
   }
  },
  {
   "type": "Feature",
   "geometry": {
    "type": "Point",
    "coordinates": [
     123.645,
     -17.3107
    ]
   },
   "properties": {
    "name": "25 KNOWSLEY STREET EAST DERBY 6728",
    "locID": "LOC000024460759",
    "tech": "FTTN",
    "upgrade": "NULL_NA",
    "gnaf_pid": "GAWA_146997916",
    "ee": true,
    "tech_change_status": "Not Planned"
   }
  },
  {
   "type": "Feature",
   "geometry": {
    "type": "Point",
    "coordinates": [
     123.63104,
     -17.30286
    ]
   },
   "properties": {
    "name": "3 HARDMAN STREET DERBY 6728",
    "locID": "LOC000055064501",
    "tech": "FTTN",
    "upgrade": "NULL_NA",
    "gnaf_pid": "GAWA_146998340",
    "ee": true,
    "tech_change_status": "Not Planned"
   }
  },
  {
   "type": "Feature",
   "geometry": {
    "type": "Point",
    "coordinates": [
     123.63121,
     -17.30261
    ]
   },
   "properties": {
    "name": "58 VILLIERS STREET DERBY 6728",
    "locID": "LOC000168940868",
    "tech": "FTTN",
    "upgrade": "NULL_NA",
    "gnaf_pid": "GAWA_146998343",
    "ee": true,
    "tech_change_status": "Not Planned"
   }
  },
  {
   "type": "Feature",
   "geometry": {
    "type": "Point",
    "coordinates": [
     123.63145712,
     -17.30278379
    ]
   },
   "properties": {
    "name": "60 VILLIERS STREET DERBY 6728",
    "locID": "LOC000032926003",
    "tech": "FTTN",
    "upgrade": "NULL_NA",
    "gnaf_pid": "GAWA_146998344",
    "ee": true,
    "tech_change_status": "Not Planned"
   }
  },
  {
   "type": "Feature",
   "geometry": {
    "type": "Point",
    "coordinates": [
     123.63147,
     -17.30479
    ]
   },
   "properties": {
    "name": "56 LOCH STREET DERBY 6728",
    "locID": "LOC000069258068",
    "tech": "FTTN",
    "upgrade": "NULL_NA",
    "gnaf_pid": "GAWA_146998345",
    "ee": true,
    "tech_change_status": "Not Planned"
   }
  },
  {
   "type": "Feature",
   "geometry": {
    "type": "Point",
    "coordinates": [
     123.63152,
     -17.30368
    ]
   },
   "properties": {
    "name": "71 LOCH STREET DERBY 6728",
    "locID": "LOC000014553397",
    "tech": "FTTN",
    "upgrade": "NULL_NA",
    "gnaf_pid": "GAWA_146998346",
    "ee": true,
    "tech_change_status": "Not Planned"
   }
  },
  {
   "type": "Feature",
   "geometry": {
    "type": "Point",
    "coordinates": [
     123.63161,
     -17.30302
    ]
   },
   "properties": {
    "name": "64 VILLIERS STREET DERBY 6728",
    "locID": "LOC000015419357",
    "tech": "FTTN",
    "upgrade": "NULL_NA",
    "gnaf_pid": "GAWA_146998347",
    "ee": true,
    "tech_change_status": "Not Planned"
   }
  },
  {
   "type": "Feature",
   "geometry": {
    "type": "Point",
    "coordinates": [
     123.63163,
     -17.30559
    ]
   },
   "properties": {
    "name": "14 NEVILL STREET DERBY 6728",
    "locID": "LOC000064298551",
    "tech": "FTTN",
    "upgrade": "NULL_NA",
    "gnaf_pid": "GAWA_146998348",
    "ee": true,
    "tech_change_status": "Not Planned"
   }
  },
  {
   "type": "Feature",
   "geometry": {
    "type": "Point",
    "coordinates": [
     123.63176,
     -17.30382
    ]
   },
   "properties": {
    "name": "75 LOCH STREET DERBY 6728",
    "locID": "LOC000060138410",
    "tech": "FTTN",
    "upgrade": "NULL_NA",
    "gnaf_pid": "GAWA_146998350",
    "ee": true,
    "tech_change_status": "Not Planned"
   }
  },
  {
   "type": "Feature",
   "geometry": {
    "type": "Point",
    "coordinates": [
     123.63185,
     -17.30316
    ]
   },
   "properties": {
    "name": "68 VILLIERS STREET DERBY 6728",
    "locID": "LOC000031855239",
    "tech": "FTTN",
    "upgrade": "NULL_NA",
    "gnaf_pid": "GAWA_146998351",
    "ee": true,
    "tech_change_status": "Not Planned"
   }
  },
  {
   "type": "Feature",
   "geometry": {
    "type": "Point",
    "coordinates": [
     123.63358,
     -17.31275
    ]
   },
   "properties": {
    "name": "21 MARMION STREET DERBY 6728",
    "locID": "LOC000017178042",
    "tech": "FTTN",
    "upgrade": "NULL_NA",
    "gnaf_pid": "GAWA_146998427",
    "ee": true,
    "tech_change_status": "Not Planned"
   }
  },
  {
   "type": "Feature",
   "geometry": {
    "type": "Point",
    "coordinates": [
     123.63358,
     -17.31125
    ]
   },
   "properties": {
    "name": "6 KNOWSLEY STREET WEST DERBY 6728",
    "locID": "LOC000073508599",
    "tech": "FTTN",
    "upgrade": "NULL_NA",
    "gnaf_pid": "GAWA_146998428",
    "ee": true,
    "tech_change_status": "Not Planned"
   }
  },
  {
   "type": "Feature",
   "geometry": {
    "type": "Point",
    "coordinates": [
     123.63365724,
     -17.31224082
    ]
   },
   "properties": {
    "name": "4 ROWELL COURT DERBY 6728",
    "locID": "LOC000086315330",
    "tech": "FTTN",
    "upgrade": "NULL_NA",
    "gnaf_pid": "GAWA_146998429",
    "ee": true,
    "tech_change_status": "Not Planned"
   }
  },
  {
   "type": "Feature",
   "geometry": {
    "type": "Point",
    "coordinates": [
     123.63376,
     -17.31299
    ]
   },
   "properties": {
    "name": "23 MARMION STREET DERBY 6728",
    "locID": "LOC000049923199",
    "tech": "FTTN",
    "upgrade": "NULL_NA",
    "gnaf_pid": "GAWA_146998430",
    "ee": true,
    "tech_change_status": "Not Planned"
   }
  },
  {
   "type": "Feature",
   "geometry": {
    "type": "Point",
    "coordinates": [
     123.63386,
     -17.31156
    ]
   },
   "properties": {
    "name": "17 ROWELL COURT DERBY 6728",
    "locID": "LOC000094583118",
    "tech": "FTTN",
    "upgrade": "NULL_NA",
    "gnaf_pid": "GAWA_146998431",
    "ee": true,
    "tech_change_status": "Not Planned"
   }
  },
  {
   "type": "Feature",
   "geometry": {
    "type": "Point",
    "coordinates": [
     123.63410181,
     -17.31342842
    ]
   },
   "properties": {
    "name": "25 MARMION STREET DERBY 6728",
    "locID": "LOC000038808244",
    "tech": "FTTN",
    "upgrade": "NULL_NA",
    "gnaf_pid": "GAWA_146998433",
    "ee": true,
    "tech_change_status": "Not Planned"
   }
  },
  {
   "type": "Feature",
   "geometry": {
    "type": "Point",
    "coordinates": [
     123.63386,
     -17.31125
    ]
   },
   "properties": {
    "name": "8 KNOWSLEY STREET WEST DERBY 6728",
    "locID": "LOC000100020384",
    "tech": "FTTN",
    "upgrade": "NULL_NA",
    "gnaf_pid": "GAWA_146998434",
    "ee": true,
    "tech_change_status": "Not Planned"
   }
  },
  {
   "type": "Feature",
   "geometry": {
    "type": "Point",
    "coordinates": [
     123.63424344,
     -17.3129491
    ]
   },
   "properties": {
    "name": "8 ALEXANDER STREET DERBY 6728",
    "locID": "LOC000068233409",
    "tech": "FTTN",
    "upgrade": "NULL_NA",
    "gnaf_pid": "GAWA_146998435",
    "ee": true,
    "tech_change_status": "Not Planned"
   }
  },
  {
   "type": "Feature",
   "geometry": {
    "type": "Point",
    "coordinates": [
     123.63416,
     -17.31123
    ]
   },
   "properties": {
    "name": "10 KNOWSLEY STREET WEST DERBY 6728",
    "locID": "LOC000013761417",
    "tech": "FTTN",
    "upgrade": "NULL_NA",
    "gnaf_pid": "GAWA_146998437",
    "ee": true,
    "tech_change_status": "Not Planned"
   }
  },
  {
   "type": "Feature",
   "geometry": {
    "type": "Point",
    "coordinates": [
     123.63426,
     -17.31149
    ]
   },
   "properties": {
    "name": "4 ALEXANDER STREET DERBY 6728",
    "locID": "LOC000032116218",
    "tech": "FTTN",
    "upgrade": "NULL_NA",
    "gnaf_pid": "GAWA_146998440",
    "ee": true,
    "tech_change_status": "Not Planned"
   }
  },
  {
   "type": "Feature",
   "geometry": {
    "type": "Point",
    "coordinates": [
     123.63428375,
     -17.30825061
    ]
   },
   "properties": {
    "name": "90 CLARENDON STREET DERBY 6728",
    "locID": "LOC000080934224",
    "tech": "FTTN",
    "upgrade": "NULL_NA",
    "gnaf_pid": "GAWA_146998441",
    "ee": true,
    "tech_change_status": "Not Planned"
   }
  },
  {
   "type": "Feature",
   "geometry": {
    "type": "Point",
    "coordinates": [
     123.63444,
     -17.31383
    ]
   },
   "properties": {
    "name": "31 MARMION STREET DERBY 6728",
    "locID": "LOC000050008878",
    "tech": "FTTN",
    "upgrade": "NULL_NA",
    "gnaf_pid": "GAWA_146998442",
    "ee": true,
    "tech_change_status": "Not Planned"
   }
  },
  {
   "type": "Feature",
   "geometry": {
    "type": "Point",
    "coordinates": [
     123.64521,
     -17.30886
    ]
   },
   "properties": {
    "name": "177 LOCH STREET DERBY 6728",
    "locID": "LOC000061231869",
    "tech": "FTTN",
    "upgrade": "NULL_NA",
    "gnaf_pid": "GAWA_146998527",
    "ee": true,
    "tech_change_status": "Not Planned"
   }
  },
  {
   "type": "Feature",
   "geometry": {
    "type": "Point",
    "coordinates": [
     123.64522,
     -17.3107
    ]
   },
   "properties": {
    "name": "27 KNOWSLEY STREET EAST DERBY 6728",
    "locID": "LOC000098397324",
    "tech": "FTTN",
    "upgrade": "NULL_NA",
    "gnaf_pid": "GAWA_146998528",
    "ee": true,
    "tech_change_status": "Not Planned"
   }
  },
  {
   "type": "Feature",
   "geometry": {
    "type": "Point",
    "coordinates": [
     123.6437,
     -17.30886
    ]
   },
   "properties": {
    "name": "163 LOCH STREET DERBY 6728",
    "locID": "LOC000016457504",
    "tech": "FTTN",
    "upgrade": "NULL_NA",
    "gnaf_pid": "GAWA_146998620",
    "ee": true,
    "tech_change_status": "Not Planned"
   }
  },
  {
   "type": "Feature",
   "geometry": {
    "type": "Point",
    "coordinates": [
     123.63659,
     -17.30825
    ]
   },
   "properties": {
    "name": "108 CLARENDON STREET DERBY 6728",
    "locID": "LOC000005677800",
    "tech": "FTTN",
    "upgrade": "NULL_NA",
    "gnaf_pid": "GAWA_146998638",
    "ee": true,
    "tech_change_status": "Not Planned"
   }
  },
  {
   "type": "Feature",
   "geometry": {
    "type": "Point",
    "coordinates": [
     123.63688,
     -17.30983
    ]
   },
   "properties": {
    "name": "18 DELEWARR STREET DERBY 6728",
    "locID": "LOC000046862965",
    "tech": "FTTN",
    "upgrade": "NULL_NA",
    "gnaf_pid": "GAWA_146998639",
    "ee": true,
    "tech_change_status": "Not Planned"
   }
  },
  {
   "type": "Feature",
   "geometry": {
    "type": "Point",
    "coordinates": [
     123.63688,
     -17.31043
    ]
   },
   "properties": {
    "name": "27 KNOWSLEY STREET WEST DERBY 6728",
    "locID": "LOC000098379675",
    "tech": "FTTN",
    "upgrade": "NULL_NA",
    "gnaf_pid": "GAWA_146998640",
    "ee": true,
    "tech_change_status": "Not Planned"
   }
  },
  {
   "type": "Feature",
   "geometry": {
    "type": "Point",
    "coordinates": [
     123.63687843,
     -17.30885848
    ]
   },
   "properties": {
    "name": "11 DELEWARR STREET DERBY 6728",
    "locID": "LOC000024569727",
    "tech": "FTTN",
    "upgrade": "NULL_NA",
    "gnaf_pid": "GAWA_146998641",
    "ee": true,
    "tech_change_status": "Not Planned"
   }
  },
  {
   "type": "Feature",
   "geometry": {
    "type": "Point",
    "coordinates": [
     123.68179,
     -17.33757
    ]
   },
   "properties": {
    "name": "5 BELL CREEK WAY DERBY 6728",
    "locID": "LOC000012024944",
    "tech": "SATELLITE",
    "upgrade": "NULL_NA",
    "gnaf_pid": "GAWA_146998646",
    "ee": true,
    "tech_change_status": "Not Planned"
   }
  },
  {
   "type": "Feature",
   "geometry": {
    "type": "Point",
    "coordinates": [
     123.68202,
     -17.33623
    ]
   },
   "properties": {
    "name": "7 BELL CREEK WAY DERBY 6728",
    "locID": "LOC000094044301",
    "tech": "SATELLITE",
    "upgrade": "NULL_NA",
    "gnaf_pid": "GAWA_146998647",
    "ee": true,
    "tech_change_status": "Not Planned"
   }
  },
  {
   "type": "Feature",
   "geometry": {
    "type": "Point",
    "coordinates": [
     123.68341,
     -17.33638
    ]
   },
   "properties": {
    "name": "9 BELL CREEK WAY DERBY 6728",
    "locID": "LOC000006172815",
    "tech": "NULL",
    "upgrade": "NULL_NA",
    "gnaf_pid": "GAWA_146998648",
    "ee": true,
    "tech_change_status": "Not Planned"
   }
  },
  {
   "type": "Feature",
   "geometry": {
    "type": "Point",
    "coordinates": [
     123.68481,
     -17.33657
    ]
   },
   "properties": {
    "name": "11 BELL CREEK WAY DERBY 6728",
    "locID": "LOC000103363512",
    "tech": "NULL",
    "upgrade": "NULL_NA",
    "gnaf_pid": "GAWA_146998649",
    "ee": true,
    "tech_change_status": "Not Planned"
   }
  },
  {
   "type": "Feature",
   "geometry": {
    "type": "Point",
    "coordinates": [
     123.68621,
     -17.33677
    ]
   },
   "properties": {
    "name": "13 BELL CREEK WAY DERBY 6728",
    "locID": "LOC000050766303",
    "tech": "SATELLITE",
    "upgrade": "NULL_NA",
    "gnaf_pid": "GAWA_146998650",
    "ee": true,
    "tech_change_status": "Not Planned"
   }
  },
  {
   "type": "Feature",
   "geometry": {
    "type": "Point",
    "coordinates": [
     123.68749,
     -17.33713
    ]
   },
   "properties": {
    "name": "15 BELL CREEK WAY DERBY 6728",
    "locID": "LOC000016996707",
    "tech": "NULL",
    "upgrade": "NULL_NA",
    "gnaf_pid": "GAWA_146998651",
    "ee": true,
    "tech_change_status": "Not Planned"
   }
  },
  {
   "type": "Feature",
   "geometry": {
    "type": "Point",
    "coordinates": [
     123.68846,
     -17.33801
    ]
   },
   "properties": {
    "name": "17 BELL CREEK WAY DERBY 6728",
    "locID": "LOC000047532737",
    "tech": "NULL",
    "upgrade": "NULL_NA",
    "gnaf_pid": "GAWA_146998652",
    "ee": true,
    "tech_change_status": "Not Planned"
   }
  },
  {
   "type": "Feature",
   "geometry": {
    "type": "Point",
    "coordinates": [
     123.68945,
     -17.33882
    ]
   },
   "properties": {
    "name": "19 BELL CREEK WAY DERBY 6728",
    "locID": "LOC000064594452",
    "tech": "NULL",
    "upgrade": "NULL_NA",
    "gnaf_pid": "GAWA_146998653",
    "ee": true,
    "tech_change_status": "Not Planned"
   }
  },
  {
   "type": "Feature",
   "geometry": {
    "type": "Point",
    "coordinates": [
     123.65269,
     -17.32824
    ]
   },
   "properties": {
    "name": "14 RODGERS STREET DERBY 6728",
    "locID": "LOC000097726059",
    "tech": "FTTN",
    "upgrade": "NULL_NA",
    "gnaf_pid": "GAWA_146998654",
    "ee": true,
    "tech_change_status": "Not Planned"
   }
  },
  {
   "type": "Feature",
   "geometry": {
    "type": "Point",
    "coordinates": [
     123.65267,
     -17.32735
    ]
   },
   "properties": {
    "name": "16 RODGERS STREET DERBY 6728",
    "locID": "LOC000012939510",
    "tech": "FTTN",
    "upgrade": "NULL_NA",
    "gnaf_pid": "GAWA_146998655",
    "ee": true,
    "tech_change_status": "Not Planned"
   }
  },
  {
   "type": "Feature",
   "geometry": {
    "type": "Point",
    "coordinates": [
     123.65267,
     -17.32644
    ]
   },
   "properties": {
    "name": "20 RODGERS STREET DERBY 6728",
    "locID": "LOC000069375492",
    "tech": "FTTN",
    "upgrade": "NULL_NA",
    "gnaf_pid": "GAWA_146998656",
    "ee": true,
    "tech_change_status": "Not Planned"
   }
  },
  {
   "type": "Feature",
   "geometry": {
    "type": "Point",
    "coordinates": [
     123.65345,
     -17.32932
    ]
   },
   "properties": {
    "name": "1 RUSS STREET DERBY 6728",
    "locID": "LOC000070645182",
    "tech": "FTTN",
    "upgrade": "NULL_NA",
    "gnaf_pid": "GAWA_146998657",
    "ee": true,
    "tech_change_status": "Not Planned"
   }
  },
  {
   "type": "Feature",
   "geometry": {
    "type": "Point",
    "coordinates": [
     123.65366,
     -17.32644
    ]
   },
   "properties": {
    "name": "32 FITZROY STREET DERBY 6728",
    "locID": "LOC000047724747",
    "tech": "FTTN",
    "upgrade": "NULL_NA",
    "gnaf_pid": "GAWA_146998660",
    "ee": true,
    "tech_change_status": "Not Planned"
   }
  },
  {
   "type": "Feature",
   "geometry": {
    "type": "Point",
    "coordinates": [
     123.63202,
     -17.30498
    ]
   },
   "properties": {
    "name": "64 LOCH STREET DERBY 6728",
    "locID": "LOC000022109091",
    "tech": "FTTN",
    "upgrade": "NULL_NA",
    "gnaf_pid": "GAWA_146998997",
    "ee": true,
    "tech_change_status": "Not Planned"
   }
  },
  {
   "type": "Feature",
   "geometry": {
    "type": "Point",
    "coordinates": [
     123.63209,
     -17.30331
    ]
   },
   "properties": {
    "name": "72 VILLIERS STREET DERBY 6728",
    "locID": "LOC000044768096",
    "tech": "FTTN",
    "upgrade": "NULL_NA",
    "gnaf_pid": "GAWA_146998998",
    "ee": true,
    "tech_change_status": "Not Planned"
   }
  },
  {
   "type": "Feature",
   "geometry": {
    "type": "Point",
    "coordinates": [
     123.63224,
     -17.30411
    ]
   },
   "properties": {
    "name": "83 LOCH STREET DERBY 6728",
    "locID": "LOC000092871772",
    "tech": "FTTN",
    "upgrade": "NULL_NA",
    "gnaf_pid": "GAWA_146998999",
    "ee": true,
    "tech_change_status": "Not Planned"
   }
  },
  {
   "type": "Feature",
   "geometry": {
    "type": "Point",
    "coordinates": [
     123.64995,
     -17.31141
    ]
   },
   "properties": {
    "name": "68 KNOWSLEY STREET EAST DERBY 6728",
    "locID": "LOC000071028697",
    "tech": "FTTN",
    "upgrade": "NULL_NA",
    "gnaf_pid": "GAWA_146999025",
    "ee": true,
    "tech_change_status": "Not Planned"
   }
  },
  {
   "type": "Feature",
   "geometry": {
    "type": "Point",
    "coordinates": [
     123.64994,
     -17.30983
    ]
   },
   "properties": {
    "name": "6 SUTHERLAND STREET DERBY 6728",
    "locID": "LOC000012954135",
    "tech": "FTTN",
    "upgrade": "NULL_NA",
    "gnaf_pid": "GAWA_146999026",
    "ee": true,
    "tech_change_status": "Not Planned"
   }
  },
  {
   "type": "Feature",
   "geometry": {
    "type": "Point",
    "coordinates": [
     123.65024025,
     -17.31201475
    ]
   },
   "properties": {
    "name": "3 DAMPIER DRIVE DERBY 6728",
    "locID": "LOC000011953741",
    "tech": "FTTN",
    "upgrade": "NULL_NA",
    "gnaf_pid": "GAWA_146999027",
    "ee": true,
    "tech_change_status": "Not Planned"
   }
  },
  {
   "type": "Feature",
   "geometry": {
    "type": "Point",
    "coordinates": [
     123.65024042,
     -17.3114086
    ]
   },
   "properties": {
    "name": "72 KNOWSLEY STREET EAST DERBY 6728",
    "locID": "LOC000015569221",
    "tech": "FTTN",
    "upgrade": "NULL_NA",
    "gnaf_pid": "GAWA_146999028",
    "ee": true,
    "tech_change_status": "Not Planned"
   }
  },
  {
   "type": "Feature",
   "geometry": {
    "type": "Point",
    "coordinates": [
     123.65023,
     -17.31044
    ]
   },
   "properties": {
    "name": "63 KNOWSLEY STREET EAST DERBY 6728",
    "locID": "LOC000097003655",
    "tech": "FTTN",
    "upgrade": "NULL_NA",
    "gnaf_pid": "GAWA_146999029",
    "ee": true,
    "tech_change_status": "Not Planned"
   }
  },
  {
   "type": "Feature",
   "geometry": {
    "type": "Point",
    "coordinates": [
     123.65023,
     -17.30983
    ]
   },
   "properties": {
    "name": "8 SUTHERLAND STREET DERBY 6728",
    "locID": "LOC000060009835",
    "tech": "FTTN",
    "upgrade": "NULL_NA",
    "gnaf_pid": "GAWA_146999030",
    "ee": true,
    "tech_change_status": "Not Planned"
   }
  },
  {
   "type": "Feature",
   "geometry": {
    "type": "Point",
    "coordinates": [
     123.65051,
     -17.31141
    ]
   },
   "properties": {
    "name": "76 KNOWSLEY STREET EAST DERBY 6728",
    "locID": "LOC000089631213",
    "tech": "FTTN",
    "upgrade": "NULL_NA",
    "gnaf_pid": "GAWA_146999031",
    "ee": true,
    "tech_change_status": "Not Planned"
   }
  },
  {
   "type": "Feature",
   "geometry": {
    "type": "Point",
    "coordinates": [
     123.65051,
     -17.31202
    ]
   },
   "properties": {
    "name": "7 DAMPIER DRIVE DERBY 6728",
    "locID": "LOC000076674725",
    "tech": "FTTN",
    "upgrade": "NULL_NA",
    "gnaf_pid": "GAWA_146999032",
    "ee": true,
    "tech_change_status": "Not Planned"
   }
  },
  {
   "type": "Feature",
   "geometry": {
    "type": "Point",
    "coordinates": [
     123.65051,
     -17.31044
    ]
   },
   "properties": {
    "name": "67 KNOWSLEY STREET EAST DERBY 6728",
    "locID": "LOC000051701390",
    "tech": "FTTN",
    "upgrade": "NULL_NA",
    "gnaf_pid": "GAWA_146999033",
    "ee": true,
    "tech_change_status": "Not Planned"
   }
  },
  {
   "type": "Feature",
   "geometry": {
    "type": "Point",
    "coordinates": [
     123.6508,
     -17.31141
    ]
   },
   "properties": {
    "name": "80 KNOWSLEY STREET EAST DERBY 6728",
    "locID": "LOC000008712557",
    "tech": "FTTN",
    "upgrade": "NULL_NA",
    "gnaf_pid": "GAWA_146999035",
    "ee": true,
    "tech_change_status": "Not Planned"
   }
  },
  {
   "type": "Feature",
   "geometry": {
    "type": "Point",
    "coordinates": [
     123.6508,
     -17.31202
    ]
   },
   "properties": {
    "name": "11 DAMPIER DRIVE DERBY 6728",
    "locID": "LOC000073754984",
    "tech": "FTTN",
    "upgrade": "NULL_NA",
    "gnaf_pid": "GAWA_146999036",
    "ee": true,
    "tech_change_status": "Not Planned"
   }
  },
  {
   "type": "Feature",
   "geometry": {
    "type": "Point",
    "coordinates": [
     123.6551,
     -17.32667
    ]
   },
   "properties": {
    "name": "36 FITZROY STREET DERBY 6728",
    "locID": "LOC000081278919",
    "tech": "FTTN",
    "upgrade": "NULL_NA",
    "gnaf_pid": "GAWA_146999227",
    "ee": true,
    "tech_change_status": "Not Planned"
   }
  },
  {
   "type": "Feature",
   "geometry": {
    "type": "Point",
    "coordinates": [
     123.65607,
     -17.33094
    ]
   },
   "properties": {
    "name": "10 RUSS STREET DERBY 6728",
    "locID": "LOC000054622891",
    "tech": "FTTN",
    "upgrade": "NULL_NA",
    "gnaf_pid": "GAWA_146999228",
    "ee": true,
    "tech_change_status": "Not Planned"
   }
  },
  {
   "type": "Feature",
   "geometry": {
    "type": "Point",
    "coordinates": [
     123.65665,
     -17.332
    ]
   },
   "properties": {
    "name": "17 CONWAY STREET DERBY 6728",
    "locID": "LOC000025596997",
    "tech": "NULL",
    "upgrade": "NULL_NA",
    "gnaf_pid": "GAWA_146999229",
    "ee": true,
    "tech_change_status": "Not Planned"
   }
  },
  {
   "type": "Feature",
   "geometry": {
    "type": "Point",
    "coordinates": [
     123.65808,
     -17.32938
    ]
   },
   "properties": {
    "name": "30 DERBY HIGHWAY DERBY 6728",
    "locID": "LOC000071071898",
    "tech": "FTTN",
    "upgrade": "NULL_NA",
    "gnaf_pid": "GAWA_146999230",
    "ee": true,
    "tech_change_status": "Not Planned"
   }
  },
  {
   "type": "Feature",
   "geometry": {
    "type": "Point",
    "coordinates": [
     123.65847,
     -17.33187
    ]
   },
   "properties": {
    "name": "34 DERBY HIGHWAY DERBY 6728",
    "locID": "LOC000027090909",
    "tech": "FTTN",
    "upgrade": "NULL_NA",
    "gnaf_pid": "GAWA_146999231",
    "ee": true,
    "tech_change_status": "Not Planned"
   }
  },
  {
   "type": "Feature",
   "geometry": {
    "type": "Point",
    "coordinates": [
     123.65896,
     -17.33233
    ]
   },
   "properties": {
    "name": "36 DERBY HIGHWAY DERBY 6728",
    "locID": "LOC000080983784",
    "tech": "FTTN",
    "upgrade": "NULL_NA",
    "gnaf_pid": "GAWA_146999232",
    "ee": true,
    "tech_change_status": "Not Planned"
   }
  },
  {
   "type": "Feature",
   "geometry": {
    "type": "Point",
    "coordinates": [
     123.63068,
     -17.30706
    ]
   },
   "properties": {
    "name": "59 ROWAN STREET DERBY 6728",
    "locID": "LOC000168883736",
    "tech": "FTTN",
    "upgrade": "NULL_NA",
    "gnaf_pid": "GAWA_146999394",
    "ee": true,
    "tech_change_status": "Not Planned"
   }
  },
  {
   "type": "Feature",
   "geometry": {
    "type": "Point",
    "coordinates": [
     123.63085,
     -17.30628
    ]
   },
   "properties": {
    "name": "68 CLARENDON STREET DERBY 6728",
    "locID": "LOC000147461843",
    "tech": "FTTN",
    "upgrade": "NULL_NA",
    "gnaf_pid": "GAWA_146999395",
    "ee": true,
    "tech_change_status": "Not Planned"
   }
  },
  {
   "type": "Feature",
   "geometry": {
    "type": "Point",
    "coordinates": [
     123.63109,
     -17.30642
    ]
   },
   "properties": {
    "name": "72 CLARENDON STREET DERBY 6728",
    "locID": "LOC000033822772",
    "tech": "FTTN",
    "upgrade": "NULL_NA",
    "gnaf_pid": "GAWA_146999396",
    "ee": true,
    "tech_change_status": "Not Planned"
   }
  },
  {
   "type": "Feature",
   "geometry": {
    "type": "Point",
    "coordinates": [
     123.65231,
     -17.31044
    ]
   },
   "properties": {
    "name": "85 KNOWSLEY STREET EAST DERBY 6728",
    "locID": "LOC000039124832",
    "tech": "FTTN",
    "upgrade": "NULL_NA",
    "gnaf_pid": "GAWA_146999599",
    "ee": true,
    "tech_change_status": "Not Planned"
   }
  },
  {
   "type": "Feature",
   "geometry": {
    "type": "Point",
    "coordinates": [
     123.66916,
     -17.32475
    ]
   },
   "properties": {
    "name": "67 FITZROY STREET DERBY 6728",
    "locID": "LOC000081278919",
    "tech": "FTTN",
    "upgrade": "NULL_NA",
    "gnaf_pid": "GAWA_146999616",
    "ee": true,
    "tech_change_status": "Not Planned"
   }
  },
  {
   "type": "Feature",
   "geometry": {
    "type": "Point",
    "coordinates": [
     123.6697,
     -17.3214
    ]
   },
   "properties": {
    "name": "43 GUILDFORD STREET DERBY 6728",
    "locID": "LOC000016256195",
    "tech": "FTTN",
    "upgrade": "NULL_NA",
    "gnaf_pid": "GAWA_146999619",
    "ee": true,
    "tech_change_status": "Not Planned"
   }
  },
  {
   "type": "Feature",
   "geometry": {
    "type": "Point",
    "coordinates": [
     123.66199,
     -17.33174
    ]
   },
   "properties": {
    "name": "10 MAXTED STREET DERBY 6728",
    "locID": "LOC000065057899",
    "tech": "NULL",
    "upgrade": "NULL_NA",
    "gnaf_pid": "GAWA_146999627",
    "ee": true,
    "tech_change_status": "Not Planned"
   }
  },
  {
   "type": "Feature",
   "geometry": {
    "type": "Point",
    "coordinates": [
     123.66199,
     -17.32944
    ]
   },
   "properties": {
    "name": "6 MAXTED STREET DERBY 6728",
    "locID": "LOC000031962880",
    "tech": "SATELLITE",
    "upgrade": "NULL_NA",
    "gnaf_pid": "GAWA_146999628",
    "ee": true,
    "tech_change_status": "Not Planned"
   }
  },
  {
   "type": "Feature",
   "geometry": {
    "type": "Point",
    "coordinates": [
     123.66199,
     -17.32714
    ]
   },
   "properties": {
    "name": "46 FITZROY STREET DERBY 6728",
    "locID": "LOC000109960389",
    "tech": "FTTN",
    "upgrade": "NULL_NA",
    "gnaf_pid": "GAWA_146999629",
    "ee": true,
    "tech_change_status": "Not Planned"
   }
  },
  {
   "type": "Feature",
   "geometry": {
    "type": "Point",
    "coordinates": [
     123.62966,
     -17.30355
    ]
   },
   "properties": {
    "name": "36 LOCH STREET DERBY 6728",
    "locID": "LOC000108142282",
    "tech": "FTTN",
    "upgrade": "NULL_NA",
    "gnaf_pid": "GAWA_146999677",
    "ee": true,
    "tech_change_status": "Not Planned"
   }
  },
  {
   "type": "Feature",
   "geometry": {
    "type": "Point",
    "coordinates": [
     123.62854,
     -17.30191
    ]
   },
   "properties": {
    "name": "33 LOCH STREET DERBY 6728",
    "locID": "LOC000049497891",
    "tech": "FTTN",
    "upgrade": "NULL_NA",
    "gnaf_pid": "GAWA_146999678",
    "ee": true,
    "tech_change_status": "Not Planned"
   }
  },
  {
   "type": "Feature",
   "geometry": {
    "type": "Point",
    "coordinates": [
     123.62878,
     -17.30206
    ]
   },
   "properties": {
    "name": "35 LOCH STREET DERBY 6728",
    "locID": "LOC000016434389",
    "tech": "FTTN",
    "upgrade": "NULL_NA",
    "gnaf_pid": "GAWA_146999679",
    "ee": true,
    "tech_change_status": "Not Planned"
   }
  },
  {
   "type": "Feature",
   "geometry": {
    "type": "Point",
    "coordinates": [
     123.62887,
     -17.3014
    ]
   },
   "properties": {
    "name": "30 VILLIERS STREET DERBY 6728",
    "locID": "LOC000031492711",
    "tech": "FTTN",
    "upgrade": "NULL_NA",
    "gnaf_pid": "GAWA_146999680",
    "ee": true,
    "tech_change_status": "Not Planned"
   }
  },
  {
   "type": "Feature",
   "geometry": {
    "type": "Point",
    "coordinates": [
     123.63949,
     -17.31784
    ]
   },
   "properties": {
    "name": "35 BARNETT WAY DERBY 6728",
    "locID": "LOC000039994243",
    "tech": "FTTN",
    "upgrade": "NULL_NA",
    "gnaf_pid": "GAWA_146999721",
    "ee": true,
    "tech_change_status": "Not Planned"
   }
  },
  {
   "type": "Feature",
   "geometry": {
    "type": "Point",
    "coordinates": [
     123.63949,
     -17.31828
    ]
   },
   "properties": {
    "name": "36 BARNETT WAY DERBY 6728",
    "locID": "LOC000096612550",
    "tech": "FTTN",
    "upgrade": "NULL_NA",
    "gnaf_pid": "GAWA_146999722",
    "ee": true,
    "tech_change_status": "Not Planned"
   }
  },
  {
   "type": "Feature",
   "geometry": {
    "type": "Point",
    "coordinates": [
     123.63778,
     -17.31946
    ]
   },
   "properties": {
    "name": "15 BAUHINIA PLACE DERBY 6728",
    "locID": "LOC000020344517",
    "tech": "FTTN",
    "upgrade": "NULL_NA",
    "gnaf_pid": "GAWA_146999723",
    "ee": true,
    "tech_change_status": "Not Planned"
   }
  },
  {
   "type": "Feature",
   "geometry": {
    "type": "Point",
    "coordinates": [
     123.63783,
     -17.31914
    ]
   },
   "properties": {
    "name": "18 MCGOVERN WAY DERBY 6728",
    "locID": "LOC000051813196",
    "tech": "FTTN",
    "upgrade": "NULL_NA",
    "gnaf_pid": "GAWA_146999724",
    "ee": true,
    "tech_change_status": "Not Planned"
   }
  },
  {
   "type": "Feature",
   "geometry": {
    "type": "Point",
    "coordinates": [
     123.63824,
     -17.31945
    ]
   },
   "properties": {
    "name": "16 RICHARDSON TERRACE DERBY 6728",
    "locID": "LOC000090453911",
    "tech": "FTTN",
    "upgrade": "NULL_NA",
    "gnaf_pid": "GAWA_146999725",
    "ee": true,
    "tech_change_status": "Not Planned"
   }
  },
  {
   "type": "Feature",
   "geometry": {
    "type": "Point",
    "coordinates": [
     123.6383,
     -17.31914
    ]
   },
   "properties": {
    "name": "20 MCGOVERN WAY DERBY 6728",
    "locID": "LOC000081303461",
    "tech": "FTTN",
    "upgrade": "NULL_NA",
    "gnaf_pid": "GAWA_146999726",
    "ee": true,
    "tech_change_status": "Not Planned"
   }
  },
  {
   "type": "Feature",
   "geometry": {
    "type": "Point",
    "coordinates": [
     123.64539,
     -17.30967
    ]
   },
   "properties": {
    "name": "120 LOCH STREET DERBY 6728",
    "locID": "LOC000086545643",
    "tech": "FTTN",
    "upgrade": "NULL_NA",
    "gnaf_pid": "GAWA_147000038",
    "ee": true,
    "tech_change_status": "Not Planned"
   }
  },
  {
   "type": "Feature",
   "geometry": {
    "type": "Point",
    "coordinates": [
     123.64562,
     -17.30967
    ]
   },
   "properties": {
    "name": "122 LOCH STREET DERBY 6728",
    "locID": "LOC000101914005",
    "tech": "FTTN",
    "upgrade": "NULL_NA",
    "gnaf_pid": "GAWA_147000040",
    "ee": true,
    "tech_change_status": "Not Planned"
   }
  },
  {
   "type": "Feature",
   "geometry": {
    "type": "Point",
    "coordinates": [
     123.63524,
     -17.31326
    ]
   },
   "properties": {
    "name": "5 ARCHER STREET DERBY 6728",
    "locID": "LOC000018986780",
    "tech": "FTTN",
    "upgrade": "NULL_NA",
    "gnaf_pid": "GAWA_147000589",
    "ee": true,
    "tech_change_status": "Not Planned"
   }
  },
  {
   "type": "Feature",
   "geometry": {
    "type": "Point",
    "coordinates": [
     123.63123,
     -17.30465
    ]
   },
   "properties": {
    "name": "52 LOCH STREET DERBY 6728",
    "locID": "LOC000091868429",
    "tech": "FTTN",
    "upgrade": "NULL_NA",
    "gnaf_pid": "GAWA_147001126",
    "ee": true,
    "tech_change_status": "Not Planned"
   }
  },
  {
   "type": "Feature",
   "geometry": {
    "type": "Point",
    "coordinates": [
     123.63128,
     -17.30354
    ]
   },
   "properties": {
    "name": "67 LOCH STREET DERBY 6728",
    "locID": "LOC000013750204",
    "tech": "FTTN",
    "upgrade": "NULL_NA",
    "gnaf_pid": "GAWA_147001127",
    "ee": true,
    "tech_change_status": "Not Planned"
   }
  },
  {
   "type": "Feature",
   "geometry": {
    "type": "Point",
    "coordinates": [
     123.6508,
     -17.30983
    ]
   },
   "properties": {
    "name": "16 SUTHERLAND STREET DERBY 6728",
    "locID": "LOC000042326944",
    "tech": "FTTN",
    "upgrade": "NULL_NA",
    "gnaf_pid": "GAWA_147001170",
    "ee": true,
    "tech_change_status": "Not Planned"
   }
  },
  {
   "type": "Feature",
   "geometry": {
    "type": "Point",
    "coordinates": [
     123.64122,
     -17.30501
    ]
   },
   "properties": {
    "name": "32A PANTON STREET DERBY 6728",
    "locID": "LOC000018107704",
    "tech": "FTTN",
    "upgrade": "NULL_NA",
    "gnaf_pid": "GAWA_147001521",
    "ee": true,
    "tech_change_status": "Not Planned"
   }
  },
  {
   "type": "Feature",
   "geometry": {
    "type": "Point",
    "coordinates": [
     123.65013304,
     -17.30865795
    ]
   },
   "properties": {
    "name": "7 SUTHERLAND STREET DERBY 6728",
    "locID": "LOC000042701331",
    "tech": "FTTN",
    "upgrade": "NULL_NA",
    "gnaf_pid": "GAWA_147001522",
    "ee": true,
    "tech_change_status": "Not Planned"
   }
  },
  {
   "type": "Feature",
   "geometry": {
    "type": "Point",
    "coordinates": [
     123.65032246,
     -17.30875927
    ]
   },
   "properties": {
    "name": "9 SUTHERLAND STREET DERBY 6728",
    "locID": "LOC000069280944",
    "tech": "FTTN",
    "upgrade": "NULL_NA",
    "gnaf_pid": "GAWA_147001523",
    "ee": true,
    "tech_change_status": "Not Planned"
   }
  },
  {
   "type": "Feature",
   "geometry": {
    "type": "Point",
    "coordinates": [
     123.6508,
     -17.30886
    ]
   },
   "properties": {
    "name": "19 SUTHERLAND STREET DERBY 6728",
    "locID": "LOC000032197528",
    "tech": "FTTN",
    "upgrade": "NULL_NA",
    "gnaf_pid": "GAWA_147001525",
    "ee": true,
    "tech_change_status": "Not Planned"
   }
  },
  {
   "type": "Feature",
   "geometry": {
    "type": "Point",
    "coordinates": [
     123.65108,
     -17.30886
    ]
   },
   "properties": {
    "name": "23 SUTHERLAND STREET DERBY 6728",
    "locID": "LOC000036525916",
    "tech": "FTTN",
    "upgrade": "NULL_NA",
    "gnaf_pid": "GAWA_147001526",
    "ee": true,
    "tech_change_status": "Not Planned"
   }
  },
  {
   "type": "Feature",
   "geometry": {
    "type": "Point",
    "coordinates": [
     123.6517,
     -17.30856
    ]
   },
   "properties": {
    "name": "27 SUTHERLAND STREET DERBY 6728",
    "locID": "LOC000069022178",
    "tech": "FTTN",
    "upgrade": "NULL_NA",
    "gnaf_pid": "GAWA_147001527",
    "ee": true,
    "tech_change_status": "Not Planned"
   }
  },
  {
   "type": "Feature",
   "geometry": {
    "type": "Point",
    "coordinates": [
     123.64406,
     -17.31013
    ]
   },
   "properties": {
    "name": "112 LOCH STREET DERBY 6728",
    "locID": "LOC000009525161",
    "tech": "FTTN",
    "upgrade": "NULL_NA",
    "gnaf_pid": "GAWA_147001528",
    "ee": true,
    "tech_change_status": "Not Planned"
   }
  },
  {
   "type": "Feature",
   "geometry": {
    "type": "Point",
    "coordinates": [
     123.64479,
     -17.3107
    ]
   },
   "properties": {
    "name": "23 KNOWSLEY STREET EAST DERBY 6728",
    "locID": "LOC000060062158",
    "tech": "FTTN",
    "upgrade": "NULL_NA",
    "gnaf_pid": "GAWA_147001529",
    "ee": true,
    "tech_change_status": "Not Planned"
   }
  },
  {
   "type": "Feature",
   "geometry": {
    "type": "Point",
    "coordinates": [
     123.6449,
     -17.30994
    ]
   },
   "properties": {
    "name": "9 MINIRITCHIE PLACE DERBY 6728",
    "locID": "LOC000072708558",
    "tech": "FTTN",
    "upgrade": "NULL_NA",
    "gnaf_pid": "GAWA_147001530",
    "ee": true,
    "tech_change_status": "Not Planned"
   }
  },
  {
   "type": "Feature",
   "geometry": {
    "type": "Point",
    "coordinates": [
     123.64503,
     -17.31044
    ]
   },
   "properties": {
    "name": "5 MINIRITCHIE PLACE DERBY 6728",
    "locID": "LOC000034462387",
    "tech": "FTTN",
    "upgrade": "NULL_NA",
    "gnaf_pid": "GAWA_147001531",
    "ee": true,
    "tech_change_status": "Not Planned"
   }
  },
  {
   "type": "Feature",
   "geometry": {
    "type": "Point",
    "coordinates": [
     123.64519,
     -17.30996
    ]
   },
   "properties": {
    "name": "11 MINIRITCHIE PLACE DERBY 6728",
    "locID": "LOC000009505442",
    "tech": "FTTN",
    "upgrade": "NULL_NA",
    "gnaf_pid": "GAWA_147001558",
    "ee": true,
    "tech_change_status": "Not Planned"
   }
  },
  {
   "type": "Feature",
   "geometry": {
    "type": "Point",
    "coordinates": [
     123.64519,
     -17.30967
    ]
   },
   "properties": {
    "name": "118 LOCH STREET DERBY 6728",
    "locID": "LOC000037275417",
    "tech": "FTTN",
    "upgrade": "NULL_NA",
    "gnaf_pid": "GAWA_147001559",
    "ee": true,
    "tech_change_status": "Not Planned"
   }
  },
  {
   "type": "Feature",
   "geometry": {
    "type": "Point",
    "coordinates": [
     123.64527,
     -17.31042
    ]
   },
   "properties": {
    "name": "3 MINIRITCHIE PLACE DERBY 6728",
    "locID": "LOC000075121887",
    "tech": "FTTN",
    "upgrade": "NULL_NA",
    "gnaf_pid": "GAWA_147001560",
    "ee": true,
    "tech_change_status": "Not Planned"
   }
  },
  {
   "type": "Feature",
   "geometry": {
    "type": "Point",
    "coordinates": [
     123.65288,
     -17.31202
    ]
   },
   "properties": {
    "name": "31 DAMPIER DRIVE DERBY 6728",
    "locID": "LOC000081178689",
    "tech": "FTTN",
    "upgrade": "NULL_NA",
    "gnaf_pid": "GAWA_147002183",
    "ee": true,
    "tech_change_status": "Not Planned"
   }
  },
  {
   "type": "Feature",
   "geometry": {
    "type": "Point",
    "coordinates": [
     123.63099,
     -17.3045
    ]
   },
   "properties": {
    "name": "48 LOCH STREET DERBY 6728",
    "locID": "LOC000077242752",
    "tech": "FTTN",
    "upgrade": "NULL_NA",
    "gnaf_pid": "GAWA_147002606",
    "ee": true,
    "tech_change_status": "Not Planned"
   }
  },
  {
   "type": "Feature",
   "geometry": {
    "type": "Point",
    "coordinates": [
     123.63104,
     -17.30339
    ]
   },
   "properties": {
    "name": "63 LOCH STREET DERBY 6728",
    "locID": "LOC000065625127",
    "tech": "FTTN",
    "upgrade": "NULL_NA",
    "gnaf_pid": "GAWA_147002607",
    "ee": true,
    "tech_change_status": "Not Planned"
   }
  },
  {
   "type": "Feature",
   "geometry": {
    "type": "Point",
    "coordinates": [
     123.65231,
     -17.31202
    ]
   },
   "properties": {
    "name": "25 DAMPIER DRIVE DERBY 6728",
    "locID": "LOC000010485728",
    "tech": "FTTN",
    "upgrade": "NULL_NA",
    "gnaf_pid": "GAWA_147003648",
    "ee": true,
    "tech_change_status": "Not Planned"
   }
  },
  {
   "type": "Feature",
   "geometry": {
    "type": "Point",
    "coordinates": [
     123.665718,
     -17.32304527
    ]
   },
   "properties": {
    "name": "68 GUILDFORD STREET DERBY 6728",
    "locID": "LOC000023687785",
    "tech": "FTTN",
    "upgrade": "NULL_NA",
    "gnaf_pid": "GAWA_147003673",
    "ee": true,
    "tech_change_status": "Not Planned"
   }
  },
  {
   "type": "Feature",
   "geometry": {
    "type": "Point",
    "coordinates": [
     123.66676,
     -17.31913
    ]
   },
   "properties": {
    "name": "14 LOVEGROVE STREET DERBY 6728",
    "locID": "LOC000106481310",
    "tech": "NULL",
    "upgrade": "NULL_NA",
    "gnaf_pid": "GAWA_147003674",
    "ee": true,
    "tech_change_status": "Not Planned"
   }
  },
  {
   "type": "Feature",
   "geometry": {
    "type": "Point",
    "coordinates": [
     123.62911,
     -17.30154
    ]
   },
   "properties": {
    "name": "32 VILLIERS STREET DERBY 6728",
    "locID": "LOC000168939896",
    "tech": "FTTN",
    "upgrade": "NULL_NA",
    "gnaf_pid": "GAWA_147004288",
    "ee": true,
    "tech_change_status": "Not Planned"
   }
  },
  {
   "type": "Feature",
   "geometry": {
    "type": "Point",
    "coordinates": [
     123.62926,
     -17.30234
    ]
   },
   "properties": {
    "name": "43 LOCH STREET DERBY 6728",
    "locID": "LOC000066443094",
    "tech": "FTTN",
    "upgrade": "NULL_NA",
    "gnaf_pid": "GAWA_147004289",
    "ee": true,
    "tech_change_status": "Not Planned"
   }
  },
  {
   "type": "Feature",
   "geometry": {
    "type": "Point",
    "coordinates": [
     123.62935,
     -17.30168
    ]
   },
   "properties": {
    "name": "36 VILLIERS STREET DERBY 6728",
    "locID": "LOC000019524170",
    "tech": "FTTN",
    "upgrade": "NULL_NA",
    "gnaf_pid": "GAWA_147004290",
    "ee": true,
    "tech_change_status": "Not Planned"
   }
  },
  {
   "type": "Feature",
   "geometry": {
    "type": "Point",
    "coordinates": [
     123.62951,
     -17.30249
    ]
   },
   "properties": {
    "name": "47 LOCH STREET DERBY 6728",
    "locID": "LOC000174080912",
    "tech": "FTTN",
    "upgrade": "NULL_NA",
    "gnaf_pid": "GAWA_147004291",
    "ee": true,
    "tech_change_status": "Not Planned"
   }
  },
  {
   "type": "Feature",
   "geometry": {
    "type": "Point",
    "coordinates": [
     123.6296,
     -17.30183
    ]
   },
   "properties": {
    "name": "40 VILLIERS STREET DERBY 6728",
    "locID": "LOC000050630464",
    "tech": "FTTN",
    "upgrade": "NULL_NA",
    "gnaf_pid": "GAWA_147004292",
    "ee": true,
    "tech_change_status": "Not Planned"
   }
  },
  {
   "type": "Feature",
   "geometry": {
    "type": "Point",
    "coordinates": [
     123.62984,
     -17.30197
    ]
   },
   "properties": {
    "name": "44 VILLIERS STREET DERBY 6728",
    "locID": "LOC000011525884",
    "tech": "FTTN",
    "upgrade": "NULL_NA",
    "gnaf_pid": "GAWA_147004293",
    "ee": true,
    "tech_change_status": "Not Planned"
   }
  },
  {
   "type": "Feature",
   "geometry": {
    "type": "Point",
    "coordinates": [
     123.62987,
     -17.30469
    ]
   },
   "properties": {
    "name": "39 CLARENDON STREET DERBY 6728",
    "locID": "LOC000055540891",
    "tech": "FTTN",
    "upgrade": "NULL_NA",
    "gnaf_pid": "GAWA_147004294",
    "ee": true,
    "tech_change_status": "Not Planned"
   }
  },
  {
   "type": "Feature",
   "geometry": {
    "type": "Point",
    "coordinates": [
     123.63018,
     -17.30473
    ]
   },
   "properties": {
    "name": "41 CLARENDON STREET DERBY 6728",
    "locID": "LOC000017923448",
    "tech": "FTTN",
    "upgrade": "NULL_NA",
    "gnaf_pid": "GAWA_147004297",
    "ee": true,
    "tech_change_status": "Not Planned"
   }
  },
  {
   "type": "Feature",
   "geometry": {
    "type": "Point",
    "coordinates": [
     123.63017,
     -17.30423
    ]
   },
   "properties": {
    "name": "9 HARDMAN STREET DERBY 6728",
    "locID": "LOC000019574978",
    "tech": "FTTN",
    "upgrade": "NULL_NA",
    "gnaf_pid": "GAWA_147004298",
    "ee": true,
    "tech_change_status": "Not Planned"
   }
  },
  {
   "type": "Feature",
   "geometry": {
    "type": "Point",
    "coordinates": [
     123.63044274,
     -17.30412689
    ]
   },
   "properties": {
    "name": "38 LOCH STREET DERBY 6728",
    "locID": "LOC000049905314",
    "tech": "FTTN",
    "upgrade": "NULL_NA",
    "gnaf_pid": "GAWA_147004299",
    "ee": true,
    "tech_change_status": "Not Planned"
   }
  },
  {
   "type": "Feature",
   "geometry": {
    "type": "Point",
    "coordinates": [
     123.63041724,
     -17.3048765
    ]
   },
   "properties": {
    "name": "45 CLARENDON STREET DERBY 6728",
    "locID": "LOC000147461080",
    "tech": "FTTN",
    "upgrade": "NULL_NA",
    "gnaf_pid": "GAWA_147004300",
    "ee": true,
    "tech_change_status": "Not Planned"
   }
  },
  {
   "type": "Feature",
   "geometry": {
    "type": "Point",
    "coordinates": [
     123.63051,
     -17.30422
    ]
   },
   "properties": {
    "name": "40 LOCH STREET DERBY 6728",
    "locID": "LOC000086350760",
    "tech": "FTTN",
    "upgrade": "NULL_NA",
    "gnaf_pid": "GAWA_147004301",
    "ee": true,
    "tech_change_status": "Not Planned"
   }
  },
  {
   "type": "Feature",
   "geometry": {
    "type": "Point",
    "coordinates": [
     123.63056,
     -17.3024
    ]
   },
   "properties": {
    "name": "2 HARDMAN STREET DERBY 6728",
    "locID": "LOC000108206852",
    "tech": "FTTN",
    "upgrade": "NULL_NA",
    "gnaf_pid": "GAWA_147004302",
    "ee": true,
    "tech_change_status": "Not Planned"
   }
  },
  {
   "type": "Feature",
   "geometry": {
    "type": "Point",
    "coordinates": [
     123.63627,
     -17.31247
    ]
   },
   "properties": {
    "name": "7 MCLARTY STREET DERBY 6728",
    "locID": "LOC000004808825",
    "tech": "FTTN",
    "upgrade": "NULL_NA",
    "gnaf_pid": "GAWA_147004545",
    "ee": true,
    "tech_change_status": "Not Planned"
   }
  },
  {
   "type": "Feature",
   "geometry": {
    "type": "Point",
    "coordinates": [
     123.63627,
     -17.31329
    ]
   },
   "properties": {
    "name": "11 ARCHER STREET DERBY 6728",
    "locID": "LOC000091810996",
    "tech": "FTTN",
    "upgrade": "NULL_NA",
    "gnaf_pid": "GAWA_147004546",
    "ee": true,
    "tech_change_status": "Not Planned"
   }
  },
  {
   "type": "Feature",
   "geometry": {
    "type": "Point",
    "coordinates": [
     123.63650847,
     -17.31211012
    ]
   },
   "properties": {
    "name": "6 KNOPP STREET DERBY 6728",
    "locID": "LOC000103299471",
    "tech": "FTTN",
    "upgrade": "NULL_NA",
    "gnaf_pid": "GAWA_147004547",
    "ee": true,
    "tech_change_status": "Not Planned"
   }
  },
  {
   "type": "Feature",
   "geometry": {
    "type": "Point",
    "coordinates": [
     123.63642131,
     -17.31299417
    ]
   },
   "properties": {
    "name": "10 MCLARTY STREET DERBY 6728",
    "locID": "LOC000059679282",
    "tech": "FTTN",
    "upgrade": "NULL_NA",
    "gnaf_pid": "GAWA_147004548",
    "ee": true,
    "tech_change_status": "Not Planned"
   }
  },
  {
   "type": "Feature",
   "geometry": {
    "type": "Point",
    "coordinates": [
     123.63642,
     -17.31124
    ]
   },
   "properties": {
    "name": "22 KNOWSLEY STREET WEST DERBY 6728",
    "locID": "LOC000012047112",
    "tech": "FTTN",
    "upgrade": "NULL_NA",
    "gnaf_pid": "GAWA_147004549",
    "ee": true,
    "tech_change_status": "Not Planned"
   }
  },
  {
   "type": "Feature",
   "geometry": {
    "type": "Point",
    "coordinates": [
     123.6371,
     -17.31298
    ]
   },
   "properties": {
    "name": "13 KNOPP STREET DERBY 6728",
    "locID": "LOC000072403703",
    "tech": "FTTN",
    "upgrade": "NULL_NA",
    "gnaf_pid": "GAWA_147004553",
    "ee": true,
    "tech_change_status": "Not Planned"
   }
  },
  {
   "type": "Feature",
   "geometry": {
    "type": "Point",
    "coordinates": [
     123.6371,
     -17.31271
    ]
   },
   "properties": {
    "name": "11 KNOPP STREET DERBY 6728",
    "locID": "LOC000029470599",
    "tech": "FTTN",
    "upgrade": "NULL_NA",
    "gnaf_pid": "GAWA_147004554",
    "ee": true,
    "tech_change_status": "Not Planned"
   }
  },
  {
   "type": "Feature",
   "geometry": {
    "type": "Point",
    "coordinates": [
     123.6371,
     -17.31162
    ]
   },
   "properties": {
    "name": "3 KNOPP STREET DERBY 6728",
    "locID": "LOC000038765617",
    "tech": "FTTN",
    "upgrade": "NULL_NA",
    "gnaf_pid": "GAWA_147004558",
    "ee": true,
    "tech_change_status": "Not Planned"
   }
  },
  {
   "type": "Feature",
   "geometry": {
    "type": "Point",
    "coordinates": [
     123.63708,
     -17.31131
    ]
   },
   "properties": {
    "name": "1 KNOPP STREET DERBY 6728",
    "locID": "LOC000078951849",
    "tech": "FTTN",
    "upgrade": "NULL_NA",
    "gnaf_pid": "GAWA_147004559",
    "ee": true,
    "tech_change_status": "Not Planned"
   }
  },
  {
   "type": "Feature",
   "geometry": {
    "type": "Point",
    "coordinates": [
     123.63736,
     -17.31329
    ]
   },
   "properties": {
    "name": "17 ARCHER STREET DERBY 6728",
    "locID": "LOC000092843706",
    "tech": "FTTN",
    "upgrade": "NULL_NA",
    "gnaf_pid": "GAWA_147004560",
    "ee": true,
    "tech_change_status": "Not Planned"
   }
  },
  {
   "type": "Feature",
   "geometry": {
    "type": "Point",
    "coordinates": [
     123.63744,
     -17.31306
    ]
   },
   "properties": {
    "name": "22 HEYTESBURY STREET DERBY 6728",
    "locID": "LOC000082107583",
    "tech": "FTTN",
    "upgrade": "NULL_NA",
    "gnaf_pid": "GAWA_147004562",
    "ee": true,
    "tech_change_status": "Not Planned"
   }
  },
  {
   "type": "Feature",
   "geometry": {
    "type": "Point",
    "coordinates": [
     123.63743,
     -17.3128
    ]
   },
   "properties": {
    "name": "20 HEYTESBURY STREET DERBY 6728",
    "locID": "LOC000027822056",
    "tech": "FTTN",
    "upgrade": "NULL_NA",
    "gnaf_pid": "GAWA_147004563",
    "ee": true,
    "tech_change_status": "Not Planned"
   }
  },
  {
   "type": "Feature",
   "geometry": {
    "type": "Point",
    "coordinates": [
     123.63743,
     -17.31225
    ]
   },
   "properties": {
    "name": "16 HEYTESBURY STREET DERBY 6728",
    "locID": "LOC000042862709",
    "tech": "FTTN",
    "upgrade": "NULL_NA",
    "gnaf_pid": "GAWA_147004565",
    "ee": true,
    "tech_change_status": "Not Planned"
   }
  },
  {
   "type": "Feature",
   "geometry": {
    "type": "Point",
    "coordinates": [
     123.63743,
     -17.31198
    ]
   },
   "properties": {
    "name": "14 HEYTESBURY STREET DERBY 6728",
    "locID": "LOC000026919653",
    "tech": "FTTN",
    "upgrade": "NULL_NA",
    "gnaf_pid": "GAWA_147004566",
    "ee": true,
    "tech_change_status": "Not Planned"
   }
  },
  {
   "type": "Feature",
   "geometry": {
    "type": "Point",
    "coordinates": [
     123.63743,
     -17.31171
    ]
   },
   "properties": {
    "name": "12 HEYTESBURY STREET DERBY 6728",
    "locID": "LOC000093090049",
    "tech": "FTTN",
    "upgrade": "NULL_NA",
    "gnaf_pid": "GAWA_147004567",
    "ee": true,
    "tech_change_status": "Not Planned"
   }
  },
  {
   "type": "Feature",
   "geometry": {
    "type": "Point",
    "coordinates": [
     123.63744,
     -17.31145
    ]
   },
   "properties": {
    "name": "10 HEYTESBURY STREET DERBY 6728",
    "locID": "LOC000022055851",
    "tech": "FTTN",
    "upgrade": "NULL_NA",
    "gnaf_pid": "GAWA_147004568",
    "ee": true,
    "tech_change_status": "Not Planned"
   }
  },
  {
   "type": "Feature",
   "geometry": {
    "type": "Point",
    "coordinates": [
     123.63817,
     -17.31247
    ]
   },
   "properties": {
    "name": "1 ALFONSAS STREET DERBY 6728",
    "locID": "LOC000065579542",
    "tech": "FTTN",
    "upgrade": "NULL_NA",
    "gnaf_pid": "GAWA_147004569",
    "ee": true,
    "tech_change_status": "Not Planned"
   }
  },
  {
   "type": "Feature",
   "geometry": {
    "type": "Point",
    "coordinates": [
     123.63807,
     -17.3122
    ]
   },
   "properties": {
    "name": "9 HEYTESBURY STREET DERBY 6728",
    "locID": "LOC000067808878",
    "tech": "FTTN",
    "upgrade": "NULL_NA",
    "gnaf_pid": "GAWA_147004570",
    "ee": true,
    "tech_change_status": "Not Planned"
   }
  },
  {
   "type": "Feature",
   "geometry": {
    "type": "Point",
    "coordinates": [
     123.63817,
     -17.31158
    ]
   },
   "properties": {
    "name": "1 HANSON STREET DERBY 6728",
    "locID": "LOC000054390035",
    "tech": "FTTN",
    "upgrade": "NULL_NA",
    "gnaf_pid": "GAWA_147004571",
    "ee": true,
    "tech_change_status": "Not Planned"
   }
  },
  {
   "type": "Feature",
   "geometry": {
    "type": "Point",
    "coordinates": [
     123.63694,
     -17.31945
    ]
   },
   "properties": {
    "name": "9 BAUHINIA PLACE DERBY 6728",
    "locID": "LOC000019855847",
    "tech": "FTTN",
    "upgrade": "NULL_NA",
    "gnaf_pid": "GAWA_147004770",
    "ee": true,
    "tech_change_status": "Not Planned"
   }
  },
  {
   "type": "Feature",
   "geometry": {
    "type": "Point",
    "coordinates": [
     123.64202,
     -17.31187
    ]
   },
   "properties": {
    "name": "8 TOWER PLACE DERBY 6728",
    "locID": "LOC000023664305",
    "tech": "FTTN",
    "upgrade": "NULL_NA",
    "gnaf_pid": "GAWA_147004949",
    "ee": true,
    "tech_change_status": "Not Planned"
   }
  },
  {
   "type": "Feature",
   "geometry": {
    "type": "Point",
    "coordinates": [
     123.64202,
     -17.31217
    ]
   },
   "properties": {
    "name": "11 WODEHOUSE STREET DERBY 6728",
    "locID": "LOC000066559139",
    "tech": "FTTN",
    "upgrade": "NULL_NA",
    "gnaf_pid": "GAWA_147004950",
    "ee": true,
    "tech_change_status": "Not Planned"
   }
  },
  {
   "type": "Feature",
   "geometry": {
    "type": "Point",
    "coordinates": [
     123.64202,
     -17.31138
    ]
   },
   "properties": {
    "name": "7 TOWER PLACE DERBY 6728",
    "locID": "LOC000007124003",
    "tech": "FTTN",
    "upgrade": "NULL_NA",
    "gnaf_pid": "GAWA_147004951",
    "ee": true,
    "tech_change_status": "Not Planned"
   }
  },
  {
   "type": "Feature",
   "geometry": {
    "type": "Point",
    "coordinates": [
     123.64202,
     -17.31108
    ]
   },
   "properties": {
    "name": "6 KNOWSLEY STREET EAST DERBY 6728",
    "locID": "LOC000073508599",
    "tech": "FTTN",
    "upgrade": "NULL_NA",
    "gnaf_pid": "GAWA_147004952",
    "ee": true,
    "tech_change_status": "Not Planned"
   }
  },
  {
   "type": "Feature",
   "geometry": {
    "type": "Point",
    "coordinates": [
     123.64225,
     -17.31187
    ]
   },
   "properties": {
    "name": "10 TOWER PLACE DERBY 6728",
    "locID": "LOC000012956833",
    "tech": "FTTN",
    "upgrade": "NULL_NA",
    "gnaf_pid": "GAWA_147004953",
    "ee": true,
    "tech_change_status": "Not Planned"
   }
  },
  {
   "type": "Feature",
   "geometry": {
    "type": "Point",
    "coordinates": [
     123.6405,
     -17.30991
    ]
   },
   "properties": {
    "name": "7 ASHLEY STREET DERBY 6728",
    "locID": "LOC000005651331",
    "tech": "FTTN",
    "upgrade": "NULL_NA",
    "gnaf_pid": "GAWA_147004977",
    "ee": true,
    "tech_change_status": "Not Planned"
   }
  },
  {
   "type": "Feature",
   "geometry": {
    "type": "Point",
    "coordinates": [
     123.64083,
     -17.31039
    ]
   },
   "properties": {
    "name": "15 HOLMAN STREET DERBY 6728",
    "locID": "LOC000057712982",
    "tech": "FTTN",
    "upgrade": "NULL_NA",
    "gnaf_pid": "GAWA_147004980",
    "ee": true,
    "tech_change_status": "Not Planned"
   }
  },
  {
   "type": "Feature",
   "geometry": {
    "type": "Point",
    "coordinates": [
     123.64083929,
     -17.31066472
    ]
   },
   "properties": {
    "name": "13 HOLMAN STREET DERBY 6728",
    "locID": "LOC000089215658",
    "tech": "FTTN",
    "upgrade": "NULL_NA",
    "gnaf_pid": "GAWA_147004981",
    "ee": true,
    "tech_change_status": "Not Planned"
   }
  },
  {
   "type": "Feature",
   "geometry": {
    "type": "Point",
    "coordinates": [
     123.64085,
     -17.31117
    ]
   },
   "properties": {
    "name": "9 HOLMAN STREET DERBY 6728",
    "locID": "LOC000026957918",
    "tech": "FTTN",
    "upgrade": "NULL_NA",
    "gnaf_pid": "GAWA_147004982",
    "ee": true,
    "tech_change_status": "Not Planned"
   }
  },
  {
   "type": "Feature",
   "geometry": {
    "type": "Point",
    "coordinates": [
     123.64084,
     -17.30991
    ]
   },
   "properties": {
    "name": "17 HOLMAN STREET DERBY 6728",
    "locID": "LOC000108168608",
    "tech": "FTTN",
    "upgrade": "NULL_NA",
    "gnaf_pid": "GAWA_147004983",
    "ee": true,
    "tech_change_status": "Not Planned"
   }
  },
  {
   "type": "Feature",
   "geometry": {
    "type": "Point",
    "coordinates": [
     123.64082,
     -17.3097
    ]
   },
   "properties": {
    "name": "19 HOLMAN STREET DERBY 6728",
    "locID": "LOC000032035575",
    "tech": "FTTN",
    "upgrade": "NULL_NA",
    "gnaf_pid": "GAWA_147004984",
    "ee": true,
    "tech_change_status": "Not Planned"
   }
  },
  {
   "type": "Feature",
   "geometry": {
    "type": "Point",
    "coordinates": [
     123.64137,
     -17.31031
    ]
   },
   "properties": {
    "name": "12 HOLMAN STREET DERBY 6728",
    "locID": "LOC000116486867",
    "tech": "FTTN",
    "upgrade": "NULL_NA",
    "gnaf_pid": "GAWA_147004985",
    "ee": true,
    "tech_change_status": "Not Planned"
   }
  },
  {
   "type": "Feature",
   "geometry": {
    "type": "Point",
    "coordinates": [
     123.6413,
     -17.31057
    ]
   },
   "properties": {
    "name": "1 KNOWSLEY STREET EAST DERBY 6728",
    "locID": "LOC000107437502",
    "tech": "FTTN",
    "upgrade": "NULL_NA",
    "gnaf_pid": "GAWA_147004986",
    "ee": true,
    "tech_change_status": "Not Planned"
   }
  },
  {
   "type": "Feature",
   "geometry": {
    "type": "Point",
    "coordinates": [
     123.64137,
     -17.30988
    ]
   },
   "properties": {
    "name": "16 HOLMAN STREET DERBY 6728",
    "locID": "LOC000116487894",
    "tech": "FTTN",
    "upgrade": "NULL_NA",
    "gnaf_pid": "GAWA_147004987",
    "ee": true,
    "tech_change_status": "Not Planned"
   }
  },
  {
   "type": "Feature",
   "geometry": {
    "type": "Point",
    "coordinates": [
     123.64138,
     -17.30967
    ]
   },
   "properties": {
    "name": "18 HOLMAN STREET DERBY 6728",
    "locID": "LOC000103473200",
    "tech": "FTTN",
    "upgrade": "NULL_NA",
    "gnaf_pid": "GAWA_147004988",
    "ee": true,
    "tech_change_status": "Not Planned"
   }
  },
  {
   "type": "Feature",
   "geometry": {
    "type": "Point",
    "coordinates": [
     123.64137,
     -17.31009
    ]
   },
   "properties": {
    "name": "14 HOLMAN STREET DERBY 6728",
    "locID": "LOC000083356582",
    "tech": "FTTN",
    "upgrade": "NULL_NA",
    "gnaf_pid": "GAWA_147004989",
    "ee": true,
    "tech_change_status": "Not Planned"
   }
  },
  {
   "type": "Feature",
   "geometry": {
    "type": "Point",
    "coordinates": [
     123.64151,
     -17.31058
    ]
   },
   "properties": {
    "name": "3 KNOWSLEY STREET EAST DERBY 6728",
    "locID": "LOC000033002475",
    "tech": "FTTN",
    "upgrade": "NULL_NA",
    "gnaf_pid": "GAWA_147004990",
    "ee": true,
    "tech_change_status": "Not Planned"
   }
  },
  {
   "type": "Feature",
   "geometry": {
    "type": "Point",
    "coordinates": [
     123.63075,
     -17.30436
    ]
   },
   "properties": {
    "name": "44 LOCH STREET DERBY 6728",
    "locID": "LOC000069759245",
    "tech": "FTTN",
    "upgrade": "NULL_NA",
    "gnaf_pid": "GAWA_147005031",
    "ee": true,
    "tech_change_status": "Not Planned"
   }
  },
  {
   "type": "Feature",
   "geometry": {
    "type": "Point",
    "coordinates": [
     123.63726,
     -17.31864
    ]
   },
   "properties": {
    "name": "15 MCGOVERN WAY DERBY 6728",
    "locID": "LOC000100762016",
    "tech": "FTTN",
    "upgrade": "NULL_NA",
    "gnaf_pid": "GAWA_147005040",
    "ee": true,
    "tech_change_status": "Not Planned"
   }
  },
  {
   "type": "Feature",
   "geometry": {
    "type": "Point",
    "coordinates": [
     123.64225,
     -17.31217
    ]
   },
   "properties": {
    "name": "13 WODEHOUSE STREET DERBY 6728",
    "locID": "LOC000022903189",
    "tech": "FTTN",
    "upgrade": "NULL_NA",
    "gnaf_pid": "GAWA_147005430",
    "ee": true,
    "tech_change_status": "Not Planned"
   }
  },
  {
   "type": "Feature",
   "geometry": {
    "type": "Point",
    "coordinates": [
     123.64225,
     -17.31138
    ]
   },
   "properties": {
    "name": "9 TOWER PLACE DERBY 6728",
    "locID": "LOC000103991974",
    "tech": "FTTN",
    "upgrade": "NULL_NA",
    "gnaf_pid": "GAWA_147005431",
    "ee": true,
    "tech_change_status": "Not Planned"
   }
  },
  {
   "type": "Feature",
   "geometry": {
    "type": "Point",
    "coordinates": [
     123.64225,
     -17.31108
    ]
   },
   "properties": {
    "name": "8 KNOWSLEY STREET EAST DERBY 6728",
    "locID": "LOC000100020384",
    "tech": "FTTN",
    "upgrade": "NULL_NA",
    "gnaf_pid": "GAWA_147005432",
    "ee": true,
    "tech_change_status": "Not Planned"
   }
  },
  {
   "type": "Feature",
   "geometry": {
    "type": "Point",
    "coordinates": [
     123.64248,
     -17.31188
    ]
   },
   "properties": {
    "name": "12 TOWER PLACE DERBY 6728",
    "locID": "LOC000047587874",
    "tech": "FTTN",
    "upgrade": "NULL_NA",
    "gnaf_pid": "GAWA_147005433",
    "ee": true,
    "tech_change_status": "Not Planned"
   }
  },
  {
   "type": "Feature",
   "geometry": {
    "type": "Point",
    "coordinates": [
     123.64248,
     -17.31217
    ]
   },
   "properties": {
    "name": "15 WODEHOUSE STREET DERBY 6728",
    "locID": "LOC000050788962",
    "tech": "FTTN",
    "upgrade": "NULL_NA",
    "gnaf_pid": "GAWA_147005434",
    "ee": true,
    "tech_change_status": "Not Planned"
   }
  },
  {
   "type": "Feature",
   "geometry": {
    "type": "Point",
    "coordinates": [
     123.64248,
     -17.31137
    ]
   },
   "properties": {
    "name": "11 TOWER PLACE DERBY 6728",
    "locID": "LOC000072676521",
    "tech": "FTTN",
    "upgrade": "NULL_NA",
    "gnaf_pid": "GAWA_147005435",
    "ee": true,
    "tech_change_status": "Not Planned"
   }
  },
  {
   "type": "Feature",
   "geometry": {
    "type": "Point",
    "coordinates": [
     123.64248,
     -17.31108
    ]
   },
   "properties": {
    "name": "10 KNOWSLEY STREET EAST DERBY 6728",
    "locID": "LOC000013716382",
    "tech": "FTTN",
    "upgrade": "NULL_NA",
    "gnaf_pid": "GAWA_147005436",
    "ee": true,
    "tech_change_status": "Not Planned"
   }
  },
  {
   "type": "Feature",
   "geometry": {
    "type": "Point",
    "coordinates": [
     123.64265,
     -17.31162
    ]
   },
   "properties": {
    "name": "12 KNOWSLEY STREET EAST DERBY 6728",
    "locID": "LOC000100909017",
    "tech": "FTTN",
    "upgrade": "NULL_NA",
    "gnaf_pid": "GAWA_147005437",
    "ee": true,
    "tech_change_status": "Not Planned"
   }
  },
  {
   "type": "Feature",
   "geometry": {
    "type": "Point",
    "coordinates": [
     123.64369,
     -17.31171
    ]
   },
   "properties": {
    "name": "14 KNOWSLEY STREET EAST DERBY 6728",
    "locID": "LOC000045583078",
    "tech": "FTTN",
    "upgrade": "NULL_NA",
    "gnaf_pid": "GAWA_147005438",
    "ee": true,
    "tech_change_status": "Not Planned"
   }
  },
  {
   "type": "Feature",
   "geometry": {
    "type": "Point",
    "coordinates": [
     123.64521,
     -17.31141
    ]
   },
   "properties": {
    "name": "20 KNOWSLEY STREET EAST DERBY 6728",
    "locID": "LOC000010464229",
    "tech": "FTTN",
    "upgrade": "NULL_NA",
    "gnaf_pid": "GAWA_147005439",
    "ee": true,
    "tech_change_status": "Not Planned"
   }
  },
  {
   "type": "Feature",
   "geometry": {
    "type": "Point",
    "coordinates": [
     123.64691,
     -17.31141
    ]
   },
   "properties": {
    "name": "42 KNOWSLEY STREET EAST DERBY 6728",
    "locID": "LOC000028741497",
    "tech": "FTTN",
    "upgrade": "NULL_NA",
    "gnaf_pid": "GAWA_147005450",
    "ee": true,
    "tech_change_status": "Not Planned"
   }
  },
  {
   "type": "Feature",
   "geometry": {
    "type": "Point",
    "coordinates": [
     123.64549,
     -17.31141
    ]
   },
   "properties": {
    "name": "22 KNOWSLEY STREET EAST DERBY 6728",
    "locID": "LOC000012038655",
    "tech": "FTTN",
    "upgrade": "NULL_NA",
    "gnaf_pid": "GAWA_147005454",
    "ee": true,
    "tech_change_status": "Not Planned"
   }
  },
  {
   "type": "Feature",
   "geometry": {
    "type": "Point",
    "coordinates": [
     123.64576,
     -17.31153
    ]
   },
   "properties": {
    "name": "28 KNOWSLEY STREET EAST DERBY 6728",
    "locID": "LOC000083272312",
    "tech": "FTTN",
    "upgrade": "NULL_NA",
    "gnaf_pid": "GAWA_147005485",
    "ee": true,
    "tech_change_status": "Not Planned"
   }
  },
  {
   "type": "Feature",
   "geometry": {
    "type": "Point",
    "coordinates": [
     123.6458,
     -17.31127
    ]
   },
   "properties": {
    "name": "26 KNOWSLEY STREET EAST DERBY 6728",
    "locID": "LOC000042139750",
    "tech": "FTTN",
    "upgrade": "NULL_NA",
    "gnaf_pid": "GAWA_147005487",
    "ee": true,
    "tech_change_status": "Not Planned"
   }
  },
  {
   "type": "Feature",
   "geometry": {
    "type": "Point",
    "coordinates": [
     123.63979,
     -17.31816
    ]
   },
   "properties": {
    "name": "52 ASHLEY STREET DERBY 6728",
    "locID": "LOC000057162674",
    "tech": "FTTN",
    "upgrade": "NULL_NA",
    "gnaf_pid": "GAWA_147005533",
    "ee": true,
    "tech_change_status": "Not Planned"
   }
  },
  {
   "type": "Feature",
   "geometry": {
    "type": "Point",
    "coordinates": [
     123.63979,
     -17.31837
    ]
   },
   "properties": {
    "name": "54 ASHLEY STREET DERBY 6728",
    "locID": "LOC000098419220",
    "tech": "FTTN",
    "upgrade": "NULL_NA",
    "gnaf_pid": "GAWA_147005566",
    "ee": true,
    "tech_change_status": "Not Planned"
   }
  },
  {
   "type": "Feature",
   "geometry": {
    "type": "Point",
    "coordinates": [
     123.64082,
     -17.31221
    ]
   },
   "properties": {
    "name": "1 HOLMAN STREET DERBY 6728",
    "locID": "LOC000030542699",
    "tech": "FTTN",
    "upgrade": "NULL_NA",
    "gnaf_pid": "GAWA_147005590",
    "ee": true,
    "tech_change_status": "Not Planned"
   }
  },
  {
   "type": "Feature",
   "geometry": {
    "type": "Point",
    "coordinates": [
     123.64085,
     -17.31201
    ]
   },
   "properties": {
    "name": "3 HOLMAN STREET DERBY 6728",
    "locID": "LOC000088370885",
    "tech": "FTTN",
    "upgrade": "NULL_NA",
    "gnaf_pid": "GAWA_147005591",
    "ee": true,
    "tech_change_status": "Not Planned"
   }
  },
  {
   "type": "Feature",
   "geometry": {
    "type": "Point",
    "coordinates": [
     123.64085,
     -17.31144
    ]
   },
   "properties": {
    "name": "7 HOLMAN STREET DERBY 6728",
    "locID": "LOC000043014516",
    "tech": "FTTN",
    "upgrade": "NULL_NA",
    "gnaf_pid": "GAWA_147005592",
    "ee": true,
    "tech_change_status": "Not Planned"
   }
  },
  {
   "type": "Feature",
   "geometry": {
    "type": "Point",
    "coordinates": [
     123.64084,
     -17.31175
    ]
   },
   "properties": {
    "name": "5 HOLMAN STREET DERBY 6728",
    "locID": "LOC000073776009",
    "tech": "FTTN",
    "upgrade": "NULL_NA",
    "gnaf_pid": "GAWA_147005593",
    "ee": true,
    "tech_change_status": "Not Planned"
   }
  },
  {
   "type": "Feature",
   "geometry": {
    "type": "Point",
    "coordinates": [
     123.63716,
     -17.30886
    ]
   },
   "properties": {
    "name": "13 DELEWARR STREET DERBY 6728",
    "locID": "LOC000034559987",
    "tech": "FTTN",
    "upgrade": "NULL_NA",
    "gnaf_pid": "GAWA_147005965",
    "ee": true,
    "tech_change_status": "Not Planned"
   }
  },
  {
   "type": "Feature",
   "geometry": {
    "type": "Point",
    "coordinates": [
     123.63716,
     -17.30825
    ]
   },
   "properties": {
    "name": "116 CLARENDON STREET DERBY 6728",
    "locID": "LOC000054458452",
    "tech": "FTTN",
    "upgrade": "NULL_NA",
    "gnaf_pid": "GAWA_147005966",
    "ee": true,
    "tech_change_status": "Not Planned"
   }
  },
  {
   "type": "Feature",
   "geometry": {
    "type": "Point",
    "coordinates": [
     123.63745,
     -17.30886
    ]
   },
   "properties": {
    "name": "27 DELEWARR STREET DERBY 6728",
    "locID": "LOC000048091607",
    "tech": "FTTN",
    "upgrade": "NULL_NA",
    "gnaf_pid": "GAWA_147005967",
    "ee": true,
    "tech_change_status": "Not Planned"
   }
  },
  {
   "type": "Feature",
   "geometry": {
    "type": "Point",
    "coordinates": [
     123.63745,
     -17.31001
    ]
   },
   "properties": {
    "name": "4 HEYTESBURY STREET DERBY 6728",
    "locID": "LOC000094531838",
    "tech": "FTTN",
    "upgrade": "NULL_NA",
    "gnaf_pid": "GAWA_147005969",
    "ee": true,
    "tech_change_status": "Not Planned"
   }
  },
  {
   "type": "Feature",
   "geometry": {
    "type": "Point",
    "coordinates": [
     123.65231,
     -17.30983
    ]
   },
   "properties": {
    "name": "30 SUTHERLAND STREET DERBY 6728",
    "locID": "LOC000006540754",
    "tech": "FTTN",
    "upgrade": "NULL_NA",
    "gnaf_pid": "GAWA_147005970",
    "ee": true,
    "tech_change_status": "Not Planned"
   }
  },
  {
   "type": "Feature",
   "geometry": {
    "type": "Point",
    "coordinates": [
     123.6526,
     -17.31044
    ]
   },
   "properties": {
    "name": "87 KNOWSLEY STREET EAST DERBY 6728",
    "locID": "LOC000079800750",
    "tech": "FTTN",
    "upgrade": "NULL_NA",
    "gnaf_pid": "GAWA_147005971",
    "ee": true,
    "tech_change_status": "Not Planned"
   }
  },
  {
   "type": "Feature",
   "geometry": {
    "type": "Point",
    "coordinates": [
     123.6526,
     -17.31202
    ]
   },
   "properties": {
    "name": "27 DAMPIER DRIVE DERBY 6728",
    "locID": "LOC000066731247",
    "tech": "FTTN",
    "upgrade": "NULL_NA",
    "gnaf_pid": "GAWA_147005972",
    "ee": true,
    "tech_change_status": "Not Planned"
   }
  },
  {
   "type": "Feature",
   "geometry": {
    "type": "Point",
    "coordinates": [
     123.6526,
     -17.31141
    ]
   },
   "properties": {
    "name": "96 KNOWSLEY STREET EAST DERBY 6728",
    "locID": "LOC000044460519",
    "tech": "FTTN",
    "upgrade": "NULL_NA",
    "gnaf_pid": "GAWA_147005973",
    "ee": true,
    "tech_change_status": "Not Planned"
   }
  },
  {
   "type": "Feature",
   "geometry": {
    "type": "Point",
    "coordinates": [
     123.6526,
     -17.30983
    ]
   },
   "properties": {
    "name": "32 SUTHERLAND STREET DERBY 6728",
    "locID": "LOC000002191970",
    "tech": "FTTN",
    "upgrade": "NULL_NA",
    "gnaf_pid": "GAWA_147005974",
    "ee": true,
    "tech_change_status": "Not Planned"
   }
  },
  {
   "type": "Feature",
   "geometry": {
    "type": "Point",
    "coordinates": [
     123.65288,
     -17.31141
    ]
   },
   "properties": {
    "name": "100 KNOWSLEY STREET EAST DERBY 6728",
    "locID": "LOC000071572848",
    "tech": "FTTN",
    "upgrade": "NULL_NA",
    "gnaf_pid": "GAWA_147005976",
    "ee": true,
    "tech_change_status": "Not Planned"
   }
  },
  {
   "type": "Feature",
   "geometry": {
    "type": "Point",
    "coordinates": [
     123.65288,
     -17.31044
    ]
   },
   "properties": {
    "name": "91 KNOWSLEY STREET EAST DERBY 6728",
    "locID": "LOC000005602249",
    "tech": "FTTN",
    "upgrade": "NULL_NA",
    "gnaf_pid": "GAWA_147005977",
    "ee": true,
    "tech_change_status": "Not Planned"
   }
  },
  {
   "type": "Feature",
   "geometry": {
    "type": "Point",
    "coordinates": [
     123.65316,
     -17.31202
    ]
   },
   "properties": {
    "name": "35 DAMPIER DRIVE DERBY 6728",
    "locID": "LOC000079870376",
    "tech": "FTTN",
    "upgrade": "NULL_NA",
    "gnaf_pid": "GAWA_147005979",
    "ee": true,
    "tech_change_status": "Not Planned"
   }
  },
  {
   "type": "Feature",
   "geometry": {
    "type": "Point",
    "coordinates": [
     123.65316,
     -17.31141
    ]
   },
   "properties": {
    "name": "104 KNOWSLEY STREET EAST DERBY 6728",
    "locID": "LOC000013677856",
    "tech": "FTTN",
    "upgrade": "NULL_NA",
    "gnaf_pid": "GAWA_147005980",
    "ee": true,
    "tech_change_status": "Not Planned"
   }
  },
  {
   "type": "Feature",
   "geometry": {
    "type": "Point",
    "coordinates": [
     123.65316,
     -17.30983
    ]
   },
   "properties": {
    "name": "40 SUTHERLAND STREET DERBY 6728",
    "locID": "LOC000070625142",
    "tech": "FTTN",
    "upgrade": "NULL_NA",
    "gnaf_pid": "GAWA_147005981",
    "ee": true,
    "tech_change_status": "Not Planned"
   }
  },
  {
   "type": "Feature",
   "geometry": {
    "type": "Point",
    "coordinates": [
     123.65316,
     -17.31044
    ]
   },
   "properties": {
    "name": "95 KNOWSLEY STREET EAST DERBY 6728",
    "locID": "LOC000107806740",
    "tech": "FTTN",
    "upgrade": "NULL_NA",
    "gnaf_pid": "GAWA_147005982",
    "ee": true,
    "tech_change_status": "Not Planned"
   }
  },
  {
   "type": "Feature",
   "geometry": {
    "type": "Point",
    "coordinates": [
     123.65345,
     -17.31202
    ]
   },
   "properties": {
    "name": "39 DAMPIER DRIVE DERBY 6728",
    "locID": "LOC000048065183",
    "tech": "FTTN",
    "upgrade": "NULL_NA",
    "gnaf_pid": "GAWA_147005983",
    "ee": true,
    "tech_change_status": "Not Planned"
   }
  },
  {
   "type": "Feature",
   "geometry": {
    "type": "Point",
    "coordinates": [
     123.65345,
     -17.31141
    ]
   },
   "properties": {
    "name": "108 KNOWSLEY STREET EAST DERBY 6728",
    "locID": "LOC000028721820",
    "tech": "FTTN",
    "upgrade": "NULL_NA",
    "gnaf_pid": "GAWA_147005984",
    "ee": true,
    "tech_change_status": "Not Planned"
   }
  },
  {
   "type": "Feature",
   "geometry": {
    "type": "Point",
    "coordinates": [
     123.65345,
     -17.30983
    ]
   },
   "properties": {
    "name": "44 SUTHERLAND STREET DERBY 6728",
    "locID": "LOC000069685108",
    "tech": "FTTN",
    "upgrade": "NULL_NA",
    "gnaf_pid": "GAWA_147005986",
    "ee": true,
    "tech_change_status": "Not Planned"
   }
  },
  {
   "type": "Feature",
   "geometry": {
    "type": "Point",
    "coordinates": [
     123.65373,
     -17.31202
    ]
   },
   "properties": {
    "name": "43 DAMPIER DRIVE DERBY 6728",
    "locID": "LOC000102240577",
    "tech": "FTTN",
    "upgrade": "NULL_NA",
    "gnaf_pid": "GAWA_147005987",
    "ee": true,
    "tech_change_status": "Not Planned"
   }
  },
  {
   "type": "Feature",
   "geometry": {
    "type": "Point",
    "coordinates": [
     123.65373,
     -17.31141
    ]
   },
   "properties": {
    "name": "112 KNOWSLEY STREET EAST DERBY 6728",
    "locID": "LOC000048936671",
    "tech": "FTTN",
    "upgrade": "NULL_NA",
    "gnaf_pid": "GAWA_147005988",
    "ee": true,
    "tech_change_status": "Not Planned"
   }
  },
  {
   "type": "Feature",
   "geometry": {
    "type": "Point",
    "coordinates": [
     123.65373,
     -17.30983
    ]
   },
   "properties": {
    "name": "48 SUTHERLAND STREET DERBY 6728",
    "locID": "LOC000042750605",
    "tech": "FTTN",
    "upgrade": "NULL_NA",
    "gnaf_pid": "GAWA_147005989",
    "ee": true,
    "tech_change_status": "Not Planned"
   }
  },
  {
   "type": "Feature",
   "geometry": {
    "type": "Point",
    "coordinates": [
     123.65373,
     -17.31044
    ]
   },
   "properties": {
    "name": "103 KNOWSLEY STREET EAST DERBY 6728",
    "locID": "LOC000023685333",
    "tech": "FTTN",
    "upgrade": "NULL_NA",
    "gnaf_pid": "GAWA_147005990",
    "ee": true,
    "tech_change_status": "Not Planned"
   }
  },
  {
   "type": "Feature",
   "geometry": {
    "type": "Point",
    "coordinates": [
     123.65402,
     -17.31141
    ]
   },
   "properties": {
    "name": "116 KNOWSLEY STREET EAST DERBY 6728",
    "locID": "LOC000028652371",
    "tech": "FTTN",
    "upgrade": "NULL_NA",
    "gnaf_pid": "GAWA_147005991",
    "ee": true,
    "tech_change_status": "Not Planned"
   }
  },
  {
   "type": "Feature",
   "geometry": {
    "type": "Point",
    "coordinates": [
     123.65402,
     -17.31044
    ]
   },
   "properties": {
    "name": "107 KNOWSLEY STREET EAST DERBY 6728",
    "locID": "LOC000107782349",
    "tech": "FTTN",
    "upgrade": "NULL_NA",
    "gnaf_pid": "GAWA_147005993",
    "ee": true,
    "tech_change_status": "Not Planned"
   }
  },
  {
   "type": "Feature",
   "geometry": {
    "type": "Point",
    "coordinates": [
     123.64161,
     -17.30667
    ]
   },
   "properties": {
    "name": "27 PANTON STREET DERBY 6728",
    "locID": "LOC000034676333",
    "tech": "FTTN",
    "upgrade": "NULL_NA",
    "gnaf_pid": "GAWA_147005997",
    "ee": true,
    "tech_change_status": "Not Planned"
   }
  },
  {
   "type": "Feature",
   "geometry": {
    "type": "Point",
    "coordinates": [
     123.64189,
     -17.30667
    ]
   },
   "properties": {
    "name": "23 PANTON STREET DERBY 6728",
    "locID": "LOC000028634079",
    "tech": "FTTN",
    "upgrade": "NULL_NA",
    "gnaf_pid": "GAWA_147005999",
    "ee": true,
    "tech_change_status": "Not Planned"
   }
  },
  {
   "type": "Feature",
   "geometry": {
    "type": "Point",
    "coordinates": [
     123.64218,
     -17.30667
    ]
   },
   "properties": {
    "name": "19 PANTON STREET DERBY 6728",
    "locID": "LOC000094684799",
    "tech": "FTTN",
    "upgrade": "NULL_NA",
    "gnaf_pid": "GAWA_147006001",
    "ee": true,
    "tech_change_status": "Not Planned"
   }
  },
  {
   "type": "Feature",
   "geometry": {
    "type": "Point",
    "coordinates": [
     123.64313,
     -17.30886
    ]
   },
   "properties": {
    "name": "155 LOCH STREET DERBY 6728",
    "locID": "LOC000052154587",
    "tech": "FTTN",
    "upgrade": "NULL_NA",
    "gnaf_pid": "GAWA_147006003",
    "ee": true,
    "tech_change_status": "Not Planned"
   }
  },
  {
   "type": "Feature",
   "geometry": {
    "type": "Point",
    "coordinates": [
     123.64313,
     -17.30825
    ]
   },
   "properties": {
    "name": "12 STANLEY STREET DERBY 6728",
    "locID": "LOC000054923515",
    "tech": "FTTN",
    "upgrade": "NULL_NA",
    "gnaf_pid": "GAWA_147006005",
    "ee": true,
    "tech_change_status": "Not Planned"
   }
  },
  {
   "type": "Feature",
   "geometry": {
    "type": "Point",
    "coordinates": [
     123.64341,
     -17.30886
    ]
   },
   "properties": {
    "name": "159 LOCH STREET DERBY 6728",
    "locID": "LOC000092079114",
    "tech": "FTTN",
    "upgrade": "NULL_NA",
    "gnaf_pid": "GAWA_147006006",
    "ee": true,
    "tech_change_status": "Not Planned"
   }
  },
  {
   "type": "Feature",
   "geometry": {
    "type": "Point",
    "coordinates": [
     123.63859,
     -17.30983
    ]
   },
   "properties": {
    "name": "34 DELEWARR STREET DERBY 6728",
    "locID": "LOC000038517555",
    "tech": "FTTN",
    "upgrade": "NULL_NA",
    "gnaf_pid": "GAWA_147006144",
    "ee": true,
    "tech_change_status": "Not Planned"
   }
  },
  {
   "type": "Feature",
   "geometry": {
    "type": "Point",
    "coordinates": [
     123.6386,
     -17.31215
    ]
   },
   "properties": {
    "name": "6 HANSON STREET DERBY 6728",
    "locID": "LOC000042742517",
    "tech": "FTTN",
    "upgrade": "NULL_NA",
    "gnaf_pid": "GAWA_147006145",
    "ee": true,
    "tech_change_status": "Not Planned"
   }
  },
  {
   "type": "Feature",
   "geometry": {
    "type": "Point",
    "coordinates": [
     123.6386,
     -17.31126
    ]
   },
   "properties": {
    "name": "32 KNOWSLEY STREET WEST DERBY 6728",
    "locID": "LOC000106301875",
    "tech": "FTTN",
    "upgrade": "NULL_NA",
    "gnaf_pid": "GAWA_147006146",
    "ee": true,
    "tech_change_status": "Not Planned"
   }
  },
  {
   "type": "Feature",
   "geometry": {
    "type": "Point",
    "coordinates": [
     123.63875,
     -17.31245
    ]
   },
   "properties": {
    "name": "5 ALFONSAS STREET DERBY 6728",
    "locID": "LOC000065978806",
    "tech": "FTTN",
    "upgrade": "NULL_NA",
    "gnaf_pid": "GAWA_147006147",
    "ee": true,
    "tech_change_status": "Not Planned"
   }
  },
  {
   "type": "Feature",
   "geometry": {
    "type": "Point",
    "coordinates": [
     123.63875,
     -17.31156
    ]
   },
   "properties": {
    "name": "5 HANSON STREET DERBY 6728",
    "locID": "LOC000055654718",
    "tech": "FTTN",
    "upgrade": "NULL_NA",
    "gnaf_pid": "GAWA_147006148",
    "ee": true,
    "tech_change_status": "Not Planned"
   }
  },
  {
   "type": "Feature",
   "geometry": {
    "type": "Point",
    "coordinates": [
     123.63883553,
     -17.31043474
    ]
   },
   "properties": {
    "name": "47 KNOWSLEY STREET WEST DERBY 6728",
    "locID": "LOC000147461917",
    "tech": "FTTN",
    "upgrade": "NULL_NA",
    "gnaf_pid": "GAWA_147006149",
    "ee": true,
    "tech_change_status": "Not Planned"
   }
  },
  {
   "type": "Feature",
   "geometry": {
    "type": "Point",
    "coordinates": [
     123.63884,
     -17.30983
    ]
   },
   "properties": {
    "name": "38 DELEWARR STREET DERBY 6728",
    "locID": "LOC000098946192",
    "tech": "FTTN",
    "upgrade": "NULL_NA",
    "gnaf_pid": "GAWA_147006150",
    "ee": true,
    "tech_change_status": "Not Planned"
   }
  },
  {
   "type": "Feature",
   "geometry": {
    "type": "Point",
    "coordinates": [
     123.63982579,
     -17.30965818
    ]
   },
   "properties": {
    "name": "12 ASHLEY STREET DERBY 6728",
    "locID": "LOC000147461363",
    "tech": "FTTN",
    "upgrade": "NULL_NA",
    "gnaf_pid": "GAWA_147006482",
    "ee": true,
    "tech_change_status": "Not Planned"
   }
  },
  {
   "type": "Feature",
   "geometry": {
    "type": "Point",
    "coordinates": [
     123.64549,
     -17.30886
    ]
   },
   "properties": {
    "name": "179 LOCH STREET DERBY 6728",
    "locID": "LOC000102426411",
    "tech": "FTTN",
    "upgrade": "NULL_NA",
    "gnaf_pid": "GAWA_147006483",
    "ee": true,
    "tech_change_status": "Not Planned"
   }
  },
  {
   "type": "Feature",
   "geometry": {
    "type": "Point",
    "coordinates": [
     123.63888,
     -17.31215
    ]
   },
   "properties": {
    "name": "8 HANSON STREET DERBY 6728",
    "locID": "LOC000009550298",
    "tech": "FTTN",
    "upgrade": "NULL_NA",
    "gnaf_pid": "GAWA_147006714",
    "ee": true,
    "tech_change_status": "Not Planned"
   }
  },
  {
   "type": "Feature",
   "geometry": {
    "type": "Point",
    "coordinates": [
     123.63888,
     -17.31126
    ]
   },
   "properties": {
    "name": "34 KNOWSLEY STREET WEST DERBY 6728",
    "locID": "LOC000045088177",
    "tech": "FTTN",
    "upgrade": "NULL_NA",
    "gnaf_pid": "GAWA_147006715",
    "ee": true,
    "tech_change_status": "Not Planned"
   }
  },
  {
   "type": "Feature",
   "geometry": {
    "type": "Point",
    "coordinates": [
     123.63904,
     -17.31245
    ]
   },
   "properties": {
    "name": "7 ALFONSAS STREET DERBY 6728",
    "locID": "LOC000087435422",
    "tech": "FTTN",
    "upgrade": "NULL_NA",
    "gnaf_pid": "GAWA_147006716",
    "ee": true,
    "tech_change_status": "Not Planned"
   }
  },
  {
   "type": "Feature",
   "geometry": {
    "type": "Point",
    "coordinates": [
     123.63904,
     -17.31156
    ]
   },
   "properties": {
    "name": "7 HANSON STREET DERBY 6728",
    "locID": "LOC000051754546",
    "tech": "FTTN",
    "upgrade": "NULL_NA",
    "gnaf_pid": "GAWA_147006717",
    "ee": true,
    "tech_change_status": "Not Planned"
   }
  },
  {
   "type": "Feature",
   "geometry": {
    "type": "Point",
    "coordinates": [
     123.63653067,
     -17.31238938
    ]
   },
   "properties": {
    "name": "8 KNOPP STREET DERBY 6728",
    "locID": "LOC000179630567",
    "tech": "FTTN",
    "upgrade": "NULL_NA",
    "gnaf_pid": "GAWA_147006786",
    "ee": true,
    "tech_change_status": "Not Planned"
   }
  },
  {
   "type": "Feature",
   "geometry": {
    "type": "Point",
    "coordinates": [
     123.63654,
     -17.31151
    ]
   },
   "properties": {
    "name": "4 KNOPP STREET DERBY 6728",
    "locID": "LOC000002929188",
    "tech": "FTTN",
    "upgrade": "NULL_NA",
    "gnaf_pid": "GAWA_147006787",
    "ee": true,
    "tech_change_status": "Not Planned"
   }
  },
  {
   "type": "Feature",
   "geometry": {
    "type": "Point",
    "coordinates": [
     123.63707,
     -17.31324
    ]
   },
   "properties": {
    "name": "15 KNOPP STREET DERBY 6728",
    "locID": "LOC000092736930",
    "tech": "FTTN",
    "upgrade": "NULL_NA",
    "gnaf_pid": "GAWA_147006788",
    "ee": true,
    "tech_change_status": "Not Planned"
   }
  },
  {
   "type": "Feature",
   "geometry": {
    "type": "Point",
    "coordinates": [
     123.63744,
     -17.30971
    ]
   },
   "properties": {
    "name": "26 DELEWARR STREET DERBY 6728",
    "locID": "LOC000168591793",
    "tech": "FTTN",
    "upgrade": "NULL_NA",
    "gnaf_pid": "GAWA_147006852",
    "ee": true,
    "tech_change_status": "Not Planned"
   }
  },
  {
   "type": "Feature",
   "geometry": {
    "type": "Point",
    "coordinates": [
     123.63744,
     -17.30827
    ]
   },
   "properties": {
    "name": "92 LOCH STREET DERBY 6728",
    "locID": "LOC000098416595",
    "tech": "FTTN",
    "upgrade": "NULL_NA",
    "gnaf_pid": "GAWA_147006853",
    "ee": true,
    "tech_change_status": "Not Planned"
   }
  },
  {
   "type": "Feature",
   "geometry": {
    "type": "Point",
    "coordinates": [
     123.63838,
     -17.30889
    ]
   },
   "properties": {
    "name": "98 LOCH STREET DERBY 6728",
    "locID": "LOC000020435658",
    "tech": "FTTN",
    "upgrade": "NULL_NA",
    "gnaf_pid": "GAWA_147006855",
    "ee": true,
    "tech_change_status": "Not Planned"
   }
  },
  {
   "type": "Feature",
   "geometry": {
    "type": "Point",
    "coordinates": [
     123.63811,
     -17.30667
    ]
   },
   "properties": {
    "name": "4 SWAIN STREET DERBY 6728",
    "locID": "LOC000006915366",
    "tech": "FTTN",
    "upgrade": "NULL_NA",
    "gnaf_pid": "GAWA_147006856",
    "ee": true,
    "tech_change_status": "Not Planned"
   }
  },
  {
   "type": "Feature",
   "geometry": {
    "type": "Point",
    "coordinates": [
     123.63924356,
     -17.306673
    ]
   },
   "properties": {
    "name": "51 PANTON STREET DERBY 6728",
    "locID": "LOC000116503341",
    "tech": "FTTN",
    "upgrade": "NULL_NA",
    "gnaf_pid": "GAWA_147006860",
    "ee": true,
    "tech_change_status": "Not Planned"
   }
  },
  {
   "type": "Feature",
   "geometry": {
    "type": "Point",
    "coordinates": [
     123.63981,
     -17.30667
    ]
   },
   "properties": {
    "name": "2 ASHLEY STREET DERBY 6728",
    "locID": "LOC000032760170",
    "tech": "FTTN",
    "upgrade": "NULL_NA",
    "gnaf_pid": "GAWA_147006862",
    "ee": true,
    "tech_change_status": "Not Planned"
   }
  },
  {
   "type": "Feature",
   "geometry": {
    "type": "Point",
    "coordinates": [
     123.63494,
     -17.31128
    ]
   },
   "properties": {
    "name": "12 KNOWSLEY STREET WEST DERBY 6728",
    "locID": "LOC000106327156",
    "tech": "FTTN",
    "upgrade": "NULL_NA",
    "gnaf_pid": "GAWA_147006863",
    "ee": true,
    "tech_change_status": "Not Planned"
   }
  },
  {
   "type": "Feature",
   "geometry": {
    "type": "Point",
    "coordinates": [
     123.63489,
     -17.31154
    ]
   },
   "properties": {
    "name": "3 ALEXANDER STREET DERBY 6728",
    "locID": "LOC000078194023",
    "tech": "FTTN",
    "upgrade": "NULL_NA",
    "gnaf_pid": "GAWA_147006864",
    "ee": true,
    "tech_change_status": "Not Planned"
   }
  },
  {
   "type": "Feature",
   "geometry": {
    "type": "Point",
    "coordinates": [
     123.63490987,
     -17.31181793
    ]
   },
   "properties": {
    "name": "5 ALEXANDER STREET DERBY 6728",
    "locID": "LOC000068372475",
    "tech": "FTTN",
    "upgrade": "NULL_NA",
    "gnaf_pid": "GAWA_147006865",
    "ee": true,
    "tech_change_status": "Not Planned"
   }
  },
  {
   "type": "Feature",
   "geometry": {
    "type": "Point",
    "coordinates": [
     123.63491,
     -17.31209
    ]
   },
   "properties": {
    "name": "7 ALEXANDER STREET DERBY 6728",
    "locID": "LOC000033811940",
    "tech": "FTTN",
    "upgrade": "NULL_NA",
    "gnaf_pid": "GAWA_147006866",
    "ee": true,
    "tech_change_status": "Not Planned"
   }
  },
  {
   "type": "Feature",
   "geometry": {
    "type": "Point",
    "coordinates": [
     123.63522,
     -17.31124
    ]
   },
   "properties": {
    "name": "14 KNOWSLEY STREET WEST DERBY 6728",
    "locID": "LOC000045583078",
    "tech": "FTTN",
    "upgrade": "NULL_NA",
    "gnaf_pid": "GAWA_147006871",
    "ee": true,
    "tech_change_status": "Not Planned"
   }
  },
  {
   "type": "Feature",
   "geometry": {
    "type": "Point",
    "coordinates": [
     123.63521,
     -17.31171
    ]
   },
   "properties": {
    "name": "7 BEAVEN STREET DERBY 6728",
    "locID": "LOC000025597452",
    "tech": "FTTN",
    "upgrade": "NULL_NA",
    "gnaf_pid": "GAWA_147006872",
    "ee": true,
    "tech_change_status": "Not Planned"
   }
  },
  {
   "type": "Feature",
   "geometry": {
    "type": "Point",
    "coordinates": [
     123.63523,
     -17.312
    ]
   },
   "properties": {
    "name": "5 BEAVEN STREET DERBY 6728",
    "locID": "LOC000080828902",
    "tech": "FTTN",
    "upgrade": "NULL_NA",
    "gnaf_pid": "GAWA_147006873",
    "ee": true,
    "tech_change_status": "Not Planned"
   }
  },
  {
   "type": "Feature",
   "geometry": {
    "type": "Point",
    "coordinates": [
     123.63524,
     -17.31227
    ]
   },
   "properties": {
    "name": "3 BEAVEN STREET DERBY 6728",
    "locID": "LOC000029424379",
    "tech": "FTTN",
    "upgrade": "NULL_NA",
    "gnaf_pid": "GAWA_147006874",
    "ee": true,
    "tech_change_status": "Not Planned"
   }
  },
  {
   "type": "Feature",
   "geometry": {
    "type": "Point",
    "coordinates": [
     123.63537,
     -17.31301
    ]
   },
   "properties": {
    "name": "4 MCLARTY STREET DERBY 6728",
    "locID": "LOC000017170080",
    "tech": "FTTN",
    "upgrade": "NULL_NA",
    "gnaf_pid": "GAWA_147006876",
    "ee": true,
    "tech_change_status": "Not Planned"
   }
  },
  {
   "type": "Feature",
   "geometry": {
    "type": "Point",
    "coordinates": [
     123.6355153,
     -17.31125445
    ]
   },
   "properties": {
    "name": "16 KNOWSLEY STREET WEST DERBY 6728",
    "locID": "LOC000077079413",
    "tech": "FTTN",
    "upgrade": "NULL_NA",
    "gnaf_pid": "GAWA_147006877",
    "ee": true,
    "tech_change_status": "Not Planned"
   }
  },
  {
   "type": "Feature",
   "geometry": {
    "type": "Point",
    "coordinates": [
     123.63562,
     -17.31327
    ]
   },
   "properties": {
    "name": "7 ARCHER STREET DERBY 6728",
    "locID": "LOC000098315023",
    "tech": "FTTN",
    "upgrade": "NULL_NA",
    "gnaf_pid": "GAWA_147006878",
    "ee": true,
    "tech_change_status": "Not Planned"
   }
  },
  {
   "type": "Feature",
   "geometry": {
    "type": "Point",
    "coordinates": [
     123.63569,
     -17.31156
    ]
   },
   "properties": {
    "name": "11 BEAVEN STREET DERBY 6728",
    "locID": "LOC000073697072",
    "tech": "FTTN",
    "upgrade": "NULL_NA",
    "gnaf_pid": "GAWA_147006879",
    "ee": true,
    "tech_change_status": "Not Planned"
   }
  },
  {
   "type": "Feature",
   "geometry": {
    "type": "Point",
    "coordinates": [
     123.63571,
     -17.31301
    ]
   },
   "properties": {
    "name": "6 MCLARTY STREET DERBY 6728",
    "locID": "LOC000109755749",
    "tech": "FTTN",
    "upgrade": "NULL_NA",
    "gnaf_pid": "GAWA_147006880",
    "ee": true,
    "tech_change_status": "Not Planned"
   }
  },
  {
   "type": "Feature",
   "geometry": {
    "type": "Point",
    "coordinates": [
     123.63489,
     -17.31239
    ]
   },
   "properties": {
    "name": "9 ALEXANDER STREET DERBY 6728",
    "locID": "LOC000023737514",
    "tech": "FTTN",
    "upgrade": "NULL_NA",
    "gnaf_pid": "GAWA_147006885",
    "ee": true,
    "tech_change_status": "Not Planned"
   }
  },
  {
   "type": "Feature",
   "geometry": {
    "type": "Point",
    "coordinates": [
     123.63503,
     -17.313
    ]
   },
   "properties": {
    "name": "2 MCLARTY STREET DERBY 6728",
    "locID": "LOC000084046476",
    "tech": "FTTN",
    "upgrade": "NULL_NA",
    "gnaf_pid": "GAWA_147006886",
    "ee": true,
    "tech_change_status": "Not Planned"
   }
  },
  {
   "type": "Feature",
   "geometry": {
    "type": "Point",
    "coordinates": [
     123.63517,
     -17.3125
    ]
   },
   "properties": {
    "name": "3 MCLARTY STREET DERBY 6728",
    "locID": "LOC000041876877",
    "tech": "FTTN",
    "upgrade": "NULL_NA",
    "gnaf_pid": "GAWA_147006887",
    "ee": true,
    "tech_change_status": "Not Planned"
   }
  },
  {
   "type": "Feature",
   "geometry": {
    "type": "Point",
    "coordinates": [
     123.63179982,
     -17.31251635
    ]
   },
   "properties": {
    "name": "7 ROWAN STREET DERBY 6728",
    "locID": "LOC000071785220",
    "tech": "FTTN",
    "upgrade": "NULL_NA",
    "gnaf_pid": "GAWA_147007763",
    "ee": true,
    "tech_change_status": "Not Planned"
   }
  },
  {
   "type": "Feature",
   "geometry": {
    "type": "Point",
    "coordinates": [
     123.62638896,
     -17.30248543
    ]
   },
   "properties": {
    "name": "15 CLARENDON STREET DERBY 6728",
    "locID": "LOC000101828457",
    "tech": "FTTN",
    "upgrade": "NULL_NA",
    "gnaf_pid": "GAWA_147007764",
    "ee": true,
    "tech_change_status": "Not Planned"
   }
  },
  {
   "type": "Feature",
   "geometry": {
    "type": "Point",
    "coordinates": [
     123.6264967,
     -17.30179888
    ]
   },
   "properties": {
    "name": "12 LOCH STREET DERBY 6728",
    "locID": "LOC000147462019",
    "tech": "FTTN",
    "upgrade": "NULL_NA",
    "gnaf_pid": "GAWA_147007765",
    "ee": true,
    "tech_change_status": "Not Planned"
   }
  },
  {
   "type": "Feature",
   "geometry": {
    "type": "Point",
    "coordinates": [
     123.62663,
     -17.30263
    ]
   },
   "properties": {
    "name": "19 CLARENDON STREET DERBY 6728",
    "locID": "LOC000031434951",
    "tech": "FTTN",
    "upgrade": "NULL_NA",
    "gnaf_pid": "GAWA_147007766",
    "ee": true,
    "tech_change_status": "Not Planned"
   }
  },
  {
   "type": "Feature",
   "geometry": {
    "type": "Point",
    "coordinates": [
     123.62672,
     -17.30197
    ]
   },
   "properties": {
    "name": "16 LOCH STREET DERBY 6728",
    "locID": "LOC000089214541",
    "tech": "FTTN",
    "upgrade": "NULL_NA",
    "gnaf_pid": "GAWA_147007767",
    "ee": true,
    "tech_change_status": "Not Planned"
   }
  },
  {
   "type": "Feature",
   "geometry": {
    "type": "Point",
    "coordinates": [
     123.63179982,
     -17.31251635
    ]
   },
   "properties": {
    "name": "9 ROWAN STREET DERBY 6728",
    "locID": "LOC000017317151",
    "tech": "FTTN",
    "upgrade": "NULL_NA",
    "gnaf_pid": "GAWA_147007768",
    "ee": true,
    "tech_change_status": "Not Planned"
   }
  },
  {
   "type": "Feature",
   "geometry": {
    "type": "Point",
    "coordinates": [
     123.64974,
     -17.31663
    ]
   },
   "properties": {
    "name": "7 LE LIEVRE STREET DERBY 6728",
    "locID": "LOC000050764034",
    "tech": "FTTN",
    "upgrade": "NULL_NA",
    "gnaf_pid": "GAWA_147007774",
    "ee": true,
    "tech_change_status": "Not Planned"
   }
  },
  {
   "type": "Feature",
   "geometry": {
    "type": "Point",
    "coordinates": [
     123.65122499,
     -17.31801014
    ]
   },
   "properties": {
    "name": "10 WELLS STREET DERBY 6728",
    "locID": "LOC000104407440",
    "tech": "FTTN",
    "upgrade": "NULL_NA",
    "gnaf_pid": "GAWA_147007782",
    "ee": true,
    "tech_change_status": "Not Planned"
   }
  },
  {
   "type": "Feature",
   "geometry": {
    "type": "Point",
    "coordinates": [
     123.63604,
     -17.3183
    ]
   },
   "properties": {
    "name": "4 BARNETT WAY DERBY 6728",
    "locID": "LOC000102370588",
    "tech": "FTTN",
    "upgrade": "NULL_NA",
    "gnaf_pid": "GAWA_147007803",
    "ee": true,
    "tech_change_status": "Not Planned"
   }
  },
  {
   "type": "Feature",
   "geometry": {
    "type": "Point",
    "coordinates": [
     123.63606,
     -17.31866
    ]
   },
   "properties": {
    "name": "3 MCGOVERN WAY DERBY 6728",
    "locID": "LOC000053885212",
    "tech": "FTTN",
    "upgrade": "NULL_NA",
    "gnaf_pid": "GAWA_147007804",
    "ee": true,
    "tech_change_status": "Not Planned"
   }
  },
  {
   "type": "Feature",
   "geometry": {
    "type": "Point",
    "coordinates": [
     123.63626,
     -17.31831
    ]
   },
   "properties": {
    "name": "6 BARNETT WAY DERBY 6728",
    "locID": "LOC000046405567",
    "tech": "FTTN",
    "upgrade": "NULL_NA",
    "gnaf_pid": "GAWA_147007805",
    "ee": true,
    "tech_change_status": "Not Planned"
   }
  },
  {
   "type": "Feature",
   "geometry": {
    "type": "Point",
    "coordinates": [
     123.63824,
     -17.31781
    ]
   },
   "properties": {
    "name": "25 BARNETT WAY DERBY 6728",
    "locID": "LOC000013747553",
    "tech": "FTTN",
    "upgrade": "NULL_NA",
    "gnaf_pid": "GAWA_147007807",
    "ee": true,
    "tech_change_status": "Not Planned"
   }
  },
  {
   "type": "Feature",
   "geometry": {
    "type": "Point",
    "coordinates": [
     123.63827,
     -17.31748
    ]
   },
   "properties": {
    "name": "28 BAOBAB STREET DERBY 6728",
    "locID": "LOC000108630598",
    "tech": "FTTN",
    "upgrade": "NULL_NA",
    "gnaf_pid": "GAWA_147007808",
    "ee": true,
    "tech_change_status": "Not Planned"
   }
  },
  {
   "type": "Feature",
   "geometry": {
    "type": "Point",
    "coordinates": [
     123.63847,
     -17.31781
    ]
   },
   "properties": {
    "name": "27 BARNETT WAY DERBY 6728",
    "locID": "LOC000013685642",
    "tech": "FTTN",
    "upgrade": "NULL_NA",
    "gnaf_pid": "GAWA_147007809",
    "ee": true,
    "tech_change_status": "Not Planned"
   }
  },
  {
   "type": "Feature",
   "geometry": {
    "type": "Point",
    "coordinates": [
     123.63847,
     -17.31748
    ]
   },
   "properties": {
    "name": "30 BAOBAB STREET DERBY 6728",
    "locID": "LOC000079012029",
    "tech": "FTTN",
    "upgrade": "NULL_NA",
    "gnaf_pid": "GAWA_147007810",
    "ee": true,
    "tech_change_status": "Not Planned"
   }
  },
  {
   "type": "Feature",
   "geometry": {
    "type": "Point",
    "coordinates": [
     123.63866,
     -17.3178
    ]
   },
   "properties": {
    "name": "29 BARNETT WAY DERBY 6728",
    "locID": "LOC000025552978",
    "tech": "FTTN",
    "upgrade": "NULL_NA",
    "gnaf_pid": "GAWA_147007811",
    "ee": true,
    "tech_change_status": "Not Planned"
   }
  },
  {
   "type": "Feature",
   "geometry": {
    "type": "Point",
    "coordinates": [
     123.63615113,
     -17.31915391
    ]
   },
   "properties": {
    "name": "2 MCGOVERN WAY DERBY 6728",
    "locID": "LOC000081303461",
    "tech": "FTTN",
    "upgrade": "NULL_NA",
    "gnaf_pid": "GAWA_147007813",
    "ee": true,
    "tech_change_status": "Not Planned"
   }
  },
  {
   "type": "Feature",
   "geometry": {
    "type": "Point",
    "coordinates": [
     123.63602,
     -17.31944
    ]
   },
   "properties": {
    "name": "1 BAUHINIA PLACE DERBY 6728",
    "locID": "LOC000049979344",
    "tech": "FTTN",
    "upgrade": "NULL_NA",
    "gnaf_pid": "GAWA_147007814",
    "ee": true,
    "tech_change_status": "Not Planned"
   }
  },
  {
   "type": "Feature",
   "geometry": {
    "type": "Point",
    "coordinates": [
     123.63609,
     -17.3214
    ]
   },
   "properties": {
    "name": "137 ROWAN STREET DERBY 6728",
    "locID": "LOC000102167903",
    "tech": "FTTN",
    "upgrade": "NULL_NA",
    "gnaf_pid": "GAWA_147007815",
    "ee": true,
    "tech_change_status": "Not Planned"
   }
  },
  {
   "type": "Feature",
   "geometry": {
    "type": "Point",
    "coordinates": [
     123.63611,
     -17.32113
    ]
   },
   "properties": {
    "name": "135 ROWAN STREET DERBY 6728",
    "locID": "LOC000072066255",
    "tech": "FTTN",
    "upgrade": "NULL_NA",
    "gnaf_pid": "GAWA_147007816",
    "ee": true,
    "tech_change_status": "Not Planned"
   }
  },
  {
   "type": "Feature",
   "geometry": {
    "type": "Point",
    "coordinates": [
     123.6365,
     -17.31945
    ]
   },
   "properties": {
    "name": "5 BAUHINIA PLACE DERBY 6728",
    "locID": "LOC000082627959",
    "tech": "FTTN",
    "upgrade": "NULL_NA",
    "gnaf_pid": "GAWA_147007821",
    "ee": true,
    "tech_change_status": "Not Planned"
   }
  },
  {
   "type": "Feature",
   "geometry": {
    "type": "Point",
    "coordinates": [
     123.64691,
     -17.31202
    ]
   },
   "properties": {
    "name": "45 WODEHOUSE STREET DERBY 6728",
    "locID": "LOC000063237567",
    "tech": "FTTN",
    "upgrade": "NULL_NA",
    "gnaf_pid": "GAWA_147008508",
    "ee": true,
    "tech_change_status": "Not Planned"
   }
  },
  {
   "type": "Feature",
   "geometry": {
    "type": "Point",
    "coordinates": [
     123.6502,
     -17.31909
    ]
   },
   "properties": {
    "name": "19 MILLARD STREET DERBY 6728",
    "locID": "LOC000025568301",
    "tech": "FTTN",
    "upgrade": "NULL_NA",
    "gnaf_pid": "GAWA_147008509",
    "ee": true,
    "tech_change_status": "Not Planned"
   }
  },
  {
   "type": "Feature",
   "geometry": {
    "type": "Point",
    "coordinates": [
     123.65036,
     -17.31941
    ]
   },
   "properties": {
    "name": "21 MILLARD STREET DERBY 6728",
    "locID": "LOC000046140324",
    "tech": "FTTN",
    "upgrade": "NULL_NA",
    "gnaf_pid": "GAWA_147008510",
    "ee": true,
    "tech_change_status": "Not Planned"
   }
  },
  {
   "type": "Feature",
   "geometry": {
    "type": "Point",
    "coordinates": [
     123.65073,
     -17.31965
    ]
   },
   "properties": {
    "name": "23 MILLARD STREET DERBY 6728",
    "locID": "LOC000076676387",
    "tech": "FTTN",
    "upgrade": "NULL_NA",
    "gnaf_pid": "GAWA_147008511",
    "ee": true,
    "tech_change_status": "Not Planned"
   }
  },
  {
   "type": "Feature",
   "geometry": {
    "type": "Point",
    "coordinates": [
     123.6507,
     -17.31906
    ]
   },
   "properties": {
    "name": "4 BREARLEY STREET DERBY 6728",
    "locID": "LOC000088790544",
    "tech": "FTTN",
    "upgrade": "NULL_NA",
    "gnaf_pid": "GAWA_147008512",
    "ee": true,
    "tech_change_status": "Not Planned"
   }
  },
  {
   "type": "Feature",
   "geometry": {
    "type": "Point",
    "coordinates": [
     123.65089,
     -17.31997
    ]
   },
   "properties": {
    "name": "25 MILLARD STREET DERBY 6728",
    "locID": "LOC000034532543",
    "tech": "FTTN",
    "upgrade": "NULL_NA",
    "gnaf_pid": "GAWA_147008513",
    "ee": true,
    "tech_change_status": "Not Planned"
   }
  },
  {
   "type": "Feature",
   "geometry": {
    "type": "Point",
    "coordinates": [
     123.65105,
     -17.3203
    ]
   },
   "properties": {
    "name": "27 MILLARD STREET DERBY 6728",
    "locID": "LOC000010670844",
    "tech": "FTTN",
    "upgrade": "NULL_NA",
    "gnaf_pid": "GAWA_147008514",
    "ee": true,
    "tech_change_status": "Not Planned"
   }
  },
  {
   "type": "Feature",
   "geometry": {
    "type": "Point",
    "coordinates": [
     123.65125,
     -17.32062
    ]
   },
   "properties": {
    "name": "29 MILLARD STREET DERBY 6728",
    "locID": "LOC000085193864",
    "tech": "FTTN",
    "upgrade": "NULL_NA",
    "gnaf_pid": "GAWA_147008515",
    "ee": true,
    "tech_change_status": "Not Planned"
   }
  },
  {
   "type": "Feature",
   "geometry": {
    "type": "Point",
    "coordinates": [
     123.65113,
     -17.31886
    ]
   },
   "properties": {
    "name": "6 BREARLEY STREET DERBY 6728",
    "locID": "LOC000029579987",
    "tech": "FTTN",
    "upgrade": "NULL_NA",
    "gnaf_pid": "GAWA_147008516",
    "ee": true,
    "tech_change_status": "Not Planned"
   }
  },
  {
   "type": "Feature",
   "geometry": {
    "type": "Point",
    "coordinates": [
     123.65108,
     -17.32157
    ]
   },
   "properties": {
    "name": "11 GUILDFORD STREET DERBY 6728",
    "locID": "LOC000094282653",
    "tech": "FTTN",
    "upgrade": "NULL_NA",
    "gnaf_pid": "GAWA_147008517",
    "ee": true,
    "tech_change_status": "Not Planned"
   }
  },
  {
   "type": "Feature",
   "geometry": {
    "type": "Point",
    "coordinates": [
     123.65108,
     -17.32111
    ]
   },
   "properties": {
    "name": "31 MILLARD STREET DERBY 6728",
    "locID": "LOC000042907793",
    "tech": "FTTN",
    "upgrade": "NULL_NA",
    "gnaf_pid": "GAWA_147008518",
    "ee": true,
    "tech_change_status": "Not Planned"
   }
  },
  {
   "type": "Feature",
   "geometry": {
    "type": "Point",
    "coordinates": [
     123.6527,
     -17.3193
    ]
   },
   "properties": {
    "name": "1 WELLS STREET DERBY 6728",
    "locID": "LOC000026918472",
    "tech": "FTTN",
    "upgrade": "NULL_NA",
    "gnaf_pid": "GAWA_147008520",
    "ee": true,
    "tech_change_status": "Not Planned"
   }
  },
  {
   "type": "Feature",
   "geometry": {
    "type": "Point",
    "coordinates": [
     123.6516,
     -17.31928
    ]
   },
   "properties": {
    "name": "16 WELLS STREET DERBY 6728",
    "locID": "LOC000026918472",
    "tech": "FTTN",
    "upgrade": "NULL_NA",
    "gnaf_pid": "GAWA_147008521",
    "ee": true,
    "tech_change_status": "Not Planned"
   }
  },
  {
   "type": "Feature",
   "geometry": {
    "type": "Point",
    "coordinates": [
     123.65148,
     -17.31851
    ]
   },
   "properties": {
    "name": "12 WELLS STREET DERBY 6728",
    "locID": "LOC000013760297",
    "tech": "FTTN",
    "upgrade": "NULL_NA",
    "gnaf_pid": "GAWA_147008522",
    "ee": true,
    "tech_change_status": "Not Planned"
   }
  },
  {
   "type": "Feature",
   "geometry": {
    "type": "Point",
    "coordinates": [
     123.63979,
     -17.31795
    ]
   },
   "properties": {
    "name": "50 ASHLEY STREET DERBY 6728",
    "locID": "LOC000019952472",
    "tech": "FTTN",
    "upgrade": "NULL_NA",
    "gnaf_pid": "GAWA_147008584",
    "ee": true,
    "tech_change_status": "Not Planned"
   }
  },
  {
   "type": "Feature",
   "geometry": {
    "type": "Point",
    "coordinates": [
     123.63979,
     -17.31775
    ]
   },
   "properties": {
    "name": "48 ASHLEY STREET DERBY 6728",
    "locID": "LOC000065327127",
    "tech": "FTTN",
    "upgrade": "NULL_NA",
    "gnaf_pid": "GAWA_147008585",
    "ee": true,
    "tech_change_status": "Not Planned"
   }
  },
  {
   "type": "Feature",
   "geometry": {
    "type": "Point",
    "coordinates": [
     123.63978,
     -17.31754
    ]
   },
   "properties": {
    "name": "46 ASHLEY STREET DERBY 6728",
    "locID": "LOC000005699214",
    "tech": "FTTN",
    "upgrade": "NULL_NA",
    "gnaf_pid": "GAWA_147008586",
    "ee": true,
    "tech_change_status": "Not Planned"
   }
  },
  {
   "type": "Feature",
   "geometry": {
    "type": "Point",
    "coordinates": [
     123.63978,
     -17.31733
    ]
   },
   "properties": {
    "name": "44 ASHLEY STREET DERBY 6728",
    "locID": "LOC000046154165",
    "tech": "FTTN",
    "upgrade": "NULL_NA",
    "gnaf_pid": "GAWA_147008587",
    "ee": true,
    "tech_change_status": "Not Planned"
   }
  },
  {
   "type": "Feature",
   "geometry": {
    "type": "Point",
    "coordinates": [
     123.63985,
     -17.31863
    ]
   },
   "properties": {
    "name": "56 ASHLEY STREET DERBY 6728",
    "locID": "LOC000097816602",
    "tech": "FTTN",
    "upgrade": "NULL_NA",
    "gnaf_pid": "GAWA_147008588",
    "ee": true,
    "tech_change_status": "Not Planned"
   }
  },
  {
   "type": "Feature",
   "geometry": {
    "type": "Point",
    "coordinates": [
     123.63471,
     -17.31432
    ]
   },
   "properties": {
    "name": "2 ARCHER STREET DERBY 6728",
    "locID": "LOC000046279996",
    "tech": "FTTN",
    "upgrade": "NULL_NA",
    "gnaf_pid": "GAWA_147008589",
    "ee": true,
    "tech_change_status": "Not Planned"
   }
  },
  {
   "type": "Feature",
   "geometry": {
    "type": "Point",
    "coordinates": [
     123.6348,
     -17.31461
    ]
   },
   "properties": {
    "name": "35 MARMION STREET DERBY 6728",
    "locID": "LOC000031907272",
    "tech": "FTTN",
    "upgrade": "NULL_NA",
    "gnaf_pid": "GAWA_147008590",
    "ee": true,
    "tech_change_status": "Not Planned"
   }
  },
  {
   "type": "Feature",
   "geometry": {
    "type": "Point",
    "coordinates": [
     123.65553,
     -17.31202
    ]
   },
   "properties": {
    "name": "59 DAMPIER DRIVE DERBY 6728",
    "locID": "LOC000005642431",
    "tech": "FTTN",
    "upgrade": "NULL_NA",
    "gnaf_pid": "GAWA_147009042",
    "ee": true,
    "tech_change_status": "Not Planned"
   }
  },
  {
   "type": "Feature",
   "geometry": {
    "type": "Point",
    "coordinates": [
     123.66625,
     -17.3295
    ]
   },
   "properties": {
    "name": "1 MAXTED STREET DERBY 6728",
    "locID": "LOC000019071730",
    "tech": "NULL",
    "upgrade": "NULL_NA",
    "gnaf_pid": "GAWA_147009043",
    "ee": true,
    "tech_change_status": "Not Planned"
   }
  },
  {
   "type": "Feature",
   "geometry": {
    "type": "Point",
    "coordinates": [
     123.67646,
     -17.34282
    ]
   },
   "properties": {
    "name": "4 MANNING ROAD DERBY 6728",
    "locID": "LOC000047532792",
    "tech": "NULL",
    "upgrade": "NULL_NA",
    "gnaf_pid": "GAWA_147009044",
    "ee": true,
    "tech_change_status": "Not Planned"
   }
  },
  {
   "type": "Feature",
   "geometry": {
    "type": "Point",
    "coordinates": [
     123.67789,
     -17.3432
    ]
   },
   "properties": {
    "name": "2 MANNING ROAD DERBY 6728",
    "locID": "LOC000038767316",
    "tech": "NULL",
    "upgrade": "NULL_NA",
    "gnaf_pid": "GAWA_147009045",
    "ee": true,
    "tech_change_status": "Not Planned"
   }
  },
  {
   "type": "Feature",
   "geometry": {
    "type": "Point",
    "coordinates": [
     123.67813,
     -17.34016
    ]
   },
   "properties": {
    "name": "11 WINDJANA ROAD DERBY 6728",
    "locID": "LOC000064022701",
    "tech": "NULL",
    "upgrade": "NULL_NA",
    "gnaf_pid": "GAWA_147009046",
    "ee": true,
    "tech_change_status": "Not Planned"
   }
  },
  {
   "type": "Feature",
   "geometry": {
    "type": "Point",
    "coordinates": [
     123.67827,
     -17.33927
    ]
   },
   "properties": {
    "name": "13 WINDJANA ROAD DERBY 6728",
    "locID": "LOC000082781334",
    "tech": "NULL",
    "upgrade": "NULL_NA",
    "gnaf_pid": "GAWA_147009047",
    "ee": true,
    "tech_change_status": "Not Planned"
   }
  },
  {
   "type": "Feature",
   "geometry": {
    "type": "Point",
    "coordinates": [
     123.6784,
     -17.33837
    ]
   },
   "properties": {
    "name": "15 WINDJANA ROAD DERBY 6728",
    "locID": "LOC000031127841",
    "tech": "SATELLITE",
    "upgrade": "NULL_NA",
    "gnaf_pid": "GAWA_147009048",
    "ee": true,
    "tech_change_status": "Not Planned"
   }
  },
  {
   "type": "Feature",
   "geometry": {
    "type": "Point",
    "coordinates": [
     123.67855,
     -17.33748
    ]
   },
   "properties": {
    "name": "17 WINDJANA ROAD DERBY 6728",
    "locID": "LOC000057893691",
    "tech": "NULL",
    "upgrade": "NULL_NA",
    "gnaf_pid": "GAWA_147009049",
    "ee": true,
    "tech_change_status": "Not Planned"
   }
  },
  {
   "type": "Feature",
   "geometry": {
    "type": "Point",
    "coordinates": [
     123.6787,
     -17.33659
    ]
   },
   "properties": {
    "name": "19 WINDJANA ROAD DERBY 6728",
    "locID": "LOC000037350500",
    "tech": "SATELLITE",
    "upgrade": "NULL_NA",
    "gnaf_pid": "GAWA_147009050",
    "ee": true,
    "tech_change_status": "Not Planned"
   }
  },
  {
   "type": "Feature",
   "geometry": {
    "type": "Point",
    "coordinates": [
     123.65468,
     -17.31202
    ]
   },
   "properties": {
    "name": "49 DAMPIER DRIVE DERBY 6728",
    "locID": "LOC000105788852",
    "tech": "FTTN",
    "upgrade": "NULL_NA",
    "gnaf_pid": "GAWA_147009054",
    "ee": true,
    "tech_change_status": "Not Planned"
   }
  },
  {
   "type": "Feature",
   "geometry": {
    "type": "Point",
    "coordinates": [
     123.65468,
     -17.31044
    ]
   },
   "properties": {
    "name": "109 KNOWSLEY STREET EAST DERBY 6728",
    "locID": "LOC000012917929",
    "tech": "FTTN",
    "upgrade": "NULL_NA",
    "gnaf_pid": "GAWA_147009055",
    "ee": true,
    "tech_change_status": "Not Planned"
   }
  },
  {
   "type": "Feature",
   "geometry": {
    "type": "Point",
    "coordinates": [
     123.65496,
     -17.31141
    ]
   },
   "properties": {
    "name": "120 KNOWSLEY STREET EAST DERBY 6728",
    "locID": "LOC000100393213",
    "tech": "FTTN",
    "upgrade": "NULL_NA",
    "gnaf_pid": "GAWA_147009057",
    "ee": true,
    "tech_change_status": "Not Planned"
   }
  },
  {
   "type": "Feature",
   "geometry": {
    "type": "Point",
    "coordinates": [
     123.65496,
     -17.31202
    ]
   },
   "properties": {
    "name": "51 DAMPIER DRIVE DERBY 6728",
    "locID": "LOC000014460612",
    "tech": "FTTN",
    "upgrade": "NULL_NA",
    "gnaf_pid": "GAWA_147009058",
    "ee": true,
    "tech_change_status": "Not Planned"
   }
  },
  {
   "type": "Feature",
   "geometry": {
    "type": "Point",
    "coordinates": [
     123.65496,
     -17.31044
    ]
   },
   "properties": {
    "name": "111 KNOWSLEY STREET EAST DERBY 6728",
    "locID": "LOC000027867992",
    "tech": "FTTN",
    "upgrade": "NULL_NA",
    "gnaf_pid": "GAWA_147009059",
    "ee": true,
    "tech_change_status": "Not Planned"
   }
  },
  {
   "type": "Feature",
   "geometry": {
    "type": "Point",
    "coordinates": [
     123.65496,
     -17.30983
    ]
   },
   "properties": {
    "name": "56 SUTHERLAND STREET DERBY 6728",
    "locID": "LOC000039159602",
    "tech": "FTTN",
    "upgrade": "NULL_NA",
    "gnaf_pid": "GAWA_147009060",
    "ee": true,
    "tech_change_status": "Not Planned"
   }
  },
  {
   "type": "Feature",
   "geometry": {
    "type": "Point",
    "coordinates": [
     123.65525,
     -17.31202
    ]
   },
   "properties": {
    "name": "55 DAMPIER DRIVE DERBY 6728",
    "locID": "LOC000027008832",
    "tech": "FTTN",
    "upgrade": "NULL_NA",
    "gnaf_pid": "GAWA_147009062",
    "ee": true,
    "tech_change_status": "Not Planned"
   }
  },
  {
   "type": "Feature",
   "geometry": {
    "type": "Point",
    "coordinates": [
     123.65525,
     -17.31141
    ]
   },
   "properties": {
    "name": "124 KNOWSLEY STREET EAST DERBY 6728",
    "locID": "LOC000069396937",
    "tech": "FTTN",
    "upgrade": "NULL_NA",
    "gnaf_pid": "GAWA_147009063",
    "ee": true,
    "tech_change_status": "Not Planned"
   }
  },
  {
   "type": "Feature",
   "geometry": {
    "type": "Point",
    "coordinates": [
     123.63503,
     -17.31452
    ]
   },
   "properties": {
    "name": "3 OWEN AH CHEE STREET DERBY 6728",
    "locID": "LOC000089121154",
    "tech": "FTTN",
    "upgrade": "NULL_NA",
    "gnaf_pid": "GAWA_147009155",
    "ee": true,
    "tech_change_status": "Not Planned"
   }
  },
  {
   "type": "Feature",
   "geometry": {
    "type": "Point",
    "coordinates": [
     123.63512,
     -17.31408
    ]
   },
   "properties": {
    "name": "6 ARCHER STREET DERBY 6728",
    "locID": "LOC000064708745",
    "tech": "FTTN",
    "upgrade": "NULL_NA",
    "gnaf_pid": "GAWA_147009156",
    "ee": true,
    "tech_change_status": "Not Planned"
   }
  },
  {
   "type": "Feature",
   "geometry": {
    "type": "Point",
    "coordinates": [
     123.63511,
     -17.31518
    ]
   },
   "properties": {
    "name": "2 OWEN AH CHEE STREET DERBY 6728",
    "locID": "LOC000008738018",
    "tech": "FTTN",
    "upgrade": "NULL_NA",
    "gnaf_pid": "GAWA_147009157",
    "ee": true,
    "tech_change_status": "Not Planned"
   }
  },
  {
   "type": "Feature",
   "geometry": {
    "type": "Point",
    "coordinates": [
     123.63524,
     -17.3144
    ]
   },
   "properties": {
    "name": "5 OWEN AH CHEE STREET DERBY 6728",
    "locID": "LOC000038573613",
    "tech": "FTTN",
    "upgrade": "NULL_NA",
    "gnaf_pid": "GAWA_147009158",
    "ee": true,
    "tech_change_status": "Not Planned"
   }
  },
  {
   "type": "Feature",
   "geometry": {
    "type": "Point",
    "coordinates": [
     123.63532,
     -17.31504
    ]
   },
   "properties": {
    "name": "4 OWEN AH CHEE STREET DERBY 6728",
    "locID": "LOC000050606380",
    "tech": "FTTN",
    "upgrade": "NULL_NA",
    "gnaf_pid": "GAWA_147009159",
    "ee": true,
    "tech_change_status": "Not Planned"
   }
  },
  {
   "type": "Feature",
   "geometry": {
    "type": "Point",
    "coordinates": [
     123.6353,
     -17.31539
    ]
   },
   "properties": {
    "name": "1 BLYTHE STREET DERBY 6728",
    "locID": "LOC000107812661",
    "tech": "FTTN",
    "upgrade": "NULL_NA",
    "gnaf_pid": "GAWA_147009160",
    "ee": true,
    "tech_change_status": "Not Planned"
   }
  },
  {
   "type": "Feature",
   "geometry": {
    "type": "Point",
    "coordinates": [
     123.63529,
     -17.31397
    ]
   },
   "properties": {
    "name": "8 ARCHER STREET DERBY 6728",
    "locID": "LOC000089269026",
    "tech": "FTTN",
    "upgrade": "NULL_NA",
    "gnaf_pid": "GAWA_147009161",
    "ee": true,
    "tech_change_status": "Not Planned"
   }
  },
  {
   "type": "Feature",
   "geometry": {
    "type": "Point",
    "coordinates": [
     123.63543,
     -17.3143
    ]
   },
   "properties": {
    "name": "7 OWEN AH CHEE STREET DERBY 6728",
    "locID": "LOC000020377190",
    "tech": "FTTN",
    "upgrade": "NULL_NA",
    "gnaf_pid": "GAWA_147009162",
    "ee": true,
    "tech_change_status": "Not Planned"
   }
  },
  {
   "type": "Feature",
   "geometry": {
    "type": "Point",
    "coordinates": [
     123.63548,
     -17.31391
    ]
   },
   "properties": {
    "name": "10 ARCHER STREET DERBY 6728",
    "locID": "LOC000080477270",
    "tech": "FTTN",
    "upgrade": "NULL_NA",
    "gnaf_pid": "GAWA_147009163",
    "ee": true,
    "tech_change_status": "Not Planned"
   }
  },
  {
   "type": "Feature",
   "geometry": {
    "type": "Point",
    "coordinates": [
     123.63556,
     -17.31523
    ]
   },
   "properties": {
    "name": "3 BLYTHE STREET DERBY 6728",
    "locID": "LOC000018100888",
    "tech": "FTTN",
    "upgrade": "NULL_NA",
    "gnaf_pid": "GAWA_147009164",
    "ee": true,
    "tech_change_status": "Not Planned"
   }
  },
  {
   "type": "Feature",
   "geometry": {
    "type": "Point",
    "coordinates": [
     123.63557,
     -17.31492
    ]
   },
   "properties": {
    "name": "6 OWEN AH CHEE STREET DERBY 6728",
    "locID": "LOC000089228926",
    "tech": "FTTN",
    "upgrade": "NULL_NA",
    "gnaf_pid": "GAWA_147009165",
    "ee": true,
    "tech_change_status": "Not Planned"
   }
  },
  {
   "type": "Feature",
   "geometry": {
    "type": "Point",
    "coordinates": [
     123.63565,
     -17.31422
    ]
   },
   "properties": {
    "name": "9 OWEN AH CHEE STREET DERBY 6728",
    "locID": "LOC000023792136",
    "tech": "FTTN",
    "upgrade": "NULL_NA",
    "gnaf_pid": "GAWA_147009166",
    "ee": true,
    "tech_change_status": "Not Planned"
   }
  },
  {
   "type": "Feature",
   "geometry": {
    "type": "Point",
    "coordinates": [
     123.63574,
     -17.31392
    ]
   },
   "properties": {
    "name": "12 ARCHER STREET DERBY 6728",
    "locID": "LOC000044875934",
    "tech": "FTTN",
    "upgrade": "NULL_NA",
    "gnaf_pid": "GAWA_147009167",
    "ee": true,
    "tech_change_status": "Not Planned"
   }
  },
  {
   "type": "Feature",
   "geometry": {
    "type": "Point",
    "coordinates": [
     123.63965,
     -17.31865
    ]
   },
   "properties": {
    "name": "37 MCGOVERN WAY DERBY 6728",
    "locID": "LOC000066350629",
    "tech": "FTTN",
    "upgrade": "NULL_NA",
    "gnaf_pid": "GAWA_147009185",
    "ee": true,
    "tech_change_status": "Not Planned"
   }
  },
  {
   "type": "Feature",
   "geometry": {
    "type": "Point",
    "coordinates": [
     123.63579,
     -17.31482
    ]
   },
   "properties": {
    "name": "8 OWEN AH CHEE STREET DERBY 6728",
    "locID": "LOC000103738386",
    "tech": "FTTN",
    "upgrade": "NULL_NA",
    "gnaf_pid": "GAWA_147009210",
    "ee": true,
    "tech_change_status": "Not Planned"
   }
  },
  {
   "type": "Feature",
   "geometry": {
    "type": "Point",
    "coordinates": [
     123.6358,
     -17.31516
    ]
   },
   "properties": {
    "name": "5 BLYTHE STREET DERBY 6728",
    "locID": "LOC000066117827",
    "tech": "FTTN",
    "upgrade": "NULL_NA",
    "gnaf_pid": "GAWA_147009211",
    "ee": true,
    "tech_change_status": "Not Planned"
   }
  },
  {
   "type": "Feature",
   "geometry": {
    "type": "Point",
    "coordinates": [
     123.63593,
     -17.31426
    ]
   },
   "properties": {
    "name": "11 OWEN AH CHEE STREET DERBY 6728",
    "locID": "LOC000016255818",
    "tech": "FTTN",
    "upgrade": "NULL_NA",
    "gnaf_pid": "GAWA_147009212",
    "ee": true,
    "tech_change_status": "Not Planned"
   }
  },
  {
   "type": "Feature",
   "geometry": {
    "type": "Point",
    "coordinates": [
     123.63599253,
     -17.31396518
    ]
   },
   "properties": {
    "name": "2 MACDONALD STREET DERBY 6728",
    "locID": "LOC000107935808",
    "tech": "FTTN",
    "upgrade": "NULL_NA",
    "gnaf_pid": "GAWA_147009213",
    "ee": true,
    "tech_change_status": "Not Planned"
   }
  },
  {
   "type": "Feature",
   "geometry": {
    "type": "Point",
    "coordinates": [
     123.63602,
     -17.31515
    ]
   },
   "properties": {
    "name": "7 BLYTHE STREET DERBY 6728",
    "locID": "LOC000080898116",
    "tech": "FTTN",
    "upgrade": "NULL_NA",
    "gnaf_pid": "GAWA_147009214",
    "ee": true,
    "tech_change_status": "Not Planned"
   }
  },
  {
   "type": "Feature",
   "geometry": {
    "type": "Point",
    "coordinates": [
     123.63933,
     -17.30983
    ]
   },
   "properties": {
    "name": "46 DELEWARR STREET DERBY 6728",
    "locID": "LOC000006187875",
    "tech": "FTTN",
    "upgrade": "NULL_NA",
    "gnaf_pid": "GAWA_147009767",
    "ee": true,
    "tech_change_status": "Not Planned"
   }
  },
  {
   "type": "Feature",
   "geometry": {
    "type": "Point",
    "coordinates": [
     123.63945,
     -17.31215
    ]
   },
   "properties": {
    "name": "12 HANSON STREET DERBY 6728",
    "locID": "LOC000080742758",
    "tech": "FTTN",
    "upgrade": "NULL_NA",
    "gnaf_pid": "GAWA_147009768",
    "ee": true,
    "tech_change_status": "Not Planned"
   }
  },
  {
   "type": "Feature",
   "geometry": {
    "type": "Point",
    "coordinates": [
     123.63945,
     -17.31126
    ]
   },
   "properties": {
    "name": "38 KNOWSLEY STREET WEST DERBY 6728",
    "locID": "LOC000002960135",
    "tech": "FTTN",
    "upgrade": "NULL_NA",
    "gnaf_pid": "GAWA_147009769",
    "ee": true,
    "tech_change_status": "Not Planned"
   }
  },
  {
   "type": "Feature",
   "geometry": {
    "type": "Point",
    "coordinates": [
     123.6396,
     -17.31246
    ]
   },
   "properties": {
    "name": "11 ALFONSAS STREET DERBY 6728",
    "locID": "LOC000020447960",
    "tech": "FTTN",
    "upgrade": "NULL_NA",
    "gnaf_pid": "GAWA_147009770",
    "ee": true,
    "tech_change_status": "Not Planned"
   }
  },
  {
   "type": "Feature",
   "geometry": {
    "type": "Point",
    "coordinates": [
     123.6396,
     -17.31157
    ]
   },
   "properties": {
    "name": "11 HANSON STREET DERBY 6728",
    "locID": "LOC000017182038",
    "tech": "FTTN",
    "upgrade": "NULL_NA",
    "gnaf_pid": "GAWA_147009771",
    "ee": true,
    "tech_change_status": "Not Planned"
   }
  },
  {
   "type": "Feature",
   "geometry": {
    "type": "Point",
    "coordinates": [
     123.63958,
     -17.31044
    ]
   },
   "properties": {
    "name": "59 KNOWSLEY STREET WEST DERBY 6728",
    "locID": "LOC000029642173",
    "tech": "FTTN",
    "upgrade": "NULL_NA",
    "gnaf_pid": "GAWA_147009772",
    "ee": true,
    "tech_change_status": "Not Planned"
   }
  },
  {
   "type": "Feature",
   "geometry": {
    "type": "Point",
    "coordinates": [
     123.63902028,
     -17.31023301
    ]
   },
   "properties": {
    "name": "51 KNOWSLEY STREET WEST DERBY 6728",
    "locID": "LOC000147462116",
    "tech": "FTTN",
    "upgrade": "NULL_NA",
    "gnaf_pid": "GAWA_147009773",
    "ee": true,
    "tech_change_status": "Not Planned"
   }
  },
  {
   "type": "Feature",
   "geometry": {
    "type": "Point",
    "coordinates": [
     123.63975,
     -17.31213
    ]
   },
   "properties": {
    "name": "14 HANSON STREET DERBY 6728",
    "locID": "LOC000099005998",
    "tech": "FTTN",
    "upgrade": "NULL_NA",
    "gnaf_pid": "GAWA_147009787",
    "ee": true,
    "tech_change_status": "Not Planned"
   }
  },
  {
   "type": "Feature",
   "geometry": {
    "type": "Point",
    "coordinates": [
     123.63652,
     -17.31322
    ]
   },
   "properties": {
    "name": "13 ARCHER STREET DERBY 6728",
    "locID": "LOC000107344554",
    "tech": "FTTN",
    "upgrade": "NULL_NA",
    "gnaf_pid": "GAWA_147009830",
    "ee": true,
    "tech_change_status": "Not Planned"
   }
  },
  {
   "type": "Feature",
   "geometry": {
    "type": "Point",
    "coordinates": [
     123.6371,
     -17.31244
    ]
   },
   "properties": {
    "name": "9 KNOPP STREET DERBY 6728",
    "locID": "LOC000079188180",
    "tech": "FTTN",
    "upgrade": "NULL_NA",
    "gnaf_pid": "GAWA_147009831",
    "ee": true,
    "tech_change_status": "Not Planned"
   }
  },
  {
   "type": "Feature",
   "geometry": {
    "type": "Point",
    "coordinates": [
     123.6371,
     -17.31216
    ]
   },
   "properties": {
    "name": "7 KNOPP STREET DERBY 6728",
    "locID": "LOC000006459253",
    "tech": "FTTN",
    "upgrade": "NULL_NA",
    "gnaf_pid": "GAWA_147009832",
    "ee": true,
    "tech_change_status": "Not Planned"
   }
  },
  {
   "type": "Feature",
   "geometry": {
    "type": "Point",
    "coordinates": [
     123.6371,
     -17.31189
    ]
   },
   "properties": {
    "name": "5 KNOPP STREET DERBY 6728",
    "locID": "LOC000018080476",
    "tech": "FTTN",
    "upgrade": "NULL_NA",
    "gnaf_pid": "GAWA_147009833",
    "ee": true,
    "tech_change_status": "Not Planned"
   }
  },
  {
   "type": "Feature",
   "geometry": {
    "type": "Point",
    "coordinates": [
     123.63579918,
     -17.31125442
    ]
   },
   "properties": {
    "name": "18 KNOWSLEY STREET WEST DERBY 6728",
    "locID": "LOC000133480020",
    "tech": "FTTN",
    "upgrade": "NULL_NA",
    "gnaf_pid": "GAWA_147010494",
    "ee": true,
    "tech_change_status": "Not Planned"
   }
  },
  {
   "type": "Feature",
   "geometry": {
    "type": "Point",
    "coordinates": [
     123.63581,
     -17.31221
    ]
   },
   "properties": {
    "name": "4 BEAVEN STREET DERBY 6728",
    "locID": "LOC000071918103",
    "tech": "FTTN",
    "upgrade": "NULL_NA",
    "gnaf_pid": "GAWA_147010495",
    "ee": true,
    "tech_change_status": "Not Planned"
   }
  },
  {
   "type": "Feature",
   "geometry": {
    "type": "Point",
    "coordinates": [
     123.63593,
     -17.31248
    ]
   },
   "properties": {
    "name": "5 MCLARTY STREET DERBY 6728",
    "locID": "LOC000049371593",
    "tech": "FTTN",
    "upgrade": "NULL_NA",
    "gnaf_pid": "GAWA_147010496",
    "ee": true,
    "tech_change_status": "Not Planned"
   }
  },
  {
   "type": "Feature",
   "geometry": {
    "type": "Point",
    "coordinates": [
     123.63596,
     -17.31327
    ]
   },
   "properties": {
    "name": "9 ARCHER STREET DERBY 6728",
    "locID": "LOC000079002759",
    "tech": "FTTN",
    "upgrade": "NULL_NA",
    "gnaf_pid": "GAWA_147010497",
    "ee": true,
    "tech_change_status": "Not Planned"
   }
  },
  {
   "type": "Feature",
   "geometry": {
    "type": "Point",
    "coordinates": [
     123.63597,
     -17.31156
    ]
   },
   "properties": {
    "name": "13 BEAVEN STREET DERBY 6728",
    "locID": "LOC000068443886",
    "tech": "FTTN",
    "upgrade": "NULL_NA",
    "gnaf_pid": "GAWA_147010498",
    "ee": true,
    "tech_change_status": "Not Planned"
   }
  },
  {
   "type": "Feature",
   "geometry": {
    "type": "Point",
    "coordinates": [
     123.63606,
     -17.31213
    ]
   },
   "properties": {
    "name": "6 BEAVEN STREET DERBY 6728",
    "locID": "LOC000080478905",
    "tech": "FTTN",
    "upgrade": "NULL_NA",
    "gnaf_pid": "GAWA_147010499",
    "ee": true,
    "tech_change_status": "Not Planned"
   }
  },
  {
   "type": "Feature",
   "geometry": {
    "type": "Point",
    "coordinates": [
     123.63605,
     -17.31301
    ]
   },
   "properties": {
    "name": "8 MCLARTY STREET DERBY 6728",
    "locID": "LOC000012937107",
    "tech": "FTTN",
    "upgrade": "NULL_NA",
    "gnaf_pid": "GAWA_147010500",
    "ee": true,
    "tech_change_status": "Not Planned"
   }
  },
  {
   "type": "Feature",
   "geometry": {
    "type": "Point",
    "coordinates": [
     123.63608,
     -17.31125
    ]
   },
   "properties": {
    "name": "20 KNOWSLEY STREET WEST DERBY 6728",
    "locID": "LOC000010401189",
    "tech": "FTTN",
    "upgrade": "NULL_NA",
    "gnaf_pid": "GAWA_147010501",
    "ee": true,
    "tech_change_status": "Not Planned"
   }
  },
  {
   "type": "Feature",
   "geometry": {
    "type": "Point",
    "coordinates": [
     123.63626,
     -17.31157
    ]
   },
   "properties": {
    "name": "15 BEAVEN STREET DERBY 6728",
    "locID": "LOC000057949833",
    "tech": "FTTN",
    "upgrade": "NULL_NA",
    "gnaf_pid": "GAWA_147010502",
    "ee": true,
    "tech_change_status": "Not Planned"
   }
  },
  {
   "type": "Feature",
   "geometry": {
    "type": "Point",
    "coordinates": [
     123.62831,
     -17.30106
    ]
   },
   "properties": {
    "name": "28 VILLIERS STREET DERBY 6728",
    "locID": "LOC000084083196",
    "tech": "FTTN",
    "upgrade": "NULL_NA",
    "gnaf_pid": "GAWA_147010798",
    "ee": true,
    "tech_change_status": "Not Planned"
   }
  },
  {
   "type": "Feature",
   "geometry": {
    "type": "Point",
    "coordinates": [
     123.6301,
     -17.30105
    ]
   },
   "properties": {
    "name": "3 VILLIERS STREET DERBY 6728",
    "locID": "LOC000147460987",
    "tech": "FTTN",
    "upgrade": "NULL_NA",
    "gnaf_pid": "GAWA_147010799",
    "ee": true,
    "tech_change_status": "Not Planned"
   }
  },
  {
   "type": "Feature",
   "geometry": {
    "type": "Point",
    "coordinates": [
     123.62542,
     -17.30191
    ]
   },
   "properties": {
    "name": "1 CLARENDON STREET DERBY 6728",
    "locID": "LOC000059776749",
    "tech": "FTTN",
    "upgrade": "NULL_NA",
    "gnaf_pid": "GAWA_147010800",
    "ee": true,
    "tech_change_status": "Not Planned"
   }
  },
  {
   "type": "Feature",
   "geometry": {
    "type": "Point",
    "coordinates": [
     123.62544,
     -17.30295
    ]
   },
   "properties": {
    "name": "2 CLARENDON STREET DERBY 6728",
    "locID": "LOC000023620031",
    "tech": "FTTN",
    "upgrade": "NULL_NA",
    "gnaf_pid": "GAWA_147010801",
    "ee": true,
    "tech_change_status": "Not Planned"
   }
  },
  {
   "type": "Feature",
   "geometry": {
    "type": "Point",
    "coordinates": [
     123.62566,
     -17.30206
    ]
   },
   "properties": {
    "name": "3 CLARENDON STREET DERBY 6728",
    "locID": "LOC000147461794",
    "tech": "FTTN",
    "upgrade": "NULL_NA",
    "gnaf_pid": "GAWA_147010802",
    "ee": true,
    "tech_change_status": "Not Planned"
   }
  },
  {
   "type": "Feature",
   "geometry": {
    "type": "Point",
    "coordinates": [
     123.62564,
     -17.30318
    ]
   },
   "properties": {
    "name": "4 CLARENDON STREET DERBY 6728",
    "locID": "LOC000073639868",
    "tech": "FTTN",
    "upgrade": "NULL_NA",
    "gnaf_pid": "GAWA_147010803",
    "ee": true,
    "tech_change_status": "Not Planned"
   }
  },
  {
   "type": "Feature",
   "geometry": {
    "type": "Point",
    "coordinates": [
     123.62567,
     -17.30152
    ]
   },
   "properties": {
    "name": "7 ELDER STREET DERBY 6728",
    "locID": "LOC000012011343",
    "tech": "FTTN",
    "upgrade": "NULL_NA",
    "gnaf_pid": "GAWA_147010806",
    "ee": true,
    "tech_change_status": "Not Planned"
   }
  },
  {
   "type": "Feature",
   "geometry": {
    "type": "Point",
    "coordinates": [
     123.62622,
     -17.30353
    ]
   },
   "properties": {
    "name": "6 CLARENDON STREET DERBY 6728",
    "locID": "LOC000009494132",
    "tech": "FTTN",
    "upgrade": "NULL_NA",
    "gnaf_pid": "GAWA_147010807",
    "ee": true,
    "tech_change_status": "Not Planned"
   }
  },
  {
   "type": "Feature",
   "geometry": {
    "type": "Point",
    "coordinates": [
     123.62591,
     -17.3022
    ]
   },
   "properties": {
    "name": "7 CLARENDON STREET DERBY 6728",
    "locID": "LOC000006196063",
    "tech": "FTTN",
    "upgrade": "NULL_NA",
    "gnaf_pid": "GAWA_147010808",
    "ee": true,
    "tech_change_status": "Not Planned"
   }
  },
  {
   "type": "Feature",
   "geometry": {
    "type": "Point",
    "coordinates": [
     123.626,
     -17.30154
    ]
   },
   "properties": {
    "name": "4 LOCH STREET DERBY 6728",
    "locID": "LOC000070750226",
    "tech": "FTTN",
    "upgrade": "NULL_NA",
    "gnaf_pid": "GAWA_147010810",
    "ee": true,
    "tech_change_status": "Not Planned"
   }
  },
  {
   "type": "Feature",
   "geometry": {
    "type": "Point",
    "coordinates": [
     123.62616,
     -17.30231
    ]
   },
   "properties": {
    "name": "11 CLARENDON STREET DERBY 6728",
    "locID": "LOC000077543373",
    "tech": "FTTN",
    "upgrade": "NULL_NA",
    "gnaf_pid": "GAWA_147010812",
    "ee": true,
    "tech_change_status": "Not Planned"
   }
  },
  {
   "type": "Feature",
   "geometry": {
    "type": "Point",
    "coordinates": [
     123.62705709,
     -17.30473454
    ]
   },
   "properties": {
    "name": "11 ROWAN STREET DERBY 6728",
    "locID": "LOC000133476246",
    "tech": "FTTN",
    "upgrade": "NULL_NA",
    "gnaf_pid": "GAWA_147010813",
    "ee": true,
    "tech_change_status": "Not Planned"
   }
  },
  {
   "type": "Feature",
   "geometry": {
    "type": "Point",
    "coordinates": [
     123.62699307,
     -17.30284406
    ]
   },
   "properties": {
    "name": "8 JOHNSTON STREET DERBY 6728",
    "locID": "LOC000019538729",
    "tech": "FTTN",
    "upgrade": "NULL_NA",
    "gnaf_pid": "GAWA_147010814",
    "ee": true,
    "tech_change_status": "Not Planned"
   }
  },
  {
   "type": "Feature",
   "geometry": {
    "type": "Point",
    "coordinates": [
     123.62706,
     -17.3042
    ]
   },
   "properties": {
    "name": "15 JOHNSTON STREET DERBY 6728",
    "locID": "LOC000038950286",
    "tech": "FTTN",
    "upgrade": "NULL_NA",
    "gnaf_pid": "GAWA_147010815",
    "ee": true,
    "tech_change_status": "Not Planned"
   }
  },
  {
   "type": "Feature",
   "geometry": {
    "type": "Point",
    "coordinates": [
     123.6272,
     -17.30226
    ]
   },
   "properties": {
    "name": "24 LOCH STREET DERBY 6728",
    "locID": "LOC000056979912",
    "tech": "FTTN",
    "upgrade": "NULL_NA",
    "gnaf_pid": "GAWA_147010816",
    "ee": true,
    "tech_change_status": "Not Planned"
   }
  },
  {
   "type": "Feature",
   "geometry": {
    "type": "Point",
    "coordinates": [
     123.6273,
     -17.30488
    ]
   },
   "properties": {
    "name": "15 ROWAN STREET DERBY 6728",
    "locID": "LOC000042414543",
    "tech": "FTTN",
    "upgrade": "NULL_NA",
    "gnaf_pid": "GAWA_147010817",
    "ee": true,
    "tech_change_status": "Not Planned"
   }
  },
  {
   "type": "Feature",
   "geometry": {
    "type": "Point",
    "coordinates": [
     123.62723,
     -17.30395
    ]
   },
   "properties": {
    "name": "18 CLARENDON STREET DERBY 6728",
    "locID": "LOC000056830034",
    "tech": "FTTN",
    "upgrade": "NULL_NA",
    "gnaf_pid": "GAWA_147010818",
    "ee": true,
    "tech_change_status": "Not Planned"
   }
  },
  {
   "type": "Feature",
   "geometry": {
    "type": "Point",
    "coordinates": [
     123.62739,
     -17.30422
    ]
   },
   "properties": {
    "name": "20 CLARENDON STREET DERBY 6728",
    "locID": "LOC000168191663",
    "tech": "FTTN",
    "upgrade": "NULL_NA",
    "gnaf_pid": "GAWA_147010819",
    "ee": true,
    "tech_change_status": "Not Planned"
   }
  },
  {
   "type": "Feature",
   "geometry": {
    "type": "Point",
    "coordinates": [
     123.62745,
     -17.3024
    ]
   },
   "properties": {
    "name": "28 LOCH STREET DERBY 6728",
    "locID": "LOC000002163852",
    "tech": "FTTN",
    "upgrade": "NULL_NA",
    "gnaf_pid": "GAWA_147010820",
    "ee": true,
    "tech_change_status": "Not Planned"
   }
  },
  {
   "type": "Feature",
   "geometry": {
    "type": "Point",
    "coordinates": [
     123.62743,
     -17.30516
    ]
   },
   "properties": {
    "name": "19 ROWAN STREET DERBY 6728",
    "locID": "LOC000080828068",
    "tech": "FTTN",
    "upgrade": "NULL_NA",
    "gnaf_pid": "GAWA_147010821",
    "ee": true,
    "tech_change_status": "Not Planned"
   }
  },
  {
   "type": "Feature",
   "geometry": {
    "type": "Point",
    "coordinates": [
     123.62763,
     -17.30436
    ]
   },
   "properties": {
    "name": "24 CLARENDON STREET DERBY 6728",
    "locID": "LOC000044814152",
    "tech": "FTTN",
    "upgrade": "NULL_NA",
    "gnaf_pid": "GAWA_147010822",
    "ee": true,
    "tech_change_status": "Not Planned"
   }
  },
  {
   "type": "Feature",
   "geometry": {
    "type": "Point",
    "coordinates": [
     123.64975,
     -17.31757
    ]
   },
   "properties": {
    "name": "13 MILLARD STREET DERBY 6728",
    "locID": "LOC000087381497",
    "tech": "FTTN",
    "upgrade": "NULL_NA",
    "gnaf_pid": "GAWA_147010823",
    "ee": true,
    "tech_change_status": "Not Planned"
   }
  },
  {
   "type": "Feature",
   "geometry": {
    "type": "Point",
    "coordinates": [
     123.64979,
     -17.31826
    ]
   },
   "properties": {
    "name": "15 MILLARD STREET DERBY 6728",
    "locID": "LOC000027098957",
    "tech": "FTTN",
    "upgrade": "NULL_NA",
    "gnaf_pid": "GAWA_147010828",
    "ee": true,
    "tech_change_status": "Not Planned"
   }
  },
  {
   "type": "Feature",
   "geometry": {
    "type": "Point",
    "coordinates": [
     123.65083439,
     -17.3157399
    ]
   },
   "properties": {
    "name": "2 LE LIEVRE STREET DERBY 6728",
    "locID": "LOC000081209589",
    "tech": "FTTN",
    "upgrade": "NULL_NA",
    "gnaf_pid": "GAWA_147010829",
    "ee": true,
    "tech_change_status": "Not Planned"
   }
  },
  {
   "type": "Feature",
   "geometry": {
    "type": "Point",
    "coordinates": [
     123.64996,
     -17.31859
    ]
   },
   "properties": {
    "name": "17 MILLARD STREET DERBY 6728",
    "locID": "LOC000038739869",
    "tech": "FTTN",
    "upgrade": "NULL_NA",
    "gnaf_pid": "GAWA_147010830",
    "ee": true,
    "tech_change_status": "Not Planned"
   }
  },
  {
   "type": "Feature",
   "geometry": {
    "type": "Point",
    "coordinates": [
     123.6503,
     -17.31823
    ]
   },
   "properties": {
    "name": "3 BREARLEY STREET DERBY 6728",
    "locID": "LOC000088699110",
    "tech": "FTTN",
    "upgrade": "NULL_NA",
    "gnaf_pid": "GAWA_147010831",
    "ee": true,
    "tech_change_status": "Not Planned"
   }
  },
  {
   "type": "Feature",
   "geometry": {
    "type": "Point",
    "coordinates": [
     123.65050729,
     -17.31704116
    ]
   },
   "properties": {
    "name": "4 WELLS STREET DERBY 6728",
    "locID": "LOC000092513702",
    "tech": "FTTN",
    "upgrade": "NULL_NA",
    "gnaf_pid": "GAWA_147010832",
    "ee": true,
    "tech_change_status": "Not Planned"
   }
  },
  {
   "type": "Feature",
   "geometry": {
    "type": "Point",
    "coordinates": [
     123.65031,
     -17.31652
    ]
   },
   "properties": {
    "name": "5 LE LIEVRE STREET DERBY 6728",
    "locID": "LOC000012075069",
    "tech": "FTTN",
    "upgrade": "NULL_NA",
    "gnaf_pid": "GAWA_147010833",
    "ee": true,
    "tech_change_status": "Not Planned"
   }
  },
  {
   "type": "Feature",
   "geometry": {
    "type": "Point",
    "coordinates": [
     123.65066,
     -17.31646
    ]
   },
   "properties": {
    "name": "3 LE LIEVRE STREET DERBY 6728",
    "locID": "LOC000017306800",
    "tech": "FTTN",
    "upgrade": "NULL_NA",
    "gnaf_pid": "GAWA_147010834",
    "ee": true,
    "tech_change_status": "Not Planned"
   }
  },
  {
   "type": "Feature",
   "geometry": {
    "type": "Point",
    "coordinates": [
     123.65837948,
     -17.32579764
    ]
   },
   "properties": {
    "name": "1 FITZROY STREET DERBY 6728",
    "locID": "LOC000133460957",
    "tech": "FTTN",
    "upgrade": "NULL_NA",
    "gnaf_pid": "GAWA_147010836",
    "ee": true,
    "tech_change_status": "Not Planned"
   }
  },
  {
   "type": "Feature",
   "geometry": {
    "type": "Point",
    "coordinates": [
     123.64133,
     -17.32301
    ]
   },
   "properties": {
    "name": "2 GUILDFORD STREET DERBY 6728",
    "locID": "LOC000084270879",
    "tech": "FTTN",
    "upgrade": "NULL_NA",
    "gnaf_pid": "GAWA_147010837",
    "ee": true,
    "tech_change_status": "Not Planned"
   }
  },
  {
   "type": "Feature",
   "geometry": {
    "type": "Point",
    "coordinates": [
     123.64494601,
     -17.31911173
    ]
   },
   "properties": {
    "name": "61 ASHLEY STREET DERBY 6728",
    "locID": "LOC000101523375",
    "tech": "FTTN",
    "upgrade": "NULL_NA",
    "gnaf_pid": "GAWA_147010838",
    "ee": true,
    "tech_change_status": "Not Planned"
   }
  },
  {
   "type": "Feature",
   "geometry": {
    "type": "Point",
    "coordinates": [
     123.64133,
     -17.31491
    ]
   },
   "properties": {
    "name": "2 WODEHOUSE STREET DERBY 6728",
    "locID": "LOC000045402995",
    "tech": "FTTN",
    "upgrade": "NULL_NA",
    "gnaf_pid": "GAWA_147010840",
    "ee": true,
    "tech_change_status": "Not Planned"
   }
  },
  {
   "type": "Feature",
   "geometry": {
    "type": "Point",
    "coordinates": [
     123.62761,
     -17.30494
    ]
   },
   "properties": {
    "name": "21 ROWAN STREET DERBY 6728",
    "locID": "LOC000168879413",
    "tech": "FTTN",
    "upgrade": "NULL_NA",
    "gnaf_pid": "GAWA_147011336",
    "ee": true,
    "tech_change_status": "Not Planned"
   }
  },
  {
   "type": "Feature",
   "geometry": {
    "type": "Point",
    "coordinates": [
     123.62783,
     -17.30507
    ]
   },
   "properties": {
    "name": "25 ROWAN STREET DERBY 6728",
    "locID": "LOC000174083849",
    "tech": "FTTN",
    "upgrade": "NULL_NA",
    "gnaf_pid": "GAWA_147011338",
    "ee": true,
    "tech_change_status": "Not Planned"
   }
  },
  {
   "type": "Feature",
   "geometry": {
    "type": "Point",
    "coordinates": [
     123.6277,
     -17.30532
    ]
   },
   "properties": {
    "name": "23 ROWAN STREET DERBY 6728",
    "locID": "LOC000012015248",
    "tech": "FTTN",
    "upgrade": "NULL_NA",
    "gnaf_pid": "GAWA_147011339",
    "ee": true,
    "tech_change_status": "Not Planned"
   }
  },
  {
   "type": "Feature",
   "geometry": {
    "type": "Point",
    "coordinates": [
     123.62787,
     -17.30451
    ]
   },
   "properties": {
    "name": "28 CLARENDON STREET DERBY 6728",
    "locID": "LOC000060129445",
    "tech": "FTTN",
    "upgrade": "NULL_NA",
    "gnaf_pid": "GAWA_147011340",
    "ee": true,
    "tech_change_status": "Not Planned"
   }
  },
  {
   "type": "Feature",
   "geometry": {
    "type": "Point",
    "coordinates": [
     123.62802,
     -17.30531
    ]
   },
   "properties": {
    "name": "27 ROWAN STREET DERBY 6728",
    "locID": "LOC000133480065",
    "tech": "FTTN",
    "upgrade": "NULL_NA",
    "gnaf_pid": "GAWA_147011341",
    "ee": true,
    "tech_change_status": "Not Planned"
   }
  },
  {
   "type": "Feature",
   "geometry": {
    "type": "Point",
    "coordinates": [
     123.62811413,
     -17.30464958
    ]
   },
   "properties": {
    "name": "32 CLARENDON STREET DERBY 6728",
    "locID": "LOC000147461787",
    "tech": "FTTN",
    "upgrade": "NULL_NA",
    "gnaf_pid": "GAWA_147011342",
    "ee": true,
    "tech_change_status": "Not Planned"
   }
  },
  {
   "type": "Feature",
   "geometry": {
    "type": "Point",
    "coordinates": [
     123.62827,
     -17.30545
    ]
   },
   "properties": {
    "name": "31 ROWAN STREET DERBY 6728",
    "locID": "LOC000023717620",
    "tech": "FTTN",
    "upgrade": "NULL_NA",
    "gnaf_pid": "GAWA_147011343",
    "ee": true,
    "tech_change_status": "Not Planned"
   }
  },
  {
   "type": "Feature",
   "geometry": {
    "type": "Point",
    "coordinates": [
     123.62836,
     -17.30479
    ]
   },
   "properties": {
    "name": "36 CLARENDON STREET DERBY 6728",
    "locID": "LOC000006955266",
    "tech": "FTTN",
    "upgrade": "NULL_NA",
    "gnaf_pid": "GAWA_147011344",
    "ee": true,
    "tech_change_status": "Not Planned"
   }
  },
  {
   "type": "Feature",
   "geometry": {
    "type": "Point",
    "coordinates": [
     123.62850785,
     -17.30559576
    ]
   },
   "properties": {
    "name": "35 ROWAN STREET DERBY 6728",
    "locID": "LOC000067862494",
    "tech": "FTTN",
    "upgrade": "NULL_NA",
    "gnaf_pid": "GAWA_147011345",
    "ee": true,
    "tech_change_status": "Not Planned"
   }
  },
  {
   "type": "Feature",
   "geometry": {
    "type": "Point",
    "coordinates": [
     123.6286,
     -17.30494
    ]
   },
   "properties": {
    "name": "40 CLARENDON STREET DERBY 6728",
    "locID": "LOC000031502478",
    "tech": "FTTN",
    "upgrade": "NULL_NA",
    "gnaf_pid": "GAWA_147011346",
    "ee": true,
    "tech_change_status": "Not Planned"
   }
  },
  {
   "type": "Feature",
   "geometry": {
    "type": "Point",
    "coordinates": [
     123.62884,
     -17.30508
    ]
   },
   "properties": {
    "name": "44 CLARENDON STREET DERBY 6728",
    "locID": "LOC000037697452",
    "tech": "FTTN",
    "upgrade": "NULL_NA",
    "gnaf_pid": "GAWA_147011347",
    "ee": true,
    "tech_change_status": "Not Planned"
   }
  },
  {
   "type": "Feature",
   "geometry": {
    "type": "Point",
    "coordinates": [
     123.62889,
     -17.30406
    ]
   },
   "properties": {
    "name": "35 CLARENDON STREET DERBY 6728",
    "locID": "LOC000040406934",
    "tech": "FTTN",
    "upgrade": "NULL_NA",
    "gnaf_pid": "GAWA_147011348",
    "ee": true,
    "tech_change_status": "Not Planned"
   }
  },
  {
   "type": "Feature",
   "geometry": {
    "type": "Point",
    "coordinates": [
     123.63066,
     -17.30502
    ]
   },
   "properties": {
    "name": "49 CLARENDON STREET DERBY 6728",
    "locID": "LOC000049290634",
    "tech": "FTTN",
    "upgrade": "NULL_NA",
    "gnaf_pid": "GAWA_147011363",
    "ee": true,
    "tech_change_status": "Not Planned"
   }
  },
  {
   "type": "Feature",
   "geometry": {
    "type": "Point",
    "coordinates": [
     123.63003,
     -17.30444
    ]
   },
   "properties": {
    "name": "11 HARDMAN STREET DERBY 6728",
    "locID": "LOC000174079779",
    "tech": "FTTN",
    "upgrade": "NULL_NA",
    "gnaf_pid": "GAWA_147011364",
    "ee": true,
    "tech_change_status": "Not Planned"
   }
  },
  {
   "type": "Feature",
   "geometry": {
    "type": "Point",
    "coordinates": [
     123.6308,
     -17.30325
    ]
   },
   "properties": {
    "name": "61 LOCH STREET DERBY 6728",
    "locID": "LOC000042507896",
    "tech": "FTTN",
    "upgrade": "NULL_NA",
    "gnaf_pid": "GAWA_147011365",
    "ee": true,
    "tech_change_status": "Not Planned"
   }
  },
  {
   "type": "Feature",
   "geometry": {
    "type": "Point",
    "coordinates": [
     123.63626,
     -17.31864
    ]
   },
   "properties": {
    "name": "5 MCGOVERN WAY DERBY 6728",
    "locID": "LOC000056176024",
    "tech": "FTTN",
    "upgrade": "NULL_NA",
    "gnaf_pid": "GAWA_147011367",
    "ee": true,
    "tech_change_status": "Not Planned"
   }
  },
  {
   "type": "Feature",
   "geometry": {
    "type": "Point",
    "coordinates": [
     123.63646,
     -17.31864
    ]
   },
   "properties": {
    "name": "7 MCGOVERN WAY DERBY 6728",
    "locID": "LOC000102316516",
    "tech": "FTTN",
    "upgrade": "NULL_NA",
    "gnaf_pid": "GAWA_147011368",
    "ee": true,
    "tech_change_status": "Not Planned"
   }
  },
  {
   "type": "Feature",
   "geometry": {
    "type": "Point",
    "coordinates": [
     123.63646,
     -17.31831
    ]
   },
   "properties": {
    "name": "8 BARNETT WAY DERBY 6728",
    "locID": "LOC000098382834",
    "tech": "FTTN",
    "upgrade": "NULL_NA",
    "gnaf_pid": "GAWA_147011369",
    "ee": true,
    "tech_change_status": "Not Planned"
   }
  },
  {
   "type": "Feature",
   "geometry": {
    "type": "Point",
    "coordinates": [
     123.63666,
     -17.31831
    ]
   },
   "properties": {
    "name": "10 BARNETT WAY DERBY 6728",
    "locID": "LOC000065707491",
    "tech": "FTTN",
    "upgrade": "NULL_NA",
    "gnaf_pid": "GAWA_147011370",
    "ee": true,
    "tech_change_status": "Not Planned"
   }
  },
  {
   "type": "Feature",
   "geometry": {
    "type": "Point",
    "coordinates": [
     123.63666,
     -17.31864
    ]
   },
   "properties": {
    "name": "9 MCGOVERN WAY DERBY 6728",
    "locID": "LOC000027839248",
    "tech": "FTTN",
    "upgrade": "NULL_NA",
    "gnaf_pid": "GAWA_147011371",
    "ee": true,
    "tech_change_status": "Not Planned"
   }
  },
  {
   "type": "Feature",
   "geometry": {
    "type": "Point",
    "coordinates": [
     123.63686,
     -17.31864
    ]
   },
   "properties": {
    "name": "11 MCGOVERN WAY DERBY 6728",
    "locID": "LOC000092465154",
    "tech": "FTTN",
    "upgrade": "NULL_NA",
    "gnaf_pid": "GAWA_147011372",
    "ee": true,
    "tech_change_status": "Not Planned"
   }
  },
  {
   "type": "Feature",
   "geometry": {
    "type": "Point",
    "coordinates": [
     123.63706,
     -17.31864
    ]
   },
   "properties": {
    "name": "13 MCGOVERN WAY DERBY 6728",
    "locID": "LOC000102641692",
    "tech": "FTTN",
    "upgrade": "NULL_NA",
    "gnaf_pid": "GAWA_147011374",
    "ee": true,
    "tech_change_status": "Not Planned"
   }
  },
  {
   "type": "Feature",
   "geometry": {
    "type": "Point",
    "coordinates": [
     123.63706,
     -17.31831
    ]
   },
   "properties": {
    "name": "14 BARNETT WAY DERBY 6728",
    "locID": "LOC000091648973",
    "tech": "FTTN",
    "upgrade": "NULL_NA",
    "gnaf_pid": "GAWA_147011375",
    "ee": true,
    "tech_change_status": "Not Planned"
   }
  },
  {
   "type": "Feature",
   "geometry": {
    "type": "Point",
    "coordinates": [
     123.6508,
     -17.32475
    ]
   },
   "properties": {
    "name": "41 FITZROY STREET DERBY 6728",
    "locID": "LOC000055786202",
    "tech": "FTTN",
    "upgrade": "NULL_NA",
    "gnaf_pid": "GAWA_147011402",
    "ee": true,
    "tech_change_status": "Not Planned"
   }
  },
  {
   "type": "Feature",
   "geometry": {
    "type": "Point",
    "coordinates": [
     123.65316,
     -17.32475
    ]
   },
   "properties": {
    "name": "45 FITZROY STREET DERBY 6728",
    "locID": "LOC000043350713",
    "tech": "FTTN",
    "upgrade": "NULL_NA",
    "gnaf_pid": "GAWA_147011404",
    "ee": true,
    "tech_change_status": "Not Planned"
   }
  },
  {
   "type": "Feature",
   "geometry": {
    "type": "Point",
    "coordinates": [
     123.65316,
     -17.32301
    ]
   },
   "properties": {
    "name": "46 GUILDFORD STREET DERBY 6728",
    "locID": "LOC000094570766",
    "tech": "FTTN",
    "upgrade": "NULL_NA",
    "gnaf_pid": "GAWA_147011405",
    "ee": true,
    "tech_change_status": "Not Planned"
   }
  },
  {
   "type": "Feature",
   "geometry": {
    "type": "Point",
    "coordinates": [
     123.65530495,
     -17.3248421
    ]
   },
   "properties": {
    "name": "49 FITZROY STREET DERBY 6728",
    "locID": "LOC000103444111",
    "tech": "FTTN",
    "upgrade": "NULL_NA",
    "gnaf_pid": "GAWA_147011406",
    "ee": true,
    "tech_change_status": "Not Planned"
   }
  },
  {
   "type": "Feature",
   "geometry": {
    "type": "Point",
    "coordinates": [
     123.63579,
     -17.31836
    ]
   },
   "properties": {
    "name": "2 BARNETT WAY DERBY 6728",
    "locID": "LOC000010348587",
    "tech": "FTTN",
    "upgrade": "NULL_NA",
    "gnaf_pid": "GAWA_147011408",
    "ee": true,
    "tech_change_status": "Not Planned"
   }
  },
  {
   "type": "Feature",
   "geometry": {
    "type": "Point",
    "coordinates": [
     123.63587,
     -17.31865
    ]
   },
   "properties": {
    "name": "1 MCGOVERN WAY DERBY 6728",
    "locID": "LOC000076685829",
    "tech": "FTTN",
    "upgrade": "NULL_NA",
    "gnaf_pid": "GAWA_147011409",
    "ee": true,
    "tech_change_status": "Not Planned"
   }
  },
  {
   "type": "Feature",
   "geometry": {
    "type": "Point",
    "coordinates": [
     123.6361,
     -17.32066
    ]
   },
   "properties": {
    "name": "2 YEEDA CLOSE DERBY 6728",
    "locID": "LOC000094244710",
    "tech": "FTTN",
    "upgrade": "NULL_NA",
    "gnaf_pid": "GAWA_147011418",
    "ee": true,
    "tech_change_status": "Not Planned"
   }
  },
  {
   "type": "Feature",
   "geometry": {
    "type": "Point",
    "coordinates": [
     123.6361,
     -17.32162
    ]
   },
   "properties": {
    "name": "139 ROWAN STREET DERBY 6728",
    "locID": "LOC000032892568",
    "tech": "FTTN",
    "upgrade": "NULL_NA",
    "gnaf_pid": "GAWA_147011419",
    "ee": true,
    "tech_change_status": "Not Planned"
   }
  },
  {
   "type": "Feature",
   "geometry": {
    "type": "Point",
    "coordinates": [
     123.63610692,
     -17.32022657
    ]
   },
   "properties": {
    "name": "1 YEEDA CLOSE DERBY 6728",
    "locID": "LOC000048133652",
    "tech": "FTTN",
    "upgrade": "NULL_NA",
    "gnaf_pid": "GAWA_147011420",
    "ee": true,
    "tech_change_status": "Not Planned"
   }
  },
  {
   "type": "Feature",
   "geometry": {
    "type": "Point",
    "coordinates": [
     123.63605,
     -17.31992
    ]
   },
   "properties": {
    "name": "2 BAUHINIA PLACE DERBY 6728",
    "locID": "LOC000029412683",
    "tech": "FTTN",
    "upgrade": "NULL_NA",
    "gnaf_pid": "GAWA_147011421",
    "ee": true,
    "tech_change_status": "Not Planned"
   }
  },
  {
   "type": "Feature",
   "geometry": {
    "type": "Point",
    "coordinates": [
     123.63626,
     -17.3199
    ]
   },
   "properties": {
    "name": "4 BAUHINIA PLACE DERBY 6728",
    "locID": "LOC000092848259",
    "tech": "FTTN",
    "upgrade": "NULL_NA",
    "gnaf_pid": "GAWA_147011422",
    "ee": true,
    "tech_change_status": "Not Planned"
   }
  },
  {
   "type": "Feature",
   "geometry": {
    "type": "Point",
    "coordinates": [
     123.63627,
     -17.31945
    ]
   },
   "properties": {
    "name": "3 BAUHINIA PLACE DERBY 6728",
    "locID": "LOC000002948041",
    "tech": "FTTN",
    "upgrade": "NULL_NA",
    "gnaf_pid": "GAWA_147011423",
    "ee": true,
    "tech_change_status": "Not Planned"
   }
  },
  {
   "type": "Feature",
   "geometry": {
    "type": "Point",
    "coordinates": [
     123.63641,
     -17.32156
    ]
   },
   "properties": {
    "name": "3 MIMOSA STREET DERBY 6728",
    "locID": "LOC000168860176",
    "tech": "FTTN",
    "upgrade": "NULL_NA",
    "gnaf_pid": "GAWA_147011424",
    "ee": true,
    "tech_change_status": "Not Planned"
   }
  },
  {
   "type": "Feature",
   "geometry": {
    "type": "Point",
    "coordinates": [
     123.6364,
     -17.32132
    ]
   },
   "properties": {
    "name": "3 CYCAD COVE DERBY 6728",
    "locID": "LOC000014492422",
    "tech": "FTTN",
    "upgrade": "NULL_NA",
    "gnaf_pid": "GAWA_147011425",
    "ee": true,
    "tech_change_status": "Not Planned"
   }
  },
  {
   "type": "Feature",
   "geometry": {
    "type": "Point",
    "coordinates": [
     123.6364,
     -17.3211
    ]
   },
   "properties": {
    "name": "5 CYCAD COVE DERBY 6728",
    "locID": "LOC000023582335",
    "tech": "FTTN",
    "upgrade": "NULL_NA",
    "gnaf_pid": "GAWA_147011426",
    "ee": true,
    "tech_change_status": "Not Planned"
   }
  },
  {
   "type": "Feature",
   "geometry": {
    "type": "Point",
    "coordinates": [
     123.63643,
     -17.32019
    ]
   },
   "properties": {
    "name": "3 YEEDA CLOSE DERBY 6728",
    "locID": "LOC000102608193",
    "tech": "FTTN",
    "upgrade": "NULL_NA",
    "gnaf_pid": "GAWA_147011427",
    "ee": true,
    "tech_change_status": "Not Planned"
   }
  },
  {
   "type": "Feature",
   "geometry": {
    "type": "Point",
    "coordinates": [
     123.63646,
     -17.32089
    ]
   },
   "properties": {
    "name": "7 CYCAD COVE DERBY 6728",
    "locID": "LOC000107323786",
    "tech": "FTTN",
    "upgrade": "NULL_NA",
    "gnaf_pid": "GAWA_147011428",
    "ee": true,
    "tech_change_status": "Not Planned"
   }
  },
  {
   "type": "Feature",
   "geometry": {
    "type": "Point",
    "coordinates": [
     123.63647,
     -17.31991
    ]
   },
   "properties": {
    "name": "6 BAUHINIA PLACE DERBY 6728",
    "locID": "LOC000020295160",
    "tech": "FTTN",
    "upgrade": "NULL_NA",
    "gnaf_pid": "GAWA_147011429",
    "ee": true,
    "tech_change_status": "Not Planned"
   }
  },
  {
   "type": "Feature",
   "geometry": {
    "type": "Point",
    "coordinates": [
     123.6365,
     -17.31914
    ]
   },
   "properties": {
    "name": "6 MCGOVERN WAY DERBY 6728",
    "locID": "LOC000007889466",
    "tech": "FTTN",
    "upgrade": "NULL_NA",
    "gnaf_pid": "GAWA_147011431",
    "ee": true,
    "tech_change_status": "Not Planned"
   }
  },
  {
   "type": "Feature",
   "geometry": {
    "type": "Point",
    "coordinates": [
     123.63670074,
     -17.32076336
    ]
   },
   "properties": {
    "name": "9 CYCAD COVE DERBY 6728",
    "locID": "LOC000014522766",
    "tech": "FTTN",
    "upgrade": "NULL_NA",
    "gnaf_pid": "GAWA_147011432",
    "ee": true,
    "tech_change_status": "Not Planned"
   }
  },
  {
   "type": "Feature",
   "geometry": {
    "type": "Point",
    "coordinates": [
     123.63673317,
     -17.32021349
    ]
   },
   "properties": {
    "name": "5 YEEDA CLOSE DERBY 6728",
    "locID": "LOC000038874794",
    "tech": "FTTN",
    "upgrade": "NULL_NA",
    "gnaf_pid": "GAWA_147011433",
    "ee": true,
    "tech_change_status": "Not Planned"
   }
  },
  {
   "type": "Feature",
   "geometry": {
    "type": "Point",
    "coordinates": [
     123.63678,
     -17.31991
    ]
   },
   "properties": {
    "name": "8 BAUHINIA PLACE DERBY 6728",
    "locID": "LOC000073826561",
    "tech": "FTTN",
    "upgrade": "NULL_NA",
    "gnaf_pid": "GAWA_147011434",
    "ee": true,
    "tech_change_status": "Not Planned"
   }
  },
  {
   "type": "Feature",
   "geometry": {
    "type": "Point",
    "coordinates": [
     123.63672,
     -17.31945
    ]
   },
   "properties": {
    "name": "7 BAUHINIA PLACE DERBY 6728",
    "locID": "LOC000007871682",
    "tech": "FTTN",
    "upgrade": "NULL_NA",
    "gnaf_pid": "GAWA_147011435",
    "ee": true,
    "tech_change_status": "Not Planned"
   }
  },
  {
   "type": "Feature",
   "geometry": {
    "type": "Point",
    "coordinates": [
     123.63672,
     -17.31914
    ]
   },
   "properties": {
    "name": "8 MCGOVERN WAY DERBY 6728",
    "locID": "LOC000017270504",
    "tech": "FTTN",
    "upgrade": "NULL_NA",
    "gnaf_pid": "GAWA_147011436",
    "ee": true,
    "tech_change_status": "Not Planned"
   }
  },
  {
   "type": "Feature",
   "geometry": {
    "type": "Point",
    "coordinates": [
     123.63694,
     -17.31914
    ]
   },
   "properties": {
    "name": "10 MCGOVERN WAY DERBY 6728",
    "locID": "LOC000012855753",
    "tech": "FTTN",
    "upgrade": "NULL_NA",
    "gnaf_pid": "GAWA_147011438",
    "ee": true,
    "tech_change_status": "Not Planned"
   }
  },
  {
   "type": "Feature",
   "geometry": {
    "type": "Point",
    "coordinates": [
     123.63717,
     -17.31989
    ]
   },
   "properties": {
    "name": "12 BAUHINIA PLACE DERBY 6728",
    "locID": "LOC000030579666",
    "tech": "FTTN",
    "upgrade": "NULL_NA",
    "gnaf_pid": "GAWA_147011439",
    "ee": true,
    "tech_change_status": "Not Planned"
   }
  },
  {
   "type": "Feature",
   "geometry": {
    "type": "Point",
    "coordinates": [
     123.63717,
     -17.31945
    ]
   },
   "properties": {
    "name": "11 BAUHINIA PLACE DERBY 6728",
    "locID": "LOC000074905005",
    "tech": "FTTN",
    "upgrade": "NULL_NA",
    "gnaf_pid": "GAWA_147011440",
    "ee": true,
    "tech_change_status": "Not Planned"
   }
  },
  {
   "type": "Feature",
   "geometry": {
    "type": "Point",
    "coordinates": [
     123.63717,
     -17.31914
    ]
   },
   "properties": {
    "name": "12 MCGOVERN WAY DERBY 6728",
    "locID": "LOC000036625670",
    "tech": "FTTN",
    "upgrade": "NULL_NA",
    "gnaf_pid": "GAWA_147011441",
    "ee": true,
    "tech_change_status": "Not Planned"
   }
  },
  {
   "type": "Feature",
   "geometry": {
    "type": "Point",
    "coordinates": [
     123.63745,
     -17.31942
    ]
   },
   "properties": {
    "name": "13 BAUHINIA PLACE DERBY 6728",
    "locID": "LOC000046867344",
    "tech": "FTTN",
    "upgrade": "NULL_NA",
    "gnaf_pid": "GAWA_147011442",
    "ee": true,
    "tech_change_status": "Not Planned"
   }
  },
  {
   "type": "Feature",
   "geometry": {
    "type": "Point",
    "coordinates": [
     123.63739,
     -17.31914
    ]
   },
   "properties": {
    "name": "14 MCGOVERN WAY DERBY 6728",
    "locID": "LOC000089108656",
    "tech": "FTTN",
    "upgrade": "NULL_NA",
    "gnaf_pid": "GAWA_147011443",
    "ee": true,
    "tech_change_status": "Not Planned"
   }
  },
  {
   "type": "Feature",
   "geometry": {
    "type": "Point",
    "coordinates": [
     123.63761,
     -17.31914
    ]
   },
   "properties": {
    "name": "16 MCGOVERN WAY DERBY 6728",
    "locID": "LOC000021927948",
    "tech": "FTTN",
    "upgrade": "NULL_NA",
    "gnaf_pid": "GAWA_147011444",
    "ee": true,
    "tech_change_status": "Not Planned"
   }
  },
  {
   "type": "Feature",
   "geometry": {
    "type": "Point",
    "coordinates": [
     123.63602,
     -17.31483
    ]
   },
   "properties": {
    "name": "10 OWEN AH CHEE STREET DERBY 6728",
    "locID": "LOC000105812063",
    "tech": "FTTN",
    "upgrade": "NULL_NA",
    "gnaf_pid": "GAWA_147012259",
    "ee": true,
    "tech_change_status": "Not Planned"
   }
  },
  {
   "type": "Feature",
   "geometry": {
    "type": "Point",
    "coordinates": [
     123.63625,
     -17.31516
    ]
   },
   "properties": {
    "name": "9 BLYTHE STREET DERBY 6728",
    "locID": "LOC000012949606",
    "tech": "FTTN",
    "upgrade": "NULL_NA",
    "gnaf_pid": "GAWA_147012260",
    "ee": true,
    "tech_change_status": "Not Planned"
   }
  },
  {
   "type": "Feature",
   "geometry": {
    "type": "Point",
    "coordinates": [
     123.63625,
     -17.31483
    ]
   },
   "properties": {
    "name": "12 OWEN AH CHEE STREET DERBY 6728",
    "locID": "LOC000079623745",
    "tech": "FTTN",
    "upgrade": "NULL_NA",
    "gnaf_pid": "GAWA_147012261",
    "ee": true,
    "tech_change_status": "Not Planned"
   }
  },
  {
   "type": "Feature",
   "geometry": {
    "type": "Point",
    "coordinates": [
     123.63651,
     -17.31484
    ]
   },
   "properties": {
    "name": "14 OWEN AH CHEE STREET DERBY 6728",
    "locID": "LOC000082362918",
    "tech": "FTTN",
    "upgrade": "NULL_NA",
    "gnaf_pid": "GAWA_147012262",
    "ee": true,
    "tech_change_status": "Not Planned"
   }
  },
  {
   "type": "Feature",
   "geometry": {
    "type": "Point",
    "coordinates": [
     123.63651,
     -17.31514
    ]
   },
   "properties": {
    "name": "11 BLYTHE STREET DERBY 6728",
    "locID": "LOC000034403661",
    "tech": "FTTN",
    "upgrade": "NULL_NA",
    "gnaf_pid": "GAWA_147012263",
    "ee": true,
    "tech_change_status": "Not Planned"
   }
  },
  {
   "type": "Feature",
   "geometry": {
    "type": "Point",
    "coordinates": [
     123.63654,
     -17.3139
    ]
   },
   "properties": {
    "name": "16 ARCHER STREET DERBY 6728",
    "locID": "LOC000065740067",
    "tech": "FTTN",
    "upgrade": "NULL_NA",
    "gnaf_pid": "GAWA_147012264",
    "ee": true,
    "tech_change_status": "Not Planned"
   }
  },
  {
   "type": "Feature",
   "geometry": {
    "type": "Point",
    "coordinates": [
     123.63651,
     -17.31415
    ]
   },
   "properties": {
    "name": "3 MACDONALD STREET DERBY 6728",
    "locID": "LOC000022769956",
    "tech": "FTTN",
    "upgrade": "NULL_NA",
    "gnaf_pid": "GAWA_147012265",
    "ee": true,
    "tech_change_status": "Not Planned"
   }
  },
  {
   "type": "Feature",
   "geometry": {
    "type": "Point",
    "coordinates": [
     123.63666,
     -17.31426
    ]
   },
   "properties": {
    "name": "13 OWEN AH CHEE STREET DERBY 6728",
    "locID": "LOC000094737238",
    "tech": "FTTN",
    "upgrade": "NULL_NA",
    "gnaf_pid": "GAWA_147012266",
    "ee": true,
    "tech_change_status": "Not Planned"
   }
  },
  {
   "type": "Feature",
   "geometry": {
    "type": "Point",
    "coordinates": [
     123.63682,
     -17.31393
    ]
   },
   "properties": {
    "name": "18 ARCHER STREET DERBY 6728",
    "locID": "LOC000021176739",
    "tech": "FTTN",
    "upgrade": "NULL_NA",
    "gnaf_pid": "GAWA_147012267",
    "ee": true,
    "tech_change_status": "Not Planned"
   }
  },
  {
   "type": "Feature",
   "geometry": {
    "type": "Point",
    "coordinates": [
     123.63911112,
     -17.30960567
    ]
   },
   "properties": {
    "name": "42 DELEWARR STREET DERBY 6728",
    "locID": "LOC000073248435",
    "tech": "FTTN",
    "upgrade": "NULL_NA",
    "gnaf_pid": "GAWA_147012815",
    "ee": true,
    "tech_change_status": "Not Planned"
   }
  },
  {
   "type": "Feature",
   "geometry": {
    "type": "Point",
    "coordinates": [
     123.63917,
     -17.31215
    ]
   },
   "properties": {
    "name": "10 HANSON STREET DERBY 6728",
    "locID": "LOC000029715964",
    "tech": "FTTN",
    "upgrade": "NULL_NA",
    "gnaf_pid": "GAWA_147012816",
    "ee": true,
    "tech_change_status": "Not Planned"
   }
  },
  {
   "type": "Feature",
   "geometry": {
    "type": "Point",
    "coordinates": [
     123.63917,
     -17.31126
    ]
   },
   "properties": {
    "name": "36 KNOWSLEY STREET WEST DERBY 6728",
    "locID": "LOC000090214916",
    "tech": "FTTN",
    "upgrade": "NULL_NA",
    "gnaf_pid": "GAWA_147012817",
    "ee": true,
    "tech_change_status": "Not Planned"
   }
  },
  {
   "type": "Feature",
   "geometry": {
    "type": "Point",
    "coordinates": [
     123.63932,
     -17.31246
    ]
   },
   "properties": {
    "name": "9 ALFONSAS STREET DERBY 6728",
    "locID": "LOC000065183122",
    "tech": "FTTN",
    "upgrade": "NULL_NA",
    "gnaf_pid": "GAWA_147012818",
    "ee": true,
    "tech_change_status": "Not Planned"
   }
  },
  {
   "type": "Feature",
   "geometry": {
    "type": "Point",
    "coordinates": [
     123.63932,
     -17.31156
    ]
   },
   "properties": {
    "name": "9 HANSON STREET DERBY 6728",
    "locID": "LOC000071577727",
    "tech": "FTTN",
    "upgrade": "NULL_NA",
    "gnaf_pid": "GAWA_147012819",
    "ee": true,
    "tech_change_status": "Not Planned"
   }
  },
  {
   "type": "Feature",
   "geometry": {
    "type": "Point",
    "coordinates": [
     123.63933226,
     -17.31043525
    ]
   },
   "properties": {
    "name": "55 KNOWSLEY STREET WEST DERBY 6728",
    "locID": "LOC000071256943",
    "tech": "FTTN",
    "upgrade": "NULL_NA",
    "gnaf_pid": "GAWA_147012820",
    "ee": true,
    "tech_change_status": "Not Planned"
   }
  },
  {
   "type": "Feature",
   "geometry": {
    "type": "Point",
    "coordinates": [
     123.63958063,
     -17.30982923
    ]
   },
   "properties": {
    "name": "50 DELEWARR STREET DERBY 6728",
    "locID": "LOC000147461316",
    "tech": "FTTN",
    "upgrade": "NULL_NA",
    "gnaf_pid": "GAWA_147012821",
    "ee": true,
    "tech_change_status": "Not Planned"
   }
  },
  {
   "type": "Feature",
   "geometry": {
    "type": "Point",
    "coordinates": [
     123.63975,
     -17.31124
    ]
   },
   "properties": {
    "name": "40 KNOWSLEY STREET WEST DERBY 6728",
    "locID": "LOC000054607932",
    "tech": "FTTN",
    "upgrade": "NULL_NA",
    "gnaf_pid": "GAWA_147012823",
    "ee": true,
    "tech_change_status": "Not Planned"
   }
  },
  {
   "type": "Feature",
   "geometry": {
    "type": "Point",
    "coordinates": [
     123.63983,
     -17.31043
    ]
   },
   "properties": {
    "name": "63 KNOWSLEY STREET WEST DERBY 6728",
    "locID": "LOC000097003655",
    "tech": "FTTN",
    "upgrade": "NULL_NA",
    "gnaf_pid": "GAWA_147012824",
    "ee": true,
    "tech_change_status": "Not Planned"
   }
  },
  {
   "type": "Feature",
   "geometry": {
    "type": "Point",
    "coordinates": [
     123.63985,
     -17.3124
    ]
   },
   "properties": {
    "name": "24 ASHLEY STREET DERBY 6728",
    "locID": "LOC000027983054",
    "tech": "FTTN",
    "upgrade": "NULL_NA",
    "gnaf_pid": "GAWA_147012825",
    "ee": true,
    "tech_change_status": "Not Planned"
   }
  },
  {
   "type": "Feature",
   "geometry": {
    "type": "Point",
    "coordinates": [
     123.63985154,
     -17.31151058
    ]
   },
   "properties": {
    "name": "20 ASHLEY STREET DERBY 6728",
    "locID": "LOC000007876296",
    "tech": "FTTN",
    "upgrade": "NULL_NA",
    "gnaf_pid": "GAWA_147012826",
    "ee": true,
    "tech_change_status": "Not Planned"
   }
  },
  {
   "type": "Feature",
   "geometry": {
    "type": "Point",
    "coordinates": [
     123.64052,
     -17.31221
    ]
   },
   "properties": {
    "name": "25 ASHLEY STREET DERBY 6728",
    "locID": "LOC000017202940",
    "tech": "FTTN",
    "upgrade": "NULL_NA",
    "gnaf_pid": "GAWA_147012827",
    "ee": true,
    "tech_change_status": "Not Planned"
   }
  },
  {
   "type": "Feature",
   "geometry": {
    "type": "Point",
    "coordinates": [
     123.64049,
     -17.31201
    ]
   },
   "properties": {
    "name": "23 ASHLEY STREET DERBY 6728",
    "locID": "LOC000092912916",
    "tech": "FTTN",
    "upgrade": "NULL_NA",
    "gnaf_pid": "GAWA_147012828",
    "ee": true,
    "tech_change_status": "Not Planned"
   }
  },
  {
   "type": "Feature",
   "geometry": {
    "type": "Point",
    "coordinates": [
     123.6405,
     -17.31175
    ]
   },
   "properties": {
    "name": "21 ASHLEY STREET DERBY 6728",
    "locID": "LOC000084082269",
    "tech": "FTTN",
    "upgrade": "NULL_NA",
    "gnaf_pid": "GAWA_147012829",
    "ee": true,
    "tech_change_status": "Not Planned"
   }
  },
  {
   "type": "Feature",
   "geometry": {
    "type": "Point",
    "coordinates": [
     123.64050851,
     -17.31148844
    ]
   },
   "properties": {
    "name": "19 ASHLEY STREET DERBY 6728",
    "locID": "LOC000065770351",
    "tech": "FTTN",
    "upgrade": "NULL_NA",
    "gnaf_pid": "GAWA_147012830",
    "ee": true,
    "tech_change_status": "Not Planned"
   }
  },
  {
   "type": "Feature",
   "geometry": {
    "type": "Point",
    "coordinates": [
     123.64068,
     -17.3109
    ]
   },
   "properties": {
    "name": "11 HOLMAN STREET DERBY 6728",
    "locID": "LOC000021876530",
    "tech": "FTTN",
    "upgrade": "NULL_NA",
    "gnaf_pid": "GAWA_147012831",
    "ee": true,
    "tech_change_status": "Not Planned"
   }
  },
  {
   "type": "Feature",
   "geometry": {
    "type": "Point",
    "coordinates": [
     123.6405,
     -17.31066
    ]
   },
   "properties": {
    "name": "11 ASHLEY STREET DERBY 6728",
    "locID": "LOC000022770957",
    "tech": "FTTN",
    "upgrade": "NULL_NA",
    "gnaf_pid": "GAWA_147012832",
    "ee": true,
    "tech_change_status": "Not Planned"
   }
  },
  {
   "type": "Feature",
   "geometry": {
    "type": "Point",
    "coordinates": [
     123.64050258,
     -17.31038414
    ]
   },
   "properties": {
    "name": "9 ASHLEY STREET DERBY 6728",
    "locID": "LOC000003667052",
    "tech": "FTTN",
    "upgrade": "NULL_NA",
    "gnaf_pid": "GAWA_147012833",
    "ee": true,
    "tech_change_status": "Not Planned"
   }
  },
  {
   "type": "Feature",
   "geometry": {
    "type": "Point",
    "coordinates": [
     123.64051,
     -17.30971
    ]
   },
   "properties": {
    "name": "5 ASHLEY STREET DERBY 6728",
    "locID": "LOC000031472630",
    "tech": "FTTN",
    "upgrade": "NULL_NA",
    "gnaf_pid": "GAWA_147012834",
    "ee": true,
    "tech_change_status": "Not Planned"
   }
  },
  {
   "type": "Feature",
   "geometry": {
    "type": "Point",
    "coordinates": [
     123.64201,
     -17.30997
    ]
   },
   "properties": {
    "name": "104 LOCH STREET DERBY 6728",
    "locID": "LOC000093055314",
    "tech": "FTTN",
    "upgrade": "NULL_NA",
    "gnaf_pid": "GAWA_147012990",
    "ee": true,
    "tech_change_status": "Not Planned"
   }
  },
  {
   "type": "Feature",
   "geometry": {
    "type": "Point",
    "coordinates": [
     123.64172,
     -17.31058
    ]
   },
   "properties": {
    "name": "5 KNOWSLEY STREET EAST DERBY 6728",
    "locID": "LOC000042262484",
    "tech": "FTTN",
    "upgrade": "NULL_NA",
    "gnaf_pid": "GAWA_147012991",
    "ee": true,
    "tech_change_status": "Not Planned"
   }
  },
  {
   "type": "Feature",
   "geometry": {
    "type": "Point",
    "coordinates": [
     123.64192,
     -17.31058
    ]
   },
   "properties": {
    "name": "7 KNOWSLEY STREET EAST DERBY 6728",
    "locID": "LOC000012898627",
    "tech": "FTTN",
    "upgrade": "NULL_NA",
    "gnaf_pid": "GAWA_147012992",
    "ee": true,
    "tech_change_status": "Not Planned"
   }
  },
  {
   "type": "Feature",
   "geometry": {
    "type": "Point",
    "coordinates": [
     123.64213,
     -17.31058
    ]
   },
   "properties": {
    "name": "9 KNOWSLEY STREET EAST DERBY 6728",
    "locID": "LOC000066168962",
    "tech": "FTTN",
    "upgrade": "NULL_NA",
    "gnaf_pid": "GAWA_147012993",
    "ee": true,
    "tech_change_status": "Not Planned"
   }
  },
  {
   "type": "Feature",
   "geometry": {
    "type": "Point",
    "coordinates": [
     123.64234,
     -17.31058
    ]
   },
   "properties": {
    "name": "11 KNOWSLEY STREET EAST DERBY 6728",
    "locID": "LOC000100904215",
    "tech": "FTTN",
    "upgrade": "NULL_NA",
    "gnaf_pid": "GAWA_147012994",
    "ee": true,
    "tech_change_status": "Not Planned"
   }
  },
  {
   "type": "Feature",
   "geometry": {
    "type": "Point",
    "coordinates": [
     123.64254,
     -17.31058
    ]
   },
   "properties": {
    "name": "13 KNOWSLEY STREET EAST DERBY 6728",
    "locID": "LOC000018995578",
    "tech": "FTTN",
    "upgrade": "NULL_NA",
    "gnaf_pid": "GAWA_147012995",
    "ee": true,
    "tech_change_status": "Not Planned"
   }
  },
  {
   "type": "Feature",
   "geometry": {
    "type": "Point",
    "coordinates": [
     123.64287,
     -17.31059
    ]
   },
   "properties": {
    "name": "15 KNOWSLEY STREET EAST DERBY 6728",
    "locID": "LOC000002176579",
    "tech": "FTTN",
    "upgrade": "NULL_NA",
    "gnaf_pid": "GAWA_147012997",
    "ee": true,
    "tech_change_status": "Not Planned"
   }
  },
  {
   "type": "Feature",
   "geometry": {
    "type": "Point",
    "coordinates": [
     123.64313,
     -17.31056
    ]
   },
   "properties": {
    "name": "17 KNOWSLEY STREET EAST DERBY 6728",
    "locID": "LOC000061583021",
    "tech": "FTTN",
    "upgrade": "NULL_NA",
    "gnaf_pid": "GAWA_147012998",
    "ee": true,
    "tech_change_status": "Not Planned"
   }
  },
  {
   "type": "Feature",
   "geometry": {
    "type": "Point",
    "coordinates": [
     123.64132,
     -17.31216
    ]
   },
   "properties": {
    "name": "2 HOLMAN STREET DERBY 6728",
    "locID": "LOC000035424092",
    "tech": "FTTN",
    "upgrade": "NULL_NA",
    "gnaf_pid": "GAWA_147012999",
    "ee": true,
    "tech_change_status": "Not Planned"
   }
  },
  {
   "type": "Feature",
   "geometry": {
    "type": "Point",
    "coordinates": [
     123.64156,
     -17.31123
    ]
   },
   "properties": {
    "name": "2 KNOWSLEY STREET EAST DERBY 6728",
    "locID": "LOC000175638344",
    "tech": "FTTN",
    "upgrade": "NULL_NA",
    "gnaf_pid": "GAWA_147013000",
    "ee": true,
    "tech_change_status": "Not Planned"
   }
  },
  {
   "type": "Feature",
   "geometry": {
    "type": "Point",
    "coordinates": [
     123.64132,
     -17.31188
    ]
   },
   "properties": {
    "name": "2 TOWER PLACE DERBY 6728",
    "locID": "LOC000107523958",
    "tech": "FTTN",
    "upgrade": "NULL_NA",
    "gnaf_pid": "GAWA_147013001",
    "ee": true,
    "tech_change_status": "Not Planned"
   }
  },
  {
   "type": "Feature",
   "geometry": {
    "type": "Point",
    "coordinates": [
     123.64156,
     -17.31217
    ]
   },
   "properties": {
    "name": "7 WODEHOUSE STREET DERBY 6728",
    "locID": "LOC000042579435",
    "tech": "FTTN",
    "upgrade": "NULL_NA",
    "gnaf_pid": "GAWA_147013002",
    "ee": true,
    "tech_change_status": "Not Planned"
   }
  },
  {
   "type": "Feature",
   "geometry": {
    "type": "Point",
    "coordinates": [
     123.64156,
     -17.31186
    ]
   },
   "properties": {
    "name": "4 TOWER PLACE DERBY 6728",
    "locID": "LOC000021939243",
    "tech": "FTTN",
    "upgrade": "NULL_NA",
    "gnaf_pid": "GAWA_147013003",
    "ee": true,
    "tech_change_status": "Not Planned"
   }
  },
  {
   "type": "Feature",
   "geometry": {
    "type": "Point",
    "coordinates": [
     123.64179,
     -17.31217
    ]
   },
   "properties": {
    "name": "9 WODEHOUSE STREET DERBY 6728",
    "locID": "LOC000102529118",
    "tech": "FTTN",
    "upgrade": "NULL_NA",
    "gnaf_pid": "GAWA_147013048",
    "ee": true,
    "tech_change_status": "Not Planned"
   }
  },
  {
   "type": "Feature",
   "geometry": {
    "type": "Point",
    "coordinates": [
     123.64179,
     -17.31187
    ]
   },
   "properties": {
    "name": "6 TOWER PLACE DERBY 6728",
    "locID": "LOC000088420176",
    "tech": "FTTN",
    "upgrade": "NULL_NA",
    "gnaf_pid": "GAWA_147013049",
    "ee": true,
    "tech_change_status": "Not Planned"
   }
  },
  {
   "type": "Feature",
   "geometry": {
    "type": "Point",
    "coordinates": [
     123.62624,
     -17.30168
    ]
   },
   "properties": {
    "name": "8 LOCH STREET DERBY 6728",
    "locID": "LOC000036649278",
    "tech": "FTTN",
    "upgrade": "NULL_NA",
    "gnaf_pid": "GAWA_147013188",
    "ee": true,
    "tech_change_status": "Not Planned"
   }
  },
  {
   "type": "Feature",
   "geometry": {
    "type": "Point",
    "coordinates": [
     123.64606,
     -17.31141
    ]
   },
   "properties": {
    "name": "30 KNOWSLEY STREET EAST DERBY 6728",
    "locID": "LOC000059871769",
    "tech": "FTTN",
    "upgrade": "NULL_NA",
    "gnaf_pid": "GAWA_147014256",
    "ee": true,
    "tech_change_status": "Not Planned"
   }
  },
  {
   "type": "Feature",
   "geometry": {
    "type": "Point",
    "coordinates": [
     123.64635,
     -17.31141
    ]
   },
   "properties": {
    "name": "34 KNOWSLEY STREET EAST DERBY 6728",
    "locID": "LOC000045088177",
    "tech": "FTTN",
    "upgrade": "NULL_NA",
    "gnaf_pid": "GAWA_147014258",
    "ee": true,
    "tech_change_status": "Not Planned"
   }
  },
  {
   "type": "Feature",
   "geometry": {
    "type": "Point",
    "coordinates": [
     123.64635,
     -17.31202
    ]
   },
   "properties": {
    "name": "37 WODEHOUSE STREET DERBY 6728",
    "locID": "LOC000060103506",
    "tech": "FTTN",
    "upgrade": "NULL_NA",
    "gnaf_pid": "GAWA_147014259",
    "ee": true,
    "tech_change_status": "Not Planned"
   }
  },
  {
   "type": "Feature",
   "geometry": {
    "type": "Point",
    "coordinates": [
     123.62773,
     -17.30143
    ]
   },
   "properties": {
    "name": "27 LOCH STREET DERBY 6728",
    "locID": "LOC000002195724",
    "tech": "FTTN",
    "upgrade": "NULL_NA",
    "gnaf_pid": "GAWA_147014421",
    "ee": true,
    "tech_change_status": "Not Planned"
   }
  },
  {
   "type": "Feature",
   "geometry": {
    "type": "Point",
    "coordinates": [
     123.62797,
     -17.30158
    ]
   },
   "properties": {
    "name": "31 LOCH STREET DERBY 6728",
    "locID": "LOC000021976218",
    "tech": "FTTN",
    "upgrade": "NULL_NA",
    "gnaf_pid": "GAWA_147014423",
    "ee": true,
    "tech_change_status": "Not Planned"
   }
  },
  {
   "type": "Feature",
   "geometry": {
    "type": "Point",
    "coordinates": [
     123.62806,
     -17.30092
    ]
   },
   "properties": {
    "name": "24 VILLIERS STREET DERBY 6728",
    "locID": "LOC000021170920",
    "tech": "FTTN",
    "upgrade": "NULL_NA",
    "gnaf_pid": "GAWA_147014424",
    "ee": true,
    "tech_change_status": "Not Planned"
   }
  },
  {
   "type": "Feature",
   "geometry": {
    "type": "Point",
    "coordinates": [
     123.64369,
     -17.32301
    ]
   },
   "properties": {
    "name": "12 GUILDFORD STREET DERBY 6728",
    "locID": "LOC000039138986",
    "tech": "FTTN",
    "upgrade": "NULL_NA",
    "gnaf_pid": "GAWA_147014461",
    "ee": true,
    "tech_change_status": "Not Planned"
   }
  },
  {
   "type": "Feature",
   "geometry": {
    "type": "Point",
    "coordinates": [
     123.64606,
     -17.32475
    ]
   },
   "properties": {
    "name": "21 FITZROY STREET DERBY 6728",
    "locID": "LOC000002212736",
    "tech": "FTTN",
    "upgrade": "NULL_NA",
    "gnaf_pid": "GAWA_147014463",
    "ee": true,
    "tech_change_status": "Not Planned"
   }
  },
  {
   "type": "Feature",
   "geometry": {
    "type": "Point",
    "coordinates": [
     123.64569449,
     -17.32230159
    ]
   },
   "properties": {
    "name": "22 GUILDFORD STREET DERBY 6728",
    "locID": "LOC000014421226",
    "tech": "FTTN",
    "upgrade": "NULL_NA",
    "gnaf_pid": "GAWA_147014464",
    "ee": true,
    "tech_change_status": "Not Planned"
   }
  },
  {
   "type": "Feature",
   "geometry": {
    "type": "Point",
    "coordinates": [
     123.64843,
     -17.32475
    ]
   },
   "properties": {
    "name": "31 FITZROY STREET DERBY 6728",
    "locID": "LOC000075163095",
    "tech": "FTTN",
    "upgrade": "NULL_NA",
    "gnaf_pid": "GAWA_147014468",
    "ee": true,
    "tech_change_status": "Not Planned"
   }
  },
  {
   "type": "Feature",
   "geometry": {
    "type": "Point",
    "coordinates": [
     123.64843,
     -17.32301
    ]
   },
   "properties": {
    "name": "32 GUILDFORD STREET DERBY 6728",
    "locID": "LOC000103299629",
    "tech": "NULL",
    "upgrade": "NULL_NA",
    "gnaf_pid": "GAWA_147014469",
    "ee": true,
    "tech_change_status": "Not Planned"
   }
  },
  {
   "type": "Feature",
   "geometry": {
    "type": "Point",
    "coordinates": [
     123.63786,
     -17.31831
    ]
   },
   "properties": {
    "name": "22 BARNETT WAY DERBY 6728",
    "locID": "LOC000014568401",
    "tech": "FTTN",
    "upgrade": "NULL_NA",
    "gnaf_pid": "GAWA_147016070",
    "ee": true,
    "tech_change_status": "Not Planned"
   }
  },
  {
   "type": "Feature",
   "geometry": {
    "type": "Point",
    "coordinates": [
     123.63823,
     -17.31864
    ]
   },
   "properties": {
    "name": "23 MCGOVERN WAY DERBY 6728",
    "locID": "LOC000011549834",
    "tech": "FTTN",
    "upgrade": "NULL_NA",
    "gnaf_pid": "GAWA_147016073",
    "ee": true,
    "tech_change_status": "Not Planned"
   }
  },
  {
   "type": "Feature",
   "geometry": {
    "type": "Point",
    "coordinates": [
     123.63823,
     -17.31831
    ]
   },
   "properties": {
    "name": "24 BARNETT WAY DERBY 6728",
    "locID": "LOC000034484926",
    "tech": "FTTN",
    "upgrade": "NULL_NA",
    "gnaf_pid": "GAWA_147016074",
    "ee": true,
    "tech_change_status": "Not Planned"
   }
  },
  {
   "type": "Feature",
   "geometry": {
    "type": "Point",
    "coordinates": [
     123.63846,
     -17.31864
    ]
   },
   "properties": {
    "name": "25 MCGOVERN WAY DERBY 6728",
    "locID": "LOC000101998151",
    "tech": "FTTN",
    "upgrade": "NULL_NA",
    "gnaf_pid": "GAWA_147016075",
    "ee": true,
    "tech_change_status": "Not Planned"
   }
  },
  {
   "type": "Feature",
   "geometry": {
    "type": "Point",
    "coordinates": [
     123.63846,
     -17.31831
    ]
   },
   "properties": {
    "name": "26 BARNETT WAY DERBY 6728",
    "locID": "LOC000031074779",
    "tech": "FTTN",
    "upgrade": "NULL_NA",
    "gnaf_pid": "GAWA_147016076",
    "ee": true,
    "tech_change_status": "Not Planned"
   }
  },
  {
   "type": "Feature",
   "geometry": {
    "type": "Point",
    "coordinates": [
     123.64926,
     -17.31534
    ]
   },
   "properties": {
    "name": "6 LE LIEVRE STREET DERBY 6728",
    "locID": "LOC000017306800",
    "tech": "FTTN",
    "upgrade": "NULL_NA",
    "gnaf_pid": "GAWA_147017135",
    "ee": true,
    "tech_change_status": "Not Planned"
   }
  },
  {
   "type": "Feature",
   "geometry": {
    "type": "Point",
    "coordinates": [
     123.64872469,
     -17.3120158
    ]
   },
   "properties": {
    "name": "61 WODEHOUSE STREET DERBY 6728",
    "locID": "LOC000076714445",
    "tech": "FTTN",
    "upgrade": "NULL_NA",
    "gnaf_pid": "GAWA_147017136",
    "ee": true,
    "tech_change_status": "Not Planned"
   }
  },
  {
   "type": "Feature",
   "geometry": {
    "type": "Point",
    "coordinates": [
     123.6491,
     -17.31745
    ]
   },
   "properties": {
    "name": "11 MILLARD STREET DERBY 6728",
    "locID": "LOC000056704027",
    "tech": "FTTN",
    "upgrade": "NULL_NA",
    "gnaf_pid": "GAWA_147017138",
    "ee": true,
    "tech_change_status": "Not Planned"
   }
  },
  {
   "type": "Feature",
   "geometry": {
    "type": "Point",
    "coordinates": [
     123.64897,
     -17.31149
    ]
   },
   "properties": {
    "name": "62 KNOWSLEY STREET EAST DERBY 6728",
    "locID": "LOC000006256729",
    "tech": "FTTN",
    "upgrade": "NULL_NA",
    "gnaf_pid": "GAWA_147017139",
    "ee": true,
    "tech_change_status": "Not Planned"
   }
  },
  {
   "type": "Feature",
   "geometry": {
    "type": "Point",
    "coordinates": [
     123.64912926,
     -17.31211322
    ]
   },
   "properties": {
    "name": "65 WODEHOUSE STREET DERBY 6728",
    "locID": "LOC000168951852",
    "tech": "FTTN",
    "upgrade": "NULL_NA",
    "gnaf_pid": "GAWA_147017140",
    "ee": true,
    "tech_change_status": "Not Planned"
   }
  },
  {
   "type": "Feature",
   "geometry": {
    "type": "Point",
    "coordinates": [
     123.63695,
     -17.31423
    ]
   },
   "properties": {
    "name": "15 OWEN AH CHEE STREET DERBY 6728",
    "locID": "LOC000058026157",
    "tech": "FTTN",
    "upgrade": "NULL_NA",
    "gnaf_pid": "GAWA_147017142",
    "ee": true,
    "tech_change_status": "Not Planned"
   }
  },
  {
   "type": "Feature",
   "geometry": {
    "type": "Point",
    "coordinates": [
     123.63711,
     -17.31438
    ]
   },
   "properties": {
    "name": "17 OWEN AH CHEE STREET DERBY 6728",
    "locID": "LOC000008769639",
    "tech": "FTTN",
    "upgrade": "NULL_NA",
    "gnaf_pid": "GAWA_147017143",
    "ee": true,
    "tech_change_status": "Not Planned"
   }
  },
  {
   "type": "Feature",
   "geometry": {
    "type": "Point",
    "coordinates": [
     123.63711,
     -17.31466
    ]
   },
   "properties": {
    "name": "19 OWEN AH CHEE STREET DERBY 6728",
    "locID": "LOC000066230619",
    "tech": "FTTN",
    "upgrade": "NULL_NA",
    "gnaf_pid": "GAWA_147017144",
    "ee": true,
    "tech_change_status": "Not Planned"
   }
  },
  {
   "type": "Feature",
   "geometry": {
    "type": "Point",
    "coordinates": [
     123.63709,
     -17.3149
    ]
   },
   "properties": {
    "name": "21 OWEN AH CHEE STREET DERBY 6728",
    "locID": "LOC000087417954",
    "tech": "FTTN",
    "upgrade": "NULL_NA",
    "gnaf_pid": "GAWA_147017145",
    "ee": true,
    "tech_change_status": "Not Planned"
   }
  },
  {
   "type": "Feature",
   "geometry": {
    "type": "Point",
    "coordinates": [
     123.63707,
     -17.31515
    ]
   },
   "properties": {
    "name": "13 BLYTHE STREET DERBY 6728",
    "locID": "LOC000031128768",
    "tech": "FTTN",
    "upgrade": "NULL_NA",
    "gnaf_pid": "GAWA_147017146",
    "ee": true,
    "tech_change_status": "Not Planned"
   }
  },
  {
   "type": "Feature",
   "geometry": {
    "type": "Point",
    "coordinates": [
     123.63705,
     -17.31393
    ]
   },
   "properties": {
    "name": "20 ARCHER STREET DERBY 6728",
    "locID": "LOC000055924629",
    "tech": "FTTN",
    "upgrade": "NULL_NA",
    "gnaf_pid": "GAWA_147017147",
    "ee": true,
    "tech_change_status": "Not Planned"
   }
  },
  {
   "type": "Feature",
   "geometry": {
    "type": "Point",
    "coordinates": [
     123.63739,
     -17.3152
    ]
   },
   "properties": {
    "name": "15 BLYTHE STREET DERBY 6728",
    "locID": "LOC000079798582",
    "tech": "FTTN",
    "upgrade": "NULL_NA",
    "gnaf_pid": "GAWA_147017148",
    "ee": true,
    "tech_change_status": "Not Planned"
   }
  },
  {
   "type": "Feature",
   "geometry": {
    "type": "Point",
    "coordinates": [
     123.63731,
     -17.3139
    ]
   },
   "properties": {
    "name": "22 ARCHER STREET DERBY 6728",
    "locID": "LOC000103755597",
    "tech": "FTTN",
    "upgrade": "NULL_NA",
    "gnaf_pid": "GAWA_147017149",
    "ee": true,
    "tech_change_status": "Not Planned"
   }
  },
  {
   "type": "Feature",
   "geometry": {
    "type": "Point",
    "coordinates": [
     123.63745,
     -17.31403
    ]
   },
   "properties": {
    "name": "26 HEYTESBURY STREET DERBY 6728",
    "locID": "LOC000029490515",
    "tech": "FTTN",
    "upgrade": "NULL_NA",
    "gnaf_pid": "GAWA_147017150",
    "ee": true,
    "tech_change_status": "Not Planned"
   }
  },
  {
   "type": "Feature",
   "geometry": {
    "type": "Point",
    "coordinates": [
     123.63742,
     -17.31496
    ]
   },
   "properties": {
    "name": "34 HEYTESBURY STREET DERBY 6728",
    "locID": "LOC000067753021",
    "tech": "FTTN",
    "upgrade": "NULL_NA",
    "gnaf_pid": "GAWA_147017151",
    "ee": true,
    "tech_change_status": "Not Planned"
   }
  },
  {
   "type": "Feature",
   "geometry": {
    "type": "Point",
    "coordinates": [
     123.6354635,
     -17.31612667
    ]
   },
   "properties": {
    "name": "1 KUNAMARRA STREET DERBY 6728",
    "locID": "LOC000003662984",
    "tech": "FTTN",
    "upgrade": "NULL_NA",
    "gnaf_pid": "GAWA_147017154",
    "ee": true,
    "tech_change_status": "Not Planned"
   }
  },
  {
   "type": "Feature",
   "geometry": {
    "type": "Point",
    "coordinates": [
     123.63546,
     -17.31666
    ]
   },
   "properties": {
    "name": "2 KUNAMARRA STREET DERBY 6728",
    "locID": "LOC000098120878",
    "tech": "FTTN",
    "upgrade": "NULL_NA",
    "gnaf_pid": "GAWA_147017155",
    "ee": true,
    "tech_change_status": "Not Planned"
   }
  },
  {
   "type": "Feature",
   "geometry": {
    "type": "Point",
    "coordinates": [
     123.63552,
     -17.31583
    ]
   },
   "properties": {
    "name": "2 BLYTHE STREET DERBY 6728",
    "locID": "LOC000064143388",
    "tech": "FTTN",
    "upgrade": "NULL_NA",
    "gnaf_pid": "GAWA_147017156",
    "ee": true,
    "tech_change_status": "Not Planned"
   }
  },
  {
   "type": "Feature",
   "geometry": {
    "type": "Point",
    "coordinates": [
     123.63567,
     -17.31613
    ]
   },
   "properties": {
    "name": "3 KUNAMARRA STREET DERBY 6728",
    "locID": "LOC000048255271",
    "tech": "FTTN",
    "upgrade": "NULL_NA",
    "gnaf_pid": "GAWA_147017157",
    "ee": true,
    "tech_change_status": "Not Planned"
   }
  },
  {
   "type": "Feature",
   "geometry": {
    "type": "Point",
    "coordinates": [
     123.63567,
     -17.31698
    ]
   },
   "properties": {
    "name": "3 BAOBAB STREET DERBY 6728",
    "locID": "LOC000058314923",
    "tech": "FTTN",
    "upgrade": "NULL_NA",
    "gnaf_pid": "GAWA_147017158",
    "ee": true,
    "tech_change_status": "Not Planned"
   }
  },
  {
   "type": "Feature",
   "geometry": {
    "type": "Point",
    "coordinates": [
     123.63567,
     -17.31666
    ]
   },
   "properties": {
    "name": "4 KUNAMARRA STREET DERBY 6728",
    "locID": "LOC000066244080",
    "tech": "FTTN",
    "upgrade": "NULL_NA",
    "gnaf_pid": "GAWA_147017159",
    "ee": true,
    "tech_change_status": "Not Planned"
   }
  },
  {
   "type": "Feature",
   "geometry": {
    "type": "Point",
    "coordinates": [
     123.63576,
     -17.31577
    ]
   },
   "properties": {
    "name": "4 BLYTHE STREET DERBY 6728",
    "locID": "LOC000025649137",
    "tech": "FTTN",
    "upgrade": "NULL_NA",
    "gnaf_pid": "GAWA_147017160",
    "ee": true,
    "tech_change_status": "Not Planned"
   }
  },
  {
   "type": "Feature",
   "geometry": {
    "type": "Point",
    "coordinates": [
     123.63587,
     -17.31666
    ]
   },
   "properties": {
    "name": "6 KUNAMARRA STREET DERBY 6728",
    "locID": "LOC000013715042",
    "tech": "FTTN",
    "upgrade": "NULL_NA",
    "gnaf_pid": "GAWA_147017161",
    "ee": true,
    "tech_change_status": "Not Planned"
   }
  },
  {
   "type": "Feature",
   "geometry": {
    "type": "Point",
    "coordinates": [
     123.63587,
     -17.31698
    ]
   },
   "properties": {
    "name": "5 BAOBAB STREET DERBY 6728",
    "locID": "LOC000069452993",
    "tech": "FTTN",
    "upgrade": "NULL_NA",
    "gnaf_pid": "GAWA_147017162",
    "ee": true,
    "tech_change_status": "Not Planned"
   }
  },
  {
   "type": "Feature",
   "geometry": {
    "type": "Point",
    "coordinates": [
     123.63587,
     -17.31613
    ]
   },
   "properties": {
    "name": "5 KUNAMARRA STREET DERBY 6728",
    "locID": "LOC000105024477",
    "tech": "FTTN",
    "upgrade": "NULL_NA",
    "gnaf_pid": "GAWA_147017163",
    "ee": true,
    "tech_change_status": "Not Planned"
   }
  },
  {
   "type": "Feature",
   "geometry": {
    "type": "Point",
    "coordinates": [
     123.63596,
     -17.31577
    ]
   },
   "properties": {
    "name": "6 BLYTHE STREET DERBY 6728",
    "locID": "LOC000100757208",
    "tech": "FTTN",
    "upgrade": "NULL_NA",
    "gnaf_pid": "GAWA_147017164",
    "ee": true,
    "tech_change_status": "Not Planned"
   }
  },
  {
   "type": "Feature",
   "geometry": {
    "type": "Point",
    "coordinates": [
     123.63607,
     -17.31666
    ]
   },
   "properties": {
    "name": "8 KUNAMARRA STREET DERBY 6728",
    "locID": "LOC000082260028",
    "tech": "FTTN",
    "upgrade": "NULL_NA",
    "gnaf_pid": "GAWA_147017165",
    "ee": true,
    "tech_change_status": "Not Planned"
   }
  },
  {
   "type": "Feature",
   "geometry": {
    "type": "Point",
    "coordinates": [
     123.63667,
     -17.31698
    ]
   },
   "properties": {
    "name": "13 BAOBAB STREET DERBY 6728",
    "locID": "LOC000029575731",
    "tech": "FTTN",
    "upgrade": "NULL_NA",
    "gnaf_pid": "GAWA_147017170",
    "ee": true,
    "tech_change_status": "Not Planned"
   }
  },
  {
   "type": "Feature",
   "geometry": {
    "type": "Point",
    "coordinates": [
     123.63667,
     -17.31613
    ]
   },
   "properties": {
    "name": "13 KUNAMARRA STREET DERBY 6728",
    "locID": "LOC000023642890",
    "tech": "FTTN",
    "upgrade": "NULL_NA",
    "gnaf_pid": "GAWA_147017171",
    "ee": true,
    "tech_change_status": "Not Planned"
   }
  },
  {
   "type": "Feature",
   "geometry": {
    "type": "Point",
    "coordinates": [
     123.63667,
     -17.31666
    ]
   },
   "properties": {
    "name": "14 KUNAMARRA STREET DERBY 6728",
    "locID": "LOC000085383047",
    "tech": "FTTN",
    "upgrade": "NULL_NA",
    "gnaf_pid": "GAWA_147017172",
    "ee": true,
    "tech_change_status": "Not Planned"
   }
  },
  {
   "type": "Feature",
   "geometry": {
    "type": "Point",
    "coordinates": [
     123.63672,
     -17.31577
    ]
   },
   "properties": {
    "name": "14 BLYTHE STREET DERBY 6728",
    "locID": "LOC000018616773",
    "tech": "FTTN",
    "upgrade": "NULL_NA",
    "gnaf_pid": "GAWA_147017173",
    "ee": true,
    "tech_change_status": "Not Planned"
   }
  },
  {
   "type": "Feature",
   "geometry": {
    "type": "Point",
    "coordinates": [
     123.63687,
     -17.31698
    ]
   },
   "properties": {
    "name": "15 BAOBAB STREET DERBY 6728",
    "locID": "LOC000031885571",
    "tech": "FTTN",
    "upgrade": "NULL_NA",
    "gnaf_pid": "GAWA_147017174",
    "ee": true,
    "tech_change_status": "Not Planned"
   }
  },
  {
   "type": "Feature",
   "geometry": {
    "type": "Point",
    "coordinates": [
     123.63687,
     -17.31666
    ]
   },
   "properties": {
    "name": "16 KUNAMARRA STREET DERBY 6728",
    "locID": "LOC000094033128",
    "tech": "FTTN",
    "upgrade": "NULL_NA",
    "gnaf_pid": "GAWA_147017175",
    "ee": true,
    "tech_change_status": "Not Planned"
   }
  },
  {
   "type": "Feature",
   "geometry": {
    "type": "Point",
    "coordinates": [
     123.63687,
     -17.31613
    ]
   },
   "properties": {
    "name": "15 KUNAMARRA STREET DERBY 6728",
    "locID": "LOC000019516237",
    "tech": "FTTN",
    "upgrade": "NULL_NA",
    "gnaf_pid": "GAWA_147017176",
    "ee": true,
    "tech_change_status": "Not Planned"
   }
  },
  {
   "type": "Feature",
   "geometry": {
    "type": "Point",
    "coordinates": [
     123.63695,
     -17.31577
    ]
   },
   "properties": {
    "name": "16 BLYTHE STREET DERBY 6728",
    "locID": "LOC000104743737",
    "tech": "FTTN",
    "upgrade": "NULL_NA",
    "gnaf_pid": "GAWA_147017177",
    "ee": true,
    "tech_change_status": "Not Planned"
   }
  },
  {
   "type": "Feature",
   "geometry": {
    "type": "Point",
    "coordinates": [
     123.63707,
     -17.31613
    ]
   },
   "properties": {
    "name": "17 KUNAMARRA STREET DERBY 6728",
    "locID": "LOC000073040590",
    "tech": "FTTN",
    "upgrade": "NULL_NA",
    "gnaf_pid": "GAWA_147017178",
    "ee": true,
    "tech_change_status": "Not Planned"
   }
  },
  {
   "type": "Feature",
   "geometry": {
    "type": "Point",
    "coordinates": [
     123.63559,
     -17.31785
    ]
   },
   "properties": {
    "name": "117 ROWAN STREET DERBY 6728",
    "locID": "LOC000015369766",
    "tech": "FTTN",
    "upgrade": "NULL_NA",
    "gnaf_pid": "GAWA_147017180",
    "ee": true,
    "tech_change_status": "Not Planned"
   }
  },
  {
   "type": "Feature",
   "geometry": {
    "type": "Point",
    "coordinates": [
     123.63566,
     -17.31748
    ]
   },
   "properties": {
    "name": "4 BAOBAB STREET DERBY 6728",
    "locID": "LOC000022030098",
    "tech": "FTTN",
    "upgrade": "NULL_NA",
    "gnaf_pid": "GAWA_147017181",
    "ee": true,
    "tech_change_status": "Not Planned"
   }
  },
  {
   "type": "Feature",
   "geometry": {
    "type": "Point",
    "coordinates": [
     123.63585,
     -17.31748
    ]
   },
   "properties": {
    "name": "6 BAOBAB STREET DERBY 6728",
    "locID": "LOC000028581911",
    "tech": "FTTN",
    "upgrade": "NULL_NA",
    "gnaf_pid": "GAWA_147017182",
    "ee": true,
    "tech_change_status": "Not Planned"
   }
  },
  {
   "type": "Feature",
   "geometry": {
    "type": "Point",
    "coordinates": [
     123.63611,
     -17.31748
    ]
   },
   "properties": {
    "name": "8 BAOBAB STREET DERBY 6728",
    "locID": "LOC000059717627",
    "tech": "FTTN",
    "upgrade": "NULL_NA",
    "gnaf_pid": "GAWA_147017183",
    "ee": true,
    "tech_change_status": "Not Planned"
   }
  },
  {
   "type": "Feature",
   "geometry": {
    "type": "Point",
    "coordinates": [
     123.63637,
     -17.31748
    ]
   },
   "properties": {
    "name": "10 BAOBAB STREET DERBY 6728",
    "locID": "LOC000051999719",
    "tech": "FTTN",
    "upgrade": "NULL_NA",
    "gnaf_pid": "GAWA_147017184",
    "ee": true,
    "tech_change_status": "Not Planned"
   }
  },
  {
   "type": "Feature",
   "geometry": {
    "type": "Point",
    "coordinates": [
     123.63655,
     -17.31748
    ]
   },
   "properties": {
    "name": "12 BAOBAB STREET DERBY 6728",
    "locID": "LOC000032232625",
    "tech": "FTTN",
    "upgrade": "NULL_NA",
    "gnaf_pid": "GAWA_147017185",
    "ee": true,
    "tech_change_status": "Not Planned"
   }
  },
  {
   "type": "Feature",
   "geometry": {
    "type": "Point",
    "coordinates": [
     123.63666,
     -17.31781
    ]
   },
   "properties": {
    "name": "11 BARNETT WAY DERBY 6728",
    "locID": "LOC000071770285",
    "tech": "FTTN",
    "upgrade": "NULL_NA",
    "gnaf_pid": "GAWA_147017186",
    "ee": true,
    "tech_change_status": "Not Planned"
   }
  },
  {
   "type": "Feature",
   "geometry": {
    "type": "Point",
    "coordinates": [
     123.63681,
     -17.31748
    ]
   },
   "properties": {
    "name": "14 BAOBAB STREET DERBY 6728",
    "locID": "LOC000065934499",
    "tech": "FTTN",
    "upgrade": "NULL_NA",
    "gnaf_pid": "GAWA_147017187",
    "ee": true,
    "tech_change_status": "Not Planned"
   }
  },
  {
   "type": "Feature",
   "geometry": {
    "type": "Point",
    "coordinates": [
     123.63686,
     -17.31781
    ]
   },
   "properties": {
    "name": "13 BARNETT WAY DERBY 6728",
    "locID": "LOC000089571849",
    "tech": "FTTN",
    "upgrade": "NULL_NA",
    "gnaf_pid": "GAWA_147017188",
    "ee": true,
    "tech_change_status": "Not Planned"
   }
  },
  {
   "type": "Feature",
   "geometry": {
    "type": "Point",
    "coordinates": [
     123.63706,
     -17.31781
    ]
   },
   "properties": {
    "name": "15 BARNETT WAY DERBY 6728",
    "locID": "LOC000083038443",
    "tech": "FTTN",
    "upgrade": "NULL_NA",
    "gnaf_pid": "GAWA_147017189",
    "ee": true,
    "tech_change_status": "Not Planned"
   }
  },
  {
   "type": "Feature",
   "geometry": {
    "type": "Point",
    "coordinates": [
     123.63707,
     -17.31748
    ]
   },
   "properties": {
    "name": "16 BAOBAB STREET DERBY 6728",
    "locID": "LOC000031468271",
    "tech": "FTTN",
    "upgrade": "NULL_NA",
    "gnaf_pid": "GAWA_147017190",
    "ee": true,
    "tech_change_status": "Not Planned"
   }
  },
  {
   "type": "Feature",
   "geometry": {
    "type": "Point",
    "coordinates": [
     123.63726,
     -17.31748
    ]
   },
   "properties": {
    "name": "18 BAOBAB STREET DERBY 6728",
    "locID": "LOC000045947886",
    "tech": "FTTN",
    "upgrade": "NULL_NA",
    "gnaf_pid": "GAWA_147017191",
    "ee": true,
    "tech_change_status": "Not Planned"
   }
  },
  {
   "type": "Feature",
   "geometry": {
    "type": "Point",
    "coordinates": [
     123.63726,
     -17.31781
    ]
   },
   "properties": {
    "name": "17 BARNETT WAY DERBY 6728",
    "locID": "LOC000037677657",
    "tech": "FTTN",
    "upgrade": "NULL_NA",
    "gnaf_pid": "GAWA_147017192",
    "ee": true,
    "tech_change_status": "Not Planned"
   }
  },
  {
   "type": "Feature",
   "geometry": {
    "type": "Point",
    "coordinates": [
     123.63746,
     -17.31781
    ]
   },
   "properties": {
    "name": "19 BARNETT WAY DERBY 6728",
    "locID": "LOC000009600525",
    "tech": "FTTN",
    "upgrade": "NULL_NA",
    "gnaf_pid": "GAWA_147017193",
    "ee": true,
    "tech_change_status": "Not Planned"
   }
  },
  {
   "type": "Feature",
   "geometry": {
    "type": "Point",
    "coordinates": [
     123.63786,
     -17.31748
    ]
   },
   "properties": {
    "name": "24 BAOBAB STREET DERBY 6728",
    "locID": "LOC000062757460",
    "tech": "FTTN",
    "upgrade": "NULL_NA",
    "gnaf_pid": "GAWA_147017197",
    "ee": true,
    "tech_change_status": "Not Planned"
   }
  },
  {
   "type": "Feature",
   "geometry": {
    "type": "Point",
    "coordinates": [
     123.63859,
     -17.31043
    ]
   },
   "properties": {
    "name": "43 KNOWSLEY STREET WEST DERBY 6728",
    "locID": "LOC000094710236",
    "tech": "FTTN",
    "upgrade": "NULL_NA",
    "gnaf_pid": "GAWA_147019244",
    "ee": true,
    "tech_change_status": "Not Planned"
   }
  },
  {
   "type": "Feature",
   "geometry": {
    "type": "Point",
    "coordinates": [
     123.63807,
     -17.31131
    ]
   },
   "properties": {
    "name": "5 HEYTESBURY STREET DERBY 6728",
    "locID": "LOC000083143611",
    "tech": "FTTN",
    "upgrade": "NULL_NA",
    "gnaf_pid": "GAWA_147019252",
    "ee": true,
    "tech_change_status": "Not Planned"
   }
  },
  {
   "type": "Feature",
   "geometry": {
    "type": "Point",
    "coordinates": [
     123.63809149,
     -17.31043101
    ]
   },
   "properties": {
    "name": "35 KNOWSLEY STREET WEST DERBY 6728",
    "locID": "LOC000014562601",
    "tech": "FTTN",
    "upgrade": "NULL_NA",
    "gnaf_pid": "GAWA_147019253",
    "ee": true,
    "tech_change_status": "Not Planned"
   }
  },
  {
   "type": "Feature",
   "geometry": {
    "type": "Point",
    "coordinates": [
     123.63809,
     -17.30983
    ]
   },
   "properties": {
    "name": "28 DELEWARR STREET DERBY 6728",
    "locID": "LOC000071920090",
    "tech": "FTTN",
    "upgrade": "NULL_NA",
    "gnaf_pid": "GAWA_147019254",
    "ee": true,
    "tech_change_status": "Not Planned"
   }
  },
  {
   "type": "Feature",
   "geometry": {
    "type": "Point",
    "coordinates": [
     123.63832,
     -17.31125
    ]
   },
   "properties": {
    "name": "30 KNOWSLEY STREET WEST DERBY 6728",
    "locID": "LOC000059830610",
    "tech": "FTTN",
    "upgrade": "NULL_NA",
    "gnaf_pid": "GAWA_147019255",
    "ee": true,
    "tech_change_status": "Not Planned"
   }
  },
  {
   "type": "Feature",
   "geometry": {
    "type": "Point",
    "coordinates": [
     123.63832,
     -17.31214
    ]
   },
   "properties": {
    "name": "4 HANSON STREET DERBY 6728",
    "locID": "LOC000092729661",
    "tech": "FTTN",
    "upgrade": "NULL_NA",
    "gnaf_pid": "GAWA_147019256",
    "ee": true,
    "tech_change_status": "Not Planned"
   }
  },
  {
   "type": "Feature",
   "geometry": {
    "type": "Point",
    "coordinates": [
     123.63834,
     -17.31043
    ]
   },
   "properties": {
    "name": "39 KNOWSLEY STREET WEST DERBY 6728",
    "locID": "LOC000025566870",
    "tech": "FTTN",
    "upgrade": "NULL_NA",
    "gnaf_pid": "GAWA_147019257",
    "ee": true,
    "tech_change_status": "Not Planned"
   }
  },
  {
   "type": "Feature",
   "geometry": {
    "type": "Point",
    "coordinates": [
     123.63834,
     -17.30983
    ]
   },
   "properties": {
    "name": "30 DELEWARR STREET DERBY 6728",
    "locID": "LOC000089189740",
    "tech": "FTTN",
    "upgrade": "NULL_NA",
    "gnaf_pid": "GAWA_147019258",
    "ee": true,
    "tech_change_status": "Not Planned"
   }
  },
  {
   "type": "Feature",
   "geometry": {
    "type": "Point",
    "coordinates": [
     123.63847,
     -17.31245
    ]
   },
   "properties": {
    "name": "3 ALFONSAS STREET DERBY 6728",
    "locID": "LOC000019568810",
    "tech": "FTTN",
    "upgrade": "NULL_NA",
    "gnaf_pid": "GAWA_147019259",
    "ee": true,
    "tech_change_status": "Not Planned"
   }
  },
  {
   "type": "Feature",
   "geometry": {
    "type": "Point",
    "coordinates": [
     123.63847,
     -17.31156
    ]
   },
   "properties": {
    "name": "3 HANSON STREET DERBY 6728",
    "locID": "LOC000089151898",
    "tech": "FTTN",
    "upgrade": "NULL_NA",
    "gnaf_pid": "GAWA_147019260",
    "ee": true,
    "tech_change_status": "Not Planned"
   }
  },
  {
   "type": "Feature",
   "geometry": {
    "type": "Point",
    "coordinates": [
     123.63866,
     -17.31831
    ]
   },
   "properties": {
    "name": "28 BARNETT WAY DERBY 6728",
    "locID": "LOC000097845375",
    "tech": "FTTN",
    "upgrade": "NULL_NA",
    "gnaf_pid": "GAWA_147019686",
    "ee": true,
    "tech_change_status": "Not Planned"
   }
  },
  {
   "type": "Feature",
   "geometry": {
    "type": "Point",
    "coordinates": [
     123.63866,
     -17.31864
    ]
   },
   "properties": {
    "name": "27 MCGOVERN WAY DERBY 6728",
    "locID": "LOC000044992972",
    "tech": "FTTN",
    "upgrade": "NULL_NA",
    "gnaf_pid": "GAWA_147019687",
    "ee": true,
    "tech_change_status": "Not Planned"
   }
  },
  {
   "type": "Feature",
   "geometry": {
    "type": "Point",
    "coordinates": [
     123.63886,
     -17.31864
    ]
   },
   "properties": {
    "name": "29 MCGOVERN WAY DERBY 6728",
    "locID": "LOC000010658180",
    "tech": "FTTN",
    "upgrade": "NULL_NA",
    "gnaf_pid": "GAWA_147019689",
    "ee": true,
    "tech_change_status": "Not Planned"
   }
  },
  {
   "type": "Feature",
   "geometry": {
    "type": "Point",
    "coordinates": [
     123.63906,
     -17.3178
    ]
   },
   "properties": {
    "name": "5 MAY STREET DERBY 6728",
    "locID": "LOC000002974962",
    "tech": "FTTN",
    "upgrade": "NULL_NA",
    "gnaf_pid": "GAWA_147019690",
    "ee": true,
    "tech_change_status": "Not Planned"
   }
  },
  {
   "type": "Feature",
   "geometry": {
    "type": "Point",
    "coordinates": [
     123.63905,
     -17.31831
    ]
   },
   "properties": {
    "name": "32 BARNETT WAY DERBY 6728",
    "locID": "LOC000089670152",
    "tech": "FTTN",
    "upgrade": "NULL_NA",
    "gnaf_pid": "GAWA_147019691",
    "ee": true,
    "tech_change_status": "Not Planned"
   }
  },
  {
   "type": "Feature",
   "geometry": {
    "type": "Point",
    "coordinates": [
     123.63905,
     -17.31864
    ]
   },
   "properties": {
    "name": "31 MCGOVERN WAY DERBY 6728",
    "locID": "LOC000050799858",
    "tech": "FTTN",
    "upgrade": "NULL_NA",
    "gnaf_pid": "GAWA_147019692",
    "ee": true,
    "tech_change_status": "Not Planned"
   }
  },
  {
   "type": "Feature",
   "geometry": {
    "type": "Point",
    "coordinates": [
     123.63928531,
     -17.31743316
    ]
   },
   "properties": {
    "name": "1 MAY STREET DERBY 6728",
    "locID": "LOC000089322145",
    "tech": "FTTN",
    "upgrade": "NULL_NA",
    "gnaf_pid": "GAWA_147019693",
    "ee": true,
    "tech_change_status": "Not Planned"
   }
  },
  {
   "type": "Feature",
   "geometry": {
    "type": "Point",
    "coordinates": [
     123.63945,
     -17.31718
    ]
   },
   "properties": {
    "name": "42F ASHLEY STREET DERBY 6728",
    "locID": "LOC000104286568",
    "tech": "FTTN",
    "upgrade": "NULL_NA",
    "gnaf_pid": "GAWA_147019694",
    "ee": true,
    "tech_change_status": "Not Planned"
   }
  },
  {
   "type": "Feature",
   "geometry": {
    "type": "Point",
    "coordinates": [
     123.63925,
     -17.3178
    ]
   },
   "properties": {
    "name": "33 BARNETT WAY DERBY 6728",
    "locID": "LOC000040229133",
    "tech": "FTTN",
    "upgrade": "NULL_NA",
    "gnaf_pid": "GAWA_147019695",
    "ee": true,
    "tech_change_status": "Not Planned"
   }
  },
  {
   "type": "Feature",
   "geometry": {
    "type": "Point",
    "coordinates": [
     123.63925,
     -17.31832
    ]
   },
   "properties": {
    "name": "34 BARNETT WAY DERBY 6728",
    "locID": "LOC000058318626",
    "tech": "FTTN",
    "upgrade": "NULL_NA",
    "gnaf_pid": "GAWA_147019696",
    "ee": true,
    "tech_change_status": "Not Planned"
   }
  },
  {
   "type": "Feature",
   "geometry": {
    "type": "Point",
    "coordinates": [
     123.63925,
     -17.31864
    ]
   },
   "properties": {
    "name": "33 MCGOVERN WAY DERBY 6728",
    "locID": "LOC000042418796",
    "tech": "FTTN",
    "upgrade": "NULL_NA",
    "gnaf_pid": "GAWA_147019697",
    "ee": true,
    "tech_change_status": "Not Planned"
   }
  },
  {
   "type": "Feature",
   "geometry": {
    "type": "Point",
    "coordinates": [
     123.63945,
     -17.31864
    ]
   },
   "properties": {
    "name": "35 MCGOVERN WAY DERBY 6728",
    "locID": "LOC000019512701",
    "tech": "FTTN",
    "upgrade": "NULL_NA",
    "gnaf_pid": "GAWA_147019698",
    "ee": true,
    "tech_change_status": "Not Planned"
   }
  },
  {
   "type": "Feature",
   "geometry": {
    "type": "Point",
    "coordinates": [
     123.63935,
     -17.31945
    ]
   },
   "properties": {
    "name": "6 RICHARDSON TERRACE DERBY 6728",
    "locID": "LOC000085366382",
    "tech": "FTTN",
    "upgrade": "NULL_NA",
    "gnaf_pid": "GAWA_147019704",
    "ee": true,
    "tech_change_status": "Not Planned"
   }
  },
  {
   "type": "Feature",
   "geometry": {
    "type": "Point",
    "coordinates": [
     123.63935,
     -17.31914
    ]
   },
   "properties": {
    "name": "28 MCGOVERN WAY DERBY 6728",
    "locID": "LOC000017923623",
    "tech": "FTTN",
    "upgrade": "NULL_NA",
    "gnaf_pid": "GAWA_147019705",
    "ee": true,
    "tech_change_status": "Not Planned"
   }
  },
  {
   "type": "Feature",
   "geometry": {
    "type": "Point",
    "coordinates": [
     123.63959,
     -17.31945
    ]
   },
   "properties": {
    "name": "4 RICHARDSON TERRACE DERBY 6728",
    "locID": "LOC000034648759",
    "tech": "FTTN",
    "upgrade": "NULL_NA",
    "gnaf_pid": "GAWA_147019706",
    "ee": true,
    "tech_change_status": "Not Planned"
   }
  },
  {
   "type": "Feature",
   "geometry": {
    "type": "Point",
    "coordinates": [
     123.63959,
     -17.31913
    ]
   },
   "properties": {
    "name": "30 MCGOVERN WAY DERBY 6728",
    "locID": "LOC000100843287",
    "tech": "FTTN",
    "upgrade": "NULL_NA",
    "gnaf_pid": "GAWA_147019707",
    "ee": true,
    "tech_change_status": "Not Planned"
   }
  },
  {
   "type": "Feature",
   "geometry": {
    "type": "Point",
    "coordinates": [
     123.63983,
     -17.31915
    ]
   },
   "properties": {
    "name": "32 MCGOVERN WAY DERBY 6728",
    "locID": "LOC000042055132",
    "tech": "FTTN",
    "upgrade": "NULL_NA",
    "gnaf_pid": "GAWA_147019708",
    "ee": true,
    "tech_change_status": "Not Planned"
   }
  },
  {
   "type": "Feature",
   "geometry": {
    "type": "Point",
    "coordinates": [
     123.63983,
     -17.31944
    ]
   },
   "properties": {
    "name": "60 ASHLEY STREET DERBY 6728",
    "locID": "LOC000069035812",
    "tech": "FTTN",
    "upgrade": "NULL_NA",
    "gnaf_pid": "GAWA_147019709",
    "ee": true,
    "tech_change_status": "Not Planned"
   }
  },
  {
   "type": "Feature",
   "geometry": {
    "type": "Point",
    "coordinates": [
     123.63621,
     -17.32208
    ]
   },
   "properties": {
    "name": "2 MIMOSA STREET DERBY 6728",
    "locID": "LOC000050731340",
    "tech": "FTTN",
    "upgrade": "NULL_NA",
    "gnaf_pid": "GAWA_147019711",
    "ee": true,
    "tech_change_status": "Not Planned"
   }
  },
  {
   "type": "Feature",
   "geometry": {
    "type": "Point",
    "coordinates": [
     123.63632,
     -17.3224
    ]
   },
   "properties": {
    "name": "12 HAKEA PLACE DERBY 6728",
    "locID": "LOC000002134504",
    "tech": "FTTN",
    "upgrade": "NULL_NA",
    "gnaf_pid": "GAWA_147019712",
    "ee": true,
    "tech_change_status": "Not Planned"
   }
  },
  {
   "type": "Feature",
   "geometry": {
    "type": "Point",
    "coordinates": [
     123.63642,
     -17.32279
    ]
   },
   "properties": {
    "name": "11 HAKEA PLACE DERBY 6728",
    "locID": "LOC000101972436",
    "tech": "FTTN",
    "upgrade": "NULL_NA",
    "gnaf_pid": "GAWA_147019714",
    "ee": true,
    "tech_change_status": "Not Planned"
   }
  },
  {
   "type": "Feature",
   "geometry": {
    "type": "Point",
    "coordinates": [
     123.63643,
     -17.32204
    ]
   },
   "properties": {
    "name": "4 MIMOSA STREET DERBY 6728",
    "locID": "LOC000020286650",
    "tech": "FTTN",
    "upgrade": "NULL_NA",
    "gnaf_pid": "GAWA_147019715",
    "ee": true,
    "tech_change_status": "Not Planned"
   }
  },
  {
   "type": "Feature",
   "geometry": {
    "type": "Point",
    "coordinates": [
     123.63651,
     -17.32291
    ]
   },
   "properties": {
    "name": "9 HAKEA PLACE DERBY 6728",
    "locID": "LOC000065218868",
    "tech": "FTTN",
    "upgrade": "NULL_NA",
    "gnaf_pid": "GAWA_147019716",
    "ee": true,
    "tech_change_status": "Not Planned"
   }
  },
  {
   "type": "Feature",
   "geometry": {
    "type": "Point",
    "coordinates": [
     123.63659,
     -17.32231
    ]
   },
   "properties": {
    "name": "10 HAKEA PLACE DERBY 6728",
    "locID": "LOC000081312911",
    "tech": "FTTN",
    "upgrade": "NULL_NA",
    "gnaf_pid": "GAWA_147019717",
    "ee": true,
    "tech_change_status": "Not Planned"
   }
  },
  {
   "type": "Feature",
   "geometry": {
    "type": "Point",
    "coordinates": [
     123.63663,
     -17.32201
    ]
   },
   "properties": {
    "name": "6 MIMOSA STREET DERBY 6728",
    "locID": "LOC000061089104",
    "tech": "FTTN",
    "upgrade": "NULL_NA",
    "gnaf_pid": "GAWA_147019718",
    "ee": true,
    "tech_change_status": "Not Planned"
   }
  },
  {
   "type": "Feature",
   "geometry": {
    "type": "Point",
    "coordinates": [
     123.63678,
     -17.32283
    ]
   },
   "properties": {
    "name": "7 HAKEA PLACE DERBY 6728",
    "locID": "LOC000006143772",
    "tech": "FTTN",
    "upgrade": "NULL_NA",
    "gnaf_pid": "GAWA_147019719",
    "ee": true,
    "tech_change_status": "Not Planned"
   }
  },
  {
   "type": "Feature",
   "geometry": {
    "type": "Point",
    "coordinates": [
     123.63682,
     -17.3223
    ]
   },
   "properties": {
    "name": "8 HAKEA PLACE DERBY 6728",
    "locID": "LOC000063705735",
    "tech": "FTTN",
    "upgrade": "NULL_NA",
    "gnaf_pid": "GAWA_147019720",
    "ee": true,
    "tech_change_status": "Not Planned"
   }
  },
  {
   "type": "Feature",
   "geometry": {
    "type": "Point",
    "coordinates": [
     123.63683,
     -17.32197
    ]
   },
   "properties": {
    "name": "8 MIMOSA STREET DERBY 6728",
    "locID": "LOC000064799348",
    "tech": "FTTN",
    "upgrade": "NULL_NA",
    "gnaf_pid": "GAWA_147019721",
    "ee": true,
    "tech_change_status": "Not Planned"
   }
  },
  {
   "type": "Feature",
   "geometry": {
    "type": "Point",
    "coordinates": [
     123.63699,
     -17.32271
    ]
   },
   "properties": {
    "name": "5 HAKEA PLACE DERBY 6728",
    "locID": "LOC000098460199",
    "tech": "FTTN",
    "upgrade": "NULL_NA",
    "gnaf_pid": "GAWA_147019722",
    "ee": true,
    "tech_change_status": "Not Planned"
   }
  },
  {
   "type": "Feature",
   "geometry": {
    "type": "Point",
    "coordinates": [
     123.63703,
     -17.32226
    ]
   },
   "properties": {
    "name": "6 HAKEA PLACE DERBY 6728",
    "locID": "LOC000028745246",
    "tech": "FTTN",
    "upgrade": "NULL_NA",
    "gnaf_pid": "GAWA_147019724",
    "ee": true,
    "tech_change_status": "Not Planned"
   }
  },
  {
   "type": "Feature",
   "geometry": {
    "type": "Point",
    "coordinates": [
     123.63704,
     -17.32195
    ]
   },
   "properties": {
    "name": "10 MIMOSA STREET DERBY 6728",
    "locID": "LOC000020365742",
    "tech": "FTTN",
    "upgrade": "NULL_NA",
    "gnaf_pid": "GAWA_147019725",
    "ee": true,
    "tech_change_status": "Not Planned"
   }
  },
  {
   "type": "Feature",
   "geometry": {
    "type": "Point",
    "coordinates": [
     123.63725,
     -17.32227
    ]
   },
   "properties": {
    "name": "4 HAKEA PLACE DERBY 6728",
    "locID": "LOC000085389411",
    "tech": "FTTN",
    "upgrade": "NULL_NA",
    "gnaf_pid": "GAWA_147019727",
    "ee": true,
    "tech_change_status": "Not Planned"
   }
  },
  {
   "type": "Feature",
   "geometry": {
    "type": "Point",
    "coordinates": [
     123.63726,
     -17.32197
    ]
   },
   "properties": {
    "name": "12 MIMOSA STREET DERBY 6728",
    "locID": "LOC000040445409",
    "tech": "FTTN",
    "upgrade": "NULL_NA",
    "gnaf_pid": "GAWA_147019728",
    "ee": true,
    "tech_change_status": "Not Planned"
   }
  },
  {
   "type": "Feature",
   "geometry": {
    "type": "Point",
    "coordinates": [
     123.63744,
     -17.3227
    ]
   },
   "properties": {
    "name": "1 HAKEA PLACE DERBY 6728",
    "locID": "LOC000038829100",
    "tech": "FTTN",
    "upgrade": "NULL_NA",
    "gnaf_pid": "GAWA_147019729",
    "ee": true,
    "tech_change_status": "Not Planned"
   }
  },
  {
   "type": "Feature",
   "geometry": {
    "type": "Point",
    "coordinates": [
     123.63747,
     -17.32202
    ]
   },
   "properties": {
    "name": "14 MIMOSA STREET DERBY 6728",
    "locID": "LOC000059787792",
    "tech": "FTTN",
    "upgrade": "NULL_NA",
    "gnaf_pid": "GAWA_147019730",
    "ee": true,
    "tech_change_status": "Not Planned"
   }
  },
  {
   "type": "Feature",
   "geometry": {
    "type": "Point",
    "coordinates": [
     123.62628,
     -17.30057
    ]
   },
   "properties": {
    "name": "3 LOCH STREET DERBY 6728",
    "locID": "LOC000066293230",
    "tech": "FTTN",
    "upgrade": "NULL_NA",
    "gnaf_pid": "GAWA_147020205",
    "ee": true,
    "tech_change_status": "Not Planned"
   }
  },
  {
   "type": "Feature",
   "geometry": {
    "type": "Point",
    "coordinates": [
     123.62652,
     -17.30072
    ]
   },
   "properties": {
    "name": "7 LOCH STREET DERBY 6728",
    "locID": "LOC000147462061",
    "tech": "FTTN",
    "upgrade": "NULL_NA",
    "gnaf_pid": "GAWA_147020767",
    "ee": true,
    "tech_change_status": "Not Planned"
   }
  },
  {
   "type": "Feature",
   "geometry": {
    "type": "Point",
    "coordinates": [
     123.62661,
     -17.30006
    ]
   },
   "properties": {
    "name": "2 VILLIERS STREET DERBY 6728",
    "locID": "LOC000147460973",
    "tech": "FTTN",
    "upgrade": "NULL_NA",
    "gnaf_pid": "GAWA_147020768",
    "ee": true,
    "tech_change_status": "Not Planned"
   }
  },
  {
   "type": "Feature",
   "geometry": {
    "type": "Point",
    "coordinates": [
     123.62677,
     -17.30086
    ]
   },
   "properties": {
    "name": "11 LOCH STREET DERBY 6728",
    "locID": "LOC000043342891",
    "tech": "FTTN",
    "upgrade": "NULL_NA",
    "gnaf_pid": "GAWA_147020769",
    "ee": true,
    "tech_change_status": "Not Planned"
   }
  },
  {
   "type": "Feature",
   "geometry": {
    "type": "Point",
    "coordinates": [
     123.62703,
     -17.30093
    ]
   },
   "properties": {
    "name": "15 LOCH STREET DERBY 6728",
    "locID": "LOC000052067720",
    "tech": "FTTN",
    "upgrade": "NULL_NA",
    "gnaf_pid": "GAWA_147020774",
    "ee": true,
    "tech_change_status": "Not Planned"
   }
  },
  {
   "type": "Feature",
   "geometry": {
    "type": "Point",
    "coordinates": [
     123.62698,
     -17.30115
    ]
   },
   "properties": {
    "name": "17 LOCH STREET DERBY 6728",
    "locID": "LOC000054340934",
    "tech": "FTTN",
    "upgrade": "NULL_NA",
    "gnaf_pid": "GAWA_147020775",
    "ee": true,
    "tech_change_status": "Not Planned"
   }
  },
  {
   "type": "Feature",
   "geometry": {
    "type": "Point",
    "coordinates": [
     123.6271,
     -17.30034
    ]
   },
   "properties": {
    "name": "10 VILLIERS STREET DERBY 6728",
    "locID": "LOC000102083870",
    "tech": "FTTN",
    "upgrade": "NULL_NA",
    "gnaf_pid": "GAWA_147020776",
    "ee": true,
    "tech_change_status": "Not Planned"
   }
  },
  {
   "type": "Feature",
   "geometry": {
    "type": "Point",
    "coordinates": [
     123.62725,
     -17.30115
    ]
   },
   "properties": {
    "name": "19 LOCH STREET DERBY 6728",
    "locID": "LOC000051073535",
    "tech": "FTTN",
    "upgrade": "NULL_NA",
    "gnaf_pid": "GAWA_147020777",
    "ee": true,
    "tech_change_status": "Not Planned"
   }
  },
  {
   "type": "Feature",
   "geometry": {
    "type": "Point",
    "coordinates": [
     123.62749,
     -17.30129
    ]
   },
   "properties": {
    "name": "23 LOCH STREET DERBY 6728",
    "locID": "LOC000029485249",
    "tech": "FTTN",
    "upgrade": "NULL_NA",
    "gnaf_pid": "GAWA_147020779",
    "ee": true,
    "tech_change_status": "Not Planned"
   }
  },
  {
   "type": "Feature",
   "geometry": {
    "type": "Point",
    "coordinates": [
     123.62758,
     -17.30063
    ]
   },
   "properties": {
    "name": "16 VILLIERS STREET DERBY 6728",
    "locID": "LOC000081379143",
    "tech": "FTTN",
    "upgrade": "NULL_NA",
    "gnaf_pid": "GAWA_147020780",
    "ee": true,
    "tech_change_status": "Not Planned"
   }
  },
  {
   "type": "Feature",
   "geometry": {
    "type": "Point",
    "coordinates": [
     123.65178,
     -17.31965
    ]
   },
   "properties": {
    "name": "18 WELLS STREET DERBY 6728",
    "locID": "LOC000054007659",
    "tech": "FTTN",
    "upgrade": "NULL_NA",
    "gnaf_pid": "GAWA_147020781",
    "ee": true,
    "tech_change_status": "Not Planned"
   }
  },
  {
   "type": "Feature",
   "geometry": {
    "type": "Point",
    "coordinates": [
     123.65155,
     -17.32127
    ]
   },
   "properties": {
    "name": "13 GUILDFORD STREET DERBY 6728",
    "locID": "LOC000088713205",
    "tech": "FTTN",
    "upgrade": "NULL_NA",
    "gnaf_pid": "GAWA_147020782",
    "ee": true,
    "tech_change_status": "Not Planned"
   }
  },
  {
   "type": "Feature",
   "geometry": {
    "type": "Point",
    "coordinates": [
     123.65164,
     -17.31884
    ]
   },
   "properties": {
    "name": "14 WELLS STREET DERBY 6728",
    "locID": "LOC000109870872",
    "tech": "FTTN",
    "upgrade": "NULL_NA",
    "gnaf_pid": "GAWA_147020783",
    "ee": true,
    "tech_change_status": "Not Planned"
   }
  },
  {
   "type": "Feature",
   "geometry": {
    "type": "Point",
    "coordinates": [
     123.63727,
     -17.31698
    ]
   },
   "properties": {
    "name": "19 BAOBAB STREET DERBY 6728",
    "locID": "LOC000055391069",
    "tech": "FTTN",
    "upgrade": "NULL_NA",
    "gnaf_pid": "GAWA_147020788",
    "ee": true,
    "tech_change_status": "Not Planned"
   }
  },
  {
   "type": "Feature",
   "geometry": {
    "type": "Point",
    "coordinates": [
     123.63727,
     -17.31613
    ]
   },
   "properties": {
    "name": "19 KUNAMARRA STREET DERBY 6728",
    "locID": "LOC000044863007",
    "tech": "FTTN",
    "upgrade": "NULL_NA",
    "gnaf_pid": "GAWA_147020789",
    "ee": true,
    "tech_change_status": "Not Planned"
   }
  },
  {
   "type": "Feature",
   "geometry": {
    "type": "Point",
    "coordinates": [
     123.63727,
     -17.31666
    ]
   },
   "properties": {
    "name": "20 KUNAMARRA STREET DERBY 6728",
    "locID": "LOC000108011024",
    "tech": "FTTN",
    "upgrade": "NULL_NA",
    "gnaf_pid": "GAWA_147020790",
    "ee": true,
    "tech_change_status": "Not Planned"
   }
  },
  {
   "type": "Feature",
   "geometry": {
    "type": "Point",
    "coordinates": [
     123.63748,
     -17.31666
    ]
   },
   "properties": {
    "name": "22 KUNAMARRA STREET DERBY 6728",
    "locID": "LOC000068251238",
    "tech": "FTTN",
    "upgrade": "NULL_NA",
    "gnaf_pid": "GAWA_147020792",
    "ee": true,
    "tech_change_status": "Not Planned"
   }
  },
  {
   "type": "Feature",
   "geometry": {
    "type": "Point",
    "coordinates": [
     123.63748,
     -17.31698
    ]
   },
   "properties": {
    "name": "21 BAOBAB STREET DERBY 6728",
    "locID": "LOC000010414905",
    "tech": "FTTN",
    "upgrade": "NULL_NA",
    "gnaf_pid": "GAWA_147020793",
    "ee": true,
    "tech_change_status": "Not Planned"
   }
  },
  {
   "type": "Feature",
   "geometry": {
    "type": "Point",
    "coordinates": [
     123.63748,
     -17.31577
    ]
   },
   "properties": {
    "name": "20 BLYTHE STREET DERBY 6728",
    "locID": "LOC000088973635",
    "tech": "FTTN",
    "upgrade": "NULL_NA",
    "gnaf_pid": "GAWA_147020794",
    "ee": true,
    "tech_change_status": "Not Planned"
   }
  },
  {
   "type": "Feature",
   "geometry": {
    "type": "Point",
    "coordinates": [
     123.63546,
     -17.31748
    ]
   },
   "properties": {
    "name": "2 BAOBAB STREET DERBY 6728",
    "locID": "LOC000108885961",
    "tech": "FTTN",
    "upgrade": "NULL_NA",
    "gnaf_pid": "GAWA_147020795",
    "ee": true,
    "tech_change_status": "Not Planned"
   }
  },
  {
   "type": "Feature",
   "geometry": {
    "type": "Point",
    "coordinates": [
     123.65247,
     -17.32149
    ]
   },
   "properties": {
    "name": "26 WELLS STREET DERBY 6728",
    "locID": "LOC000081198098",
    "tech": "FTTN",
    "upgrade": "NULL_NA",
    "gnaf_pid": "GAWA_147023824",
    "ee": true,
    "tech_change_status": "Not Planned"
   }
  },
  {
   "type": "Feature",
   "geometry": {
    "type": "Point",
    "coordinates": [
     123.65248,
     -17.32088
    ]
   },
   "properties": {
    "name": "24 WELLS STREET DERBY 6728",
    "locID": "LOC000012024447",
    "tech": "FTTN",
    "upgrade": "NULL_NA",
    "gnaf_pid": "GAWA_147023825",
    "ee": true,
    "tech_change_status": "Not Planned"
   }
  },
  {
   "type": "Feature",
   "geometry": {
    "type": "Point",
    "coordinates": [
     123.64378892,
     -17.3135885
    ]
   },
   "properties": {
    "name": "8 WODEHOUSE STREET DERBY 6728",
    "locID": "LOC000054863443",
    "tech": "FTTN",
    "upgrade": "NULL_NA",
    "gnaf_pid": "GAWA_147023828",
    "ee": true,
    "tech_change_status": "Not Planned"
   }
  },
  {
   "type": "Feature",
   "geometry": {
    "type": "Point",
    "coordinates": [
     123.64625,
     -17.31359
    ]
   },
   "properties": {
    "name": "14 WODEHOUSE STREET DERBY 6728",
    "locID": "LOC000006568784",
    "tech": "FTTN",
    "upgrade": "NULL_NA",
    "gnaf_pid": "GAWA_147023829",
    "ee": true,
    "tech_change_status": "Not Planned"
   }
  },
  {
   "type": "Feature",
   "geometry": {
    "type": "Point",
    "coordinates": [
     123.6477,
     -17.31772
    ]
   },
   "properties": {
    "name": "1 MILLARD STREET DERBY 6728",
    "locID": "LOC000004593778",
    "tech": "FTTN",
    "upgrade": "NULL_NA",
    "gnaf_pid": "GAWA_147023832",
    "ee": true,
    "tech_change_status": "Not Planned"
   }
  },
  {
   "type": "Feature",
   "geometry": {
    "type": "Point",
    "coordinates": [
     123.65196,
     -17.32002
    ]
   },
   "properties": {
    "name": "20 WELLS STREET DERBY 6728",
    "locID": "LOC000055416403",
    "tech": "FTTN",
    "upgrade": "NULL_NA",
    "gnaf_pid": "GAWA_147023833",
    "ee": true,
    "tech_change_status": "Not Planned"
   }
  },
  {
   "type": "Feature",
   "geometry": {
    "type": "Point",
    "coordinates": [
     123.65218,
     -17.32039
    ]
   },
   "properties": {
    "name": "22 WELLS STREET DERBY 6728",
    "locID": "LOC000082650515",
    "tech": "FTTN",
    "upgrade": "NULL_NA",
    "gnaf_pid": "GAWA_147023834",
    "ee": true,
    "tech_change_status": "Not Planned"
   }
  },
  {
   "type": "Feature",
   "geometry": {
    "type": "Point",
    "coordinates": [
     123.652,
     -17.32122
    ]
   },
   "properties": {
    "name": "15 GUILDFORD STREET DERBY 6728",
    "locID": "LOC000022878454",
    "tech": "FTTN",
    "upgrade": "NULL_NA",
    "gnaf_pid": "GAWA_147023835",
    "ee": true,
    "tech_change_status": "Not Planned"
   }
  },
  {
   "type": "Feature",
   "geometry": {
    "type": "Point",
    "coordinates": [
     123.64786,
     -17.31202
    ]
   },
   "properties": {
    "name": "49 WODEHOUSE STREET DERBY 6728",
    "locID": "LOC000089557725",
    "tech": "FTTN",
    "upgrade": "NULL_NA",
    "gnaf_pid": "GAWA_147023847",
    "ee": true,
    "tech_change_status": "Not Planned"
   }
  },
  {
   "type": "Feature",
   "geometry": {
    "type": "Point",
    "coordinates": [
     123.64815,
     -17.31202
    ]
   },
   "properties": {
    "name": "53 WODEHOUSE STREET DERBY 6728",
    "locID": "LOC000056087732",
    "tech": "FTTN",
    "upgrade": "NULL_NA",
    "gnaf_pid": "GAWA_147023852",
    "ee": true,
    "tech_change_status": "Not Planned"
   }
  },
  {
   "type": "Feature",
   "geometry": {
    "type": "Point",
    "coordinates": [
     123.64843,
     -17.31202
    ]
   },
   "properties": {
    "name": "57 WODEHOUSE STREET DERBY 6728",
    "locID": "LOC000009496825",
    "tech": "FTTN",
    "upgrade": "NULL_NA",
    "gnaf_pid": "GAWA_147023853",
    "ee": true,
    "tech_change_status": "Not Planned"
   }
  },
  {
   "type": "Feature",
   "geometry": {
    "type": "Point",
    "coordinates": [
     123.64843,
     -17.31141
    ]
   },
   "properties": {
    "name": "54 KNOWSLEY STREET EAST DERBY 6728",
    "locID": "LOC000033710589",
    "tech": "FTTN",
    "upgrade": "NULL_NA",
    "gnaf_pid": "GAWA_147023854",
    "ee": true,
    "tech_change_status": "Not Planned"
   }
  },
  {
   "type": "Feature",
   "geometry": {
    "type": "Point",
    "coordinates": [
     123.64863,
     -17.31745
    ]
   },
   "properties": {
    "name": "9 MILLARD STREET DERBY 6728",
    "locID": "LOC000028672810",
    "tech": "FTTN",
    "upgrade": "NULL_NA",
    "gnaf_pid": "GAWA_147023855",
    "ee": true,
    "tech_change_status": "Not Planned"
   }
  },
  {
   "type": "Feature",
   "geometry": {
    "type": "Point",
    "coordinates": [
     123.63607,
     -17.31698
    ]
   },
   "properties": {
    "name": "7 BAOBAB STREET DERBY 6728",
    "locID": "LOC000050728476",
    "tech": "FTTN",
    "upgrade": "NULL_NA",
    "gnaf_pid": "GAWA_147023862",
    "ee": true,
    "tech_change_status": "Not Planned"
   }
  },
  {
   "type": "Feature",
   "geometry": {
    "type": "Point",
    "coordinates": [
     123.63607,
     -17.31613
    ]
   },
   "properties": {
    "name": "7 KUNAMARRA STREET DERBY 6728",
    "locID": "LOC000092726010",
    "tech": "FTTN",
    "upgrade": "NULL_NA",
    "gnaf_pid": "GAWA_147023863",
    "ee": true,
    "tech_change_status": "Not Planned"
   }
  },
  {
   "type": "Feature",
   "geometry": {
    "type": "Point",
    "coordinates": [
     123.63615,
     -17.31577
    ]
   },
   "properties": {
    "name": "8 BLYTHE STREET DERBY 6728",
    "locID": "LOC000056118535",
    "tech": "FTTN",
    "upgrade": "NULL_NA",
    "gnaf_pid": "GAWA_147023864",
    "ee": true,
    "tech_change_status": "Not Planned"
   }
  },
  {
   "type": "Feature",
   "geometry": {
    "type": "Point",
    "coordinates": [
     123.63627,
     -17.31698
    ]
   },
   "properties": {
    "name": "9 BAOBAB STREET DERBY 6728",
    "locID": "LOC000008749548",
    "tech": "FTTN",
    "upgrade": "NULL_NA",
    "gnaf_pid": "GAWA_147023865",
    "ee": true,
    "tech_change_status": "Not Planned"
   }
  },
  {
   "type": "Feature",
   "geometry": {
    "type": "Point",
    "coordinates": [
     123.63627,
     -17.31666
    ]
   },
   "properties": {
    "name": "10 KUNAMARRA STREET DERBY 6728",
    "locID": "LOC000022849242",
    "tech": "FTTN",
    "upgrade": "NULL_NA",
    "gnaf_pid": "GAWA_147023866",
    "ee": true,
    "tech_change_status": "Not Planned"
   }
  },
  {
   "type": "Feature",
   "geometry": {
    "type": "Point",
    "coordinates": [
     123.63627,
     -17.31613
    ]
   },
   "properties": {
    "name": "9 KUNAMARRA STREET DERBY 6728",
    "locID": "LOC000046284858",
    "tech": "FTTN",
    "upgrade": "NULL_NA",
    "gnaf_pid": "GAWA_147023867",
    "ee": true,
    "tech_change_status": "Not Planned"
   }
  },
  {
   "type": "Feature",
   "geometry": {
    "type": "Point",
    "coordinates": [
     123.63634,
     -17.31577
    ]
   },
   "properties": {
    "name": "10 BLYTHE STREET DERBY 6728",
    "locID": "LOC000038056322",
    "tech": "FTTN",
    "upgrade": "NULL_NA",
    "gnaf_pid": "GAWA_147023868",
    "ee": true,
    "tech_change_status": "Not Planned"
   }
  },
  {
   "type": "Feature",
   "geometry": {
    "type": "Point",
    "coordinates": [
     123.63647,
     -17.31698
    ]
   },
   "properties": {
    "name": "11 BAOBAB STREET DERBY 6728",
    "locID": "LOC000058057231",
    "tech": "FTTN",
    "upgrade": "NULL_NA",
    "gnaf_pid": "GAWA_147023869",
    "ee": true,
    "tech_change_status": "Not Planned"
   }
  },
  {
   "type": "Feature",
   "geometry": {
    "type": "Point",
    "coordinates": [
     123.63647,
     -17.31666
    ]
   },
   "properties": {
    "name": "12 KUNAMARRA STREET DERBY 6728",
    "locID": "LOC000027731178",
    "tech": "FTTN",
    "upgrade": "NULL_NA",
    "gnaf_pid": "GAWA_147023870",
    "ee": true,
    "tech_change_status": "Not Planned"
   }
  },
  {
   "type": "Feature",
   "geometry": {
    "type": "Point",
    "coordinates": [
     123.63647,
     -17.31613
    ]
   },
   "properties": {
    "name": "11 KUNAMARRA STREET DERBY 6728",
    "locID": "LOC000099382413",
    "tech": "FTTN",
    "upgrade": "NULL_NA",
    "gnaf_pid": "GAWA_147023871",
    "ee": true,
    "tech_change_status": "Not Planned"
   }
  },
  {
   "type": "Feature",
   "geometry": {
    "type": "Point",
    "coordinates": [
     123.63653,
     -17.31577
    ]
   },
   "properties": {
    "name": "12 BLYTHE STREET DERBY 6728",
    "locID": "LOC000051916589",
    "tech": "FTTN",
    "upgrade": "NULL_NA",
    "gnaf_pid": "GAWA_147023872",
    "ee": true,
    "tech_change_status": "Not Planned"
   }
  },
  {
   "type": "Feature",
   "geometry": {
    "type": "Point",
    "coordinates": [
     123.63389055,
     -17.30283907
    ]
   },
   "properties": {
    "name": "1 VILLIERS STREET DERBY 6728",
    "locID": "LOC000147460960",
    "tech": "FTTN",
    "upgrade": "NULL_NA",
    "gnaf_pid": "GAWA_147025855",
    "ee": true,
    "tech_change_status": "Not Planned"
   }
  },
  {
   "type": "Feature",
   "geometry": {
    "type": "Point",
    "coordinates": [
     123.64786,
     -17.31141
    ]
   },
   "properties": {
    "name": "46 KNOWSLEY STREET EAST DERBY 6728",
    "locID": "LOC000027020081",
    "tech": "FTTN",
    "upgrade": "NULL_NA",
    "gnaf_pid": "GAWA_147025878",
    "ee": true,
    "tech_change_status": "Not Planned"
   }
  },
  {
   "type": "Feature",
   "geometry": {
    "type": "Point",
    "coordinates": [
     123.64817,
     -17.31745
    ]
   },
   "properties": {
    "name": "7 MILLARD STREET DERBY 6728",
    "locID": "LOC000054618194",
    "tech": "FTTN",
    "upgrade": "NULL_NA",
    "gnaf_pid": "GAWA_147025879",
    "ee": true,
    "tech_change_status": "Not Planned"
   }
  },
  {
   "type": "Feature",
   "geometry": {
    "type": "Point",
    "coordinates": [
     123.64815,
     -17.31141
    ]
   },
   "properties": {
    "name": "50 KNOWSLEY STREET EAST DERBY 6728",
    "locID": "LOC000098197547",
    "tech": "FTTN",
    "upgrade": "NULL_NA",
    "gnaf_pid": "GAWA_147025880",
    "ee": true,
    "tech_change_status": "Not Planned"
   }
  },
  {
   "type": "Feature",
   "geometry": {
    "type": "Point",
    "coordinates": [
     123.63742,
     -17.31473
    ]
   },
   "properties": {
    "name": "32 HEYTESBURY STREET DERBY 6728",
    "locID": "LOC000042380721",
    "tech": "FTTN",
    "upgrade": "NULL_NA",
    "gnaf_pid": "GAWA_147025896",
    "ee": true,
    "tech_change_status": "Not Planned"
   }
  },
  {
   "type": "Feature",
   "geometry": {
    "type": "Point",
    "coordinates": [
     123.63742,
     -17.31451
    ]
   },
   "properties": {
    "name": "30 HEYTESBURY STREET DERBY 6728",
    "locID": "LOC000022863782",
    "tech": "FTTN",
    "upgrade": "NULL_NA",
    "gnaf_pid": "GAWA_147025897",
    "ee": true,
    "tech_change_status": "Not Planned"
   }
  },
  {
   "type": "Feature",
   "geometry": {
    "type": "Point",
    "coordinates": [
     123.63742,
     -17.31428
    ]
   },
   "properties": {
    "name": "28 HEYTESBURY STREET DERBY 6728",
    "locID": "LOC000057956359",
    "tech": "FTTN",
    "upgrade": "NULL_NA",
    "gnaf_pid": "GAWA_147025898",
    "ee": true,
    "tech_change_status": "Not Planned"
   }
  },
  {
   "type": "Feature",
   "geometry": {
    "type": "Point",
    "coordinates": [
     123.63546,
     -17.31697
    ]
   },
   "properties": {
    "name": "1 BAOBAB STREET DERBY 6728",
    "locID": "LOC000005672501",
    "tech": "FTTN",
    "upgrade": "NULL_NA",
    "gnaf_pid": "GAWA_147025899",
    "ee": true,
    "tech_change_status": "Not Planned"
   }
  },
  {
   "type": "Feature",
   "geometry": {
    "type": "Point",
    "coordinates": [
     123.63707,
     -17.31698
    ]
   },
   "properties": {
    "name": "17 BAOBAB STREET DERBY 6728",
    "locID": "LOC000091671632",
    "tech": "FTTN",
    "upgrade": "NULL_NA",
    "gnaf_pid": "GAWA_147025920",
    "ee": true,
    "tech_change_status": "Not Planned"
   }
  },
  {
   "type": "Feature",
   "geometry": {
    "type": "Point",
    "coordinates": [
     123.63707,
     -17.31666
    ]
   },
   "properties": {
    "name": "18 KUNAMARRA STREET DERBY 6728",
    "locID": "LOC000038903313",
    "tech": "FTTN",
    "upgrade": "NULL_NA",
    "gnaf_pid": "GAWA_147025921",
    "ee": true,
    "tech_change_status": "Not Planned"
   }
  },
  {
   "type": "Feature",
   "geometry": {
    "type": "Point",
    "coordinates": [
     123.63724,
     -17.31577
    ]
   },
   "properties": {
    "name": "18 BLYTHE STREET DERBY 6728",
    "locID": "LOC000024759730",
    "tech": "FTTN",
    "upgrade": "NULL_NA",
    "gnaf_pid": "GAWA_147025922",
    "ee": true,
    "tech_change_status": "Not Planned"
   }
  },
  {
   "type": "Feature",
   "geometry": {
    "type": "Point",
    "coordinates": [
     123.63746,
     -17.31748
    ]
   },
   "properties": {
    "name": "20 BAOBAB STREET DERBY 6728",
    "locID": "LOC000088571717",
    "tech": "FTTN",
    "upgrade": "NULL_NA",
    "gnaf_pid": "GAWA_147025938",
    "ee": true,
    "tech_change_status": "Not Planned"
   }
  },
  {
   "type": "Feature",
   "geometry": {
    "type": "Point",
    "coordinates": [
     123.63766,
     -17.31781
    ]
   },
   "properties": {
    "name": "21 BARNETT WAY DERBY 6728",
    "locID": "LOC000078420062",
    "tech": "FTTN",
    "upgrade": "NULL_NA",
    "gnaf_pid": "GAWA_147025939",
    "ee": true,
    "tech_change_status": "Not Planned"
   }
  },
  {
   "type": "Feature",
   "geometry": {
    "type": "Point",
    "coordinates": [
     123.63766,
     -17.31748
    ]
   },
   "properties": {
    "name": "22 BAOBAB STREET DERBY 6728",
    "locID": "LOC000055481997",
    "tech": "FTTN",
    "upgrade": "NULL_NA",
    "gnaf_pid": "GAWA_147025940",
    "ee": true,
    "tech_change_status": "Not Planned"
   }
  },
  {
   "type": "Feature",
   "geometry": {
    "type": "Point",
    "coordinates": [
     123.63786,
     -17.31781
    ]
   },
   "properties": {
    "name": "23 BARNETT WAY DERBY 6728",
    "locID": "LOC000095835711",
    "tech": "FTTN",
    "upgrade": "NULL_NA",
    "gnaf_pid": "GAWA_147025941",
    "ee": true,
    "tech_change_status": "Not Planned"
   }
  },
  {
   "type": "Feature",
   "geometry": {
    "type": "Point",
    "coordinates": [
     123.64769,
     -17.31745
    ]
   },
   "properties": {
    "name": "3 MILLARD STREET DERBY 6728",
    "locID": "LOC000002130263",
    "tech": "FTTN",
    "upgrade": "NULL_NA",
    "gnaf_pid": "GAWA_147026882",
    "ee": true,
    "tech_change_status": "Not Planned"
   }
  },
  {
   "type": "Feature",
   "geometry": {
    "type": "Point",
    "coordinates": [
     123.64769,
     -17.31718
    ]
   },
   "properties": {
    "name": "5 MILLARD STREET DERBY 6728",
    "locID": "LOC000050602924",
    "tech": "FTTN",
    "upgrade": "NULL_NA",
    "gnaf_pid": "GAWA_147026883",
    "ee": true,
    "tech_change_status": "Not Planned"
   }
  },
  {
   "type": "Feature",
   "geometry": {
    "type": "Point",
    "coordinates": [
     123.64881,
     -17.31364
    ]
   },
   "properties": {
    "name": "20 WODEHOUSE STREET DERBY 6728",
    "locID": "LOC000019537268",
    "tech": "FTTN",
    "upgrade": "NULL_NA",
    "gnaf_pid": "GAWA_147026885",
    "ee": true,
    "tech_change_status": "Not Planned"
   }
  },
  {
   "type": "Feature",
   "geometry": {
    "type": "Point",
    "coordinates": [
     123.63915625,
     -17.30728063
    ]
   },
   "properties": {
    "name": "11 STANLEY STREET DERBY 6728",
    "locID": "LOC000058005600",
    "tech": "FTTN",
    "upgrade": "NULL_NA",
    "gnaf_pid": "GAWA_147071838",
    "ee": true,
    "tech_change_status": "Not Planned"
   }
  },
  {
   "type": "Feature",
   "geometry": {
    "type": "Point",
    "coordinates": [
     123.6389427,
     -17.30727829
    ]
   },
   "properties": {
    "name": "7 STANLEY STREET DERBY 6728",
    "locID": "LOC000055627704",
    "tech": "FTTN",
    "upgrade": "NULL_NA",
    "gnaf_pid": "GAWA_147071839",
    "ee": true,
    "tech_change_status": "Not Planned"
   }
  },
  {
   "type": "Feature",
   "geometry": {
    "type": "Point",
    "coordinates": [
     123.63872916,
     -17.30727594
    ]
   },
   "properties": {
    "name": "3 STANLEY STREET DERBY 6728",
    "locID": "LOC000027838390",
    "tech": "FTTN",
    "upgrade": "NULL_NA",
    "gnaf_pid": "GAWA_147071840",
    "ee": true,
    "tech_change_status": "Not Planned"
   }
  },
  {
   "type": "Feature",
   "geometry": {
    "type": "Point",
    "coordinates": [
     123.63867572,
     -17.30728009
    ]
   },
   "properties": {
    "name": "1 STANLEY STREET DERBY 6728",
    "locID": "LOC000100571386",
    "tech": "FTTN",
    "upgrade": "NULL_NA",
    "gnaf_pid": "GAWA_147071841",
    "ee": true,
    "tech_change_status": "Not Planned"
   }
  },
  {
   "type": "Feature",
   "geometry": {
    "type": "Point",
    "coordinates": [
     123.64455,
     -17.30728
    ]
   },
   "properties": {
    "name": "61 STANLEY STREET DERBY 6728",
    "locID": "LOC000038734902",
    "tech": "FTTN",
    "upgrade": "NULL_NA",
    "gnaf_pid": "GAWA_147071842",
    "ee": true,
    "tech_change_status": "Not Planned"
   }
  },
  {
   "type": "Feature",
   "geometry": {
    "type": "Point",
    "coordinates": [
     123.64454905,
     -17.30825193
    ]
   },
   "properties": {
    "name": "32 STANLEY STREET DERBY 6728",
    "locID": "LOC000019494023",
    "tech": "FTTN",
    "upgrade": "NULL_NA",
    "gnaf_pid": "GAWA_147071843",
    "ee": true,
    "tech_change_status": "Not Planned"
   }
  },
  {
   "type": "Feature",
   "geometry": {
    "type": "Point",
    "coordinates": [
     123.64426,
     -17.30728
    ]
   },
   "properties": {
    "name": "59 STANLEY STREET DERBY 6728",
    "locID": "LOC000037281580",
    "tech": "FTTN",
    "upgrade": "NULL_NA",
    "gnaf_pid": "GAWA_147071844",
    "ee": true,
    "tech_change_status": "Not Planned"
   }
  },
  {
   "type": "Feature",
   "geometry": {
    "type": "Point",
    "coordinates": [
     123.64427,
     -17.30825
    ]
   },
   "properties": {
    "name": "28 STANLEY STREET DERBY 6728",
    "locID": "LOC000009520317",
    "tech": "FTTN",
    "upgrade": "NULL_NA",
    "gnaf_pid": "GAWA_147071845",
    "ee": true,
    "tech_change_status": "Not Planned"
   }
  },
  {
   "type": "Feature",
   "geometry": {
    "type": "Point",
    "coordinates": [
     123.64398,
     -17.30728
    ]
   },
   "properties": {
    "name": "57 STANLEY STREET DERBY 6728",
    "locID": "LOC000025575957",
    "tech": "FTTN",
    "upgrade": "NULL_NA",
    "gnaf_pid": "GAWA_147071846",
    "ee": true,
    "tech_change_status": "Not Planned"
   }
  },
  {
   "type": "Feature",
   "geometry": {
    "type": "Point",
    "coordinates": [
     123.63981,
     -17.30728
    ]
   },
   "properties": {
    "name": "23 STANLEY STREET DERBY 6728",
    "locID": "LOC000006973516",
    "tech": "FTTN",
    "upgrade": "NULL_NA",
    "gnaf_pid": "GAWA_147076031",
    "ee": true,
    "tech_change_status": "Not Planned"
   }
  },
  {
   "type": "Feature",
   "geometry": {
    "type": "Point",
    "coordinates": [
     123.63953,
     -17.30728
    ]
   },
   "properties": {
    "name": "19 STANLEY STREET DERBY 6728",
    "locID": "LOC000031436332",
    "tech": "FTTN",
    "upgrade": "NULL_NA",
    "gnaf_pid": "GAWA_147076032",
    "ee": true,
    "tech_change_status": "Not Planned"
   }
  },
  {
   "type": "Feature",
   "geometry": {
    "type": "Point",
    "coordinates": [
     123.63936979,
     -17.30728298
    ]
   },
   "properties": {
    "name": "15 STANLEY STREET DERBY 6728",
    "locID": "LOC000099126976",
    "tech": "FTTN",
    "upgrade": "NULL_NA",
    "gnaf_pid": "GAWA_147076033",
    "ee": true,
    "tech_change_status": "Not Planned"
   }
  },
  {
   "type": "Feature",
   "geometry": {
    "type": "Point",
    "coordinates": [
     123.6564,
     -17.31289
    ]
   },
   "properties": {
    "name": "12 DAMPIER DRIVE DERBY 6728",
    "locID": "LOC000082508498",
    "tech": "FTTN",
    "upgrade": "NULL_NA",
    "gnaf_pid": "GAWA_147093992",
    "ee": true,
    "tech_change_status": "Not Planned"
   }
  },
  {
   "type": "Feature",
   "geometry": {
    "type": "Point",
    "coordinates": [
     123.64151,
     -17.30586
    ]
   },
   "properties": {
    "name": "24 PANTON STREET DERBY 6728",
    "locID": "LOC000147462312",
    "tech": "FTTN",
    "upgrade": "NULL_NA",
    "gnaf_pid": "GAWA_147102328",
    "ee": true,
    "tech_change_status": "Not Planned"
   }
  },
  {
   "type": "Feature",
   "geometry": {
    "type": "Point",
    "coordinates": [
     123.64176,
     -17.30586
    ]
   },
   "properties": {
    "name": "22 PANTON STREET DERBY 6728",
    "locID": "LOC000065927575",
    "tech": "FTTN",
    "upgrade": "NULL_NA",
    "gnaf_pid": "GAWA_147102889",
    "ee": true,
    "tech_change_status": "Not Planned"
   }
  },
  {
   "type": "Feature",
   "geometry": {
    "type": "Point",
    "coordinates": [
     123.64198,
     -17.30586
    ]
   },
   "properties": {
    "name": "20 PANTON STREET DERBY 6728",
    "locID": "LOC000102518544",
    "tech": "FTTN",
    "upgrade": "NULL_NA",
    "gnaf_pid": "GAWA_147102890",
    "ee": true,
    "tech_change_status": "Not Planned"
   }
  },
  {
   "type": "Feature",
   "geometry": {
    "type": "Point",
    "coordinates": [
     123.64221,
     -17.30586
    ]
   },
   "properties": {
    "name": "18 PANTON STREET DERBY 6728",
    "locID": "LOC000036592459",
    "tech": "FTTN",
    "upgrade": "NULL_NA",
    "gnaf_pid": "GAWA_147102891",
    "ee": true,
    "tech_change_status": "Not Planned"
   }
  },
  {
   "type": "Feature",
   "geometry": {
    "type": "Point",
    "coordinates": [
     123.64314,
     -17.30664
    ]
   },
   "properties": {
    "name": "6 NUYTSIA WAY DERBY 6728",
    "locID": "LOC000055579460",
    "tech": "FTTN",
    "upgrade": "NULL_NA",
    "gnaf_pid": "GAWA_147103615",
    "ee": true,
    "tech_change_status": "Not Planned"
   }
  },
  {
   "type": "Feature",
   "geometry": {
    "type": "Point",
    "coordinates": [
     123.64279,
     -17.30673
    ]
   },
   "properties": {
    "name": "5 FIELD STREET DERBY 6728",
    "locID": "LOC000063937833",
    "tech": "FTTN",
    "upgrade": "NULL_NA",
    "gnaf_pid": "GAWA_147103616",
    "ee": true,
    "tech_change_status": "Not Planned"
   }
  },
  {
   "type": "Feature",
   "geometry": {
    "type": "Point",
    "coordinates": [
     123.64279,
     -17.30689
    ]
   },
   "properties": {
    "name": "7 FIELD STREET DERBY 6728",
    "locID": "LOC000079006941",
    "tech": "FTTN",
    "upgrade": "NULL_NA",
    "gnaf_pid": "GAWA_147103617",
    "ee": true,
    "tech_change_status": "Not Planned"
   }
  },
  {
   "type": "Feature",
   "geometry": {
    "type": "Point",
    "coordinates": [
     123.64014,
     -17.30497
    ]
   },
   "properties": {
    "name": "38 PANTON STREET DERBY 6728",
    "locID": "LOC000133502187",
    "tech": "FTTN",
    "upgrade": "NULL_NA",
    "gnaf_pid": "GAWA_147105932",
    "ee": true,
    "tech_change_status": "Not Planned"
   }
  },
  {
   "type": "Feature",
   "geometry": {
    "type": "Point",
    "coordinates": [
     123.63886951,
     -17.30448231
    ]
   },
   "properties": {
    "name": "4 BENNING PLACE DERBY 6728",
    "locID": "LOC000003023716",
    "tech": "FTTN",
    "upgrade": "NULL_NA",
    "gnaf_pid": "GAWA_147105933",
    "ee": true,
    "tech_change_status": "Not Planned"
   }
  },
  {
   "type": "Feature",
   "geometry": {
    "type": "Point",
    "coordinates": [
     123.63974948,
     -17.30515544
    ]
   },
   "properties": {
    "name": "6 BENNING PLACE DERBY 6728",
    "locID": "LOC000004542242",
    "tech": "FTTN",
    "upgrade": "NULL_NA",
    "gnaf_pid": "GAWA_147105935",
    "ee": true,
    "tech_change_status": "Not Planned"
   }
  },
  {
   "type": "Feature",
   "geometry": {
    "type": "Point",
    "coordinates": [
     123.63975,
     -17.30516
    ]
   },
   "properties": {
    "name": "8 BENNING PLACE DERBY 6728",
    "locID": "LOC000002211899",
    "tech": "FTTN",
    "upgrade": "NULL_NA",
    "gnaf_pid": "GAWA_147105936",
    "ee": true,
    "tech_change_status": "Not Planned"
   }
  },
  {
   "type": "Feature",
   "geometry": {
    "type": "Point",
    "coordinates": [
     123.63931,
     -17.30514
    ]
   },
   "properties": {
    "name": "9 BENNING PLACE DERBY 6728",
    "locID": "LOC000103425056",
    "tech": "FTTN",
    "upgrade": "NULL_NA",
    "gnaf_pid": "GAWA_147105937",
    "ee": true,
    "tech_change_status": "Not Planned"
   }
  },
  {
   "type": "Feature",
   "geometry": {
    "type": "Point",
    "coordinates": [
     123.64056,
     -17.30586
    ]
   },
   "properties": {
    "name": "32 PANTON STREET DERBY 6728",
    "locID": "LOC000017904214",
    "tech": "FTTN",
    "upgrade": "NULL_NA",
    "gnaf_pid": "GAWA_147105938",
    "ee": true,
    "tech_change_status": "Not Planned"
   }
  },
  {
   "type": "Feature",
   "geometry": {
    "type": "Point",
    "coordinates": [
     123.63809,
     -17.30587
    ]
   },
   "properties": {
    "name": "1 HESELTINE COURT DERBY 6728",
    "locID": "LOC000064672986",
    "tech": "FTTN",
    "upgrade": "NULL_NA",
    "gnaf_pid": "GAWA_147110184",
    "ee": true,
    "tech_change_status": "Not Planned"
   }
  },
  {
   "type": "Feature",
   "geometry": {
    "type": "Point",
    "coordinates": [
     123.63811,
     -17.30557
    ]
   },
   "properties": {
    "name": "3 HESELTINE COURT DERBY 6728",
    "locID": "LOC000048273098",
    "tech": "FTTN",
    "upgrade": "NULL_NA",
    "gnaf_pid": "GAWA_147110185",
    "ee": true,
    "tech_change_status": "Not Planned"
   }
  },
  {
   "type": "Feature",
   "geometry": {
    "type": "Point",
    "coordinates": [
     123.6384,
     -17.30556
    ]
   },
   "properties": {
    "name": "4 HESELTINE COURT DERBY 6728",
    "locID": "LOC000041811671",
    "tech": "FTTN",
    "upgrade": "NULL_NA",
    "gnaf_pid": "GAWA_147110186",
    "ee": true,
    "tech_change_status": "Not Planned"
   }
  },
  {
   "type": "Feature",
   "geometry": {
    "type": "Point",
    "coordinates": [
     123.63851,
     -17.30586
    ]
   },
   "properties": {
    "name": "2 HESELTINE COURT DERBY 6728",
    "locID": "LOC000011080637",
    "tech": "FTTN",
    "upgrade": "NULL_NA",
    "gnaf_pid": "GAWA_147110187",
    "ee": true,
    "tech_change_status": "Not Planned"
   }
  },
  {
   "type": "Feature",
   "geometry": {
    "type": "Point",
    "coordinates": [
     123.6388,
     -17.30583
    ]
   },
   "properties": {
    "name": "1 BENNING PLACE DERBY 6728",
    "locID": "LOC000051658655",
    "tech": "FTTN",
    "upgrade": "NULL_NA",
    "gnaf_pid": "GAWA_147110188",
    "ee": true,
    "tech_change_status": "Not Planned"
   }
  },
  {
   "type": "Feature",
   "geometry": {
    "type": "Point",
    "coordinates": [
     123.64482201,
     -17.31027116
    ]
   },
   "properties": {
    "name": "7 MINIRITCHIE PLACE DERBY 6728",
    "locID": "LOC000133480106",
    "tech": "FTTN",
    "upgrade": "NULL_NA",
    "gnaf_pid": "GAWA_147116563",
    "ee": true,
    "tech_change_status": "Not Planned"
   }
  },
  {
   "type": "Feature",
   "geometry": {
    "type": "Point",
    "coordinates": [
     123.64081,
     -17.30586
    ]
   },
   "properties": {
    "name": "30 PANTON STREET DERBY 6728",
    "locID": "LOC000081006881",
    "tech": "FTTN",
    "upgrade": "NULL_NA",
    "gnaf_pid": "GAWA_147117560",
    "ee": true,
    "tech_change_status": "Not Planned"
   }
  },
  {
   "type": "Feature",
   "geometry": {
    "type": "Point",
    "coordinates": [
     123.64103,
     -17.30586
    ]
   },
   "properties": {
    "name": "28 PANTON STREET DERBY 6728",
    "locID": "LOC000029687882",
    "tech": "FTTN",
    "upgrade": "NULL_NA",
    "gnaf_pid": "GAWA_147117561",
    "ee": true,
    "tech_change_status": "Not Planned"
   }
  },
  {
   "type": "Feature",
   "geometry": {
    "type": "Point",
    "coordinates": [
     123.64126,
     -17.30586
    ]
   },
   "properties": {
    "name": "26 PANTON STREET DERBY 6728",
    "locID": "LOC000021183781",
    "tech": "FTTN",
    "upgrade": "NULL_NA",
    "gnaf_pid": "GAWA_147117562",
    "ee": true,
    "tech_change_status": "Not Planned"
   }
  },
  {
   "type": "Feature",
   "geometry": {
    "type": "Point",
    "coordinates": [
     123.6427,
     -17.30633
    ]
   },
   "properties": {
    "name": "1 FIELD STREET DERBY 6728",
    "locID": "LOC000054084022",
    "tech": "FTTN",
    "upgrade": "NULL_NA",
    "gnaf_pid": "GAWA_147123038",
    "ee": true,
    "tech_change_status": "Not Planned"
   }
  },
  {
   "type": "Feature",
   "geometry": {
    "type": "Point",
    "coordinates": [
     123.64289,
     -17.30633
    ]
   },
   "properties": {
    "name": "17 PANTON STREET DERBY 6728",
    "locID": "LOC000055521345",
    "tech": "FTTN",
    "upgrade": "NULL_NA",
    "gnaf_pid": "GAWA_147123039",
    "ee": true,
    "tech_change_status": "Not Planned"
   }
  },
  {
   "type": "Feature",
   "geometry": {
    "type": "Point",
    "coordinates": [
     123.64279,
     -17.30656
    ]
   },
   "properties": {
    "name": "3 FIELD STREET DERBY 6728",
    "locID": "LOC000043551055",
    "tech": "FTTN",
    "upgrade": "NULL_NA",
    "gnaf_pid": "GAWA_147123041",
    "ee": true,
    "tech_change_status": "Not Planned"
   }
  },
  {
   "type": "Feature",
   "geometry": {
    "type": "Point",
    "coordinates": [
     123.64377,
     -17.30665
    ]
   },
   "properties": {
    "name": "5 NUYTSIA WAY DERBY 6728",
    "locID": "LOC000033862479",
    "tech": "FTTN",
    "upgrade": "NULL_NA",
    "gnaf_pid": "GAWA_147124746",
    "ee": true,
    "tech_change_status": "Not Planned"
   }
  },
  {
   "type": "Feature",
   "geometry": {
    "type": "Point",
    "coordinates": [
     123.64396,
     -17.30665
    ]
   },
   "properties": {
    "name": "7 NUYTSIA WAY DERBY 6728",
    "locID": "LOC000004778710",
    "tech": "FTTN",
    "upgrade": "NULL_NA",
    "gnaf_pid": "GAWA_147124747",
    "ee": true,
    "tech_change_status": "Not Planned"
   }
  },
  {
   "type": "Feature",
   "geometry": {
    "type": "Point",
    "coordinates": [
     123.64415,
     -17.30665
    ]
   },
   "properties": {
    "name": "9 NUYTSIA WAY DERBY 6728",
    "locID": "LOC000102064723",
    "tech": "FTTN",
    "upgrade": "NULL_NA",
    "gnaf_pid": "GAWA_147124748",
    "ee": true,
    "tech_change_status": "Not Planned"
   }
  },
  {
   "type": "Feature",
   "geometry": {
    "type": "Point",
    "coordinates": [
     123.64453,
     -17.30665
    ]
   },
   "properties": {
    "name": "13 NUYTSIA WAY DERBY 6728",
    "locID": "LOC000050942760",
    "tech": "FTTN",
    "upgrade": "NULL_NA",
    "gnaf_pid": "GAWA_147124749",
    "ee": true,
    "tech_change_status": "Not Planned"
   }
  },
  {
   "type": "Feature",
   "geometry": {
    "type": "Point",
    "coordinates": [
     123.64476,
     -17.30665
    ]
   },
   "properties": {
    "name": "15 NUYTSIA WAY DERBY 6728",
    "locID": "LOC000032841193",
    "tech": "FTTN",
    "upgrade": "NULL_NA",
    "gnaf_pid": "GAWA_147124750",
    "ee": true,
    "tech_change_status": "Not Planned"
   }
  },
  {
   "type": "Feature",
   "geometry": {
    "type": "Point",
    "coordinates": [
     123.64479,
     -17.30713
    ]
   },
   "properties": {
    "name": "7 JULD STREET DERBY 6728",
    "locID": "LOC000085211265",
    "tech": "FTTN",
    "upgrade": "NULL_NA",
    "gnaf_pid": "GAWA_147124751",
    "ee": true,
    "tech_change_status": "Not Planned"
   }
  },
  {
   "type": "Feature",
   "geometry": {
    "type": "Point",
    "coordinates": [
     123.64479,
     -17.30743
    ]
   },
   "properties": {
    "name": "5 JULD STREET DERBY 6728",
    "locID": "LOC000024462538",
    "tech": "FTTN",
    "upgrade": "NULL_NA",
    "gnaf_pid": "GAWA_147124752",
    "ee": true,
    "tech_change_status": "Not Planned"
   }
  },
  {
   "type": "Feature",
   "geometry": {
    "type": "Point",
    "coordinates": [
     123.64357752,
     -17.30665099
    ]
   },
   "properties": {
    "name": "3 NUYTSIA WAY DERBY 6728",
    "locID": "LOC000071092707",
    "tech": "FTTN",
    "upgrade": "NULL_NA",
    "gnaf_pid": "GAWA_147128338",
    "ee": true,
    "tech_change_status": "Not Planned"
   }
  },
  {
   "type": "Feature",
   "geometry": {
    "type": "Point",
    "coordinates": [
     123.64311,
     -17.30684
    ]
   },
   "properties": {
    "name": "8 NUYTSIA WAY DERBY 6728",
    "locID": "LOC000094508373",
    "tech": "FTTN",
    "upgrade": "NULL_NA",
    "gnaf_pid": "GAWA_147131377",
    "ee": true,
    "tech_change_status": "Not Planned"
   }
  },
  {
   "type": "Feature",
   "geometry": {
    "type": "Point",
    "coordinates": [
     123.64313,
     -17.30711
    ]
   },
   "properties": {
    "name": "10 NUYTSIA WAY DERBY 6728",
    "locID": "LOC000027735056",
    "tech": "FTTN",
    "upgrade": "NULL_NA",
    "gnaf_pid": "GAWA_147131378",
    "ee": true,
    "tech_change_status": "Not Planned"
   }
  },
  {
   "type": "Feature",
   "geometry": {
    "type": "Point",
    "coordinates": [
     123.64361,
     -17.30633
    ]
   },
   "properties": {
    "name": "13 PANTON STREET DERBY 6728",
    "locID": "LOC000038856404",
    "tech": "FTTN",
    "upgrade": "NULL_NA",
    "gnaf_pid": "GAWA_147131379",
    "ee": true,
    "tech_change_status": "Not Planned"
   }
  },
  {
   "type": "Feature",
   "geometry": {
    "type": "Point",
    "coordinates": [
     123.64384,
     -17.30633
    ]
   },
   "properties": {
    "name": "11 PANTON STREET DERBY 6728",
    "locID": "LOC000100671573",
    "tech": "FTTN",
    "upgrade": "NULL_NA",
    "gnaf_pid": "GAWA_147131380",
    "ee": true,
    "tech_change_status": "Not Planned"
   }
  },
  {
   "type": "Feature",
   "geometry": {
    "type": "Point",
    "coordinates": [
     123.64403,
     -17.30633
    ]
   },
   "properties": {
    "name": "9 PANTON STREET DERBY 6728",
    "locID": "LOC000063831516",
    "tech": "FTTN",
    "upgrade": "NULL_NA",
    "gnaf_pid": "GAWA_147131381",
    "ee": true,
    "tech_change_status": "Not Planned"
   }
  },
  {
   "type": "Feature",
   "geometry": {
    "type": "Point",
    "coordinates": [
     123.64422,
     -17.30633
    ]
   },
   "properties": {
    "name": "7 PANTON STREET DERBY 6728",
    "locID": "LOC000110003198",
    "tech": "FTTN",
    "upgrade": "NULL_NA",
    "gnaf_pid": "GAWA_147131382",
    "ee": true,
    "tech_change_status": "Not Planned"
   }
  },
  {
   "type": "Feature",
   "geometry": {
    "type": "Point",
    "coordinates": [
     123.64434,
     -17.30665
    ]
   },
   "properties": {
    "name": "11 NUYTSIA WAY DERBY 6728",
    "locID": "LOC000005683963",
    "tech": "FTTN",
    "upgrade": "NULL_NA",
    "gnaf_pid": "GAWA_147131383",
    "ee": true,
    "tech_change_status": "Not Planned"
   }
  },
  {
   "type": "Feature",
   "geometry": {
    "type": "Point",
    "coordinates": [
     123.64441,
     -17.30633
    ]
   },
   "properties": {
    "name": "5 PANTON STREET DERBY 6728",
    "locID": "LOC000071688290",
    "tech": "FTTN",
    "upgrade": "NULL_NA",
    "gnaf_pid": "GAWA_147131384",
    "ee": true,
    "tech_change_status": "Not Planned"
   }
  },
  {
   "type": "Feature",
   "geometry": {
    "type": "Point",
    "coordinates": [
     123.6446,
     -17.30633
    ]
   },
   "properties": {
    "name": "3 PANTON STREET DERBY 6728",
    "locID": "LOC000085273430",
    "tech": "FTTN",
    "upgrade": "NULL_NA",
    "gnaf_pid": "GAWA_147131385",
    "ee": true,
    "tech_change_status": "Not Planned"
   }
  },
  {
   "type": "Feature",
   "geometry": {
    "type": "Point",
    "coordinates": [
     123.64479,
     -17.30634
    ]
   },
   "properties": {
    "name": "1 PANTON STREET DERBY 6728",
    "locID": "LOC000014535550",
    "tech": "FTTN",
    "upgrade": "NULL_NA",
    "gnaf_pid": "GAWA_147131386",
    "ee": true,
    "tech_change_status": "Not Planned"
   }
  },
  {
   "type": "Feature",
   "geometry": {
    "type": "Point",
    "coordinates": [
     123.64314,
     -17.30645
    ]
   },
   "properties": {
    "name": "4 NUYTSIA WAY DERBY 6728",
    "locID": "LOC000015490388",
    "tech": "FTTN",
    "upgrade": "NULL_NA",
    "gnaf_pid": "GAWA_147131762",
    "ee": true,
    "tech_change_status": "Not Planned"
   }
  },
  {
   "type": "Feature",
   "geometry": {
    "type": "Point",
    "coordinates": [
     123.63357,
     -17.3148
    ]
   },
   "properties": {
    "name": "109 ROWAN STREET DERBY 6728",
    "locID": "LOC000090616912",
    "tech": "FTTN",
    "upgrade": "NULL_NA",
    "gnaf_pid": "GAWA_147133805",
    "ee": true,
    "tech_change_status": "Not Planned"
   }
  },
  {
   "type": "Feature",
   "geometry": {
    "type": "Point",
    "coordinates": [
     123.6361457,
     -17.31780813
    ]
   },
   "properties": {
    "name": "3 BARNETT WAY DERBY 6728",
    "locID": "LOC000168189944",
    "tech": "FTTN",
    "upgrade": "NULL_NA",
    "gnaf_pid": "GAWA_147140723",
    "ee": true,
    "tech_change_status": "Not Planned"
   }
  },
  {
   "type": "Feature",
   "geometry": {
    "type": "Point",
    "coordinates": [
     123.65596146,
     -17.32690897
    ]
   },
   "properties": {
    "name": "38 FITZROY STREET DERBY 6728",
    "locID": "LOC000019484882",
    "tech": "FTTN",
    "upgrade": "NULL_NA",
    "gnaf_pid": "GAWA_147142235",
    "ee": true,
    "tech_change_status": "Not Planned"
   }
  },
  {
   "type": "Feature",
   "geometry": {
    "type": "Point",
    "coordinates": [
     123.63678,
     -17.32353
    ]
   },
   "properties": {
    "name": "12 KURRAJONG LOOP DERBY 6728",
    "locID": "LOC000080143513",
    "tech": "FTTN",
    "upgrade": "NULL_NA",
    "gnaf_pid": "GAWA_147146937",
    "ee": true,
    "tech_change_status": "Not Planned"
   }
  },
  {
   "type": "Feature",
   "geometry": {
    "type": "Point",
    "coordinates": [
     123.66433,
     -17.31646
    ]
   },
   "properties": {
    "name": "10 LOVEGROVE STREET DERBY 6728",
    "locID": "LOC000090163323",
    "tech": "NULL",
    "upgrade": "NULL_NA",
    "gnaf_pid": "GAWA_147148681",
    "ee": true,
    "tech_change_status": "Not Planned"
   }
  },
  {
   "type": "Feature",
   "geometry": {
    "type": "Point",
    "coordinates": [
     123.63832,
     -17.32359
    ]
   },
   "properties": {
    "name": "22 BLOODWOOD CRESCENT DERBY 6728",
    "locID": "LOC000063362225",
    "tech": "FTTN",
    "upgrade": "NULL_NA",
    "gnaf_pid": "GAWA_147149975",
    "ee": true,
    "tech_change_status": "Not Planned"
   }
  },
  {
   "type": "Feature",
   "geometry": {
    "type": "Point",
    "coordinates": [
     123.63817,
     -17.3234
    ]
   },
   "properties": {
    "name": "24 BLOODWOOD CRESCENT DERBY 6728",
    "locID": "LOC000053689888",
    "tech": "FTTN",
    "upgrade": "NULL_NA",
    "gnaf_pid": "GAWA_147149976",
    "ee": true,
    "tech_change_status": "Not Planned"
   }
  },
  {
   "type": "Feature",
   "geometry": {
    "type": "Point",
    "coordinates": [
     123.63135,
     -17.3073
    ]
   },
   "properties": {
    "name": "17 NEVILL STREET DERBY 6728",
    "locID": "LOC000003738852",
    "tech": "FTTN",
    "upgrade": "NULL_NA",
    "gnaf_pid": "GAWA_147151705",
    "ee": true,
    "tech_change_status": "Not Planned"
   }
  },
  {
   "type": "Feature",
   "geometry": {
    "type": "Point",
    "coordinates": [
     123.64489,
     -17.30968
    ]
   },
   "properties": {
    "name": "116 LOCH STREET DERBY 6728",
    "locID": "LOC000070601148",
    "tech": "FTTN",
    "upgrade": "NULL_NA",
    "gnaf_pid": "GAWA_147151706",
    "ee": true,
    "tech_change_status": "Not Planned"
   }
  },
  {
   "type": "Feature",
   "geometry": {
    "type": "Point",
    "coordinates": [
     123.63015,
     -17.30303
    ]
   },
   "properties": {
    "name": "59 LOCH STREET DERBY 6728",
    "locID": "LOC000083973869",
    "tech": "FTTN",
    "upgrade": "NULL_NA",
    "gnaf_pid": "GAWA_147154489",
    "ee": true,
    "tech_change_status": "Not Planned"
   }
  },
  {
   "type": "Feature",
   "geometry": {
    "type": "Point",
    "coordinates": [
     123.63017,
     -17.30272
    ]
   },
   "properties": {
    "name": "4 HARDMAN STREET DERBY 6728",
    "locID": "LOC000089138928",
    "tech": "FTTN",
    "upgrade": "NULL_NA",
    "gnaf_pid": "GAWA_147154491",
    "ee": true,
    "tech_change_status": "Not Planned"
   }
  },
  {
   "type": "Feature",
   "geometry": {
    "type": "Point",
    "coordinates": [
     123.63805,
     -17.3232
    ]
   },
   "properties": {
    "name": "26 BLOODWOOD CRESCENT DERBY 6728",
    "locID": "LOC000015396591",
    "tech": "FTTN",
    "upgrade": "NULL_NA",
    "gnaf_pid": "GAWA_147154912",
    "ee": true,
    "tech_change_status": "Not Planned"
   }
  },
  {
   "type": "Feature",
   "geometry": {
    "type": "Point",
    "coordinates": [
     123.638,
     -17.32301
    ]
   },
   "properties": {
    "name": "28 BLOODWOOD CRESCENT DERBY 6728",
    "locID": "LOC000002185262",
    "tech": "FTTN",
    "upgrade": "NULL_NA",
    "gnaf_pid": "GAWA_147154913",
    "ee": true,
    "tech_change_status": "Not Planned"
   }
  },
  {
   "type": "Feature",
   "geometry": {
    "type": "Point",
    "coordinates": [
     123.63797,
     -17.32281
    ]
   },
   "properties": {
    "name": "30 BLOODWOOD CRESCENT DERBY 6728",
    "locID": "LOC000041647854",
    "tech": "FTTN",
    "upgrade": "NULL_NA",
    "gnaf_pid": "GAWA_147154914",
    "ee": true,
    "tech_change_status": "Not Planned"
   }
  },
  {
   "type": "Feature",
   "geometry": {
    "type": "Point",
    "coordinates": [
     123.63751,
     -17.32297
    ]
   },
   "properties": {
    "name": "2 KURRAJONG LOOP DERBY 6728",
    "locID": "LOC000098536743",
    "tech": "FTTN",
    "upgrade": "NULL_NA",
    "gnaf_pid": "GAWA_147154915",
    "ee": true,
    "tech_change_status": "Not Planned"
   }
  },
  {
   "type": "Feature",
   "geometry": {
    "type": "Point",
    "coordinates": [
     123.63729,
     -17.323
    ]
   },
   "properties": {
    "name": "4 KURRAJONG LOOP DERBY 6728",
    "locID": "LOC000055946363",
    "tech": "FTTN",
    "upgrade": "NULL_NA",
    "gnaf_pid": "GAWA_147154916",
    "ee": true,
    "tech_change_status": "Not Planned"
   }
  },
  {
   "type": "Feature",
   "geometry": {
    "type": "Point",
    "coordinates": [
     123.63707,
     -17.32304
    ]
   },
   "properties": {
    "name": "6 KURRAJONG LOOP DERBY 6728",
    "locID": "LOC000009557540",
    "tech": "FTTN",
    "upgrade": "NULL_NA",
    "gnaf_pid": "GAWA_147154917",
    "ee": true,
    "tech_change_status": "Not Planned"
   }
  },
  {
   "type": "Feature",
   "geometry": {
    "type": "Point",
    "coordinates": [
     123.63682,
     -17.32308
    ]
   },
   "properties": {
    "name": "8 KURRAJONG LOOP DERBY 6728",
    "locID": "LOC000074434928",
    "tech": "FTTN",
    "upgrade": "NULL_NA",
    "gnaf_pid": "GAWA_147154918",
    "ee": true,
    "tech_change_status": "Not Planned"
   }
  },
  {
   "type": "Feature",
   "geometry": {
    "type": "Point",
    "coordinates": [
     123.63661,
     -17.32324
    ]
   },
   "properties": {
    "name": "10 KURRAJONG LOOP DERBY 6728",
    "locID": "LOC000017932829",
    "tech": "FTTN",
    "upgrade": "NULL_NA",
    "gnaf_pid": "GAWA_147154919",
    "ee": true,
    "tech_change_status": "Not Planned"
   }
  },
  {
   "type": "Feature",
   "geometry": {
    "type": "Point",
    "coordinates": [
     123.63347,
     -17.3144
    ]
   },
   "properties": {
    "name": "99 ROWAN STREET DERBY 6728",
    "locID": "LOC000073469749",
    "tech": "FTTN",
    "upgrade": "NULL_NA",
    "gnaf_pid": "GAWA_147155618",
    "ee": true,
    "tech_change_status": "Not Planned"
   }
  },
  {
   "type": "Feature",
   "geometry": {
    "type": "Point",
    "coordinates": [
     123.65910313,
     -17.32755288
    ]
   },
   "properties": {
    "name": "29 DERBY HIGHWAY DERBY 6728",
    "locID": "LOC000090412837",
    "tech": "FTTN",
    "upgrade": "NULL_NA",
    "gnaf_pid": "GAWA_147156576",
    "ee": true,
    "tech_change_status": "Not Planned"
   }
  },
  {
   "type": "Feature",
   "geometry": {
    "type": "Point",
    "coordinates": [
     123.63445964,
     -17.31604243
    ]
   },
   "properties": {
    "name": "58 MARMION STREET DERBY 6728",
    "locID": "LOC000116503373",
    "tech": "FTTN",
    "upgrade": "NULL_NA",
    "gnaf_pid": "GAWA_147163339",
    "ee": true,
    "tech_change_status": "Not Planned"
   }
  },
  {
   "type": "Feature",
   "geometry": {
    "type": "Point",
    "coordinates": [
     123.63799,
     -17.32257
    ]
   },
   "properties": {
    "name": "32 BLOODWOOD CRESCENT DERBY 6728",
    "locID": "LOC000182456851",
    "tech": "FTTN",
    "upgrade": "NULL_NA",
    "gnaf_pid": "GAWA_147165958",
    "ee": true,
    "tech_change_status": "Not Planned"
   }
  },
  {
   "type": "Feature",
   "geometry": {
    "type": "Point",
    "coordinates": [
     123.64663,
     -17.30868
    ]
   },
   "properties": {
    "name": "191 LOCH STREET DERBY 6728",
    "locID": "LOC000044917059",
    "tech": "FTTP",
    "upgrade": "NULL_NA",
    "gnaf_pid": "GAWA_147169846",
    "ee": true
   }
  },
  {
   "type": "Feature",
   "geometry": {
    "type": "Point",
    "coordinates": [
     123.6321,
     -17.30832
    ]
   },
   "properties": {
    "name": "4 MARMION STREET DERBY 6728",
    "locID": "LOC000093109141",
    "tech": "FTTN",
    "upgrade": "NULL_NA",
    "gnaf_pid": "GAWA_147171515",
    "ee": true,
    "tech_change_status": "Not Planned"
   }
  },
  {
   "type": "Feature",
   "geometry": {
    "type": "Point",
    "coordinates": [
     123.6321,
     -17.3081
    ]
   },
   "properties": {
    "name": "8 ANDERSON STREET DERBY 6728",
    "locID": "LOC000022110963",
    "tech": "FTTN",
    "upgrade": "NULL_NA",
    "gnaf_pid": "GAWA_147174567",
    "ee": true,
    "tech_change_status": "Not Planned"
   }
  },
  {
   "type": "Feature",
   "geometry": {
    "type": "Point",
    "coordinates": [
     123.64050185,
     -17.3111171
    ]
   },
   "properties": {
    "name": "15 ASHLEY STREET DERBY 6728",
    "locID": "LOC000102704744",
    "tech": "FTTN",
    "upgrade": "NULL_NA",
    "gnaf_pid": "GAWA_147175451",
    "ee": true,
    "tech_change_status": "Not Planned"
   }
  },
  {
   "type": "Feature",
   "geometry": {
    "type": "Point",
    "coordinates": [
     123.64053,
     -17.31129
    ]
   },
   "properties": {
    "name": "17 ASHLEY STREET DERBY 6728",
    "locID": "LOC000038767430",
    "tech": "FTTN",
    "upgrade": "NULL_NA",
    "gnaf_pid": "GAWA_147176956",
    "ee": true,
    "tech_change_status": "Not Planned"
   }
  },
  {
   "type": "Feature",
   "geometry": {
    "type": "Point",
    "coordinates": [
     123.63826,
     -17.32238
    ]
   },
   "properties": {
    "name": "20 MIMOSA STREET DERBY 6728",
    "locID": "LOC000051918849",
    "tech": "FTTN",
    "upgrade": "NULL_NA",
    "gnaf_pid": "GAWA_147179239",
    "ee": true,
    "tech_change_status": "Not Planned"
   }
  },
  {
   "type": "Feature",
   "geometry": {
    "type": "Point",
    "coordinates": [
     123.63846,
     -17.32248
    ]
   },
   "properties": {
    "name": "22 MIMOSA STREET DERBY 6728",
    "locID": "LOC000104533498",
    "tech": "FTTN",
    "upgrade": "NULL_NA",
    "gnaf_pid": "GAWA_147179240",
    "ee": true,
    "tech_change_status": "Not Planned"
   }
  },
  {
   "type": "Feature",
   "geometry": {
    "type": "Point",
    "coordinates": [
     123.6383097,
     -17.32272112
    ]
   },
   "properties": {
    "name": "19 WOOLLYBUTT CORNER DERBY 6728",
    "locID": "LOC000017896583",
    "tech": "FTTN",
    "upgrade": "NULL_NA",
    "gnaf_pid": "GAWA_147179241",
    "ee": true,
    "tech_change_status": "Not Planned"
   }
  },
  {
   "type": "Feature",
   "geometry": {
    "type": "Point",
    "coordinates": [
     123.63834,
     -17.32295
    ]
   },
   "properties": {
    "name": "17 WOOLLYBUTT CORNER DERBY 6728",
    "locID": "LOC000049090056",
    "tech": "FTTN",
    "upgrade": "NULL_NA",
    "gnaf_pid": "GAWA_147179242",
    "ee": true,
    "tech_change_status": "Not Planned"
   }
  },
  {
   "type": "Feature",
   "geometry": {
    "type": "Point",
    "coordinates": [
     123.63943,
     -17.32331
    ]
   },
   "properties": {
    "name": "6 WOOLLYBUTT CORNER DERBY 6728",
    "locID": "LOC000023612844",
    "tech": "FTTN",
    "upgrade": "NULL_NA",
    "gnaf_pid": "GAWA_147185677",
    "ee": true,
    "tech_change_status": "Not Planned"
   }
  },
  {
   "type": "Feature",
   "geometry": {
    "type": "Point",
    "coordinates": [
     123.63922,
     -17.32326
    ]
   },
   "properties": {
    "name": "8 WOOLLYBUTT CORNER DERBY 6728",
    "locID": "LOC000055141833",
    "tech": "FTTN",
    "upgrade": "NULL_NA",
    "gnaf_pid": "GAWA_147185678",
    "ee": true,
    "tech_change_status": "Not Planned"
   }
  },
  {
   "type": "Feature",
   "geometry": {
    "type": "Point",
    "coordinates": [
     123.64014,
     -17.30497
    ]
   },
   "properties": {
    "name": "34 PANTON STREET DERBY 6728",
    "locID": "LOC000009504628",
    "tech": "FTTN",
    "upgrade": "NULL_NA",
    "gnaf_pid": "GAWA_147188463",
    "ee": true,
    "tech_change_status": "Not Planned"
   }
  },
  {
   "type": "Feature",
   "geometry": {
    "type": "Point",
    "coordinates": [
     123.64721807,
     -17.30595814
    ]
   },
   "properties": {
    "name": "2 PANTON STREET DERBY 6728",
    "locID": "LOC000016523423",
    "tech": "FTTN",
    "upgrade": "NULL_NA",
    "gnaf_pid": "GAWA_147188464",
    "ee": true,
    "tech_change_status": "Not Planned"
   }
  },
  {
   "type": "Feature",
   "geometry": {
    "type": "Point",
    "coordinates": [
     123.64251,
     -17.30519
    ]
   },
   "properties": {
    "name": "16A PANTON STREET DERBY 6728",
    "locID": "LOC000005664910",
    "tech": "FTTN",
    "upgrade": "NULL_NA",
    "gnaf_pid": "GAWA_147188465",
    "ee": true,
    "tech_change_status": "Not Planned"
   }
  },
  {
   "type": "Feature",
   "geometry": {
    "type": "Point",
    "coordinates": [
     123.6394,
     -17.32379
    ]
   },
   "properties": {
    "name": "5 WOOLLYBUTT CORNER DERBY 6728",
    "locID": "LOC000063400400",
    "tech": "FTTN",
    "upgrade": "NULL_NA",
    "gnaf_pid": "GAWA_147189262",
    "ee": true,
    "tech_change_status": "Not Planned"
   }
  },
  {
   "type": "Feature",
   "geometry": {
    "type": "Point",
    "coordinates": [
     123.63962,
     -17.32381
    ]
   },
   "properties": {
    "name": "3 WOOLLYBUTT CORNER DERBY 6728",
    "locID": "LOC000082276370",
    "tech": "FTTN",
    "upgrade": "NULL_NA",
    "gnaf_pid": "GAWA_147189263",
    "ee": true,
    "tech_change_status": "Not Planned"
   }
  },
  {
   "type": "Feature",
   "geometry": {
    "type": "Point",
    "coordinates": [
     123.63984,
     -17.32381
    ]
   },
   "properties": {
    "name": "1 WOOLLYBUTT CORNER DERBY 6728",
    "locID": "LOC000056336273",
    "tech": "FTTN",
    "upgrade": "NULL_NA",
    "gnaf_pid": "GAWA_147189264",
    "ee": true,
    "tech_change_status": "Not Planned"
   }
  },
  {
   "type": "Feature",
   "geometry": {
    "type": "Point",
    "coordinates": [
     123.63985,
     -17.32331
    ]
   },
   "properties": {
    "name": "2 WOOLLYBUTT CORNER DERBY 6728",
    "locID": "LOC000034449548",
    "tech": "FTTN",
    "upgrade": "NULL_NA",
    "gnaf_pid": "GAWA_147189265",
    "ee": true,
    "tech_change_status": "Not Planned"
   }
  },
  {
   "type": "Feature",
   "geometry": {
    "type": "Point",
    "coordinates": [
     123.63964,
     -17.32331
    ]
   },
   "properties": {
    "name": "4 WOOLLYBUTT CORNER DERBY 6728",
    "locID": "LOC000015428447",
    "tech": "FTTN",
    "upgrade": "NULL_NA",
    "gnaf_pid": "GAWA_147189266",
    "ee": true,
    "tech_change_status": "Not Planned"
   }
  },
  {
   "type": "Feature",
   "geometry": {
    "type": "Point",
    "coordinates": [
     123.63889,
     -17.32261
    ]
   },
   "properties": {
    "name": "24 MIMOSA STREET DERBY 6728",
    "locID": "LOC000080345957",
    "tech": "FTTN",
    "upgrade": "NULL_NA",
    "gnaf_pid": "GAWA_147189267",
    "ee": true,
    "tech_change_status": "Not Planned"
   }
  },
  {
   "type": "Feature",
   "geometry": {
    "type": "Point",
    "coordinates": [
     123.6391,
     -17.32277
    ]
   },
   "properties": {
    "name": "26 MIMOSA STREET DERBY 6728",
    "locID": "LOC000013614081",
    "tech": "FTTN",
    "upgrade": "NULL_NA",
    "gnaf_pid": "GAWA_147189268",
    "ee": true,
    "tech_change_status": "Not Planned"
   }
  },
  {
   "type": "Feature",
   "geometry": {
    "type": "Point",
    "coordinates": [
     123.63937,
     -17.32292
    ]
   },
   "properties": {
    "name": "28 MIMOSA STREET DERBY 6728",
    "locID": "LOC000168860218",
    "tech": "FTTN",
    "upgrade": "NULL_NA",
    "gnaf_pid": "GAWA_147189269",
    "ee": true,
    "tech_change_status": "Not Planned"
   }
  },
  {
   "type": "Feature",
   "geometry": {
    "type": "Point",
    "coordinates": [
     123.63965,
     -17.32297
    ]
   },
   "properties": {
    "name": "32 MIMOSA STREET DERBY 6728",
    "locID": "LOC000096028730",
    "tech": "FTTN",
    "upgrade": "NULL_NA",
    "gnaf_pid": "GAWA_147189270",
    "ee": true,
    "tech_change_status": "Not Planned"
   }
  },
  {
   "type": "Feature",
   "geometry": {
    "type": "Point",
    "coordinates": [
     123.63985,
     -17.32298
    ]
   },
   "properties": {
    "name": "34 MIMOSA STREET DERBY 6728",
    "locID": "LOC000083066520",
    "tech": "FTTN",
    "upgrade": "NULL_NA",
    "gnaf_pid": "GAWA_147189271",
    "ee": true,
    "tech_change_status": "Not Planned"
   }
  },
  {
   "type": "Feature",
   "geometry": {
    "type": "Point",
    "coordinates": [
     123.63984,
     -17.32412
    ]
   },
   "properties": {
    "name": "2 BLOODWOOD CRESCENT DERBY 6728",
    "locID": "LOC000078941930",
    "tech": "FTTN",
    "upgrade": "NULL_NA",
    "gnaf_pid": "GAWA_147189272",
    "ee": true,
    "tech_change_status": "Not Planned"
   }
  },
  {
   "type": "Feature",
   "geometry": {
    "type": "Point",
    "coordinates": [
     123.63964,
     -17.32412
    ]
   },
   "properties": {
    "name": "4 BLOODWOOD CRESCENT DERBY 6728",
    "locID": "LOC000012054015",
    "tech": "FTTN",
    "upgrade": "NULL_NA",
    "gnaf_pid": "GAWA_147189273",
    "ee": true,
    "tech_change_status": "Not Planned"
   }
  },
  {
   "type": "Feature",
   "geometry": {
    "type": "Point",
    "coordinates": [
     123.63579,
     -17.31059
    ]
   },
   "properties": {
    "name": "15 KNOWSLEY STREET WEST DERBY 6728",
    "locID": "LOC000002187349",
    "tech": "FTTN",
    "upgrade": "NULL_NA",
    "gnaf_pid": "GAWA_147190297",
    "ee": true,
    "tech_change_status": "Not Planned"
   }
  },
  {
   "type": "Feature",
   "geometry": {
    "type": "Point",
    "coordinates": [
     123.6356,
     -17.31059
    ]
   },
   "properties": {
    "name": "13 KNOWSLEY STREET WEST DERBY 6728",
    "locID": "LOC000018995578",
    "tech": "FTTN",
    "upgrade": "NULL_NA",
    "gnaf_pid": "GAWA_147190298",
    "ee": true,
    "tech_change_status": "Not Planned"
   }
  },
  {
   "type": "Feature",
   "geometry": {
    "type": "Point",
    "coordinates": [
     123.63541,
     -17.31058
    ]
   },
   "properties": {
    "name": "11 KNOWSLEY STREET WEST DERBY 6728",
    "locID": "LOC000100904215",
    "tech": "FTTN",
    "upgrade": "NULL_NA",
    "gnaf_pid": "GAWA_147190299",
    "ee": true,
    "tech_change_status": "Not Planned"
   }
  },
  {
   "type": "Feature",
   "geometry": {
    "type": "Point",
    "coordinates": [
     123.6384,
     -17.32316
    ]
   },
   "properties": {
    "name": "15 WOOLLYBUTT CORNER DERBY 6728",
    "locID": "LOC000013726605",
    "tech": "FTTN",
    "upgrade": "NULL_NA",
    "gnaf_pid": "GAWA_147192282",
    "ee": true,
    "tech_change_status": "Not Planned"
   }
  },
  {
   "type": "Feature",
   "geometry": {
    "type": "Point",
    "coordinates": [
     123.63853,
     -17.32335
    ]
   },
   "properties": {
    "name": "13 WOOLLYBUTT CORNER DERBY 6728",
    "locID": "LOC000074472004",
    "tech": "FTTN",
    "upgrade": "NULL_NA",
    "gnaf_pid": "GAWA_147192283",
    "ee": true,
    "tech_change_status": "Not Planned"
   }
  },
  {
   "type": "Feature",
   "geometry": {
    "type": "Point",
    "coordinates": [
     123.63875,
     -17.32354
    ]
   },
   "properties": {
    "name": "11 WOOLLYBUTT CORNER DERBY 6728",
    "locID": "LOC000107848170",
    "tech": "FTTN",
    "upgrade": "NULL_NA",
    "gnaf_pid": "GAWA_147192284",
    "ee": true,
    "tech_change_status": "Not Planned"
   }
  },
  {
   "type": "Feature",
   "geometry": {
    "type": "Point",
    "coordinates": [
     123.63897,
     -17.32367
    ]
   },
   "properties": {
    "name": "9 WOOLLYBUTT CORNER DERBY 6728",
    "locID": "LOC000022047243",
    "tech": "FTTN",
    "upgrade": "NULL_NA",
    "gnaf_pid": "GAWA_147192285",
    "ee": true,
    "tech_change_status": "Not Planned"
   }
  },
  {
   "type": "Feature",
   "geometry": {
    "type": "Point",
    "coordinates": [
     123.63917,
     -17.32375
    ]
   },
   "properties": {
    "name": "7 WOOLLYBUTT CORNER DERBY 6728",
    "locID": "LOC000095961249",
    "tech": "FTTN",
    "upgrade": "NULL_NA",
    "gnaf_pid": "GAWA_147192286",
    "ee": true,
    "tech_change_status": "Not Planned"
   }
  },
  {
   "type": "Feature",
   "geometry": {
    "type": "Point",
    "coordinates": [
     123.63905,
     -17.32314
    ]
   },
   "properties": {
    "name": "10 WOOLLYBUTT CORNER DERBY 6728",
    "locID": "LOC000085115867",
    "tech": "FTTN",
    "upgrade": "NULL_NA",
    "gnaf_pid": "GAWA_147192289",
    "ee": true,
    "tech_change_status": "Not Planned"
   }
  },
  {
   "type": "Feature",
   "geometry": {
    "type": "Point",
    "coordinates": [
     123.63887,
     -17.32302
    ]
   },
   "properties": {
    "name": "12 WOOLLYBUTT CORNER DERBY 6728",
    "locID": "LOC000057942065",
    "tech": "FTTN",
    "upgrade": "NULL_NA",
    "gnaf_pid": "GAWA_147192290",
    "ee": true,
    "tech_change_status": "Not Planned"
   }
  },
  {
   "type": "Feature",
   "geometry": {
    "type": "Point",
    "coordinates": [
     123.6388,
     -17.32281
    ]
   },
   "properties": {
    "name": "14 WOOLLYBUTT CORNER DERBY 6728",
    "locID": "LOC000094341605",
    "tech": "FTTN",
    "upgrade": "NULL_NA",
    "gnaf_pid": "GAWA_147192291",
    "ee": true,
    "tech_change_status": "Not Planned"
   }
  },
  {
   "type": "Feature",
   "geometry": {
    "type": "Point",
    "coordinates": [
     123.63945,
     -17.32412
    ]
   },
   "properties": {
    "name": "6 BLOODWOOD CRESCENT DERBY 6728",
    "locID": "LOC000097919761",
    "tech": "FTTN",
    "upgrade": "NULL_NA",
    "gnaf_pid": "GAWA_147192307",
    "ee": true,
    "tech_change_status": "Not Planned"
   }
  },
  {
   "type": "Feature",
   "geometry": {
    "type": "Point",
    "coordinates": [
     123.63924,
     -17.32409
    ]
   },
   "properties": {
    "name": "8 BLOODWOOD CRESCENT DERBY 6728",
    "locID": "LOC000087336152",
    "tech": "FTTN",
    "upgrade": "NULL_NA",
    "gnaf_pid": "GAWA_147192308",
    "ee": true,
    "tech_change_status": "Not Planned"
   }
  },
  {
   "type": "Feature",
   "geometry": {
    "type": "Point",
    "coordinates": [
     123.63904,
     -17.32405
    ]
   },
   "properties": {
    "name": "10 BLOODWOOD CRESCENT DERBY 6728",
    "locID": "LOC000035669949",
    "tech": "FTTN",
    "upgrade": "NULL_NA",
    "gnaf_pid": "GAWA_147192309",
    "ee": true,
    "tech_change_status": "Not Planned"
   }
  },
  {
   "type": "Feature",
   "geometry": {
    "type": "Point",
    "coordinates": [
     123.63885,
     -17.32397
    ]
   },
   "properties": {
    "name": "12 BLOODWOOD CRESCENT DERBY 6728",
    "locID": "LOC000018614860",
    "tech": "FTTN",
    "upgrade": "NULL_NA",
    "gnaf_pid": "GAWA_147192310",
    "ee": true,
    "tech_change_status": "Not Planned"
   }
  },
  {
   "type": "Feature",
   "geometry": {
    "type": "Point",
    "coordinates": [
     123.63858738,
     -17.32381146
    ]
   },
   "properties": {
    "name": "14 BLOODWOOD CRESCENT DERBY 6728",
    "locID": "LOC000191208621",
    "tech": "FTTN",
    "upgrade": "NULL_NA",
    "gnaf_pid": "GAWA_147192311",
    "ee": true,
    "tech_change_status": "Not Planned"
   }
  },
  {
   "type": "Feature",
   "geometry": {
    "type": "Point",
    "coordinates": [
     123.65073,
     -17.31804
    ]
   },
   "properties": {
    "name": "5 BREARLEY STREET DERBY 6728",
    "locID": "LOC000047607436",
    "tech": "FTTN",
    "upgrade": "NULL_NA",
    "gnaf_pid": "GAWA_147193358",
    "ee": true,
    "tech_change_status": "Not Planned"
   }
  },
  {
   "type": "Feature",
   "geometry": {
    "type": "Point",
    "coordinates": [
     123.64166,
     -17.30855
    ]
   },
   "properties": {
    "name": "153 LOCH STREET DERBY 6728",
    "locID": "LOC000050089447",
    "tech": "FTTN",
    "upgrade": "NULL_NA",
    "gnaf_pid": "GAWA_147194748",
    "ee": true,
    "tech_change_status": "Not Planned"
   }
  },
  {
   "type": "Feature",
   "geometry": {
    "type": "Point",
    "coordinates": [
     123.65674,
     -17.31834
    ]
   },
   "properties": {
    "name": "11 KNUTSFORD STREET DERBY 6728",
    "locID": "LOC000051526797",
    "tech": "FTTN",
    "upgrade": "NULL_NA",
    "gnaf_pid": "GAWA_147221550",
    "ee": true,
    "tech_change_status": "Not Planned"
   }
  },
  {
   "type": "Feature",
   "geometry": {
    "type": "Point",
    "coordinates": [
     123.6644,
     -17.32927
    ]
   },
   "properties": {
    "name": "5 MAXTED STREET DERBY 6728",
    "locID": "LOC000068249078",
    "tech": "SATELLITE",
    "upgrade": "NULL_NA",
    "gnaf_pid": "GAWA_147221573",
    "ee": true,
    "tech_change_status": "Not Planned"
   }
  },
  {
   "type": "Feature",
   "geometry": {
    "type": "Point",
    "coordinates": [
     123.66444,
     -17.33
    ]
   },
   "properties": {
    "name": "7 MAXTED STREET DERBY 6728",
    "locID": "LOC000105259428",
    "tech": "SATELLITE",
    "upgrade": "NULL_NA",
    "gnaf_pid": "GAWA_147221574",
    "ee": true,
    "tech_change_status": "Not Planned"
   }
  },
  {
   "type": "Feature",
   "geometry": {
    "type": "Point",
    "coordinates": [
     123.66446,
     -17.32837
    ]
   },
   "properties": {
    "name": "3 MAXTED STREET DERBY 6728",
    "locID": "LOC000054995001",
    "tech": "NULL",
    "upgrade": "NULL_NA",
    "gnaf_pid": "GAWA_147221580",
    "ee": true,
    "tech_change_status": "Not Planned"
   }
  },
  {
   "type": "Feature",
   "geometry": {
    "type": "Point",
    "coordinates": [
     123.63684,
     -17.30613
    ]
   },
   "properties": {
    "name": "126 VILLIERS STREET DERBY 6728",
    "locID": "LOC000193742773",
    "tech": "FTTP",
    "upgrade": "NULL_NA",
    "gnaf_pid": "GAWA_147243044",
    "ee": false
   }
  },
  {
   "type": "Feature",
   "geometry": {
    "type": "Point",
    "coordinates": [
     123.63962,
     -17.31667
    ]
   },
   "properties": {
    "name": "40 ASHLEY STREET DERBY 6728",
    "locID": "LOC000031502179",
    "tech": "FTTN",
    "upgrade": "NULL_NA",
    "gnaf_pid": "GAWA_147246080",
    "ee": true,
    "tech_change_status": "Not Planned"
   }
  },
  {
   "type": "Feature",
   "geometry": {
    "type": "Point",
    "coordinates": [
     123.63531,
     -17.30593
    ]
   },
   "properties": {
    "name": "117 LOCH STREET DERBY 6728",
    "locID": "LOC000043342891",
    "tech": "FTTN",
    "upgrade": "NULL_NA",
    "gnaf_pid": "GAWA_147246086",
    "ee": true,
    "tech_change_status": "Not Planned"
   }
  },
  {
   "type": "Feature",
   "geometry": {
    "type": "Point",
    "coordinates": [
     123.63564,
     -17.30541
    ]
   },
   "properties": {
    "name": "112 VILLIERS STREET DERBY 6728",
    "locID": "LOC000088570424",
    "tech": "FTTN",
    "upgrade": "NULL_NA",
    "gnaf_pid": "GAWA_147249693",
    "ee": true,
    "tech_change_status": "Not Planned"
   }
  },
  {
   "type": "Feature",
   "geometry": {
    "type": "Point",
    "coordinates": [
     123.637,
     -17.30693
    ]
   },
   "properties": {
    "name": "135 LOCH STREET DERBY 6728",
    "locID": "LOC000046671725",
    "tech": "FTTN",
    "upgrade": "NULL_NA",
    "gnaf_pid": "GAWA_147249695",
    "ee": true,
    "tech_change_status": "Not Planned"
   }
  },
  {
   "type": "Feature",
   "geometry": {
    "type": "Point",
    "coordinates": [
     123.63724,
     -17.30707
    ]
   },
   "properties": {
    "name": "139 LOCH STREET DERBY 6728",
    "locID": "LOC000063835326",
    "tech": "FTTN",
    "upgrade": "NULL_NA",
    "gnaf_pid": "GAWA_147249696",
    "ee": true,
    "tech_change_status": "Not Planned"
   }
  },
  {
   "type": "Feature",
   "geometry": {
    "type": "Point",
    "coordinates": [
     123.63745,
     -17.30728
    ]
   },
   "properties": {
    "name": "143 LOCH STREET DERBY 6728",
    "locID": "LOC000098977086",
    "tech": "FTTN",
    "upgrade": "NULL_NA",
    "gnaf_pid": "GAWA_147249697",
    "ee": true,
    "tech_change_status": "Not Planned"
   }
  },
  {
   "type": "Feature",
   "geometry": {
    "type": "Point",
    "coordinates": [
     123.63901,
     -17.31686
    ]
   },
   "properties": {
    "name": "33 BAOBAB STREET DERBY 6728",
    "locID": "LOC000078170289",
    "tech": "FTTN",
    "upgrade": "NULL_NA",
    "gnaf_pid": "GAWA_147251545",
    "ee": true,
    "tech_change_status": "Not Planned"
   }
  },
  {
   "type": "Feature",
   "geometry": {
    "type": "Point",
    "coordinates": [
     123.63571,
     -17.30616
    ]
   },
   "properties": {
    "name": "121 LOCH STREET DERBY 6728",
    "locID": "LOC000020248129",
    "tech": "FTTN",
    "upgrade": "NULL_NA",
    "gnaf_pid": "GAWA_147265279",
    "ee": true,
    "tech_change_status": "Not Planned"
   }
  },
  {
   "type": "Feature",
   "geometry": {
    "type": "Point",
    "coordinates": [
     123.63552,
     -17.30605
    ]
   },
   "properties": {
    "name": "119 LOCH STREET DERBY 6728",
    "locID": "LOC000051966406",
    "tech": "FTTN",
    "upgrade": "NULL_NA",
    "gnaf_pid": "GAWA_147265280",
    "ee": true,
    "tech_change_status": "Not Planned"
   }
  },
  {
   "type": "Feature",
   "geometry": {
    "type": "Point",
    "coordinates": [
     123.65165,
     -17.31141
    ]
   },
   "properties": {
    "name": "92 KNOWSLEY STREET EAST DERBY 6728",
    "locID": "LOC000027888253",
    "tech": "FTTN",
    "upgrade": "NULL_NA",
    "gnaf_pid": "GAWA_147265318",
    "ee": true,
    "tech_change_status": "Not Planned"
   }
  },
  {
   "type": "Feature",
   "geometry": {
    "type": "Point",
    "coordinates": [
     123.65468,
     -17.31141
    ]
   },
   "properties": {
    "name": "118 KNOWSLEY STREET EAST DERBY 6728",
    "locID": "LOC000068429542",
    "tech": "FTTN",
    "upgrade": "NULL_NA",
    "gnaf_pid": "GAWA_147265319",
    "ee": true,
    "tech_change_status": "Not Planned"
   }
  },
  {
   "type": "Feature",
   "geometry": {
    "type": "Point",
    "coordinates": [
     123.65402,
     -17.31202
    ]
   },
   "properties": {
    "name": "47 DAMPIER DRIVE DERBY 6728",
    "locID": "LOC000012923754",
    "tech": "FTTN",
    "upgrade": "NULL_NA",
    "gnaf_pid": "GAWA_147265320",
    "ee": true,
    "tech_change_status": "Not Planned"
   }
  },
  {
   "type": "Feature",
   "geometry": {
    "type": "Point",
    "coordinates": [
     123.66,
     -17.31976
    ]
   },
   "properties": {
    "name": "27 GUILDFORD STREET DERBY 6728",
    "locID": "LOC000168592127",
    "tech": "FTTN",
    "upgrade": "NULL_NA",
    "gnaf_pid": "GAWA_147265321",
    "ee": true,
    "tech_change_status": "Not Planned"
   }
  },
  {
   "type": "Feature",
   "geometry": {
    "type": "Point",
    "coordinates": [
     123.65553,
     -17.31141
    ]
   },
   "properties": {
    "name": "128 KNOWSLEY STREET EAST DERBY 6728",
    "locID": "LOC000037826110",
    "tech": "FTTN",
    "upgrade": "NULL_NA",
    "gnaf_pid": "GAWA_147265323",
    "ee": true,
    "tech_change_status": "Not Planned"
   }
  },
  {
   "type": "Feature",
   "geometry": {
    "type": "Point",
    "coordinates": [
     123.65363341,
     -17.30823485
    ]
   },
   "properties": {
    "name": "37 SUTHERLAND STREET DERBY 6728",
    "locID": "LOC000086398979",
    "tech": "FTTN",
    "upgrade": "NULL_NA",
    "gnaf_pid": "GAWA_147298869",
    "ee": true,
    "tech_change_status": "Not Planned"
   }
  },
  {
   "type": "Feature",
   "geometry": {
    "type": "Point",
    "coordinates": [
     123.62579233,
     -17.30122972
    ]
   },
   "properties": {
    "name": "2 LOCH STREET DERBY 6728",
    "locID": "LOC000116503325",
    "tech": "FTTN",
    "upgrade": "NULL_NA",
    "gnaf_pid": "GAWA_147357633",
    "ee": true,
    "tech_change_status": "Not Planned"
   }
  },
  {
   "type": "Feature",
   "geometry": {
    "type": "Point",
    "coordinates": [
     123.64666,
     -17.30808
    ]
   },
   "properties": {
    "name": "52 STANLEY STREET DERBY 6728",
    "locID": "LOC000079876123",
    "tech": "FTTN",
    "upgrade": "NULL_NA",
    "gnaf_pid": "GAWA_147358868",
    "ee": true,
    "tech_change_status": "Not Planned"
   }
  },
  {
   "type": "Feature",
   "geometry": {
    "type": "Point",
    "coordinates": [
     123.64691,
     -17.30809
    ]
   },
   "properties": {
    "name": "56 STANLEY STREET DERBY 6728",
    "locID": "LOC000043050184",
    "tech": "FTTN",
    "upgrade": "NULL_NA",
    "gnaf_pid": "GAWA_147364745",
    "ee": true,
    "tech_change_status": "Not Planned"
   }
  },
  {
   "type": "Feature",
   "geometry": {
    "type": "Point",
    "coordinates": [
     123.64786,
     -17.30825
    ]
   },
   "properties": {
    "name": "60 STANLEY STREET DERBY 6728",
    "locID": "LOC000080756362",
    "tech": "FTTN",
    "upgrade": "NULL_NA",
    "gnaf_pid": "GAWA_147367644",
    "ee": true,
    "tech_change_status": "Not Planned"
   }
  },
  {
   "type": "Feature",
   "geometry": {
    "type": "Point",
    "coordinates": [
     123.64521,
     -17.30825
    ]
   },
   "properties": {
    "name": "34 STANLEY STREET DERBY 6728",
    "locID": "LOC000022844282",
    "tech": "FTTN",
    "upgrade": "NULL_NA",
    "gnaf_pid": "GAWA_147367648",
    "ee": true,
    "tech_change_status": "Not Planned"
   }
  },
  {
   "type": "Feature",
   "geometry": {
    "type": "Point",
    "coordinates": [
     123.6508,
     -17.30825
    ]
   },
   "properties": {
    "name": "82 STANLEY STREET DERBY 6728",
    "locID": "LOC000101441024",
    "tech": "FTTN",
    "upgrade": "NULL_NA",
    "gnaf_pid": "GAWA_147367650",
    "ee": true,
    "tech_change_status": "Not Planned"
   }
  },
  {
   "type": "Feature",
   "geometry": {
    "type": "Point",
    "coordinates": [
     123.65051,
     -17.30825
    ]
   },
   "properties": {
    "name": "78 STANLEY STREET DERBY 6728",
    "locID": "LOC000094259531",
    "tech": "FTTN",
    "upgrade": "NULL_NA",
    "gnaf_pid": "GAWA_147367651",
    "ee": true,
    "tech_change_status": "Not Planned"
   }
  },
  {
   "type": "Feature",
   "geometry": {
    "type": "Point",
    "coordinates": [
     123.64994,
     -17.30825
    ]
   },
   "properties": {
    "name": "72 STANLEY STREET DERBY 6728",
    "locID": "LOC000106448127",
    "tech": "FTTN",
    "upgrade": "NULL_NA",
    "gnaf_pid": "GAWA_147367653",
    "ee": true,
    "tech_change_status": "Not Planned"
   }
  },
  {
   "type": "Feature",
   "geometry": {
    "type": "Point",
    "coordinates": [
     123.64687,
     -17.30685
    ]
   },
   "properties": {
    "name": "65 STANLEY STREET DERBY 6728",
    "locID": "LOC000035655898",
    "tech": "FTTN",
    "upgrade": "NULL_NA",
    "gnaf_pid": "GAWA_147367654",
    "ee": true,
    "tech_change_status": "Not Planned"
   }
  },
  {
   "type": "Feature",
   "geometry": {
    "type": "Point",
    "coordinates": [
     123.63219076,
     -17.30741505
    ]
   },
   "properties": {
    "name": "7 ANDERSON STREET DERBY 6728",
    "locID": "LOC000168189786",
    "tech": "FTTN",
    "upgrade": "NULL_NA",
    "gnaf_pid": "GAWA_147367655",
    "ee": true,
    "tech_change_status": "Not Planned"
   }
  },
  {
   "type": "Feature",
   "geometry": {
    "type": "Point",
    "coordinates": [
     123.63153,
     -17.30811
    ]
   },
   "properties": {
    "name": "4 ANDERSON STREET DERBY 6728",
    "locID": "LOC000038749625",
    "tech": "FTTN",
    "upgrade": "NULL_NA",
    "gnaf_pid": "GAWA_147367656",
    "ee": true,
    "tech_change_status": "Not Planned"
   }
  },
  {
   "type": "Feature",
   "geometry": {
    "type": "Point",
    "coordinates": [
     123.64398,
     -17.30825
    ]
   },
   "properties": {
    "name": "24 STANLEY STREET DERBY 6728",
    "locID": "LOC000095957599",
    "tech": "FTTN",
    "upgrade": "NULL_NA",
    "gnaf_pid": "GAWA_147374844",
    "ee": true,
    "tech_change_status": "Not Planned"
   }
  },
  {
   "type": "Feature",
   "geometry": {
    "type": "Point",
    "coordinates": [
     123.64369,
     -17.30728
    ]
   },
   "properties": {
    "name": "55 STANLEY STREET DERBY 6728",
    "locID": "LOC000099019644",
    "tech": "FTTN",
    "upgrade": "NULL_NA",
    "gnaf_pid": "GAWA_147378476",
    "ee": true,
    "tech_change_status": "Not Planned"
   }
  },
  {
   "type": "Feature",
   "geometry": {
    "type": "Point",
    "coordinates": [
     123.6437,
     -17.30825
    ]
   },
   "properties": {
    "name": "20 STANLEY STREET DERBY 6728",
    "locID": "LOC000103267609",
    "tech": "FTTN",
    "upgrade": "NULL_NA",
    "gnaf_pid": "GAWA_147378477",
    "ee": true,
    "tech_change_status": "Not Planned"
   }
  },
  {
   "type": "Feature",
   "geometry": {
    "type": "Point",
    "coordinates": [
     123.64340962,
     -17.30728087
    ]
   },
   "properties": {
    "name": "53 STANLEY STREET DERBY 6728",
    "locID": "LOC000063759861",
    "tech": "FTTN",
    "upgrade": "NULL_NA",
    "gnaf_pid": "GAWA_147378478",
    "ee": true,
    "tech_change_status": "Not Planned"
   }
  },
  {
   "type": "Feature",
   "geometry": {
    "type": "Point",
    "coordinates": [
     123.64313,
     -17.30743
    ]
   },
   "properties": {
    "name": "51 STANLEY STREET DERBY 6728",
    "locID": "LOC000042728342",
    "tech": "FTTN",
    "upgrade": "NULL_NA",
    "gnaf_pid": "GAWA_147378480",
    "ee": true,
    "tech_change_status": "Not Planned"
   }
  },
  {
   "type": "Feature",
   "geometry": {
    "type": "Point",
    "coordinates": [
     123.64218,
     -17.30728
    ]
   },
   "properties": {
    "name": "47 STANLEY STREET DERBY 6728",
    "locID": "LOC000012828106",
    "tech": "FTTN",
    "upgrade": "NULL_NA",
    "gnaf_pid": "GAWA_147378482",
    "ee": true,
    "tech_change_status": "Not Planned"
   }
  },
  {
   "type": "Feature",
   "geometry": {
    "type": "Point",
    "coordinates": [
     123.64189,
     -17.30728
    ]
   },
   "properties": {
    "name": "43 STANLEY STREET DERBY 6728",
    "locID": "LOC000057998083",
    "tech": "FTTN",
    "upgrade": "NULL_NA",
    "gnaf_pid": "GAWA_147378483",
    "ee": true,
    "tech_change_status": "Not Planned"
   }
  },
  {
   "type": "Feature",
   "geometry": {
    "type": "Point",
    "coordinates": [
     123.64161,
     -17.30728
    ]
   },
   "properties": {
    "name": "39 STANLEY STREET DERBY 6728",
    "locID": "LOC000105366137",
    "tech": "FTTN",
    "upgrade": "NULL_NA",
    "gnaf_pid": "GAWA_147378484",
    "ee": true,
    "tech_change_status": "Not Planned"
   }
  },
  {
   "type": "Feature",
   "geometry": {
    "type": "Point",
    "coordinates": [
     123.64133,
     -17.30728
    ]
   },
   "properties": {
    "name": "35 STANLEY STREET DERBY 6728",
    "locID": "LOC000038829438",
    "tech": "FTTN",
    "upgrade": "NULL_NA",
    "gnaf_pid": "GAWA_147378485",
    "ee": true,
    "tech_change_status": "Not Planned"
   }
  },
  {
   "type": "Feature",
   "geometry": {
    "type": "Point",
    "coordinates": [
     123.64104,
     -17.30728
    ]
   },
   "properties": {
    "name": "31 STANLEY STREET DERBY 6728",
    "locID": "LOC000033598719",
    "tech": "FTTN",
    "upgrade": "NULL_NA",
    "gnaf_pid": "GAWA_147378486",
    "ee": true,
    "tech_change_status": "Not Planned"
   }
  },
  {
   "type": "Feature",
   "geometry": {
    "type": "Point",
    "coordinates": [
     123.64076,
     -17.30728
    ]
   },
   "properties": {
    "name": "27 STANLEY STREET DERBY 6728",
    "locID": "LOC000093828986",
    "tech": "FTTN",
    "upgrade": "NULL_NA",
    "gnaf_pid": "GAWA_147378487",
    "ee": true,
    "tech_change_status": "Not Planned"
   }
  },
  {
   "type": "Feature",
   "geometry": {
    "type": "Point",
    "coordinates": [
     123.64928124,
     -17.30825248
    ]
   },
   "properties": {
    "name": "70 STANLEY STREET DERBY 6728",
    "locID": "LOC000147462205",
    "tech": "FTTN",
    "upgrade": "NULL_NA",
    "gnaf_pid": "GAWA_147378488",
    "ee": true,
    "tech_change_status": "Not Planned"
   }
  },
  {
   "type": "Feature",
   "geometry": {
    "type": "Point",
    "coordinates": [
     123.649,
     -17.30825
    ]
   },
   "properties": {
    "name": "68 STANLEY STREET DERBY 6728",
    "locID": "LOC000105254179",
    "tech": "FTTN",
    "upgrade": "NULL_NA",
    "gnaf_pid": "GAWA_147378489",
    "ee": true,
    "tech_change_status": "Not Planned"
   }
  },
  {
   "type": "Feature",
   "geometry": {
    "type": "Point",
    "coordinates": [
     123.64871,
     -17.30819
    ]
   },
   "properties": {
    "name": "66 STANLEY STREET DERBY 6728",
    "locID": "LOC000055654652",
    "tech": "FTTN",
    "upgrade": "NULL_NA",
    "gnaf_pid": "GAWA_147378490",
    "ee": true,
    "tech_change_status": "Not Planned"
   }
  },
  {
   "type": "Feature",
   "geometry": {
    "type": "Point",
    "coordinates": [
     123.64843,
     -17.30825
    ]
   },
   "properties": {
    "name": "64 STANLEY STREET DERBY 6728",
    "locID": "LOC000017855132",
    "tech": "FTTN",
    "upgrade": "NULL_NA",
    "gnaf_pid": "GAWA_147378491",
    "ee": true,
    "tech_change_status": "Not Planned"
   }
  },
  {
   "type": "Feature",
   "geometry": {
    "type": "Point",
    "coordinates": [
     123.6449,
     -17.30994
    ]
   },
   "properties": {
    "name": "9A MINIRITCHIE PLACE DERBY 6728",
    "locID": "LOC000072708558",
    "tech": "FTTN",
    "upgrade": "NULL_NA",
    "gnaf_pid": "GAWA_147621986",
    "ee": true,
    "tech_change_status": "Not Planned"
   }
  },
  {
   "type": "Feature",
   "geometry": {
    "type": "Point",
    "coordinates": [
     123.65257738,
     -17.30853093
    ]
   },
   "properties": {
    "name": "33 SUTHERLAND STREET DERBY 6728",
    "locID": "LOC000045995747",
    "tech": "FTTN",
    "upgrade": "NULL_NA",
    "gnaf_pid": "GAWA_147621990",
    "ee": true,
    "tech_change_status": "Not Planned"
   }
  },
  {
   "type": "Feature",
   "geometry": {
    "type": "Point",
    "coordinates": [
     123.63928531,
     -17.31743316
    ]
   },
   "properties": {
    "name": "1A MAY STREET DERBY 6728",
    "locID": "LOC000089170225",
    "tech": "FTTN",
    "upgrade": "NULL_NA",
    "gnaf_pid": "GAWA_147622118",
    "ee": true,
    "tech_change_status": "Not Planned"
   }
  },
  {
   "type": "Feature",
   "geometry": {
    "type": "Point",
    "coordinates": [
     123.63928531,
     -17.31743316
    ]
   },
   "properties": {
    "name": "1C MAY STREET DERBY 6728",
    "locID": "LOC000088987688",
    "tech": "FTTN",
    "upgrade": "NULL_NA",
    "gnaf_pid": "GAWA_147622120",
    "ee": true,
    "tech_change_status": "Not Planned"
   }
  },
  {
   "type": "Feature",
   "geometry": {
    "type": "Point",
    "coordinates": [
     123.63928531,
     -17.31743316
    ]
   },
   "properties": {
    "name": "1D MAY STREET DERBY 6728",
    "locID": "LOC000089322145",
    "tech": "FTTN",
    "upgrade": "NULL_NA",
    "gnaf_pid": "GAWA_147622121",
    "ee": true,
    "tech_change_status": "Not Planned"
   }
  },
  {
   "type": "Feature",
   "geometry": {
    "type": "Point",
    "coordinates": [
     123.63928531,
     -17.31743316
    ]
   },
   "properties": {
    "name": "1E MAY STREET DERBY 6728",
    "locID": "LOC000089152533",
    "tech": "FTTN",
    "upgrade": "NULL_NA",
    "gnaf_pid": "GAWA_147622122",
    "ee": true,
    "tech_change_status": "Not Planned"
   }
  },
  {
   "type": "Feature",
   "geometry": {
    "type": "Point",
    "coordinates": [
     123.63472895,
     -17.30620462
    ]
   },
   "properties": {
    "name": "4 HENSMAN STREET DERBY 6728",
    "locID": "LOC000063183287",
    "tech": "FTTN",
    "upgrade": "NULL_NA",
    "gnaf_pid": "GAWA_147622737",
    "ee": true,
    "tech_change_status": "Not Planned"
   }
  },
  {
   "type": "Feature",
   "geometry": {
    "type": "Point",
    "coordinates": [
     123.63823,
     -17.31831
    ]
   },
   "properties": {
    "name": "24B BARNETT WAY DERBY 6728",
    "locID": "LOC000034586925",
    "tech": "FTTN",
    "upgrade": "NULL_NA",
    "gnaf_pid": "GAWA_147622891",
    "ee": true,
    "tech_change_status": "Not Planned"
   }
  },
  {
   "type": "Feature",
   "geometry": {
    "type": "Point",
    "coordinates": [
     123.64340962,
     -17.30728087
    ]
   },
   "properties": {
    "name": "UNIT 1, 53 STANLEY STREET DERBY 6728",
    "locID": "LOC000063865911",
    "tech": "FTTN",
    "upgrade": "NULL_NA",
    "gnaf_pid": "GAWA_147623762",
    "ee": true,
    "tech_change_status": "Not Planned"
   }
  },
  {
   "type": "Feature",
   "geometry": {
    "type": "Point",
    "coordinates": [
     123.63615706,
     -17.30566889
    ]
   },
   "properties": {
    "name": "118 VILLIERS STREET DERBY 6728",
    "locID": "LOC000182355119",
    "tech": "FTTN",
    "upgrade": "NULL_NA",
    "gnaf_pid": "GAWA_147623765",
    "ee": true,
    "tech_change_status": "Not Planned"
   }
  },
  {
   "type": "Feature",
   "geometry": {
    "type": "Point",
    "coordinates": [
     123.6360946,
     -17.30603944
    ]
   },
   "properties": {
    "name": "123 LOCH STREET DERBY 6728",
    "locID": "LOC000055803962",
    "tech": "FTTN",
    "upgrade": "NULL_NA",
    "gnaf_pid": "GAWA_147624649",
    "ee": true,
    "tech_change_status": "Not Planned"
   }
  },
  {
   "type": "Feature",
   "geometry": {
    "type": "Point",
    "coordinates": [
     123.63472895,
     -17.30620462
    ]
   },
   "properties": {
    "name": "2 HENSMAN STREET DERBY 6728",
    "locID": "LOC000147461668",
    "tech": "FTTN",
    "upgrade": "NULL_NA",
    "gnaf_pid": "GAWA_147624694",
    "ee": true,
    "tech_change_status": "Not Planned"
   }
  },
  {
   "type": "Feature",
   "geometry": {
    "type": "Point",
    "coordinates": [
     123.63682,
     -17.31393
    ]
   },
   "properties": {
    "name": "18B ARCHER STREET DERBY 6728",
    "locID": "LOC000021176739",
    "tech": "FTTN",
    "upgrade": "NULL_NA",
    "gnaf_pid": "GAWA_147625592",
    "ee": true,
    "tech_change_status": "Not Planned"
   }
  },
  {
   "type": "Feature",
   "geometry": {
    "type": "Point",
    "coordinates": [
     123.63611,
     -17.31748
    ]
   },
   "properties": {
    "name": "8B BAOBAB STREET DERBY 6728",
    "locID": "LOC000059717627",
    "tech": "FTTN",
    "upgrade": "NULL_NA",
    "gnaf_pid": "GAWA_147625595",
    "ee": true,
    "tech_change_status": "Not Planned"
   }
  },
  {
   "type": "Feature",
   "geometry": {
    "type": "Point",
    "coordinates": [
     123.63372,
     -17.31413
    ]
   },
   "properties": {
    "name": "40B MARMION STREET DERBY 6728",
    "locID": "LOC000095953197",
    "tech": "FTTN",
    "upgrade": "NULL_NA",
    "gnaf_pid": "GAWA_147625602",
    "ee": true,
    "tech_change_status": "Not Planned"
   }
  },
  {
   "type": "Feature",
   "geometry": {
    "type": "Point",
    "coordinates": [
     123.63329,
     -17.30473
    ]
   },
   "properties": {
    "name": "91A LOCH STREET DERBY 6728",
    "locID": "LOC000113480946",
    "tech": "FTTN",
    "upgrade": "NULL_NA",
    "gnaf_pid": "GAWA_147625633",
    "ee": true,
    "tech_change_status": "Not Planned"
   }
  },
  {
   "type": "Feature",
   "geometry": {
    "type": "Point",
    "coordinates": [
     123.63422,
     -17.31494
    ]
   },
   "properties": {
    "name": "50A MARMION STREET DERBY 6728",
    "locID": "LOC000063225107",
    "tech": "FTTN",
    "upgrade": "NULL_NA",
    "gnaf_pid": "GAWA_147625636",
    "ee": true,
    "tech_change_status": "Not Planned"
   }
  },
  {
   "type": "Feature",
   "geometry": {
    "type": "Point",
    "coordinates": [
     123.63557,
     -17.31492
    ]
   },
   "properties": {
    "name": "6A OWEN AH CHEE STREET DERBY 6728",
    "locID": "LOC000089228926",
    "tech": "FTTN",
    "upgrade": "NULL_NA",
    "gnaf_pid": "GAWA_147625639",
    "ee": true,
    "tech_change_status": "Not Planned"
   }
  },
  {
   "type": "Feature",
   "geometry": {
    "type": "Point",
    "coordinates": [
     123.63643,
     -17.32019
    ]
   },
   "properties": {
    "name": "UNIT 2, 3 YEEDA CLOSE DERBY 6728",
    "locID": "LOC000102204053",
    "tech": "FTTN",
    "upgrade": "NULL_NA",
    "gnaf_pid": "GAWA_147625640",
    "ee": true,
    "tech_change_status": "Not Planned"
   }
  },
  {
   "type": "Feature",
   "geometry": {
    "type": "Point",
    "coordinates": [
     123.63574,
     -17.31392
    ]
   },
   "properties": {
    "name": "12B ARCHER STREET DERBY 6728",
    "locID": "LOC000044875934",
    "tech": "FTTN",
    "upgrade": "NULL_NA",
    "gnaf_pid": "GAWA_147625641",
    "ee": true,
    "tech_change_status": "Not Planned"
   }
  },
  {
   "type": "Feature",
   "geometry": {
    "type": "Point",
    "coordinates": [
     123.63678,
     -17.31991
    ]
   },
   "properties": {
    "name": "UNIT 3, 8 BAUHINIA PLACE DERBY 6728",
    "locID": "LOC000073420638",
    "tech": "FTTN",
    "upgrade": "NULL_NA",
    "gnaf_pid": "GAWA_147625647",
    "ee": true,
    "tech_change_status": "Not Planned"
   }
  },
  {
   "type": "Feature",
   "geometry": {
    "type": "Point",
    "coordinates": [
     123.63490381,
     -17.30827156
    ]
   },
   "properties": {
    "name": "92 CLARENDON STREET DERBY 6728",
    "locID": "LOC000086381853",
    "tech": "FTTN",
    "upgrade": "NULL_NA",
    "gnaf_pid": "GAWA_147625663",
    "ee": true,
    "tech_change_status": "Not Planned"
   }
  },
  {
   "type": "Feature",
   "geometry": {
    "type": "Point",
    "coordinates": [
     123.63021394,
     -17.3091863
    ]
   },
   "properties": {
    "name": "UNIT 11, 16 ROWAN STREET DERBY 6728",
    "locID": "LOC000071244450",
    "tech": "FTTN",
    "upgrade": "NULL_NA",
    "gnaf_pid": "GAWA_147625666",
    "ee": true,
    "tech_change_status": "Not Planned"
   }
  },
  {
   "type": "Feature",
   "geometry": {
    "type": "Point",
    "coordinates": [
     123.63021394,
     -17.3091863
    ]
   },
   "properties": {
    "name": "UNIT 2, 16 ROWAN STREET DERBY 6728",
    "locID": "LOC000071603912",
    "tech": "FTTN",
    "upgrade": "NULL_NA",
    "gnaf_pid": "GAWA_147626489",
    "ee": true,
    "tech_change_status": "Not Planned"
   }
  },
  {
   "type": "Feature",
   "geometry": {
    "type": "Point",
    "coordinates": [
     123.63021394,
     -17.3091863
    ]
   },
   "properties": {
    "name": "UNIT 12, 16 ROWAN STREET DERBY 6728",
    "locID": "LOC000071850509",
    "tech": "FTTN",
    "upgrade": "NULL_NA",
    "gnaf_pid": "GAWA_147626530",
    "ee": true,
    "tech_change_status": "Not Planned"
   }
  },
  {
   "type": "Feature",
   "geometry": {
    "type": "Point",
    "coordinates": [
     123.63021394,
     -17.3091863
    ]
   },
   "properties": {
    "name": "UNIT 14, 16 ROWAN STREET DERBY 6728",
    "locID": "LOC000071644026",
    "tech": "FTTN",
    "upgrade": "NULL_NA",
    "gnaf_pid": "GAWA_147626533",
    "ee": true,
    "tech_change_status": "Not Planned"
   }
  },
  {
   "type": "Feature",
   "geometry": {
    "type": "Point",
    "coordinates": [
     123.63834,
     -17.31043
    ]
   },
   "properties": {
    "name": "UNIT 4, 39 KNOWSLEY STREET WEST DERBY 6728",
    "locID": "LOC000025566870",
    "tech": "FTTN",
    "upgrade": "NULL_NA",
    "gnaf_pid": "GAWA_147626535",
    "ee": true,
    "tech_change_status": "Not Planned"
   }
  },
  {
   "type": "Feature",
   "geometry": {
    "type": "Point",
    "coordinates": [
     123.63021394,
     -17.3091863
    ]
   },
   "properties": {
    "name": "UNIT 7, 16 ROWAN STREET DERBY 6728",
    "locID": "LOC000071785220",
    "tech": "FTTN",
    "upgrade": "NULL_NA",
    "gnaf_pid": "GAWA_147626541",
    "ee": true,
    "tech_change_status": "Not Planned"
   }
  },
  {
   "type": "Feature",
   "geometry": {
    "type": "Point",
    "coordinates": [
     123.63021394,
     -17.3091863
    ]
   },
   "properties": {
    "name": "UNIT 3, 16 ROWAN STREET DERBY 6728",
    "locID": "LOC000071413399",
    "tech": "FTTN",
    "upgrade": "NULL_NA",
    "gnaf_pid": "GAWA_147626549",
    "ee": true,
    "tech_change_status": "Not Planned"
   }
  },
  {
   "type": "Feature",
   "geometry": {
    "type": "Point",
    "coordinates": [
     123.63234506,
     -17.31266585
    ]
   },
   "properties": {
    "name": "91B ROWAN STREET DERBY 6728",
    "locID": "LOC000079810363",
    "tech": "FTTN",
    "upgrade": "NULL_NA",
    "gnaf_pid": "GAWA_147626550",
    "ee": true,
    "tech_change_status": "Not Planned"
   }
  },
  {
   "type": "Feature",
   "geometry": {
    "type": "Point",
    "coordinates": [
     123.62783,
     -17.30507
    ]
   },
   "properties": {
    "name": "UNIT 4, 25 ROWAN STREET DERBY 6728",
    "locID": "LOC000174083849",
    "tech": "FTTN",
    "upgrade": "NULL_NA",
    "gnaf_pid": "GAWA_147626561",
    "ee": true,
    "tech_change_status": "Not Planned"
   }
  },
  {
   "type": "Feature",
   "geometry": {
    "type": "Point",
    "coordinates": [
     123.62783,
     -17.30507
    ]
   },
   "properties": {
    "name": "UNIT 3, 25 ROWAN STREET DERBY 6728",
    "locID": "LOC000174083849",
    "tech": "FTTN",
    "upgrade": "NULL_NA",
    "gnaf_pid": "GAWA_147626566",
    "ee": true,
    "tech_change_status": "Not Planned"
   }
  },
  {
   "type": "Feature",
   "geometry": {
    "type": "Point",
    "coordinates": [
     123.63376,
     -17.31299
    ]
   },
   "properties": {
    "name": "23B MARMION STREET DERBY 6728",
    "locID": "LOC000049973757",
    "tech": "FTTN",
    "upgrade": "NULL_NA",
    "gnaf_pid": "GAWA_147627504",
    "ee": true,
    "tech_change_status": "Not Planned"
   }
  },
  {
   "type": "Feature",
   "geometry": {
    "type": "Point",
    "coordinates": [
     123.63436,
     -17.31518
    ]
   },
   "properties": {
    "name": "52B MARMION STREET DERBY 6728",
    "locID": "LOC000086352767",
    "tech": "FTTN",
    "upgrade": "NULL_NA",
    "gnaf_pid": "GAWA_147627505",
    "ee": true,
    "tech_change_status": "Not Planned"
   }
  },
  {
   "type": "Feature",
   "geometry": {
    "type": "Point",
    "coordinates": [
     123.63611,
     -17.31748
    ]
   },
   "properties": {
    "name": "8A BAOBAB STREET DERBY 6728",
    "locID": "LOC000059763774",
    "tech": "FTTN",
    "upgrade": "NULL_NA",
    "gnaf_pid": "GAWA_147628224",
    "ee": true,
    "tech_change_status": "Not Planned"
   }
  },
  {
   "type": "Feature",
   "geometry": {
    "type": "Point",
    "coordinates": [
     123.63949,
     -17.31828
    ]
   },
   "properties": {
    "name": "36A BARNETT WAY DERBY 6728",
    "locID": "LOC000097974227",
    "tech": "FTTN",
    "upgrade": "NULL_NA",
    "gnaf_pid": "GAWA_147628225",
    "ee": true,
    "tech_change_status": "Not Planned"
   }
  },
  {
   "type": "Feature",
   "geometry": {
    "type": "Point",
    "coordinates": [
     123.63574,
     -17.31028
    ]
   },
   "properties": {
    "name": "UNIT 2, 11 FAIRBAIRN STREET DERBY 6728",
    "locID": "LOC000014619937",
    "tech": "FTTN",
    "upgrade": "NULL_NA",
    "gnaf_pid": "GAWA_147628236",
    "ee": true,
    "tech_change_status": "Not Planned"
   }
  },
  {
   "type": "Feature",
   "geometry": {
    "type": "Point",
    "coordinates": [
     123.63531,
     -17.30593
    ]
   },
   "properties": {
    "name": "117C LOCH STREET DERBY 6728",
    "locID": "LOC000043444484",
    "tech": "FTTN",
    "upgrade": "NULL_NA",
    "gnaf_pid": "GAWA_147628271",
    "ee": true,
    "tech_change_status": "Not Planned"
   }
  },
  {
   "type": "Feature",
   "geometry": {
    "type": "Point",
    "coordinates": [
     123.63531,
     -17.30593
    ]
   },
   "properties": {
    "name": "117E LOCH STREET DERBY 6728",
    "locID": "LOC000042941671",
    "tech": "FTTN",
    "upgrade": "NULL_NA",
    "gnaf_pid": "GAWA_147628272",
    "ee": true,
    "tech_change_status": "Not Planned"
   }
  },
  {
   "type": "Feature",
   "geometry": {
    "type": "Point",
    "coordinates": [
     123.63531,
     -17.30593
    ]
   },
   "properties": {
    "name": "117F LOCH STREET DERBY 6728",
    "locID": "LOC000043049790",
    "tech": "FTTN",
    "upgrade": "NULL_NA",
    "gnaf_pid": "GAWA_147628273",
    "ee": true,
    "tech_change_status": "Not Planned"
   }
  },
  {
   "type": "Feature",
   "geometry": {
    "type": "Point",
    "coordinates": [
     123.63021394,
     -17.3091863
    ]
   },
   "properties": {
    "name": "UNIT 4, 16 ROWAN STREET DERBY 6728",
    "locID": "LOC000071689812",
    "tech": "FTTN",
    "upgrade": "NULL_NA",
    "gnaf_pid": "GAWA_147628274",
    "ee": true,
    "tech_change_status": "Not Planned"
   }
  },
  {
   "type": "Feature",
   "geometry": {
    "type": "Point",
    "coordinates": [
     123.63056,
     -17.3024
    ]
   },
   "properties": {
    "name": "UNIT 4, 2 HARDMAN STREET DERBY 6728",
    "locID": "LOC000108040112",
    "tech": "FTTN",
    "upgrade": "NULL_NA",
    "gnaf_pid": "GAWA_147628276",
    "ee": true,
    "tech_change_status": "Not Planned"
   }
  },
  {
   "type": "Feature",
   "geometry": {
    "type": "Point",
    "coordinates": [
     123.63809149,
     -17.31043101
    ]
   },
   "properties": {
    "name": "3A HEYTESBURY STREET DERBY 6728",
    "locID": "LOC000002147049",
    "tech": "FTTN",
    "upgrade": "NULL_NA",
    "gnaf_pid": "GAWA_147628277",
    "ee": true,
    "tech_change_status": "Not Planned"
   }
  },
  {
   "type": "Feature",
   "geometry": {
    "type": "Point",
    "coordinates": [
     123.62911,
     -17.30154
    ]
   },
   "properties": {
    "name": "UNIT 4, 32 VILLIERS STREET DERBY 6728",
    "locID": "LOC000168939896",
    "tech": "FTTN",
    "upgrade": "NULL_NA",
    "gnaf_pid": "GAWA_147628291",
    "ee": true,
    "tech_change_status": "Not Planned"
   }
  },
  {
   "type": "Feature",
   "geometry": {
    "type": "Point",
    "coordinates": [
     123.63908,
     -17.31914
    ]
   },
   "properties": {
    "name": "26A MCGOVERN WAY DERBY 6728",
    "locID": "LOC000033827734",
    "tech": "FTTN",
    "upgrade": "NULL_NA",
    "gnaf_pid": "GAWA_147628319",
    "ee": true,
    "tech_change_status": "Not Planned"
   }
  },
  {
   "type": "Feature",
   "geometry": {
    "type": "Point",
    "coordinates": [
     123.63610692,
     -17.32022657
    ]
   },
   "properties": {
    "name": "UNIT 3, 1 YEEDA CLOSE DERBY 6728",
    "locID": "LOC000048133652",
    "tech": "FTTN",
    "upgrade": "NULL_NA",
    "gnaf_pid": "GAWA_147628322",
    "ee": true,
    "tech_change_status": "Not Planned"
   }
  },
  {
   "type": "Feature",
   "geometry": {
    "type": "Point",
    "coordinates": [
     123.63610692,
     -17.32022657
    ]
   },
   "properties": {
    "name": "UNIT 1, 1 YEEDA CLOSE DERBY 6728",
    "locID": "LOC000048133652",
    "tech": "FTTN",
    "upgrade": "NULL_NA",
    "gnaf_pid": "GAWA_147628324",
    "ee": true,
    "tech_change_status": "Not Planned"
   }
  },
  {
   "type": "Feature",
   "geometry": {
    "type": "Point",
    "coordinates": [
     123.63824,
     -17.31781
    ]
   },
   "properties": {
    "name": "25A BARNETT WAY DERBY 6728",
    "locID": "LOC000013747553",
    "tech": "FTTN",
    "upgrade": "NULL_NA",
    "gnaf_pid": "GAWA_147628336",
    "ee": true,
    "tech_change_status": "Not Planned"
   }
  },
  {
   "type": "Feature",
   "geometry": {
    "type": "Point",
    "coordinates": [
     123.64050258,
     -17.31038414
    ]
   },
   "properties": {
    "name": "UNIT 3, 9 ASHLEY STREET DERBY 6728",
    "locID": "LOC000003790916",
    "tech": "FTTN",
    "upgrade": "NULL_NA",
    "gnaf_pid": "GAWA_147628957",
    "ee": true,
    "tech_change_status": "Not Planned"
   }
  },
  {
   "type": "Feature",
   "geometry": {
    "type": "Point",
    "coordinates": [
     123.63557,
     -17.31492
    ]
   },
   "properties": {
    "name": "6B OWEN AH CHEE STREET DERBY 6728",
    "locID": "LOC000088909164",
    "tech": "FTTN",
    "upgrade": "NULL_NA",
    "gnaf_pid": "GAWA_147629156",
    "ee": true,
    "tech_change_status": "Not Planned"
   }
  },
  {
   "type": "Feature",
   "geometry": {
    "type": "Point",
    "coordinates": [
     123.64815,
     -17.31141
    ]
   },
   "properties": {
    "name": "50B KNOWSLEY STREET EAST DERBY 6728",
    "locID": "LOC000097694642",
    "tech": "FTTN",
    "upgrade": "NULL_NA",
    "gnaf_pid": "GAWA_147629179",
    "ee": true,
    "tech_change_status": "Not Planned"
   }
  },
  {
   "type": "Feature",
   "geometry": {
    "type": "Point",
    "coordinates": [
     123.63717,
     -17.31989
    ]
   },
   "properties": {
    "name": "12B BAUHINIA PLACE DERBY 6728",
    "locID": "LOC000030447470",
    "tech": "FTTN",
    "upgrade": "NULL_NA",
    "gnaf_pid": "GAWA_147629189",
    "ee": true,
    "tech_change_status": "Not Planned"
   }
  },
  {
   "type": "Feature",
   "geometry": {
    "type": "Point",
    "coordinates": [
     123.63531,
     -17.30593
    ]
   },
   "properties": {
    "name": "117B LOCH STREET DERBY 6728",
    "locID": "LOC000043697828",
    "tech": "FTTN",
    "upgrade": "NULL_NA",
    "gnaf_pid": "GAWA_147629197",
    "ee": true,
    "tech_change_status": "Not Planned"
   }
  },
  {
   "type": "Feature",
   "geometry": {
    "type": "Point",
    "coordinates": [
     123.63643,
     -17.32019
    ]
   },
   "properties": {
    "name": "UNIT 1, 3 YEEDA CLOSE DERBY 6728",
    "locID": "LOC000102396269",
    "tech": "FTTN",
    "upgrade": "NULL_NA",
    "gnaf_pid": "GAWA_147629198",
    "ee": true,
    "tech_change_status": "Not Planned"
   }
  },
  {
   "type": "Feature",
   "geometry": {
    "type": "Point",
    "coordinates": [
     123.6361,
     -17.32066
    ]
   },
   "properties": {
    "name": "UNIT 1, 2 YEEDA CLOSE DERBY 6728",
    "locID": "LOC000181056434",
    "tech": "FTTN",
    "upgrade": "NULL_NA",
    "gnaf_pid": "GAWA_147629199",
    "ee": true,
    "tech_change_status": "Not Planned"
   }
  },
  {
   "type": "Feature",
   "geometry": {
    "type": "Point",
    "coordinates": [
     123.63531,
     -17.30593
    ]
   },
   "properties": {
    "name": "117D LOCH STREET DERBY 6728",
    "locID": "LOC000043342891",
    "tech": "FTTN",
    "upgrade": "NULL_NA",
    "gnaf_pid": "GAWA_147629200",
    "ee": true,
    "tech_change_status": "Not Planned"
   }
  },
  {
   "type": "Feature",
   "geometry": {
    "type": "Point",
    "coordinates": [
     123.63329,
     -17.30473
    ]
   },
   "properties": {
    "name": "91B LOCH STREET DERBY 6728",
    "locID": "LOC000113818023",
    "tech": "FTTN",
    "upgrade": "NULL_NA",
    "gnaf_pid": "GAWA_147629213",
    "ee": true,
    "tech_change_status": "Not Planned"
   }
  },
  {
   "type": "Feature",
   "geometry": {
    "type": "Point",
    "coordinates": [
     123.6490076,
     -17.30983776
    ]
   },
   "properties": {
    "name": "UNIT 1, 2 SUTHERLAND STREET DERBY 6728",
    "locID": "LOC000168937139",
    "tech": "FTTN",
    "upgrade": "NULL_NA",
    "gnaf_pid": "GAWA_147630146",
    "ee": true,
    "tech_change_status": "Not Planned"
   }
  },
  {
   "type": "Feature",
   "geometry": {
    "type": "Point",
    "coordinates": [
     123.64340962,
     -17.30728087
    ]
   },
   "properties": {
    "name": "UNIT 5, 53 STANLEY STREET DERBY 6728",
    "locID": "LOC000063651526",
    "tech": "FTTN",
    "upgrade": "NULL_NA",
    "gnaf_pid": "GAWA_147630307",
    "ee": true,
    "tech_change_status": "Not Planned"
   }
  },
  {
   "type": "Feature",
   "geometry": {
    "type": "Point",
    "coordinates": [
     123.64050258,
     -17.31038414
    ]
   },
   "properties": {
    "name": "UNIT 2, 9 ASHLEY STREET DERBY 6728",
    "locID": "LOC000003787562",
    "tech": "FTTN",
    "upgrade": "NULL_NA",
    "gnaf_pid": "GAWA_147630313",
    "ee": true,
    "tech_change_status": "Not Planned"
   }
  },
  {
   "type": "Feature",
   "geometry": {
    "type": "Point",
    "coordinates": [
     123.63021394,
     -17.3091863
    ]
   },
   "properties": {
    "name": "UNIT 15, 16 ROWAN STREET DERBY 6728",
    "locID": "LOC000071620777",
    "tech": "FTTN",
    "upgrade": "NULL_NA",
    "gnaf_pid": "GAWA_147630319",
    "ee": true,
    "tech_change_status": "Not Planned"
   }
  },
  {
   "type": "Feature",
   "geometry": {
    "type": "Point",
    "coordinates": [
     123.64050258,
     -17.31038414
    ]
   },
   "properties": {
    "name": "UNIT 4, 9 ASHLEY STREET DERBY 6728",
    "locID": "LOC000003787440",
    "tech": "FTTN",
    "upgrade": "NULL_NA",
    "gnaf_pid": "GAWA_147630331",
    "ee": true,
    "tech_change_status": "Not Planned"
   }
  },
  {
   "type": "Feature",
   "geometry": {
    "type": "Point",
    "coordinates": [
     123.64340962,
     -17.30728087
    ]
   },
   "properties": {
    "name": "UNIT 3, 53 STANLEY STREET DERBY 6728",
    "locID": "LOC000063646759",
    "tech": "FTTN",
    "upgrade": "NULL_NA",
    "gnaf_pid": "GAWA_147630335",
    "ee": true,
    "tech_change_status": "Not Planned"
   }
  },
  {
   "type": "Feature",
   "geometry": {
    "type": "Point",
    "coordinates": [
     123.63670074,
     -17.32076336
    ]
   },
   "properties": {
    "name": "UNIT 3, 9 CYCAD COVE DERBY 6728",
    "locID": "LOC000014429409",
    "tech": "FTTN",
    "upgrade": "NULL_NA",
    "gnaf_pid": "GAWA_147631262",
    "ee": true,
    "tech_change_status": "Not Planned"
   }
  },
  {
   "type": "Feature",
   "geometry": {
    "type": "Point",
    "coordinates": [
     123.63678,
     -17.31991
    ]
   },
   "properties": {
    "name": "UNIT 5, 8 BAUHINIA PLACE DERBY 6728",
    "locID": "LOC000073743804",
    "tech": "FTTN",
    "upgrade": "NULL_NA",
    "gnaf_pid": "GAWA_147631947",
    "ee": true,
    "tech_change_status": "Not Planned"
   }
  },
  {
   "type": "Feature",
   "geometry": {
    "type": "Point",
    "coordinates": [
     123.63949,
     -17.31784
    ]
   },
   "properties": {
    "name": "35A BARNETT WAY DERBY 6728",
    "locID": "LOC000039994243",
    "tech": "FTTN",
    "upgrade": "NULL_NA",
    "gnaf_pid": "GAWA_147631957",
    "ee": true,
    "tech_change_status": "Not Planned"
   }
  },
  {
   "type": "Feature",
   "geometry": {
    "type": "Point",
    "coordinates": [
     123.63670074,
     -17.32076336
    ]
   },
   "properties": {
    "name": "UNIT 2, 9 CYCAD COVE DERBY 6728",
    "locID": "LOC000014587992",
    "tech": "FTTN",
    "upgrade": "NULL_NA",
    "gnaf_pid": "GAWA_147631959",
    "ee": true,
    "tech_change_status": "Not Planned"
   }
  },
  {
   "type": "Feature",
   "geometry": {
    "type": "Point",
    "coordinates": [
     123.63165,
     -17.30938
    ]
   },
   "properties": {
    "name": "3A HOWELL STREET DERBY 6728",
    "locID": "LOC000024647740",
    "tech": "FTTN",
    "upgrade": "NULL_NA",
    "gnaf_pid": "GAWA_147631960",
    "ee": true,
    "tech_change_status": "Not Planned"
   }
  },
  {
   "type": "Feature",
   "geometry": {
    "type": "Point",
    "coordinates": [
     123.63346,
     -17.31377
    ]
   },
   "properties": {
    "name": "36B MARMION STREET DERBY 6728",
    "locID": "LOC000100953682",
    "tech": "FTTN",
    "upgrade": "NULL_NA",
    "gnaf_pid": "GAWA_147631969",
    "ee": true,
    "tech_change_status": "Not Planned"
   }
  },
  {
   "type": "Feature",
   "geometry": {
    "type": "Point",
    "coordinates": [
     123.63234506,
     -17.31266585
    ]
   },
   "properties": {
    "name": "91A ROWAN STREET DERBY 6728",
    "locID": "LOC000080168053",
    "tech": "FTTN",
    "upgrade": "NULL_NA",
    "gnaf_pid": "GAWA_147631985",
    "ee": true,
    "tech_change_status": "Not Planned"
   }
  },
  {
   "type": "Feature",
   "geometry": {
    "type": "Point",
    "coordinates": [
     123.63625,
     -17.31483
    ]
   },
   "properties": {
    "name": "12B OWEN AH CHEE STREET DERBY 6728",
    "locID": "LOC000079972828",
    "tech": "FTTN",
    "upgrade": "NULL_NA",
    "gnaf_pid": "GAWA_147631993",
    "ee": true,
    "tech_change_status": "Not Planned"
   }
  },
  {
   "type": "Feature",
   "geometry": {
    "type": "Point",
    "coordinates": [
     123.63436,
     -17.31518
    ]
   },
   "properties": {
    "name": "52A MARMION STREET DERBY 6728",
    "locID": "LOC000086750083",
    "tech": "FTTN",
    "upgrade": "NULL_NA",
    "gnaf_pid": "GAWA_147632020",
    "ee": true,
    "tech_change_status": "Not Planned"
   }
  },
  {
   "type": "Feature",
   "geometry": {
    "type": "Point",
    "coordinates": [
     123.64494338,
     -17.30768328
    ]
   },
   "properties": {
    "name": "2 STANLEY STREET DERBY 6728",
    "locID": "LOC000095762346",
    "tech": "FTTN",
    "upgrade": "NULL_NA",
    "gnaf_pid": "GAWA_147632028",
    "ee": true,
    "tech_change_status": "Not Planned"
   }
  },
  {
   "type": "Feature",
   "geometry": {
    "type": "Point",
    "coordinates": [
     123.63823,
     -17.31831
    ]
   },
   "properties": {
    "name": "24A BARNETT WAY DERBY 6728",
    "locID": "LOC000034484926",
    "tech": "FTTN",
    "upgrade": "NULL_NA",
    "gnaf_pid": "GAWA_147632046",
    "ee": true,
    "tech_change_status": "Not Planned"
   }
  },
  {
   "type": "Feature",
   "geometry": {
    "type": "Point",
    "coordinates": [
     123.63531,
     -17.30593
    ]
   },
   "properties": {
    "name": "117A LOCH STREET DERBY 6728",
    "locID": "LOC000043293965",
    "tech": "FTTN",
    "upgrade": "NULL_NA",
    "gnaf_pid": "GAWA_147632884",
    "ee": true,
    "tech_change_status": "Not Planned"
   }
  },
  {
   "type": "Feature",
   "geometry": {
    "type": "Point",
    "coordinates": [
     123.63213043,
     -17.31241309
    ]
   },
   "properties": {
    "name": "UNIT 4, 89 ROWAN STREET DERBY 6728",
    "locID": "LOC000039022213",
    "tech": "FTTN",
    "upgrade": "NULL_NA",
    "gnaf_pid": "GAWA_147632955",
    "ee": true,
    "tech_change_status": "Not Planned"
   }
  },
  {
   "type": "Feature",
   "geometry": {
    "type": "Point",
    "coordinates": [
     123.63574,
     -17.31028
    ]
   },
   "properties": {
    "name": "UNIT 1, 11 FAIRBAIRN STREET DERBY 6728",
    "locID": "LOC000014517732",
    "tech": "FTTN",
    "upgrade": "NULL_NA",
    "gnaf_pid": "GAWA_147632958",
    "ee": true,
    "tech_change_status": "Not Planned"
   }
  },
  {
   "type": "Feature",
   "geometry": {
    "type": "Point",
    "coordinates": [
     123.62984,
     -17.30197
    ]
   },
   "properties": {
    "name": "44-54 VILLIERS STREET DERBY 6728",
    "locID": "LOC000011525884",
    "tech": "FTTN",
    "upgrade": "NULL_NA",
    "gnaf_pid": "GAWA_147632961",
    "ee": true,
    "tech_change_status": "Not Planned"
   }
  },
  {
   "type": "Feature",
   "geometry": {
    "type": "Point",
    "coordinates": [
     123.63682,
     -17.31393
    ]
   },
   "properties": {
    "name": "18A ARCHER STREET DERBY 6728",
    "locID": "LOC000021560652",
    "tech": "FTTN",
    "upgrade": "NULL_NA",
    "gnaf_pid": "GAWA_147632963",
    "ee": true,
    "tech_change_status": "Not Planned"
   }
  },
  {
   "type": "Feature",
   "geometry": {
    "type": "Point",
    "coordinates": [
     123.63297,
     -17.30472
    ]
   },
   "properties": {
    "name": "89A LOCH STREET DERBY 6728",
    "locID": "LOC000019490127",
    "tech": "FTTN",
    "upgrade": "NULL_NA",
    "gnaf_pid": "GAWA_147633099",
    "ee": true,
    "tech_change_status": "Not Planned"
   }
  },
  {
   "type": "Feature",
   "geometry": {
    "type": "Point",
    "coordinates": [
     123.63056,
     -17.3024
    ]
   },
   "properties": {
    "name": "UNIT 1, 2 HARDMAN STREET DERBY 6728",
    "locID": "LOC000108131698",
    "tech": "FTTN",
    "upgrade": "NULL_NA",
    "gnaf_pid": "GAWA_147633101",
    "ee": true,
    "tech_change_status": "Not Planned"
   }
  },
  {
   "type": "Feature",
   "geometry": {
    "type": "Point",
    "coordinates": [
     123.63056,
     -17.3024
    ]
   },
   "properties": {
    "name": "UNIT 3, 2 HARDMAN STREET DERBY 6728",
    "locID": "LOC000107775094",
    "tech": "FTTN",
    "upgrade": "NULL_NA",
    "gnaf_pid": "GAWA_147633102",
    "ee": true,
    "tech_change_status": "Not Planned"
   }
  },
  {
   "type": "Feature",
   "geometry": {
    "type": "Point",
    "coordinates": [
     123.63908,
     -17.31914
    ]
   },
   "properties": {
    "name": "26B MCGOVERN WAY DERBY 6728",
    "locID": "LOC000033458885",
    "tech": "FTTN",
    "upgrade": "NULL_NA",
    "gnaf_pid": "GAWA_147633156",
    "ee": true,
    "tech_change_status": "Not Planned"
   }
  },
  {
   "type": "Feature",
   "geometry": {
    "type": "Point",
    "coordinates": [
     123.63673317,
     -17.32021349
    ]
   },
   "properties": {
    "name": "UNIT 1, 5 YEEDA CLOSE DERBY 6728",
    "locID": "LOC000038874794",
    "tech": "FTTN",
    "upgrade": "NULL_NA",
    "gnaf_pid": "GAWA_147633159",
    "ee": true,
    "tech_change_status": "Not Planned"
   }
  },
  {
   "type": "Feature",
   "geometry": {
    "type": "Point",
    "coordinates": [
     123.63643,
     -17.32019
    ]
   },
   "properties": {
    "name": "UNIT 4, 3 YEEDA CLOSE DERBY 6728",
    "locID": "LOC000102461592",
    "tech": "FTTN",
    "upgrade": "NULL_NA",
    "gnaf_pid": "GAWA_147633161",
    "ee": true,
    "tech_change_status": "Not Planned"
   }
  },
  {
   "type": "Feature",
   "geometry": {
    "type": "Point",
    "coordinates": [
     123.65837948,
     -17.32579764
    ]
   },
   "properties": {
    "name": "2 FITZROY STREET DERBY 6728",
    "locID": "LOC000002212736",
    "tech": "FTTN",
    "upgrade": "NULL_NA",
    "gnaf_pid": "GAWA_147635678",
    "ee": true,
    "tech_change_status": "Not Planned"
   }
  },
  {
   "type": "Feature",
   "geometry": {
    "type": "Point",
    "coordinates": [
     123.63574,
     -17.31028
    ]
   },
   "properties": {
    "name": "UNIT 6, 11 FAIRBAIRN STREET DERBY 6728",
    "locID": "LOC000014567286",
    "tech": "FTTN",
    "upgrade": "NULL_NA",
    "gnaf_pid": "GAWA_147636629",
    "ee": true,
    "tech_change_status": "Not Planned"
   }
  },
  {
   "type": "Feature",
   "geometry": {
    "type": "Point",
    "coordinates": [
     123.63871276,
     -17.31043237
    ]
   },
   "properties": {
    "name": "45 KNOWSLEY STREET WEST DERBY 6728",
    "locID": "LOC000037137607",
    "tech": "FTTN",
    "upgrade": "NULL_NA",
    "gnaf_pid": "GAWA_147636799",
    "ee": true,
    "tech_change_status": "Not Planned"
   }
  },
  {
   "type": "Feature",
   "geometry": {
    "type": "Point",
    "coordinates": [
     123.63910539,
     -17.31067354
    ]
   },
   "properties": {
    "name": "53 KNOWSLEY STREET WEST DERBY 6728",
    "locID": "LOC000022848307",
    "tech": "FTTN",
    "upgrade": "NULL_NA",
    "gnaf_pid": "GAWA_147636802",
    "ee": true,
    "tech_change_status": "Not Planned"
   }
  },
  {
   "type": "Feature",
   "geometry": {
    "type": "Point",
    "coordinates": [
     123.64786,
     -17.31141
    ]
   },
   "properties": {
    "name": "46B KNOWSLEY STREET EAST DERBY 6728",
    "locID": "LOC000027020081",
    "tech": "FTTN",
    "upgrade": "NULL_NA",
    "gnaf_pid": "GAWA_147636839",
    "ee": true,
    "tech_change_status": "Not Planned"
   }
  },
  {
   "type": "Feature",
   "geometry": {
    "type": "Point",
    "coordinates": [
     123.63021394,
     -17.3091863
    ]
   },
   "properties": {
    "name": "UNIT 9, 16 ROWAN STREET DERBY 6728",
    "locID": "LOC000071372485",
    "tech": "FTTN",
    "upgrade": "NULL_NA",
    "gnaf_pid": "GAWA_147637241",
    "ee": true,
    "tech_change_status": "Not Planned"
   }
  },
  {
   "type": "Feature",
   "geometry": {
    "type": "Point",
    "coordinates": [
     123.63021394,
     -17.3091863
    ]
   },
   "properties": {
    "name": "UNIT 10, 16 ROWAN STREET DERBY 6728",
    "locID": "LOC000071166084",
    "tech": "FTTN",
    "upgrade": "NULL_NA",
    "gnaf_pid": "GAWA_147637243",
    "ee": true,
    "tech_change_status": "Not Planned"
   }
  },
  {
   "type": "Feature",
   "geometry": {
    "type": "Point",
    "coordinates": [
     123.63472895,
     -17.30620462
    ]
   },
   "properties": {
    "name": "1 HENSMAN STREET DERBY 6728",
    "locID": "LOC000147461652",
    "tech": "FTTN",
    "upgrade": "NULL_NA",
    "gnaf_pid": "GAWA_147637292",
    "ee": true,
    "tech_change_status": "Not Planned"
   }
  },
  {
   "type": "Feature",
   "geometry": {
    "type": "Point",
    "coordinates": [
     123.63165,
     -17.30938
    ]
   },
   "properties": {
    "name": "3B HOWELL STREET DERBY 6728",
    "locID": "LOC000024599493",
    "tech": "FTTN",
    "upgrade": "NULL_NA",
    "gnaf_pid": "GAWA_147637296",
    "ee": true,
    "tech_change_status": "Not Planned"
   }
  },
  {
   "type": "Feature",
   "geometry": {
    "type": "Point",
    "coordinates": [
     123.62911,
     -17.30154
    ]
   },
   "properties": {
    "name": "UNIT 1, 32 VILLIERS STREET DERBY 6728",
    "locID": "LOC000168939896",
    "tech": "FTTN",
    "upgrade": "NULL_NA",
    "gnaf_pid": "GAWA_147637313",
    "ee": true,
    "tech_change_status": "Not Planned"
   }
  },
  {
   "type": "Feature",
   "geometry": {
    "type": "Point",
    "coordinates": [
     123.63717,
     -17.31989
    ]
   },
   "properties": {
    "name": "12A BAUHINIA PLACE DERBY 6728",
    "locID": "LOC000030579666",
    "tech": "FTTN",
    "upgrade": "NULL_NA",
    "gnaf_pid": "GAWA_147637318",
    "ee": true,
    "tech_change_status": "Not Planned"
   }
  },
  {
   "type": "Feature",
   "geometry": {
    "type": "Point",
    "coordinates": [
     123.67908647,
     -17.34068245
    ]
   },
   "properties": {
    "name": "1 WINDJANA ROAD DERBY 6728",
    "locID": "LOC000101959330",
    "tech": "NULL",
    "upgrade": "NULL_NA",
    "gnaf_pid": "GAWA_147637578",
    "ee": true,
    "tech_change_status": "Not Planned"
   }
  },
  {
   "type": "Feature",
   "geometry": {
    "type": "Point",
    "coordinates": [
     123.68067727,
     -17.34343782
    ]
   },
   "properties": {
    "name": "4 GALVANS WAY DERBY 6728",
    "locID": "LOC000079577363",
    "tech": "SATELLITE",
    "upgrade": "NULL_NA",
    "gnaf_pid": "GAWA_147637579",
    "ee": true,
    "tech_change_status": "Not Planned"
   }
  },
  {
   "type": "Feature",
   "geometry": {
    "type": "Point",
    "coordinates": [
     123.62723,
     -17.30395
    ]
   },
   "properties": {
    "name": "18B CLARENDON STREET DERBY 6728",
    "locID": "LOC000056634474",
    "tech": "FTTN",
    "upgrade": "NULL_NA",
    "gnaf_pid": "GAWA_147638160",
    "ee": true,
    "tech_change_status": "Not Planned"
   }
  },
  {
   "type": "Feature",
   "geometry": {
    "type": "Point",
    "coordinates": [
     123.63821575,
     -17.31043051
    ]
   },
   "properties": {
    "name": "37 KNOWSLEY STREET WEST DERBY 6728",
    "locID": "LOC000085239731",
    "tech": "FTTN",
    "upgrade": "NULL_NA",
    "gnaf_pid": "GAWA_147638239",
    "ee": true,
    "tech_change_status": "Not Planned"
   }
  },
  {
   "type": "Feature",
   "geometry": {
    "type": "Point",
    "coordinates": [
     123.638465,
     -17.31043
    ]
   },
   "properties": {
    "name": "41 KNOWSLEY STREET WEST DERBY 6728",
    "locID": "LOC000056754080",
    "tech": "FTTN",
    "upgrade": "NULL_NA",
    "gnaf_pid": "GAWA_147638241",
    "ee": true,
    "tech_change_status": "Not Planned"
   }
  },
  {
   "type": "Feature",
   "geometry": {
    "type": "Point",
    "coordinates": [
     123.63809149,
     -17.31043101
    ]
   },
   "properties": {
    "name": "3B HEYTESBURY STREET DERBY 6728",
    "locID": "LOC000002111466",
    "tech": "FTTN",
    "upgrade": "NULL_NA",
    "gnaf_pid": "GAWA_147638294",
    "ee": true,
    "tech_change_status": "Not Planned"
   }
  },
  {
   "type": "Feature",
   "geometry": {
    "type": "Point",
    "coordinates": [
     123.63823,
     -17.31864
    ]
   },
   "properties": {
    "name": "23B MCGOVERN WAY DERBY 6728",
    "locID": "LOC000011549834",
    "tech": "FTTN",
    "upgrade": "NULL_NA",
    "gnaf_pid": "GAWA_147638302",
    "ee": true,
    "tech_change_status": "Not Planned"
   }
  },
  {
   "type": "Feature",
   "geometry": {
    "type": "Point",
    "coordinates": [
     123.63021394,
     -17.3091863
    ]
   },
   "properties": {
    "name": "UNIT 5, 16 ROWAN STREET DERBY 6728",
    "locID": "LOC000071461446",
    "tech": "FTTN",
    "upgrade": "NULL_NA",
    "gnaf_pid": "GAWA_147638307",
    "ee": true,
    "tech_change_status": "Not Planned"
   }
  },
  {
   "type": "Feature",
   "geometry": {
    "type": "Point",
    "coordinates": [
     123.63949,
     -17.31784
    ]
   },
   "properties": {
    "name": "35B BARNETT WAY DERBY 6728",
    "locID": "LOC000040259284",
    "tech": "FTTN",
    "upgrade": "NULL_NA",
    "gnaf_pid": "GAWA_147639162",
    "ee": true,
    "tech_change_status": "Not Planned"
   }
  },
  {
   "type": "Feature",
   "geometry": {
    "type": "Point",
    "coordinates": [
     123.63673317,
     -17.32021349
    ]
   },
   "properties": {
    "name": "UNIT 3, 5 YEEDA CLOSE DERBY 6728",
    "locID": "LOC000039007817",
    "tech": "FTTN",
    "upgrade": "NULL_NA",
    "gnaf_pid": "GAWA_147639167",
    "ee": true,
    "tech_change_status": "Not Planned"
   }
  },
  {
   "type": "Feature",
   "geometry": {
    "type": "Point",
    "coordinates": [
     123.64340962,
     -17.30728087
    ]
   },
   "properties": {
    "name": "UNIT 2, 53 STANLEY STREET DERBY 6728",
    "locID": "LOC000063759861",
    "tech": "FTTN",
    "upgrade": "NULL_NA",
    "gnaf_pid": "GAWA_147639169",
    "ee": true,
    "tech_change_status": "Not Planned"
   }
  },
  {
   "type": "Feature",
   "geometry": {
    "type": "Point",
    "coordinates": [
     123.63678,
     -17.31991
    ]
   },
   "properties": {
    "name": "UNIT 7, 8 BAUHINIA PLACE DERBY 6728",
    "locID": "LOC000073596117",
    "tech": "FTTN",
    "upgrade": "NULL_NA",
    "gnaf_pid": "GAWA_147639171",
    "ee": true,
    "tech_change_status": "Not Planned"
   }
  },
  {
   "type": "Feature",
   "geometry": {
    "type": "Point",
    "coordinates": [
     123.6383,
     -17.31914
    ]
   },
   "properties": {
    "name": "20A MCGOVERN WAY DERBY 6728",
    "locID": "LOC000081232846",
    "tech": "FTTN",
    "upgrade": "NULL_NA",
    "gnaf_pid": "GAWA_147639174",
    "ee": true,
    "tech_change_status": "Not Planned"
   }
  },
  {
   "type": "Feature",
   "geometry": {
    "type": "Point",
    "coordinates": [
     123.63736942,
     -17.31124441
    ]
   },
   "properties": {
    "name": "26 KNOWSLEY STREET WEST DERBY 6728",
    "locID": "LOC000042139750",
    "tech": "FTTN",
    "upgrade": "NULL_NA",
    "gnaf_pid": "GAWA_147639348",
    "ee": true,
    "tech_change_status": "Not Planned"
   }
  },
  {
   "type": "Feature",
   "geometry": {
    "type": "Point",
    "coordinates": [
     123.63672317,
     -17.31040342
    ]
   },
   "properties": {
    "name": "25 KNOWSLEY STREET WEST DERBY 6728",
    "locID": "LOC000024460759",
    "tech": "FTTN",
    "upgrade": "NULL_NA",
    "gnaf_pid": "GAWA_147639351",
    "ee": true,
    "tech_change_status": "Not Planned"
   }
  },
  {
   "type": "Feature",
   "geometry": {
    "type": "Point",
    "coordinates": [
     123.63702,
     -17.31043
    ]
   },
   "properties": {
    "name": "29 KNOWSLEY STREET WEST DERBY 6728",
    "locID": "LOC000101224666",
    "tech": "FTTN",
    "upgrade": "NULL_NA",
    "gnaf_pid": "GAWA_147639352",
    "ee": true,
    "tech_change_status": "Not Planned"
   }
  },
  {
   "type": "Feature",
   "geometry": {
    "type": "Point",
    "coordinates": [
     123.63515,
     -17.30694
    ]
   },
   "properties": {
    "name": "80A LOCH STREET DERBY 6728",
    "locID": "LOC000060977818",
    "tech": "FTTN",
    "upgrade": "NULL_NA",
    "gnaf_pid": "GAWA_147639425",
    "ee": true,
    "tech_change_status": "Not Planned"
   }
  },
  {
   "type": "Feature",
   "geometry": {
    "type": "Point",
    "coordinates": [
     123.64503,
     -17.31044
    ]
   },
   "properties": {
    "name": "UNIT 2, 5 MINIRITCHIE PLACE DERBY 6728",
    "locID": "LOC000034462387",
    "tech": "FTTN",
    "upgrade": "NULL_NA",
    "gnaf_pid": "GAWA_147639791",
    "ee": true,
    "tech_change_status": "Not Planned"
   }
  },
  {
   "type": "Feature",
   "geometry": {
    "type": "Point",
    "coordinates": [
     123.63574,
     -17.31028
    ]
   },
   "properties": {
    "name": "UNIT 3, 11 FAIRBAIRN STREET DERBY 6728",
    "locID": "LOC000014594048",
    "tech": "FTTN",
    "upgrade": "NULL_NA",
    "gnaf_pid": "GAWA_147639961",
    "ee": true,
    "tech_change_status": "Not Planned"
   }
  },
  {
   "type": "Feature",
   "geometry": {
    "type": "Point",
    "coordinates": [
     123.63823,
     -17.31864
    ]
   },
   "properties": {
    "name": "23A MCGOVERN WAY DERBY 6728",
    "locID": "LOC000011465017",
    "tech": "FTTN",
    "upgrade": "NULL_NA",
    "gnaf_pid": "GAWA_147639964",
    "ee": true,
    "tech_change_status": "Not Planned"
   }
  },
  {
   "type": "Feature",
   "geometry": {
    "type": "Point",
    "coordinates": [
     123.63346,
     -17.31377
    ]
   },
   "properties": {
    "name": "36A MARMION STREET DERBY 6728",
    "locID": "LOC000100894376",
    "tech": "FTTN",
    "upgrade": "NULL_NA",
    "gnaf_pid": "GAWA_147639965",
    "ee": true,
    "tech_change_status": "Not Planned"
   }
  },
  {
   "type": "Feature",
   "geometry": {
    "type": "Point",
    "coordinates": [
     123.63681,
     -17.31748
    ]
   },
   "properties": {
    "name": "14A BAOBAB STREET DERBY 6728",
    "locID": "LOC000065934499",
    "tech": "FTTN",
    "upgrade": "NULL_NA",
    "gnaf_pid": "GAWA_147639967",
    "ee": true,
    "tech_change_status": "Not Planned"
   }
  },
  {
   "type": "Feature",
   "geometry": {
    "type": "Point",
    "coordinates": [
     123.63213043,
     -17.31241309
    ]
   },
   "properties": {
    "name": "UNIT 3, 89 ROWAN STREET DERBY 6728",
    "locID": "LOC000038961044",
    "tech": "FTTN",
    "upgrade": "NULL_NA",
    "gnaf_pid": "GAWA_147639968",
    "ee": true,
    "tech_change_status": "Not Planned"
   }
  },
  {
   "type": "Feature",
   "geometry": {
    "type": "Point",
    "coordinates": [
     123.63745,
     -17.31942
    ]
   },
   "properties": {
    "name": "13A BAUHINIA PLACE DERBY 6728",
    "locID": "LOC000047032346",
    "tech": "FTTN",
    "upgrade": "NULL_NA",
    "gnaf_pid": "GAWA_147640065",
    "ee": true,
    "tech_change_status": "Not Planned"
   }
  },
  {
   "type": "Feature",
   "geometry": {
    "type": "Point",
    "coordinates": [
     123.64843,
     -17.31141
    ]
   },
   "properties": {
    "name": "54B KNOWSLEY STREET EAST DERBY 6728",
    "locID": "LOC000033657290",
    "tech": "FTTN",
    "upgrade": "NULL_NA",
    "gnaf_pid": "GAWA_147640075",
    "ee": true,
    "tech_change_status": "Not Planned"
   }
  },
  {
   "type": "Feature",
   "geometry": {
    "type": "Point",
    "coordinates": [
     123.64287,
     -17.31059
    ]
   },
   "properties": {
    "name": "15A KNOWSLEY STREET EAST DERBY 6728",
    "locID": "LOC000002176579",
    "tech": "FTTN",
    "upgrade": "NULL_NA",
    "gnaf_pid": "GAWA_147640228",
    "ee": true,
    "tech_change_status": "Not Planned"
   }
  },
  {
   "type": "Feature",
   "geometry": {
    "type": "Point",
    "coordinates": [
     123.63673317,
     -17.32021349
    ]
   },
   "properties": {
    "name": "UNIT 4, 5 YEEDA CLOSE DERBY 6728",
    "locID": "LOC000039038989",
    "tech": "FTTN",
    "upgrade": "NULL_NA",
    "gnaf_pid": "GAWA_147640232",
    "ee": true,
    "tech_change_status": "Not Planned"
   }
  },
  {
   "type": "Feature",
   "geometry": {
    "type": "Point",
    "coordinates": [
     123.63777075,
     -17.3132865
    ]
   },
   "properties": {
    "name": "UNIT 2, 2 HEYTESBURY STREET DERBY 6728",
    "locID": "LOC000043649532",
    "tech": "FTTN",
    "upgrade": "NULL_NA",
    "gnaf_pid": "GAWA_147640244",
    "ee": true,
    "tech_change_status": "Not Planned"
   }
  },
  {
   "type": "Feature",
   "geometry": {
    "type": "Point",
    "coordinates": [
     123.64843,
     -17.31141
    ]
   },
   "properties": {
    "name": "54A KNOWSLEY STREET EAST DERBY 6728",
    "locID": "LOC000033710589",
    "tech": "FTTN",
    "upgrade": "NULL_NA",
    "gnaf_pid": "GAWA_147640280",
    "ee": true,
    "tech_change_status": "Not Planned"
   }
  },
  {
   "type": "Feature",
   "geometry": {
    "type": "Point",
    "coordinates": [
     123.63490987,
     -17.31181793
    ]
   },
   "properties": {
    "name": "5B ALEXANDER STREET DERBY 6728",
    "locID": "LOC000076769482",
    "tech": "FTTN",
    "upgrade": "NULL_NA",
    "gnaf_pid": "GAWA_147640284",
    "ee": true,
    "tech_change_status": "Not Planned"
   }
  },
  {
   "type": "Feature",
   "geometry": {
    "type": "Point",
    "coordinates": [
     123.64287,
     -17.31059
    ]
   },
   "properties": {
    "name": "15B KNOWSLEY STREET EAST DERBY 6728",
    "locID": "LOC000002101380",
    "tech": "FTTN",
    "upgrade": "NULL_NA",
    "gnaf_pid": "GAWA_147640285",
    "ee": true,
    "tech_change_status": "Not Planned"
   }
  },
  {
   "type": "Feature",
   "geometry": {
    "type": "Point",
    "coordinates": [
     123.62850785,
     -17.30559576
    ]
   },
   "properties": {
    "name": "UNIT 2, 35 ROWAN STREET DERBY 6728",
    "locID": "LOC000067862494",
    "tech": "FTTN",
    "upgrade": "NULL_NA",
    "gnaf_pid": "GAWA_147640317",
    "ee": true,
    "tech_change_status": "Not Planned"
   }
  },
  {
   "type": "Feature",
   "geometry": {
    "type": "Point",
    "coordinates": [
     123.63164,
     -17.31085
    ]
   },
   "properties": {
    "name": "4B WATT STREET DERBY 6728",
    "locID": "LOC000092663506",
    "tech": "FTTN",
    "upgrade": "NULL_NA",
    "gnaf_pid": "GAWA_147640320",
    "ee": true,
    "tech_change_status": "Not Planned"
   }
  },
  {
   "type": "Feature",
   "geometry": {
    "type": "Point",
    "coordinates": [
     123.63177,
     -17.312
    ]
   },
   "properties": {
    "name": "UNIT 1, 85 ROWAN STREET DERBY 6728",
    "locID": "LOC000034539478",
    "tech": "FTTN",
    "upgrade": "NULL_NA",
    "gnaf_pid": "GAWA_147640677",
    "ee": true,
    "tech_change_status": "Not Planned"
   }
  },
  {
   "type": "Feature",
   "geometry": {
    "type": "Point",
    "coordinates": [
     123.63824,
     -17.31781
    ]
   },
   "properties": {
    "name": "25B BARNETT WAY DERBY 6728",
    "locID": "LOC000013723375",
    "tech": "FTTN",
    "upgrade": "NULL_NA",
    "gnaf_pid": "GAWA_147640762",
    "ee": true,
    "tech_change_status": "Not Planned"
   }
  },
  {
   "type": "Feature",
   "geometry": {
    "type": "Point",
    "coordinates": [
     123.6383,
     -17.31914
    ]
   },
   "properties": {
    "name": "20B MCGOVERN WAY DERBY 6728",
    "locID": "LOC000081303461",
    "tech": "FTTN",
    "upgrade": "NULL_NA",
    "gnaf_pid": "GAWA_147640763",
    "ee": true,
    "tech_change_status": "Not Planned"
   }
  },
  {
   "type": "Feature",
   "geometry": {
    "type": "Point",
    "coordinates": [
     123.63329,
     -17.30473
    ]
   },
   "properties": {
    "name": "91D LOCH STREET DERBY 6728",
    "locID": "LOC000111329549",
    "tech": "FTTN",
    "upgrade": "NULL_NA",
    "gnaf_pid": "GAWA_147640773",
    "ee": true,
    "tech_change_status": "Not Planned"
   }
  },
  {
   "type": "Feature",
   "geometry": {
    "type": "Point",
    "coordinates": [
     123.63603,
     -17.31059
    ]
   },
   "properties": {
    "name": "UNIT 6, 17 KNOWSLEY STREET WEST DERBY 6728",
    "locID": "LOC000061153887",
    "tech": "FTTN",
    "upgrade": "NULL_NA",
    "gnaf_pid": "GAWA_147640779",
    "ee": true,
    "tech_change_status": "Not Planned"
   }
  },
  {
   "type": "Feature",
   "geometry": {
    "type": "Point",
    "coordinates": [
     123.63762577,
     -17.31043052
    ]
   },
   "properties": {
    "name": "33 KNOWSLEY STREET WEST DERBY 6728",
    "locID": "LOC000082887358",
    "tech": "FTTN",
    "upgrade": "NULL_NA",
    "gnaf_pid": "GAWA_147640976",
    "ee": true,
    "tech_change_status": "Not Planned"
   }
  },
  {
   "type": "Feature",
   "geometry": {
    "type": "Point",
    "coordinates": [
     123.63164,
     -17.31085
    ]
   },
   "properties": {
    "name": "4A WATT STREET DERBY 6728",
    "locID": "LOC000092497385",
    "tech": "FTTN",
    "upgrade": "NULL_NA",
    "gnaf_pid": "GAWA_147640980",
    "ee": true,
    "tech_change_status": "Not Planned"
   }
  },
  {
   "type": "Feature",
   "geometry": {
    "type": "Point",
    "coordinates": [
     123.63670074,
     -17.32076336
    ]
   },
   "properties": {
    "name": "UNIT 1, 9 CYCAD COVE DERBY 6728",
    "locID": "LOC000014522766",
    "tech": "FTTN",
    "upgrade": "NULL_NA",
    "gnaf_pid": "GAWA_147640981",
    "ee": true,
    "tech_change_status": "Not Planned"
   }
  },
  {
   "type": "Feature",
   "geometry": {
    "type": "Point",
    "coordinates": [
     123.63834,
     -17.31043
    ]
   },
   "properties": {
    "name": "UNIT 1, 39 KNOWSLEY STREET WEST DERBY 6728",
    "locID": "LOC000025566870",
    "tech": "FTTN",
    "upgrade": "NULL_NA",
    "gnaf_pid": "GAWA_147641800",
    "ee": true,
    "tech_change_status": "Not Planned"
   }
  },
  {
   "type": "Feature",
   "geometry": {
    "type": "Point",
    "coordinates": [
     123.63834,
     -17.31043
    ]
   },
   "properties": {
    "name": "UNIT 2, 39 KNOWSLEY STREET WEST DERBY 6728",
    "locID": "LOC000025566870",
    "tech": "FTTN",
    "upgrade": "NULL_NA",
    "gnaf_pid": "GAWA_147641801",
    "ee": true,
    "tech_change_status": "Not Planned"
   }
  },
  {
   "type": "Feature",
   "geometry": {
    "type": "Point",
    "coordinates": [
     123.63834,
     -17.31043
    ]
   },
   "properties": {
    "name": "UNIT 3, 39 KNOWSLEY STREET WEST DERBY 6728",
    "locID": "LOC000025566870",
    "tech": "FTTN",
    "upgrade": "NULL_NA",
    "gnaf_pid": "GAWA_147641802",
    "ee": true,
    "tech_change_status": "Not Planned"
   }
  },
  {
   "type": "Feature",
   "geometry": {
    "type": "Point",
    "coordinates": [
     123.63021394,
     -17.3091863
    ]
   },
   "properties": {
    "name": "UNIT 1, 16 ROWAN STREET DERBY 6728",
    "locID": "LOC000071581421",
    "tech": "FTTN",
    "upgrade": "NULL_NA",
    "gnaf_pid": "GAWA_147641805",
    "ee": true,
    "tech_change_status": "Not Planned"
   }
  },
  {
   "type": "Feature",
   "geometry": {
    "type": "Point",
    "coordinates": [
     123.64014002,
     -17.31601682
    ]
   },
   "properties": {
    "name": "1 ASHLEY STREET DERBY 6728",
    "locID": "LOC000003750994",
    "tech": "FTTN",
    "upgrade": "NULL_NA",
    "gnaf_pid": "GAWA_147641806",
    "ee": true,
    "tech_change_status": "Not Planned"
   }
  },
  {
   "type": "Feature",
   "geometry": {
    "type": "Point",
    "coordinates": [
     123.65866728,
     -17.32170405
    ]
   },
   "properties": {
    "name": "6 KNUTSFORD STREET DERBY 6728",
    "locID": "LOC000051526797",
    "tech": "FTTN",
    "upgrade": "NULL_NA",
    "gnaf_pid": "GAWA_147641825",
    "ee": true,
    "tech_change_status": "Not Planned"
   }
  },
  {
   "type": "Feature",
   "geometry": {
    "type": "Point",
    "coordinates": [
     123.65742,
     -17.32301
    ]
   },
   "properties": {
    "name": "54B GUILDFORD STREET DERBY 6728",
    "locID": "LOC000101313803",
    "tech": "FTTN",
    "upgrade": "NULL_NA",
    "gnaf_pid": "GAWA_147641830",
    "ee": true,
    "tech_change_status": "Not Planned"
   }
  },
  {
   "type": "Feature",
   "geometry": {
    "type": "Point",
    "coordinates": [
     123.65745858,
     -17.33094763
    ]
   },
   "properties": {
    "name": "12 RUSS STREET DERBY 6728",
    "locID": "LOC000086441683",
    "tech": "FTTN",
    "upgrade": "NULL_NA",
    "gnaf_pid": "GAWA_147641832",
    "ee": true,
    "tech_change_status": "Not Planned"
   }
  },
  {
   "type": "Feature",
   "geometry": {
    "type": "Point",
    "coordinates": [
     123.64576,
     -17.31153
    ]
   },
   "properties": {
    "name": "UNIT 1, 28 KNOWSLEY STREET EAST DERBY 6728",
    "locID": "LOC000083272312",
    "tech": "FTTN",
    "upgrade": "NULL_NA",
    "gnaf_pid": "GAWA_147642686",
    "ee": true,
    "tech_change_status": "Not Planned"
   }
  },
  {
   "type": "Feature",
   "geometry": {
    "type": "Point",
    "coordinates": [
     123.63651,
     -17.30664
    ]
   },
   "properties": {
    "name": "127B LOCH STREET DERBY 6728",
    "locID": "LOC000104482496",
    "tech": "FTTN",
    "upgrade": "NULL_NA",
    "gnaf_pid": "GAWA_147642691",
    "ee": true,
    "tech_change_status": "Not Planned"
   }
  },
  {
   "type": "Feature",
   "geometry": {
    "type": "Point",
    "coordinates": [
     123.63266404,
     -17.30776353
    ]
   },
   "properties": {
    "name": "1 ANDERSON STREET DERBY 6728",
    "locID": "LOC000133484378",
    "tech": "FTTN",
    "upgrade": "NULL_NA",
    "gnaf_pid": "GAWA_147642724",
    "ee": true,
    "tech_change_status": "Not Planned"
   }
  },
  {
   "type": "Feature",
   "geometry": {
    "type": "Point",
    "coordinates": [
     123.61603441,
     -17.29658116
    ]
   },
   "properties": {
    "name": "2 ELDER STREET DERBY 6728",
    "locID": "LOC100056304847",
    "tech": "NULL",
    "upgrade": "NULL_NA",
    "gnaf_pid": "GAWA_147642725",
    "ee": true,
    "tech_change_status": "Not Planned"
   }
  },
  {
   "type": "Feature",
   "geometry": {
    "type": "Point",
    "coordinates": [
     123.63242,
     -17.30435
    ]
   },
   "properties": {
    "name": "UNIT 1, 87 LOCH STREET DERBY 6728",
    "locID": "LOC000063511620",
    "tech": "FTTN",
    "upgrade": "NULL_NA",
    "gnaf_pid": "GAWA_147642731",
    "ee": true,
    "tech_change_status": "Not Planned"
   }
  },
  {
   "type": "Feature",
   "geometry": {
    "type": "Point",
    "coordinates": [
     123.63574,
     -17.31392
    ]
   },
   "properties": {
    "name": "12A ARCHER STREET DERBY 6728",
    "locID": "LOC000045155876",
    "tech": "FTTN",
    "upgrade": "NULL_NA",
    "gnaf_pid": "GAWA_147642840",
    "ee": true,
    "tech_change_status": "Not Planned"
   }
  },
  {
   "type": "Feature",
   "geometry": {
    "type": "Point",
    "coordinates": [
     123.64361,
     -17.30633
    ]
   },
   "properties": {
    "name": "13A PANTON STREET DERBY 6728",
    "locID": "LOC000038856404",
    "tech": "FTTN",
    "upgrade": "NULL_NA",
    "gnaf_pid": "GAWA_147642841",
    "ee": true,
    "tech_change_status": "Not Planned"
   }
  },
  {
   "type": "Feature",
   "geometry": {
    "type": "Point",
    "coordinates": [
     123.63666428,
     -17.30593317
    ]
   },
   "properties": {
    "name": "124 VILLIERS STREET DERBY 6728",
    "locID": "LOC000168951777",
    "tech": "FTTN",
    "upgrade": "NULL_NA",
    "gnaf_pid": "GAWA_147642845",
    "ee": true,
    "tech_change_status": "Not Planned"
   }
  },
  {
   "type": "Feature",
   "geometry": {
    "type": "Point",
    "coordinates": [
     123.65847,
     -17.33187
    ]
   },
   "properties": {
    "name": "UNIT 1, 34 DERBY HIGHWAY DERBY 6728",
    "locID": "LOC000027090909",
    "tech": "FTTN",
    "upgrade": "NULL_NA",
    "gnaf_pid": "GAWA_147642883",
    "ee": true,
    "tech_change_status": "Not Planned"
   }
  },
  {
   "type": "Feature",
   "geometry": {
    "type": "Point",
    "coordinates": [
     123.6561,
     -17.31141
    ]
   },
   "properties": {
    "name": "UNIT 1, 136 KNOWSLEY STREET EAST DERBY 6728",
    "locID": "LOC000032098167",
    "tech": "FTTN",
    "upgrade": "NULL_NA",
    "gnaf_pid": "GAWA_147642886",
    "ee": true,
    "tech_change_status": "Not Planned"
   }
  },
  {
   "type": "Feature",
   "geometry": {
    "type": "Point",
    "coordinates": [
     123.63678,
     -17.31991
    ]
   },
   "properties": {
    "name": "UNIT 8, 8 BAUHINIA PLACE DERBY 6728",
    "locID": "LOC000073826561",
    "tech": "FTTN",
    "upgrade": "NULL_NA",
    "gnaf_pid": "GAWA_147642991",
    "ee": true,
    "tech_change_status": "Not Planned"
   }
  },
  {
   "type": "Feature",
   "geometry": {
    "type": "Point",
    "coordinates": [
     123.6449,
     -17.30994
    ]
   },
   "properties": {
    "name": "9B MINIRITCHIE PLACE DERBY 6728",
    "locID": "LOC000072979709",
    "tech": "FTTN",
    "upgrade": "NULL_NA",
    "gnaf_pid": "GAWA_147643643",
    "ee": true,
    "tech_change_status": "Not Planned"
   }
  },
  {
   "type": "Feature",
   "geometry": {
    "type": "Point",
    "coordinates": [
     123.62911,
     -17.30154
    ]
   },
   "properties": {
    "name": "UNIT 3, 32 VILLIERS STREET DERBY 6728",
    "locID": "LOC000168939896",
    "tech": "FTTN",
    "upgrade": "NULL_NA",
    "gnaf_pid": "GAWA_147643651",
    "ee": true,
    "tech_change_status": "Not Planned"
   }
  },
  {
   "type": "Feature",
   "geometry": {
    "type": "Point",
    "coordinates": [
     123.63574,
     -17.31028
    ]
   },
   "properties": {
    "name": "UNIT 5, 11 FAIRBAIRN STREET DERBY 6728",
    "locID": "LOC000014448676",
    "tech": "FTTN",
    "upgrade": "NULL_NA",
    "gnaf_pid": "GAWA_147643698",
    "ee": true,
    "tech_change_status": "Not Planned"
   }
  },
  {
   "type": "Feature",
   "geometry": {
    "type": "Point",
    "coordinates": [
     123.63177,
     -17.312
    ]
   },
   "properties": {
    "name": "UNIT 2, 85 ROWAN STREET DERBY 6728",
    "locID": "LOC000034539478",
    "tech": "FTTN",
    "upgrade": "NULL_NA",
    "gnaf_pid": "GAWA_147643700",
    "ee": true,
    "tech_change_status": "Not Planned"
   }
  },
  {
   "type": "Feature",
   "geometry": {
    "type": "Point",
    "coordinates": [
     123.63329,
     -17.30473
    ]
   },
   "properties": {
    "name": "91C LOCH STREET DERBY 6728",
    "locID": "LOC000112045541",
    "tech": "FTTN",
    "upgrade": "NULL_NA",
    "gnaf_pid": "GAWA_147643748",
    "ee": true,
    "tech_change_status": "Not Planned"
   }
  },
  {
   "type": "Feature",
   "geometry": {
    "type": "Point",
    "coordinates": [
     123.63242,
     -17.30435
    ]
   },
   "properties": {
    "name": "UNIT 2, 87 LOCH STREET DERBY 6728",
    "locID": "LOC000063511620",
    "tech": "FTTN",
    "upgrade": "NULL_NA",
    "gnaf_pid": "GAWA_147643757",
    "ee": true,
    "tech_change_status": "Not Planned"
   }
  },
  {
   "type": "Feature",
   "geometry": {
    "type": "Point",
    "coordinates": [
     123.64340962,
     -17.30728087
    ]
   },
   "properties": {
    "name": "UNIT 6, 53 STANLEY STREET DERBY 6728",
    "locID": "LOC000063814258",
    "tech": "FTTN",
    "upgrade": "NULL_NA",
    "gnaf_pid": "GAWA_147644015",
    "ee": true,
    "tech_change_status": "Not Planned"
   }
  },
  {
   "type": "Feature",
   "geometry": {
    "type": "Point",
    "coordinates": [
     123.63376,
     -17.31299
    ]
   },
   "properties": {
    "name": "23A MARMION STREET DERBY 6728",
    "locID": "LOC000049923199",
    "tech": "FTTN",
    "upgrade": "NULL_NA",
    "gnaf_pid": "GAWA_147644828",
    "ee": true,
    "tech_change_status": "Not Planned"
   }
  },
  {
   "type": "Feature",
   "geometry": {
    "type": "Point",
    "coordinates": [
     123.63021394,
     -17.3091863
    ]
   },
   "properties": {
    "name": "UNIT 8, 16 ROWAN STREET DERBY 6728",
    "locID": "LOC000071316927",
    "tech": "FTTN",
    "upgrade": "NULL_NA",
    "gnaf_pid": "GAWA_147644831",
    "ee": true,
    "tech_change_status": "Not Planned"
   }
  },
  {
   "type": "Feature",
   "geometry": {
    "type": "Point",
    "coordinates": [
     123.63490987,
     -17.31181793
    ]
   },
   "properties": {
    "name": "5A ALEXANDER STREET DERBY 6728",
    "locID": "LOC000076648822",
    "tech": "FTTN",
    "upgrade": "NULL_NA",
    "gnaf_pid": "GAWA_147644833",
    "ee": true,
    "tech_change_status": "Not Planned"
   }
  },
  {
   "type": "Feature",
   "geometry": {
    "type": "Point",
    "coordinates": [
     123.64815,
     -17.31141
    ]
   },
   "properties": {
    "name": "50A KNOWSLEY STREET EAST DERBY 6728",
    "locID": "LOC000098197547",
    "tech": "FTTN",
    "upgrade": "NULL_NA",
    "gnaf_pid": "GAWA_147645393",
    "ee": true,
    "tech_change_status": "Not Planned"
   }
  },
  {
   "type": "Feature",
   "geometry": {
    "type": "Point",
    "coordinates": [
     123.63574,
     -17.31028
    ]
   },
   "properties": {
    "name": "UNIT 4, 11 FAIRBAIRN STREET DERBY 6728",
    "locID": "LOC000014565765",
    "tech": "FTTN",
    "upgrade": "NULL_NA",
    "gnaf_pid": "GAWA_147645631",
    "ee": true,
    "tech_change_status": "Not Planned"
   }
  },
  {
   "type": "Feature",
   "geometry": {
    "type": "Point",
    "coordinates": [
     123.62860991,
     -17.30347049
    ]
   },
   "properties": {
    "name": "30 LOCH STREET DERBY 6728",
    "locID": "LOC000054513830",
    "tech": "FTTN",
    "upgrade": "NULL_NA",
    "gnaf_pid": "GAWA_147646324",
    "ee": true,
    "tech_change_status": "Not Planned"
   }
  },
  {
   "type": "Feature",
   "geometry": {
    "type": "Point",
    "coordinates": [
     123.65488608,
     -17.32037959
    ]
   },
   "properties": {
    "name": "UNIT 4, 17 DERBY HIGHWAY DERBY 6728",
    "locID": "LOC000006176319",
    "tech": "FTTN",
    "upgrade": "NULL_NA",
    "gnaf_pid": "GAWA_147646326",
    "ee": true,
    "tech_change_status": "Not Planned"
   }
  },
  {
   "type": "Feature",
   "geometry": {
    "type": "Point",
    "coordinates": [
     123.64503,
     -17.31044
    ]
   },
   "properties": {
    "name": "UNIT 1, 5 MINIRITCHIE PLACE DERBY 6728",
    "locID": "LOC000034611070",
    "tech": "FTTN",
    "upgrade": "NULL_NA",
    "gnaf_pid": "GAWA_147646419",
    "ee": true,
    "tech_change_status": "Not Planned"
   }
  },
  {
   "type": "Feature",
   "geometry": {
    "type": "Point",
    "coordinates": [
     123.63651,
     -17.30664
    ]
   },
   "properties": {
    "name": "127A LOCH STREET DERBY 6728",
    "locID": "LOC000104272524",
    "tech": "FTTN",
    "upgrade": "NULL_NA",
    "gnaf_pid": "GAWA_147647702",
    "ee": true,
    "tech_change_status": "Not Planned"
   }
  },
  {
   "type": "Feature",
   "geometry": {
    "type": "Point",
    "coordinates": [
     123.63678,
     -17.31991
    ]
   },
   "properties": {
    "name": "UNIT 1, 8 BAUHINIA PLACE DERBY 6728",
    "locID": "LOC000073534688",
    "tech": "FTTN",
    "upgrade": "NULL_NA",
    "gnaf_pid": "GAWA_147647703",
    "ee": true,
    "tech_change_status": "Not Planned"
   }
  },
  {
   "type": "Feature",
   "geometry": {
    "type": "Point",
    "coordinates": [
     123.63021394,
     -17.3091863
    ]
   },
   "properties": {
    "name": "UNIT 13, 16 ROWAN STREET DERBY 6728",
    "locID": "LOC000071525807",
    "tech": "FTTN",
    "upgrade": "NULL_NA",
    "gnaf_pid": "GAWA_147647709",
    "ee": true,
    "tech_change_status": "Not Planned"
   }
  },
  {
   "type": "Feature",
   "geometry": {
    "type": "Point",
    "coordinates": [
     123.63928531,
     -17.31743316
    ]
   },
   "properties": {
    "name": "1F MAY STREET DERBY 6728",
    "locID": "LOC000089217771",
    "tech": "FTTN",
    "upgrade": "NULL_NA",
    "gnaf_pid": "GAWA_147647710",
    "ee": true,
    "tech_change_status": "Not Planned"
   }
  },
  {
   "type": "Feature",
   "geometry": {
    "type": "Point",
    "coordinates": [
     123.63643,
     -17.32019
    ]
   },
   "properties": {
    "name": "UNIT 3, 3 YEEDA CLOSE DERBY 6728",
    "locID": "LOC000102608193",
    "tech": "FTTN",
    "upgrade": "NULL_NA",
    "gnaf_pid": "GAWA_147647897",
    "ee": true,
    "tech_change_status": "Not Planned"
   }
  },
  {
   "type": "Feature",
   "geometry": {
    "type": "Point",
    "coordinates": [
     123.63745,
     -17.31942
    ]
   },
   "properties": {
    "name": "13B BAUHINIA PLACE DERBY 6728",
    "locID": "LOC000046681202",
    "tech": "FTTN",
    "upgrade": "NULL_NA",
    "gnaf_pid": "GAWA_147647899",
    "ee": true,
    "tech_change_status": "Not Planned"
   }
  },
  {
   "type": "Feature",
   "geometry": {
    "type": "Point",
    "coordinates": [
     123.63468103,
     -17.31673443
    ]
   },
   "properties": {
    "name": "1232 REID COURT DERBY 6728",
    "locID": "LOC000078125884",
    "tech": "FTTN",
    "upgrade": "NULL_NA",
    "gnaf_pid": "GAWA_147647900",
    "ee": true,
    "tech_change_status": "Not Planned"
   }
  },
  {
   "type": "Feature",
   "geometry": {
    "type": "Point",
    "coordinates": [
     123.63678,
     -17.31991
    ]
   },
   "properties": {
    "name": "UNIT 6, 8 BAUHINIA PLACE DERBY 6728",
    "locID": "LOC000073826561",
    "tech": "FTTN",
    "upgrade": "NULL_NA",
    "gnaf_pid": "GAWA_147648188",
    "ee": true,
    "tech_change_status": "Not Planned"
   }
  },
  {
   "type": "Feature",
   "geometry": {
    "type": "Point",
    "coordinates": [
     123.63021394,
     -17.3091863
    ]
   },
   "properties": {
    "name": "UNIT 6, 16 ROWAN STREET DERBY 6728",
    "locID": "LOC000071581421",
    "tech": "FTTN",
    "upgrade": "NULL_NA",
    "gnaf_pid": "GAWA_147648193",
    "ee": true,
    "tech_change_status": "Not Planned"
   }
  },
  {
   "type": "Feature",
   "geometry": {
    "type": "Point",
    "coordinates": [
     123.63678,
     -17.31991
    ]
   },
   "properties": {
    "name": "UNIT 2, 8 BAUHINIA PLACE DERBY 6728",
    "locID": "LOC000073362938",
    "tech": "FTTN",
    "upgrade": "NULL_NA",
    "gnaf_pid": "GAWA_147648197",
    "ee": true,
    "tech_change_status": "Not Planned"
   }
  },
  {
   "type": "Feature",
   "geometry": {
    "type": "Point",
    "coordinates": [
     123.64218,
     -17.30667
    ]
   },
   "properties": {
    "name": "19A PANTON STREET DERBY 6728",
    "locID": "LOC000094845695",
    "tech": "FTTN",
    "upgrade": "NULL_NA",
    "gnaf_pid": "GAWA_147648227",
    "ee": true,
    "tech_change_status": "Not Planned"
   }
  },
  {
   "type": "Feature",
   "geometry": {
    "type": "Point",
    "coordinates": [
     123.63532,
     -17.31504
    ]
   },
   "properties": {
    "name": "4B OWEN AH CHEE STREET DERBY 6728",
    "locID": "LOC000050606380",
    "tech": "FTTN",
    "upgrade": "NULL_NA",
    "gnaf_pid": "GAWA_147648228",
    "ee": true,
    "tech_change_status": "Not Planned"
   }
  },
  {
   "type": "Feature",
   "geometry": {
    "type": "Point",
    "coordinates": [
     123.63372,
     -17.31413
    ]
   },
   "properties": {
    "name": "40A MARMION STREET DERBY 6728",
    "locID": "LOC000095764688",
    "tech": "FTTN",
    "upgrade": "NULL_NA",
    "gnaf_pid": "GAWA_147648589",
    "ee": true,
    "tech_change_status": "Not Planned"
   }
  },
  {
   "type": "Feature",
   "geometry": {
    "type": "Point",
    "coordinates": [
     123.63021394,
     -17.3091863
    ]
   },
   "properties": {
    "name": "UNIT 42, 16 ROWAN STREET DERBY 6728",
    "locID": "LOC000174083812",
    "tech": "FTTN",
    "upgrade": "NULL_NA",
    "gnaf_pid": "GAWA_147648590",
    "ee": true,
    "tech_change_status": "Not Planned"
   }
  },
  {
   "type": "Feature",
   "geometry": {
    "type": "Point",
    "coordinates": [
     123.63470971,
     -17.30841835
    ]
   },
   "properties": {
    "name": "4 FAIRBAIRN STREET DERBY 6728",
    "locID": "LOC000007444946",
    "tech": "FTTN",
    "upgrade": "NULL_NA",
    "gnaf_pid": "GAWA_147649081",
    "ee": true,
    "tech_change_status": "Not Planned"
   }
  },
  {
   "type": "Feature",
   "geometry": {
    "type": "Point",
    "coordinates": [
     123.62850785,
     -17.30559576
    ]
   },
   "properties": {
    "name": "UNIT 3, 35 ROWAN STREET DERBY 6728",
    "locID": "LOC000067623235",
    "tech": "FTTN",
    "upgrade": "NULL_NA",
    "gnaf_pid": "GAWA_147649155",
    "ee": true,
    "tech_change_status": "Not Planned"
   }
  },
  {
   "type": "Feature",
   "geometry": {
    "type": "Point",
    "coordinates": [
     123.63571,
     -17.31301
    ]
   },
   "properties": {
    "name": "6B MCLARTY STREET DERBY 6728",
    "locID": "LOC000105755612",
    "tech": "FTTN",
    "upgrade": "NULL_NA",
    "gnaf_pid": "GAWA_147649214",
    "ee": true,
    "tech_change_status": "Not Planned"
   }
  },
  {
   "type": "Feature",
   "geometry": {
    "type": "Point",
    "coordinates": [
     123.63602409,
     -17.31358526
    ]
   },
   "properties": {
    "name": "1 ARCHER STREET DERBY 6728",
    "locID": "LOC000065740067",
    "tech": "FTTN",
    "upgrade": "NULL_NA",
    "gnaf_pid": "GAWA_147649215",
    "ee": true,
    "tech_change_status": "Not Planned"
   }
  },
  {
   "type": "Feature",
   "geometry": {
    "type": "Point",
    "coordinates": [
     123.63681,
     -17.31748
    ]
   },
   "properties": {
    "name": "14B BAOBAB STREET DERBY 6728",
    "locID": "LOC000065180509",
    "tech": "FTTN",
    "upgrade": "NULL_NA",
    "gnaf_pid": "GAWA_147649216",
    "ee": true,
    "tech_change_status": "Not Planned"
   }
  },
  {
   "type": "Feature",
   "geometry": {
    "type": "Point",
    "coordinates": [
     123.63603,
     -17.30825
    ]
   },
   "properties": {
    "name": "100A CLARENDON STREET DERBY 6728",
    "locID": "LOC000037701575",
    "tech": "FTTN",
    "upgrade": "NULL_NA",
    "gnaf_pid": "GAWA_147649218",
    "ee": true,
    "tech_change_status": "Not Planned"
   }
  },
  {
   "type": "Feature",
   "geometry": {
    "type": "Point",
    "coordinates": [
     123.63928531,
     -17.31743316
    ]
   },
   "properties": {
    "name": "1B MAY STREET DERBY 6728",
    "locID": "LOC000089180915",
    "tech": "FTTN",
    "upgrade": "NULL_NA",
    "gnaf_pid": "GAWA_147649224",
    "ee": true,
    "tech_change_status": "Not Planned"
   }
  },
  {
   "type": "Feature",
   "geometry": {
    "type": "Point",
    "coordinates": [
     123.63571,
     -17.31301
    ]
   },
   "properties": {
    "name": "6A MCLARTY STREET DERBY 6728",
    "locID": "LOC000109755749",
    "tech": "FTTN",
    "upgrade": "NULL_NA",
    "gnaf_pid": "GAWA_147649250",
    "ee": true,
    "tech_change_status": "Not Planned"
   }
  },
  {
   "type": "Feature",
   "geometry": {
    "type": "Point",
    "coordinates": [
     123.63532,
     -17.31504
    ]
   },
   "properties": {
    "name": "4A OWEN AH CHEE STREET DERBY 6728",
    "locID": "LOC000050636622",
    "tech": "FTTN",
    "upgrade": "NULL_NA",
    "gnaf_pid": "GAWA_147649267",
    "ee": true,
    "tech_change_status": "Not Planned"
   }
  },
  {
   "type": "Feature",
   "geometry": {
    "type": "Point",
    "coordinates": [
     123.63673317,
     -17.32021349
    ]
   },
   "properties": {
    "name": "UNIT 2, 5 YEEDA CLOSE DERBY 6728",
    "locID": "LOC000038848036",
    "tech": "FTTN",
    "upgrade": "NULL_NA",
    "gnaf_pid": "GAWA_147649280",
    "ee": true,
    "tech_change_status": "Not Planned"
   }
  },
  {
   "type": "Feature",
   "geometry": {
    "type": "Point",
    "coordinates": [
     123.62911,
     -17.30154
    ]
   },
   "properties": {
    "name": "UNIT 2, 32 VILLIERS STREET DERBY 6728",
    "locID": "LOC000168939896",
    "tech": "FTTN",
    "upgrade": "NULL_NA",
    "gnaf_pid": "GAWA_147649283",
    "ee": true,
    "tech_change_status": "Not Planned"
   }
  },
  {
   "type": "Feature",
   "geometry": {
    "type": "Point",
    "coordinates": [
     123.65051188,
     -17.30886058
    ]
   },
   "properties": {
    "name": "13 SUTHERLAND STREET DERBY 6728",
    "locID": "LOC000179446890",
    "tech": "FTTN",
    "upgrade": "NULL_NA",
    "gnaf_pid": "GAWA_147649284",
    "ee": true,
    "tech_change_status": "Not Planned"
   }
  },
  {
   "type": "Feature",
   "geometry": {
    "type": "Point",
    "coordinates": [
     123.64562,
     -17.3107
    ]
   },
   "properties": {
    "name": "UNIT 1, 29 KNOWSLEY STREET EAST DERBY 6728",
    "locID": "LOC000101224666",
    "tech": "FTTN",
    "upgrade": "NULL_NA",
    "gnaf_pid": "GAWA_147649331",
    "ee": true,
    "tech_change_status": "Not Planned"
   }
  },
  {
   "type": "Feature",
   "geometry": {
    "type": "Point",
    "coordinates": [
     123.64562,
     -17.3107
    ]
   },
   "properties": {
    "name": "UNIT 4, 29 KNOWSLEY STREET EAST DERBY 6728",
    "locID": "LOC000101224666",
    "tech": "FTTN",
    "upgrade": "NULL_NA",
    "gnaf_pid": "GAWA_147649333",
    "ee": true,
    "tech_change_status": "Not Planned"
   }
  },
  {
   "type": "Feature",
   "geometry": {
    "type": "Point",
    "coordinates": [
     123.63834,
     -17.31043
    ]
   },
   "properties": {
    "name": "39A KNOWSLEY STREET WEST DERBY 6728",
    "locID": "LOC000025597260",
    "tech": "FTTN",
    "upgrade": "NULL_NA",
    "gnaf_pid": "GAWA_147649337",
    "ee": true,
    "tech_change_status": "Not Planned"
   }
  },
  {
   "type": "Feature",
   "geometry": {
    "type": "Point",
    "coordinates": [
     123.63678,
     -17.31991
    ]
   },
   "properties": {
    "name": "UNIT 4, 8 BAUHINIA PLACE DERBY 6728",
    "locID": "LOC000073855165",
    "tech": "FTTN",
    "upgrade": "NULL_NA",
    "gnaf_pid": "GAWA_147649343",
    "ee": true,
    "tech_change_status": "Not Planned"
   }
  },
  {
   "type": "Feature",
   "geometry": {
    "type": "Point",
    "coordinates": [
     123.63297,
     -17.30472
    ]
   },
   "properties": {
    "name": "89B LOCH STREET DERBY 6728",
    "locID": "LOC000019504951",
    "tech": "FTTN",
    "upgrade": "NULL_NA",
    "gnaf_pid": "GAWA_147649513",
    "ee": true,
    "tech_change_status": "Not Planned"
   }
  },
  {
   "type": "Feature",
   "geometry": {
    "type": "Point",
    "coordinates": [
     123.65847,
     -17.33187
    ]
   },
   "properties": {
    "name": "UNIT 2, 34 DERBY HIGHWAY DERBY 6728",
    "locID": "LOC000027090909",
    "tech": "FTTN",
    "upgrade": "NULL_NA",
    "gnaf_pid": "GAWA_147649537",
    "ee": true,
    "tech_change_status": "Not Planned"
   }
  },
  {
   "type": "Feature",
   "geometry": {
    "type": "Point",
    "coordinates": [
     123.65645185,
     -17.3220215
    ]
   },
   "properties": {
    "name": "52 GUILDFORD STREET DERBY 6728",
    "locID": "LOC000029673190",
    "tech": "FTTN",
    "upgrade": "NULL_NA",
    "gnaf_pid": "GAWA_147649539",
    "ee": true,
    "tech_change_status": "Not Planned"
   }
  },
  {
   "type": "Feature",
   "geometry": {
    "type": "Point",
    "coordinates": [
     123.63949,
     -17.31828
    ]
   },
   "properties": {
    "name": "36B BARNETT WAY DERBY 6728",
    "locID": "LOC000096612550",
    "tech": "FTTN",
    "upgrade": "NULL_NA",
    "gnaf_pid": "GAWA_147650102",
    "ee": true,
    "tech_change_status": "Not Planned"
   }
  },
  {
   "type": "Feature",
   "geometry": {
    "type": "Point",
    "coordinates": [
     123.62850785,
     -17.30559576
    ]
   },
   "properties": {
    "name": "UNIT 1, 35 ROWAN STREET DERBY 6728",
    "locID": "LOC000067968996",
    "tech": "FTTN",
    "upgrade": "NULL_NA",
    "gnaf_pid": "GAWA_147650111",
    "ee": true,
    "tech_change_status": "Not Planned"
   }
  },
  {
   "type": "Feature",
   "geometry": {
    "type": "Point",
    "coordinates": [
     123.63834,
     -17.31043
    ]
   },
   "properties": {
    "name": "39B KNOWSLEY STREET WEST DERBY 6728",
    "locID": "LOC000025566870",
    "tech": "FTTN",
    "upgrade": "NULL_NA",
    "gnaf_pid": "GAWA_147650426",
    "ee": true,
    "tech_change_status": "Not Planned"
   }
  },
  {
   "type": "Feature",
   "geometry": {
    "type": "Point",
    "coordinates": [
     123.64340962,
     -17.30728087
    ]
   },
   "properties": {
    "name": "UNIT 4, 53 STANLEY STREET DERBY 6728",
    "locID": "LOC000063897396",
    "tech": "FTTN",
    "upgrade": "NULL_NA",
    "gnaf_pid": "GAWA_147650428",
    "ee": true,
    "tech_change_status": "Not Planned"
   }
  },
  {
   "type": "Feature",
   "geometry": {
    "type": "Point",
    "coordinates": [
     123.64050258,
     -17.31038414
    ]
   },
   "properties": {
    "name": "UNIT 1, 9 ASHLEY STREET DERBY 6728",
    "locID": "LOC000003750994",
    "tech": "FTTN",
    "upgrade": "NULL_NA",
    "gnaf_pid": "GAWA_147650431",
    "ee": true,
    "tech_change_status": "Not Planned"
   }
  },
  {
   "type": "Feature",
   "geometry": {
    "type": "Point",
    "coordinates": [
     123.63968056,
     -17.30841338
    ]
   },
   "properties": {
    "name": "149 LOCH STREET DERBY 6728",
    "locID": "LOC000063700830",
    "tech": "FTTN",
    "upgrade": "NULL_NA",
    "gnaf_pid": "GAWA_147650440",
    "ee": true,
    "tech_change_status": "Not Planned"
   }
  },
  {
   "type": "Feature",
   "geometry": {
    "type": "Point",
    "coordinates": [
     123.63545877,
     -17.30999564
    ]
   },
   "properties": {
    "name": "7 FAIRBAIRN STREET DERBY 6728",
    "locID": "LOC000147462267",
    "tech": "FTTN",
    "upgrade": "NULL_NA",
    "gnaf_pid": "GAWA_147650443",
    "ee": true,
    "tech_change_status": "Not Planned"
   }
  },
  {
   "type": "Feature",
   "geometry": {
    "type": "Point",
    "coordinates": [
     123.63603,
     -17.30825
    ]
   },
   "properties": {
    "name": "100B CLARENDON STREET DERBY 6728",
    "locID": "LOC000038197550",
    "tech": "FTTN",
    "upgrade": "NULL_NA",
    "gnaf_pid": "GAWA_147650444",
    "ee": true,
    "tech_change_status": "Not Planned"
   }
  },
  {
   "type": "Feature",
   "geometry": {
    "type": "Point",
    "coordinates": [
     123.63625,
     -17.31483
    ]
   },
   "properties": {
    "name": "12A OWEN AH CHEE STREET DERBY 6728",
    "locID": "LOC000079623745",
    "tech": "FTTN",
    "upgrade": "NULL_NA",
    "gnaf_pid": "GAWA_147650450",
    "ee": true,
    "tech_change_status": "Not Planned"
   }
  },
  {
   "type": "Feature",
   "geometry": {
    "type": "Point",
    "coordinates": [
     123.6431386,
     -17.30626622
    ]
   },
   "properties": {
    "name": "2 NUYTSIA WAY DERBY 6728",
    "locID": "LOC000012019533",
    "tech": "FTTN",
    "upgrade": "NULL_NA",
    "gnaf_pid": "GAWA_147650462",
    "ee": true,
    "tech_change_status": "Not Planned"
   }
  },
  {
   "type": "Feature",
   "geometry": {
    "type": "Point",
    "coordinates": [
     123.64495271,
     -17.31250443
    ]
   },
   "properties": {
    "name": "5 WODEHOUSE STREET DERBY 6728",
    "locID": "LOC000056087732",
    "tech": "FTTN",
    "upgrade": "NULL_NA",
    "gnaf_pid": "GAWA_149184816",
    "ee": true,
    "tech_change_status": "Not Planned"
   }
  },
  {
   "type": "Feature",
   "geometry": {
    "type": "Point",
    "coordinates": [
     123.63545898,
     -17.30912453
    ]
   },
   "properties": {
    "name": "5 FAIRBAIRN STREET DERBY 6728",
    "locID": "LOC000014448676",
    "tech": "FTTN",
    "upgrade": "NULL_NA",
    "gnaf_pid": "GAWA_149198108",
    "ee": true,
    "tech_change_status": "Not Planned"
   }
  },
  {
   "type": "Feature",
   "geometry": {
    "type": "Point",
    "coordinates": [
     123.63470944,
     -17.30811505
    ]
   },
   "properties": {
    "name": "2 FAIRBAIRN STREET DERBY 6728",
    "locID": "LOC000147462267",
    "tech": "FTTN",
    "upgrade": "NULL_NA",
    "gnaf_pid": "GAWA_149198109",
    "ee": true,
    "tech_change_status": "Not Planned"
   }
  },
  {
   "type": "Feature",
   "geometry": {
    "type": "Point",
    "coordinates": [
     123.62981474,
     -17.30416615
    ]
   },
   "properties": {
    "name": "1 HARDMAN STREET DERBY 6728",
    "locID": "LOC000108131698",
    "tech": "FTTN",
    "upgrade": "NULL_NA",
    "gnaf_pid": "GAWA_149198117",
    "ee": true,
    "tech_change_status": "Not Planned"
   }
  },
  {
   "type": "Feature",
   "geometry": {
    "type": "Point",
    "coordinates": [
     123.63945,
     -17.31718
    ]
   },
   "properties": {
    "name": "42 ASHLEY STREET DERBY 6728",
    "locID": "LOC000104286568",
    "tech": "FTTN",
    "upgrade": "NULL_NA",
    "gnaf_pid": "GAWA_149200962",
    "ee": true,
    "tech_change_status": "Not Planned"
   }
  },
  {
   "type": "Feature",
   "geometry": {
    "type": "Point",
    "coordinates": [
     123.63915625,
     -17.30728063
    ]
   },
   "properties": {
    "name": "11A STANLEY STREET DERBY 6728",
    "locID": "LOC000058005600",
    "tech": "FTTN",
    "upgrade": "NULL_NA",
    "gnaf_pid": "GAWA_149203229",
    "ee": true,
    "tech_change_status": "Not Planned"
   }
  },
  {
   "type": "Feature",
   "geometry": {
    "type": "Point",
    "coordinates": [
     123.64494338,
     -17.30768328
    ]
   },
   "properties": {
    "name": "4 STANLEY STREET DERBY 6728",
    "locID": "LOC000095721695",
    "tech": "FTTN",
    "upgrade": "NULL_NA",
    "gnaf_pid": "GAWA_149203243",
    "ee": true,
    "tech_change_status": "Not Planned"
   }
  },
  {
   "type": "Feature",
   "geometry": {
    "type": "Point",
    "coordinates": [
     123.63883593,
     -17.30727712
    ]
   },
   "properties": {
    "name": "5 STANLEY STREET DERBY 6728",
    "locID": "LOC000063651526",
    "tech": "FTTN",
    "upgrade": "NULL_NA",
    "gnaf_pid": "GAWA_149203246",
    "ee": true,
    "tech_change_status": "Not Planned"
   }
  },
  {
   "type": "Feature",
   "geometry": {
    "type": "Point",
    "coordinates": [
     123.68745289,
     -17.34216229
    ]
   },
   "properties": {
    "name": "183 LENNARD ROAD DERBY 6728",
    "locID": "LOC000100199633",
    "tech": "SATELLITE",
    "upgrade": "NULL_NA",
    "gnaf_pid": "GAWA_149206022",
    "ee": true,
    "tech_change_status": "Not Planned"
   }
  },
  {
   "type": "Feature",
   "geometry": {
    "type": "Point",
    "coordinates": [
     123.64060851,
     -17.30623454
    ]
   },
   "properties": {
    "name": "6 PANTON STREET DERBY 6728",
    "locID": "LOC000014535550",
    "tech": "FTTN",
    "upgrade": "NULL_NA",
    "gnaf_pid": "GAWA_149207136",
    "ee": true,
    "tech_change_status": "Not Planned"
   }
  },
  {
   "type": "Feature",
   "geometry": {
    "type": "Point",
    "coordinates": [
     123.63179982,
     -17.31251635
    ]
   },
   "properties": {
    "name": "UNIT 2, 67 ROWAN STREET DERBY 6728",
    "locID": "LOC000028718585",
    "tech": "FTTN",
    "upgrade": "NULL_NA",
    "gnaf_pid": "GAWA_149207832",
    "ee": true,
    "tech_change_status": "Not Planned"
   }
  },
  {
   "type": "Feature",
   "geometry": {
    "type": "Point",
    "coordinates": [
     123.63179982,
     -17.31251635
    ]
   },
   "properties": {
    "name": "67 ROWAN STREET DERBY 6728",
    "locID": "LOC000034539478",
    "tech": "FTTN",
    "upgrade": "NULL_NA",
    "gnaf_pid": "GAWA_149207872",
    "ee": true,
    "tech_change_status": "Not Planned"
   }
  },
  {
   "type": "Feature",
   "geometry": {
    "type": "Point",
    "coordinates": [
     123.63044,
     -17.30692
    ]
   },
   "properties": {
    "name": "57B ROWAN STREET DERBY 6728",
    "locID": "LOC000028645446",
    "tech": "FTTN",
    "upgrade": "NULL_NA",
    "gnaf_pid": "GAWA_149207873",
    "ee": true,
    "tech_change_status": "Not Planned"
   }
  },
  {
   "type": "Feature",
   "geometry": {
    "type": "Point",
    "coordinates": [
     123.63248,
     -17.31234
    ]
   },
   "properties": {
    "name": "26A MARMION STREET DERBY 6728",
    "locID": "LOC000029719089",
    "tech": "FTTN",
    "upgrade": "NULL_NA",
    "gnaf_pid": "GAWA_149211392",
    "ee": true,
    "tech_change_status": "Not Planned"
   }
  },
  {
   "type": "Feature",
   "geometry": {
    "type": "Point",
    "coordinates": [
     123.63359,
     -17.31395
    ]
   },
   "properties": {
    "name": "38A MARMION STREET DERBY 6728",
    "locID": "LOC000093032455",
    "tech": "FTTN",
    "upgrade": "NULL_NA",
    "gnaf_pid": "GAWA_149211393",
    "ee": true,
    "tech_change_status": "Not Planned"
   }
  },
  {
   "type": "Feature",
   "geometry": {
    "type": "Point",
    "coordinates": [
     123.62907,
     -17.30593
    ]
   },
   "properties": {
    "name": "UNIT 2, 37 ROWAN STREET DERBY 6728",
    "locID": "LOC000063477913",
    "tech": "FTTN",
    "upgrade": "NULL_NA",
    "gnaf_pid": "GAWA_149211824",
    "ee": true,
    "tech_change_status": "Not Planned"
   }
  },
  {
   "type": "Feature",
   "geometry": {
    "type": "Point",
    "coordinates": [
     123.63179982,
     -17.31251635
    ]
   },
   "properties": {
    "name": "13 ROWAN STREET DERBY 6728",
    "locID": "LOC000028724929",
    "tech": "FTTN",
    "upgrade": "NULL_NA",
    "gnaf_pid": "GAWA_149211826",
    "ee": true,
    "tech_change_status": "Not Planned"
   }
  },
  {
   "type": "Feature",
   "geometry": {
    "type": "Point",
    "coordinates": [
     123.63185201,
     -17.306747
    ]
   },
   "properties": {
    "name": "76 CLARENDON STREET DERBY 6728",
    "locID": "LOC000168193641",
    "tech": "FTTN",
    "upgrade": "NULL_NA",
    "gnaf_pid": "GAWA_149212179",
    "ee": true,
    "tech_change_status": "Not Planned"
   }
  },
  {
   "type": "Feature",
   "geometry": {
    "type": "Point",
    "coordinates": [
     123.64068,
     -17.3109
    ]
   },
   "properties": {
    "name": "UNIT 3, 11 HOLMAN STREET DERBY 6728",
    "locID": "LOC000021876530",
    "tech": "FTTN",
    "upgrade": "NULL_NA",
    "gnaf_pid": "GAWA_160639782",
    "ee": true,
    "tech_change_status": "Not Planned"
   }
  },
  {
   "type": "Feature",
   "geometry": {
    "type": "Point",
    "coordinates": [
     123.64083929,
     -17.31066472
    ]
   },
   "properties": {
    "name": "13B HOLMAN STREET DERBY 6728",
    "locID": "LOC000089300563",
    "tech": "FTTN",
    "upgrade": "NULL_NA",
    "gnaf_pid": "GAWA_160640102",
    "ee": true,
    "tech_change_status": "Not Planned"
   }
  },
  {
   "type": "Feature",
   "geometry": {
    "type": "Point",
    "coordinates": [
     123.63799,
     -17.32257
    ]
   },
   "properties": {
    "name": "32A BLOODWOOD CRESCENT DERBY 6728",
    "locID": "LOC000182456851",
    "tech": "FTTN",
    "upgrade": "NULL_NA",
    "gnaf_pid": "GAWA_160641675",
    "ee": true,
    "tech_change_status": "Not Planned"
   }
  },
  {
   "type": "Feature",
   "geometry": {
    "type": "Point",
    "coordinates": [
     123.63799,
     -17.32257
    ]
   },
   "properties": {
    "name": "32B BLOODWOOD CRESCENT DERBY 6728",
    "locID": "LOC000182456867",
    "tech": "FTTN",
    "upgrade": "NULL_NA",
    "gnaf_pid": "GAWA_160641676",
    "ee": true,
    "tech_change_status": "Not Planned"
   }
  },
  {
   "type": "Feature",
   "geometry": {
    "type": "Point",
    "coordinates": [
     123.64084,
     -17.30991
    ]
   },
   "properties": {
    "name": "UNIT 1, 17 HOLMAN STREET DERBY 6728",
    "locID": "LOC000108168608",
    "tech": "FTTN",
    "upgrade": "NULL_NA",
    "gnaf_pid": "GAWA_160642341",
    "ee": true,
    "tech_change_status": "Not Planned"
   }
  },
  {
   "type": "Feature",
   "geometry": {
    "type": "Point",
    "coordinates": [
     123.64068,
     -17.3109
    ]
   },
   "properties": {
    "name": "UNIT 1, 11 HOLMAN STREET DERBY 6728",
    "locID": "LOC000021876530",
    "tech": "FTTN",
    "upgrade": "NULL_NA",
    "gnaf_pid": "GAWA_160642342",
    "ee": true,
    "tech_change_status": "Not Planned"
   }
  },
  {
   "type": "Feature",
   "geometry": {
    "type": "Point",
    "coordinates": [
     123.64068,
     -17.3109
    ]
   },
   "properties": {
    "name": "UNIT 2, 11 HOLMAN STREET DERBY 6728",
    "locID": "LOC000022038100",
    "tech": "FTTN",
    "upgrade": "NULL_NA",
    "gnaf_pid": "GAWA_160642343",
    "ee": true,
    "tech_change_status": "Not Planned"
   }
  },
  {
   "type": "Feature",
   "geometry": {
    "type": "Point",
    "coordinates": [
     123.64068,
     -17.3109
    ]
   },
   "properties": {
    "name": "UNIT 4, 11 HOLMAN STREET DERBY 6728",
    "locID": "LOC000022075175",
    "tech": "FTTN",
    "upgrade": "NULL_NA",
    "gnaf_pid": "GAWA_160642344",
    "ee": true,
    "tech_change_status": "Not Planned"
   }
  },
  {
   "type": "Feature",
   "geometry": {
    "type": "Point",
    "coordinates": [
     123.64068,
     -17.3109
    ]
   },
   "properties": {
    "name": "UNIT 5, 11 HOLMAN STREET DERBY 6728",
    "locID": "LOC000022170103",
    "tech": "FTTN",
    "upgrade": "NULL_NA",
    "gnaf_pid": "GAWA_160642345",
    "ee": true,
    "tech_change_status": "Not Planned"
   }
  },
  {
   "type": "Feature",
   "geometry": {
    "type": "Point",
    "coordinates": [
     123.64068,
     -17.3109
    ]
   },
   "properties": {
    "name": "UNIT 6, 11 HOLMAN STREET DERBY 6728",
    "locID": "LOC000021876530",
    "tech": "FTTN",
    "upgrade": "NULL_NA",
    "gnaf_pid": "GAWA_160642347",
    "ee": true,
    "tech_change_status": "Not Planned"
   }
  },
  {
   "type": "Feature",
   "geometry": {
    "type": "Point",
    "coordinates": [
     123.63365724,
     -17.31224082
    ]
   },
   "properties": {
    "name": "4A ROWELL COURT DERBY 6728",
    "locID": "LOC000086315330",
    "tech": "FTTN",
    "upgrade": "NULL_NA",
    "gnaf_pid": "GAWA_160643214",
    "ee": true,
    "tech_change_status": "Not Planned"
   }
  },
  {
   "type": "Feature",
   "geometry": {
    "type": "Point",
    "coordinates": [
     123.64083,
     -17.31039
    ]
   },
   "properties": {
    "name": "15A HOLMAN STREET DERBY 6728",
    "locID": "LOC000057665869",
    "tech": "FTTN",
    "upgrade": "NULL_NA",
    "gnaf_pid": "GAWA_160644943",
    "ee": true,
    "tech_change_status": "Not Planned"
   }
  },
  {
   "type": "Feature",
   "geometry": {
    "type": "Point",
    "coordinates": [
     123.63744,
     -17.30971
    ]
   },
   "properties": {
    "name": "UNIT 5, 26 DELEWARR STREET DERBY 6728",
    "locID": "LOC000168591793",
    "tech": "FTTN",
    "upgrade": "NULL_NA",
    "gnaf_pid": "GAWA_160645484",
    "ee": true,
    "tech_change_status": "Not Planned"
   }
  },
  {
   "type": "Feature",
   "geometry": {
    "type": "Point",
    "coordinates": [
     123.63834,
     -17.30983
    ]
   },
   "properties": {
    "name": "UNIT 2, 30 DELEWARR STREET DERBY 6728",
    "locID": "LOC000088922095",
    "tech": "FTTN",
    "upgrade": "NULL_NA",
    "gnaf_pid": "GAWA_160646134",
    "ee": true,
    "tech_change_status": "Not Planned"
   }
  },
  {
   "type": "Feature",
   "geometry": {
    "type": "Point",
    "coordinates": [
     123.63834,
     -17.30983
    ]
   },
   "properties": {
    "name": "UNIT 6, 30 DELEWARR STREET DERBY 6728",
    "locID": "LOC000089189740",
    "tech": "FTTN",
    "upgrade": "NULL_NA",
    "gnaf_pid": "GAWA_160646662",
    "ee": true,
    "tech_change_status": "Not Planned"
   }
  },
  {
   "type": "Feature",
   "geometry": {
    "type": "Point",
    "coordinates": [
     123.64068,
     -17.3109
    ]
   },
   "properties": {
    "name": "UNIT 7, 11 HOLMAN STREET DERBY 6728",
    "locID": "LOC000022010121",
    "tech": "FTTN",
    "upgrade": "NULL_NA",
    "gnaf_pid": "GAWA_160646669",
    "ee": true,
    "tech_change_status": "Not Planned"
   }
  },
  {
   "type": "Feature",
   "geometry": {
    "type": "Point",
    "coordinates": [
     123.64083,
     -17.31039
    ]
   },
   "properties": {
    "name": "15B HOLMAN STREET DERBY 6728",
    "locID": "LOC000058045495",
    "tech": "FTTN",
    "upgrade": "NULL_NA",
    "gnaf_pid": "GAWA_160646670",
    "ee": true,
    "tech_change_status": "Not Planned"
   }
  },
  {
   "type": "Feature",
   "geometry": {
    "type": "Point",
    "coordinates": [
     123.63688,
     -17.30983
    ]
   },
   "properties": {
    "name": "UNIT 3, 18 DELEWARR STREET DERBY 6728",
    "locID": "LOC000046452435",
    "tech": "FTTN",
    "upgrade": "NULL_NA",
    "gnaf_pid": "GAWA_160646672",
    "ee": true,
    "tech_change_status": "Not Planned"
   }
  },
  {
   "type": "Feature",
   "geometry": {
    "type": "Point",
    "coordinates": [
     123.63365724,
     -17.31224082
    ]
   },
   "properties": {
    "name": "4B ROWELL COURT DERBY 6728",
    "locID": "LOC000086646123",
    "tech": "FTTN",
    "upgrade": "NULL_NA",
    "gnaf_pid": "GAWA_160649022",
    "ee": true,
    "tech_change_status": "Not Planned"
   }
  },
  {
   "type": "Feature",
   "geometry": {
    "type": "Point",
    "coordinates": [
     123.63834,
     -17.30983
    ]
   },
   "properties": {
    "name": "UNIT 1, 30 DELEWARR STREET DERBY 6728",
    "locID": "LOC000088968725",
    "tech": "FTTN",
    "upgrade": "NULL_NA",
    "gnaf_pid": "GAWA_160649106",
    "ee": true,
    "tech_change_status": "Not Planned"
   }
  },
  {
   "type": "Feature",
   "geometry": {
    "type": "Point",
    "coordinates": [
     123.63834,
     -17.30983
    ]
   },
   "properties": {
    "name": "UNIT 5, 30 DELEWARR STREET DERBY 6728",
    "locID": "LOC000089243406",
    "tech": "FTTN",
    "upgrade": "NULL_NA",
    "gnaf_pid": "GAWA_160649715",
    "ee": true,
    "tech_change_status": "Not Planned"
   }
  },
  {
   "type": "Feature",
   "geometry": {
    "type": "Point",
    "coordinates": [
     123.64068,
     -17.3109
    ]
   },
   "properties": {
    "name": "UNIT 8, 11 HOLMAN STREET DERBY 6728",
    "locID": "LOC000021994320",
    "tech": "FTTN",
    "upgrade": "NULL_NA",
    "gnaf_pid": "GAWA_160650659",
    "ee": true,
    "tech_change_status": "Not Planned"
   }
  },
  {
   "type": "Feature",
   "geometry": {
    "type": "Point",
    "coordinates": [
     123.64083,
     -17.31039
    ]
   },
   "properties": {
    "name": "15C HOLMAN STREET DERBY 6728",
    "locID": "LOC000058289488",
    "tech": "FTTN",
    "upgrade": "NULL_NA",
    "gnaf_pid": "GAWA_160651355",
    "ee": true,
    "tech_change_status": "Not Planned"
   }
  },
  {
   "type": "Feature",
   "geometry": {
    "type": "Point",
    "coordinates": [
     123.63933,
     -17.30983
    ]
   },
   "properties": {
    "name": "UNIT 1, 46 DELEWARR STREET DERBY 6728",
    "locID": "LOC000006187875",
    "tech": "FTTN",
    "upgrade": "NULL_NA",
    "gnaf_pid": "GAWA_160652511",
    "ee": true,
    "tech_change_status": "Not Planned"
   }
  },
  {
   "type": "Feature",
   "geometry": {
    "type": "Point",
    "coordinates": [
     123.63933,
     -17.30983
    ]
   },
   "properties": {
    "name": "UNIT 2, 46 DELEWARR STREET DERBY 6728",
    "locID": "LOC000006176915",
    "tech": "FTTN",
    "upgrade": "NULL_NA",
    "gnaf_pid": "GAWA_160652879",
    "ee": true,
    "tech_change_status": "Not Planned"
   }
  },
  {
   "type": "Feature",
   "geometry": {
    "type": "Point",
    "coordinates": [
     123.63933,
     -17.30983
    ]
   },
   "properties": {
    "name": "UNIT 3, 46 DELEWARR STREET DERBY 6728",
    "locID": "LOC000006506367",
    "tech": "FTTN",
    "upgrade": "NULL_NA",
    "gnaf_pid": "GAWA_160652880",
    "ee": true,
    "tech_change_status": "Not Planned"
   }
  },
  {
   "type": "Feature",
   "geometry": {
    "type": "Point",
    "coordinates": [
     123.63834,
     -17.30983
    ]
   },
   "properties": {
    "name": "UNIT 3, 30 DELEWARR STREET DERBY 6728",
    "locID": "LOC000089189740",
    "tech": "FTTN",
    "upgrade": "NULL_NA",
    "gnaf_pid": "GAWA_160652885",
    "ee": true,
    "tech_change_status": "Not Planned"
   }
  },
  {
   "type": "Feature",
   "geometry": {
    "type": "Point",
    "coordinates": [
     123.63834,
     -17.30983
    ]
   },
   "properties": {
    "name": "UNIT 4, 30 DELEWARR STREET DERBY 6728",
    "locID": "LOC000089189740",
    "tech": "FTTN",
    "upgrade": "NULL_NA",
    "gnaf_pid": "GAWA_160652886",
    "ee": true,
    "tech_change_status": "Not Planned"
   }
  },
  {
   "type": "Feature",
   "geometry": {
    "type": "Point",
    "coordinates": [
     123.63546,
     -17.30886
    ]
   },
   "properties": {
    "name": "UNIT 3, 1 DELEWARR STREET DERBY 6728",
    "locID": "LOC000088968725",
    "tech": "FTTN",
    "upgrade": "NULL_NA",
    "gnaf_pid": "GAWA_160652889",
    "ee": true,
    "tech_change_status": "Not Planned"
   }
  },
  {
   "type": "Feature",
   "geometry": {
    "type": "Point",
    "coordinates": [
     123.64786,
     -17.31141
    ]
   },
   "properties": {
    "name": "46A KNOWSLEY STREET EAST DERBY 6728",
    "locID": "LOC000027020081",
    "tech": "FTTN",
    "upgrade": "NULL_NA",
    "gnaf_pid": "GAWA_160658783",
    "ee": true,
    "tech_change_status": "Not Planned"
   }
  },
  {
   "type": "Feature",
   "geometry": {
    "type": "Point",
    "coordinates": [
     123.66046101,
     -17.33075062
    ]
   },
   "properties": {
    "name": "37 DERBY HIGHWAY DERBY 6728",
    "locID": "LOC000116499876",
    "tech": "FTTN",
    "upgrade": "NULL_NA",
    "gnaf_pid": "GAWA_160795389",
    "ee": true,
    "tech_change_status": "Not Planned"
   }
  },
  {
   "type": "Feature",
   "geometry": {
    "type": "Point",
    "coordinates": [
     123.66085776,
     -17.33229119
    ]
   },
   "properties": {
    "name": "45 DERBY HIGHWAY DERBY 6728",
    "locID": "LOC000077256525",
    "tech": "FTTN",
    "upgrade": "NULL_NA",
    "gnaf_pid": "GAWA_160795391",
    "ee": true,
    "tech_change_status": "Not Planned"
   }
  },
  {
   "type": "Feature",
   "geometry": {
    "type": "Point",
    "coordinates": [
     123.62591702,
     -17.30402648
    ]
   },
   "properties": {
    "name": "5 ROWAN STREET DERBY 6728",
    "locID": "LOC000028626091",
    "tech": "FTTN",
    "upgrade": "NULL_NA",
    "gnaf_pid": "GAWA_160803150",
    "ee": true,
    "tech_change_status": "Not Planned"
   }
  },
  {
   "type": "Feature",
   "geometry": {
    "type": "Point",
    "coordinates": [
     123.65384,
     -17.3178
    ]
   },
   "properties": {
    "name": "9 DERBY HIGHWAY DERBY 6728",
    "locID": "LOC000004617291",
    "tech": "FTTN",
    "upgrade": "NULL_NA",
    "gnaf_pid": "GAWA_160926822",
    "ee": true,
    "tech_change_status": "Not Planned"
   }
  },
  {
   "type": "Feature",
   "geometry": {
    "type": "Point",
    "coordinates": [
     123.63688,
     -17.30983
    ]
   },
   "properties": {
    "name": "UNIT 1, 18 DELEWARR STREET DERBY 6728",
    "locID": "LOC000046862965",
    "tech": "FTTN",
    "upgrade": "NULL_NA",
    "gnaf_pid": "GAWA_160932943",
    "ee": true,
    "tech_change_status": "Not Planned"
   }
  },
  {
   "type": "Feature",
   "geometry": {
    "type": "Point",
    "coordinates": [
     123.63688,
     -17.30983
    ]
   },
   "properties": {
    "name": "UNIT 2, 18 DELEWARR STREET DERBY 6728",
    "locID": "LOC000046862965",
    "tech": "FTTN",
    "upgrade": "NULL_NA",
    "gnaf_pid": "GAWA_160932945",
    "ee": true,
    "tech_change_status": "Not Planned"
   }
  },
  {
   "type": "Feature",
   "geometry": {
    "type": "Point",
    "coordinates": [
     123.63602664,
     -17.3098282
    ]
   },
   "properties": {
    "name": "UNIT 5, 6 DELEWARR STREET DERBY 6728",
    "locID": "LOC000026492838",
    "tech": "FTTN",
    "upgrade": "NULL_NA",
    "gnaf_pid": "GAWA_160932946",
    "ee": true,
    "tech_change_status": "Not Planned"
   }
  },
  {
   "type": "Feature",
   "geometry": {
    "type": "Point",
    "coordinates": [
     123.71078428,
     -17.35256079
    ]
   },
   "properties": {
    "name": "85 DERBY-GIBB RIVER ROAD DERBY 6728",
    "locID": "LOC000070540620",
    "tech": "SATELLITE",
    "upgrade": "NULL_NA",
    "gnaf_pid": "GAWA_160932999",
    "ee": true,
    "tech_change_status": "Not Planned"
   }
  },
  {
   "type": "Feature",
   "geometry": {
    "type": "Point",
    "coordinates": [
     123.63883553,
     -17.31043474
    ]
   },
   "properties": {
    "name": "UNIT 2, 47 KNOWSLEY STREET WEST DERBY 6728",
    "locID": "LOC000098176828",
    "tech": "FTTN",
    "upgrade": "NULL_NA",
    "gnaf_pid": "GAWA_160935252",
    "ee": true,
    "tech_change_status": "Not Planned"
   }
  },
  {
   "type": "Feature",
   "geometry": {
    "type": "Point",
    "coordinates": [
     123.63858738,
     -17.32381146
    ]
   },
   "properties": {
    "name": "16 BLOODWOOD CRESCENT DERBY 6728",
    "locID": "LOC000090519282",
    "tech": "FTTN",
    "upgrade": "NULL_NA",
    "gnaf_pid": "GAWA_161034438",
    "ee": true,
    "tech_change_status": "Not Planned"
   }
  },
  {
   "type": "Feature",
   "geometry": {
    "type": "Point",
    "coordinates": [
     123.63602664,
     -17.3098282
    ]
   },
   "properties": {
    "name": "UNIT 6, 6 DELEWARR STREET DERBY 6728",
    "locID": "LOC000133480083",
    "tech": "FTTN",
    "upgrade": "NULL_NA",
    "gnaf_pid": "GAWA_161035250",
    "ee": true,
    "tech_change_status": "Not Planned"
   }
  },
  {
   "type": "Feature",
   "geometry": {
    "type": "Point",
    "coordinates": [
     123.63422,
     -17.31494
    ]
   },
   "properties": {
    "name": "50B MARMION STREET DERBY 6728",
    "locID": "LOC000063370172",
    "tech": "FTTN",
    "upgrade": "NULL_NA",
    "gnaf_pid": "GAWA_161036795",
    "ee": true,
    "tech_change_status": "Not Planned"
   }
  },
  {
   "type": "Feature",
   "geometry": {
    "type": "Point",
    "coordinates": [
     123.63266,
     -17.30347
    ]
   },
   "properties": {
    "name": "2 NEVILL STREET DERBY 6728",
    "locID": "LOC000133493493",
    "tech": "FTTN",
    "upgrade": "NULL_NA",
    "gnaf_pid": "GAWA_161422575",
    "ee": true,
    "tech_change_status": "Not Planned"
   }
  },
  {
   "type": "Feature",
   "geometry": {
    "type": "Point",
    "coordinates": [
     123.64050258,
     -17.31038414
    ]
   },
   "properties": {
    "name": "UNIT 5, 9 ASHLEY STREET DERBY 6728",
    "locID": "LOC000003667052",
    "tech": "FTTN",
    "upgrade": "NULL_NA",
    "gnaf_pid": "GAWA_161516389",
    "ee": true,
    "tech_change_status": "Not Planned"
   }
  },
  {
   "type": "Feature",
   "geometry": {
    "type": "Point",
    "coordinates": [
     123.63744507,
     -17.31043109
    ]
   },
   "properties": {
    "name": "UNIT 1, 6 HEYTESBURY STREET DERBY 6728",
    "locID": "LOC000043164410",
    "tech": "FTTN",
    "upgrade": "NULL_NA",
    "gnaf_pid": "GAWA_161518143",
    "ee": true,
    "tech_change_status": "Not Planned"
   }
  },
  {
   "type": "Feature",
   "geometry": {
    "type": "Point",
    "coordinates": [
     123.63744507,
     -17.31043109
    ]
   },
   "properties": {
    "name": "UNIT 2, 6 HEYTESBURY STREET DERBY 6728",
    "locID": "LOC000043649532",
    "tech": "FTTN",
    "upgrade": "NULL_NA",
    "gnaf_pid": "GAWA_161518144",
    "ee": true,
    "tech_change_status": "Not Planned"
   }
  },
  {
   "type": "Feature",
   "geometry": {
    "type": "Point",
    "coordinates": [
     123.63744507,
     -17.31043109
    ]
   },
   "properties": {
    "name": "UNIT 3, 6 HEYTESBURY STREET DERBY 6728",
    "locID": "LOC000043513784",
    "tech": "FTTN",
    "upgrade": "NULL_NA",
    "gnaf_pid": "GAWA_161518145",
    "ee": true,
    "tech_change_status": "Not Planned"
   }
  },
  {
   "type": "Feature",
   "geometry": {
    "type": "Point",
    "coordinates": [
     123.63744507,
     -17.31043109
    ]
   },
   "properties": {
    "name": "UNIT 4, 6 HEYTESBURY STREET DERBY 6728",
    "locID": "LOC000043335794",
    "tech": "FTTN",
    "upgrade": "NULL_NA",
    "gnaf_pid": "GAWA_161518146",
    "ee": true,
    "tech_change_status": "Not Planned"
   }
  },
  {
   "type": "Feature",
   "geometry": {
    "type": "Point",
    "coordinates": [
     123.63744507,
     -17.31043109
    ]
   },
   "properties": {
    "name": "UNIT 5, 6 HEYTESBURY STREET DERBY 6728",
    "locID": "LOC000043393560",
    "tech": "FTTN",
    "upgrade": "NULL_NA",
    "gnaf_pid": "GAWA_161518147",
    "ee": true,
    "tech_change_status": "Not Planned"
   }
  },
  {
   "type": "Feature",
   "geometry": {
    "type": "Point",
    "coordinates": [
     123.63744507,
     -17.31043109
    ]
   },
   "properties": {
    "name": "UNIT 6, 6 HEYTESBURY STREET DERBY 6728",
    "locID": "LOC000043014661",
    "tech": "FTTN",
    "upgrade": "NULL_NA",
    "gnaf_pid": "GAWA_161518148",
    "ee": true,
    "tech_change_status": "Not Planned"
   }
  },
  {
   "type": "Feature",
   "geometry": {
    "type": "Point",
    "coordinates": [
     123.7548,
     -17.35379
    ]
   },
   "properties": {
    "name": "LOT 1435 BUNGARUN ROAD DERBY 6728",
    "locID": "LOC000142984880",
    "tech": "SATELLITE",
    "upgrade": "NULL_NA",
    "gnaf_pid": "GAWA_161530273",
    "ee": true,
    "tech_change_status": "Not Planned"
   }
  },
  {
   "type": "Feature",
   "geometry": {
    "type": "Point",
    "coordinates": [
     123.66938385,
     -17.36406051
    ]
   },
   "properties": {
    "name": "LOT 103 DERBY HIGHWAY DERBY 6728",
    "locID": "LOC000116499876",
    "tech": "FTTN",
    "upgrade": "NULL_NA",
    "gnaf_pid": "GAWA_161539335",
    "ee": true,
    "tech_change_status": "Not Planned"
   }
  },
  {
   "type": "Feature",
   "geometry": {
    "type": "Point",
    "coordinates": [
     123.69572376,
     -17.34626179
    ]
   },
   "properties": {
    "name": "LOT 1433 LENNARD ROAD DERBY 6728",
    "locID": "LOC000100199633",
    "tech": "SATELLITE",
    "upgrade": "NULL_NA",
    "gnaf_pid": "GAWA_161559587",
    "ee": true,
    "tech_change_status": "Not Planned"
   }
  },
  {
   "type": "Feature",
   "geometry": {
    "type": "Point",
    "coordinates": [
     123.76481355,
     -17.31912373
    ]
   },
   "properties": {
    "name": "LOT 10 SAVANNAH WAY DERBY 6728",
    "locID": "LOC000109489488",
    "tech": "NULL",
    "upgrade": "NULL_NA",
    "gnaf_pid": "GAWA_161579212",
    "ee": true,
    "tech_change_status": "Not Planned"
   }
  },
  {
   "type": "Feature",
   "geometry": {
    "type": "Point",
    "coordinates": [
     123.64774,
     -17.33191
    ]
   },
   "properties": {
    "name": "LOT 698 STEEL STREET DERBY 6728",
    "locID": "LOC000133502141",
    "tech": "FTTN",
    "upgrade": "NULL_NA",
    "gnaf_pid": "GAWA_161583131",
    "ee": true,
    "tech_change_status": "Not Planned"
   }
  },
  {
   "type": "Feature",
   "geometry": {
    "type": "Point",
    "coordinates": [
     123.62686,
     -17.3002
    ]
   },
   "properties": {
    "name": "6 VILLIERS STREET DERBY 6728",
    "locID": "LOC000147461014",
    "tech": "FTTN",
    "upgrade": "NULL_NA",
    "gnaf_pid": "GAWA_161588342",
    "ee": true,
    "tech_change_status": "Not Planned"
   }
  },
  {
   "type": "Feature",
   "geometry": {
    "type": "Point",
    "coordinates": [
     123.63021394,
     -17.3091863
    ]
   },
   "properties": {
    "name": "UNIT 16, 16 ROWAN STREET DERBY 6728",
    "locID": "LOC000071581421",
    "tech": "FTTN",
    "upgrade": "NULL_NA",
    "gnaf_pid": "GAWA_161897263",
    "ee": true,
    "tech_change_status": "Not Planned"
   }
  },
  {
   "type": "Feature",
   "geometry": {
    "type": "Point",
    "coordinates": [
     123.62850785,
     -17.30559576
    ]
   },
   "properties": {
    "name": "UNIT 4, 35 ROWAN STREET DERBY 6728",
    "locID": "LOC000067840321",
    "tech": "FTTN",
    "upgrade": "NULL_NA",
    "gnaf_pid": "GAWA_161897264",
    "ee": true,
    "tech_change_status": "Not Planned"
   }
  },
  {
   "type": "Feature",
   "geometry": {
    "type": "Point",
    "coordinates": [
     123.63688,
     -17.30983
    ]
   },
   "properties": {
    "name": "UNIT 4, 18 DELEWARR STREET DERBY 6728",
    "locID": "LOC000046862965",
    "tech": "FTTN",
    "upgrade": "NULL_NA",
    "gnaf_pid": "GAWA_161901156",
    "ee": true,
    "tech_change_status": "Not Planned"
   }
  },
  {
   "type": "Feature",
   "geometry": {
    "type": "Point",
    "coordinates": [
     123.63546,
     -17.31666
    ]
   },
   "properties": {
    "name": "UNIT 2, 2 KUNAMARRA STREET DERBY 6728",
    "locID": "LOC000098120878",
    "tech": "FTTN",
    "upgrade": "NULL_NA",
    "gnaf_pid": "GAWA_161904290",
    "ee": true,
    "tech_change_status": "Not Planned"
   }
  },
  {
   "type": "Feature",
   "geometry": {
    "type": "Point",
    "coordinates": [
     123.63985154,
     -17.31151058
    ]
   },
   "properties": {
    "name": "UNIT 1, 20 ASHLEY STREET DERBY 6728",
    "locID": "LOC000007845484",
    "tech": "FTTN",
    "upgrade": "NULL_NA",
    "gnaf_pid": "GAWA_161926286",
    "ee": true,
    "tech_change_status": "Not Planned"
   }
  },
  {
   "type": "Feature",
   "geometry": {
    "type": "Point",
    "coordinates": [
     123.63985154,
     -17.31151058
    ]
   },
   "properties": {
    "name": "UNIT 2, 20 ASHLEY STREET DERBY 6728",
    "locID": "LOC000007876296",
    "tech": "FTTN",
    "upgrade": "NULL_NA",
    "gnaf_pid": "GAWA_161926287",
    "ee": true,
    "tech_change_status": "Not Planned"
   }
  },
  {
   "type": "Feature",
   "geometry": {
    "type": "Point",
    "coordinates": [
     123.63985154,
     -17.31151058
    ]
   },
   "properties": {
    "name": "UNIT 3, 20 ASHLEY STREET DERBY 6728",
    "locID": "LOC000007876296",
    "tech": "FTTN",
    "upgrade": "NULL_NA",
    "gnaf_pid": "GAWA_161926288",
    "ee": true,
    "tech_change_status": "Not Planned"
   }
  },
  {
   "type": "Feature",
   "geometry": {
    "type": "Point",
    "coordinates": [
     123.64494601,
     -17.31911173
    ]
   },
   "properties": {
    "name": "61A ASHLEY STREET DERBY 6728",
    "locID": "LOC000101523375",
    "tech": "FTTN",
    "upgrade": "NULL_NA",
    "gnaf_pid": "GAWA_161926289",
    "ee": true,
    "tech_change_status": "Not Planned"
   }
  },
  {
   "type": "Feature",
   "geometry": {
    "type": "Point",
    "coordinates": [
     123.64494601,
     -17.31911173
    ]
   },
   "properties": {
    "name": "61B ASHLEY STREET DERBY 6728",
    "locID": "LOC000101523375",
    "tech": "FTTN",
    "upgrade": "NULL_NA",
    "gnaf_pid": "GAWA_161926290",
    "ee": true,
    "tech_change_status": "Not Planned"
   }
  },
  {
   "type": "Feature",
   "geometry": {
    "type": "Point",
    "coordinates": [
     123.64494601,
     -17.31911173
    ]
   },
   "properties": {
    "name": "61C ASHLEY STREET DERBY 6728",
    "locID": "LOC000101523375",
    "tech": "FTTN",
    "upgrade": "NULL_NA",
    "gnaf_pid": "GAWA_161926291",
    "ee": true,
    "tech_change_status": "Not Planned"
   }
  },
  {
   "type": "Feature",
   "geometry": {
    "type": "Point",
    "coordinates": [
     123.63056,
     -17.3024
    ]
   },
   "properties": {
    "name": "UNIT 2, 2 HARDMAN STREET DERBY 6728",
    "locID": "LOC000108206852",
    "tech": "FTTN",
    "upgrade": "NULL_NA",
    "gnaf_pid": "GAWA_161927914",
    "ee": true,
    "tech_change_status": "Not Planned"
   }
  },
  {
   "type": "Feature",
   "geometry": {
    "type": "Point",
    "coordinates": [
     123.63834,
     -17.31043
    ]
   },
   "properties": {
    "name": "UNIT 5, 39 KNOWSLEY STREET WEST DERBY 6728",
    "locID": "LOC000025566870",
    "tech": "FTTN",
    "upgrade": "NULL_NA",
    "gnaf_pid": "GAWA_161928307",
    "ee": true,
    "tech_change_status": "Not Planned"
   }
  },
  {
   "type": "Feature",
   "geometry": {
    "type": "Point",
    "coordinates": [
     123.63615113,
     -17.31915391
    ]
   },
   "properties": {
    "name": "2A MCGOVERN WAY DERBY 6728",
    "locID": "LOC000060884119",
    "tech": "FTTN",
    "upgrade": "NULL_NA",
    "gnaf_pid": "GAWA_161928732",
    "ee": true,
    "tech_change_status": "Not Planned"
   }
  },
  {
   "type": "Feature",
   "geometry": {
    "type": "Point",
    "coordinates": [
     123.63615113,
     -17.31915391
    ]
   },
   "properties": {
    "name": "2B MCGOVERN WAY DERBY 6728",
    "locID": "LOC000061219710",
    "tech": "FTTN",
    "upgrade": "NULL_NA",
    "gnaf_pid": "GAWA_161928733",
    "ee": true,
    "tech_change_status": "Not Planned"
   }
  },
  {
   "type": "Feature",
   "geometry": {
    "type": "Point",
    "coordinates": [
     123.63615113,
     -17.31915391
    ]
   },
   "properties": {
    "name": "2C MCGOVERN WAY DERBY 6728",
    "locID": "LOC000061396816",
    "tech": "FTTN",
    "upgrade": "NULL_NA",
    "gnaf_pid": "GAWA_161928734",
    "ee": true,
    "tech_change_status": "Not Planned"
   }
  },
  {
   "type": "Feature",
   "geometry": {
    "type": "Point",
    "coordinates": [
     123.63163,
     -17.30559
    ]
   },
   "properties": {
    "name": "14A NEVILL STREET DERBY 6728",
    "locID": "LOC000064471610",
    "tech": "FTTN",
    "upgrade": "NULL_NA",
    "gnaf_pid": "GAWA_161929042",
    "ee": true,
    "tech_change_status": "Not Planned"
   }
  },
  {
   "type": "Feature",
   "geometry": {
    "type": "Point",
    "coordinates": [
     123.63163,
     -17.30559
    ]
   },
   "properties": {
    "name": "14B NEVILL STREET DERBY 6728",
    "locID": "LOC000064672929",
    "tech": "FTTN",
    "upgrade": "NULL_NA",
    "gnaf_pid": "GAWA_161929043",
    "ee": true,
    "tech_change_status": "Not Planned"
   }
  },
  {
   "type": "Feature",
   "geometry": {
    "type": "Point",
    "coordinates": [
     123.63163,
     -17.30559
    ]
   },
   "properties": {
    "name": "14C NEVILL STREET DERBY 6728",
    "locID": "LOC000064424571",
    "tech": "FTTN",
    "upgrade": "NULL_NA",
    "gnaf_pid": "GAWA_161929044",
    "ee": true,
    "tech_change_status": "Not Planned"
   }
  },
  {
   "type": "Feature",
   "geometry": {
    "type": "Point",
    "coordinates": [
     123.64361,
     -17.30633
    ]
   },
   "properties": {
    "name": "13B PANTON STREET DERBY 6728",
    "locID": "LOC000039121068",
    "tech": "FTTN",
    "upgrade": "NULL_NA",
    "gnaf_pid": "GAWA_161929235",
    "ee": true,
    "tech_change_status": "Not Planned"
   }
  },
  {
   "type": "Feature",
   "geometry": {
    "type": "Point",
    "coordinates": [
     123.63347,
     -17.3144
    ]
   },
   "properties": {
    "name": "UNIT 10, 99 ROWAN STREET DERBY 6728",
    "locID": "LOC000073469749",
    "tech": "FTTN",
    "upgrade": "NULL_NA",
    "gnaf_pid": "GAWA_161929666",
    "ee": true,
    "tech_change_status": "Not Planned"
   }
  },
  {
   "type": "Feature",
   "geometry": {
    "type": "Point",
    "coordinates": [
     123.63347,
     -17.3144
    ]
   },
   "properties": {
    "name": "UNIT 1, 99 ROWAN STREET DERBY 6728",
    "locID": "LOC000073469749",
    "tech": "FTTN",
    "upgrade": "NULL_NA",
    "gnaf_pid": "GAWA_161929667",
    "ee": true,
    "tech_change_status": "Not Planned"
   }
  },
  {
   "type": "Feature",
   "geometry": {
    "type": "Point",
    "coordinates": [
     123.63347,
     -17.3144
    ]
   },
   "properties": {
    "name": "UNIT 2, 99 ROWAN STREET DERBY 6728",
    "locID": "LOC000073631444",
    "tech": "FTTN",
    "upgrade": "NULL_NA",
    "gnaf_pid": "GAWA_161929668",
    "ee": true,
    "tech_change_status": "Not Planned"
   }
  },
  {
   "type": "Feature",
   "geometry": {
    "type": "Point",
    "coordinates": [
     123.63347,
     -17.3144
    ]
   },
   "properties": {
    "name": "UNIT 3, 99 ROWAN STREET DERBY 6728",
    "locID": "LOC000073584431",
    "tech": "FTTN",
    "upgrade": "NULL_NA",
    "gnaf_pid": "GAWA_161929669",
    "ee": true,
    "tech_change_status": "Not Planned"
   }
  },
  {
   "type": "Feature",
   "geometry": {
    "type": "Point",
    "coordinates": [
     123.63347,
     -17.3144
    ]
   },
   "properties": {
    "name": "UNIT 4, 99 ROWAN STREET DERBY 6728",
    "locID": "LOC000073721245",
    "tech": "FTTN",
    "upgrade": "NULL_NA",
    "gnaf_pid": "GAWA_161929670",
    "ee": true,
    "tech_change_status": "Not Planned"
   }
  },
  {
   "type": "Feature",
   "geometry": {
    "type": "Point",
    "coordinates": [
     123.63347,
     -17.3144
    ]
   },
   "properties": {
    "name": "UNIT 5, 99 ROWAN STREET DERBY 6728",
    "locID": "LOC000073852936",
    "tech": "FTTN",
    "upgrade": "NULL_NA",
    "gnaf_pid": "GAWA_161929671",
    "ee": true,
    "tech_change_status": "Not Planned"
   }
  },
  {
   "type": "Feature",
   "geometry": {
    "type": "Point",
    "coordinates": [
     123.63347,
     -17.3144
    ]
   },
   "properties": {
    "name": "UNIT 6, 99 ROWAN STREET DERBY 6728",
    "locID": "LOC000073779395",
    "tech": "FTTN",
    "upgrade": "NULL_NA",
    "gnaf_pid": "GAWA_161929672",
    "ee": true,
    "tech_change_status": "Not Planned"
   }
  },
  {
   "type": "Feature",
   "geometry": {
    "type": "Point",
    "coordinates": [
     123.63347,
     -17.3144
    ]
   },
   "properties": {
    "name": "UNIT 7, 99 ROWAN STREET DERBY 6728",
    "locID": "LOC000073642364",
    "tech": "FTTN",
    "upgrade": "NULL_NA",
    "gnaf_pid": "GAWA_161929673",
    "ee": true,
    "tech_change_status": "Not Planned"
   }
  },
  {
   "type": "Feature",
   "geometry": {
    "type": "Point",
    "coordinates": [
     123.63347,
     -17.3144
    ]
   },
   "properties": {
    "name": "UNIT 8, 99 ROWAN STREET DERBY 6728",
    "locID": "LOC000073180700",
    "tech": "FTTN",
    "upgrade": "NULL_NA",
    "gnaf_pid": "GAWA_161929674",
    "ee": true,
    "tech_change_status": "Not Planned"
   }
  },
  {
   "type": "Feature",
   "geometry": {
    "type": "Point",
    "coordinates": [
     123.63347,
     -17.3144
    ]
   },
   "properties": {
    "name": "UNIT 9, 99 ROWAN STREET DERBY 6728",
    "locID": "LOC000073853821",
    "tech": "FTTN",
    "upgrade": "NULL_NA",
    "gnaf_pid": "GAWA_161929675",
    "ee": true,
    "tech_change_status": "Not Planned"
   }
  },
  {
   "type": "Feature",
   "geometry": {
    "type": "Point",
    "coordinates": [
     123.64134985,
     -17.31192956
    ]
   },
   "properties": {
    "name": "UNIT 1, 4 HOLMAN STREET DERBY 6728",
    "locID": "LOC000022075175",
    "tech": "FTTN",
    "upgrade": "NULL_NA",
    "gnaf_pid": "GAWA_161931409",
    "ee": true,
    "tech_change_status": "Not Planned"
   }
  },
  {
   "type": "Feature",
   "geometry": {
    "type": "Point",
    "coordinates": [
     123.64134985,
     -17.31192956
    ]
   },
   "properties": {
    "name": "4 HOLMAN STREET DERBY 6728",
    "locID": "LOC000022075175",
    "tech": "FTTN",
    "upgrade": "NULL_NA",
    "gnaf_pid": "GAWA_161931413",
    "ee": true,
    "tech_change_status": "Not Planned"
   }
  },
  {
   "type": "Feature",
   "geometry": {
    "type": "Point",
    "coordinates": [
     123.630194,
     -17.305885
    ]
   },
   "properties": {
    "name": "58 CLARENDON STREET DERBY 6728",
    "locID": "LOC000116489227",
    "tech": "FTTN",
    "upgrade": "NULL_NA",
    "gnaf_pid": "GAWA_162260999",
    "ee": true,
    "tech_change_status": "Not Planned"
   }
  },
  {
   "type": "Feature",
   "geometry": {
    "type": "Point",
    "coordinates": [
     123.63933,
     -17.30983
    ]
   },
   "properties": {
    "name": "UNIT 5, 46 DELEWARR STREET DERBY 6728",
    "locID": "LOC000006180911",
    "tech": "FTTN",
    "upgrade": "NULL_NA",
    "gnaf_pid": "GAWA_162273043",
    "ee": true,
    "tech_change_status": "Not Planned"
   }
  },
  {
   "type": "Feature",
   "geometry": {
    "type": "Point",
    "coordinates": [
     123.65786865,
     -17.32024763
    ]
   },
   "properties": {
    "name": "9 KNUTSFORD STREET DERBY 6728",
    "locID": "LOC000037716699",
    "tech": "FTTN",
    "upgrade": "NULL_NA",
    "gnaf_pid": "GAWA_162273846",
    "ee": true,
    "tech_change_status": "Not Planned"
   }
  },
  {
   "type": "Feature",
   "geometry": {
    "type": "Point",
    "coordinates": [
     123.63410181,
     -17.31342842
    ]
   },
   "properties": {
    "name": "25A MARMION STREET DERBY 6728",
    "locID": "LOC000038808244",
    "tech": "FTTN",
    "upgrade": "NULL_NA",
    "gnaf_pid": "GAWA_162274065",
    "ee": true,
    "tech_change_status": "Not Planned"
   }
  },
  {
   "type": "Feature",
   "geometry": {
    "type": "Point",
    "coordinates": [
     123.63410181,
     -17.31342842
    ]
   },
   "properties": {
    "name": "25B MARMION STREET DERBY 6728",
    "locID": "LOC000039167023",
    "tech": "FTTN",
    "upgrade": "NULL_NA",
    "gnaf_pid": "GAWA_162274066",
    "ee": true,
    "tech_change_status": "Not Planned"
   }
  },
  {
   "type": "Feature",
   "geometry": {
    "type": "Point",
    "coordinates": [
     123.63410181,
     -17.31342842
    ]
   },
   "properties": {
    "name": "25C MARMION STREET DERBY 6728",
    "locID": "LOC000038758257",
    "tech": "FTTN",
    "upgrade": "NULL_NA",
    "gnaf_pid": "GAWA_162274067",
    "ee": true,
    "tech_change_status": "Not Planned"
   }
  },
  {
   "type": "Feature",
   "geometry": {
    "type": "Point",
    "coordinates": [
     123.62689398,
     -17.30446885
    ]
   },
   "properties": {
    "name": "17 JOHNSTON STREET DERBY 6728",
    "locID": "LOC000091058370",
    "tech": "FTTN",
    "upgrade": "NULL_NA",
    "gnaf_pid": "GAWA_162335472",
    "ee": true,
    "tech_change_status": "Not Planned"
   }
  },
  {
   "type": "Feature",
   "geometry": {
    "type": "Point",
    "coordinates": [
     123.64218,
     -17.30667
    ]
   },
   "properties": {
    "name": "19B PANTON STREET DERBY 6728",
    "locID": "LOC000094826561",
    "tech": "FTTN",
    "upgrade": "NULL_NA",
    "gnaf_pid": "GAWA_162336384",
    "ee": true,
    "tech_change_status": "Not Planned"
   }
  },
  {
   "type": "Feature",
   "geometry": {
    "type": "Point",
    "coordinates": [
     123.63602664,
     -17.3098282
    ]
   },
   "properties": {
    "name": "UNIT 2, 6 DELEWARR STREET DERBY 6728",
    "locID": "LOC000026111165",
    "tech": "FTTN",
    "upgrade": "NULL_NA",
    "gnaf_pid": "GAWA_162394135",
    "ee": true,
    "tech_change_status": "Not Planned"
   }
  },
  {
   "type": "Feature",
   "geometry": {
    "type": "Point",
    "coordinates": [
     123.63410181,
     -17.31342842
    ]
   },
   "properties": {
    "name": "25D MARMION STREET DERBY 6728",
    "locID": "LOC000039218036",
    "tech": "FTTN",
    "upgrade": "NULL_NA",
    "gnaf_pid": "GAWA_162395150",
    "ee": true,
    "tech_change_status": "Not Planned"
   }
  },
  {
   "type": "Feature",
   "geometry": {
    "type": "Point",
    "coordinates": [
     123.63777075,
     -17.3132865
    ]
   },
   "properties": {
    "name": "2 HEYTESBURY STREET DERBY 6728",
    "locID": "LOC000043649532",
    "tech": "FTTN",
    "upgrade": "NULL_NA",
    "gnaf_pid": "GAWA_162407314",
    "ee": true,
    "tech_change_status": "Not Planned"
   }
  },
  {
   "type": "Feature",
   "geometry": {
    "type": "Point",
    "coordinates": [
     123.63885582,
     -17.31768608
    ]
   },
   "properties": {
    "name": "940 MAY STREET DERBY 6728",
    "locID": "LOC000187543586",
    "tech": "WIRELESS",
    "upgrade": "NULL_NA",
    "gnaf_pid": "GAWA_162411026",
    "ee": true,
    "tech_change_status": "Not Planned",
    "program_type": "Fixed Wireless and Satellite Upgrade Program",
    "target_eligibility_quarter": "NA"
   }
  },
  {
   "type": "Feature",
   "geometry": {
    "type": "Point",
    "coordinates": [
     123.65496,
     -17.31141
    ]
   },
   "properties": {
    "name": "120A KNOWSLEY STREET EAST DERBY 6728",
    "locID": "LOC000100909017",
    "tech": "FTTN",
    "upgrade": "NULL_NA",
    "gnaf_pid": "GAWA_162491854",
    "ee": true,
    "tech_change_status": "Not Planned"
   }
  },
  {
   "type": "Feature",
   "geometry": {
    "type": "Point",
    "coordinates": [
     123.63896482,
     -17.30819589
    ]
   },
   "properties": {
    "name": "145 LOCH STREET DERBY 6728",
    "locID": "LOC000116486898",
    "tech": "FTTN",
    "upgrade": "NULL_NA",
    "gnaf_pid": "GAWA_162574499",
    "ee": true,
    "tech_change_status": "Not Planned"
   }
  },
  {
   "type": "Feature",
   "geometry": {
    "type": "Point",
    "coordinates": [
     123.62579233,
     -17.30122972
    ]
   },
   "properties": {
    "name": "2A LOCH STREET DERBY 6728",
    "locID": "LOC000116488088",
    "tech": "FTTN",
    "upgrade": "NULL_NA",
    "gnaf_pid": "GAWA_162574500",
    "ee": true,
    "tech_change_status": "Not Planned"
   }
  },
  {
   "type": "Feature",
   "geometry": {
    "type": "Point",
    "coordinates": [
     123.62588804,
     -17.30131501
    ]
   },
   "properties": {
    "name": "2B LOCH STREET DERBY 6728",
    "locID": "LOC000116488090",
    "tech": "FTTN",
    "upgrade": "NULL_NA",
    "gnaf_pid": "GAWA_162574501",
    "ee": true,
    "tech_change_status": "Not Planned"
   }
  },
  {
   "type": "Feature",
   "geometry": {
    "type": "Point",
    "coordinates": [
     123.63933,
     -17.30983
    ]
   },
   "properties": {
    "name": "UNIT 4, 46 DELEWARR STREET DERBY 6728",
    "locID": "LOC000006187875",
    "tech": "FTTN",
    "upgrade": "NULL_NA",
    "gnaf_pid": "GAWA_162593604",
    "ee": true,
    "tech_change_status": "Not Planned"
   }
  },
  {
   "type": "Feature",
   "geometry": {
    "type": "Point",
    "coordinates": [
     123.73009974,
     -17.35796282
    ]
   },
   "properties": {
    "name": "LOT 1430 DERBY-GIBB RIVER ROAD DERBY 6728",
    "locID": "LOC000070540620",
    "tech": "SATELLITE",
    "upgrade": "NULL_NA",
    "gnaf_pid": "GAWA_162648695",
    "ee": true,
    "tech_change_status": "Not Planned"
   }
  },
  {
   "type": "Feature",
   "geometry": {
    "type": "Point",
    "coordinates": [
     123.63933226,
     -17.31043525
    ]
   },
   "properties": {
    "name": "55A KNOWSLEY STREET WEST DERBY 6728",
    "locID": "LOC000071815714",
    "tech": "FTTN",
    "upgrade": "NULL_NA",
    "gnaf_pid": "GAWA_162649239",
    "ee": true,
    "tech_change_status": "Not Planned"
   }
  },
  {
   "type": "Feature",
   "geometry": {
    "type": "Point",
    "coordinates": [
     123.64398,
     -17.30825
    ]
   },
   "properties": {
    "name": "UNIT 2, 24 STANLEY STREET DERBY 6728",
    "locID": "LOC000095762346",
    "tech": "FTTN",
    "upgrade": "NULL_NA",
    "gnaf_pid": "GAWA_162649850",
    "ee": true,
    "tech_change_status": "Not Planned"
   }
  },
  {
   "type": "Feature",
   "geometry": {
    "type": "Point",
    "coordinates": [
     123.66657039,
     -17.32335822
    ]
   },
   "properties": {
    "name": "25 MACLEAY STREET DERBY 6728",
    "locID": "LOC000057779158",
    "tech": "FTTN",
    "upgrade": "NULL_NA",
    "gnaf_pid": "GAWA_162688576",
    "ee": true,
    "tech_change_status": "Not Planned"
   }
  },
  {
   "type": "Feature",
   "geometry": {
    "type": "Point",
    "coordinates": [
     123.63121,
     -17.30261
    ]
   },
   "properties": {
    "name": "UNIT 1, 58 VILLIERS STREET DERBY 6728",
    "locID": "LOC000168940868",
    "tech": "FTTN",
    "upgrade": "NULL_NA",
    "gnaf_pid": "GAWA_162728217",
    "ee": true,
    "tech_change_status": "Not Planned"
   }
  },
  {
   "type": "Feature",
   "geometry": {
    "type": "Point",
    "coordinates": [
     123.63121,
     -17.30261
    ]
   },
   "properties": {
    "name": "UNIT 2, 58 VILLIERS STREET DERBY 6728",
    "locID": "LOC000168940868",
    "tech": "FTTN",
    "upgrade": "NULL_NA",
    "gnaf_pid": "GAWA_162728218",
    "ee": true,
    "tech_change_status": "Not Planned"
   }
  },
  {
   "type": "Feature",
   "geometry": {
    "type": "Point",
    "coordinates": [
     123.63121,
     -17.30261
    ]
   },
   "properties": {
    "name": "UNIT 3, 58 VILLIERS STREET DERBY 6728",
    "locID": "LOC000168940868",
    "tech": "FTTN",
    "upgrade": "NULL_NA",
    "gnaf_pid": "GAWA_162728219",
    "ee": true,
    "tech_change_status": "Not Planned"
   }
  },
  {
   "type": "Feature",
   "geometry": {
    "type": "Point",
    "coordinates": [
     123.63121,
     -17.30261
    ]
   },
   "properties": {
    "name": "UNIT 4, 58 VILLIERS STREET DERBY 6728",
    "locID": "LOC000168940868",
    "tech": "FTTN",
    "upgrade": "NULL_NA",
    "gnaf_pid": "GAWA_162728220",
    "ee": true,
    "tech_change_status": "Not Planned"
   }
  },
  {
   "type": "Feature",
   "geometry": {
    "type": "Point",
    "coordinates": [
     123.72373329,
     -17.37735657
    ]
   },
   "properties": {
    "name": "LOT 26 DERBY HIGHWAY DERBY 6728",
    "locID": "LOC000116499876",
    "tech": "FTTN",
    "upgrade": "NULL_NA",
    "gnaf_pid": "GAWA_162770644",
    "ee": true,
    "tech_change_status": "Not Planned"
   }
  },
  {
   "type": "Feature",
   "geometry": {
    "type": "Point",
    "coordinates": [
     123.64802965,
     -17.33483716
    ]
   },
   "properties": {
    "name": "LOT 95 CONWAY STREET DERBY 6728",
    "locID": "LOC000106474860",
    "tech": "FTTN",
    "upgrade": "NULL_NA",
    "gnaf_pid": "GAWA_162779840",
    "ee": true,
    "tech_change_status": "Not Planned"
   }
  },
  {
   "type": "Feature",
   "geometry": {
    "type": "Point",
    "coordinates": [
     123.73495112,
     -17.34373741
    ]
   },
   "properties": {
    "name": "LOT 1431 DERBY-GIBB RIVER ROAD DERBY 6728",
    "locID": "LOC000070540620",
    "tech": "SATELLITE",
    "upgrade": "NULL_NA",
    "gnaf_pid": "GAWA_162781858",
    "ee": true,
    "tech_change_status": "Not Planned"
   }
  },
  {
   "type": "Feature",
   "geometry": {
    "type": "Point",
    "coordinates": [
     123.72113598,
     -17.35237559
    ]
   },
   "properties": {
    "name": "LOT 1432 DERBY-GIBB RIVER ROAD DERBY 6728",
    "locID": "LOC000070540620",
    "tech": "SATELLITE",
    "upgrade": "NULL_NA",
    "gnaf_pid": "GAWA_162781859",
    "ee": true,
    "tech_change_status": "Not Planned"
   }
  },
  {
   "type": "Feature",
   "geometry": {
    "type": "Point",
    "coordinates": [
     123.65597878,
     -17.36946
    ]
   },
   "properties": {
    "name": "LOT 105 DERBY HIGHWAY DERBY 6728",
    "locID": "LOC000116499876",
    "tech": "FTTN",
    "upgrade": "NULL_NA",
    "gnaf_pid": "GAWA_162781860",
    "ee": true,
    "tech_change_status": "Not Planned"
   }
  },
  {
   "type": "Feature",
   "geometry": {
    "type": "Point",
    "coordinates": [
     123.67186792,
     -17.38039896
    ]
   },
   "properties": {
    "name": "LOT 12 DERBY HIGHWAY DERBY 6728",
    "locID": "LOC000152735341",
    "tech": "SATELLITE",
    "upgrade": "NULL_NA",
    "gnaf_pid": "GAWA_162781861",
    "ee": false,
    "tech_change_status": "Not Planned"
   }
  },
  {
   "type": "Feature",
   "geometry": {
    "type": "Point",
    "coordinates": [
     123.67672809,
     -17.37469664
    ]
   },
   "properties": {
    "name": "LOT 13 DERBY HIGHWAY DERBY 6728",
    "locID": "LOC000133456861",
    "tech": "NULL",
    "upgrade": "NULL_NA",
    "gnaf_pid": "GAWA_162781862",
    "ee": true,
    "tech_change_status": "Not Planned"
   }
  },
  {
   "type": "Feature",
   "geometry": {
    "type": "Point",
    "coordinates": [
     123.66970093,
     -17.36092065
    ]
   },
   "properties": {
    "name": "LOT 1436 DERBY HIGHWAY DERBY 6728",
    "locID": "LOC000116499876",
    "tech": "FTTN",
    "upgrade": "NULL_NA",
    "gnaf_pid": "GAWA_162781864",
    "ee": true,
    "tech_change_status": "Not Planned"
   }
  },
  {
   "type": "Feature",
   "geometry": {
    "type": "Point",
    "coordinates": [
     123.66802975,
     -17.36136395
    ]
   },
   "properties": {
    "name": "LOT 1437 DERBY HIGHWAY DERBY 6728",
    "locID": "LOC000116499876",
    "tech": "FTTN",
    "upgrade": "NULL_NA",
    "gnaf_pid": "GAWA_162781865",
    "ee": true,
    "tech_change_status": "Not Planned"
   }
  },
  {
   "type": "Feature",
   "geometry": {
    "type": "Point",
    "coordinates": [
     123.66238433,
     -17.37136132
    ]
   },
   "properties": {
    "name": "LOT 143 DERBY HIGHWAY DERBY 6728",
    "locID": "LOC000109645013",
    "tech": "NULL",
    "upgrade": "NULL_NA",
    "gnaf_pid": "GAWA_162781867",
    "ee": true,
    "tech_change_status": "Not Planned"
   }
  },
  {
   "type": "Feature",
   "geometry": {
    "type": "Point",
    "coordinates": [
     123.70523721,
     -17.37115675
    ]
   },
   "properties": {
    "name": "LOT 16 DERBY HIGHWAY DERBY 6728",
    "locID": "LOC000116499876",
    "tech": "FTTN",
    "upgrade": "NULL_NA",
    "gnaf_pid": "GAWA_162781870",
    "ee": true,
    "tech_change_status": "Not Planned"
   }
  },
  {
   "type": "Feature",
   "geometry": {
    "type": "Point",
    "coordinates": [
     123.72373203,
     -17.37115015
    ]
   },
   "properties": {
    "name": "LOT 18 DERBY HIGHWAY DERBY 6728",
    "locID": "LOC000116499876",
    "tech": "FTTN",
    "upgrade": "NULL_NA",
    "gnaf_pid": "GAWA_162781872",
    "ee": true,
    "tech_change_status": "Not Planned"
   }
  },
  {
   "type": "Feature",
   "geometry": {
    "type": "Point",
    "coordinates": [
     123.73301141,
     -17.37114688
    ]
   },
   "properties": {
    "name": "LOT 19 DERBY HIGHWAY DERBY 6728",
    "locID": "LOC000116499876",
    "tech": "FTTN",
    "upgrade": "NULL_NA",
    "gnaf_pid": "GAWA_162781873",
    "ee": true,
    "tech_change_status": "Not Planned"
   }
  },
  {
   "type": "Feature",
   "geometry": {
    "type": "Point",
    "coordinates": [
     123.69518763,
     -17.37690108
    ]
   },
   "properties": {
    "name": "LOT 23 DERBY HIGHWAY DERBY 6728",
    "locID": "LOC000116499876",
    "tech": "FTTN",
    "upgrade": "NULL_NA",
    "gnaf_pid": "GAWA_162781874",
    "ee": true,
    "tech_change_status": "Not Planned"
   }
  },
  {
   "type": "Feature",
   "geometry": {
    "type": "Point",
    "coordinates": [
     123.70571246,
     -17.37812732
    ]
   },
   "properties": {
    "name": "LOT 24 DERBY HIGHWAY DERBY 6728",
    "locID": "LOC000116499876",
    "tech": "FTTN",
    "upgrade": "NULL_NA",
    "gnaf_pid": "GAWA_162781875",
    "ee": true,
    "tech_change_status": "Not Planned"
   }
  },
  {
   "type": "Feature",
   "geometry": {
    "type": "Point",
    "coordinates": [
     123.71420139,
     -17.37735897
    ]
   },
   "properties": {
    "name": "LOT 25 DERBY HIGHWAY DERBY 6728",
    "locID": "LOC100079910225",
    "tech": "SATELLITE",
    "upgrade": "NULL_NA",
    "gnaf_pid": "GAWA_162781876",
    "ee": false,
    "tech_change_status": "Not Planned"
   }
  },
  {
   "type": "Feature",
   "geometry": {
    "type": "Point",
    "coordinates": [
     123.73301411,
     -17.37735474
    ]
   },
   "properties": {
    "name": "LOT 27 DERBY HIGHWAY DERBY 6728",
    "locID": "LOC000133497767",
    "tech": "FTTN",
    "upgrade": "NULL_NA",
    "gnaf_pid": "GAWA_162781877",
    "ee": true,
    "tech_change_status": "Not Planned"
   }
  },
  {
   "type": "Feature",
   "geometry": {
    "type": "Point",
    "coordinates": [
     123.69823197,
     -17.38294781
    ]
   },
   "properties": {
    "name": "LOT 31 DERBY HIGHWAY DERBY 6728",
    "locID": "LOC000116499876",
    "tech": "FTTN",
    "upgrade": "NULL_NA",
    "gnaf_pid": "GAWA_162781878",
    "ee": true,
    "tech_change_status": "Not Planned"
   }
  },
  {
   "type": "Feature",
   "geometry": {
    "type": "Point",
    "coordinates": [
     123.70571144,
     -17.38521709
    ]
   },
   "properties": {
    "name": "LOT 32 DERBY HIGHWAY DERBY 6728",
    "locID": "LOC000116499876",
    "tech": "FTTN",
    "upgrade": "NULL_NA",
    "gnaf_pid": "GAWA_162781879",
    "ee": true,
    "tech_change_status": "Not Planned"
   }
  },
  {
   "type": "Feature",
   "geometry": {
    "type": "Point",
    "coordinates": [
     123.71420016,
     -17.38463207
    ]
   },
   "properties": {
    "name": "LOT 33 DERBY HIGHWAY DERBY 6728",
    "locID": "LOC000002948629",
    "tech": "FTTN",
    "upgrade": "NULL_NA",
    "gnaf_pid": "GAWA_162781880",
    "ee": true,
    "tech_change_status": "Not Planned"
   }
  },
  {
   "type": "Feature",
   "geometry": {
    "type": "Point",
    "coordinates": [
     123.72373272,
     -17.38463157
    ]
   },
   "properties": {
    "name": "LOT 34 DERBY HIGHWAY DERBY 6728",
    "locID": "LOC000027090909",
    "tech": "FTTN",
    "upgrade": "NULL_NA",
    "gnaf_pid": "GAWA_162781881",
    "ee": true,
    "tech_change_status": "Not Planned"
   }
  },
  {
   "type": "Feature",
   "geometry": {
    "type": "Point",
    "coordinates": [
     123.73301504,
     -17.38463105
    ]
   },
   "properties": {
    "name": "LOT 35 DERBY HIGHWAY DERBY 6728",
    "locID": "LOC000108813052",
    "tech": "SATELLITE",
    "upgrade": "NULL_NA",
    "gnaf_pid": "GAWA_162781882",
    "ee": false,
    "tech_change_status": "Not Planned"
   }
  },
  {
   "type": "Feature",
   "geometry": {
    "type": "Point",
    "coordinates": [
     123.67294665,
     -17.36847239
    ]
   },
   "properties": {
    "name": "LOT 3 DERBY HIGHWAY DERBY 6728",
    "locID": "LOC000108813052",
    "tech": "SATELLITE",
    "upgrade": "NULL_NA",
    "gnaf_pid": "GAWA_162781883",
    "ee": false,
    "tech_change_status": "Not Planned"
   }
  },
  {
   "type": "Feature",
   "geometry": {
    "type": "Point",
    "coordinates": [
     123.7052376,
     -17.36503168
    ]
   },
   "properties": {
    "name": "LOT 6 DERBY HIGHWAY DERBY 6728",
    "locID": "LOC000133456900",
    "tech": "NULL",
    "upgrade": "NULL_NA",
    "gnaf_pid": "GAWA_162781885",
    "ee": true,
    "tech_change_status": "Not Planned"
   }
  },
  {
   "type": "Feature",
   "geometry": {
    "type": "Point",
    "coordinates": [
     123.72373224,
     -17.36502697
    ]
   },
   "properties": {
    "name": "LOT 8 DERBY HIGHWAY DERBY 6728",
    "locID": "LOC000116499876",
    "tech": "FTTN",
    "upgrade": "NULL_NA",
    "gnaf_pid": "GAWA_162781887",
    "ee": true,
    "tech_change_status": "Not Planned"
   }
  },
  {
   "type": "Feature",
   "geometry": {
    "type": "Point",
    "coordinates": [
     123.66763713,
     -17.35775332
    ]
   },
   "properties": {
    "name": "LOT 96 DERBY HIGHWAY DERBY 6728",
    "locID": "LOC000116499876",
    "tech": "FTTN",
    "upgrade": "NULL_NA",
    "gnaf_pid": "GAWA_162781888",
    "ee": true,
    "tech_change_status": "Not Planned"
   }
  },
  {
   "type": "Feature",
   "geometry": {
    "type": "Point",
    "coordinates": [
     123.7330103,
     -17.36502423
    ]
   },
   "properties": {
    "name": "LOT 9 DERBY HIGHWAY DERBY 6728",
    "locID": "LOC000004617291",
    "tech": "FTTN",
    "upgrade": "NULL_NA",
    "gnaf_pid": "GAWA_162781889",
    "ee": true,
    "tech_change_status": "Not Planned"
   }
  },
  {
   "type": "Feature",
   "geometry": {
    "type": "Point",
    "coordinates": [
     123.76769008,
     -17.31925902
    ]
   },
   "properties": {
    "name": "LOT 11 SAVANNAH WAY DERBY 6728",
    "locID": "LOC000109287462",
    "tech": "NULL",
    "upgrade": "NULL_NA",
    "gnaf_pid": "GAWA_162806917",
    "ee": true,
    "tech_change_status": "Not Planned"
   }
  },
  {
   "type": "Feature",
   "geometry": {
    "type": "Point",
    "coordinates": [
     123.75889067,
     -17.32087535
    ]
   },
   "properties": {
    "name": "LOT 13 SAVANNAH WAY DERBY 6728",
    "locID": "LOC000109425936",
    "tech": "SATELLITE",
    "upgrade": "NULL_NA",
    "gnaf_pid": "GAWA_162806919",
    "ee": true,
    "tech_change_status": "Not Planned"
   }
  },
  {
   "type": "Feature",
   "geometry": {
    "type": "Point",
    "coordinates": [
     123.76186278,
     -17.32101656
    ]
   },
   "properties": {
    "name": "LOT 14 SAVANNAH WAY DERBY 6728",
    "locID": "LOC000108261048",
    "tech": "SATELLITE",
    "upgrade": "NULL_NA",
    "gnaf_pid": "GAWA_162806920",
    "ee": true,
    "tech_change_status": "Not Planned"
   }
  },
  {
   "type": "Feature",
   "geometry": {
    "type": "Point",
    "coordinates": [
     123.76483895,
     -17.32115524
    ]
   },
   "properties": {
    "name": "LOT 15 SAVANNAH WAY DERBY 6728",
    "locID": "LOC000109568197",
    "tech": "NULL",
    "upgrade": "NULL_NA",
    "gnaf_pid": "GAWA_162806921",
    "ee": true,
    "tech_change_status": "Not Planned"
   }
  },
  {
   "type": "Feature",
   "geometry": {
    "type": "Point",
    "coordinates": [
     123.76772476,
     -17.32129253
    ]
   },
   "properties": {
    "name": "LOT 16 SAVANNAH WAY DERBY 6728",
    "locID": "LOC000142476916",
    "tech": "SATELLITE",
    "upgrade": "NULL_NA",
    "gnaf_pid": "GAWA_162806922",
    "ee": true,
    "tech_change_status": "Not Planned"
   }
  },
  {
   "type": "Feature",
   "geometry": {
    "type": "Point",
    "coordinates": [
     123.75505881,
     -17.31633097
    ]
   },
   "properties": {
    "name": "LOT 1 SAVANNAH WAY DERBY 6728",
    "locID": "LOC000109605435",
    "tech": "SATELLITE",
    "upgrade": "NULL_NA",
    "gnaf_pid": "GAWA_162806923",
    "ee": true,
    "tech_change_status": "Not Planned"
   }
  },
  {
   "type": "Feature",
   "geometry": {
    "type": "Point",
    "coordinates": [
     123.75662582,
     -17.31641169
    ]
   },
   "properties": {
    "name": "LOT 2 SAVANNAH WAY DERBY 6728",
    "locID": "LOC000108960186",
    "tech": "SATELLITE",
    "upgrade": "NULL_NA",
    "gnaf_pid": "GAWA_162806924",
    "ee": true,
    "tech_change_status": "Not Planned"
   }
  },
  {
   "type": "Feature",
   "geometry": {
    "type": "Point",
    "coordinates": [
     123.75887912,
     -17.31650782
    ]
   },
   "properties": {
    "name": "LOT 3 SAVANNAH WAY DERBY 6728",
    "locID": "LOC000108813075",
    "tech": "SATELLITE",
    "upgrade": "NULL_NA",
    "gnaf_pid": "GAWA_162806925",
    "ee": true,
    "tech_change_status": "Not Planned"
   }
  },
  {
   "type": "Feature",
   "geometry": {
    "type": "Point",
    "coordinates": [
     123.76183452,
     -17.31664809
    ]
   },
   "properties": {
    "name": "LOT 4 SAVANNAH WAY DERBY 6728",
    "locID": "LOC000108284379",
    "tech": "NULL",
    "upgrade": "NULL_NA",
    "gnaf_pid": "GAWA_162806926",
    "ee": true,
    "tech_change_status": "Not Planned"
   }
  },
  {
   "type": "Feature",
   "geometry": {
    "type": "Point",
    "coordinates": [
     123.76478988,
     -17.31678841
    ]
   },
   "properties": {
    "name": "LOT 5 SAVANNAH WAY DERBY 6728",
    "locID": "LOC000107607734",
    "tech": "NULL",
    "upgrade": "NULL_NA",
    "gnaf_pid": "GAWA_162806927",
    "ee": true,
    "tech_change_status": "Not Planned"
   }
  },
  {
   "type": "Feature",
   "geometry": {
    "type": "Point",
    "coordinates": [
     123.76774477,
     -17.31692826
    ]
   },
   "properties": {
    "name": "LOT 6 SAVANNAH WAY DERBY 6728",
    "locID": "LOC000108776171",
    "tech": "SATELLITE",
    "upgrade": "NULL_NA",
    "gnaf_pid": "GAWA_162806928",
    "ee": true,
    "tech_change_status": "Not Planned"
   }
  },
  {
   "type": "Feature",
   "geometry": {
    "type": "Point",
    "coordinates": [
     123.75577224,
     -17.31870002
    ]
   },
   "properties": {
    "name": "LOT 7 SAVANNAH WAY DERBY 6728",
    "locID": "LOC000108215568",
    "tech": "NULL",
    "upgrade": "NULL_NA",
    "gnaf_pid": "GAWA_162806929",
    "ee": true,
    "tech_change_status": "Not Planned"
   }
  },
  {
   "type": "Feature",
   "geometry": {
    "type": "Point",
    "coordinates": [
     123.758885,
     -17.31884234
    ]
   },
   "properties": {
    "name": "LOT 8 SAVANNAH WAY DERBY 6728",
    "locID": "LOC000108500864",
    "tech": "NULL",
    "upgrade": "NULL_NA",
    "gnaf_pid": "GAWA_162806930",
    "ee": true,
    "tech_change_status": "Not Planned"
   }
  },
  {
   "type": "Feature",
   "geometry": {
    "type": "Point",
    "coordinates": [
     123.63986373,
     -17.32464144
    ]
   },
   "properties": {
    "name": "6 ASHLEY STREET DERBY 6728",
    "locID": "LOC000069035812",
    "tech": "FTTN",
    "upgrade": "NULL_NA",
    "gnaf_pid": "GAWA_162864990",
    "ee": true,
    "tech_change_status": "Not Planned"
   }
  },
  {
   "type": "Feature",
   "geometry": {
    "type": "Point",
    "coordinates": [
     123.63877143,
     -17.3244685
    ]
   },
   "properties": {
    "name": "11 BLOODWOOD CRESCENT DERBY 6728",
    "locID": "LOC000116486846",
    "tech": "FTTN",
    "upgrade": "NULL_NA",
    "gnaf_pid": "GAWA_162865434",
    "ee": true,
    "tech_change_status": "Not Planned"
   }
  },
  {
   "type": "Feature",
   "geometry": {
    "type": "Point",
    "coordinates": [
     123.63860034,
     -17.32439517
    ]
   },
   "properties": {
    "name": "13 BLOODWOOD CRESCENT DERBY 6728",
    "locID": "LOC000133488869",
    "tech": "FTTN",
    "upgrade": "NULL_NA",
    "gnaf_pid": "GAWA_162865435",
    "ee": true,
    "tech_change_status": "Not Planned"
   }
  },
  {
   "type": "Feature",
   "geometry": {
    "type": "Point",
    "coordinates": [
     123.63843602,
     -17.32430775
    ]
   },
   "properties": {
    "name": "15 BLOODWOOD CRESCENT DERBY 6728",
    "locID": "LOC000133488951",
    "tech": "FTTN",
    "upgrade": "NULL_NA",
    "gnaf_pid": "GAWA_162865436",
    "ee": true,
    "tech_change_status": "Not Planned"
   }
  },
  {
   "type": "Feature",
   "geometry": {
    "type": "Point",
    "coordinates": [
     123.63828033,
     -17.32420804
    ]
   },
   "properties": {
    "name": "17 BLOODWOOD CRESCENT DERBY 6728",
    "locID": "LOC000133493320",
    "tech": "FTTN",
    "upgrade": "NULL_NA",
    "gnaf_pid": "GAWA_162865437",
    "ee": true,
    "tech_change_status": "Not Planned"
   }
  },
  {
   "type": "Feature",
   "geometry": {
    "type": "Point",
    "coordinates": [
     123.63986373,
     -17.32464144
    ]
   },
   "properties": {
    "name": "1 BLOODWOOD CRESCENT DERBY 6728",
    "locID": "LOC000133484332",
    "tech": "FTTN",
    "upgrade": "NULL_NA",
    "gnaf_pid": "GAWA_162865438",
    "ee": true,
    "tech_change_status": "Not Planned"
   }
  },
  {
   "type": "Feature",
   "geometry": {
    "type": "Point",
    "coordinates": [
     123.63797974,
     -17.3239505
    ]
   },
   "properties": {
    "name": "21 BLOODWOOD CRESCENT DERBY 6728",
    "locID": "LOC000116487970",
    "tech": "FTTN",
    "upgrade": "NULL_NA",
    "gnaf_pid": "GAWA_162865439",
    "ee": true,
    "tech_change_status": "Not Planned"
   }
  },
  {
   "type": "Feature",
   "geometry": {
    "type": "Point",
    "coordinates": [
     123.63786031,
     -17.32381028
    ]
   },
   "properties": {
    "name": "23 BLOODWOOD CRESCENT DERBY 6728",
    "locID": "LOC000133493543",
    "tech": "FTTN",
    "upgrade": "NULL_NA",
    "gnaf_pid": "GAWA_162865440",
    "ee": true,
    "tech_change_status": "Not Planned"
   }
  },
  {
   "type": "Feature",
   "geometry": {
    "type": "Point",
    "coordinates": [
     123.63774708,
     -17.32366877
    ]
   },
   "properties": {
    "name": "25 BLOODWOOD CRESCENT DERBY 6728",
    "locID": "LOC000133497693",
    "tech": "FTTN",
    "upgrade": "NULL_NA",
    "gnaf_pid": "GAWA_162865441",
    "ee": true,
    "tech_change_status": "Not Planned"
   }
  },
  {
   "type": "Feature",
   "geometry": {
    "type": "Point",
    "coordinates": [
     123.63967026,
     -17.32462922
    ]
   },
   "properties": {
    "name": "3 BLOODWOOD CRESCENT DERBY 6728",
    "locID": "LOC000133497865",
    "tech": "FTTN",
    "upgrade": "NULL_NA",
    "gnaf_pid": "GAWA_162865443",
    "ee": true,
    "tech_change_status": "Not Planned"
   }
  },
  {
   "type": "Feature",
   "geometry": {
    "type": "Point",
    "coordinates": [
     123.639317,
     -17.3246013
    ]
   },
   "properties": {
    "name": "5 BLOODWOOD CRESCENT DERBY 6728",
    "locID": "LOC000133506865",
    "tech": "FTTN",
    "upgrade": "NULL_NA",
    "gnaf_pid": "GAWA_162865444",
    "ee": true,
    "tech_change_status": "Not Planned"
   }
  },
  {
   "type": "Feature",
   "geometry": {
    "type": "Point",
    "coordinates": [
     123.63913063,
     -17.32456968
    ]
   },
   "properties": {
    "name": "7 BLOODWOOD CRESCENT DERBY 6728",
    "locID": "LOC000133511253",
    "tech": "FTTN",
    "upgrade": "NULL_NA",
    "gnaf_pid": "GAWA_162865445",
    "ee": true,
    "tech_change_status": "Not Planned"
   }
  },
  {
   "type": "Feature",
   "geometry": {
    "type": "Point",
    "coordinates": [
     123.63894875,
     -17.32452664
    ]
   },
   "properties": {
    "name": "9 BLOODWOOD CRESCENT DERBY 6728",
    "locID": "LOC000133515520",
    "tech": "FTTN",
    "upgrade": "NULL_NA",
    "gnaf_pid": "GAWA_162865446",
    "ee": true,
    "tech_change_status": "Not Planned"
   }
  },
  {
   "type": "Feature",
   "geometry": {
    "type": "Point",
    "coordinates": [
     123.64078529,
     -17.32482428
    ]
   },
   "properties": {
    "name": "4 CASSIA CLOSE DERBY 6728",
    "locID": "LOC000133502224",
    "tech": "FTTN",
    "upgrade": "NULL_NA",
    "gnaf_pid": "GAWA_162866100",
    "ee": true,
    "tech_change_status": "Not Planned"
   }
  },
  {
   "type": "Feature",
   "geometry": {
    "type": "Point",
    "coordinates": [
     123.64047249,
     -17.32483698
    ]
   },
   "properties": {
    "name": "6 CASSIA CLOSE DERBY 6728",
    "locID": "LOC000133507006",
    "tech": "FTTN",
    "upgrade": "NULL_NA",
    "gnaf_pid": "GAWA_162866101",
    "ee": true,
    "tech_change_status": "Not Planned"
   }
  },
  {
   "type": "Feature",
   "geometry": {
    "type": "Point",
    "coordinates": [
     123.6414812,
     -17.3240388
    ]
   },
   "properties": {
    "name": "11 COOLIBAH WAY DERBY 6728",
    "locID": "LOC000081195936",
    "tech": "FTTN",
    "upgrade": "NULL_NA",
    "gnaf_pid": "GAWA_162866671",
    "ee": true,
    "tech_change_status": "Not Planned"
   }
  },
  {
   "type": "Feature",
   "geometry": {
    "type": "Point",
    "coordinates": [
     123.64181214,
     -17.32408342
    ]
   },
   "properties": {
    "name": "13 COOLIBAH WAY DERBY 6728",
    "locID": "LOC000133476280",
    "tech": "FTTN",
    "upgrade": "NULL_NA",
    "gnaf_pid": "GAWA_162866672",
    "ee": true,
    "tech_change_status": "Not Planned"
   }
  },
  {
   "type": "Feature",
   "geometry": {
    "type": "Point",
    "coordinates": [
     123.64187162,
     -17.32445264
    ]
   },
   "properties": {
    "name": "17 COOLIBAH WAY DERBY 6728",
    "locID": "LOC000026935460",
    "tech": "FTTN",
    "upgrade": "NULL_NA",
    "gnaf_pid": "GAWA_162866673",
    "ee": true,
    "tech_change_status": "Not Planned"
   }
  },
  {
   "type": "Feature",
   "geometry": {
    "type": "Point",
    "coordinates": [
     123.6418717,
     -17.32462386
    ]
   },
   "properties": {
    "name": "19 COOLIBAH WAY DERBY 6728",
    "locID": "LOC000037564074",
    "tech": "FTTN",
    "upgrade": "NULL_NA",
    "gnaf_pid": "GAWA_162866674",
    "ee": true,
    "tech_change_status": "Not Planned"
   }
  },
  {
   "type": "Feature",
   "geometry": {
    "type": "Point",
    "coordinates": [
     123.64066815,
     -17.32407846
    ]
   },
   "properties": {
    "name": "1 COOLIBAH WAY DERBY 6728",
    "locID": "LOC000133476042",
    "tech": "FTTN",
    "upgrade": "NULL_NA",
    "gnaf_pid": "GAWA_162866675",
    "ee": true,
    "tech_change_status": "Not Planned"
   }
  },
  {
   "type": "Feature",
   "geometry": {
    "type": "Point",
    "coordinates": [
     123.64187179,
     -17.32480458
    ]
   },
   "properties": {
    "name": "21 COOLIBAH WAY DERBY 6728",
    "locID": "LOC000013665464",
    "tech": "FTTN",
    "upgrade": "NULL_NA",
    "gnaf_pid": "GAWA_162866676",
    "ee": true,
    "tech_change_status": "Not Planned"
   }
  },
  {
   "type": "Feature",
   "geometry": {
    "type": "Point",
    "coordinates": [
     123.64188598,
     -17.32498031
    ]
   },
   "properties": {
    "name": "23 COOLIBAH WAY DERBY 6728",
    "locID": "LOC000016437428",
    "tech": "FTTN",
    "upgrade": "NULL_NA",
    "gnaf_pid": "GAWA_162866677",
    "ee": true,
    "tech_change_status": "Not Planned"
   }
  },
  {
   "type": "Feature",
   "geometry": {
    "type": "Point",
    "coordinates": [
     123.64187655,
     -17.32516852
    ]
   },
   "properties": {
    "name": "25 COOLIBAH WAY DERBY 6728",
    "locID": "LOC000065693880",
    "tech": "FTTN",
    "upgrade": "NULL_NA",
    "gnaf_pid": "GAWA_162866678",
    "ee": true,
    "tech_change_status": "Not Planned"
   }
  },
  {
   "type": "Feature",
   "geometry": {
    "type": "Point",
    "coordinates": [
     123.6413557,
     -17.32516643
    ]
   },
   "properties": {
    "name": "26 COOLIBAH WAY DERBY 6728",
    "locID": "LOC000098961353",
    "tech": "FTTN",
    "upgrade": "NULL_NA",
    "gnaf_pid": "GAWA_162866679",
    "ee": true,
    "tech_change_status": "Not Planned"
   }
  },
  {
   "type": "Feature",
   "geometry": {
    "type": "Point",
    "coordinates": [
     123.64187221,
     -17.32534677
    ]
   },
   "properties": {
    "name": "27 COOLIBAH WAY DERBY 6728",
    "locID": "LOC000089297679",
    "tech": "FTTN",
    "upgrade": "NULL_NA",
    "gnaf_pid": "GAWA_162866680",
    "ee": true,
    "tech_change_status": "Not Planned"
   }
  },
  {
   "type": "Feature",
   "geometry": {
    "type": "Point",
    "coordinates": [
     123.64135547,
     -17.32534714
    ]
   },
   "properties": {
    "name": "28 COOLIBAH WAY DERBY 6728",
    "locID": "LOC000015387100",
    "tech": "FTTN",
    "upgrade": "NULL_NA",
    "gnaf_pid": "GAWA_162866681",
    "ee": true,
    "tech_change_status": "Not Planned"
   }
  },
  {
   "type": "Feature",
   "geometry": {
    "type": "Point",
    "coordinates": [
     123.64187356,
     -17.32552727
    ]
   },
   "properties": {
    "name": "29 COOLIBAH WAY DERBY 6728",
    "locID": "LOC000061561513",
    "tech": "FTTN",
    "upgrade": "NULL_NA",
    "gnaf_pid": "GAWA_162866682",
    "ee": true,
    "tech_change_status": "Not Planned"
   }
  },
  {
   "type": "Feature",
   "geometry": {
    "type": "Point",
    "coordinates": [
     123.64043994,
     -17.32459983
    ]
   },
   "properties": {
    "name": "2 COOLIBAH WAY DERBY 6728",
    "locID": "LOC000060248909",
    "tech": "FTTN",
    "upgrade": "NULL_NA",
    "gnaf_pid": "GAWA_162866683",
    "ee": true,
    "tech_change_status": "Not Planned"
   }
  },
  {
   "type": "Feature",
   "geometry": {
    "type": "Point",
    "coordinates": [
     123.6413554,
     -17.3255276
    ]
   },
   "properties": {
    "name": "30 COOLIBAH WAY DERBY 6728",
    "locID": "LOC000056021705",
    "tech": "FTTN",
    "upgrade": "NULL_NA",
    "gnaf_pid": "GAWA_162866684",
    "ee": true,
    "tech_change_status": "Not Planned"
   }
  },
  {
   "type": "Feature",
   "geometry": {
    "type": "Point",
    "coordinates": [
     123.64064613,
     -17.32459893
    ]
   },
   "properties": {
    "name": "4 COOLIBAH WAY DERBY 6728",
    "locID": "LOC000084241744",
    "tech": "FTTN",
    "upgrade": "NULL_NA",
    "gnaf_pid": "GAWA_162866685",
    "ee": true,
    "tech_change_status": "Not Planned"
   }
  },
  {
   "type": "Feature",
   "geometry": {
    "type": "Point",
    "coordinates": [
     123.64085229,
     -17.32459976
    ]
   },
   "properties": {
    "name": "6 COOLIBAH WAY DERBY 6728",
    "locID": "LOC000106059380",
    "tech": "FTTN",
    "upgrade": "NULL_NA",
    "gnaf_pid": "GAWA_162866686",
    "ee": true,
    "tech_change_status": "Not Planned"
   }
  },
  {
   "type": "Feature",
   "geometry": {
    "type": "Point",
    "coordinates": [
     123.64110529,
     -17.32403879
    ]
   },
   "properties": {
    "name": "7 COOLIBAH WAY DERBY 6728",
    "locID": "LOC000048722436",
    "tech": "FTTN",
    "upgrade": "NULL_NA",
    "gnaf_pid": "GAWA_162866687",
    "ee": true,
    "tech_change_status": "Not Planned"
   }
  },
  {
   "type": "Feature",
   "geometry": {
    "type": "Point",
    "coordinates": [
     123.6413306,
     -17.32470385
    ]
   },
   "properties": {
    "name": "8 COOLIBAH WAY DERBY 6728",
    "locID": "LOC000133476116",
    "tech": "FTTN",
    "upgrade": "NULL_NA",
    "gnaf_pid": "GAWA_162866688",
    "ee": true,
    "tech_change_status": "Not Planned"
   }
  },
  {
   "type": "Feature",
   "geometry": {
    "type": "Point",
    "coordinates": [
     123.64129325,
     -17.32403879
    ]
   },
   "properties": {
    "name": "9 COOLIBAH WAY DERBY 6728",
    "locID": "LOC000043528404",
    "tech": "FTTN",
    "upgrade": "NULL_NA",
    "gnaf_pid": "GAWA_162866689",
    "ee": true,
    "tech_change_status": "Not Planned"
   }
  },
  {
   "type": "Feature",
   "geometry": {
    "type": "Point",
    "coordinates": [
     123.64217532,
     -17.32463423
    ]
   },
   "properties": {
    "name": "11 EDGAR STREET DERBY 6728",
    "locID": "LOC000133484425",
    "tech": "FTTN",
    "upgrade": "NULL_NA",
    "gnaf_pid": "GAWA_162867150",
    "ee": true,
    "tech_change_status": "Not Planned"
   }
  },
  {
   "type": "Feature",
   "geometry": {
    "type": "Point",
    "coordinates": [
     123.64217741,
     -17.32445838
    ]
   },
   "properties": {
    "name": "13 EDGAR STREET DERBY 6728",
    "locID": "LOC000133488876",
    "tech": "FTTN",
    "upgrade": "NULL_NA",
    "gnaf_pid": "GAWA_162867151",
    "ee": true,
    "tech_change_status": "Not Planned"
   }
  },
  {
   "type": "Feature",
   "geometry": {
    "type": "Point",
    "coordinates": [
     123.64217335,
     -17.32419143
    ]
   },
   "properties": {
    "name": "15 EDGAR STREET DERBY 6728",
    "locID": "LOC000116486908",
    "tech": "FTTN",
    "upgrade": "NULL_NA",
    "gnaf_pid": "GAWA_162867152",
    "ee": true,
    "tech_change_status": "Not Planned"
   }
  },
  {
   "type": "Feature",
   "geometry": {
    "type": "Point",
    "coordinates": [
     123.64217671,
     -17.32398551
    ]
   },
   "properties": {
    "name": "17 EDGAR STREET DERBY 6728",
    "locID": "LOC000116487927",
    "tech": "FTTN",
    "upgrade": "NULL_NA",
    "gnaf_pid": "GAWA_162867153",
    "ee": true,
    "tech_change_status": "Not Planned"
   }
  },
  {
   "type": "Feature",
   "geometry": {
    "type": "Point",
    "coordinates": [
     123.64217848,
     -17.32552788
    ]
   },
   "properties": {
    "name": "1 EDGAR STREET DERBY 6728",
    "locID": "LOC000133484345",
    "tech": "FTTN",
    "upgrade": "NULL_NA",
    "gnaf_pid": "GAWA_162867154",
    "ee": true,
    "tech_change_status": "Not Planned"
   }
  },
  {
   "type": "Feature",
   "geometry": {
    "type": "Point",
    "coordinates": [
     123.64217777,
     -17.32534988
    ]
   },
   "properties": {
    "name": "3 EDGAR STREET DERBY 6728",
    "locID": "LOC000133497883",
    "tech": "FTTN",
    "upgrade": "NULL_NA",
    "gnaf_pid": "GAWA_162867155",
    "ee": true,
    "tech_change_status": "Not Planned"
   }
  },
  {
   "type": "Feature",
   "geometry": {
    "type": "Point",
    "coordinates": [
     123.6421776,
     -17.32517579
    ]
   },
   "properties": {
    "name": "5 EDGAR STREET DERBY 6728",
    "locID": "LOC000133506877",
    "tech": "FTTN",
    "upgrade": "NULL_NA",
    "gnaf_pid": "GAWA_162867156",
    "ee": true,
    "tech_change_status": "Not Planned"
   }
  },
  {
   "type": "Feature",
   "geometry": {
    "type": "Point",
    "coordinates": [
     123.6421775,
     -17.32481712
    ]
   },
   "properties": {
    "name": "9 EDGAR STREET DERBY 6728",
    "locID": "LOC000116489243",
    "tech": "FTTN",
    "upgrade": "NULL_NA",
    "gnaf_pid": "GAWA_162867158",
    "ee": true,
    "tech_change_status": "Not Planned"
   }
  },
  {
   "type": "Feature",
   "geometry": {
    "type": "Point",
    "coordinates": [
     123.63759539,
     -17.32416903
    ]
   },
   "properties": {
    "name": "11 KURRAJONG LOOP DERBY 6728",
    "locID": "LOC000116486851",
    "tech": "FTTN",
    "upgrade": "NULL_NA",
    "gnaf_pid": "GAWA_162868810",
    "ee": true,
    "tech_change_status": "Not Planned"
   }
  },
  {
   "type": "Feature",
   "geometry": {
    "type": "Point",
    "coordinates": [
     123.63775489,
     -17.32406236
    ]
   },
   "properties": {
    "name": "13 KURRAJONG LOOP DERBY 6728",
    "locID": "LOC000116486879",
    "tech": "FTTN",
    "upgrade": "NULL_NA",
    "gnaf_pid": "GAWA_162868811",
    "ee": true,
    "tech_change_status": "Not Planned"
   }
  },
  {
   "type": "Feature",
   "geometry": {
    "type": "Point",
    "coordinates": [
     123.63686144,
     -17.32369111
    ]
   },
   "properties": {
    "name": "14 KURRAJONG LOOP DERBY 6728",
    "locID": "LOC000116486880",
    "tech": "FTTN",
    "upgrade": "NULL_NA",
    "gnaf_pid": "GAWA_162868812",
    "ee": true,
    "tech_change_status": "Not Planned"
   }
  },
  {
   "type": "Feature",
   "geometry": {
    "type": "Point",
    "coordinates": [
     123.63820805,
     -17.32444534
    ]
   },
   "properties": {
    "name": "17 KURRAJONG LOOP DERBY 6728",
    "locID": "LOC000116487936",
    "tech": "FTTN",
    "upgrade": "NULL_NA",
    "gnaf_pid": "GAWA_162868815",
    "ee": true,
    "tech_change_status": "Not Planned"
   }
  },
  {
   "type": "Feature",
   "geometry": {
    "type": "Point",
    "coordinates": [
     123.63701001,
     -17.32399473
    ]
   },
   "properties": {
    "name": "18 KURRAJONG LOOP DERBY 6728",
    "locID": "LOC000116487943",
    "tech": "FTTN",
    "upgrade": "NULL_NA",
    "gnaf_pid": "GAWA_162868816",
    "ee": true,
    "tech_change_status": "Not Planned"
   }
  },
  {
   "type": "Feature",
   "geometry": {
    "type": "Point",
    "coordinates": [
     123.63811557,
     -17.32461398
    ]
   },
   "properties": {
    "name": "19 KURRAJONG LOOP DERBY 6728",
    "locID": "LOC000116487958",
    "tech": "FTTN",
    "upgrade": "NULL_NA",
    "gnaf_pid": "GAWA_162868817",
    "ee": true,
    "tech_change_status": "Not Planned"
   }
  },
  {
   "type": "Feature",
   "geometry": {
    "type": "Point",
    "coordinates": [
     123.63729944,
     -17.32345232
    ]
   },
   "properties": {
    "name": "1 KURRAJONG LOOP DERBY 6728",
    "locID": "LOC000116486822",
    "tech": "FTTN",
    "upgrade": "NULL_NA",
    "gnaf_pid": "GAWA_162868818",
    "ee": true,
    "tech_change_status": "Not Planned"
   }
  },
  {
   "type": "Feature",
   "geometry": {
    "type": "Point",
    "coordinates": [
     123.637089,
     -17.3241497
    ]
   },
   "properties": {
    "name": "20 KURRAJONG LOOP DERBY 6728",
    "locID": "LOC000116487962",
    "tech": "FTTN",
    "upgrade": "NULL_NA",
    "gnaf_pid": "GAWA_162868819",
    "ee": true,
    "tech_change_status": "Not Planned"
   }
  },
  {
   "type": "Feature",
   "geometry": {
    "type": "Point",
    "coordinates": [
     123.63840636,
     -17.32467032
    ]
   },
   "properties": {
    "name": "21 KURRAJONG LOOP DERBY 6728",
    "locID": "LOC000116487989",
    "tech": "FTTN",
    "upgrade": "NULL_NA",
    "gnaf_pid": "GAWA_162868820",
    "ee": true,
    "tech_change_status": "Not Planned"
   }
  },
  {
   "type": "Feature",
   "geometry": {
    "type": "Point",
    "coordinates": [
     123.63717243,
     -17.32430834
    ]
   },
   "properties": {
    "name": "22 KURRAJONG LOOP DERBY 6728",
    "locID": "LOC000116487991",
    "tech": "FTTN",
    "upgrade": "NULL_NA",
    "gnaf_pid": "GAWA_162868821",
    "ee": true,
    "tech_change_status": "Not Planned"
   }
  },
  {
   "type": "Feature",
   "geometry": {
    "type": "Point",
    "coordinates": [
     123.63856467,
     -17.32473554
    ]
   },
   "properties": {
    "name": "23 KURRAJONG LOOP DERBY 6728",
    "locID": "LOC000116488003",
    "tech": "FTTN",
    "upgrade": "NULL_NA",
    "gnaf_pid": "GAWA_162868822",
    "ee": true,
    "tech_change_status": "Not Planned"
   }
  },
  {
   "type": "Feature",
   "geometry": {
    "type": "Point",
    "coordinates": [
     123.63729488,
     -17.32448251
    ]
   },
   "properties": {
    "name": "24 KURRAJONG LOOP DERBY 6728",
    "locID": "LOC000147461606",
    "tech": "FTTN",
    "upgrade": "NULL_NA",
    "gnaf_pid": "GAWA_162868823",
    "ee": true,
    "tech_change_status": "Not Planned"
   }
  },
  {
   "type": "Feature",
   "geometry": {
    "type": "Point",
    "coordinates": [
     123.63872977,
     -17.32479558
    ]
   },
   "properties": {
    "name": "25 KURRAJONG LOOP DERBY 6728",
    "locID": "LOC000116488035",
    "tech": "FTTN",
    "upgrade": "NULL_NA",
    "gnaf_pid": "GAWA_162868824",
    "ee": true,
    "tech_change_status": "Not Planned"
   }
  },
  {
   "type": "Feature",
   "geometry": {
    "type": "Point",
    "coordinates": [
     123.63889918,
     -17.32484515
    ]
   },
   "properties": {
    "name": "27 KURRAJONG LOOP DERBY 6728",
    "locID": "LOC000116488057",
    "tech": "FTTN",
    "upgrade": "NULL_NA",
    "gnaf_pid": "GAWA_162868826",
    "ee": true,
    "tech_change_status": "Not Planned"
   }
  },
  {
   "type": "Feature",
   "geometry": {
    "type": "Point",
    "coordinates": [
     123.63759582,
     -17.32481287
    ]
   },
   "properties": {
    "name": "28 KURRAJONG LOOP DERBY 6728",
    "locID": "LOC000147461545",
    "tech": "FTTN",
    "upgrade": "NULL_NA",
    "gnaf_pid": "GAWA_162868827",
    "ee": true,
    "tech_change_status": "Not Planned"
   }
  },
  {
   "type": "Feature",
   "geometry": {
    "type": "Point",
    "coordinates": [
     123.63781438,
     -17.32497206
    ]
   },
   "properties": {
    "name": "30 KURRAJONG LOOP DERBY 6728",
    "locID": "LOC000116488100",
    "tech": "FTTN",
    "upgrade": "NULL_NA",
    "gnaf_pid": "GAWA_162868829",
    "ee": true,
    "tech_change_status": "Not Planned"
   }
  },
  {
   "type": "Feature",
   "geometry": {
    "type": "Point",
    "coordinates": [
     123.63800037,
     -17.32505609
    ]
   },
   "properties": {
    "name": "32 KURRAJONG LOOP DERBY 6728",
    "locID": "LOC000116499848",
    "tech": "FTTN",
    "upgrade": "NULL_NA",
    "gnaf_pid": "GAWA_162868831",
    "ee": true,
    "tech_change_status": "Not Planned"
   }
  },
  {
   "type": "Feature",
   "geometry": {
    "type": "Point",
    "coordinates": [
     123.63818103,
     -17.32512358
    ]
   },
   "properties": {
    "name": "34 KURRAJONG LOOP DERBY 6728",
    "locID": "LOC000116499853",
    "tech": "FTTN",
    "upgrade": "NULL_NA",
    "gnaf_pid": "GAWA_162868832",
    "ee": true,
    "tech_change_status": "Not Planned"
   }
  },
  {
   "type": "Feature",
   "geometry": {
    "type": "Point",
    "coordinates": [
     123.63834924,
     -17.32518277
    ]
   },
   "properties": {
    "name": "36 KURRAJONG LOOP DERBY 6728",
    "locID": "LOC000116499869",
    "tech": "FTTN",
    "upgrade": "NULL_NA",
    "gnaf_pid": "GAWA_162868833",
    "ee": true,
    "tech_change_status": "Not Planned"
   }
  },
  {
   "type": "Feature",
   "geometry": {
    "type": "Point",
    "coordinates": [
     123.63851414,
     -17.32523809
    ]
   },
   "properties": {
    "name": "38 KURRAJONG LOOP DERBY 6728",
    "locID": "LOC000116499882",
    "tech": "FTTN",
    "upgrade": "NULL_NA",
    "gnaf_pid": "GAWA_162868834",
    "ee": true,
    "tech_change_status": "Not Planned"
   }
  },
  {
   "type": "Feature",
   "geometry": {
    "type": "Point",
    "coordinates": [
     123.63729944,
     -17.32345232
    ]
   },
   "properties": {
    "name": "3 KURRAJONG LOOP DERBY 6728",
    "locID": "LOC000175726084",
    "tech": "FTTN",
    "upgrade": "NULL_NA",
    "gnaf_pid": "GAWA_162868835",
    "ee": true,
    "tech_change_status": "Not Planned"
   }
  },
  {
   "type": "Feature",
   "geometry": {
    "type": "Point",
    "coordinates": [
     123.6386775,
     -17.32528848
    ]
   },
   "properties": {
    "name": "40 KURRAJONG LOOP DERBY 6728",
    "locID": "LOC000116499914",
    "tech": "FTTN",
    "upgrade": "NULL_NA",
    "gnaf_pid": "GAWA_162868836",
    "ee": true,
    "tech_change_status": "Not Planned"
   }
  },
  {
   "type": "Feature",
   "geometry": {
    "type": "Point",
    "coordinates": [
     123.63883818,
     -17.32533552
    ]
   },
   "properties": {
    "name": "42 KURRAJONG LOOP DERBY 6728",
    "locID": "LOC000116499922",
    "tech": "FTTN",
    "upgrade": "NULL_NA",
    "gnaf_pid": "GAWA_162868837",
    "ee": true,
    "tech_change_status": "Not Planned"
   }
  },
  {
   "type": "Feature",
   "geometry": {
    "type": "Point",
    "coordinates": [
     123.63900033,
     -17.32537919
    ]
   },
   "properties": {
    "name": "44 KURRAJONG LOOP DERBY 6728",
    "locID": "LOC000116489150",
    "tech": "FTTN",
    "upgrade": "NULL_NA",
    "gnaf_pid": "GAWA_162868838",
    "ee": true,
    "tech_change_status": "Not Planned"
   }
  },
  {
   "type": "Feature",
   "geometry": {
    "type": "Point",
    "coordinates": [
     123.63917329,
     -17.32541929
    ]
   },
   "properties": {
    "name": "46 KURRAJONG LOOP DERBY 6728",
    "locID": "LOC000116489166",
    "tech": "FTTN",
    "upgrade": "NULL_NA",
    "gnaf_pid": "GAWA_162868839",
    "ee": true,
    "tech_change_status": "Not Planned"
   }
  },
  {
   "type": "Feature",
   "geometry": {
    "type": "Point",
    "coordinates": [
     123.63936407,
     -17.32540424
    ]
   },
   "properties": {
    "name": "48 KURRAJONG LOOP DERBY 6728",
    "locID": "LOC000116489178",
    "tech": "FTTN",
    "upgrade": "NULL_NA",
    "gnaf_pid": "GAWA_162868840",
    "ee": true,
    "tech_change_status": "Not Planned"
   }
  },
  {
   "type": "Feature",
   "geometry": {
    "type": "Point",
    "coordinates": [
     123.63947155,
     -17.32519438
    ]
   },
   "properties": {
    "name": "50 KURRAJONG LOOP DERBY 6728",
    "locID": "LOC000116489197",
    "tech": "FTTN",
    "upgrade": "NULL_NA",
    "gnaf_pid": "GAWA_162868841",
    "ee": true,
    "tech_change_status": "Not Planned"
   }
  },
  {
   "type": "Feature",
   "geometry": {
    "type": "Point",
    "coordinates": [
     123.63957162,
     -17.32505215
    ]
   },
   "properties": {
    "name": "52 KURRAJONG LOOP DERBY 6728",
    "locID": "LOC000116489204",
    "tech": "FTTN",
    "upgrade": "NULL_NA",
    "gnaf_pid": "GAWA_162868842",
    "ee": true,
    "tech_change_status": "Not Planned"
   }
  },
  {
   "type": "Feature",
   "geometry": {
    "type": "Point",
    "coordinates": [
     123.63970339,
     -17.32489693
    ]
   },
   "properties": {
    "name": "54 KURRAJONG LOOP DERBY 6728",
    "locID": "LOC000116489215",
    "tech": "FTTN",
    "upgrade": "NULL_NA",
    "gnaf_pid": "GAWA_162868843",
    "ee": true,
    "tech_change_status": "Not Planned"
   }
  },
  {
   "type": "Feature",
   "geometry": {
    "type": "Point",
    "coordinates": [
     123.63736705,
     -17.32364628
    ]
   },
   "properties": {
    "name": "5 KURRAJONG LOOP DERBY 6728",
    "locID": "LOC000116489184",
    "tech": "FTTN",
    "upgrade": "NULL_NA",
    "gnaf_pid": "GAWA_162868845",
    "ee": true,
    "tech_change_status": "Not Planned"
   }
  },
  {
   "type": "Feature",
   "geometry": {
    "type": "Point",
    "coordinates": [
     123.63744096,
     -17.32378354
    ]
   },
   "properties": {
    "name": "7 KURRAJONG LOOP DERBY 6728",
    "locID": "LOC000116489236",
    "tech": "FTTN",
    "upgrade": "NULL_NA",
    "gnaf_pid": "GAWA_162868846",
    "ee": true,
    "tech_change_status": "Not Planned"
   }
  },
  {
   "type": "Feature",
   "geometry": {
    "type": "Point",
    "coordinates": [
     123.63752215,
     -17.32391742
    ]
   },
   "properties": {
    "name": "9 KURRAJONG LOOP DERBY 6728",
    "locID": "LOC000116489258",
    "tech": "FTTN",
    "upgrade": "NULL_NA",
    "gnaf_pid": "GAWA_162868847",
    "ee": true,
    "tech_change_status": "Not Planned"
   }
  },
  {
   "type": "Feature",
   "geometry": {
    "type": "Point",
    "coordinates": [
     123.62591702,
     -17.30402648
    ]
   },
   "properties": {
    "name": "UNIT 10, 5 ROWAN STREET DERBY 6728",
    "locID": "LOC000028593974",
    "tech": "FTTN",
    "upgrade": "NULL_NA",
    "gnaf_pid": "GAWA_162871215",
    "ee": true,
    "tech_change_status": "Not Planned"
   }
  },
  {
   "type": "Feature",
   "geometry": {
    "type": "Point",
    "coordinates": [
     123.62591702,
     -17.30402648
    ]
   },
   "properties": {
    "name": "UNIT 11, 5 ROWAN STREET DERBY 6728",
    "locID": "LOC000028624713",
    "tech": "FTTN",
    "upgrade": "NULL_NA",
    "gnaf_pid": "GAWA_162871216",
    "ee": true,
    "tech_change_status": "Not Planned"
   }
  },
  {
   "type": "Feature",
   "geometry": {
    "type": "Point",
    "coordinates": [
     123.62591702,
     -17.30402648
    ]
   },
   "properties": {
    "name": "UNIT 12, 5 ROWAN STREET DERBY 6728",
    "locID": "LOC000028804233",
    "tech": "FTTN",
    "upgrade": "NULL_NA",
    "gnaf_pid": "GAWA_162871217",
    "ee": true,
    "tech_change_status": "Not Planned"
   }
  },
  {
   "type": "Feature",
   "geometry": {
    "type": "Point",
    "coordinates": [
     123.62591702,
     -17.30402648
    ]
   },
   "properties": {
    "name": "UNIT 13, 5 ROWAN STREET DERBY 6728",
    "locID": "LOC000028724929",
    "tech": "FTTN",
    "upgrade": "NULL_NA",
    "gnaf_pid": "GAWA_162871218",
    "ee": true,
    "tech_change_status": "Not Planned"
   }
  },
  {
   "type": "Feature",
   "geometry": {
    "type": "Point",
    "coordinates": [
     123.62591702,
     -17.30402648
    ]
   },
   "properties": {
    "name": "UNIT 14, 5 ROWAN STREET DERBY 6728",
    "locID": "LOC000028621680",
    "tech": "FTTN",
    "upgrade": "NULL_NA",
    "gnaf_pid": "GAWA_162871219",
    "ee": true,
    "tech_change_status": "Not Planned"
   }
  },
  {
   "type": "Feature",
   "geometry": {
    "type": "Point",
    "coordinates": [
     123.62591702,
     -17.30402648
    ]
   },
   "properties": {
    "name": "UNIT 15, 5 ROWAN STREET DERBY 6728",
    "locID": "LOC000028643998",
    "tech": "FTTN",
    "upgrade": "NULL_NA",
    "gnaf_pid": "GAWA_162871220",
    "ee": true,
    "tech_change_status": "Not Planned"
   }
  },
  {
   "type": "Feature",
   "geometry": {
    "type": "Point",
    "coordinates": [
     123.62591702,
     -17.30402648
    ]
   },
   "properties": {
    "name": "UNIT 16, 5 ROWAN STREET DERBY 6728",
    "locID": "LOC000028632410",
    "tech": "FTTN",
    "upgrade": "NULL_NA",
    "gnaf_pid": "GAWA_162871221",
    "ee": true,
    "tech_change_status": "Not Planned"
   }
  },
  {
   "type": "Feature",
   "geometry": {
    "type": "Point",
    "coordinates": [
     123.62591702,
     -17.30402648
    ]
   },
   "properties": {
    "name": "UNIT 1, 5 ROWAN STREET DERBY 6728",
    "locID": "LOC000028557870",
    "tech": "FTTN",
    "upgrade": "NULL_NA",
    "gnaf_pid": "GAWA_162871222",
    "ee": true,
    "tech_change_status": "Not Planned"
   }
  },
  {
   "type": "Feature",
   "geometry": {
    "type": "Point",
    "coordinates": [
     123.62591702,
     -17.30402648
    ]
   },
   "properties": {
    "name": "UNIT 2, 5 ROWAN STREET DERBY 6728",
    "locID": "LOC000028718585",
    "tech": "FTTN",
    "upgrade": "NULL_NA",
    "gnaf_pid": "GAWA_162871223",
    "ee": true,
    "tech_change_status": "Not Planned"
   }
  },
  {
   "type": "Feature",
   "geometry": {
    "type": "Point",
    "coordinates": [
     123.62591702,
     -17.30402648
    ]
   },
   "properties": {
    "name": "UNIT 3, 5 ROWAN STREET DERBY 6728",
    "locID": "LOC000028780674",
    "tech": "FTTN",
    "upgrade": "NULL_NA",
    "gnaf_pid": "GAWA_162871224",
    "ee": true,
    "tech_change_status": "Not Planned"
   }
  },
  {
   "type": "Feature",
   "geometry": {
    "type": "Point",
    "coordinates": [
     123.62591702,
     -17.30402648
    ]
   },
   "properties": {
    "name": "UNIT 4, 5 ROWAN STREET DERBY 6728",
    "locID": "LOC000028597498",
    "tech": "FTTN",
    "upgrade": "NULL_NA",
    "gnaf_pid": "GAWA_162871225",
    "ee": true,
    "tech_change_status": "Not Planned"
   }
  },
  {
   "type": "Feature",
   "geometry": {
    "type": "Point",
    "coordinates": [
     123.62591702,
     -17.30402648
    ]
   },
   "properties": {
    "name": "UNIT 5, 5 ROWAN STREET DERBY 6728",
    "locID": "LOC000028626091",
    "tech": "FTTN",
    "upgrade": "NULL_NA",
    "gnaf_pid": "GAWA_162871226",
    "ee": true,
    "tech_change_status": "Not Planned"
   }
  },
  {
   "type": "Feature",
   "geometry": {
    "type": "Point",
    "coordinates": [
     123.62591702,
     -17.30402648
    ]
   },
   "properties": {
    "name": "UNIT 6, 5 ROWAN STREET DERBY 6728",
    "locID": "LOC000028626091",
    "tech": "FTTN",
    "upgrade": "NULL_NA",
    "gnaf_pid": "GAWA_162871227",
    "ee": true,
    "tech_change_status": "Not Planned"
   }
  },
  {
   "type": "Feature",
   "geometry": {
    "type": "Point",
    "coordinates": [
     123.62591702,
     -17.30402648
    ]
   },
   "properties": {
    "name": "UNIT 7, 5 ROWAN STREET DERBY 6728",
    "locID": "LOC000028753859",
    "tech": "FTTN",
    "upgrade": "NULL_NA",
    "gnaf_pid": "GAWA_162871228",
    "ee": true,
    "tech_change_status": "Not Planned"
   }
  },
  {
   "type": "Feature",
   "geometry": {
    "type": "Point",
    "coordinates": [
     123.62591702,
     -17.30402648
    ]
   },
   "properties": {
    "name": "UNIT 8, 5 ROWAN STREET DERBY 6728",
    "locID": "LOC000028617002",
    "tech": "FTTN",
    "upgrade": "NULL_NA",
    "gnaf_pid": "GAWA_162871229",
    "ee": true,
    "tech_change_status": "Not Planned"
   }
  },
  {
   "type": "Feature",
   "geometry": {
    "type": "Point",
    "coordinates": [
     123.62591702,
     -17.30402648
    ]
   },
   "properties": {
    "name": "UNIT 9, 5 ROWAN STREET DERBY 6728",
    "locID": "LOC000028672913",
    "tech": "FTTN",
    "upgrade": "NULL_NA",
    "gnaf_pid": "GAWA_162871230",
    "ee": true,
    "tech_change_status": "Not Planned"
   }
  },
  {
   "type": "Feature",
   "geometry": {
    "type": "Point",
    "coordinates": [
     123.65645185,
     -17.3220215
    ]
   },
   "properties": {
    "name": "UNIT 2, 52 GUILDFORD STREET DERBY 6728",
    "locID": "LOC000029673190",
    "tech": "FTTN",
    "upgrade": "NULL_NA",
    "gnaf_pid": "GAWA_162874196",
    "ee": true,
    "tech_change_status": "Not Planned"
   }
  },
  {
   "type": "Feature",
   "geometry": {
    "type": "Point",
    "coordinates": [
     123.64489,
     -17.30968
    ]
   },
   "properties": {
    "name": "UNIT 1A, 116 LOCH STREET DERBY 6728",
    "locID": "LOC000070601148",
    "tech": "FTTN",
    "upgrade": "NULL_NA",
    "gnaf_pid": "GAWA_162874437",
    "ee": true,
    "tech_change_status": "Not Planned"
   }
  },
  {
   "type": "Feature",
   "geometry": {
    "type": "Point",
    "coordinates": [
     123.64489,
     -17.30968
    ]
   },
   "properties": {
    "name": "UNIT 2A, 116 LOCH STREET DERBY 6728",
    "locID": "LOC000070601148",
    "tech": "FTTN",
    "upgrade": "NULL_NA",
    "gnaf_pid": "GAWA_162874438",
    "ee": true,
    "tech_change_status": "Not Planned"
   }
  },
  {
   "type": "Feature",
   "geometry": {
    "type": "Point",
    "coordinates": [
     123.64108533,
     -17.32545569
    ]
   },
   "properties": {
    "name": "9 CASSIA CLOSE DERBY 6728",
    "locID": "LOC000133484206",
    "tech": "FTTN",
    "upgrade": "NULL_NA",
    "gnaf_pid": "GAWA_162979784",
    "ee": true,
    "tech_change_status": "Not Planned"
   }
  },
  {
   "type": "Feature",
   "geometry": {
    "type": "Point",
    "coordinates": [
     123.6830634,
     -17.3558676
    ]
   },
   "properties": {
    "name": "LOT 500 DERBY HIGHWAY DERBY 6728",
    "locID": "LOC000116499876",
    "tech": "FTTN",
    "upgrade": "NULL_NA",
    "gnaf_pid": "GAWA_162980718",
    "ee": true,
    "tech_change_status": "Not Planned"
   }
  },
  {
   "type": "Feature",
   "geometry": {
    "type": "Point",
    "coordinates": [
     123.63179982,
     -17.31251635
    ]
   },
   "properties": {
    "name": "UNIT 2, 9 ROWAN STREET DERBY 6728",
    "locID": "LOC000017317151",
    "tech": "FTTN",
    "upgrade": "NULL_NA",
    "gnaf_pid": "GAWA_162987778",
    "ee": true,
    "tech_change_status": "Not Planned"
   }
  },
  {
   "type": "Feature",
   "geometry": {
    "type": "Point",
    "coordinates": [
     123.63179982,
     -17.31251635
    ]
   },
   "properties": {
    "name": "UNIT 3, 9 ROWAN STREET DERBY 6728",
    "locID": "LOC000017005528",
    "tech": "FTTN",
    "upgrade": "NULL_NA",
    "gnaf_pid": "GAWA_162987779",
    "ee": true,
    "tech_change_status": "Not Planned"
   }
  },
  {
   "type": "Feature",
   "geometry": {
    "type": "Point",
    "coordinates": [
     123.63602664,
     -17.3098282
    ]
   },
   "properties": {
    "name": "UNIT 1, 6 DELEWARR STREET DERBY 6728",
    "locID": "LOC000133480083",
    "tech": "FTTN",
    "upgrade": "NULL_NA",
    "gnaf_pid": "GAWA_163000908",
    "ee": true,
    "tech_change_status": "Not Planned"
   }
  },
  {
   "type": "Feature",
   "geometry": {
    "type": "Point",
    "coordinates": [
     123.63602664,
     -17.3098282
    ]
   },
   "properties": {
    "name": "UNIT 3, 6 DELEWARR STREET DERBY 6728",
    "locID": "LOC000133480096",
    "tech": "FTTN",
    "upgrade": "NULL_NA",
    "gnaf_pid": "GAWA_163000909",
    "ee": true,
    "tech_change_status": "Not Planned"
   }
  },
  {
   "type": "Feature",
   "geometry": {
    "type": "Point",
    "coordinates": [
     123.63602664,
     -17.3098282
    ]
   },
   "properties": {
    "name": "UNIT 4, 6 DELEWARR STREET DERBY 6728",
    "locID": "LOC000026208730",
    "tech": "FTTN",
    "upgrade": "NULL_NA",
    "gnaf_pid": "GAWA_163000910",
    "ee": true,
    "tech_change_status": "Not Planned"
   }
  },
  {
   "type": "Feature",
   "geometry": {
    "type": "Point",
    "coordinates": [
     123.64482201,
     -17.31027116
    ]
   },
   "properties": {
    "name": "UNIT 1, 7 MINIRITCHIE PLACE DERBY 6728",
    "locID": "LOC000133480106",
    "tech": "FTTN",
    "upgrade": "NULL_NA",
    "gnaf_pid": "GAWA_163003559",
    "ee": true,
    "tech_change_status": "Not Planned"
   }
  },
  {
   "type": "Feature",
   "geometry": {
    "type": "Point",
    "coordinates": [
     123.64482201,
     -17.31027116
    ]
   },
   "properties": {
    "name": "UNIT 2, 7 MINIRITCHIE PLACE DERBY 6728",
    "locID": "LOC000133480110",
    "tech": "FTTN",
    "upgrade": "NULL_NA",
    "gnaf_pid": "GAWA_163003560",
    "ee": true,
    "tech_change_status": "Not Planned"
   }
  },
  {
   "type": "Feature",
   "geometry": {
    "type": "Point",
    "coordinates": [
     123.64482201,
     -17.31027116
    ]
   },
   "properties": {
    "name": "UNIT 3, 7 MINIRITCHIE PLACE DERBY 6728",
    "locID": "LOC000133480106",
    "tech": "FTTN",
    "upgrade": "NULL_NA",
    "gnaf_pid": "GAWA_163003561",
    "ee": true,
    "tech_change_status": "Not Planned"
   }
  },
  {
   "type": "Feature",
   "geometry": {
    "type": "Point",
    "coordinates": [
     123.64482201,
     -17.31027116
    ]
   },
   "properties": {
    "name": "UNIT 4, 7 MINIRITCHIE PLACE DERBY 6728",
    "locID": "LOC000133480106",
    "tech": "FTTN",
    "upgrade": "NULL_NA",
    "gnaf_pid": "GAWA_163003562",
    "ee": true,
    "tech_change_status": "Not Planned"
   }
  },
  {
   "type": "Feature",
   "geometry": {
    "type": "Point",
    "coordinates": [
     123.63546079,
     -17.30969529
    ]
   },
   "properties": {
    "name": "2B DELEWARR STREET DERBY 6728",
    "locID": "LOC000133497854",
    "tech": "FTTN",
    "upgrade": "NULL_NA",
    "gnaf_pid": "GAWA_163076947",
    "ee": true,
    "tech_change_status": "Not Planned"
   }
  },
  {
   "type": "Feature",
   "geometry": {
    "type": "Point",
    "coordinates": [
     123.63574269,
     -17.30982817
    ]
   },
   "properties": {
    "name": "4A DELEWARR STREET DERBY 6728",
    "locID": "LOC000133506854",
    "tech": "FTTN",
    "upgrade": "NULL_NA",
    "gnaf_pid": "GAWA_163076948",
    "ee": true,
    "tech_change_status": "Not Planned"
   }
  },
  {
   "type": "Feature",
   "geometry": {
    "type": "Point",
    "coordinates": [
     123.63933226,
     -17.31043525
    ]
   },
   "properties": {
    "name": "55B KNOWSLEY STREET WEST DERBY 6728",
    "locID": "LOC000133506952",
    "tech": "FTTN",
    "upgrade": "NULL_NA",
    "gnaf_pid": "GAWA_163080708",
    "ee": true,
    "tech_change_status": "Not Planned"
   }
  },
  {
   "type": "Feature",
   "geometry": {
    "type": "Point",
    "coordinates": [
     123.64357752,
     -17.30665099
    ]
   },
   "properties": {
    "name": "3A NUYTSIA WAY DERBY 6728",
    "locID": "LOC000116499905",
    "tech": "FTTN",
    "upgrade": "NULL_NA",
    "gnaf_pid": "GAWA_163083768",
    "ee": true,
    "tech_change_status": "Not Planned"
   }
  },
  {
   "type": "Feature",
   "geometry": {
    "type": "Point",
    "coordinates": [
     123.64577872,
     -17.30885881
    ]
   },
   "properties": {
    "name": "181 LOCH STREET DERBY 6728",
    "locID": "LOC000034587158",
    "tech": "FTTN",
    "upgrade": "NULL_NA",
    "gnaf_pid": "GAWA_163090511",
    "ee": true,
    "tech_change_status": "Not Planned"
   }
  },
  {
   "type": "Feature",
   "geometry": {
    "type": "Point",
    "coordinates": [
     123.63641,
     -17.32156
    ]
   },
   "properties": {
    "name": "3A MIMOSA STREET DERBY 6728",
    "locID": "LOC000059123853",
    "tech": "FTTN",
    "upgrade": "NULL_NA",
    "gnaf_pid": "GAWA_163090724",
    "ee": true,
    "tech_change_status": "Not Planned"
   }
  },
  {
   "type": "Feature",
   "geometry": {
    "type": "Point",
    "coordinates": [
     123.63641,
     -17.32156
    ]
   },
   "properties": {
    "name": "3B MIMOSA STREET DERBY 6728",
    "locID": "LOC000059741746",
    "tech": "FTTN",
    "upgrade": "NULL_NA",
    "gnaf_pid": "GAWA_163090725",
    "ee": true,
    "tech_change_status": "Not Planned"
   }
  },
  {
   "type": "Feature",
   "geometry": {
    "type": "Point",
    "coordinates": [
     123.63179982,
     -17.31251635
    ]
   },
   "properties": {
    "name": "101A ROWAN STREET DERBY 6728",
    "locID": "LOC000105434176",
    "tech": "FTTN",
    "upgrade": "NULL_NA",
    "gnaf_pid": "GAWA_163090963",
    "ee": true,
    "tech_change_status": "Not Planned"
   }
  },
  {
   "type": "Feature",
   "geometry": {
    "type": "Point",
    "coordinates": [
     123.67845036,
     -17.3826855
    ]
   },
   "properties": {
    "name": "LOT 22 DERBY HIGHWAY DERBY 6728",
    "locID": "LOC000116499876",
    "tech": "FTTN",
    "upgrade": "NULL_NA",
    "gnaf_pid": "GAWA_163150617",
    "ee": true,
    "tech_change_status": "Not Planned"
   }
  },
  {
   "type": "Feature",
   "geometry": {
    "type": "Point",
    "coordinates": [
     123.68514179,
     -17.38757165
    ]
   },
   "properties": {
    "name": "LOT 30 DERBY HIGHWAY DERBY 6728",
    "locID": "LOC000071071898",
    "tech": "FTTN",
    "upgrade": "NULL_NA",
    "gnaf_pid": "GAWA_163150618",
    "ee": true,
    "tech_change_status": "Not Planned"
   }
  },
  {
   "type": "Feature",
   "geometry": {
    "type": "Point",
    "coordinates": [
     123.69519117,
     -17.38846798
    ]
   },
   "properties": {
    "name": "LOT 38 DERBY HIGHWAY DERBY 6728",
    "locID": "LOC000116499876",
    "tech": "FTTN",
    "upgrade": "NULL_NA",
    "gnaf_pid": "GAWA_163150619",
    "ee": true,
    "tech_change_status": "Not Planned"
   }
  },
  {
   "type": "Feature",
   "geometry": {
    "type": "Point",
    "coordinates": [
     123.64266151,
     -17.32480482
    ]
   },
   "properties": {
    "name": "10 EDGAR STREET DERBY 6728",
    "locID": "LOC000133484402",
    "tech": "FTTN",
    "upgrade": "NULL_NA",
    "gnaf_pid": "GAWA_163239714",
    "ee": true,
    "tech_change_status": "Not Planned"
   }
  },
  {
   "type": "Feature",
   "geometry": {
    "type": "Point",
    "coordinates": [
     123.6426634,
     -17.32552818
    ]
   },
   "properties": {
    "name": "2 EDGAR STREET DERBY 6728",
    "locID": "LOC000133493472",
    "tech": "FTTN",
    "upgrade": "NULL_NA",
    "gnaf_pid": "GAWA_163239715",
    "ee": true,
    "tech_change_status": "Not Planned"
   }
  },
  {
   "type": "Feature",
   "geometry": {
    "type": "Point",
    "coordinates": [
     123.64266367,
     -17.32534689
    ]
   },
   "properties": {
    "name": "4 EDGAR STREET DERBY 6728",
    "locID": "LOC000133502248",
    "tech": "FTTN",
    "upgrade": "NULL_NA",
    "gnaf_pid": "GAWA_163239716",
    "ee": true,
    "tech_change_status": "Not Planned"
   }
  },
  {
   "type": "Feature",
   "geometry": {
    "type": "Point",
    "coordinates": [
     123.64266264,
     -17.3251662
    ]
   },
   "properties": {
    "name": "6 EDGAR STREET DERBY 6728",
    "locID": "LOC000133507010",
    "tech": "FTTN",
    "upgrade": "NULL_NA",
    "gnaf_pid": "GAWA_163239717",
    "ee": true,
    "tech_change_status": "Not Planned"
   }
  },
  {
   "type": "Feature",
   "geometry": {
    "type": "Point",
    "coordinates": [
     123.64266254,
     -17.32498551
    ]
   },
   "properties": {
    "name": "8 EDGAR STREET DERBY 6728",
    "locID": "LOC000133511351",
    "tech": "FTTN",
    "upgrade": "NULL_NA",
    "gnaf_pid": "GAWA_163239718",
    "ee": true,
    "tech_change_status": "Not Planned"
   }
  },
  {
   "type": "Feature",
   "geometry": {
    "type": "Point",
    "coordinates": [
     123.62705709,
     -17.30473454
    ]
   },
   "properties": {
    "name": "UNIT 1, 11 ROWAN STREET DERBY 6728",
    "locID": "LOC000133476246",
    "tech": "FTTN",
    "upgrade": "NULL_NA",
    "gnaf_pid": "GAWA_163243500",
    "ee": true,
    "tech_change_status": "Not Planned"
   }
  },
  {
   "type": "Feature",
   "geometry": {
    "type": "Point",
    "coordinates": [
     123.62705709,
     -17.30473454
    ]
   },
   "properties": {
    "name": "UNIT 2, 11 ROWAN STREET DERBY 6728",
    "locID": "LOC000133476233",
    "tech": "FTTN",
    "upgrade": "NULL_NA",
    "gnaf_pid": "GAWA_163243501",
    "ee": true,
    "tech_change_status": "Not Planned"
   }
  },
  {
   "type": "Feature",
   "geometry": {
    "type": "Point",
    "coordinates": [
     123.62705709,
     -17.30473454
    ]
   },
   "properties": {
    "name": "UNIT 3, 11 ROWAN STREET DERBY 6728",
    "locID": "LOC000133476246",
    "tech": "FTTN",
    "upgrade": "NULL_NA",
    "gnaf_pid": "GAWA_163243502",
    "ee": true,
    "tech_change_status": "Not Planned"
   }
  },
  {
   "type": "Feature",
   "geometry": {
    "type": "Point",
    "coordinates": [
     123.62705709,
     -17.30473454
    ]
   },
   "properties": {
    "name": "UNIT 4, 11 ROWAN STREET DERBY 6728",
    "locID": "LOC000133476251",
    "tech": "FTTN",
    "upgrade": "NULL_NA",
    "gnaf_pid": "GAWA_163243503",
    "ee": true,
    "tech_change_status": "Not Planned"
   }
  },
  {
   "type": "Feature",
   "geometry": {
    "type": "Point",
    "coordinates": [
     123.62705709,
     -17.30473454
    ]
   },
   "properties": {
    "name": "UNIT 5, 11 ROWAN STREET DERBY 6728",
    "locID": "LOC000133476267",
    "tech": "FTTN",
    "upgrade": "NULL_NA",
    "gnaf_pid": "GAWA_163243504",
    "ee": true,
    "tech_change_status": "Not Planned"
   }
  },
  {
   "type": "Feature",
   "geometry": {
    "type": "Point",
    "coordinates": [
     123.62705709,
     -17.30473454
    ]
   },
   "properties": {
    "name": "UNIT 6, 11 ROWAN STREET DERBY 6728",
    "locID": "LOC000133476279",
    "tech": "FTTN",
    "upgrade": "NULL_NA",
    "gnaf_pid": "GAWA_163243505",
    "ee": true,
    "tech_change_status": "Not Planned"
   }
  },
  {
   "type": "Feature",
   "geometry": {
    "type": "Point",
    "coordinates": [
     123.66149239,
     -17.33567682
    ]
   },
   "properties": {
    "name": "LOT 1420 DERBY HIGHWAY DERBY 6728",
    "locID": "LOC000116499876",
    "tech": "FTTN",
    "upgrade": "NULL_NA",
    "gnaf_pid": "GAWA_163271918",
    "ee": true,
    "tech_change_status": "Not Planned"
   }
  },
  {
   "type": "Feature",
   "geometry": {
    "type": "Point",
    "coordinates": [
     123.64462401,
     -17.32468904
    ]
   },
   "properties": {
    "name": "10 BROWN STREET DERBY 6728",
    "locID": "LOC000133484384",
    "tech": "FTTN",
    "upgrade": "NULL_NA",
    "gnaf_pid": "GAWA_163335785",
    "ee": true,
    "tech_change_status": "Not Planned"
   }
  },
  {
   "type": "Feature",
   "geometry": {
    "type": "Point",
    "coordinates": [
     123.64462663,
     -17.32450745
    ]
   },
   "properties": {
    "name": "12 BROWN STREET DERBY 6728",
    "locID": "LOC000133488830",
    "tech": "FTTN",
    "upgrade": "NULL_NA",
    "gnaf_pid": "GAWA_163335786",
    "ee": true,
    "tech_change_status": "Not Planned"
   }
  },
  {
   "type": "Feature",
   "geometry": {
    "type": "Point",
    "coordinates": [
     123.6445305,
     -17.32405845
    ]
   },
   "properties": {
    "name": "14 BROWN STREET DERBY 6728",
    "locID": "LOC000147462365",
    "tech": "FTTN",
    "upgrade": "NULL_NA",
    "gnaf_pid": "GAWA_163335787",
    "ee": true,
    "tech_change_status": "Not Planned"
   }
  },
  {
   "type": "Feature",
   "geometry": {
    "type": "Point",
    "coordinates": [
     123.6446248,
     -17.32523124
    ]
   },
   "properties": {
    "name": "4 BROWN STREET DERBY 6728",
    "locID": "LOC000133502211",
    "tech": "FTTN",
    "upgrade": "NULL_NA",
    "gnaf_pid": "GAWA_163335788",
    "ee": true,
    "tech_change_status": "Not Planned"
   }
  },
  {
   "type": "Feature",
   "geometry": {
    "type": "Point",
    "coordinates": [
     123.64462485,
     -17.32505051
    ]
   },
   "properties": {
    "name": "6 BROWN STREET DERBY 6728",
    "locID": "LOC000133506999",
    "tech": "FTTN",
    "upgrade": "NULL_NA",
    "gnaf_pid": "GAWA_163335789",
    "ee": true,
    "tech_change_status": "Not Planned"
   }
  },
  {
   "type": "Feature",
   "geometry": {
    "type": "Point",
    "coordinates": [
     123.6446249,
     -17.32486978
    ]
   },
   "properties": {
    "name": "8 BROWN STREET DERBY 6728",
    "locID": "LOC000133511333",
    "tech": "FTTN",
    "upgrade": "NULL_NA",
    "gnaf_pid": "GAWA_163335790",
    "ee": true,
    "tech_change_status": "Not Planned"
   }
  },
  {
   "type": "Feature",
   "geometry": {
    "type": "Point",
    "coordinates": [
     123.64181214,
     -17.32408342
    ]
   },
   "properties": {
    "name": "UNIT 1, 13 COOLIBAH WAY DERBY 6728",
    "locID": "LOC000133476280",
    "tech": "FTTN",
    "upgrade": "NULL_NA",
    "gnaf_pid": "GAWA_163336582",
    "ee": true,
    "tech_change_status": "Not Planned"
   }
  },
  {
   "type": "Feature",
   "geometry": {
    "type": "Point",
    "coordinates": [
     123.64181214,
     -17.32408342
    ]
   },
   "properties": {
    "name": "UNIT 2, 13 COOLIBAH WAY DERBY 6728",
    "locID": "LOC000133476298",
    "tech": "FTTN",
    "upgrade": "NULL_NA",
    "gnaf_pid": "GAWA_163336583",
    "ee": true,
    "tech_change_status": "Not Planned"
   }
  },
  {
   "type": "Feature",
   "geometry": {
    "type": "Point",
    "coordinates": [
     123.64181214,
     -17.32408342
    ]
   },
   "properties": {
    "name": "UNIT 3, 13 COOLIBAH WAY DERBY 6728",
    "locID": "LOC000133479955",
    "tech": "FTTN",
    "upgrade": "NULL_NA",
    "gnaf_pid": "GAWA_163336584",
    "ee": true,
    "tech_change_status": "Not Planned"
   }
  },
  {
   "type": "Feature",
   "geometry": {
    "type": "Point",
    "coordinates": [
     123.64181214,
     -17.32408342
    ]
   },
   "properties": {
    "name": "UNIT 4, 13 COOLIBAH WAY DERBY 6728",
    "locID": "LOC000133479964",
    "tech": "FTTN",
    "upgrade": "NULL_NA",
    "gnaf_pid": "GAWA_163336585",
    "ee": true,
    "tech_change_status": "Not Planned"
   }
  },
  {
   "type": "Feature",
   "geometry": {
    "type": "Point",
    "coordinates": [
     123.64181214,
     -17.32408342
    ]
   },
   "properties": {
    "name": "UNIT 5, 13 COOLIBAH WAY DERBY 6728",
    "locID": "LOC000133479972",
    "tech": "FTTN",
    "upgrade": "NULL_NA",
    "gnaf_pid": "GAWA_163336586",
    "ee": true,
    "tech_change_status": "Not Planned"
   }
  },
  {
   "type": "Feature",
   "geometry": {
    "type": "Point",
    "coordinates": [
     123.64181214,
     -17.32408342
    ]
   },
   "properties": {
    "name": "UNIT 6, 13 COOLIBAH WAY DERBY 6728",
    "locID": "LOC000133479986",
    "tech": "FTTN",
    "upgrade": "NULL_NA",
    "gnaf_pid": "GAWA_163336587",
    "ee": true,
    "tech_change_status": "Not Planned"
   }
  },
  {
   "type": "Feature",
   "geometry": {
    "type": "Point",
    "coordinates": [
     123.64181214,
     -17.32408342
    ]
   },
   "properties": {
    "name": "UNIT 7, 13 COOLIBAH WAY DERBY 6728",
    "locID": "LOC000133479993",
    "tech": "FTTN",
    "upgrade": "NULL_NA",
    "gnaf_pid": "GAWA_163336588",
    "ee": true,
    "tech_change_status": "Not Planned"
   }
  },
  {
   "type": "Feature",
   "geometry": {
    "type": "Point",
    "coordinates": [
     123.67036828,
     -17.34395896
    ]
   },
   "properties": {
    "name": "LOT 3001 DERBY-GIBB RIVER ROAD DERBY 6728",
    "locID": "LOC000070540620",
    "tech": "SATELLITE",
    "upgrade": "NULL_NA",
    "gnaf_pid": "GAWA_163336953",
    "ee": true,
    "tech_change_status": "Not Planned"
   }
  },
  {
   "type": "Feature",
   "geometry": {
    "type": "Point",
    "coordinates": [
     123.6594753,
     -17.32518602
    ]
   },
   "properties": {
    "name": "LOT 1 FITZROY STREET DERBY 6728",
    "locID": "LOC000133460957",
    "tech": "FTTN",
    "upgrade": "NULL_NA",
    "gnaf_pid": "GAWA_163337538",
    "ee": true,
    "tech_change_status": "Not Planned"
   }
  },
  {
   "type": "Feature",
   "geometry": {
    "type": "Point",
    "coordinates": [
     123.64364166,
     -17.32405742
    ]
   },
   "properties": {
    "name": "11 LIVISTONA STREET DERBY 6728",
    "locID": "LOC000147462438",
    "tech": "FTTN",
    "upgrade": "NULL_NA",
    "gnaf_pid": "GAWA_163339757",
    "ee": true,
    "tech_change_status": "Not Planned"
   }
  },
  {
   "type": "Feature",
   "geometry": {
    "type": "Point",
    "coordinates": [
     123.64382965,
     -17.32405744
    ]
   },
   "properties": {
    "name": "13 LIVISTONA STREET DERBY 6728",
    "locID": "LOC000133488895",
    "tech": "FTTN",
    "upgrade": "NULL_NA",
    "gnaf_pid": "GAWA_163339758",
    "ee": true,
    "tech_change_status": "Not Planned"
   }
  },
  {
   "type": "Feature",
   "geometry": {
    "type": "Point",
    "coordinates": [
     123.6440175,
     -17.32405746
    ]
   },
   "properties": {
    "name": "15 LIVISTONA STREET DERBY 6728",
    "locID": "LOC000133488979",
    "tech": "FTTN",
    "upgrade": "NULL_NA",
    "gnaf_pid": "GAWA_163339759",
    "ee": true,
    "tech_change_status": "Not Planned"
   }
  },
  {
   "type": "Feature",
   "geometry": {
    "type": "Point",
    "coordinates": [
     123.64420182,
     -17.32405747
    ]
   },
   "properties": {
    "name": "17 LIVISTONA STREET DERBY 6728",
    "locID": "LOC000133493349",
    "tech": "FTTN",
    "upgrade": "NULL_NA",
    "gnaf_pid": "GAWA_163339760",
    "ee": true,
    "tech_change_status": "Not Planned"
   }
  },
  {
   "type": "Feature",
   "geometry": {
    "type": "Point",
    "coordinates": [
     123.64293494,
     -17.32405719
    ]
   },
   "properties": {
    "name": "1 LIVISTONA STREET DERBY 6728",
    "locID": "LOC000133476128",
    "tech": "FTTN",
    "upgrade": "NULL_NA",
    "gnaf_pid": "GAWA_163339761",
    "ee": true,
    "tech_change_status": "Not Planned"
   }
  },
  {
   "type": "Feature",
   "geometry": {
    "type": "Point",
    "coordinates": [
     123.64260761,
     -17.32456502
    ]
   },
   "properties": {
    "name": "2 LIVISTONA STREET DERBY 6728",
    "locID": "LOC000133493486",
    "tech": "FTTN",
    "upgrade": "NULL_NA",
    "gnaf_pid": "GAWA_163339762",
    "ee": true,
    "tech_change_status": "Not Planned"
   }
  },
  {
   "type": "Feature",
   "geometry": {
    "type": "Point",
    "coordinates": [
     123.64279286,
     -17.32456451
    ]
   },
   "properties": {
    "name": "4 LIVISTONA STREET DERBY 6728",
    "locID": "LOC000133476163",
    "tech": "FTTN",
    "upgrade": "NULL_NA",
    "gnaf_pid": "GAWA_163339763",
    "ee": true,
    "tech_change_status": "Not Planned"
   }
  },
  {
   "type": "Feature",
   "geometry": {
    "type": "Point",
    "coordinates": [
     123.64345367,
     -17.32405739
    ]
   },
   "properties": {
    "name": "9 LIVISTONA STREET DERBY 6728",
    "locID": "LOC000133515531",
    "tech": "FTTN",
    "upgrade": "NULL_NA",
    "gnaf_pid": "GAWA_163339764",
    "ee": true,
    "tech_change_status": "Not Planned"
   }
  },
  {
   "type": "Feature",
   "geometry": {
    "type": "Point",
    "coordinates": [
     123.63171515,
     -17.30493427
    ]
   },
   "properties": {
    "name": "60 LOCH STREET DERBY 6728",
    "locID": "LOC000147461165",
    "tech": "FTTN",
    "upgrade": "NULL_NA",
    "gnaf_pid": "GAWA_163339792",
    "ee": true,
    "tech_change_status": "Not Planned"
   }
  },
  {
   "type": "Feature",
   "geometry": {
    "type": "Point",
    "coordinates": [
     123.64445572,
     -17.32546884
    ]
   },
   "properties": {
    "name": "11 PANDANAS WAY DERBY 6728",
    "locID": "LOC000147462515",
    "tech": "FTTN",
    "upgrade": "NULL_NA",
    "gnaf_pid": "GAWA_163341209",
    "ee": true,
    "tech_change_status": "Not Planned"
   }
  },
  {
   "type": "Feature",
   "geometry": {
    "type": "Point",
    "coordinates": [
     123.64405805,
     -17.32547044
    ]
   },
   "properties": {
    "name": "13 PANDANAS WAY DERBY 6728",
    "locID": "LOC000133488905",
    "tech": "FTTN",
    "upgrade": "NULL_NA",
    "gnaf_pid": "GAWA_163341210",
    "ee": true,
    "tech_change_status": "Not Planned"
   }
  },
  {
   "type": "Feature",
   "geometry": {
    "type": "Point",
    "coordinates": [
     123.64387949,
     -17.32547036
    ]
   },
   "properties": {
    "name": "15 PANDANAS WAY DERBY 6728",
    "locID": "LOC000133488980",
    "tech": "FTTN",
    "upgrade": "NULL_NA",
    "gnaf_pid": "GAWA_163341211",
    "ee": true,
    "tech_change_status": "Not Planned"
   }
  },
  {
   "type": "Feature",
   "geometry": {
    "type": "Point",
    "coordinates": [
     123.64370094,
     -17.32547027
    ]
   },
   "properties": {
    "name": "17 PANDANAS WAY DERBY 6728",
    "locID": "LOC000133493354",
    "tech": "FTTN",
    "upgrade": "NULL_NA",
    "gnaf_pid": "GAWA_163341212",
    "ee": true,
    "tech_change_status": "Not Planned"
   }
  },
  {
   "type": "Feature",
   "geometry": {
    "type": "Point",
    "coordinates": [
     123.64352238,
     -17.32547018
    ]
   },
   "properties": {
    "name": "19 PANDANAS WAY DERBY 6728",
    "locID": "LOC000133493401",
    "tech": "FTTN",
    "upgrade": "NULL_NA",
    "gnaf_pid": "GAWA_163341213",
    "ee": true,
    "tech_change_status": "Not Planned"
   }
  },
  {
   "type": "Feature",
   "geometry": {
    "type": "Point",
    "coordinates": [
     123.6443329,
     -17.32450802
    ]
   },
   "properties": {
    "name": "1 PANDANAS WAY DERBY 6728",
    "locID": "LOC000133484350",
    "tech": "FTTN",
    "upgrade": "NULL_NA",
    "gnaf_pid": "GAWA_163341214",
    "ee": true,
    "tech_change_status": "Not Planned"
   }
  },
  {
   "type": "Feature",
   "geometry": {
    "type": "Point",
    "coordinates": [
     123.64339559,
     -17.32485004
    ]
   },
   "properties": {
    "name": "23 PANDANAS WAY DERBY 6728",
    "locID": "LOC000133493570",
    "tech": "FTTN",
    "upgrade": "NULL_NA",
    "gnaf_pid": "GAWA_163341215",
    "ee": true,
    "tech_change_status": "Not Planned"
   }
  },
  {
   "type": "Feature",
   "geometry": {
    "type": "Point",
    "coordinates": [
     123.64433268,
     -17.3246889
    ]
   },
   "properties": {
    "name": "3 PANDANAS WAY DERBY 6728",
    "locID": "LOC000133497910",
    "tech": "FTTN",
    "upgrade": "NULL_NA",
    "gnaf_pid": "GAWA_163341217",
    "ee": true,
    "tech_change_status": "Not Planned"
   }
  },
  {
   "type": "Feature",
   "geometry": {
    "type": "Point",
    "coordinates": [
     123.64433357,
     -17.32486964
    ]
   },
   "properties": {
    "name": "5 PANDANAS WAY DERBY 6728",
    "locID": "LOC000133506883",
    "tech": "FTTN",
    "upgrade": "NULL_NA",
    "gnaf_pid": "GAWA_163341219",
    "ee": true,
    "tech_change_status": "Not Planned"
   }
  },
  {
   "type": "Feature",
   "geometry": {
    "type": "Point",
    "coordinates": [
     123.64383071,
     -17.32500068
    ]
   },
   "properties": {
    "name": "6 PANDANAS WAY DERBY 6728",
    "locID": "LOC000133507034",
    "tech": "FTTN",
    "upgrade": "NULL_NA",
    "gnaf_pid": "GAWA_163341220",
    "ee": true,
    "tech_change_status": "Not Planned"
   }
  },
  {
   "type": "Feature",
   "geometry": {
    "type": "Point",
    "coordinates": [
     123.64433352,
     -17.32505037
    ]
   },
   "properties": {
    "name": "7 PANDANAS WAY DERBY 6728",
    "locID": "LOC000133511282",
    "tech": "FTTN",
    "upgrade": "NULL_NA",
    "gnaf_pid": "GAWA_163341221",
    "ee": true,
    "tech_change_status": "Not Planned"
   }
  },
  {
   "type": "Feature",
   "geometry": {
    "type": "Point",
    "coordinates": [
     123.64433574,
     -17.32522931
    ]
   },
   "properties": {
    "name": "9 PANDANAS WAY DERBY 6728",
    "locID": "LOC000133515549",
    "tech": "FTTN",
    "upgrade": "NULL_NA",
    "gnaf_pid": "GAWA_163341222",
    "ee": true,
    "tech_change_status": "Not Planned"
   }
  },
  {
   "type": "Feature",
   "geometry": {
    "type": "Point",
    "coordinates": [
     123.62951,
     -17.30249
    ]
   },
   "properties": {
    "name": "UNIT 1, 47 LOCH STREET DERBY 6728",
    "locID": "LOC000116503318",
    "tech": "FTTN",
    "upgrade": "NULL_NA",
    "gnaf_pid": "GAWA_163345445",
    "ee": true,
    "tech_change_status": "Not Planned"
   }
  },
  {
   "type": "Feature",
   "geometry": {
    "type": "Point",
    "coordinates": [
     123.62951,
     -17.30249
    ]
   },
   "properties": {
    "name": "UNIT 2, 47 LOCH STREET DERBY 6728",
    "locID": "LOC000116503325",
    "tech": "FTTN",
    "upgrade": "NULL_NA",
    "gnaf_pid": "GAWA_163345446",
    "ee": true,
    "tech_change_status": "Not Planned"
   }
  },
  {
   "type": "Feature",
   "geometry": {
    "type": "Point",
    "coordinates": [
     123.62951,
     -17.30249
    ]
   },
   "properties": {
    "name": "UNIT 3, 47 LOCH STREET DERBY 6728",
    "locID": "LOC000116503339",
    "tech": "FTTN",
    "upgrade": "NULL_NA",
    "gnaf_pid": "GAWA_163345447",
    "ee": true,
    "tech_change_status": "Not Planned"
   }
  },
  {
   "type": "Feature",
   "geometry": {
    "type": "Point",
    "coordinates": [
     123.63924356,
     -17.306673
    ]
   },
   "properties": {
    "name": "UNIT 1, 51 PANTON STREET DERBY 6728",
    "locID": "LOC000116503341",
    "tech": "FTTN",
    "upgrade": "NULL_NA",
    "gnaf_pid": "GAWA_163345839",
    "ee": true,
    "tech_change_status": "Not Planned"
   }
  },
  {
   "type": "Feature",
   "geometry": {
    "type": "Point",
    "coordinates": [
     123.63924356,
     -17.306673
    ]
   },
   "properties": {
    "name": "UNIT 2, 51 PANTON STREET DERBY 6728",
    "locID": "LOC000116503356",
    "tech": "FTTN",
    "upgrade": "NULL_NA",
    "gnaf_pid": "GAWA_163345840",
    "ee": true,
    "tech_change_status": "Not Planned"
   }
  },
  {
   "type": "Feature",
   "geometry": {
    "type": "Point",
    "coordinates": [
     123.63924356,
     -17.306673
    ]
   },
   "properties": {
    "name": "UNIT 3, 51 PANTON STREET DERBY 6728",
    "locID": "LOC000116503360",
    "tech": "FTTN",
    "upgrade": "NULL_NA",
    "gnaf_pid": "GAWA_163345841",
    "ee": true,
    "tech_change_status": "Not Planned"
   }
  },
  {
   "type": "Feature",
   "geometry": {
    "type": "Point",
    "coordinates": [
     123.63744,
     -17.30971
    ]
   },
   "properties": {
    "name": "UNIT 1, 26 DELEWARR STREET DERBY 6728",
    "locID": "LOC000168591793",
    "tech": "FTTN",
    "upgrade": "NULL_NA",
    "gnaf_pid": "GAWA_163346710",
    "ee": true,
    "tech_change_status": "Not Planned"
   }
  },
  {
   "type": "Feature",
   "geometry": {
    "type": "Point",
    "coordinates": [
     123.63744,
     -17.30971
    ]
   },
   "properties": {
    "name": "UNIT 2, 26 DELEWARR STREET DERBY 6728",
    "locID": "LOC000168591793",
    "tech": "FTTN",
    "upgrade": "NULL_NA",
    "gnaf_pid": "GAWA_163346711",
    "ee": true,
    "tech_change_status": "Not Planned"
   }
  },
  {
   "type": "Feature",
   "geometry": {
    "type": "Point",
    "coordinates": [
     123.63744,
     -17.30971
    ]
   },
   "properties": {
    "name": "UNIT 3, 26 DELEWARR STREET DERBY 6728",
    "locID": "LOC000168591793",
    "tech": "FTTN",
    "upgrade": "NULL_NA",
    "gnaf_pid": "GAWA_163346712",
    "ee": true,
    "tech_change_status": "Not Planned"
   }
  },
  {
   "type": "Feature",
   "geometry": {
    "type": "Point",
    "coordinates": [
     123.63744,
     -17.30971
    ]
   },
   "properties": {
    "name": "UNIT 4, 26 DELEWARR STREET DERBY 6728",
    "locID": "LOC000168591793",
    "tech": "FTTN",
    "upgrade": "NULL_NA",
    "gnaf_pid": "GAWA_163346713",
    "ee": true,
    "tech_change_status": "Not Planned"
   }
  },
  {
   "type": "Feature",
   "geometry": {
    "type": "Point",
    "coordinates": [
     123.63171515,
     -17.30493427
    ]
   },
   "properties": {
    "name": "UNIT A, 60 LOCH STREET DERBY 6728",
    "locID": "LOC000147461165",
    "tech": "FTTN",
    "upgrade": "NULL_NA",
    "gnaf_pid": "GAWA_163347704",
    "ee": true,
    "tech_change_status": "Not Planned"
   }
  },
  {
   "type": "Feature",
   "geometry": {
    "type": "Point",
    "coordinates": [
     123.63171515,
     -17.30493427
    ]
   },
   "properties": {
    "name": "UNIT B, 60 LOCH STREET DERBY 6728",
    "locID": "LOC000147461165",
    "tech": "FTTN",
    "upgrade": "NULL_NA",
    "gnaf_pid": "GAWA_163347705",
    "ee": true,
    "tech_change_status": "Not Planned"
   }
  },
  {
   "type": "Feature",
   "geometry": {
    "type": "Point",
    "coordinates": [
     123.63171515,
     -17.30493427
    ]
   },
   "properties": {
    "name": "UNIT C, 60 LOCH STREET DERBY 6728",
    "locID": "LOC000147461165",
    "tech": "FTTN",
    "upgrade": "NULL_NA",
    "gnaf_pid": "GAWA_163347706",
    "ee": true,
    "tech_change_status": "Not Planned"
   }
  },
  {
   "type": "Feature",
   "geometry": {
    "type": "Point",
    "coordinates": [
     123.64902336,
     -17.31182568
    ]
   },
   "properties": {
    "name": "LOT 1 DERBY HIGHWAY DERBY 6728",
    "locID": "LOC000172731849",
    "tech": "NULL",
    "upgrade": "NULL_NA",
    "gnaf_pid": "GAWA_718214636",
    "ee": true,
    "tech_change_status": "Not Planned"
   }
  },
  {
   "type": "Feature",
   "geometry": {
    "type": "Point",
    "coordinates": [
     123.70012563,
     -17.39779112
    ]
   },
   "properties": {
    "name": "LOT 226 DERBY HIGHWAY DERBY 6728",
    "locID": "LOC000116499876",
    "tech": "FTTN",
    "upgrade": "NULL_NA",
    "gnaf_pid": "GAWA_718232213",
    "ee": true,
    "tech_change_status": "Not Planned"
   }
  },
  {
   "type": "Feature",
   "geometry": {
    "type": "Point",
    "coordinates": [
     123.63473182,
     -17.31619711
    ]
   },
   "properties": {
    "name": "UNIT 1, 58 MARMION STREET DERBY 6728",
    "locID": "LOC000116503373",
    "tech": "FTTN",
    "upgrade": "NULL_NA",
    "gnaf_pid": "GAWA_718233331",
    "ee": true,
    "tech_change_status": "Not Planned"
   }
  },
  {
   "type": "Feature",
   "geometry": {
    "type": "Point",
    "coordinates": [
     123.63473182,
     -17.31619711
    ]
   },
   "properties": {
    "name": "UNIT 2, 58 MARMION STREET DERBY 6728",
    "locID": "LOC000116503387",
    "tech": "FTTN",
    "upgrade": "NULL_NA",
    "gnaf_pid": "GAWA_718233332",
    "ee": true,
    "tech_change_status": "Not Planned"
   }
  },
  {
   "type": "Feature",
   "geometry": {
    "type": "Point",
    "coordinates": [
     123.63473182,
     -17.31619711
    ]
   },
   "properties": {
    "name": "UNIT 3, 58 MARMION STREET DERBY 6728",
    "locID": "LOC000116503394",
    "tech": "FTTN",
    "upgrade": "NULL_NA",
    "gnaf_pid": "GAWA_718233333",
    "ee": true,
    "tech_change_status": "Not Planned"
   }
  },
  {
   "type": "Feature",
   "geometry": {
    "type": "Point",
    "coordinates": [
     123.64108543,
     -17.3255643
    ]
   },
   "properties": {
    "name": "UNIT 10, 9 CASSIA CLOSE DERBY 6728",
    "locID": "LOC000133480152",
    "tech": "FTTN",
    "upgrade": "NULL_NA",
    "gnaf_pid": "GAWA_718250278",
    "ee": true,
    "tech_change_status": "Not Planned"
   }
  },
  {
   "type": "Feature",
   "geometry": {
    "type": "Point",
    "coordinates": [
     123.64108534,
     -17.3254557
    ]
   },
   "properties": {
    "name": "UNIT 11, 9 CASSIA CLOSE DERBY 6728",
    "locID": "LOC000133480168",
    "tech": "FTTN",
    "upgrade": "NULL_NA",
    "gnaf_pid": "GAWA_718250279",
    "ee": true,
    "tech_change_status": "Not Planned"
   }
  },
  {
   "type": "Feature",
   "geometry": {
    "type": "Point",
    "coordinates": [
     123.64108524,
     -17.32534732
    ]
   },
   "properties": {
    "name": "UNIT 12, 9 CASSIA CLOSE DERBY 6728",
    "locID": "LOC000133480175",
    "tech": "FTTN",
    "upgrade": "NULL_NA",
    "gnaf_pid": "GAWA_718250280",
    "ee": true,
    "tech_change_status": "Not Planned"
   }
  },
  {
   "type": "Feature",
   "geometry": {
    "type": "Point",
    "coordinates": [
     123.64108514,
     -17.32523894
    ]
   },
   "properties": {
    "name": "UNIT 13, 9 CASSIA CLOSE DERBY 6728",
    "locID": "LOC000133480181",
    "tech": "FTTN",
    "upgrade": "NULL_NA",
    "gnaf_pid": "GAWA_718250281",
    "ee": true,
    "tech_change_status": "Not Planned"
   }
  },
  {
   "type": "Feature",
   "geometry": {
    "type": "Point",
    "coordinates": [
     123.64108233,
     -17.3251204
    ]
   },
   "properties": {
    "name": "UNIT 14, 9 CASSIA CLOSE DERBY 6728",
    "locID": "LOC000133480199",
    "tech": "FTTN",
    "upgrade": "NULL_NA",
    "gnaf_pid": "GAWA_718250282",
    "ee": true,
    "tech_change_status": "Not Planned"
   }
  },
  {
   "type": "Feature",
   "geometry": {
    "type": "Point",
    "coordinates": [
     123.6404384,
     -17.32518579
    ]
   },
   "properties": {
    "name": "UNIT 1, 9 CASSIA CLOSE DERBY 6728",
    "locID": "LOC000133480181",
    "tech": "FTTN",
    "upgrade": "NULL_NA",
    "gnaf_pid": "GAWA_718250283",
    "ee": true,
    "tech_change_status": "Not Planned"
   }
  },
  {
   "type": "Feature",
   "geometry": {
    "type": "Point",
    "coordinates": [
     123.64044429,
     -17.32531813
    ]
   },
   "properties": {
    "name": "UNIT 2, 9 CASSIA CLOSE DERBY 6728",
    "locID": "LOC000133480201",
    "tech": "FTTN",
    "upgrade": "NULL_NA",
    "gnaf_pid": "GAWA_718250284",
    "ee": true,
    "tech_change_status": "Not Planned"
   }
  },
  {
   "type": "Feature",
   "geometry": {
    "type": "Point",
    "coordinates": [
     123.64044956,
     -17.32544034
    ]
   },
   "properties": {
    "name": "UNIT 3, 9 CASSIA CLOSE DERBY 6728",
    "locID": "LOC000133480217",
    "tech": "FTTN",
    "upgrade": "NULL_NA",
    "gnaf_pid": "GAWA_718250285",
    "ee": true,
    "tech_change_status": "Not Planned"
   }
  },
  {
   "type": "Feature",
   "geometry": {
    "type": "Point",
    "coordinates": [
     123.64048383,
     -17.32555573
    ]
   },
   "properties": {
    "name": "UNIT 4, 9 CASSIA CLOSE DERBY 6728",
    "locID": "LOC000133480229",
    "tech": "FTTN",
    "upgrade": "NULL_NA",
    "gnaf_pid": "GAWA_718250286",
    "ee": true,
    "tech_change_status": "Not Planned"
   }
  },
  {
   "type": "Feature",
   "geometry": {
    "type": "Point",
    "coordinates": [
     123.64082935,
     -17.32555594
    ]
   },
   "properties": {
    "name": "UNIT 5, 9 CASSIA CLOSE DERBY 6728",
    "locID": "LOC000133480238",
    "tech": "FTTN",
    "upgrade": "NULL_NA",
    "gnaf_pid": "GAWA_718250287",
    "ee": true,
    "tech_change_status": "Not Planned"
   }
  },
  {
   "type": "Feature",
   "geometry": {
    "type": "Point",
    "coordinates": [
     123.64082377,
     -17.32543828
    ]
   },
   "properties": {
    "name": "UNIT 6, 9 CASSIA CLOSE DERBY 6728",
    "locID": "LOC000133484206",
    "tech": "FTTN",
    "upgrade": "NULL_NA",
    "gnaf_pid": "GAWA_718250288",
    "ee": true,
    "tech_change_status": "Not Planned"
   }
  },
  {
   "type": "Feature",
   "geometry": {
    "type": "Point",
    "coordinates": [
     123.64064958,
     -17.32530944
    ]
   },
   "properties": {
    "name": "UNIT 7, 9 CASSIA CLOSE DERBY 6728",
    "locID": "LOC000133480255",
    "tech": "FTTN",
    "upgrade": "NULL_NA",
    "gnaf_pid": "GAWA_718250289",
    "ee": true,
    "tech_change_status": "Not Planned"
   }
  },
  {
   "type": "Feature",
   "geometry": {
    "type": "Point",
    "coordinates": [
     123.64076388,
     -17.3252713
    ]
   },
   "properties": {
    "name": "UNIT 8, 9 CASSIA CLOSE DERBY 6728",
    "locID": "LOC000133484193",
    "tech": "FTTN",
    "upgrade": "NULL_NA",
    "gnaf_pid": "GAWA_718250290",
    "ee": true,
    "tech_change_status": "Not Planned"
   }
  },
  {
   "type": "Feature",
   "geometry": {
    "type": "Point",
    "coordinates": [
     123.64088002,
     -17.32527132
    ]
   },
   "properties": {
    "name": "UNIT 9, 9 CASSIA CLOSE DERBY 6728",
    "locID": "LOC000133484206",
    "tech": "FTTN",
    "upgrade": "NULL_NA",
    "gnaf_pid": "GAWA_718250291",
    "ee": true,
    "tech_change_status": "Not Planned"
   }
  },
  {
   "type": "Feature",
   "geometry": {
    "type": "Point",
    "coordinates": [
     123.64066815,
     -17.32407846
    ]
   },
   "properties": {
    "name": "UNIT 1, 1 COOLIBAH WAY DERBY 6728",
    "locID": "LOC000133476042",
    "tech": "FTTN",
    "upgrade": "NULL_NA",
    "gnaf_pid": "GAWA_718250665",
    "ee": true,
    "tech_change_status": "Not Planned"
   }
  },
  {
   "type": "Feature",
   "geometry": {
    "type": "Point",
    "coordinates": [
     123.64066815,
     -17.32407846
    ]
   },
   "properties": {
    "name": "UNIT 2, 1 COOLIBAH WAY DERBY 6728",
    "locID": "LOC000133476057",
    "tech": "FTTN",
    "upgrade": "NULL_NA",
    "gnaf_pid": "GAWA_718250666",
    "ee": true,
    "tech_change_status": "Not Planned"
   }
  },
  {
   "type": "Feature",
   "geometry": {
    "type": "Point",
    "coordinates": [
     123.64066815,
     -17.32407846
    ]
   },
   "properties": {
    "name": "UNIT 3, 1 COOLIBAH WAY DERBY 6728",
    "locID": "LOC000133476061",
    "tech": "FTTN",
    "upgrade": "NULL_NA",
    "gnaf_pid": "GAWA_718250667",
    "ee": true,
    "tech_change_status": "Not Planned"
   }
  },
  {
   "type": "Feature",
   "geometry": {
    "type": "Point",
    "coordinates": [
     123.64066815,
     -17.32407846
    ]
   },
   "properties": {
    "name": "UNIT 4, 1 COOLIBAH WAY DERBY 6728",
    "locID": "LOC000133476074",
    "tech": "FTTN",
    "upgrade": "NULL_NA",
    "gnaf_pid": "GAWA_718250668",
    "ee": true,
    "tech_change_status": "Not Planned"
   }
  },
  {
   "type": "Feature",
   "geometry": {
    "type": "Point",
    "coordinates": [
     123.64066815,
     -17.32407846
    ]
   },
   "properties": {
    "name": "UNIT 5, 1 COOLIBAH WAY DERBY 6728",
    "locID": "LOC000133476088",
    "tech": "FTTN",
    "upgrade": "NULL_NA",
    "gnaf_pid": "GAWA_718250669",
    "ee": true,
    "tech_change_status": "Not Planned"
   }
  },
  {
   "type": "Feature",
   "geometry": {
    "type": "Point",
    "coordinates": [
     123.64066815,
     -17.32407846
    ]
   },
   "properties": {
    "name": "UNIT 6, 1 COOLIBAH WAY DERBY 6728",
    "locID": "LOC000133476090",
    "tech": "FTTN",
    "upgrade": "NULL_NA",
    "gnaf_pid": "GAWA_718250670",
    "ee": true,
    "tech_change_status": "Not Planned"
   }
  },
  {
   "type": "Feature",
   "geometry": {
    "type": "Point",
    "coordinates": [
     123.64066815,
     -17.32407846
    ]
   },
   "properties": {
    "name": "UNIT 7, 1 COOLIBAH WAY DERBY 6728",
    "locID": "LOC000133476100",
    "tech": "FTTN",
    "upgrade": "NULL_NA",
    "gnaf_pid": "GAWA_718250671",
    "ee": true,
    "tech_change_status": "Not Planned"
   }
  },
  {
   "type": "Feature",
   "geometry": {
    "type": "Point",
    "coordinates": [
     123.64066815,
     -17.32407846
    ]
   },
   "properties": {
    "name": "UNIT 8, 1 COOLIBAH WAY DERBY 6728",
    "locID": "LOC000133476116",
    "tech": "FTTN",
    "upgrade": "NULL_NA",
    "gnaf_pid": "GAWA_718250672",
    "ee": true,
    "tech_change_status": "Not Planned"
   }
  },
  {
   "type": "Feature",
   "geometry": {
    "type": "Point",
    "coordinates": [
     123.62854,
     -17.30191
    ]
   },
   "properties": {
    "name": "33A LOCH STREET DERBY 6728",
    "locID": "LOC000049497891",
    "tech": "FTTN",
    "upgrade": "NULL_NA",
    "gnaf_pid": "GAWA_718272412",
    "ee": true,
    "tech_change_status": "Not Planned"
   }
  },
  {
   "type": "Feature",
   "geometry": {
    "type": "Point",
    "coordinates": [
     123.62802,
     -17.30531
    ]
   },
   "properties": {
    "name": "UNIT 1, 27 ROWAN STREET DERBY 6728",
    "locID": "LOC000133480054",
    "tech": "FTTN",
    "upgrade": "NULL_NA",
    "gnaf_pid": "GAWA_718272498",
    "ee": true,
    "tech_change_status": "Not Planned"
   }
  },
  {
   "type": "Feature",
   "geometry": {
    "type": "Point",
    "coordinates": [
     123.62802,
     -17.30531
    ]
   },
   "properties": {
    "name": "UNIT 6, 27 ROWAN STREET DERBY 6728",
    "locID": "LOC000133480077",
    "tech": "FTTN",
    "upgrade": "NULL_NA",
    "gnaf_pid": "GAWA_718272499",
    "ee": true,
    "tech_change_status": "Not Planned"
   }
  },
  {
   "type": "Feature",
   "geometry": {
    "type": "Point",
    "coordinates": [
     123.64501497,
     -17.3232756
    ]
   },
   "properties": {
    "name": "27 BROWN STREET DERBY 6728",
    "locID": "LOC000133497751",
    "tech": "FTTN",
    "upgrade": "NULL_NA",
    "gnaf_pid": "GAWA_718295761",
    "ee": true,
    "tech_change_status": "Not Planned"
   }
  },
  {
   "type": "Feature",
   "geometry": {
    "type": "Point",
    "coordinates": [
     123.64500793,
     -17.3230924
    ]
   },
   "properties": {
    "name": "29 BROWN STREET DERBY 6728",
    "locID": "LOC000133497812",
    "tech": "FTTN",
    "upgrade": "NULL_NA",
    "gnaf_pid": "GAWA_718295762",
    "ee": true,
    "tech_change_status": "Not Planned"
   }
  },
  {
   "type": "Feature",
   "geometry": {
    "type": "Point",
    "coordinates": [
     123.64500768,
     -17.32291169
    ]
   },
   "properties": {
    "name": "31 BROWN STREET DERBY 6728",
    "locID": "LOC000133497947",
    "tech": "FTTN",
    "upgrade": "NULL_NA",
    "gnaf_pid": "GAWA_718295763",
    "ee": true,
    "tech_change_status": "Not Planned"
   }
  },
  {
   "type": "Feature",
   "geometry": {
    "type": "Point",
    "coordinates": [
     123.64500746,
     -17.32273097
    ]
   },
   "properties": {
    "name": "33 BROWN STREET DERBY 6728",
    "locID": "LOC000133502118",
    "tech": "FTTN",
    "upgrade": "NULL_NA",
    "gnaf_pid": "GAWA_718295764",
    "ee": true,
    "tech_change_status": "Not Planned"
   }
  },
  {
   "type": "Feature",
   "geometry": {
    "type": "Point",
    "coordinates": [
     123.64500717,
     -17.32255017
    ]
   },
   "properties": {
    "name": "35 BROWN STREET DERBY 6728",
    "locID": "LOC000133502160",
    "tech": "FTTN",
    "upgrade": "NULL_NA",
    "gnaf_pid": "GAWA_718295765",
    "ee": true,
    "tech_change_status": "Not Planned"
   }
  },
  {
   "type": "Feature",
   "geometry": {
    "type": "Point",
    "coordinates": [
     123.64590522,
     -17.32372788
    ]
   },
   "properties": {
    "name": "10 CORKWOOD COURT DERBY 6728",
    "locID": "LOC000133484397",
    "tech": "FTTN",
    "upgrade": "NULL_NA",
    "gnaf_pid": "GAWA_718296294",
    "ee": true,
    "tech_change_status": "Not Planned"
   }
  },
  {
   "type": "Feature",
   "geometry": {
    "type": "Point",
    "coordinates": [
     123.64609055,
     -17.32372789
    ]
   },
   "properties": {
    "name": "12 CORKWOOD COURT DERBY 6728",
    "locID": "LOC000133488848",
    "tech": "FTTN",
    "upgrade": "NULL_NA",
    "gnaf_pid": "GAWA_718296296",
    "ee": true,
    "tech_change_status": "Not Planned"
   }
  },
  {
   "type": "Feature",
   "geometry": {
    "type": "Point",
    "coordinates": [
     123.64627869,
     -17.32372789
    ]
   },
   "properties": {
    "name": "14 CORKWOOD COURT DERBY 6728",
    "locID": "LOC000133488933",
    "tech": "FTTN",
    "upgrade": "NULL_NA",
    "gnaf_pid": "GAWA_718296297",
    "ee": true,
    "tech_change_status": "Not Planned"
   }
  },
  {
   "type": "Feature",
   "geometry": {
    "type": "Point",
    "coordinates": [
     123.64663594,
     -17.32323047
    ]
   },
   "properties": {
    "name": "17 CORKWOOD COURT DERBY 6728",
    "locID": "LOC000147462687",
    "tech": "FTTN",
    "upgrade": "NULL_NA",
    "gnaf_pid": "GAWA_718296299",
    "ee": true,
    "tech_change_status": "Not Planned"
   }
  },
  {
   "type": "Feature",
   "geometry": {
    "type": "Point",
    "coordinates": [
     123.64666891,
     -17.3236527
    ]
   },
   "properties": {
    "name": "18 CORKWOOD COURT DERBY 6728",
    "locID": "LOC000147462723",
    "tech": "FTTN",
    "upgrade": "NULL_NA",
    "gnaf_pid": "GAWA_718296300",
    "ee": true,
    "tech_change_status": "Not Planned"
   }
  },
  {
   "type": "Feature",
   "geometry": {
    "type": "Point",
    "coordinates": [
     123.64524332,
     -17.32323985
    ]
   },
   "properties": {
    "name": "3 CORKWOOD COURT DERBY 6728",
    "locID": "LOC000133497877",
    "tech": "FTTN",
    "upgrade": "NULL_NA",
    "gnaf_pid": "GAWA_718296301",
    "ee": true,
    "tech_change_status": "Not Planned"
   }
  },
  {
   "type": "Feature",
   "geometry": {
    "type": "Point",
    "coordinates": [
     123.64572272,
     -17.32372335
    ]
   },
   "properties": {
    "name": "8 CORKWOOD COURT DERBY 6728",
    "locID": "LOC000133511346",
    "tech": "FTTN",
    "upgrade": "NULL_NA",
    "gnaf_pid": "GAWA_718296302",
    "ee": true,
    "tech_change_status": "Not Planned"
   }
  },
  {
   "type": "Feature",
   "geometry": {
    "type": "Point",
    "coordinates": [
     123.64317515,
     -17.32484541
    ]
   },
   "properties": {
    "name": "2 CYPRESS COURT DERBY 6728",
    "locID": "LOC000133493464",
    "tech": "FTTN",
    "upgrade": "NULL_NA",
    "gnaf_pid": "GAWA_718296445",
    "ee": true,
    "tech_change_status": "Not Planned"
   }
  },
  {
   "type": "Feature",
   "geometry": {
    "type": "Point",
    "coordinates": [
     123.64300463,
     -17.32485038
    ]
   },
   "properties": {
    "name": "4 CYPRESS COURT DERBY 6728",
    "locID": "LOC000147462799",
    "tech": "FTTN",
    "upgrade": "NULL_NA",
    "gnaf_pid": "GAWA_718296446",
    "ee": true,
    "tech_change_status": "Not Planned"
   }
  },
  {
   "type": "Feature",
   "geometry": {
    "type": "Point",
    "coordinates": [
     123.63911112,
     -17.30960567
    ]
   },
   "properties": {
    "name": "42A DELEWARR STREET DERBY 6728",
    "locID": "LOC000133502305",
    "tech": "FTTN",
    "upgrade": "NULL_NA",
    "gnaf_pid": "GAWA_718296491",
    "ee": true,
    "tech_change_status": "Not Planned"
   }
  },
  {
   "type": "Feature",
   "geometry": {
    "type": "Point",
    "coordinates": [
     123.6391111,
     -17.30975381
    ]
   },
   "properties": {
    "name": "42B DELEWARR STREET DERBY 6728",
    "locID": "LOC000133502314",
    "tech": "FTTN",
    "upgrade": "NULL_NA",
    "gnaf_pid": "GAWA_718296492",
    "ee": true,
    "tech_change_status": "Not Planned"
   }
  },
  {
   "type": "Feature",
   "geometry": {
    "type": "Point",
    "coordinates": [
     123.63911111,
     -17.30989069
    ]
   },
   "properties": {
    "name": "42C DELEWARR STREET DERBY 6728",
    "locID": "LOC000133502322",
    "tech": "FTTN",
    "upgrade": "NULL_NA",
    "gnaf_pid": "GAWA_718296493",
    "ee": true,
    "tech_change_status": "Not Planned"
   }
  },
  {
   "type": "Feature",
   "geometry": {
    "type": "Point",
    "coordinates": [
     123.63908286,
     -17.31004552
    ]
   },
   "properties": {
    "name": "42D DELEWARR STREET DERBY 6728",
    "locID": "LOC000133502333",
    "tech": "FTTN",
    "upgrade": "NULL_NA",
    "gnaf_pid": "GAWA_718296494",
    "ee": true,
    "tech_change_status": "Not Planned"
   }
  },
  {
   "type": "Feature",
   "geometry": {
    "type": "Point",
    "coordinates": [
     123.64496176,
     -17.32230525
    ]
   },
   "properties": {
    "name": "14 GUILDFORD STREET DERBY 6728",
    "locID": "LOC000133488946",
    "tech": "FTTN",
    "upgrade": "NULL_NA",
    "gnaf_pid": "GAWA_718297148",
    "ee": true,
    "tech_change_status": "Not Planned"
   }
  },
  {
   "type": "Feature",
   "geometry": {
    "type": "Point",
    "coordinates": [
     123.64515072,
     -17.3223016
    ]
   },
   "properties": {
    "name": "16 GUILDFORD STREET DERBY 6728",
    "locID": "LOC000133489009",
    "tech": "FTTN",
    "upgrade": "NULL_NA",
    "gnaf_pid": "GAWA_718297149",
    "ee": true,
    "tech_change_status": "Not Planned"
   }
  },
  {
   "type": "Feature",
   "geometry": {
    "type": "Point",
    "coordinates": [
     123.64533703,
     -17.32230161
    ]
   },
   "properties": {
    "name": "18 GUILDFORD STREET DERBY 6728",
    "locID": "LOC000133493396",
    "tech": "FTTN",
    "upgrade": "NULL_NA",
    "gnaf_pid": "GAWA_718297150",
    "ee": true,
    "tech_change_status": "Not Planned"
   }
  },
  {
   "type": "Feature",
   "geometry": {
    "type": "Point",
    "coordinates": [
     123.64551576,
     -17.3223016
    ]
   },
   "properties": {
    "name": "20 GUILDFORD STREET DERBY 6728",
    "locID": "LOC000133493504",
    "tech": "FTTN",
    "upgrade": "NULL_NA",
    "gnaf_pid": "GAWA_718297151",
    "ee": true,
    "tech_change_status": "Not Planned"
   }
  },
  {
   "type": "Feature",
   "geometry": {
    "type": "Point",
    "coordinates": [
     123.64642825,
     -17.32230158
    ]
   },
   "properties": {
    "name": "24 GUILDFORD STREET DERBY 6728",
    "locID": "LOC000133493591",
    "tech": "FTTN",
    "upgrade": "NULL_NA",
    "gnaf_pid": "GAWA_718297152",
    "ee": true,
    "tech_change_status": "Not Planned"
   }
  },
  {
   "type": "Feature",
   "geometry": {
    "type": "Point",
    "coordinates": [
     123.64660699,
     -17.32230157
    ]
   },
   "properties": {
    "name": "26 GUILDFORD STREET DERBY 6728",
    "locID": "LOC000133497714",
    "tech": "FTTN",
    "upgrade": "NULL_NA",
    "gnaf_pid": "GAWA_718297153",
    "ee": true,
    "tech_change_status": "Not Planned"
   }
  },
  {
   "type": "Feature",
   "geometry": {
    "type": "Point",
    "coordinates": [
     123.64678568,
     -17.32230162
    ]
   },
   "properties": {
    "name": "28 GUILDFORD STREET DERBY 6728",
    "locID": "LOC000133497798",
    "tech": "FTTN",
    "upgrade": "NULL_NA",
    "gnaf_pid": "GAWA_718297154",
    "ee": true,
    "tech_change_status": "Not Planned"
   }
  },
  {
   "type": "Feature",
   "geometry": {
    "type": "Point",
    "coordinates": [
     123.64696243,
     -17.32230553
    ]
   },
   "properties": {
    "name": "30 GUILDFORD STREET DERBY 6728",
    "locID": "LOC000133497923",
    "tech": "FTTN",
    "upgrade": "NULL_NA",
    "gnaf_pid": "GAWA_718297155",
    "ee": true,
    "tech_change_status": "Not Planned"
   }
  },
  {
   "type": "Feature",
   "geometry": {
    "type": "Point",
    "coordinates": [
     123.64293494,
     -17.32405719
    ]
   },
   "properties": {
    "name": "UNIT 10, 1 LIVISTONA STREET DERBY 6728",
    "locID": "LOC000133476137",
    "tech": "FTTN",
    "upgrade": "NULL_NA",
    "gnaf_pid": "GAWA_718298102",
    "ee": true,
    "tech_change_status": "Not Planned"
   }
  },
  {
   "type": "Feature",
   "geometry": {
    "type": "Point",
    "coordinates": [
     123.64293494,
     -17.32405719
    ]
   },
   "properties": {
    "name": "UNIT 1, 1 LIVISTONA STREET DERBY 6728",
    "locID": "LOC000133476128",
    "tech": "FTTN",
    "upgrade": "NULL_NA",
    "gnaf_pid": "GAWA_718298103",
    "ee": true,
    "tech_change_status": "Not Planned"
   }
  },
  {
   "type": "Feature",
   "geometry": {
    "type": "Point",
    "coordinates": [
     123.64293494,
     -17.32405719
    ]
   },
   "properties": {
    "name": "UNIT 2, 1 LIVISTONA STREET DERBY 6728",
    "locID": "LOC000133476144",
    "tech": "FTTN",
    "upgrade": "NULL_NA",
    "gnaf_pid": "GAWA_718298104",
    "ee": true,
    "tech_change_status": "Not Planned"
   }
  },
  {
   "type": "Feature",
   "geometry": {
    "type": "Point",
    "coordinates": [
     123.64293494,
     -17.32405719
    ]
   },
   "properties": {
    "name": "UNIT 3, 1 LIVISTONA STREET DERBY 6728",
    "locID": "LOC000133476159",
    "tech": "FTTN",
    "upgrade": "NULL_NA",
    "gnaf_pid": "GAWA_718298105",
    "ee": true,
    "tech_change_status": "Not Planned"
   }
  },
  {
   "type": "Feature",
   "geometry": {
    "type": "Point",
    "coordinates": [
     123.64293494,
     -17.32405719
    ]
   },
   "properties": {
    "name": "UNIT 4, 1 LIVISTONA STREET DERBY 6728",
    "locID": "LOC000133476163",
    "tech": "FTTN",
    "upgrade": "NULL_NA",
    "gnaf_pid": "GAWA_718298106",
    "ee": true,
    "tech_change_status": "Not Planned"
   }
  },
  {
   "type": "Feature",
   "geometry": {
    "type": "Point",
    "coordinates": [
     123.64293494,
     -17.32405719
    ]
   },
   "properties": {
    "name": "UNIT 5, 1 LIVISTONA STREET DERBY 6728",
    "locID": "LOC000133476171",
    "tech": "FTTN",
    "upgrade": "NULL_NA",
    "gnaf_pid": "GAWA_718298107",
    "ee": true,
    "tech_change_status": "Not Planned"
   }
  },
  {
   "type": "Feature",
   "geometry": {
    "type": "Point",
    "coordinates": [
     123.64293494,
     -17.32405719
    ]
   },
   "properties": {
    "name": "UNIT 6, 1 LIVISTONA STREET DERBY 6728",
    "locID": "LOC000133476128",
    "tech": "FTTN",
    "upgrade": "NULL_NA",
    "gnaf_pid": "GAWA_718298108",
    "ee": true,
    "tech_change_status": "Not Planned"
   }
  },
  {
   "type": "Feature",
   "geometry": {
    "type": "Point",
    "coordinates": [
     123.64293494,
     -17.32405719
    ]
   },
   "properties": {
    "name": "UNIT 7, 1 LIVISTONA STREET DERBY 6728",
    "locID": "LOC000133476192",
    "tech": "FTTN",
    "upgrade": "NULL_NA",
    "gnaf_pid": "GAWA_718298109",
    "ee": true,
    "tech_change_status": "Not Planned"
   }
  },
  {
   "type": "Feature",
   "geometry": {
    "type": "Point",
    "coordinates": [
     123.64293494,
     -17.32405719
    ]
   },
   "properties": {
    "name": "UNIT 8, 1 LIVISTONA STREET DERBY 6728",
    "locID": "LOC000133476205",
    "tech": "FTTN",
    "upgrade": "NULL_NA",
    "gnaf_pid": "GAWA_718298110",
    "ee": true,
    "tech_change_status": "Not Planned"
   }
  },
  {
   "type": "Feature",
   "geometry": {
    "type": "Point",
    "coordinates": [
     123.64293494,
     -17.32405719
    ]
   },
   "properties": {
    "name": "UNIT 9, 1 LIVISTONA STREET DERBY 6728",
    "locID": "LOC000133476214",
    "tech": "FTTN",
    "upgrade": "NULL_NA",
    "gnaf_pid": "GAWA_718298111",
    "ee": true,
    "tech_change_status": "Not Planned"
   }
  },
  {
   "type": "Feature",
   "geometry": {
    "type": "Point",
    "coordinates": [
     123.64298105,
     -17.32456434
    ]
   },
   "properties": {
    "name": "6 LIVISTONA STREET DERBY 6728",
    "locID": "LOC000133507023",
    "tech": "FTTN",
    "upgrade": "NULL_NA",
    "gnaf_pid": "GAWA_718298112",
    "ee": true,
    "tech_change_status": "Not Planned"
   }
  },
  {
   "type": "Feature",
   "geometry": {
    "type": "Point",
    "coordinates": [
     123.64316934,
     -17.32456415
    ]
   },
   "properties": {
    "name": "8 LIVISTONA STREET DERBY 6728",
    "locID": "LOC000133511367",
    "tech": "FTTN",
    "upgrade": "NULL_NA",
    "gnaf_pid": "GAWA_718298113",
    "ee": true,
    "tech_change_status": "Not Planned"
   }
  },
  {
   "type": "Feature",
   "geometry": {
    "type": "Point",
    "coordinates": [
     123.64691274,
     -17.32376896
    ]
   },
   "properties": {
    "name": "22 STEEL STREET DERBY 6728",
    "locID": "LOC000133493536",
    "tech": "FTTN",
    "upgrade": "NULL_NA",
    "gnaf_pid": "GAWA_718300205",
    "ee": true,
    "tech_change_status": "Not Planned"
   }
  },
  {
   "type": "Feature",
   "geometry": {
    "type": "Point",
    "coordinates": [
     123.64691271,
     -17.32332783
    ]
   },
   "properties": {
    "name": "26 STEEL STREET DERBY 6728",
    "locID": "LOC000133497733",
    "tech": "FTTN",
    "upgrade": "NULL_NA",
    "gnaf_pid": "GAWA_718300207",
    "ee": true,
    "tech_change_status": "Not Planned"
   }
  },
  {
   "type": "Feature",
   "geometry": {
    "type": "Point",
    "coordinates": [
     123.64691269,
     -17.32293769
    ]
   },
   "properties": {
    "name": "30 STEEL STREET DERBY 6728",
    "locID": "LOC000181290479",
    "tech": "FTTN",
    "upgrade": "NULL_NA",
    "gnaf_pid": "GAWA_718300209",
    "ee": true,
    "tech_change_status": "Not Planned"
   }
  },
  {
   "type": "Feature",
   "geometry": {
    "type": "Point",
    "coordinates": [
     123.64691268,
     -17.32274651
    ]
   },
   "properties": {
    "name": "32 STEEL STREET DERBY 6728",
    "locID": "LOC000133497968",
    "tech": "FTTN",
    "upgrade": "NULL_NA",
    "gnaf_pid": "GAWA_718300210",
    "ee": true,
    "tech_change_status": "Not Planned"
   }
  },
  {
   "type": "Feature",
   "geometry": {
    "type": "Point",
    "coordinates": [
     123.64691267,
     -17.32255532
    ]
   },
   "properties": {
    "name": "34 STEEL STREET DERBY 6728",
    "locID": "LOC000133502141",
    "tech": "FTTN",
    "upgrade": "NULL_NA",
    "gnaf_pid": "GAWA_718300211",
    "ee": true,
    "tech_change_status": "Not Planned"
   }
  },
  {
   "type": "Feature",
   "geometry": {
    "type": "Point",
    "coordinates": [
     123.64643014,
     -17.32259975
    ]
   },
   "properties": {
    "name": "11 TEATREE MEWS DERBY 6728",
    "locID": "LOC000133488807",
    "tech": "FTTN",
    "upgrade": "NULL_NA",
    "gnaf_pid": "GAWA_718300359",
    "ee": true,
    "tech_change_status": "Not Planned"
   }
  },
  {
   "type": "Feature",
   "geometry": {
    "type": "Point",
    "coordinates": [
     123.64664358,
     -17.3229464
    ]
   },
   "properties": {
    "name": "12 TEATREE MEWS DERBY 6728",
    "locID": "LOC000133488853",
    "tech": "FTTN",
    "upgrade": "NULL_NA",
    "gnaf_pid": "GAWA_718300360",
    "ee": true,
    "tech_change_status": "Not Planned"
   }
  },
  {
   "type": "Feature",
   "geometry": {
    "type": "Point",
    "coordinates": [
     123.64547572,
     -17.32328279
    ]
   },
   "properties": {
    "name": "1 TEATREE MEWS DERBY 6728",
    "locID": "LOC000133484366",
    "tech": "FTTN",
    "upgrade": "NULL_NA",
    "gnaf_pid": "GAWA_718300362",
    "ee": true,
    "tech_change_status": "Not Planned"
   }
  },
  {
   "type": "Feature",
   "geometry": {
    "type": "Point",
    "coordinates": [
     123.64569216,
     -17.32259977
    ]
   },
   "properties": {
    "name": "5 TEATREE MEWS DERBY 6728",
    "locID": "LOC000133506896",
    "tech": "FTTN",
    "upgrade": "NULL_NA",
    "gnaf_pid": "GAWA_718300363",
    "ee": true,
    "tech_change_status": "Not Planned"
   }
  },
  {
   "type": "Feature",
   "geometry": {
    "type": "Point",
    "coordinates": [
     123.64587569,
     -17.32259613
    ]
   },
   "properties": {
    "name": "7 TEATREE MEWS DERBY 6728",
    "locID": "LOC000133511295",
    "tech": "FTTN",
    "upgrade": "NULL_NA",
    "gnaf_pid": "GAWA_718300364",
    "ee": true,
    "tech_change_status": "Not Planned"
   }
  },
  {
   "type": "Feature",
   "geometry": {
    "type": "Point",
    "coordinates": [
     123.64625174,
     -17.32259593
    ]
   },
   "properties": {
    "name": "9 TEATREE MEWS DERBY 6728",
    "locID": "LOC100074885406",
    "tech": "FTTN",
    "upgrade": "NULL_NA",
    "gnaf_pid": "GAWA_718300365",
    "ee": true,
    "tech_change_status": "Not Planned"
   }
  },
  {
   "type": "Feature",
   "geometry": {
    "type": "Point",
    "coordinates": [
     123.64181214,
     -17.32408342
    ]
   },
   "properties": {
    "name": "UNIT 8, 13 COOLIBAH WAY DERBY 6728",
    "locID": "LOC000133476280",
    "tech": "FTTN",
    "upgrade": "NULL_NA",
    "gnaf_pid": "GAWA_718301859",
    "ee": true,
    "tech_change_status": "Not Planned"
   }
  },
  {
   "type": "Feature",
   "geometry": {
    "type": "Point",
    "coordinates": [
     123.64930492,
     -17.31094014
    ]
   },
   "properties": {
    "name": "4 KNOWSLEY STREET EAST DERBY 6728",
    "locID": "LOC000056754080",
    "tech": "FTTN",
    "upgrade": "NULL_NA",
    "gnaf_pid": "GAWA_718302207",
    "ee": true,
    "tech_change_status": "Not Planned"
   }
  },
  {
   "type": "Feature",
   "geometry": {
    "type": "Point",
    "coordinates": [
     123.63579918,
     -17.31125442
    ]
   },
   "properties": {
    "name": "UNIT 1, 18 KNOWSLEY STREET WEST DERBY 6728",
    "locID": "LOC000133480020",
    "tech": "FTTN",
    "upgrade": "NULL_NA",
    "gnaf_pid": "GAWA_718302208",
    "ee": true,
    "tech_change_status": "Not Planned"
   }
  },
  {
   "type": "Feature",
   "geometry": {
    "type": "Point",
    "coordinates": [
     123.63579918,
     -17.31125442
    ]
   },
   "properties": {
    "name": "UNIT 2, 18 KNOWSLEY STREET WEST DERBY 6728",
    "locID": "LOC000133480020",
    "tech": "FTTN",
    "upgrade": "NULL_NA",
    "gnaf_pid": "GAWA_718302209",
    "ee": true,
    "tech_change_status": "Not Planned"
   }
  },
  {
   "type": "Feature",
   "geometry": {
    "type": "Point",
    "coordinates": [
     123.63579918,
     -17.31125442
    ]
   },
   "properties": {
    "name": "UNIT 3, 18 KNOWSLEY STREET WEST DERBY 6728",
    "locID": "LOC000133480020",
    "tech": "FTTN",
    "upgrade": "NULL_NA",
    "gnaf_pid": "GAWA_718302210",
    "ee": true,
    "tech_change_status": "Not Planned"
   }
  },
  {
   "type": "Feature",
   "geometry": {
    "type": "Point",
    "coordinates": [
     123.63579918,
     -17.31125442
    ]
   },
   "properties": {
    "name": "UNIT 4, 18 KNOWSLEY STREET WEST DERBY 6728",
    "locID": "LOC000133480020",
    "tech": "FTTN",
    "upgrade": "NULL_NA",
    "gnaf_pid": "GAWA_718302211",
    "ee": true,
    "tech_change_status": "Not Planned"
   }
  },
  {
   "type": "Feature",
   "geometry": {
    "type": "Point",
    "coordinates": [
     123.63303962,
     -17.30607647
    ]
   },
   "properties": {
    "name": "67 CLARENDON STREET DERBY 6728",
    "locID": "LOC000168191721",
    "tech": "FTTN",
    "upgrade": "FTTP",
    "gnaf_pid": "GAWA_718338746",
    "ee": true,
    "tech_change_status": "New Tech Connected"
   }
  },
  {
   "type": "Feature",
   "geometry": {
    "type": "Point",
    "coordinates": [
     123.70034499,
     -17.35615055
    ]
   },
   "properties": {
    "name": "LOT 85 DERBY-GIBB RIVER ROAD DERBY 6728",
    "locID": "LOC000179507476",
    "tech": "SATELLITE",
    "upgrade": "NULL_NA",
    "gnaf_pid": "GAWA_718339015",
    "ee": true,
    "tech_change_status": "Not Planned"
   }
  },
  {
   "type": "Feature",
   "geometry": {
    "type": "Point",
    "coordinates": [
     123.63914511,
     -17.32488659
    ]
   },
   "properties": {
    "name": "29A KURRAJONG LOOP DERBY 6728",
    "locID": "LOC000116488074",
    "tech": "FTTN",
    "upgrade": "NULL_NA",
    "gnaf_pid": "GAWA_718340706",
    "ee": true,
    "tech_change_status": "Not Planned"
   }
  },
  {
   "type": "Feature",
   "geometry": {
    "type": "Point",
    "coordinates": [
     123.63914511,
     -17.32488659
    ]
   },
   "properties": {
    "name": "29B KURRAJONG LOOP DERBY 6728",
    "locID": "LOC000133497831",
    "tech": "FTTN",
    "upgrade": "NULL_NA",
    "gnaf_pid": "GAWA_718340707",
    "ee": true,
    "tech_change_status": "Not Planned"
   }
  },
  {
   "type": "Feature",
   "geometry": {
    "type": "Point",
    "coordinates": [
     123.64343073,
     -17.32466449
    ]
   },
   "properties": {
    "name": "25 PANDANAS WAY DERBY 6728",
    "locID": "LOC000133497705",
    "tech": "FTTN",
    "upgrade": "NULL_NA",
    "gnaf_pid": "GAWA_718341924",
    "ee": true,
    "tech_change_status": "Not Planned"
   }
  },
  {
   "type": "Feature",
   "geometry": {
    "type": "Point",
    "coordinates": [
     123.64342248,
     -17.32449879
    ]
   },
   "properties": {
    "name": "27 PANDANAS WAY DERBY 6728",
    "locID": "LOC000133497779",
    "tech": "FTTN",
    "upgrade": "NULL_NA",
    "gnaf_pid": "GAWA_718341925",
    "ee": true,
    "tech_change_status": "Not Planned"
   }
  },
  {
   "type": "Feature",
   "geometry": {
    "type": "Point",
    "coordinates": [
     123.75393564,
     -17.3181573
    ]
   },
   "properties": {
    "name": "LOT 333 BUNGARUN ROAD DERBY 6728",
    "locID": "LOC000142984880",
    "tech": "SATELLITE",
    "upgrade": "NULL_NA",
    "gnaf_pid": "GAWA_718344348",
    "ee": true,
    "tech_change_status": "Not Planned"
   }
  },
  {
   "type": "Feature",
   "geometry": {
    "type": "Point",
    "coordinates": [
     123.63545915,
     -17.30825345
    ]
   },
   "properties": {
    "name": "UNIT 3, 94 CLARENDON STREET DERBY 6728",
    "locID": "LOC000147462562",
    "tech": "FTTN",
    "upgrade": "NULL_NA",
    "gnaf_pid": "GAWA_718344372",
    "ee": true,
    "tech_change_status": "Not Planned"
   }
  },
  {
   "type": "Feature",
   "geometry": {
    "type": "Point",
    "coordinates": [
     123.63545915,
     -17.30825345
    ]
   },
   "properties": {
    "name": "UNIT 4, 94 CLARENDON STREET DERBY 6728",
    "locID": "LOC000147462562",
    "tech": "FTTN",
    "upgrade": "NULL_NA",
    "gnaf_pid": "GAWA_718344373",
    "ee": true,
    "tech_change_status": "Not Planned"
   }
  },
  {
   "type": "Feature",
   "geometry": {
    "type": "Point",
    "coordinates": [
     123.63545915,
     -17.30825345
    ]
   },
   "properties": {
    "name": "UNIT 5, 94 CLARENDON STREET DERBY 6728",
    "locID": "LOC000147462562",
    "tech": "FTTN",
    "upgrade": "NULL_NA",
    "gnaf_pid": "GAWA_718344374",
    "ee": true,
    "tech_change_status": "Not Planned"
   }
  },
  {
   "type": "Feature",
   "geometry": {
    "type": "Point",
    "coordinates": [
     123.63545915,
     -17.30825345
    ]
   },
   "properties": {
    "name": "UNIT 6, 94 CLARENDON STREET DERBY 6728",
    "locID": "LOC000147462562",
    "tech": "FTTN",
    "upgrade": "NULL_NA",
    "gnaf_pid": "GAWA_718344375",
    "ee": true,
    "tech_change_status": "Not Planned"
   }
  },
  {
   "type": "Feature",
   "geometry": {
    "type": "Point",
    "coordinates": [
     123.63017,
     -17.30272
    ]
   },
   "properties": {
    "name": "UNIT 6, 4 HARDMAN STREET DERBY 6728",
    "locID": "LOC000108040112",
    "tech": "FTTN",
    "upgrade": "NULL_NA",
    "gnaf_pid": "GAWA_718344509",
    "ee": true,
    "tech_change_status": "Not Planned"
   }
  },
  {
   "type": "Feature",
   "geometry": {
    "type": "Point",
    "coordinates": [
     123.62802,
     -17.30531
    ]
   },
   "properties": {
    "name": "UNIT 3, 27 ROWAN STREET DERBY 6728",
    "locID": "LOC000133480065",
    "tech": "FTTN",
    "upgrade": "NULL_NA",
    "gnaf_pid": "GAWA_718344999",
    "ee": true,
    "tech_change_status": "Not Planned"
   }
  },
  {
   "type": "Feature",
   "geometry": {
    "type": "Point",
    "coordinates": [
     123.63982579,
     -17.30965818
    ]
   },
   "properties": {
    "name": "12A ASHLEY STREET DERBY 6728",
    "locID": "LOC000147461359",
    "tech": "FTTN",
    "upgrade": "NULL_NA",
    "gnaf_pid": "GAWA_718386873",
    "ee": true,
    "tech_change_status": "Not Planned"
   }
  },
  {
   "type": "Feature",
   "geometry": {
    "type": "Point",
    "coordinates": [
     123.63982837,
     -17.30984038
    ]
   },
   "properties": {
    "name": "12B ASHLEY STREET DERBY 6728",
    "locID": "LOC000147461371",
    "tech": "FTTN",
    "upgrade": "NULL_NA",
    "gnaf_pid": "GAWA_718386874",
    "ee": true,
    "tech_change_status": "Not Planned"
   }
  },
  {
   "type": "Feature",
   "geometry": {
    "type": "Point",
    "coordinates": [
     123.63982835,
     -17.30995166
    ]
   },
   "properties": {
    "name": "12C ASHLEY STREET DERBY 6728",
    "locID": "LOC000147461363",
    "tech": "FTTN",
    "upgrade": "NULL_NA",
    "gnaf_pid": "GAWA_718386875",
    "ee": true,
    "tech_change_status": "Not Planned"
   }
  },
  {
   "type": "Feature",
   "geometry": {
    "type": "Point",
    "coordinates": [
     123.63982834,
     -17.31007001
    ]
   },
   "properties": {
    "name": "12D ASHLEY STREET DERBY 6728",
    "locID": "LOC000147461337",
    "tech": "FTTN",
    "upgrade": "NULL_NA",
    "gnaf_pid": "GAWA_718386876",
    "ee": true,
    "tech_change_status": "Not Planned"
   }
  },
  {
   "type": "Feature",
   "geometry": {
    "type": "Point",
    "coordinates": [
     123.63545915,
     -17.30825345
    ]
   },
   "properties": {
    "name": "94A CLARENDON STREET DERBY 6728",
    "locID": "LOC000147462536",
    "tech": "FTTN",
    "upgrade": "NULL_NA",
    "gnaf_pid": "GAWA_718387862",
    "ee": true,
    "tech_change_status": "Not Planned"
   }
  },
  {
   "type": "Feature",
   "geometry": {
    "type": "Point",
    "coordinates": [
     123.63545915,
     -17.30825345
    ]
   },
   "properties": {
    "name": "94B CLARENDON STREET DERBY 6728",
    "locID": "LOC000147462562",
    "tech": "FTTN",
    "upgrade": "NULL_NA",
    "gnaf_pid": "GAWA_718387863",
    "ee": true,
    "tech_change_status": "Not Planned"
   }
  },
  {
   "type": "Feature",
   "geometry": {
    "type": "Point",
    "coordinates": [
     123.64309735,
     -17.32537448
    ]
   },
   "properties": {
    "name": "UNIT 1, 1 CYPRESS COURT DERBY 6728",
    "locID": "LOC000147462589",
    "tech": "FTTN",
    "upgrade": "NULL_NA",
    "gnaf_pid": "GAWA_718388160",
    "ee": true,
    "tech_change_status": "Not Planned"
   }
  },
  {
   "type": "Feature",
   "geometry": {
    "type": "Point",
    "coordinates": [
     123.64309735,
     -17.32537448
    ]
   },
   "properties": {
    "name": "UNIT 2, 1 CYPRESS COURT DERBY 6728",
    "locID": "LOC000147462591",
    "tech": "FTTN",
    "upgrade": "NULL_NA",
    "gnaf_pid": "GAWA_718388161",
    "ee": true,
    "tech_change_status": "Not Planned"
   }
  },
  {
   "type": "Feature",
   "geometry": {
    "type": "Point",
    "coordinates": [
     123.64309735,
     -17.32537448
    ]
   },
   "properties": {
    "name": "UNIT 3, 1 CYPRESS COURT DERBY 6728",
    "locID": "LOC000147462602",
    "tech": "FTTN",
    "upgrade": "NULL_NA",
    "gnaf_pid": "GAWA_718388162",
    "ee": true,
    "tech_change_status": "Not Planned"
   }
  },
  {
   "type": "Feature",
   "geometry": {
    "type": "Point",
    "coordinates": [
     123.64309735,
     -17.32537448
    ]
   },
   "properties": {
    "name": "UNIT 4, 1 CYPRESS COURT DERBY 6728",
    "locID": "LOC000147462618",
    "tech": "FTTN",
    "upgrade": "NULL_NA",
    "gnaf_pid": "GAWA_718388163",
    "ee": true,
    "tech_change_status": "Not Planned"
   }
  },
  {
   "type": "Feature",
   "geometry": {
    "type": "Point",
    "coordinates": [
     123.64309735,
     -17.32537448
    ]
   },
   "properties": {
    "name": "UNIT 5, 1 CYPRESS COURT DERBY 6728",
    "locID": "LOC000147462625",
    "tech": "FTTN",
    "upgrade": "NULL_NA",
    "gnaf_pid": "GAWA_718388164",
    "ee": true,
    "tech_change_status": "Not Planned"
   }
  },
  {
   "type": "Feature",
   "geometry": {
    "type": "Point",
    "coordinates": [
     123.64309735,
     -17.32537448
    ]
   },
   "properties": {
    "name": "UNIT 6, 1 CYPRESS COURT DERBY 6728",
    "locID": "LOC000147462589",
    "tech": "FTTN",
    "upgrade": "NULL_NA",
    "gnaf_pid": "GAWA_718388165",
    "ee": true,
    "tech_change_status": "Not Planned"
   }
  },
  {
   "type": "Feature",
   "geometry": {
    "type": "Point",
    "coordinates": [
     123.64309735,
     -17.32537448
    ]
   },
   "properties": {
    "name": "UNIT 7, 1 CYPRESS COURT DERBY 6728",
    "locID": "LOC000147462641",
    "tech": "FTTN",
    "upgrade": "NULL_NA",
    "gnaf_pid": "GAWA_718388166",
    "ee": true,
    "tech_change_status": "Not Planned"
   }
  },
  {
   "type": "Feature",
   "geometry": {
    "type": "Point",
    "coordinates": [
     123.64309735,
     -17.32537448
    ]
   },
   "properties": {
    "name": "UNIT 8, 1 CYPRESS COURT DERBY 6728",
    "locID": "LOC000147462656",
    "tech": "FTTN",
    "upgrade": "NULL_NA",
    "gnaf_pid": "GAWA_718388167",
    "ee": true,
    "tech_change_status": "Not Planned"
   }
  },
  {
   "type": "Feature",
   "geometry": {
    "type": "Point",
    "coordinates": [
     123.64309735,
     -17.32537448
    ]
   },
   "properties": {
    "name": "1 CYPRESS COURT DERBY 6728",
    "locID": "LOC000147462589",
    "tech": "FTTN",
    "upgrade": "NULL_NA",
    "gnaf_pid": "GAWA_718388168",
    "ee": true,
    "tech_change_status": "Not Planned"
   }
  },
  {
   "type": "Feature",
   "geometry": {
    "type": "Point",
    "coordinates": [
     123.63545915,
     -17.30825345
    ]
   },
   "properties": {
    "name": "3A FAIRBAIRN STREET DERBY 6728",
    "locID": "LOC000147462543",
    "tech": "FTTN",
    "upgrade": "NULL_NA",
    "gnaf_pid": "GAWA_718388677",
    "ee": true,
    "tech_change_status": "Not Planned"
   }
  },
  {
   "type": "Feature",
   "geometry": {
    "type": "Point",
    "coordinates": [
     123.63545915,
     -17.30825345
    ]
   },
   "properties": {
    "name": "3B FAIRBAIRN STREET DERBY 6728",
    "locID": "LOC000184285370",
    "tech": "FTTN",
    "upgrade": "NULL_NA",
    "gnaf_pid": "GAWA_718388678",
    "ee": true,
    "tech_change_status": "Not Planned"
   }
  },
  {
   "type": "Feature",
   "geometry": {
    "type": "Point",
    "coordinates": [
     123.63545915,
     -17.30825345
    ]
   },
   "properties": {
    "name": "3C FAIRBAIRN STREET DERBY 6728",
    "locID": "LOC000147462558",
    "tech": "FTTN",
    "upgrade": "NULL_NA",
    "gnaf_pid": "GAWA_718388679",
    "ee": true,
    "tech_change_status": "Not Planned"
   }
  },
  {
   "type": "Feature",
   "geometry": {
    "type": "Point",
    "coordinates": [
     123.63545915,
     -17.30825345
    ]
   },
   "properties": {
    "name": "3D FAIRBAIRN STREET DERBY 6728",
    "locID": "LOC000180262186",
    "tech": "FTTN",
    "upgrade": "NULL_NA",
    "gnaf_pid": "GAWA_718388680",
    "ee": true,
    "tech_change_status": "Not Planned"
   }
  },
  {
   "type": "Feature",
   "geometry": {
    "type": "Point",
    "coordinates": [
     123.6537204,
     -17.31299886
    ]
   },
   "properties": {
    "name": "11 KINGFISHER LOOP DERBY 6728",
    "locID": "LOC000118568446",
    "tech": "FTTP",
    "upgrade": "NULL_NA",
    "gnaf_pid": "GAWA_718389868",
    "ee": true
   }
  },
  {
   "type": "Feature",
   "geometry": {
    "type": "Point",
    "coordinates": [
     123.65400054,
     -17.31299886
    ]
   },
   "properties": {
    "name": "13 KINGFISHER LOOP DERBY 6728",
    "locID": "LOC000118568433",
    "tech": "FTTP",
    "upgrade": "NULL_NA",
    "gnaf_pid": "GAWA_718389869",
    "ee": true
   }
  },
  {
   "type": "Feature",
   "geometry": {
    "type": "Point",
    "coordinates": [
     123.65447529,
     -17.31299888
    ]
   },
   "properties": {
    "name": "15 KINGFISHER LOOP DERBY 6728",
    "locID": "LOC000118568422",
    "tech": "FTTP",
    "upgrade": "NULL_NA",
    "gnaf_pid": "GAWA_718389870",
    "ee": true
   }
  },
  {
   "type": "Feature",
   "geometry": {
    "type": "Point",
    "coordinates": [
     123.65475543,
     -17.31299888
    ]
   },
   "properties": {
    "name": "17 KINGFISHER LOOP DERBY 6728",
    "locID": "LOC000118568414",
    "tech": "FTTP",
    "upgrade": "NULL_NA",
    "gnaf_pid": "GAWA_718389871",
    "ee": true
   }
  },
  {
   "type": "Feature",
   "geometry": {
    "type": "Point",
    "coordinates": [
     123.65508955,
     -17.312998
    ]
   },
   "properties": {
    "name": "19 KINGFISHER LOOP DERBY 6728",
    "locID": "LOC000118568405",
    "tech": "FTTP",
    "upgrade": "NULL_NA",
    "gnaf_pid": "GAWA_718389872",
    "ee": true
   }
  },
  {
   "type": "Feature",
   "geometry": {
    "type": "Point",
    "coordinates": [
     123.65231001,
     -17.3129962
    ]
   },
   "properties": {
    "name": "1 KINGFISHER LOOP DERBY 6728",
    "locID": "LOC000118568498",
    "tech": "FTTP",
    "upgrade": "NULL_NA",
    "gnaf_pid": "GAWA_718389873",
    "ee": true
   }
  },
  {
   "type": "Feature",
   "geometry": {
    "type": "Point",
    "coordinates": [
     123.65259127,
     -17.31299882
    ]
   },
   "properties": {
    "name": "3 KINGFISHER LOOP DERBY 6728",
    "locID": "LOC000118568480",
    "tech": "FTTP",
    "upgrade": "NULL_NA",
    "gnaf_pid": "GAWA_718389874",
    "ee": true
   }
  },
  {
   "type": "Feature",
   "geometry": {
    "type": "Point",
    "coordinates": [
     123.65287355,
     -17.31299883
    ]
   },
   "properties": {
    "name": "5 KINGFISHER LOOP DERBY 6728",
    "locID": "LOC000118568479",
    "tech": "FTTP",
    "upgrade": "NULL_NA",
    "gnaf_pid": "GAWA_718389875",
    "ee": true
   }
  },
  {
   "type": "Feature",
   "geometry": {
    "type": "Point",
    "coordinates": [
     123.65315583,
     -17.31299884
    ]
   },
   "properties": {
    "name": "7 KINGFISHER LOOP DERBY 6728",
    "locID": "LOC000118568467",
    "tech": "FTTP",
    "upgrade": "NULL_NA",
    "gnaf_pid": "GAWA_718389876",
    "ee": true
   }
  },
  {
   "type": "Feature",
   "geometry": {
    "type": "Point",
    "coordinates": [
     123.65343811,
     -17.31299884
    ]
   },
   "properties": {
    "name": "9 KINGFISHER LOOP DERBY 6728",
    "locID": "LOC000118568451",
    "tech": "FTTP",
    "upgrade": "NULL_NA",
    "gnaf_pid": "GAWA_718389877",
    "ee": true
   }
  },
  {
   "type": "Feature",
   "geometry": {
    "type": "Point",
    "coordinates": [
     123.63655835,
     -17.31067981
    ]
   },
   "properties": {
    "name": "UNIT 1, 23 KNOWSLEY STREET WEST DERBY 6728",
    "locID": "LOC000147461929",
    "tech": "FTTN",
    "upgrade": "NULL_NA",
    "gnaf_pid": "GAWA_718389904",
    "ee": true,
    "tech_change_status": "Not Planned"
   }
  },
  {
   "type": "Feature",
   "geometry": {
    "type": "Point",
    "coordinates": [
     123.63656802,
     -17.3105742
    ]
   },
   "properties": {
    "name": "UNIT 2, 23 KNOWSLEY STREET WEST DERBY 6728",
    "locID": "LOC000147461938",
    "tech": "FTTN",
    "upgrade": "NULL_NA",
    "gnaf_pid": "GAWA_718389905",
    "ee": true,
    "tech_change_status": "Not Planned"
   }
  },
  {
   "type": "Feature",
   "geometry": {
    "type": "Point",
    "coordinates": [
     123.63656801,
     -17.31047566
    ]
   },
   "properties": {
    "name": "UNIT 3, 23 KNOWSLEY STREET WEST DERBY 6728",
    "locID": "LOC000147461940",
    "tech": "FTTN",
    "upgrade": "NULL_NA",
    "gnaf_pid": "GAWA_718389906",
    "ee": true,
    "tech_change_status": "Not Planned"
   }
  },
  {
   "type": "Feature",
   "geometry": {
    "type": "Point",
    "coordinates": [
     123.63656801,
     -17.31037711
    ]
   },
   "properties": {
    "name": "UNIT 4, 23 KNOWSLEY STREET WEST DERBY 6728",
    "locID": "LOC000147461955",
    "tech": "FTTN",
    "upgrade": "NULL_NA",
    "gnaf_pid": "GAWA_718389907",
    "ee": true,
    "tech_change_status": "Not Planned"
   }
  },
  {
   "type": "Feature",
   "geometry": {
    "type": "Point",
    "coordinates": [
     123.636568,
     -17.31027857
    ]
   },
   "properties": {
    "name": "UNIT 5, 23 KNOWSLEY STREET WEST DERBY 6728",
    "locID": "LOC000147461964",
    "tech": "FTTN",
    "upgrade": "NULL_NA",
    "gnaf_pid": "GAWA_718389908",
    "ee": true,
    "tech_change_status": "Not Planned"
   }
  },
  {
   "type": "Feature",
   "geometry": {
    "type": "Point",
    "coordinates": [
     123.636568,
     -17.31018003
    ]
   },
   "properties": {
    "name": "UNIT 6, 23 KNOWSLEY STREET WEST DERBY 6728",
    "locID": "LOC000147461972",
    "tech": "FTTN",
    "upgrade": "NULL_NA",
    "gnaf_pid": "GAWA_718389909",
    "ee": true,
    "tech_change_status": "Not Planned"
   }
  },
  {
   "type": "Feature",
   "geometry": {
    "type": "Point",
    "coordinates": [
     123.63902028,
     -17.31023301
    ]
   },
   "properties": {
    "name": "51A KNOWSLEY STREET WEST DERBY 6728",
    "locID": "LOC000147462090",
    "tech": "FTTN",
    "upgrade": "NULL_NA",
    "gnaf_pid": "GAWA_718389910",
    "ee": true,
    "tech_change_status": "Not Planned"
   }
  },
  {
   "type": "Feature",
   "geometry": {
    "type": "Point",
    "coordinates": [
     123.63914452,
     -17.31023315
    ]
   },
   "properties": {
    "name": "51B KNOWSLEY STREET WEST DERBY 6728",
    "locID": "LOC000147462100",
    "tech": "FTTN",
    "upgrade": "NULL_NA",
    "gnaf_pid": "GAWA_718389911",
    "ee": true,
    "tech_change_status": "Not Planned"
   }
  },
  {
   "type": "Feature",
   "geometry": {
    "type": "Point",
    "coordinates": [
     123.63915579,
     -17.31049713
    ]
   },
   "properties": {
    "name": "51C KNOWSLEY STREET WEST DERBY 6728",
    "locID": "LOC000147462088",
    "tech": "FTTN",
    "upgrade": "NULL_NA",
    "gnaf_pid": "GAWA_718389912",
    "ee": true,
    "tech_change_status": "Not Planned"
   }
  },
  {
   "type": "Feature",
   "geometry": {
    "type": "Point",
    "coordinates": [
     123.6390535,
     -17.31049762
    ]
   },
   "properties": {
    "name": "51D KNOWSLEY STREET WEST DERBY 6728",
    "locID": "LOC000147462116",
    "tech": "FTTN",
    "upgrade": "NULL_NA",
    "gnaf_pid": "GAWA_718389913",
    "ee": true,
    "tech_change_status": "Not Planned"
   }
  },
  {
   "type": "Feature",
   "geometry": {
    "type": "Point",
    "coordinates": [
     123.65866728,
     -17.32170405
    ]
   },
   "properties": {
    "name": "LOT 102 KNUTSFORD STREET DERBY 6728",
    "locID": "LOC000174080782",
    "tech": "FTTN",
    "upgrade": "NULL_NA",
    "gnaf_pid": "GAWA_718389915",
    "ee": true,
    "tech_change_status": "Not Planned"
   }
  },
  {
   "type": "Feature",
   "geometry": {
    "type": "Point",
    "coordinates": [
     123.6264967,
     -17.30179888
    ]
   },
   "properties": {
    "name": "UNIT 1, 12 LOCH STREET DERBY 6728",
    "locID": "LOC000147462019",
    "tech": "FTTN",
    "upgrade": "NULL_NA",
    "gnaf_pid": "GAWA_718390147",
    "ee": true,
    "tech_change_status": "Not Planned"
   }
  },
  {
   "type": "Feature",
   "geometry": {
    "type": "Point",
    "coordinates": [
     123.6264967,
     -17.30179888
    ]
   },
   "properties": {
    "name": "UNIT 2, 12 LOCH STREET DERBY 6728",
    "locID": "LOC000147461993",
    "tech": "FTTN",
    "upgrade": "NULL_NA",
    "gnaf_pid": "GAWA_718390148",
    "ee": true,
    "tech_change_status": "Not Planned"
   }
  },
  {
   "type": "Feature",
   "geometry": {
    "type": "Point",
    "coordinates": [
     123.6264967,
     -17.30179888
    ]
   },
   "properties": {
    "name": "UNIT 3, 12 LOCH STREET DERBY 6728",
    "locID": "LOC000147462003",
    "tech": "FTTN",
    "upgrade": "NULL_NA",
    "gnaf_pid": "GAWA_718390149",
    "ee": true,
    "tech_change_status": "Not Planned"
   }
  },
  {
   "type": "Feature",
   "geometry": {
    "type": "Point",
    "coordinates": [
     123.6264967,
     -17.30179888
    ]
   },
   "properties": {
    "name": "UNIT 4, 12 LOCH STREET DERBY 6728",
    "locID": "LOC000147462019",
    "tech": "FTTN",
    "upgrade": "NULL_NA",
    "gnaf_pid": "GAWA_718390150",
    "ee": true,
    "tech_change_status": "Not Planned"
   }
  },
  {
   "type": "Feature",
   "geometry": {
    "type": "Point",
    "coordinates": [
     123.6264967,
     -17.30179888
    ]
   },
   "properties": {
    "name": "UNIT 5, 12 LOCH STREET DERBY 6728",
    "locID": "LOC000147462026",
    "tech": "FTTN",
    "upgrade": "NULL_NA",
    "gnaf_pid": "GAWA_718390151",
    "ee": true,
    "tech_change_status": "Not Planned"
   }
  },
  {
   "type": "Feature",
   "geometry": {
    "type": "Point",
    "coordinates": [
     123.6264967,
     -17.30179888
    ]
   },
   "properties": {
    "name": "UNIT 6, 12 LOCH STREET DERBY 6728",
    "locID": "LOC000147462057",
    "tech": "FTTN",
    "upgrade": "NULL_NA",
    "gnaf_pid": "GAWA_718390152",
    "ee": true,
    "tech_change_status": "Not Planned"
   }
  },
  {
   "type": "Feature",
   "geometry": {
    "type": "Point",
    "coordinates": [
     123.6264967,
     -17.30179888
    ]
   },
   "properties": {
    "name": "UNIT 7, 12 LOCH STREET DERBY 6728",
    "locID": "LOC000147462061",
    "tech": "FTTN",
    "upgrade": "NULL_NA",
    "gnaf_pid": "GAWA_718390153",
    "ee": true,
    "tech_change_status": "Not Planned"
   }
  },
  {
   "type": "Feature",
   "geometry": {
    "type": "Point",
    "coordinates": [
     123.6264967,
     -17.30179888
    ]
   },
   "properties": {
    "name": "UNIT 8, 12 LOCH STREET DERBY 6728",
    "locID": "LOC000147462074",
    "tech": "FTTN",
    "upgrade": "NULL_NA",
    "gnaf_pid": "GAWA_718390154",
    "ee": true,
    "tech_change_status": "Not Planned"
   }
  },
  {
   "type": "Feature",
   "geometry": {
    "type": "Point",
    "coordinates": [
     123.63578313,
     -17.30717279
    ]
   },
   "properties": {
    "name": "86A LOCH STREET DERBY 6728",
    "locID": "LOC000147461702",
    "tech": "FTTN",
    "upgrade": "NULL_NA",
    "gnaf_pid": "GAWA_718390155",
    "ee": true,
    "tech_change_status": "Not Planned"
   }
  },
  {
   "type": "Feature",
   "geometry": {
    "type": "Point",
    "coordinates": [
     123.63578313,
     -17.30717279
    ]
   },
   "properties": {
    "name": "86B LOCH STREET DERBY 6728",
    "locID": "LOC000147461681",
    "tech": "FTTN",
    "upgrade": "NULL_NA",
    "gnaf_pid": "GAWA_718390156",
    "ee": true,
    "tech_change_status": "Not Planned"
   }
  },
  {
   "type": "Feature",
   "geometry": {
    "type": "Point",
    "coordinates": [
     123.63578313,
     -17.30717279
    ]
   },
   "properties": {
    "name": "86C LOCH STREET DERBY 6728",
    "locID": "LOC000147461699",
    "tech": "FTTN",
    "upgrade": "NULL_NA",
    "gnaf_pid": "GAWA_718390157",
    "ee": true,
    "tech_change_status": "Not Planned"
   }
  },
  {
   "type": "Feature",
   "geometry": {
    "type": "Point",
    "coordinates": [
     123.63578313,
     -17.30717279
    ]
   },
   "properties": {
    "name": "86D LOCH STREET DERBY 6728",
    "locID": "LOC000147461675",
    "tech": "FTTN",
    "upgrade": "NULL_NA",
    "gnaf_pid": "GAWA_718390158",
    "ee": true,
    "tech_change_status": "Not Planned"
   }
  },
  {
   "type": "Feature",
   "geometry": {
    "type": "Point",
    "coordinates": [
     123.62733966,
     -17.30048818
    ]
   },
   "properties": {
    "name": "12A VILLIERS STREET DERBY 6728",
    "locID": "LOC000147460956",
    "tech": "FTTN",
    "upgrade": "NULL_NA",
    "gnaf_pid": "GAWA_718392652",
    "ee": true,
    "tech_change_status": "Not Planned"
   }
  },
  {
   "type": "Feature",
   "geometry": {
    "type": "Point",
    "coordinates": [
     123.62733966,
     -17.30048818
    ]
   },
   "properties": {
    "name": "12B VILLIERS STREET DERBY 6728",
    "locID": "LOC000147460726",
    "tech": "FTTN",
    "upgrade": "NULL_NA",
    "gnaf_pid": "GAWA_718392653",
    "ee": true,
    "tech_change_status": "Not Planned"
   }
  },
  {
   "type": "Feature",
   "geometry": {
    "type": "Point",
    "coordinates": [
     123.62733966,
     -17.30048818
    ]
   },
   "properties": {
    "name": "12C VILLIERS STREET DERBY 6728",
    "locID": "LOC000147460941",
    "tech": "FTTN",
    "upgrade": "NULL_NA",
    "gnaf_pid": "GAWA_718392654",
    "ee": true,
    "tech_change_status": "Not Planned"
   }
  },
  {
   "type": "Feature",
   "geometry": {
    "type": "Point",
    "coordinates": [
     123.62733966,
     -17.30048818
    ]
   },
   "properties": {
    "name": "12D VILLIERS STREET DERBY 6728",
    "locID": "LOC000147460939",
    "tech": "FTTN",
    "upgrade": "NULL_NA",
    "gnaf_pid": "GAWA_718392655",
    "ee": true,
    "tech_change_status": "Not Planned"
   }
  },
  {
   "type": "Feature",
   "geometry": {
    "type": "Point",
    "coordinates": [
     123.62733966,
     -17.30048818
    ]
   },
   "properties": {
    "name": "12E VILLIERS STREET DERBY 6728",
    "locID": "LOC000147460719",
    "tech": "FTTN",
    "upgrade": "NULL_NA",
    "gnaf_pid": "GAWA_718392656",
    "ee": true,
    "tech_change_status": "Not Planned"
   }
  },
  {
   "type": "Feature",
   "geometry": {
    "type": "Point",
    "coordinates": [
     123.62758132,
     -17.30063157
    ]
   },
   "properties": {
    "name": "16A VILLIERS STREET DERBY 6728",
    "locID": "LOC000147461725",
    "tech": "FTTN",
    "upgrade": "NULL_NA",
    "gnaf_pid": "GAWA_718392657",
    "ee": true,
    "tech_change_status": "Not Planned"
   }
  },
  {
   "type": "Feature",
   "geometry": {
    "type": "Point",
    "coordinates": [
     123.62758132,
     -17.30063157
    ]
   },
   "properties": {
    "name": "16B VILLIERS STREET DERBY 6728",
    "locID": "LOC000147461756",
    "tech": "FTTN",
    "upgrade": "NULL_NA",
    "gnaf_pid": "GAWA_718392658",
    "ee": true,
    "tech_change_status": "Not Planned"
   }
  },
  {
   "type": "Feature",
   "geometry": {
    "type": "Point",
    "coordinates": [
     123.62758132,
     -17.30063157
    ]
   },
   "properties": {
    "name": "16C VILLIERS STREET DERBY 6728",
    "locID": "LOC000147461718",
    "tech": "FTTN",
    "upgrade": "NULL_NA",
    "gnaf_pid": "GAWA_718392659",
    "ee": true,
    "tech_change_status": "Not Planned"
   }
  },
  {
   "type": "Feature",
   "geometry": {
    "type": "Point",
    "coordinates": [
     123.62758132,
     -17.30063157
    ]
   },
   "properties": {
    "name": "16D VILLIERS STREET DERBY 6728",
    "locID": "LOC000147461741",
    "tech": "FTTN",
    "upgrade": "NULL_NA",
    "gnaf_pid": "GAWA_718392660",
    "ee": true,
    "tech_change_status": "Not Planned"
   }
  },
  {
   "type": "Feature",
   "geometry": {
    "type": "Point",
    "coordinates": [
     123.62758132,
     -17.30063157
    ]
   },
   "properties": {
    "name": "16E VILLIERS STREET DERBY 6728",
    "locID": "LOC000147461739",
    "tech": "FTTN",
    "upgrade": "NULL_NA",
    "gnaf_pid": "GAWA_718392661",
    "ee": true,
    "tech_change_status": "Not Planned"
   }
  },
  {
   "type": "Feature",
   "geometry": {
    "type": "Point",
    "coordinates": [
     123.63473182,
     -17.31619711
    ]
   },
   "properties": {
    "name": "UNIT 4, 58 MARMION STREET DERBY 6728",
    "locID": "LOC000181575240",
    "tech": "FTTN",
    "upgrade": "NULL_NA",
    "gnaf_pid": "GAWA_718395274",
    "ee": true,
    "tech_change_status": "Not Planned"
   }
  },
  {
   "type": "Feature",
   "geometry": {
    "type": "Point",
    "coordinates": [
     123.64345367,
     -17.32405739
    ]
   },
   "properties": {
    "name": "UNIT 1, 9 LIVISTONA STREET DERBY 6728",
    "locID": "LOC000133476214",
    "tech": "FTTN",
    "upgrade": "NULL_NA",
    "gnaf_pid": "GAWA_718468322",
    "ee": true,
    "tech_change_status": "Not Planned"
   }
  },
  {
   "type": "Feature",
   "geometry": {
    "type": "Point",
    "coordinates": [
     123.64345367,
     -17.32405739
    ]
   },
   "properties": {
    "name": "UNIT 2, 9 LIVISTONA STREET DERBY 6728",
    "locID": "LOC000176269005",
    "tech": "FTTN",
    "upgrade": "NULL_NA",
    "gnaf_pid": "GAWA_718468323",
    "ee": true,
    "tech_change_status": "Not Planned"
   }
  },
  {
   "type": "Feature",
   "geometry": {
    "type": "Point",
    "coordinates": [
     123.62802,
     -17.30531
    ]
   },
   "properties": {
    "name": "UNIT 5, 27 ROWAN STREET DERBY 6728",
    "locID": "LOC000147461760",
    "tech": "FTTN",
    "upgrade": "NULL_NA",
    "gnaf_pid": "GAWA_718468431",
    "ee": true,
    "tech_change_status": "Not Planned"
   }
  },
  {
   "type": "Feature",
   "geometry": {
    "type": "Point",
    "coordinates": [
     123.63629598,
     -17.31213768
    ]
   },
   "properties": {
    "name": "8 BEAVEN STREET DERBY 6728",
    "locID": "LOC000147462866",
    "tech": "FTTN",
    "upgrade": "NULL_NA",
    "gnaf_pid": "GAWA_718482889",
    "ee": true,
    "tech_change_status": "Not Planned"
   }
  },
  {
   "type": "Feature",
   "geometry": {
    "type": "Point",
    "coordinates": [
     123.63574272,
     -17.30825099
    ]
   },
   "properties": {
    "name": "96A CLARENDON STREET DERBY 6728",
    "locID": "LOC000147462163",
    "tech": "FTTN",
    "upgrade": "NULL_NA",
    "gnaf_pid": "GAWA_718483530",
    "ee": true,
    "tech_change_status": "Not Planned"
   }
  },
  {
   "type": "Feature",
   "geometry": {
    "type": "Point",
    "coordinates": [
     123.63574272,
     -17.30825099
    ]
   },
   "properties": {
    "name": "96B CLARENDON STREET DERBY 6728",
    "locID": "LOC000147462159",
    "tech": "FTTN",
    "upgrade": "NULL_NA",
    "gnaf_pid": "GAWA_718483531",
    "ee": true,
    "tech_change_status": "Not Planned"
   }
  },
  {
   "type": "Feature",
   "geometry": {
    "type": "Point",
    "coordinates": [
     123.63574272,
     -17.30825099
    ]
   },
   "properties": {
    "name": "96C CLARENDON STREET DERBY 6728",
    "locID": "LOC000147462137",
    "tech": "FTTN",
    "upgrade": "NULL_NA",
    "gnaf_pid": "GAWA_718483532",
    "ee": true,
    "tech_change_status": "Not Planned"
   }
  },
  {
   "type": "Feature",
   "geometry": {
    "type": "Point",
    "coordinates": [
     123.63574272,
     -17.30825099
    ]
   },
   "properties": {
    "name": "98A CLARENDON STREET DERBY 6728",
    "locID": "LOC000147462128",
    "tech": "FTTN",
    "upgrade": "NULL_NA",
    "gnaf_pid": "GAWA_718483533",
    "ee": true,
    "tech_change_status": "Not Planned"
   }
  },
  {
   "type": "Feature",
   "geometry": {
    "type": "Point",
    "coordinates": [
     123.63574272,
     -17.30825099
    ]
   },
   "properties": {
    "name": "98B CLARENDON STREET DERBY 6728",
    "locID": "LOC000147462144",
    "tech": "FTTN",
    "upgrade": "NULL_NA",
    "gnaf_pid": "GAWA_718483534",
    "ee": true,
    "tech_change_status": "Not Planned"
   }
  },
  {
   "type": "Feature",
   "geometry": {
    "type": "Point",
    "coordinates": [
     123.63574272,
     -17.30825099
    ]
   },
   "properties": {
    "name": "98C CLARENDON STREET DERBY 6728",
    "locID": "LOC000147462171",
    "tech": "FTTN",
    "upgrade": "NULL_NA",
    "gnaf_pid": "GAWA_718483535",
    "ee": true,
    "tech_change_status": "Not Planned"
   }
  },
  {
   "type": "Feature",
   "geometry": {
    "type": "Point",
    "coordinates": [
     123.64928124,
     -17.30825248
    ]
   },
   "properties": {
    "name": "70A STANLEY STREET DERBY 6728",
    "locID": "LOC000147462205",
    "tech": "FTTN",
    "upgrade": "NULL_NA",
    "gnaf_pid": "GAWA_718487081",
    "ee": true,
    "tech_change_status": "Not Planned"
   }
  },
  {
   "type": "Feature",
   "geometry": {
    "type": "Point",
    "coordinates": [
     123.64928124,
     -17.30825248
    ]
   },
   "properties": {
    "name": "70B STANLEY STREET DERBY 6728",
    "locID": "LOC000147462185",
    "tech": "FTTN",
    "upgrade": "NULL_NA",
    "gnaf_pid": "GAWA_718487082",
    "ee": true,
    "tech_change_status": "Not Planned"
   }
  },
  {
   "type": "Feature",
   "geometry": {
    "type": "Point",
    "coordinates": [
     123.64928124,
     -17.30825248
    ]
   },
   "properties": {
    "name": "4 STANWELL STREET DERBY 6728",
    "locID": "LOC000177285630",
    "tech": "FTTN",
    "upgrade": "NULL_NA",
    "gnaf_pid": "GAWA_718487083",
    "ee": true,
    "tech_change_status": "Not Planned"
   }
  },
  {
   "type": "Feature",
   "geometry": {
    "type": "Point",
    "coordinates": [
     123.64928124,
     -17.30825248
    ]
   },
   "properties": {
    "name": "6 STANWELL STREET DERBY 6728",
    "locID": "LOC000147462192",
    "tech": "FTTN",
    "upgrade": "NULL_NA",
    "gnaf_pid": "GAWA_718487084",
    "ee": true,
    "tech_change_status": "Not Planned"
   }
  },
  {
   "type": "Feature",
   "geometry": {
    "type": "Point",
    "coordinates": [
     123.64445572,
     -17.32546884
    ]
   },
   "properties": {
    "name": "UNIT 1, 11 PANDANAS WAY DERBY 6728",
    "locID": "LOC000147462515",
    "tech": "FTTN",
    "upgrade": "NULL_NA",
    "gnaf_pid": "GAWA_718512047",
    "ee": true,
    "tech_change_status": "Not Planned"
   }
  },
  {
   "type": "Feature",
   "geometry": {
    "type": "Point",
    "coordinates": [
     123.64445572,
     -17.32546884
    ]
   },
   "properties": {
    "name": "UNIT 2, 11 PANDANAS WAY DERBY 6728",
    "locID": "LOC000147462472",
    "tech": "FTTN",
    "upgrade": "NULL_NA",
    "gnaf_pid": "GAWA_718512048",
    "ee": true,
    "tech_change_status": "Not Planned"
   }
  },
  {
   "type": "Feature",
   "geometry": {
    "type": "Point",
    "coordinates": [
     123.64445572,
     -17.32546884
    ]
   },
   "properties": {
    "name": "UNIT 3, 11 PANDANAS WAY DERBY 6728",
    "locID": "LOC000147462486",
    "tech": "FTTN",
    "upgrade": "NULL_NA",
    "gnaf_pid": "GAWA_718512049",
    "ee": true,
    "tech_change_status": "Not Planned"
   }
  },
  {
   "type": "Feature",
   "geometry": {
    "type": "Point",
    "coordinates": [
     123.64445572,
     -17.32546884
    ]
   },
   "properties": {
    "name": "UNIT 4, 11 PANDANAS WAY DERBY 6728",
    "locID": "LOC000147462493",
    "tech": "FTTN",
    "upgrade": "NULL_NA",
    "gnaf_pid": "GAWA_718512050",
    "ee": true,
    "tech_change_status": "Not Planned"
   }
  },
  {
   "type": "Feature",
   "geometry": {
    "type": "Point",
    "coordinates": [
     123.64445572,
     -17.32546884
    ]
   },
   "properties": {
    "name": "UNIT 5, 11 PANDANAS WAY DERBY 6728",
    "locID": "LOC000147462504",
    "tech": "FTTN",
    "upgrade": "NULL_NA",
    "gnaf_pid": "GAWA_718512051",
    "ee": true,
    "tech_change_status": "Not Planned"
   }
  },
  {
   "type": "Feature",
   "geometry": {
    "type": "Point",
    "coordinates": [
     123.62758132,
     -17.30063157
    ]
   },
   "properties": {
    "name": "UNIT 5, 16 VILLIERS STREET DERBY 6728",
    "locID": "LOC000081379143",
    "tech": "FTTN",
    "upgrade": "NULL_NA",
    "gnaf_pid": "GAWA_718512512",
    "ee": true,
    "tech_change_status": "Not Planned"
   }
  },
  {
   "type": "Feature",
   "geometry": {
    "type": "Point",
    "coordinates": [
     123.64288885,
     -17.32491635
    ]
   },
   "properties": {
    "name": "4A CYPRESS COURT DERBY 6728",
    "locID": "LOC000147462809",
    "tech": "FTTN",
    "upgrade": "NULL_NA",
    "gnaf_pid": "GAWA_718521154",
    "ee": true,
    "tech_change_status": "Not Planned"
   }
  },
  {
   "type": "Feature",
   "geometry": {
    "type": "Point",
    "coordinates": [
     123.63761984,
     -17.32344851
    ]
   },
   "properties": {
    "name": "29 BLOODWOOD CRESCENT DERBY 6728",
    "locID": "LOC000147461634",
    "tech": "FTTN",
    "upgrade": "NULL_NA",
    "gnaf_pid": "GAWA_718548636",
    "ee": true,
    "tech_change_status": "Not Planned"
   }
  },
  {
   "type": "Feature",
   "geometry": {
    "type": "Point",
    "coordinates": [
     123.63761984,
     -17.32344851
    ]
   },
   "properties": {
    "name": "31 BLOODWOOD CRESCENT DERBY 6728",
    "locID": "LOC000147461623",
    "tech": "FTTN",
    "upgrade": "NULL_NA",
    "gnaf_pid": "GAWA_718548637",
    "ee": true,
    "tech_change_status": "Not Planned"
   }
  },
  {
   "type": "Feature",
   "geometry": {
    "type": "Point",
    "coordinates": [
     123.65467104,
     -17.33194971
    ]
   },
   "properties": {
    "name": "8 RODGERS STREET DERBY 6728",
    "locID": "LOC000147462878",
    "tech": "FTTN",
    "upgrade": "NULL_NA",
    "gnaf_pid": "GAWA_718552423",
    "ee": true,
    "tech_change_status": "Not Planned"
   }
  },
  {
   "type": "Feature",
   "geometry": {
    "type": "Point",
    "coordinates": [
     123.632,
     -17.30397
    ]
   },
   "properties": {
    "name": "UNIT 1, 79 LOCH STREET DERBY 6728",
    "locID": "LOC000147461226",
    "tech": "FTTN",
    "upgrade": "NULL_NA",
    "gnaf_pid": "GAWA_718569846",
    "ee": true,
    "tech_change_status": "Not Planned"
   }
  },
  {
   "type": "Feature",
   "geometry": {
    "type": "Point",
    "coordinates": [
     123.632,
     -17.30397
    ]
   },
   "properties": {
    "name": "UNIT 2, 79 LOCH STREET DERBY 6728",
    "locID": "LOC000147461235",
    "tech": "FTTN",
    "upgrade": "NULL_NA",
    "gnaf_pid": "GAWA_718569847",
    "ee": true,
    "tech_change_status": "Not Planned"
   }
  },
  {
   "type": "Feature",
   "geometry": {
    "type": "Point",
    "coordinates": [
     123.632,
     -17.30397
    ]
   },
   "properties": {
    "name": "UNIT 3, 79 LOCH STREET DERBY 6728",
    "locID": "LOC000147461242",
    "tech": "FTTN",
    "upgrade": "NULL_NA",
    "gnaf_pid": "GAWA_718569848",
    "ee": true,
    "tech_change_status": "Not Planned"
   }
  },
  {
   "type": "Feature",
   "geometry": {
    "type": "Point",
    "coordinates": [
     123.632,
     -17.30397
    ]
   },
   "properties": {
    "name": "UNIT 4, 79 LOCH STREET DERBY 6728",
    "locID": "LOC000147461257",
    "tech": "FTTN",
    "upgrade": "NULL_NA",
    "gnaf_pid": "GAWA_718569849",
    "ee": true,
    "tech_change_status": "Not Planned"
   }
  },
  {
   "type": "Feature",
   "geometry": {
    "type": "Point",
    "coordinates": [
     123.632,
     -17.30397
    ]
   },
   "properties": {
    "name": "UNIT 5, 79 LOCH STREET DERBY 6728",
    "locID": "LOC000147461261",
    "tech": "FTTN",
    "upgrade": "NULL_NA",
    "gnaf_pid": "GAWA_718569850",
    "ee": true,
    "tech_change_status": "Not Planned"
   }
  },
  {
   "type": "Feature",
   "geometry": {
    "type": "Point",
    "coordinates": [
     123.632,
     -17.30397
    ]
   },
   "properties": {
    "name": "UNIT 6, 79 LOCH STREET DERBY 6728",
    "locID": "LOC000147461274",
    "tech": "FTTN",
    "upgrade": "NULL_NA",
    "gnaf_pid": "GAWA_718569851",
    "ee": true,
    "tech_change_status": "Not Planned"
   }
  },
  {
   "type": "Feature",
   "geometry": {
    "type": "Point",
    "coordinates": [
     123.63233,
     -17.30345
    ]
   },
   "properties": {
    "name": "UNIT 1, 76 VILLIERS STREET DERBY 6728",
    "locID": "LOC000147460960",
    "tech": "FTTN",
    "upgrade": "NULL_NA",
    "gnaf_pid": "GAWA_718570267",
    "ee": true,
    "tech_change_status": "Not Planned"
   }
  },
  {
   "type": "Feature",
   "geometry": {
    "type": "Point",
    "coordinates": [
     123.63233,
     -17.30345
    ]
   },
   "properties": {
    "name": "UNIT 2, 76 VILLIERS STREET DERBY 6728",
    "locID": "LOC000147460973",
    "tech": "FTTN",
    "upgrade": "NULL_NA",
    "gnaf_pid": "GAWA_718570268",
    "ee": true,
    "tech_change_status": "Not Planned"
   }
  },
  {
   "type": "Feature",
   "geometry": {
    "type": "Point",
    "coordinates": [
     123.63233,
     -17.30345
    ]
   },
   "properties": {
    "name": "UNIT 3, 76 VILLIERS STREET DERBY 6728",
    "locID": "LOC000147460987",
    "tech": "FTTN",
    "upgrade": "NULL_NA",
    "gnaf_pid": "GAWA_718570269",
    "ee": true,
    "tech_change_status": "Not Planned"
   }
  },
  {
   "type": "Feature",
   "geometry": {
    "type": "Point",
    "coordinates": [
     123.63233,
     -17.30345
    ]
   },
   "properties": {
    "name": "UNIT 4, 76 VILLIERS STREET DERBY 6728",
    "locID": "LOC000147460994",
    "tech": "FTTN",
    "upgrade": "NULL_NA",
    "gnaf_pid": "GAWA_718570270",
    "ee": true,
    "tech_change_status": "Not Planned"
   }
  },
  {
   "type": "Feature",
   "geometry": {
    "type": "Point",
    "coordinates": [
     123.63233,
     -17.30345
    ]
   },
   "properties": {
    "name": "UNIT 5, 76 VILLIERS STREET DERBY 6728",
    "locID": "LOC000147461005",
    "tech": "FTTN",
    "upgrade": "NULL_NA",
    "gnaf_pid": "GAWA_718570271",
    "ee": true,
    "tech_change_status": "Not Planned"
   }
  },
  {
   "type": "Feature",
   "geometry": {
    "type": "Point",
    "coordinates": [
     123.63233,
     -17.30345
    ]
   },
   "properties": {
    "name": "UNIT 6, 76 VILLIERS STREET DERBY 6728",
    "locID": "LOC000147460960",
    "tech": "FTTN",
    "upgrade": "NULL_NA",
    "gnaf_pid": "GAWA_718570272",
    "ee": true,
    "tech_change_status": "Not Planned"
   }
  },
  {
   "type": "Feature",
   "geometry": {
    "type": "Point",
    "coordinates": [
     123.6445305,
     -17.32405845
    ]
   },
   "properties": {
    "name": "UNIT 1, 14 BROWN STREET DERBY 6728",
    "locID": "LOC000147462365",
    "tech": "FTTN",
    "upgrade": "NULL_NA",
    "gnaf_pid": "GAWA_718571449",
    "ee": true,
    "tech_change_status": "Not Planned"
   }
  },
  {
   "type": "Feature",
   "geometry": {
    "type": "Point",
    "coordinates": [
     123.6445305,
     -17.32405845
    ]
   },
   "properties": {
    "name": "UNIT 2, 14 BROWN STREET DERBY 6728",
    "locID": "LOC000147462377",
    "tech": "FTTN",
    "upgrade": "NULL_NA",
    "gnaf_pid": "GAWA_718571450",
    "ee": true,
    "tech_change_status": "Not Planned"
   }
  },
  {
   "type": "Feature",
   "geometry": {
    "type": "Point",
    "coordinates": [
     123.6445305,
     -17.32405845
    ]
   },
   "properties": {
    "name": "UNIT 3, 14 BROWN STREET DERBY 6728",
    "locID": "LOC000147462383",
    "tech": "FTTN",
    "upgrade": "NULL_NA",
    "gnaf_pid": "GAWA_718571451",
    "ee": true,
    "tech_change_status": "Not Planned"
   }
  },
  {
   "type": "Feature",
   "geometry": {
    "type": "Point",
    "coordinates": [
     123.6445305,
     -17.32405845
    ]
   },
   "properties": {
    "name": "UNIT 4, 14 BROWN STREET DERBY 6728",
    "locID": "LOC000147462396",
    "tech": "FTTN",
    "upgrade": "NULL_NA",
    "gnaf_pid": "GAWA_718571452",
    "ee": true,
    "tech_change_status": "Not Planned"
   }
  },
  {
   "type": "Feature",
   "geometry": {
    "type": "Point",
    "coordinates": [
     123.6445305,
     -17.32405845
    ]
   },
   "properties": {
    "name": "UNIT 5, 14 BROWN STREET DERBY 6728",
    "locID": "LOC000147462401",
    "tech": "FTTN",
    "upgrade": "NULL_NA",
    "gnaf_pid": "GAWA_718571453",
    "ee": true,
    "tech_change_status": "Not Planned"
   }
  },
  {
   "type": "Feature",
   "geometry": {
    "type": "Point",
    "coordinates": [
     123.6445305,
     -17.32405845
    ]
   },
   "properties": {
    "name": "UNIT 6, 14 BROWN STREET DERBY 6728",
    "locID": "LOC000147462417",
    "tech": "FTTN",
    "upgrade": "NULL_NA",
    "gnaf_pid": "GAWA_718571454",
    "ee": true,
    "tech_change_status": "Not Planned"
   }
  },
  {
   "type": "Feature",
   "geometry": {
    "type": "Point",
    "coordinates": [
     123.64625148,
     -17.32230552
    ]
   },
   "properties": {
    "name": "1 BANKSIA STREET DERBY 6728",
    "locID": "LOC000147462768",
    "tech": "FTTN",
    "upgrade": "NULL_NA",
    "gnaf_pid": "GAWA_718624501",
    "ee": true,
    "tech_change_status": "Not Planned"
   }
  },
  {
   "type": "Feature",
   "geometry": {
    "type": "Point",
    "coordinates": [
     123.64587596,
     -17.32230532
    ]
   },
   "properties": {
    "name": "2 BANKSIA STREET DERBY 6728",
    "locID": "LOC000147462660",
    "tech": "FTTN",
    "upgrade": "NULL_NA",
    "gnaf_pid": "GAWA_718624502",
    "ee": true,
    "tech_change_status": "Not Planned"
   }
  },
  {
   "type": "Feature",
   "geometry": {
    "type": "Point",
    "coordinates": [
     123.62811413,
     -17.30464958
    ]
   },
   "properties": {
    "name": "UNIT 1, 32 CLARENDON STREET DERBY 6728",
    "locID": "LOC000147461773",
    "tech": "FTTN",
    "upgrade": "NULL_NA",
    "gnaf_pid": "GAWA_718625641",
    "ee": true,
    "tech_change_status": "Not Planned"
   }
  },
  {
   "type": "Feature",
   "geometry": {
    "type": "Point",
    "coordinates": [
     123.62811413,
     -17.30464958
    ]
   },
   "properties": {
    "name": "UNIT 2, 32 CLARENDON STREET DERBY 6728",
    "locID": "LOC000147461787",
    "tech": "FTTN",
    "upgrade": "NULL_NA",
    "gnaf_pid": "GAWA_718625642",
    "ee": true,
    "tech_change_status": "Not Planned"
   }
  },
  {
   "type": "Feature",
   "geometry": {
    "type": "Point",
    "coordinates": [
     123.62811413,
     -17.30464958
    ]
   },
   "properties": {
    "name": "UNIT 3, 32 CLARENDON STREET DERBY 6728",
    "locID": "LOC000147461794",
    "tech": "FTTN",
    "upgrade": "NULL_NA",
    "gnaf_pid": "GAWA_718625643",
    "ee": true,
    "tech_change_status": "Not Planned"
   }
  },
  {
   "type": "Feature",
   "geometry": {
    "type": "Point",
    "coordinates": [
     123.62811413,
     -17.30464958
    ]
   },
   "properties": {
    "name": "UNIT 4, 32 CLARENDON STREET DERBY 6728",
    "locID": "LOC000147461804",
    "tech": "FTTN",
    "upgrade": "NULL_NA",
    "gnaf_pid": "GAWA_718625644",
    "ee": true,
    "tech_change_status": "Not Planned"
   }
  },
  {
   "type": "Feature",
   "geometry": {
    "type": "Point",
    "coordinates": [
     123.62811413,
     -17.30464958
    ]
   },
   "properties": {
    "name": "UNIT 5, 32 CLARENDON STREET DERBY 6728",
    "locID": "LOC000147461815",
    "tech": "FTTN",
    "upgrade": "NULL_NA",
    "gnaf_pid": "GAWA_718625645",
    "ee": true,
    "tech_change_status": "Not Planned"
   }
  },
  {
   "type": "Feature",
   "geometry": {
    "type": "Point",
    "coordinates": [
     123.62811413,
     -17.30464958
    ]
   },
   "properties": {
    "name": "UNIT 6, 32 CLARENDON STREET DERBY 6728",
    "locID": "LOC000147461827",
    "tech": "FTTN",
    "upgrade": "NULL_NA",
    "gnaf_pid": "GAWA_718625646",
    "ee": true,
    "tech_change_status": "Not Planned"
   }
  },
  {
   "type": "Feature",
   "geometry": {
    "type": "Point",
    "coordinates": [
     123.63164993,
     -17.30716714
    ]
   },
   "properties": {
    "name": "LOT 1 NEVILL STREET DERBY 6728",
    "locID": "LOC000029516632",
    "tech": "FTTN",
    "upgrade": "NULL_NA",
    "gnaf_pid": "GAWA_718629995",
    "ee": true,
    "tech_change_status": "Not Planned"
   }
  },
  {
   "type": "Feature",
   "geometry": {
    "type": "Point",
    "coordinates": [
     123.6454818,
     -17.32307639
    ]
   },
   "properties": {
    "name": "1 WATTLE COURT DERBY 6728",
    "locID": "LOC000147462775",
    "tech": "FTTN",
    "upgrade": "NULL_NA",
    "gnaf_pid": "GAWA_718633000",
    "ee": true,
    "tech_change_status": "Not Planned"
   }
  },
  {
   "type": "Feature",
   "geometry": {
    "type": "Point",
    "coordinates": [
     123.64550872,
     -17.32259978
    ]
   },
   "properties": {
    "name": "2 WATTLE COURT DERBY 6728",
    "locID": "LOC000147462781",
    "tech": "FTTN",
    "upgrade": "NULL_NA",
    "gnaf_pid": "GAWA_718633001",
    "ee": true,
    "tech_change_status": "Not Planned"
   }
  },
  {
   "type": "Feature",
   "geometry": {
    "type": "Point",
    "coordinates": [
     123.64527928,
     -17.32262601
    ]
   },
   "properties": {
    "name": "4 WATTLE COURT DERBY 6728",
    "locID": "LOC000147462673",
    "tech": "FTTN",
    "upgrade": "NULL_NA",
    "gnaf_pid": "GAWA_718633003",
    "ee": true,
    "tech_change_status": "Not Planned"
   }
  },
  {
   "type": "Feature",
   "geometry": {
    "type": "Point",
    "coordinates": [
     123.63873499,
     -17.30554155
    ]
   },
   "properties": {
    "name": "10 BENNING PLACE DERBY 6728",
    "locID": "LOC000084574620",
    "tech": "NULL",
    "upgrade": "NULL_NA",
    "gnaf_pid": "GAWA_718633461",
    "ee": true,
    "tech_change_status": "Not Planned"
   }
  },
  {
   "type": "Feature",
   "geometry": {
    "type": "Point",
    "coordinates": [
     123.63085,
     -17.30628
    ]
   },
   "properties": {
    "name": "UNIT 3, 68 CLARENDON STREET DERBY 6728",
    "locID": "LOC000147461843",
    "tech": "FTTN",
    "upgrade": "NULL_NA",
    "gnaf_pid": "GAWA_718633529",
    "ee": true,
    "tech_change_status": "Not Planned"
   }
  },
  {
   "type": "Feature",
   "geometry": {
    "type": "Point",
    "coordinates": [
     123.63085,
     -17.30628
    ]
   },
   "properties": {
    "name": "UNIT 4, 68 CLARENDON STREET DERBY 6728",
    "locID": "LOC000147461843",
    "tech": "FTTN",
    "upgrade": "NULL_NA",
    "gnaf_pid": "GAWA_718633531",
    "ee": true,
    "tech_change_status": "Not Planned"
   }
  },
  {
   "type": "Feature",
   "geometry": {
    "type": "Point",
    "coordinates": [
     123.63085,
     -17.30628
    ]
   },
   "properties": {
    "name": "UNIT 5, 68 CLARENDON STREET DERBY 6728",
    "locID": "LOC000147461843",
    "tech": "FTTN",
    "upgrade": "NULL_NA",
    "gnaf_pid": "GAWA_718633532",
    "ee": true,
    "tech_change_status": "Not Planned"
   }
  },
  {
   "type": "Feature",
   "geometry": {
    "type": "Point",
    "coordinates": [
     123.63085,
     -17.30628
    ]
   },
   "properties": {
    "name": "UNIT 6, 68 CLARENDON STREET DERBY 6728",
    "locID": "LOC000147461843",
    "tech": "FTTN",
    "upgrade": "NULL_NA",
    "gnaf_pid": "GAWA_718633533",
    "ee": true,
    "tech_change_status": "Not Planned"
   }
  },
  {
   "type": "Feature",
   "geometry": {
    "type": "Point",
    "coordinates": [
     123.63085,
     -17.30628
    ]
   },
   "properties": {
    "name": "UNIT 7, 68 CLARENDON STREET DERBY 6728",
    "locID": "LOC000147461843",
    "tech": "FTTN",
    "upgrade": "NULL_NA",
    "gnaf_pid": "GAWA_718633534",
    "ee": true,
    "tech_change_status": "Not Planned"
   }
  },
  {
   "type": "Feature",
   "geometry": {
    "type": "Point",
    "coordinates": [
     123.63574269,
     -17.30982817
    ]
   },
   "properties": {
    "name": "4B DELEWARR STREET DERBY 6728",
    "locID": "LOC000147461424",
    "tech": "FTTN",
    "upgrade": "NULL_NA",
    "gnaf_pid": "GAWA_718633569",
    "ee": true,
    "tech_change_status": "Not Planned"
   }
  },
  {
   "type": "Feature",
   "geometry": {
    "type": "Point",
    "coordinates": [
     123.63017,
     -17.30272
    ]
   },
   "properties": {
    "name": "UNIT 12, 4 HARDMAN STREET DERBY 6728",
    "locID": "LOC000089138928",
    "tech": "FTTN",
    "upgrade": "NULL_NA",
    "gnaf_pid": "GAWA_718633718",
    "ee": true,
    "tech_change_status": "Not Planned"
   }
  },
  {
   "type": "Feature",
   "geometry": {
    "type": "Point",
    "coordinates": [
     123.64663594,
     -17.32323047
    ]
   },
   "properties": {
    "name": "UNIT 1, 17 CORKWOOD COURT DERBY 6728",
    "locID": "LOC000147462687",
    "tech": "FTTN",
    "upgrade": "NULL_NA",
    "gnaf_pid": "GAWA_718636113",
    "ee": true,
    "tech_change_status": "Not Planned"
   }
  },
  {
   "type": "Feature",
   "geometry": {
    "type": "Point",
    "coordinates": [
     123.64663594,
     -17.32323047
    ]
   },
   "properties": {
    "name": "UNIT 2, 17 CORKWOOD COURT DERBY 6728",
    "locID": "LOC000147462694",
    "tech": "FTTN",
    "upgrade": "NULL_NA",
    "gnaf_pid": "GAWA_718636114",
    "ee": true,
    "tech_change_status": "Not Planned"
   }
  },
  {
   "type": "Feature",
   "geometry": {
    "type": "Point",
    "coordinates": [
     123.63895091,
     -17.31307871
    ]
   },
   "properties": {
    "name": "26 ASHLEY STREET DERBY 6728",
    "locID": "LOC000147462897",
    "tech": "FTTN",
    "upgrade": "NULL_NA",
    "gnaf_pid": "GAWA_718671653",
    "ee": true,
    "tech_change_status": "Not Planned"
   }
  },
  {
   "type": "Feature",
   "geometry": {
    "type": "Point",
    "coordinates": [
     123.63372,
     -17.31413
    ]
   },
   "properties": {
    "name": "40C MARMION STREET DERBY 6728",
    "locID": "LOC000147461513",
    "tech": "FTTN",
    "upgrade": "NULL_NA",
    "gnaf_pid": "GAWA_718681562",
    "ee": true,
    "tech_change_status": "Not Planned"
   }
  },
  {
   "type": "Feature",
   "geometry": {
    "type": "Point",
    "coordinates": [
     123.64445572,
     -17.32546884
    ]
   },
   "properties": {
    "name": "UNIT 6, 11 PANDANAS WAY DERBY 6728",
    "locID": "LOC000147462515",
    "tech": "FTTN",
    "upgrade": "NULL_NA",
    "gnaf_pid": "GAWA_718681716",
    "ee": true,
    "tech_change_status": "Not Planned"
   }
  },
  {
   "type": "Feature",
   "geometry": {
    "type": "Point",
    "coordinates": [
     123.64050185,
     -17.3111171
    ]
   },
   "properties": {
    "name": "15A ASHLEY STREET DERBY 6728",
    "locID": "LOC000147462233",
    "tech": "FTTN",
    "upgrade": "NULL_NA",
    "gnaf_pid": "GAWA_718712501",
    "ee": true,
    "tech_change_status": "Not Planned"
   }
  },
  {
   "type": "Feature",
   "geometry": {
    "type": "Point",
    "coordinates": [
     123.63041724,
     -17.3048765
    ]
   },
   "properties": {
    "name": "UNIT 10, 45 CLARENDON STREET DERBY 6728",
    "locID": "LOC000147461154",
    "tech": "FTTN",
    "upgrade": "NULL_NA",
    "gnaf_pid": "GAWA_718713725",
    "ee": true,
    "tech_change_status": "Not Planned"
   }
  },
  {
   "type": "Feature",
   "geometry": {
    "type": "Point",
    "coordinates": [
     123.63041724,
     -17.3048765
    ]
   },
   "properties": {
    "name": "UNIT 1, 45 CLARENDON STREET DERBY 6728",
    "locID": "LOC000147461067",
    "tech": "FTTN",
    "upgrade": "NULL_NA",
    "gnaf_pid": "GAWA_718713726",
    "ee": true,
    "tech_change_status": "Not Planned"
   }
  },
  {
   "type": "Feature",
   "geometry": {
    "type": "Point",
    "coordinates": [
     123.63041724,
     -17.3048765
    ]
   },
   "properties": {
    "name": "UNIT 2, 45 CLARENDON STREET DERBY 6728",
    "locID": "LOC000147461079",
    "tech": "FTTN",
    "upgrade": "NULL_NA",
    "gnaf_pid": "GAWA_718713727",
    "ee": true,
    "tech_change_status": "Not Planned"
   }
  },
  {
   "type": "Feature",
   "geometry": {
    "type": "Point",
    "coordinates": [
     123.63041724,
     -17.3048765
    ]
   },
   "properties": {
    "name": "UNIT 3, 45 CLARENDON STREET DERBY 6728",
    "locID": "LOC000147461080",
    "tech": "FTTN",
    "upgrade": "NULL_NA",
    "gnaf_pid": "GAWA_718713728",
    "ee": true,
    "tech_change_status": "Not Planned"
   }
  },
  {
   "type": "Feature",
   "geometry": {
    "type": "Point",
    "coordinates": [
     123.63041724,
     -17.3048765
    ]
   },
   "properties": {
    "name": "UNIT 4, 45 CLARENDON STREET DERBY 6728",
    "locID": "LOC000147461080",
    "tech": "FTTN",
    "upgrade": "NULL_NA",
    "gnaf_pid": "GAWA_718713729",
    "ee": true,
    "tech_change_status": "Not Planned"
   }
  },
  {
   "type": "Feature",
   "geometry": {
    "type": "Point",
    "coordinates": [
     123.63041724,
     -17.3048765
    ]
   },
   "properties": {
    "name": "UNIT 5, 45 CLARENDON STREET DERBY 6728",
    "locID": "LOC000147461108",
    "tech": "FTTN",
    "upgrade": "NULL_NA",
    "gnaf_pid": "GAWA_718713730",
    "ee": true,
    "tech_change_status": "Not Planned"
   }
  },
  {
   "type": "Feature",
   "geometry": {
    "type": "Point",
    "coordinates": [
     123.63041724,
     -17.3048765
    ]
   },
   "properties": {
    "name": "UNIT 6, 45 CLARENDON STREET DERBY 6728",
    "locID": "LOC000147461108",
    "tech": "FTTN",
    "upgrade": "NULL_NA",
    "gnaf_pid": "GAWA_718713731",
    "ee": true,
    "tech_change_status": "Not Planned"
   }
  },
  {
   "type": "Feature",
   "geometry": {
    "type": "Point",
    "coordinates": [
     123.63041724,
     -17.3048765
    ]
   },
   "properties": {
    "name": "UNIT 7, 45 CLARENDON STREET DERBY 6728",
    "locID": "LOC000147461120",
    "tech": "FTTN",
    "upgrade": "NULL_NA",
    "gnaf_pid": "GAWA_718713732",
    "ee": true,
    "tech_change_status": "Not Planned"
   }
  },
  {
   "type": "Feature",
   "geometry": {
    "type": "Point",
    "coordinates": [
     123.63041724,
     -17.3048765
    ]
   },
   "properties": {
    "name": "UNIT 8, 45 CLARENDON STREET DERBY 6728",
    "locID": "LOC000147461131",
    "tech": "FTTN",
    "upgrade": "NULL_NA",
    "gnaf_pid": "GAWA_718713733",
    "ee": true,
    "tech_change_status": "Not Planned"
   }
  },
  {
   "type": "Feature",
   "geometry": {
    "type": "Point",
    "coordinates": [
     123.63041724,
     -17.3048765
    ]
   },
   "properties": {
    "name": "UNIT 9, 45 CLARENDON STREET DERBY 6728",
    "locID": "LOC000147461149",
    "tech": "FTTN",
    "upgrade": "NULL_NA",
    "gnaf_pid": "GAWA_718713734",
    "ee": true,
    "tech_change_status": "Not Planned"
   }
  },
  {
   "type": "Feature",
   "geometry": {
    "type": "Point",
    "coordinates": [
     123.64666891,
     -17.3236527
    ]
   },
   "properties": {
    "name": "UNIT 1, 18 CORKWOOD COURT DERBY 6728",
    "locID": "LOC000147462723",
    "tech": "FTTN",
    "upgrade": "NULL_NA",
    "gnaf_pid": "GAWA_718713863",
    "ee": true,
    "tech_change_status": "Not Planned"
   }
  },
  {
   "type": "Feature",
   "geometry": {
    "type": "Point",
    "coordinates": [
     123.64666891,
     -17.3236527
    ]
   },
   "properties": {
    "name": "UNIT 2, 18 CORKWOOD COURT DERBY 6728",
    "locID": "LOC000147462734",
    "tech": "FTTN",
    "upgrade": "NULL_NA",
    "gnaf_pid": "GAWA_718713864",
    "ee": true,
    "tech_change_status": "Not Planned"
   }
  },
  {
   "type": "Feature",
   "geometry": {
    "type": "Point",
    "coordinates": [
     123.64666891,
     -17.3236527
    ]
   },
   "properties": {
    "name": "UNIT 3, 18 CORKWOOD COURT DERBY 6728",
    "locID": "LOC000147462747",
    "tech": "FTTN",
    "upgrade": "NULL_NA",
    "gnaf_pid": "GAWA_718713865",
    "ee": true,
    "tech_change_status": "Not Planned"
   }
  },
  {
   "type": "Feature",
   "geometry": {
    "type": "Point",
    "coordinates": [
     123.63958063,
     -17.30982923
    ]
   },
   "properties": {
    "name": "UNIT 1, 50 DELEWARR STREET DERBY 6728",
    "locID": "LOC000147461300",
    "tech": "FTTN",
    "upgrade": "NULL_NA",
    "gnaf_pid": "GAWA_718714037",
    "ee": true,
    "tech_change_status": "Not Planned"
   }
  },
  {
   "type": "Feature",
   "geometry": {
    "type": "Point",
    "coordinates": [
     123.63958063,
     -17.30982923
    ]
   },
   "properties": {
    "name": "UNIT 2, 50 DELEWARR STREET DERBY 6728",
    "locID": "LOC000147461316",
    "tech": "FTTN",
    "upgrade": "NULL_NA",
    "gnaf_pid": "GAWA_718714038",
    "ee": true,
    "tech_change_status": "Not Planned"
   }
  },
  {
   "type": "Feature",
   "geometry": {
    "type": "Point",
    "coordinates": [
     123.63958063,
     -17.30982923
    ]
   },
   "properties": {
    "name": "UNIT 3, 50 DELEWARR STREET DERBY 6728",
    "locID": "LOC000147461328",
    "tech": "FTTN",
    "upgrade": "NULL_NA",
    "gnaf_pid": "GAWA_718714039",
    "ee": true,
    "tech_change_status": "Not Planned"
   }
  },
  {
   "type": "Feature",
   "geometry": {
    "type": "Point",
    "coordinates": [
     123.65022832,
     -17.31481623
    ]
   },
   "properties": {
    "name": "10 DERBY HIGHWAY DERBY 6728",
    "locID": "LOC000147460703",
    "tech": "FTTN",
    "upgrade": "NULL_NA",
    "gnaf_pid": "GAWA_718714053",
    "ee": true,
    "tech_change_status": "Not Planned"
   }
  },
  {
   "type": "Feature",
   "geometry": {
    "type": "Point",
    "coordinates": [
     123.65054162,
     -17.31529156
    ]
   },
   "properties": {
    "name": "12 DERBY HIGHWAY DERBY 6728",
    "locID": "LOC000147460695",
    "tech": "FTTN",
    "upgrade": "NULL_NA",
    "gnaf_pid": "GAWA_718714054",
    "ee": true,
    "tech_change_status": "Not Planned"
   }
  },
  {
   "type": "Feature",
   "geometry": {
    "type": "Point",
    "coordinates": [
     123.63545877,
     -17.30999564
    ]
   },
   "properties": {
    "name": "UNIT 1, 7 FAIRBAIRN STREET DERBY 6728",
    "locID": "LOC000147462251",
    "tech": "FTTN",
    "upgrade": "NULL_NA",
    "gnaf_pid": "GAWA_718714359",
    "ee": true,
    "tech_change_status": "Not Planned"
   }
  },
  {
   "type": "Feature",
   "geometry": {
    "type": "Point",
    "coordinates": [
     123.63545877,
     -17.30999564
    ]
   },
   "properties": {
    "name": "UNIT 2, 7 FAIRBAIRN STREET DERBY 6728",
    "locID": "LOC000147462267",
    "tech": "FTTN",
    "upgrade": "NULL_NA",
    "gnaf_pid": "GAWA_718714360",
    "ee": true,
    "tech_change_status": "Not Planned"
   }
  },
  {
   "type": "Feature",
   "geometry": {
    "type": "Point",
    "coordinates": [
     123.66046962,
     -17.32475227
    ]
   },
   "properties": {
    "name": "55 FITZROY STREET DERBY 6728",
    "locID": "LOC000147462752",
    "tech": "FTTN",
    "upgrade": "NULL_NA",
    "gnaf_pid": "GAWA_718714471",
    "ee": true,
    "tech_change_status": "Not Planned"
   }
  },
  {
   "type": "Feature",
   "geometry": {
    "type": "Point",
    "coordinates": [
     123.63466691,
     -17.30709265
    ]
   },
   "properties": {
    "name": "UNIT 1, 9 HENSMAN STREET DERBY 6728",
    "locID": "LOC000147461652",
    "tech": "FTTN",
    "upgrade": "NULL_NA",
    "gnaf_pid": "GAWA_718715244",
    "ee": true,
    "tech_change_status": "Not Planned"
   }
  },
  {
   "type": "Feature",
   "geometry": {
    "type": "Point",
    "coordinates": [
     123.63466691,
     -17.30709265
    ]
   },
   "properties": {
    "name": "UNIT 2, 9 HENSMAN STREET DERBY 6728",
    "locID": "LOC000147461668",
    "tech": "FTTN",
    "upgrade": "NULL_NA",
    "gnaf_pid": "GAWA_718715245",
    "ee": true,
    "tech_change_status": "Not Planned"
   }
  },
  {
   "type": "Feature",
   "geometry": {
    "type": "Point",
    "coordinates": [
     123.6355153,
     -17.31125445
    ]
   },
   "properties": {
    "name": "UNIT 1, 16 KNOWSLEY STREET WEST DERBY 6728",
    "locID": "LOC000147462298",
    "tech": "FTTN",
    "upgrade": "NULL_NA",
    "gnaf_pid": "GAWA_718715928",
    "ee": true,
    "tech_change_status": "Not Planned"
   }
  },
  {
   "type": "Feature",
   "geometry": {
    "type": "Point",
    "coordinates": [
     123.63883553,
     -17.31043474
    ]
   },
   "properties": {
    "name": "UNIT 1, 47 KNOWSLEY STREET WEST DERBY 6728",
    "locID": "LOC000147461891",
    "tech": "FTTN",
    "upgrade": "NULL_NA",
    "gnaf_pid": "GAWA_718715929",
    "ee": true,
    "tech_change_status": "Not Planned"
   }
  },
  {
   "type": "Feature",
   "geometry": {
    "type": "Point",
    "coordinates": [
     123.6355153,
     -17.31125445
    ]
   },
   "properties": {
    "name": "UNIT 2, 16 KNOWSLEY STREET WEST DERBY 6728",
    "locID": "LOC000147462308",
    "tech": "FTTN",
    "upgrade": "NULL_NA",
    "gnaf_pid": "GAWA_718715930",
    "ee": true,
    "tech_change_status": "Not Planned"
   }
  },
  {
   "type": "Feature",
   "geometry": {
    "type": "Point",
    "coordinates": [
     123.63883553,
     -17.31043474
    ]
   },
   "properties": {
    "name": "UNIT 3, 47 KNOWSLEY STREET WEST DERBY 6728",
    "locID": "LOC000147461901",
    "tech": "FTTN",
    "upgrade": "NULL_NA",
    "gnaf_pid": "GAWA_718715931",
    "ee": true,
    "tech_change_status": "Not Planned"
   }
  },
  {
   "type": "Feature",
   "geometry": {
    "type": "Point",
    "coordinates": [
     123.63883553,
     -17.31043474
    ]
   },
   "properties": {
    "name": "UNIT 4, 47 KNOWSLEY STREET WEST DERBY 6728",
    "locID": "LOC000147461917",
    "tech": "FTTN",
    "upgrade": "NULL_NA",
    "gnaf_pid": "GAWA_718715932",
    "ee": true,
    "tech_change_status": "Not Planned"
   }
  },
  {
   "type": "Feature",
   "geometry": {
    "type": "Point",
    "coordinates": [
     123.63729488,
     -17.32448251
    ]
   },
   "properties": {
    "name": "UNIT 1, 24 KURRAJONG LOOP DERBY 6728",
    "locID": "LOC000147461597",
    "tech": "FTTN",
    "upgrade": "NULL_NA",
    "gnaf_pid": "GAWA_718715950",
    "ee": true,
    "tech_change_status": "Not Planned"
   }
  },
  {
   "type": "Feature",
   "geometry": {
    "type": "Point",
    "coordinates": [
     123.63759582,
     -17.32481287
    ]
   },
   "properties": {
    "name": "UNIT 1, 28 KURRAJONG LOOP DERBY 6728",
    "locID": "LOC000147461532",
    "tech": "FTTN",
    "upgrade": "NULL_NA",
    "gnaf_pid": "GAWA_718715951",
    "ee": true,
    "tech_change_status": "Not Planned"
   }
  },
  {
   "type": "Feature",
   "geometry": {
    "type": "Point",
    "coordinates": [
     123.63729488,
     -17.32448251
    ]
   },
   "properties": {
    "name": "UNIT 2, 24 KURRAJONG LOOP DERBY 6728",
    "locID": "LOC000147461606",
    "tech": "FTTN",
    "upgrade": "NULL_NA",
    "gnaf_pid": "GAWA_718715952",
    "ee": true,
    "tech_change_status": "Not Planned"
   }
  },
  {
   "type": "Feature",
   "geometry": {
    "type": "Point",
    "coordinates": [
     123.63759582,
     -17.32481287
    ]
   },
   "properties": {
    "name": "UNIT 2, 28 KURRAJONG LOOP DERBY 6728",
    "locID": "LOC000147461545",
    "tech": "FTTN",
    "upgrade": "NULL_NA",
    "gnaf_pid": "GAWA_718715953",
    "ee": true,
    "tech_change_status": "Not Planned"
   }
  },
  {
   "type": "Feature",
   "geometry": {
    "type": "Point",
    "coordinates": [
     123.63729488,
     -17.32448251
    ]
   },
   "properties": {
    "name": "UNIT 3, 24 KURRAJONG LOOP DERBY 6728",
    "locID": "LOC000147461610",
    "tech": "FTTN",
    "upgrade": "NULL_NA",
    "gnaf_pid": "GAWA_718715954",
    "ee": true,
    "tech_change_status": "Not Planned"
   }
  },
  {
   "type": "Feature",
   "geometry": {
    "type": "Point",
    "coordinates": [
     123.63759582,
     -17.32481287
    ]
   },
   "properties": {
    "name": "UNIT 3, 28 KURRAJONG LOOP DERBY 6728",
    "locID": "LOC000147461550",
    "tech": "FTTN",
    "upgrade": "NULL_NA",
    "gnaf_pid": "GAWA_718715955",
    "ee": true,
    "tech_change_status": "Not Planned"
   }
  },
  {
   "type": "Feature",
   "geometry": {
    "type": "Point",
    "coordinates": [
     123.63759582,
     -17.32481287
    ]
   },
   "properties": {
    "name": "UNIT 4, 28 KURRAJONG LOOP DERBY 6728",
    "locID": "LOC000147461566",
    "tech": "FTTN",
    "upgrade": "NULL_NA",
    "gnaf_pid": "GAWA_718715956",
    "ee": true,
    "tech_change_status": "Not Planned"
   }
  },
  {
   "type": "Feature",
   "geometry": {
    "type": "Point",
    "coordinates": [
     123.63759582,
     -17.32481287
    ]
   },
   "properties": {
    "name": "UNIT 5, 28 KURRAJONG LOOP DERBY 6728",
    "locID": "LOC000147461578",
    "tech": "FTTN",
    "upgrade": "NULL_NA",
    "gnaf_pid": "GAWA_718715957",
    "ee": true,
    "tech_change_status": "Not Planned"
   }
  },
  {
   "type": "Feature",
   "geometry": {
    "type": "Point",
    "coordinates": [
     123.64364166,
     -17.32405742
    ]
   },
   "properties": {
    "name": "UNIT 1, 11 LIVISTONA STREET DERBY 6728",
    "locID": "LOC000147462438",
    "tech": "FTTN",
    "upgrade": "NULL_NA",
    "gnaf_pid": "GAWA_718716206",
    "ee": true,
    "tech_change_status": "Not Planned"
   }
  },
  {
   "type": "Feature",
   "geometry": {
    "type": "Point",
    "coordinates": [
     123.64364166,
     -17.32405742
    ]
   },
   "properties": {
    "name": "UNIT 2, 11 LIVISTONA STREET DERBY 6728",
    "locID": "LOC000147462438",
    "tech": "FTTN",
    "upgrade": "NULL_NA",
    "gnaf_pid": "GAWA_718716207",
    "ee": true,
    "tech_change_status": "Not Planned"
   }
  },
  {
   "type": "Feature",
   "geometry": {
    "type": "Point",
    "coordinates": [
     123.63171515,
     -17.30493427
    ]
   },
   "properties": {
    "name": "UNIT 1, 60 LOCH STREET DERBY 6728",
    "locID": "LOC000147461165",
    "tech": "FTTN",
    "upgrade": "NULL_NA",
    "gnaf_pid": "GAWA_718716219",
    "ee": true,
    "tech_change_status": "Not Planned"
   }
  },
  {
   "type": "Feature",
   "geometry": {
    "type": "Point",
    "coordinates": [
     123.63171515,
     -17.30493427
    ]
   },
   "properties": {
    "name": "UNIT 2, 60 LOCH STREET DERBY 6728",
    "locID": "LOC000147461177",
    "tech": "FTTN",
    "upgrade": "NULL_NA",
    "gnaf_pid": "GAWA_718716220",
    "ee": true,
    "tech_change_status": "Not Planned"
   }
  },
  {
   "type": "Feature",
   "geometry": {
    "type": "Point",
    "coordinates": [
     123.63171515,
     -17.30493427
    ]
   },
   "properties": {
    "name": "UNIT 3, 60 LOCH STREET DERBY 6728",
    "locID": "LOC000147461183",
    "tech": "FTTN",
    "upgrade": "NULL_NA",
    "gnaf_pid": "GAWA_718716221",
    "ee": true,
    "tech_change_status": "Not Planned"
   }
  },
  {
   "type": "Feature",
   "geometry": {
    "type": "Point",
    "coordinates": [
     123.63171515,
     -17.30493427
    ]
   },
   "properties": {
    "name": "UNIT 4, 60 LOCH STREET DERBY 6728",
    "locID": "LOC000147461196",
    "tech": "FTTN",
    "upgrade": "NULL_NA",
    "gnaf_pid": "GAWA_718716222",
    "ee": true,
    "tech_change_status": "Not Planned"
   }
  },
  {
   "type": "Feature",
   "geometry": {
    "type": "Point",
    "coordinates": [
     123.63171515,
     -17.30493427
    ]
   },
   "properties": {
    "name": "UNIT 5, 60 LOCH STREET DERBY 6728",
    "locID": "LOC000147461203",
    "tech": "FTTN",
    "upgrade": "NULL_NA",
    "gnaf_pid": "GAWA_718716223",
    "ee": true,
    "tech_change_status": "Not Planned"
   }
  },
  {
   "type": "Feature",
   "geometry": {
    "type": "Point",
    "coordinates": [
     123.63171515,
     -17.30493427
    ]
   },
   "properties": {
    "name": "UNIT 6, 60 LOCH STREET DERBY 6728",
    "locID": "LOC000147461219",
    "tech": "FTTN",
    "upgrade": "NULL_NA",
    "gnaf_pid": "GAWA_718716224",
    "ee": true,
    "tech_change_status": "Not Planned"
   }
  },
  {
   "type": "Feature",
   "geometry": {
    "type": "Point",
    "coordinates": [
     123.63599253,
     -17.31396518
    ]
   },
   "properties": {
    "name": "UNIT 1, 2 MACDONALD STREET DERBY 6728",
    "locID": "LOC000107935808",
    "tech": "FTTN",
    "upgrade": "NULL_NA",
    "gnaf_pid": "GAWA_718716285",
    "ee": true,
    "tech_change_status": "Not Planned"
   }
  },
  {
   "type": "Feature",
   "geometry": {
    "type": "Point",
    "coordinates": [
     123.63599253,
     -17.31396518
    ]
   },
   "properties": {
    "name": "UNIT 2, 2 MACDONALD STREET DERBY 6728",
    "locID": "LOC000107935808",
    "tech": "FTTN",
    "upgrade": "NULL_NA",
    "gnaf_pid": "GAWA_718716286",
    "ee": true,
    "tech_change_status": "Not Planned"
   }
  },
  {
   "type": "Feature",
   "geometry": {
    "type": "Point",
    "coordinates": [
     123.64482201,
     -17.31027116
    ]
   },
   "properties": {
    "name": "UNIT 5, 7 MINIRITCHIE PLACE DERBY 6728",
    "locID": "LOC000133480106",
    "tech": "FTTN",
    "upgrade": "NULL_NA",
    "gnaf_pid": "GAWA_718716751",
    "ee": true,
    "tech_change_status": "Not Planned"
   }
  },
  {
   "type": "Feature",
   "geometry": {
    "type": "Point",
    "coordinates": [
     123.64482201,
     -17.31027116
    ]
   },
   "properties": {
    "name": "UNIT 6, 7 MINIRITCHIE PLACE DERBY 6728",
    "locID": "LOC000133480106",
    "tech": "FTTN",
    "upgrade": "NULL_NA",
    "gnaf_pid": "GAWA_718716752",
    "ee": true,
    "tech_change_status": "Not Planned"
   }
  },
  {
   "type": "Feature",
   "geometry": {
    "type": "Point",
    "coordinates": [
     123.64482201,
     -17.31027116
    ]
   },
   "properties": {
    "name": "UNIT 7, 7 MINIRITCHIE PLACE DERBY 6728",
    "locID": "LOC000133480106",
    "tech": "FTTN",
    "upgrade": "NULL_NA",
    "gnaf_pid": "GAWA_718716753",
    "ee": true,
    "tech_change_status": "Not Planned"
   }
  },
  {
   "type": "Feature",
   "geometry": {
    "type": "Point",
    "coordinates": [
     123.63407178,
     -17.31236082
    ]
   },
   "properties": {
    "name": "6 ROWELL COURT DERBY 6728",
    "locID": "LOC000077741624",
    "tech": "FTTN",
    "upgrade": "NULL_NA",
    "gnaf_pid": "GAWA_718717683",
    "ee": true,
    "tech_change_status": "Not Planned"
   }
  },
  {
   "type": "Feature",
   "geometry": {
    "type": "Point",
    "coordinates": [
     123.63646111,
     -17.30581414
    ]
   },
   "properties": {
    "name": "122 VILLIERS STREET DERBY 6728",
    "locID": "LOC000147461836",
    "tech": "FTTN",
    "upgrade": "NULL_NA",
    "gnaf_pid": "GAWA_718718741",
    "ee": true,
    "tech_change_status": "Not Planned"
   }
  },
  {
   "type": "Feature",
   "geometry": {
    "type": "Point",
    "coordinates": [
     123.65070535,
     -17.3174523
    ]
   },
   "properties": {
    "name": "6 WELLS STREET DERBY 6728",
    "locID": "LOC000147462813",
    "tech": "FTTN",
    "upgrade": "NULL_NA",
    "gnaf_pid": "GAWA_718718921",
    "ee": true,
    "tech_change_status": "Not Planned"
   }
  },
  {
   "type": "Feature",
   "geometry": {
    "type": "Point",
    "coordinates": [
     123.65107809,
     -17.31768137
    ]
   },
   "properties": {
    "name": "8 WELLS STREET DERBY 6728",
    "locID": "LOC000147462349",
    "tech": "FTTN",
    "upgrade": "NULL_NA",
    "gnaf_pid": "GAWA_718718922",
    "ee": true,
    "tech_change_status": "Not Planned"
   }
  },
  {
   "type": "Feature",
   "geometry": {
    "type": "Point",
    "coordinates": [
     123.64931478,
     -17.30970856
    ]
   },
   "properties": {
    "name": "2A SUTHERLAND STREET DERBY 6728",
    "locID": "LOC000147462331",
    "tech": "FTTN",
    "upgrade": "NULL_NA",
    "gnaf_pid": "GAWA_718759328",
    "ee": true,
    "tech_change_status": "Not Planned"
   }
  },
  {
   "type": "Feature",
   "geometry": {
    "type": "Point",
    "coordinates": [
     123.65344953,
     -17.31411775
    ]
   },
   "properties": {
    "name": "10 BROLGA DRIVE DERBY 6728",
    "locID": "LOC000141346978",
    "tech": "FTTP",
    "upgrade": "NULL_NA",
    "gnaf_pid": "GAWA_718785813",
    "ee": true
   }
  },
  {
   "type": "Feature",
   "geometry": {
    "type": "Point",
    "coordinates": [
     123.65351216,
     -17.31435398
    ]
   },
   "properties": {
    "name": "12 BROLGA DRIVE DERBY 6728",
    "locID": "LOC000141346984",
    "tech": "FTTP",
    "upgrade": "NULL_NA",
    "gnaf_pid": "GAWA_718785814",
    "ee": true
   }
  },
  {
   "type": "Feature",
   "geometry": {
    "type": "Point",
    "coordinates": [
     123.6535109,
     -17.31453265
    ]
   },
   "properties": {
    "name": "14 BROLGA DRIVE DERBY 6728",
    "locID": "LOC000141346997",
    "tech": "FTTP",
    "upgrade": "NULL_NA",
    "gnaf_pid": "GAWA_718785815",
    "ee": true
   }
  },
  {
   "type": "Feature",
   "geometry": {
    "type": "Point",
    "coordinates": [
     123.6535098,
     -17.31471444
    ]
   },
   "properties": {
    "name": "16 BROLGA DRIVE DERBY 6728",
    "locID": "LOC000141347009",
    "tech": "FTTP",
    "upgrade": "NULL_NA",
    "gnaf_pid": "GAWA_718785816",
    "ee": true
   }
  },
  {
   "type": "Feature",
   "geometry": {
    "type": "Point",
    "coordinates": [
     123.65350985,
     -17.31489652
    ]
   },
   "properties": {
    "name": "18 BROLGA DRIVE DERBY 6728",
    "locID": "LOC000141347130",
    "tech": "FTTP",
    "upgrade": "NULL_NA",
    "gnaf_pid": "GAWA_718785817",
    "ee": true
   }
  },
  {
   "type": "Feature",
   "geometry": {
    "type": "Point",
    "coordinates": [
     123.65395168,
     -17.31357477
    ]
   },
   "properties": {
    "name": "2 BROLGA DRIVE DERBY 6728",
    "locID": "LOC000141346932",
    "tech": "FTTP",
    "upgrade": "NULL_NA",
    "gnaf_pid": "GAWA_718785818",
    "ee": true
   }
  },
  {
   "type": "Feature",
   "geometry": {
    "type": "Point",
    "coordinates": [
     123.65394582,
     -17.31372918
    ]
   },
   "properties": {
    "name": "4 BROLGA DRIVE DERBY 6728",
    "locID": "LOC000141346945",
    "tech": "FTTP",
    "upgrade": "NULL_NA",
    "gnaf_pid": "GAWA_718785819",
    "ee": true
   }
  },
  {
   "type": "Feature",
   "geometry": {
    "type": "Point",
    "coordinates": [
     123.65415052,
     -17.3141706
    ]
   },
   "properties": {
    "name": "5 BROLGA DRIVE DERBY 6728",
    "locID": "LOC000141347944",
    "tech": "FTTP",
    "upgrade": "NULL_NA",
    "gnaf_pid": "GAWA_718785820",
    "ee": true
   }
  },
  {
   "type": "Feature",
   "geometry": {
    "type": "Point",
    "coordinates": [
     123.65383793,
     -17.31391943
    ]
   },
   "properties": {
    "name": "6 BROLGA DRIVE DERBY 6728",
    "locID": "LOC000141346950",
    "tech": "FTTP",
    "upgrade": "NULL_NA",
    "gnaf_pid": "GAWA_718785821",
    "ee": true
   }
  },
  {
   "type": "Feature",
   "geometry": {
    "type": "Point",
    "coordinates": [
     123.6535549,
     -17.31393784
    ]
   },
   "properties": {
    "name": "8 BROLGA DRIVE DERBY 6728",
    "locID": "LOC000141346966",
    "tech": "FTTP",
    "upgrade": "NULL_NA",
    "gnaf_pid": "GAWA_718785822",
    "ee": true
   }
  },
  {
   "type": "Feature",
   "geometry": {
    "type": "Point",
    "coordinates": [
     123.65266329,
     -17.31441104
    ]
   },
   "properties": {
    "name": "10 DOLLARBIRD STREET DERBY 6728",
    "locID": "LOC000141349356",
    "tech": "FTTP",
    "upgrade": "NULL_NA",
    "gnaf_pid": "GAWA_718786690",
    "ee": true
   }
  },
  {
   "type": "Feature",
   "geometry": {
    "type": "Point",
    "coordinates": [
     123.65318061,
     -17.31463246
    ]
   },
   "properties": {
    "name": "11 DOLLARBIRD STREET DERBY 6728",
    "locID": "LOC000141349394",
    "tech": "FTTP",
    "upgrade": "NULL_NA",
    "gnaf_pid": "GAWA_718786691",
    "ee": true
   }
  },
  {
   "type": "Feature",
   "geometry": {
    "type": "Point",
    "coordinates": [
     123.65266335,
     -17.31459176
    ]
   },
   "properties": {
    "name": "12 DOLLARBIRD STREET DERBY 6728",
    "locID": "LOC000141349360",
    "tech": "FTTP",
    "upgrade": "NULL_NA",
    "gnaf_pid": "GAWA_718786692",
    "ee": true
   }
  },
  {
   "type": "Feature",
   "geometry": {
    "type": "Point",
    "coordinates": [
     123.65318066,
     -17.31481319
    ]
   },
   "properties": {
    "name": "13 DOLLARBIRD STREET DERBY 6728",
    "locID": "LOC000141349387",
    "tech": "FTTP",
    "upgrade": "NULL_NA",
    "gnaf_pid": "GAWA_718786693",
    "ee": true
   }
  },
  {
   "type": "Feature",
   "geometry": {
    "type": "Point",
    "coordinates": [
     123.65266339,
     -17.31477248
    ]
   },
   "properties": {
    "name": "14 DOLLARBIRD STREET DERBY 6728",
    "locID": "LOC000141349373",
    "tech": "FTTP",
    "upgrade": "NULL_NA",
    "gnaf_pid": "GAWA_718786694",
    "ee": true
   }
  },
  {
   "type": "Feature",
   "geometry": {
    "type": "Point",
    "coordinates": [
     123.6531804,
     -17.31390506
    ]
   },
   "properties": {
    "name": "3 DOLLARBIRD STREET DERBY 6728",
    "locID": "LOC000141349743",
    "tech": "FTTP",
    "upgrade": "NULL_NA",
    "gnaf_pid": "GAWA_718786695",
    "ee": true
   }
  },
  {
   "type": "Feature",
   "geometry": {
    "type": "Point",
    "coordinates": [
     123.65318046,
     -17.31409029
    ]
   },
   "properties": {
    "name": "5 DOLLARBIRD STREET DERBY 6728",
    "locID": "LOC000141349736",
    "tech": "FTTP",
    "upgrade": "NULL_NA",
    "gnaf_pid": "GAWA_718786696",
    "ee": true
   }
  },
  {
   "type": "Feature",
   "geometry": {
    "type": "Point",
    "coordinates": [
     123.6526632,
     -17.31404959
    ]
   },
   "properties": {
    "name": "6 DOLLARBIRD STREET DERBY 6728",
    "locID": "LOC000141349339",
    "tech": "FTTP",
    "upgrade": "NULL_NA",
    "gnaf_pid": "GAWA_718786697",
    "ee": true
   }
  },
  {
   "type": "Feature",
   "geometry": {
    "type": "Point",
    "coordinates": [
     123.65318051,
     -17.31427102
    ]
   },
   "properties": {
    "name": "7 DOLLARBIRD STREET DERBY 6728",
    "locID": "LOC000141349547",
    "tech": "FTTP",
    "upgrade": "NULL_NA",
    "gnaf_pid": "GAWA_718786698",
    "ee": true
   }
  },
  {
   "type": "Feature",
   "geometry": {
    "type": "Point",
    "coordinates": [
     123.65266325,
     -17.31423031
    ]
   },
   "properties": {
    "name": "8 DOLLARBIRD STREET DERBY 6728",
    "locID": "LOC000141349341",
    "tech": "FTTP",
    "upgrade": "NULL_NA",
    "gnaf_pid": "GAWA_718786699",
    "ee": true
   }
  },
  {
   "type": "Feature",
   "geometry": {
    "type": "Point",
    "coordinates": [
     123.65318056,
     -17.31445174
    ]
   },
   "properties": {
    "name": "9 DOLLARBIRD STREET DERBY 6728",
    "locID": "LOC000141349534",
    "tech": "FTTP",
    "upgrade": "NULL_NA",
    "gnaf_pid": "GAWA_718786700",
    "ee": true
   }
  },
  {
   "type": "Feature",
   "geometry": {
    "type": "Point",
    "coordinates": [
     123.65470922,
     -17.31414484
    ]
   },
   "properties": {
    "name": "11 IBIS WAY DERBY 6728",
    "locID": "LOC000141348350",
    "tech": "FTTP",
    "upgrade": "NULL_NA",
    "gnaf_pid": "GAWA_718787875",
    "ee": true
   }
  },
  {
   "type": "Feature",
   "geometry": {
    "type": "Point",
    "coordinates": [
     123.65453994,
     -17.31414481
    ]
   },
   "properties": {
    "name": "13 IBIS WAY DERBY 6728",
    "locID": "LOC000141348345",
    "tech": "FTTP",
    "upgrade": "NULL_NA",
    "gnaf_pid": "GAWA_718787876",
    "ee": true
   }
  },
  {
   "type": "Feature",
   "geometry": {
    "type": "Point",
    "coordinates": [
     123.65437065,
     -17.31414478
    ]
   },
   "properties": {
    "name": "15 IBIS WAY DERBY 6728",
    "locID": "LOC000141348332",
    "tech": "FTTP",
    "upgrade": "NULL_NA",
    "gnaf_pid": "GAWA_718787877",
    "ee": true
   }
  },
  {
   "type": "Feature",
   "geometry": {
    "type": "Point",
    "coordinates": [
     123.65527996,
     -17.31358868
    ]
   },
   "properties": {
    "name": "1 IBIS WAY DERBY 6728",
    "locID": "LOC000141348730",
    "tech": "FTTP",
    "upgrade": "NULL_NA",
    "gnaf_pid": "GAWA_718787878",
    "ee": true
   }
  },
  {
   "type": "Feature",
   "geometry": {
    "type": "Point",
    "coordinates": [
     123.655273,
     -17.31376544
    ]
   },
   "properties": {
    "name": "3 IBIS WAY DERBY 6728",
    "locID": "LOC000141348592",
    "tech": "FTTP",
    "upgrade": "NULL_NA",
    "gnaf_pid": "GAWA_718787879",
    "ee": true
   }
  },
  {
   "type": "Feature",
   "geometry": {
    "type": "Point",
    "coordinates": [
     123.65528576,
     -17.31401382
    ]
   },
   "properties": {
    "name": "5 IBIS WAY DERBY 6728",
    "locID": "LOC000147462911",
    "tech": "NULL",
    "upgrade": "NULL_NA",
    "gnaf_pid": "GAWA_718787880",
    "ee": true
   }
  },
  {
   "type": "Feature",
   "geometry": {
    "type": "Point",
    "coordinates": [
     123.65510085,
     -17.31416636
    ]
   },
   "properties": {
    "name": "7 IBIS WAY DERBY 6728",
    "locID": "LOC000141348378",
    "tech": "FTTP",
    "upgrade": "NULL_NA",
    "gnaf_pid": "GAWA_718787881",
    "ee": true
   }
  },
  {
   "type": "Feature",
   "geometry": {
    "type": "Point",
    "coordinates": [
     123.6548785,
     -17.31414488
    ]
   },
   "properties": {
    "name": "9 IBIS WAY DERBY 6728",
    "locID": "LOC000141348366",
    "tech": "FTTP",
    "upgrade": "NULL_NA",
    "gnaf_pid": "GAWA_718787882",
    "ee": true
   }
  },
  {
   "type": "Feature",
   "geometry": {
    "type": "Point",
    "coordinates": [
     123.65329787,
     -17.31365209
    ]
   },
   "properties": {
    "name": "10 KINGFISHER LOOP DERBY 6728",
    "locID": "LOC000141346540",
    "tech": "FTTP",
    "upgrade": "NULL_NA",
    "gnaf_pid": "GAWA_718788143",
    "ee": true
   }
  },
  {
   "type": "Feature",
   "geometry": {
    "type": "Point",
    "coordinates": [
     123.65348596,
     -17.31365213
    ]
   },
   "properties": {
    "name": "12 KINGFISHER LOOP DERBY 6728",
    "locID": "LOC000141346731",
    "tech": "FTTP",
    "upgrade": "NULL_NA",
    "gnaf_pid": "GAWA_718788144",
    "ee": true
   }
  },
  {
   "type": "Feature",
   "geometry": {
    "type": "Point",
    "coordinates": [
     123.65367405,
     -17.31365217
    ]
   },
   "properties": {
    "name": "14 KINGFISHER LOOP DERBY 6728",
    "locID": "LOC000141346749",
    "tech": "FTTP",
    "upgrade": "NULL_NA",
    "gnaf_pid": "GAWA_718788145",
    "ee": true
   }
  },
  {
   "type": "Feature",
   "geometry": {
    "type": "Point",
    "coordinates": [
     123.65249851,
     -17.31372868
    ]
   },
   "properties": {
    "name": "2 KINGFISHER LOOP DERBY 6728",
    "locID": "LOC000147462924",
    "tech": "NULL",
    "upgrade": "NULL_NA",
    "gnaf_pid": "GAWA_718788147",
    "ee": true
   }
  },
  {
   "type": "Feature",
   "geometry": {
    "type": "Point",
    "coordinates": [
     123.65395888,
     -17.31487123
    ]
   },
   "properties": {
    "name": "55 KINGFISHER LOOP DERBY 6728",
    "locID": "LOC000141347336",
    "tech": "FTTP",
    "upgrade": "NULL_NA",
    "gnaf_pid": "GAWA_718788148",
    "ee": true
   }
  },
  {
   "type": "Feature",
   "geometry": {
    "type": "Point",
    "coordinates": [
     123.65397843,
     -17.31441976
    ]
   },
   "properties": {
    "name": "56 KINGFISHER LOOP DERBY 6728",
    "locID": "LOC000141347740",
    "tech": "FTTP",
    "upgrade": "NULL_NA",
    "gnaf_pid": "GAWA_718788149",
    "ee": true
   }
  },
  {
   "type": "Feature",
   "geometry": {
    "type": "Point",
    "coordinates": [
     123.65311178,
     -17.31365576
    ]
   },
   "properties": {
    "name": "8 KINGFISHER LOOP DERBY 6728",
    "locID": "LOC000141346538",
    "tech": "FTTP",
    "upgrade": "NULL_NA",
    "gnaf_pid": "GAWA_718788150",
    "ee": true
   }
  },
  {
   "type": "Feature",
   "geometry": {
    "type": "Point",
    "coordinates": [
     123.75393564,
     -17.3181573
    ]
   },
   "properties": {
    "name": "LOT 9000 BUNGARUN ROAD DERBY 6728",
    "locID": "LOC000142984880",
    "tech": "SATELLITE",
    "upgrade": "NULL_NA",
    "gnaf_pid": "GAWA_718791893",
    "ee": true,
    "tech_change_status": "Not Planned"
   }
  },
  {
   "type": "Feature",
   "geometry": {
    "type": "Point",
    "coordinates": [
     123.63858738,
     -17.32381146
    ]
   },
   "properties": {
    "name": "14B BLOODWOOD CRESCENT DERBY 6728",
    "locID": "LOC000191238348",
    "tech": "FTTN",
    "upgrade": "NULL_NA",
    "gnaf_pid": "GAWA_718959593",
    "ee": true,
    "tech_change_status": "Not Planned"
   }
  },
  {
   "type": "Feature",
   "geometry": {
    "type": "Point",
    "coordinates": [
     123.63003,
     -17.30444
    ]
   },
   "properties": {
    "name": "UNIT 1, 11 HARDMAN STREET DERBY 6728",
    "locID": "LOC000174079779",
    "tech": "FTTN",
    "upgrade": "NULL_NA",
    "gnaf_pid": "GAWA_719044729",
    "ee": true,
    "tech_change_status": "Not Planned"
   }
  },
  {
   "type": "Feature",
   "geometry": {
    "type": "Point",
    "coordinates": [
     123.63003,
     -17.30444
    ]
   },
   "properties": {
    "name": "UNIT 2, 11 HARDMAN STREET DERBY 6728",
    "locID": "LOC000174079779",
    "tech": "FTTN",
    "upgrade": "NULL_NA",
    "gnaf_pid": "GAWA_719044839",
    "ee": true,
    "tech_change_status": "Not Planned"
   }
  },
  {
   "type": "Feature",
   "geometry": {
    "type": "Point",
    "coordinates": [
     123.6383097,
     -17.32272112
    ]
   },
   "properties": {
    "name": "19A WOOLLYBUTT CORNER DERBY 6728",
    "locID": "LOC000168951868",
    "tech": "FTTN",
    "upgrade": "NULL_NA",
    "gnaf_pid": "GAWA_719045038",
    "ee": true,
    "tech_change_status": "Not Planned"
   }
  },
  {
   "type": "Feature",
   "geometry": {
    "type": "Point",
    "coordinates": [
     123.63003,
     -17.30444
    ]
   },
   "properties": {
    "name": "UNIT 3, 11 HARDMAN STREET DERBY 6728",
    "locID": "LOC100074222573",
    "tech": "FTTN",
    "upgrade": "NULL_NA",
    "gnaf_pid": "GAWA_719045242",
    "ee": true,
    "tech_change_status": "Not Planned"
   }
  },
  {
   "type": "Feature",
   "geometry": {
    "type": "Point",
    "coordinates": [
     123.64692,
     -17.31044
    ]
   },
   "properties": {
    "name": "45A KNOWSLEY STREET EAST DERBY 6728",
    "locID": "LOC000037137607",
    "tech": "FTTN",
    "upgrade": "NULL_NA",
    "gnaf_pid": "GAWA_719045262",
    "ee": true,
    "tech_change_status": "Not Planned"
   }
  },
  {
   "type": "Feature",
   "geometry": {
    "type": "Point",
    "coordinates": [
     123.63219076,
     -17.30741505
    ]
   },
   "properties": {
    "name": "7A ANDERSON STREET DERBY 6728",
    "locID": "LOC000168189786",
    "tech": "FTTN",
    "upgrade": "NULL_NA",
    "gnaf_pid": "GAWA_719170118",
    "ee": true,
    "tech_change_status": "Not Planned"
   }
  },
  {
   "type": "Feature",
   "geometry": {
    "type": "Point",
    "coordinates": [
     123.62739,
     -17.30422
    ]
   },
   "properties": {
    "name": "UNIT 3, 20 CLARENDON STREET DERBY 6728",
    "locID": "LOC000168191685",
    "tech": "FTTN",
    "upgrade": "NULL_NA",
    "gnaf_pid": "GAWA_719170122",
    "ee": true,
    "tech_change_status": "Not Planned"
   }
  },
  {
   "type": "Feature",
   "geometry": {
    "type": "Point",
    "coordinates": [
     123.62739,
     -17.30422
    ]
   },
   "properties": {
    "name": "UNIT 4, 20 CLARENDON STREET DERBY 6728",
    "locID": "LOC000168191692",
    "tech": "FTTN",
    "upgrade": "NULL_NA",
    "gnaf_pid": "GAWA_719170132",
    "ee": true,
    "tech_change_status": "Not Planned"
   }
  },
  {
   "type": "Feature",
   "geometry": {
    "type": "Point",
    "coordinates": [
     123.70012563,
     -17.39779112
    ]
   },
   "properties": {
    "name": "LOT 555 DERBY HIGHWAY DERBY 6728",
    "locID": "LOC000116499876",
    "tech": "FTTN",
    "upgrade": "NULL_NA",
    "gnaf_pid": "GAWA_719170384",
    "ee": true,
    "tech_change_status": "Not Planned"
   }
  },
  {
   "type": "Feature",
   "geometry": {
    "type": "Point",
    "coordinates": [
     123.63219076,
     -17.30741505
    ]
   },
   "properties": {
    "name": "7B ANDERSON STREET DERBY 6728",
    "locID": "LOC000038648947",
    "tech": "FTTN",
    "upgrade": "NULL_NA",
    "gnaf_pid": "GAWA_719170517",
    "ee": true,
    "tech_change_status": "Not Planned"
   }
  },
  {
   "type": "Feature",
   "geometry": {
    "type": "Point",
    "coordinates": [
     123.63085,
     -17.30628
    ]
   },
   "properties": {
    "name": "UNIT 8, 68 CLARENDON STREET DERBY 6728",
    "locID": "LOC000147461843",
    "tech": "FTTN",
    "upgrade": "NULL_NA",
    "gnaf_pid": "GAWA_719224487",
    "ee": true,
    "tech_change_status": "Not Planned"
   }
  },
  {
   "type": "Feature",
   "geometry": {
    "type": "Point",
    "coordinates": [
     123.63642131,
     -17.31299417
    ]
   },
   "properties": {
    "name": "UNIT 2, 10 MCLARTY STREET DERBY 6728",
    "locID": "LOC000059679282",
    "tech": "FTTN",
    "upgrade": "NULL_NA",
    "gnaf_pid": "GAWA_719348576",
    "ee": true,
    "tech_change_status": "Not Planned"
   }
  },
  {
   "type": "Feature",
   "geometry": {
    "type": "Point",
    "coordinates": [
     123.63179091,
     -17.30995882
    ]
   },
   "properties": {
    "name": "6A HOWELL STREET DERBY 6728",
    "locID": "LOC000195663690",
    "tech": "FTTP",
    "upgrade": "NULL_NA",
    "gnaf_pid": "GAWA_719403192",
    "ee": true
   }
  },
  {
   "type": "Feature",
   "geometry": {
    "type": "Point",
    "coordinates": [
     123.63914511,
     -17.32488659
    ]
   },
   "properties": {
    "name": "29 KURRAJONG LOOP DERBY 6728",
    "locID": "LOC000116488074",
    "tech": "FTTN",
    "upgrade": "NULL_NA",
    "gnaf_pid": "GAWA_719408352",
    "ee": true,
    "tech_change_status": "Not Planned"
   }
  },
  {
   "type": "Feature",
   "geometry": {
    "type": "Point",
    "coordinates": [
     123.6354635,
     -17.31612667
    ]
   },
   "properties": {
    "name": "39 MARMION STREET DERBY 6728",
    "locID": "LOC000003662984",
    "tech": "FTTN",
    "upgrade": "NULL_NA",
    "gnaf_pid": "GAWA_719644488",
    "ee": true,
    "tech_change_status": "Not Planned"
   }
  },
  {
   "type": "Feature",
   "geometry": {
    "type": "Point",
    "coordinates": [
     123.64527928,
     -17.32262601
    ]
   },
   "properties": {
    "name": "4A WATTLE COURT DERBY 6728",
    "locID": "LOC100074885410",
    "tech": "FTTN",
    "upgrade": "NULL_NA",
    "gnaf_pid": "GAWA_719644785",
    "ee": true,
    "tech_change_status": "Not Planned"
   }
  },
  {
   "type": "Feature",
   "geometry": {
    "type": "Point",
    "coordinates": [
     123.63642131,
     -17.31299417
    ]
   },
   "properties": {
    "name": "12 KNOPP STREET DERBY 6728",
    "locID": "LOC000180306671",
    "tech": "FTTN",
    "upgrade": "NULL_NA",
    "gnaf_pid": "GAWA_719645795",
    "ee": true,
    "tech_change_status": "Not Planned"
   }
  },
  {
   "type": "Feature",
   "geometry": {
    "type": "Point",
    "coordinates": [
     123.63185201,
     -17.306747
    ]
   },
   "properties": {
    "name": "UNIT 2, 74 CLARENDON STREET DERBY 6728",
    "locID": "LOC000168193641",
    "tech": "FTTN",
    "upgrade": "NULL_NA",
    "gnaf_pid": "GAWA_719647761",
    "ee": true,
    "tech_change_status": "Not Planned"
   }
  },
  {
   "type": "Feature",
   "geometry": {
    "type": "Point",
    "coordinates": [
     123.62739,
     -17.30422
    ]
   },
   "properties": {
    "name": "UNIT 6, 20 CLARENDON STREET DERBY 6728",
    "locID": "LOC000168191713",
    "tech": "FTTN",
    "upgrade": "NULL_NA",
    "gnaf_pid": "GAWA_719782870",
    "ee": true,
    "tech_change_status": "Not Planned"
   }
  },
  {
   "type": "Feature",
   "geometry": {
    "type": "Point",
    "coordinates": [
     123.62699307,
     -17.30284406
    ]
   },
   "properties": {
    "name": "UNIT 2, 8 JOHNSTON STREET DERBY 6728",
    "locID": "LOC000019538729",
    "tech": "FTTN",
    "upgrade": "NULL_NA",
    "gnaf_pid": "GAWA_720111085",
    "ee": true,
    "tech_change_status": "Not Planned"
   }
  },
  {
   "type": "Feature",
   "geometry": {
    "type": "Point",
    "coordinates": [
     123.62802,
     -17.30531
    ]
   },
   "properties": {
    "name": "UNIT 4, 27 ROWAN STREET DERBY 6728",
    "locID": "LOC000179154118",
    "tech": "FTTN",
    "upgrade": "NULL_NA",
    "gnaf_pid": "GAWA_720247239",
    "ee": true,
    "tech_change_status": "Not Planned"
   }
  },
  {
   "type": "Feature",
   "geometry": {
    "type": "Point",
    "coordinates": [
     123.65363341,
     -17.30823485
    ]
   },
   "properties": {
    "name": "UNIT 3, 37 SUTHERLAND STREET DERBY 6728",
    "locID": "LOC000179897152",
    "tech": "FTTN",
    "upgrade": "NULL_NA",
    "gnaf_pid": "GAWA_720645625",
    "ee": true,
    "tech_change_status": "Not Planned"
   }
  },
  {
   "type": "Feature",
   "geometry": {
    "type": "Point",
    "coordinates": [
     123.63044,
     -17.30692
    ]
   },
   "properties": {
    "name": "57A ROWAN STREET DERBY 6728",
    "locID": "LOC000176476515",
    "tech": "FTTN",
    "upgrade": "NULL_NA",
    "gnaf_pid": "GAWA_720645749",
    "ee": true,
    "tech_change_status": "Not Planned"
   }
  },
  {
   "type": "Feature",
   "geometry": {
    "type": "Point",
    "coordinates": [
     123.65363341,
     -17.30823485
    ]
   },
   "properties": {
    "name": "UNIT 11, 37 SUTHERLAND STREET DERBY 6728",
    "locID": "LOC000086398979",
    "tech": "FTTN",
    "upgrade": "NULL_NA",
    "gnaf_pid": "GAWA_720646041",
    "ee": true,
    "tech_change_status": "Not Planned"
   }
  },
  {
   "type": "Feature",
   "geometry": {
    "type": "Point",
    "coordinates": [
     123.62739,
     -17.30422
    ]
   },
   "properties": {
    "name": "UNIT 5, 20 CLARENDON STREET DERBY 6728",
    "locID": "LOC000168191709",
    "tech": "FTTN",
    "upgrade": "NULL_NA",
    "gnaf_pid": "GAWA_720725041",
    "ee": true,
    "tech_change_status": "Not Planned"
   }
  },
  {
   "type": "Feature",
   "geometry": {
    "type": "Point",
    "coordinates": [
     123.68249,
     -17.34214
    ]
   },
   "properties": {
    "name": "UNIT 2, 9 GALVANS WAY DERBY 6728",
    "locID": "LOC000091338296",
    "tech": "NULL",
    "upgrade": "NULL_NA",
    "gnaf_pid": "GAWA_720976297",
    "ee": true,
    "tech_change_status": "Not Planned"
   }
  },
  {
   "type": "Feature",
   "geometry": {
    "type": "Point",
    "coordinates": [
     123.63493594,
     -17.31419829
    ]
   },
   "properties": {
    "name": "4B ARCHER STREET DERBY 6728",
    "locID": "LOC000192035684",
    "tech": "FTTN",
    "upgrade": "NULL_NA",
    "gnaf_pid": "GAWA_721194273",
    "ee": true,
    "tech_change_status": "Not Planned"
   }
  },
  {
   "type": "Feature",
   "geometry": {
    "type": "Point",
    "coordinates": [
     123.63493594,
     -17.31419829
    ]
   },
   "properties": {
    "name": "4A ARCHER STREET DERBY 6728",
    "locID": "LOC000192035678",
    "tech": "FTTN",
    "upgrade": "NULL_NA",
    "gnaf_pid": "GAWA_721195263",
    "ee": true,
    "tech_change_status": "Not Planned"
   }
  },
  {
   "type": "Feature",
   "geometry": {
    "type": "Point",
    "coordinates": [
     123.63493594,
     -17.31419829
    ]
   },
   "properties": {
    "name": "4C ARCHER STREET DERBY 6728",
    "locID": "LOC000192035716",
    "tech": "FTTN",
    "upgrade": "NULL_NA",
    "gnaf_pid": "GAWA_721196780",
    "ee": true,
    "tech_change_status": "Not Planned"
   }
  },
  {
   "type": "Feature",
   "geometry": {
    "type": "Point",
    "coordinates": [
     123.62739,
     -17.30422
    ]
   },
   "properties": {
    "name": "UNIT 2, 20 CLARENDON STREET DERBY 6728",
    "locID": "LOC000168191671",
    "tech": "FTTN",
    "upgrade": "NULL_NA",
    "gnaf_pid": "GAWA_721202427",
    "ee": true,
    "tech_change_status": "Not Planned"
   }
  },
  {
   "type": "Feature",
   "geometry": {
    "type": "Point",
    "coordinates": [
     123.62739,
     -17.30422
    ]
   },
   "properties": {
    "name": "UNIT 1, 20 CLARENDON STREET DERBY 6728",
    "locID": "LOC000168191663",
    "tech": "FTTN",
    "upgrade": "NULL_NA",
    "gnaf_pid": "GAWA_721202466",
    "ee": true,
    "tech_change_status": "Not Planned"
   }
  },
  {
   "type": "Feature",
   "geometry": {
    "type": "Point",
    "coordinates": [
     123.64085,
     -17.31144
    ]
   },
   "properties": {
    "name": "7B HOLMAN STREET DERBY 6728",
    "locID": "LOC000183209466",
    "tech": "FTTN",
    "upgrade": "NULL_NA",
    "gnaf_pid": "GAWA_721409525",
    "ee": true,
    "tech_change_status": "Not Planned"
   }
  }
 ]
}