{
 "type": "FeatureCollection",
 "generated": "2025-06-19T07:47:42.723381",
 "suburb": "NORTHBRIDGE",
 "features": [
  {
   "type": "Feature",
   "geometry": {
    "type": "Point",
    "coordinates": [
     115.85182,
     -31.94475
    ]
   },
   "properties": {
    "name": "63 JOHN STREET NORTHBRIDGE 6003",
    "locID": "LOC000032090063",
    "tech": "FTTC",
    "upgrade": "FTTP_SA",
    "gnaf_pid": "GAWA_146643286",
    "ee": true,
    "tech_change_status": "Eligible to Order"
   }
  },
  {
   "type": "Feature",
   "geometry": {
    "type": "Point",
    "coordinates": [
     115.85318917,
     -31.94284848
    ]
   },
   "properties": {
    "name": "403 NEWCASTLE STREET NORTHBRIDGE 6003",
    "locID": "LOC100044367396",
    "tech": "FTTB",
    "upgrade": "NULL_NA",
    "gnaf_pid": "GAWA_146643473",
    "ee": true
   }
  },
  {
   "type": "Feature",
   "geometry": {
    "type": "Point",
    "coordinates": [
     115.85250042,
     -31.94539318
    ]
   },
   "properties": {
    "name": "31 FITZGERALD STREET NORTHBRIDGE 6003",
    "locID": "LOC000063166016",
    "tech": "FTTC",
    "upgrade": "FTTP_SA",
    "gnaf_pid": "GAWA_146646306",
    "ee": true,
    "tech_change_status": "Eligible to Order"
   }
  },
  {
   "type": "Feature",
   "geometry": {
    "type": "Point",
    "coordinates": [
     115.85256,
     -31.94438
    ]
   },
   "properties": {
    "name": "60 JOHN STREET NORTHBRIDGE 6003",
    "locID": "LOC000060141457",
    "tech": "FTTC",
    "upgrade": "FTTP_SA",
    "gnaf_pid": "GAWA_146646311",
    "ee": true,
    "tech_change_status": "Eligible to Order"
   }
  },
  {
   "type": "Feature",
   "geometry": {
    "type": "Point",
    "coordinates": [
     115.85178,
     -31.94597
    ]
   },
   "properties": {
    "name": "275 JAMES STREET NORTHBRIDGE 6003",
    "locID": "LOC000132025125",
    "tech": "FTTC",
    "upgrade": "NULL_NA",
    "gnaf_pid": "GAWA_146647681",
    "ee": true
   }
  },
  {
   "type": "Feature",
   "geometry": {
    "type": "Point",
    "coordinates": [
     115.85171223,
     -31.94664969
    ]
   },
   "properties": {
    "name": "1 FITZGERALD STREET NORTHBRIDGE 6003",
    "locID": "LOC000051643219",
    "tech": "FTTC",
    "upgrade": "FTTP_SA",
    "gnaf_pid": "GAWA_146647682",
    "ee": true,
    "tech_change_status": "Eligible to Order"
   }
  },
  {
   "type": "Feature",
   "geometry": {
    "type": "Point",
    "coordinates": [
     115.85177297,
     -31.94655271
    ]
   },
   "properties": {
    "name": "3 FITZGERALD STREET NORTHBRIDGE 6003",
    "locID": "LOC000069848309",
    "tech": "FTTC",
    "upgrade": "FTTP_SA",
    "gnaf_pid": "GAWA_146647683",
    "ee": true,
    "tech_change_status": "Eligible to Order"
   }
  },
  {
   "type": "Feature",
   "geometry": {
    "type": "Point",
    "coordinates": [
     115.85207,
     -31.94417
    ]
   },
   "properties": {
    "name": "76 JOHN STREET NORTHBRIDGE 6003",
    "locID": "LOC000078859811",
    "tech": "FTTC",
    "upgrade": "FTTP_SA",
    "gnaf_pid": "GAWA_146648508",
    "ee": true,
    "tech_change_status": "Eligible to Order"
   }
  },
  {
   "type": "Feature",
   "geometry": {
    "type": "Point",
    "coordinates": [
     115.86037,
     -31.94691
    ]
   },
   "properties": {
    "name": "283 WILLIAM STREET NORTHBRIDGE 6003",
    "locID": "LOC000027802334",
    "tech": "FTTC",
    "upgrade": "FTTP_SA",
    "gnaf_pid": "GAWA_146648918",
    "ee": true,
    "tech_change_status": "Eligible to Order"
   }
  },
  {
   "type": "Feature",
   "geometry": {
    "type": "Point",
    "coordinates": [
     115.85436,
     -31.94416
    ]
   },
   "properties": {
    "name": "180 ABERDEEN STREET NORTHBRIDGE 6003",
    "locID": "LOC000051789763",
    "tech": "FTTC",
    "upgrade": "FTTP_SA",
    "gnaf_pid": "GAWA_146652317",
    "ee": true,
    "tech_change_status": "Eligible to Order"
   }
  },
  {
   "type": "Feature",
   "geometry": {
    "type": "Point",
    "coordinates": [
     115.85426799,
     -31.94412019
    ]
   },
   "properties": {
    "name": "184 ABERDEEN STREET NORTHBRIDGE 6003",
    "locID": "LOC000094848357",
    "tech": "FTTP",
    "upgrade": "NULL_NA",
    "gnaf_pid": "GAWA_146652321",
    "ee": true
   }
  },
  {
   "type": "Feature",
   "geometry": {
    "type": "Point",
    "coordinates": [
     115.85331,
     -31.94665
    ]
   },
   "properties": {
    "name": "239 JAMES STREET NORTHBRIDGE 6003",
    "locID": "LOC000132025085",
    "tech": "FTTC",
    "upgrade": "FTTP_SA",
    "gnaf_pid": "GAWA_146652422",
    "ee": true,
    "tech_change_status": "Eligible to Order"
   }
  },
  {
   "type": "Feature",
   "geometry": {
    "type": "Point",
    "coordinates": [
     115.85279649,
     -31.94643549
    ]
   },
   "properties": {
    "name": "249 JAMES STREET NORTHBRIDGE 6003",
    "locID": "LOC000078135273",
    "tech": "FTTC",
    "upgrade": "FTTP_SA",
    "gnaf_pid": "GAWA_146652461",
    "ee": true,
    "tech_change_status": "Eligible to Order"
   }
  },
  {
   "type": "Feature",
   "geometry": {
    "type": "Point",
    "coordinates": [
     115.85302,
     -31.94707
    ]
   },
   "properties": {
    "name": "174 ROE STREET NORTHBRIDGE 6003",
    "locID": "LOC000098008255",
    "tech": "FTTC",
    "upgrade": "FTTP_NA",
    "gnaf_pid": "GAWA_146652462",
    "ee": true,
    "tech_change_status": "MDU Complex Eligible To Apply"
   }
  },
  {
   "type": "Feature",
   "geometry": {
    "type": "Point",
    "coordinates": [
     115.8529792,
     -31.94636206
    ]
   },
   "properties": {
    "name": "247 JAMES STREET NORTHBRIDGE 6003",
    "locID": "LOC000087546596",
    "tech": "FTTC",
    "upgrade": "FTTP_SA",
    "gnaf_pid": "GAWA_146652464",
    "ee": true,
    "tech_change_status": "Eligible to Order"
   }
  },
  {
   "type": "Feature",
   "geometry": {
    "type": "Point",
    "coordinates": [
     115.85315,
     -31.94658
    ]
   },
   "properties": {
    "name": "243 JAMES STREET NORTHBRIDGE 6003",
    "locID": "LOC000092629699",
    "tech": "FTTP",
    "upgrade": "NULL_NA",
    "gnaf_pid": "GAWA_146652466",
    "ee": true
   }
  },
  {
   "type": "Feature",
   "geometry": {
    "type": "Point",
    "coordinates": [
     115.85964,
     -31.94762
    ]
   },
   "properties": {
    "name": "40 FRANCIS STREET NORTHBRIDGE 6003",
    "locID": "LOC000089531855",
    "tech": "FTTC",
    "upgrade": "FTTP_SA",
    "gnaf_pid": "GAWA_146652644",
    "ee": true,
    "tech_change_status": "Eligible to Order"
   }
  },
  {
   "type": "Feature",
   "geometry": {
    "type": "Point",
    "coordinates": [
     115.86003,
     -31.94736
    ]
   },
   "properties": {
    "name": "271 WILLIAM STREET NORTHBRIDGE 6003",
    "locID": "LOC000079589360",
    "tech": "FTTC",
    "upgrade": "FTTP_SA",
    "gnaf_pid": "GAWA_146652645",
    "ee": true,
    "tech_change_status": "Eligible to Order"
   }
  },
  {
   "type": "Feature",
   "geometry": {
    "type": "Point",
    "coordinates": [
     115.85183,
     -31.94646
    ]
   },
   "properties": {
    "name": "5 FITZGERALD STREET NORTHBRIDGE 6003",
    "locID": "LOC000033807309",
    "tech": "FTTC",
    "upgrade": "FTTP_SA",
    "gnaf_pid": "GAWA_146654105",
    "ee": true,
    "tech_change_status": "Eligible to Order"
   }
  },
  {
   "type": "Feature",
   "geometry": {
    "type": "Point",
    "coordinates": [
     115.85200232,
     -31.94608044
    ]
   },
   "properties": {
    "name": "269 JAMES STREET NORTHBRIDGE 6003",
    "locID": "LOC000147170185",
    "tech": "FTTP",
    "upgrade": "NULL_NA",
    "gnaf_pid": "GAWA_146654106",
    "ee": true
   }
  },
  {
   "type": "Feature",
   "geometry": {
    "type": "Point",
    "coordinates": [
     115.85189,
     -31.94636
    ]
   },
   "properties": {
    "name": "13 FITZGERALD STREET NORTHBRIDGE 6003",
    "locID": "LOC000003626306",
    "tech": "FTTC",
    "upgrade": "FTTP_SA",
    "gnaf_pid": "GAWA_146654107",
    "ee": true,
    "tech_change_status": "Eligible to Order"
   }
  },
  {
   "type": "Feature",
   "geometry": {
    "type": "Point",
    "coordinates": [
     115.85681,
     -31.94634
    ]
   },
   "properties": {
    "name": "108 FRANCIS STREET NORTHBRIDGE 6003",
    "locID": "LOC000076348816",
    "tech": "FTTC",
    "upgrade": "FTTP_SA",
    "gnaf_pid": "GAWA_146654247",
    "ee": true,
    "tech_change_status": "Eligible to Order"
   }
  },
  {
   "type": "Feature",
   "geometry": {
    "type": "Point",
    "coordinates": [
     115.85711,
     -31.94648
    ]
   },
   "properties": {
    "name": "100 FRANCIS STREET NORTHBRIDGE 6003",
    "locID": "LOC000094180860",
    "tech": "FTTC",
    "upgrade": "FTTP_SA",
    "gnaf_pid": "GAWA_146654253",
    "ee": true,
    "tech_change_status": "Eligible to Order"
   }
  },
  {
   "type": "Feature",
   "geometry": {
    "type": "Point",
    "coordinates": [
     115.85741,
     -31.94643
    ]
   },
   "properties": {
    "name": "63 LAKE STREET NORTHBRIDGE 6003",
    "locID": "LOC000002124864",
    "tech": "FTTC",
    "upgrade": "FTTP_SA",
    "gnaf_pid": "GAWA_146654254",
    "ee": true,
    "tech_change_status": "Eligible to Order"
   }
  },
  {
   "type": "Feature",
   "geometry": {
    "type": "Point",
    "coordinates": [
     115.85752,
     -31.94628
    ]
   },
   "properties": {
    "name": "69 LAKE STREET NORTHBRIDGE 6003",
    "locID": "LOC000026215568",
    "tech": "FTTC",
    "upgrade": "FTTP_SA",
    "gnaf_pid": "GAWA_146654977",
    "ee": true,
    "tech_change_status": "Eligible to Order"
   }
  },
  {
   "type": "Feature",
   "geometry": {
    "type": "Point",
    "coordinates": [
     115.8578,
     -31.94582
    ]
   },
   "properties": {
    "name": "108 ABERDEEN STREET NORTHBRIDGE 6003",
    "locID": "LOC000132018076",
    "tech": "FTTP",
    "upgrade": "NULL_NA",
    "gnaf_pid": "GAWA_146654991",
    "ee": true
   }
  },
  {
   "type": "Feature",
   "geometry": {
    "type": "Point",
    "coordinates": [
     115.85670559,
     -31.94625509
    ]
   },
   "properties": {
    "name": "110 FRANCIS STREET NORTHBRIDGE 6003",
    "locID": "LOC000054935711",
    "tech": "FTTC",
    "upgrade": "FTTP_SA",
    "gnaf_pid": "GAWA_146656346",
    "ee": true,
    "tech_change_status": "Eligible to Order"
   }
  },
  {
   "type": "Feature",
   "geometry": {
    "type": "Point",
    "coordinates": [
     115.85693254,
     -31.94589446
    ]
   },
   "properties": {
    "name": "123 ABERDEEN STREET NORTHBRIDGE 6003",
    "locID": "LOC000050033834",
    "tech": "FTTP",
    "upgrade": "NULL_NA",
    "gnaf_pid": "GAWA_146656347",
    "ee": true
   }
  },
  {
   "type": "Feature",
   "geometry": {
    "type": "Point",
    "coordinates": [
     115.85366,
     -31.94682
    ]
   },
   "properties": {
    "name": "223 JAMES STREET NORTHBRIDGE 6003",
    "locID": "LOC000107925507",
    "tech": "FTTC",
    "upgrade": "FTTP_SA",
    "gnaf_pid": "GAWA_146657683",
    "ee": true,
    "tech_change_status": "Eligible to Order"
   }
  },
  {
   "type": "Feature",
   "geometry": {
    "type": "Point",
    "coordinates": [
     115.85422,
     -31.94766
    ]
   },
   "properties": {
    "name": "134 ROE STREET NORTHBRIDGE 6003",
    "locID": "LOC000106311271",
    "tech": "FTTC",
    "upgrade": "FTTP_SA",
    "gnaf_pid": "GAWA_146657686",
    "ee": true,
    "tech_change_status": "Eligible to Order"
   }
  },
  {
   "type": "Feature",
   "geometry": {
    "type": "Point",
    "coordinates": [
     115.85501,
     -31.94736
    ]
   },
   "properties": {
    "name": "205 JAMES STREET NORTHBRIDGE 6003",
    "locID": "LOC000016435955",
    "tech": "FTTC",
    "upgrade": "FTTP_SA",
    "gnaf_pid": "GAWA_146657689",
    "ee": true,
    "tech_change_status": "Eligible to Order"
   }
  },
  {
   "type": "Feature",
   "geometry": {
    "type": "Point",
    "coordinates": [
     115.85575,
     -31.94779
    ]
   },
   "properties": {
    "name": "171 JAMES STREET NORTHBRIDGE 6003",
    "locID": "LOC000092939017",
    "tech": "FTTC",
    "upgrade": "FTTP_SA",
    "gnaf_pid": "GAWA_146657691",
    "ee": true,
    "tech_change_status": "Eligible to Order"
   }
  },
  {
   "type": "Feature",
   "geometry": {
    "type": "Point",
    "coordinates": [
     115.8575552,
     -31.94623212
    ]
   },
   "properties": {
    "name": "71 LAKE STREET NORTHBRIDGE 6003",
    "locID": "LOC000032707573",
    "tech": "FTTC",
    "upgrade": "FTTP_SA",
    "gnaf_pid": "GAWA_146657692",
    "ee": true,
    "tech_change_status": "Eligible to Order"
   }
  },
  {
   "type": "Feature",
   "geometry": {
    "type": "Point",
    "coordinates": [
     115.85754504,
     -31.94605938
    ]
   },
   "properties": {
    "name": "113 ABERDEEN STREET NORTHBRIDGE 6003",
    "locID": "LOC000065609829",
    "tech": "FTTP",
    "upgrade": "NULL_NA",
    "gnaf_pid": "GAWA_146657734",
    "ee": true
   }
  },
  {
   "type": "Feature",
   "geometry": {
    "type": "Point",
    "coordinates": [
     115.85667299,
     -31.94585636
    ]
   },
   "properties": {
    "name": "26 PARKER STREET NORTHBRIDGE 6003",
    "locID": "LOC000016398176",
    "tech": "FTTC",
    "upgrade": "FTTP_SA",
    "gnaf_pid": "GAWA_146657950",
    "ee": true,
    "tech_change_status": "Eligible to Order"
   }
  },
  {
   "type": "Feature",
   "geometry": {
    "type": "Point",
    "coordinates": [
     115.8552,
     -31.94498
    ]
   },
   "properties": {
    "name": "49 SHENTON STREET NORTHBRIDGE 6003",
    "locID": "LOC000045466923",
    "tech": "FTTP",
    "upgrade": "NULL_NA",
    "gnaf_pid": "GAWA_146658915",
    "ee": true
   }
  },
  {
   "type": "Feature",
   "geometry": {
    "type": "Point",
    "coordinates": [
     115.85397,
     -31.94476
    ]
   },
   "properties": {
    "name": "26 JOHN STREET NORTHBRIDGE 6003",
    "locID": "LOC000093146541",
    "tech": "FTTC",
    "upgrade": "FTTP_SA",
    "gnaf_pid": "GAWA_146658916",
    "ee": true,
    "tech_change_status": "Eligible to Order"
   }
  },
  {
   "type": "Feature",
   "geometry": {
    "type": "Point",
    "coordinates": [
     115.85605,
     -31.94731
    ]
   },
   "properties": {
    "name": "174 JAMES STREET NORTHBRIDGE 6003",
    "locID": "LOC000070726737",
    "tech": "FTTC",
    "upgrade": "FTTP_SA",
    "gnaf_pid": "GAWA_146659042",
    "ee": true,
    "tech_change_status": "Eligible to Order"
   }
  },
  {
   "type": "Feature",
   "geometry": {
    "type": "Point",
    "coordinates": [
     115.85659,
     -31.94691
    ]
   },
   "properties": {
    "name": "103 FRANCIS STREET NORTHBRIDGE 6003",
    "locID": "LOC100044367723",
    "tech": "FTTB",
    "upgrade": "NULL_NA",
    "gnaf_pid": "GAWA_146659044",
    "ee": true
   }
  },
  {
   "type": "Feature",
   "geometry": {
    "type": "Point",
    "coordinates": [
     115.85708,
     -31.94696
    ]
   },
   "properties": {
    "name": "49 LAKE STREET NORTHBRIDGE 6003",
    "locID": "LOC000042479159",
    "tech": "FTTC",
    "upgrade": "FTTP_SA",
    "gnaf_pid": "GAWA_146659047",
    "ee": true,
    "tech_change_status": "Eligible to Order"
   }
  },
  {
   "type": "Feature",
   "geometry": {
    "type": "Point",
    "coordinates": [
     115.85658,
     -31.9476
    ]
   },
   "properties": {
    "name": "158 JAMES STREET NORTHBRIDGE 6003",
    "locID": "LOC000042994300",
    "tech": "FTTC",
    "upgrade": "FTTP_SA",
    "gnaf_pid": "GAWA_146659048",
    "ee": true,
    "tech_change_status": "Eligible to Order"
   }
  },
  {
   "type": "Feature",
   "geometry": {
    "type": "Point",
    "coordinates": [
     115.85638689,
     -31.94738492
    ]
   },
   "properties": {
    "name": "160 JAMES STREET NORTHBRIDGE 6003",
    "locID": "LOC000028661226",
    "tech": "FTTC",
    "upgrade": "FTTP_NA",
    "gnaf_pid": "GAWA_146659049",
    "ee": true,
    "tech_change_status": "MDU Complex Eligible To Apply"
   }
  },
  {
   "type": "Feature",
   "geometry": {
    "type": "Point",
    "coordinates": [
     115.85691,
     -31.94723
    ]
   },
   "properties": {
    "name": "41 LAKE STREET NORTHBRIDGE 6003",
    "locID": "LOC000055091159",
    "tech": "FTTC",
    "upgrade": "FTTP_SA",
    "gnaf_pid": "GAWA_146659051",
    "ee": true,
    "tech_change_status": "Eligible to Order"
   }
  },
  {
   "type": "Feature",
   "geometry": {
    "type": "Point",
    "coordinates": [
     115.85687,
     -31.94729
    ]
   },
   "properties": {
    "name": "39 LAKE STREET NORTHBRIDGE 6003",
    "locID": "LOC000024687920",
    "tech": "FTTC",
    "upgrade": "FTTP_SA",
    "gnaf_pid": "GAWA_146659052",
    "ee": true,
    "tech_change_status": "Eligible to Order"
   }
  },
  {
   "type": "Feature",
   "geometry": {
    "type": "Point",
    "coordinates": [
     115.85682,
     -31.94738
    ]
   },
   "properties": {
    "name": "35 LAKE STREET NORTHBRIDGE 6003",
    "locID": "LOC000009573648",
    "tech": "FTTC",
    "upgrade": "FTTP_SA",
    "gnaf_pid": "GAWA_146659053",
    "ee": true,
    "tech_change_status": "Eligible to Order"
   }
  },
  {
   "type": "Feature",
   "geometry": {
    "type": "Point",
    "coordinates": [
     115.85481,
     -31.94365
    ]
   },
   "properties": {
    "name": "361 NEWCASTLE STREET NORTHBRIDGE 6003",
    "locID": "LOC000086636676",
    "tech": "FTTP",
    "upgrade": "NULL_NA",
    "gnaf_pid": "GAWA_146659213",
    "ee": true
   }
  },
  {
   "type": "Feature",
   "geometry": {
    "type": "Point",
    "coordinates": [
     115.85635,
     -31.94812
    ]
   },
   "properties": {
    "name": "21 LAKE STREET NORTHBRIDGE 6003",
    "locID": "LOC000077770382",
    "tech": "FTTC",
    "upgrade": "FTTP_SA",
    "gnaf_pid": "GAWA_146660393",
    "ee": true,
    "tech_change_status": "Eligible to Order"
   }
  },
  {
   "type": "Feature",
   "geometry": {
    "type": "Point",
    "coordinates": [
     115.85641,
     -31.94794
    ]
   },
   "properties": {
    "name": "149 JAMES STREET NORTHBRIDGE 6003",
    "locID": "LOC000094769795",
    "tech": "FTTC",
    "upgrade": "FTTP_SA",
    "gnaf_pid": "GAWA_146660394",
    "ee": true,
    "tech_change_status": "Eligible to Order"
   }
  },
  {
   "type": "Feature",
   "geometry": {
    "type": "Point",
    "coordinates": [
     115.85633,
     -31.94664
    ]
   },
   "properties": {
    "name": "115 FRANCIS STREET NORTHBRIDGE 6003",
    "locID": "LOC000065232205",
    "tech": "FTTC",
    "upgrade": "FTTP_SA",
    "gnaf_pid": "GAWA_146661014",
    "ee": true,
    "tech_change_status": "Eligible to Order"
   }
  },
  {
   "type": "Feature",
   "geometry": {
    "type": "Point",
    "coordinates": [
     115.85703,
     -31.94704
    ]
   },
   "properties": {
    "name": "47 LAKE STREET NORTHBRIDGE 6003",
    "locID": "LOC000053689861",
    "tech": "FTTC",
    "upgrade": "FTTP_SA",
    "gnaf_pid": "GAWA_146661015",
    "ee": true,
    "tech_change_status": "Eligible to Order"
   }
  },
  {
   "type": "Feature",
   "geometry": {
    "type": "Point",
    "coordinates": [
     115.85674,
     -31.9475
    ]
   },
   "properties": {
    "name": "31 LAKE STREET NORTHBRIDGE 6003",
    "locID": "LOC000046630487",
    "tech": "FTTC",
    "upgrade": "FTTP_SA",
    "gnaf_pid": "GAWA_146661016",
    "ee": true,
    "tech_change_status": "Eligible to Order"
   }
  },
  {
   "type": "Feature",
   "geometry": {
    "type": "Point",
    "coordinates": [
     115.85689409,
     -31.94579565
    ]
   },
   "properties": {
    "name": "133 ABERDEEN STREET NORTHBRIDGE 6003",
    "locID": "LOC000023549316",
    "tech": "FTTC",
    "upgrade": "FTTP_SA",
    "gnaf_pid": "GAWA_146661019",
    "ee": true,
    "tech_change_status": "Eligible to Order"
   }
  },
  {
   "type": "Feature",
   "geometry": {
    "type": "Point",
    "coordinates": [
     115.85345,
     -31.94671
    ]
   },
   "properties": {
    "name": "233 JAMES STREET NORTHBRIDGE 6003",
    "locID": "LOC000079014921",
    "tech": "FTTC",
    "upgrade": "FTTP_SA",
    "gnaf_pid": "GAWA_146661288",
    "ee": true,
    "tech_change_status": "Eligible to Order"
   }
  },
  {
   "type": "Feature",
   "geometry": {
    "type": "Point",
    "coordinates": [
     115.85773392,
     -31.94614879
    ]
   },
   "properties": {
    "name": "105 ABERDEEN STREET NORTHBRIDGE 6003",
    "locID": "LOC000046627703",
    "tech": "FTTP",
    "upgrade": "NULL_NA",
    "gnaf_pid": "GAWA_146661706",
    "ee": true
   }
  },
  {
   "type": "Feature",
   "geometry": {
    "type": "Point",
    "coordinates": [
     115.85844,
     -31.9471
    ]
   },
   "properties": {
    "name": "74 FRANCIS STREET NORTHBRIDGE 6003",
    "locID": "LOC000020335980",
    "tech": "FTTC",
    "upgrade": "FTTP_SA",
    "gnaf_pid": "GAWA_146662388",
    "ee": true,
    "tech_change_status": "Eligible to Order"
   }
  },
  {
   "type": "Feature",
   "geometry": {
    "type": "Point",
    "coordinates": [
     115.8587626,
     -31.94687891
    ]
   },
   "properties": {
    "name": "89 ABERDEEN STREET NORTHBRIDGE 6003",
    "locID": "LOC100059312409",
    "tech": "FTTB",
    "upgrade": "NULL_NA",
    "gnaf_pid": "GAWA_146662389",
    "ee": true
   }
  },
  {
   "type": "Feature",
   "geometry": {
    "type": "Point",
    "coordinates": [
     115.85868,
     -31.94672
    ]
   },
   "properties": {
    "name": "91 ABERDEEN STREET NORTHBRIDGE 6003",
    "locID": "LOC000057116394",
    "tech": "FTTC",
    "upgrade": "FTTP_NA",
    "gnaf_pid": "GAWA_146662390",
    "ee": true,
    "tech_change_status": "MDU Complex Eligible To Apply"
   }
  },
  {
   "type": "Feature",
   "geometry": {
    "type": "Point",
    "coordinates": [
     115.85811344,
     -31.94693134
    ]
   },
   "properties": {
    "name": "80 FRANCIS STREET NORTHBRIDGE 6003",
    "locID": "LOC000002948975",
    "tech": "FTTC",
    "upgrade": "FTTP_SA",
    "gnaf_pid": "GAWA_146662391",
    "ee": true,
    "tech_change_status": "Eligible to Order"
   }
  },
  {
   "type": "Feature",
   "geometry": {
    "type": "Point",
    "coordinates": [
     115.85836,
     -31.94775
    ]
   },
   "properties": {
    "name": "65 FRANCIS STREET NORTHBRIDGE 6003",
    "locID": "LOC000080748648",
    "tech": "FTTC",
    "upgrade": "FTTP_NA",
    "gnaf_pid": "GAWA_146663892",
    "ee": true,
    "tech_change_status": "MDU Complex Eligible To Apply"
   }
  },
  {
   "type": "Feature",
   "geometry": {
    "type": "Point",
    "coordinates": [
     115.85847963,
     -31.94831739
    ]
   },
   "properties": {
    "name": "100 JAMES STREET NORTHBRIDGE 6003",
    "locID": "LOC100059316392",
    "tech": "FTTC",
    "upgrade": "NULL_NA",
    "gnaf_pid": "GAWA_146663893",
    "ee": true
   }
  },
  {
   "type": "Feature",
   "geometry": {
    "type": "Point",
    "coordinates": [
     115.85847963,
     -31.94831739
    ]
   },
   "properties": {
    "name": "98 JAMES STREET NORTHBRIDGE 6003",
    "locID": "LOC000147171460",
    "tech": "FTTP",
    "upgrade": "NULL_NA",
    "gnaf_pid": "GAWA_146663894",
    "ee": true
   }
  },
  {
   "type": "Feature",
   "geometry": {
    "type": "Point",
    "coordinates": [
     115.85869,
     -31.94841
    ]
   },
   "properties": {
    "name": "88 JAMES STREET NORTHBRIDGE 6003",
    "locID": "LOC000105825201",
    "tech": "FTTC",
    "upgrade": "FTTP_SA",
    "gnaf_pid": "GAWA_146663895",
    "ee": true,
    "tech_change_status": "Eligible to Order"
   }
  },
  {
   "type": "Feature",
   "geometry": {
    "type": "Point",
    "coordinates": [
     115.85777936,
     -31.9468024
    ]
   },
   "properties": {
    "name": "56 LAKE STREET NORTHBRIDGE 6003",
    "locID": "LOC000045054129",
    "tech": "FTTC",
    "upgrade": "FTTP_SA",
    "gnaf_pid": "GAWA_146665031",
    "ee": true,
    "tech_change_status": "Eligible to Order"
   }
  },
  {
   "type": "Feature",
   "geometry": {
    "type": "Point",
    "coordinates": [
     115.85835,
     -31.94706
    ]
   },
   "properties": {
    "name": "76 FRANCIS STREET NORTHBRIDGE 6003",
    "locID": "LOC000024397526",
    "tech": "FTTC",
    "upgrade": "FTTP_SA",
    "gnaf_pid": "GAWA_146665033",
    "ee": true,
    "tech_change_status": "Eligible to Order"
   }
  },
  {
   "type": "Feature",
   "geometry": {
    "type": "Point",
    "coordinates": [
     115.85981722,
     -31.94741206
    ]
   },
   "properties": {
    "name": "267 WILLIAM STREET NORTHBRIDGE 6003",
    "locID": "LOC000057658013",
    "tech": "FTTP",
    "upgrade": "NULL_NA",
    "gnaf_pid": "GAWA_146665035",
    "ee": true
   }
  },
  {
   "type": "Feature",
   "geometry": {
    "type": "Point",
    "coordinates": [
     115.85938805,
     -31.94752338
    ]
   },
   "properties": {
    "name": "46 FRANCIS STREET NORTHBRIDGE 6003",
    "locID": "LOC000078091174",
    "tech": "FTTC",
    "upgrade": "FTTP_SA",
    "gnaf_pid": "GAWA_146665036",
    "ee": true,
    "tech_change_status": "Eligible to Order"
   }
  },
  {
   "type": "Feature",
   "geometry": {
    "type": "Point",
    "coordinates": [
     115.85981,
     -31.94718
    ]
   },
   "properties": {
    "name": "59 ABERDEEN STREET NORTHBRIDGE 6003",
    "locID": "LOC000072130891",
    "tech": "FTTC",
    "upgrade": "FTTP_SA",
    "gnaf_pid": "GAWA_146665115",
    "ee": true,
    "tech_change_status": "Eligible to Order"
   }
  },
  {
   "type": "Feature",
   "geometry": {
    "type": "Point",
    "coordinates": [
     115.85770429,
     -31.94691918
    ]
   },
   "properties": {
    "name": "52 LAKE STREET NORTHBRIDGE 6003",
    "locID": "LOC000026176176",
    "tech": "FTTC",
    "upgrade": "FTTP_SA",
    "gnaf_pid": "GAWA_146665116",
    "ee": true,
    "tech_change_status": "Eligible to Order"
   }
  },
  {
   "type": "Feature",
   "geometry": {
    "type": "Point",
    "coordinates": [
     115.85804432,
     -31.94811816
    ]
   },
   "properties": {
    "name": "114 JAMES STREET NORTHBRIDGE 6003",
    "locID": "LOC000147171626",
    "tech": "FTTP",
    "upgrade": "NULL_NA",
    "gnaf_pid": "GAWA_146666704",
    "ee": true
   }
  },
  {
   "type": "Feature",
   "geometry": {
    "type": "Point",
    "coordinates": [
     115.85804755,
     -31.94811943
    ]
   },
   "properties": {
    "name": "106 JAMES STREET NORTHBRIDGE 6003",
    "locID": "LOC000051884080",
    "tech": "FTTC",
    "upgrade": "FTTP_SA",
    "gnaf_pid": "GAWA_146666705",
    "ee": true,
    "tech_change_status": "Eligible to Order"
   }
  },
  {
   "type": "Feature",
   "geometry": {
    "type": "Point",
    "coordinates": [
     115.8581073,
     -31.9475781
    ]
   },
   "properties": {
    "name": "73 FRANCIS STREET NORTHBRIDGE 6003",
    "locID": "LOC000067721643",
    "tech": "FTTC",
    "upgrade": "FTTP_SA",
    "gnaf_pid": "GAWA_146666706",
    "ee": true,
    "tech_change_status": "Eligible to Order"
   }
  },
  {
   "type": "Feature",
   "geometry": {
    "type": "Point",
    "coordinates": [
     115.85823,
     -31.94767
    ]
   },
   "properties": {
    "name": "71 FRANCIS STREET NORTHBRIDGE 6003",
    "locID": "LOC000032820411",
    "tech": "FTTC",
    "upgrade": "FTTP_SA",
    "gnaf_pid": "GAWA_146666708",
    "ee": true,
    "tech_change_status": "Eligible to Order"
   }
  },
  {
   "type": "Feature",
   "geometry": {
    "type": "Point",
    "coordinates": [
     115.85832,
     -31.94897
    ]
   },
   "properties": {
    "name": "87 JAMES STREET NORTHBRIDGE 6003",
    "locID": "LOC000088833549",
    "tech": "FTTC",
    "upgrade": "FTTP_SA",
    "gnaf_pid": "GAWA_146666853",
    "ee": true,
    "tech_change_status": "Eligible to Order"
   }
  },
  {
   "type": "Feature",
   "geometry": {
    "type": "Point",
    "coordinates": [
     115.85866,
     -31.94924
    ]
   },
   "properties": {
    "name": "189 WILLIAM STREET NORTHBRIDGE 6003",
    "locID": "LOC000098046436",
    "tech": "FTTC",
    "upgrade": "FTTP_SA",
    "gnaf_pid": "GAWA_146667413",
    "ee": true,
    "tech_change_status": "Eligible to Order"
   }
  },
  {
   "type": "Feature",
   "geometry": {
    "type": "Point",
    "coordinates": [
     115.85881565,
     -31.94903269
    ]
   },
   "properties": {
    "name": "71 JAMES STREET NORTHBRIDGE 6003",
    "locID": "LOC000069364126",
    "tech": "FTTC",
    "upgrade": "FTTP_SA",
    "gnaf_pid": "GAWA_146667418",
    "ee": true,
    "tech_change_status": "Eligible to Order"
   }
  },
  {
   "type": "Feature",
   "geometry": {
    "type": "Point",
    "coordinates": [
     115.85898,
     -31.94911
    ]
   },
   "properties": {
    "name": "63 JAMES STREET NORTHBRIDGE 6003",
    "locID": "LOC000014440983",
    "tech": "FTTC",
    "upgrade": "FTTP_SA",
    "gnaf_pid": "GAWA_146667420",
    "ee": true,
    "tech_change_status": "Eligible to Order"
   }
  },
  {
   "type": "Feature",
   "geometry": {
    "type": "Point",
    "coordinates": [
     115.85907,
     -31.94915
    ]
   },
   "properties": {
    "name": "201 WILLIAM STREET NORTHBRIDGE 6003",
    "locID": "LOC000132025037",
    "tech": "FTTC",
    "upgrade": "FTTP_SA",
    "gnaf_pid": "GAWA_146667421",
    "ee": true,
    "tech_change_status": "Eligible to Order"
   }
  },
  {
   "type": "Feature",
   "geometry": {
    "type": "Point",
    "coordinates": [
     115.85725021,
     -31.9477269
    ]
   },
   "properties": {
    "name": "142 JAMES STREET NORTHBRIDGE 6003",
    "locID": "LOC000132021260",
    "tech": "FTTC",
    "upgrade": "FTTP_SA",
    "gnaf_pid": "GAWA_146667422",
    "ee": true,
    "tech_change_status": "Eligible to Order"
   }
  },
  {
   "type": "Feature",
   "geometry": {
    "type": "Point",
    "coordinates": [
     115.85735975,
     -31.94790997
    ]
   },
   "properties": {
    "name": "132 JAMES STREET NORTHBRIDGE 6003",
    "locID": "LOC000003036229",
    "tech": "FTTC",
    "upgrade": "FTTP_SA",
    "gnaf_pid": "GAWA_146667423",
    "ee": true,
    "tech_change_status": "Eligible to Order"
   }
  },
  {
   "type": "Feature",
   "geometry": {
    "type": "Point",
    "coordinates": [
     115.85743,
     -31.94736
    ]
   },
   "properties": {
    "name": "46 LAKE STREET NORTHBRIDGE 6003",
    "locID": "LOC000034563425",
    "tech": "FTTP",
    "upgrade": "NULL_NA",
    "gnaf_pid": "GAWA_146667424",
    "ee": true
   }
  },
  {
   "type": "Feature",
   "geometry": {
    "type": "Point",
    "coordinates": [
     115.85753,
     -31.94721
    ]
   },
   "properties": {
    "name": "48 LAKE STREET NORTHBRIDGE 6003",
    "locID": "LOC000106356398",
    "tech": "FTTC",
    "upgrade": "FTTP_SA",
    "gnaf_pid": "GAWA_146667425",
    "ee": true,
    "tech_change_status": "Eligible to Order"
   }
  },
  {
   "type": "Feature",
   "geometry": {
    "type": "Point",
    "coordinates": [
     115.85533231,
     -31.94723834
    ]
   },
   "properties": {
    "name": "128 JAMES STREET NORTHBRIDGE 6003",
    "locID": "LOC000018928332",
    "tech": "FTTC",
    "upgrade": "FTTP_SA",
    "gnaf_pid": "GAWA_146667426",
    "ee": true,
    "tech_change_status": "Eligible to Order"
   }
  },
  {
   "type": "Feature",
   "geometry": {
    "type": "Point",
    "coordinates": [
     115.85768635,
     -31.94795805
    ]
   },
   "properties": {
    "name": "124 JAMES STREET NORTHBRIDGE 6003",
    "locID": "LOC000008788634",
    "tech": "FTTC",
    "upgrade": "FTTP_SA",
    "gnaf_pid": "GAWA_146667428",
    "ee": true,
    "tech_change_status": "Eligible to Order"
   }
  },
  {
   "type": "Feature",
   "geometry": {
    "type": "Point",
    "coordinates": [
     115.85780207,
     -31.94749253
    ]
   },
   "properties": {
    "name": "77 FRANCIS STREET NORTHBRIDGE 6003",
    "locID": "LOC000006528488",
    "tech": "FTTC",
    "upgrade": "FTTP_SA",
    "gnaf_pid": "GAWA_146667429",
    "ee": true,
    "tech_change_status": "Eligible to Order"
   }
  },
  {
   "type": "Feature",
   "geometry": {
    "type": "Point",
    "coordinates": [
     115.85825,
     -31.94821
    ]
   },
   "properties": {
    "name": "102 JAMES STREET NORTHBRIDGE 6003",
    "locID": "LOC000094567921",
    "tech": "FTTC",
    "upgrade": "FTTP_NA",
    "gnaf_pid": "GAWA_146668849",
    "ee": true,
    "tech_change_status": "MDU Complex Eligible To Apply"
   }
  },
  {
   "type": "Feature",
   "geometry": {
    "type": "Point",
    "coordinates": [
     115.85798,
     -31.94879
    ]
   },
   "properties": {
    "name": "99 JAMES STREET NORTHBRIDGE 6003",
    "locID": "LOC000008770444",
    "tech": "FTTC",
    "upgrade": "FTTP_SA",
    "gnaf_pid": "GAWA_146669779",
    "ee": true,
    "tech_change_status": "Eligible to Order"
   }
  },
  {
   "type": "Feature",
   "geometry": {
    "type": "Point",
    "coordinates": [
     115.85804,
     -31.94882
    ]
   },
   "properties": {
    "name": "97 JAMES STREET NORTHBRIDGE 6003",
    "locID": "LOC000012023192",
    "tech": "FTTC",
    "upgrade": "FTTP_SA",
    "gnaf_pid": "GAWA_146669780",
    "ee": true,
    "tech_change_status": "Eligible to Order"
   }
  },
  {
   "type": "Feature",
   "geometry": {
    "type": "Point",
    "coordinates": [
     115.85808844,
     -31.94937727
    ]
   },
   "properties": {
    "name": "20 ROE STREET NORTHBRIDGE 6003",
    "locID": "LOC000092634239",
    "tech": "FTTC",
    "upgrade": "FTTP_SA",
    "gnaf_pid": "GAWA_146669782",
    "ee": true,
    "tech_change_status": "Eligible to Order"
   }
  },
  {
   "type": "Feature",
   "geometry": {
    "type": "Point",
    "coordinates": [
     115.85811,
     -31.94885
    ]
   },
   "properties": {
    "name": "95 JAMES STREET NORTHBRIDGE 6003",
    "locID": "LOC000073681939",
    "tech": "FTTC",
    "upgrade": "FTTP_SA",
    "gnaf_pid": "GAWA_146669784",
    "ee": true,
    "tech_change_status": "Eligible to Order"
   }
  },
  {
   "type": "Feature",
   "geometry": {
    "type": "Point",
    "coordinates": [
     115.8582,
     -31.94889
    ]
   },
   "properties": {
    "name": "91 JAMES STREET NORTHBRIDGE 6003",
    "locID": "LOC000069178815",
    "tech": "FTTC",
    "upgrade": "FTTP_SA",
    "gnaf_pid": "GAWA_146669785",
    "ee": true,
    "tech_change_status": "Eligible to Order"
   }
  },
  {
   "type": "Feature",
   "geometry": {
    "type": "Point",
    "coordinates": [
     115.86011,
     -31.94724
    ]
   },
   "properties": {
    "name": "57 ABERDEEN STREET NORTHBRIDGE 6003",
    "locID": "LOC000092893223",
    "tech": "FTTC",
    "upgrade": "FTTP_SA",
    "gnaf_pid": "GAWA_146669824",
    "ee": true,
    "tech_change_status": "Eligible to Order"
   }
  },
  {
   "type": "Feature",
   "geometry": {
    "type": "Point",
    "coordinates": [
     115.85809,
     -31.94631
    ]
   },
   "properties": {
    "name": "78 LAKE STREET NORTHBRIDGE 6003",
    "locID": "LOC000004764117",
    "tech": "FTTC",
    "upgrade": "FTTP_SA",
    "gnaf_pid": "GAWA_146669825",
    "ee": true,
    "tech_change_status": "Eligible to Order"
   }
  },
  {
   "type": "Feature",
   "geometry": {
    "type": "Point",
    "coordinates": [
     115.85663,
     -31.94862
    ]
   },
   "properties": {
    "name": "10 LAKE STREET NORTHBRIDGE 6003",
    "locID": "LOC000042380375",
    "tech": "FTTC",
    "upgrade": "FTTP_SA",
    "gnaf_pid": "GAWA_146670020",
    "ee": true,
    "tech_change_status": "Eligible to Order"
   }
  },
  {
   "type": "Feature",
   "geometry": {
    "type": "Point",
    "coordinates": [
     115.85699441,
     -31.94862004
    ]
   },
   "properties": {
    "name": "68A ROE STREET NORTHBRIDGE 6003",
    "locID": "LOC000023692891",
    "tech": "FTTC",
    "upgrade": "FTTP_SA",
    "gnaf_pid": "GAWA_146670021",
    "ee": true,
    "tech_change_status": "Eligible to Order"
   }
  },
  {
   "type": "Feature",
   "geometry": {
    "type": "Point",
    "coordinates": [
     115.85708,
     -31.94891
    ]
   },
   "properties": {
    "name": "68 ROE STREET NORTHBRIDGE 6003",
    "locID": "LOC000023595995",
    "tech": "FTTC",
    "upgrade": "FTTP_SA",
    "gnaf_pid": "GAWA_146670022",
    "ee": true,
    "tech_change_status": "Eligible to Order"
   }
  },
  {
   "type": "Feature",
   "geometry": {
    "type": "Point",
    "coordinates": [
     115.85733,
     -31.94852
    ]
   },
   "properties": {
    "name": "123 JAMES STREET NORTHBRIDGE 6003",
    "locID": "LOC000175552212",
    "tech": "FTTC",
    "upgrade": "FTTP_NA",
    "gnaf_pid": "GAWA_146670023",
    "ee": true,
    "tech_change_status": "MDU Complex Eligible To Apply"
   }
  },
  {
   "type": "Feature",
   "geometry": {
    "type": "Point",
    "coordinates": [
     115.85917,
     -31.94879
    ]
   },
   "properties": {
    "name": "209 WILLIAM STREET NORTHBRIDGE 6003",
    "locID": "LOC000042688636",
    "tech": "FTTC",
    "upgrade": "FTTP_SA",
    "gnaf_pid": "GAWA_146671772",
    "ee": true,
    "tech_change_status": "Eligible to Order"
   }
  },
  {
   "type": "Feature",
   "geometry": {
    "type": "Point",
    "coordinates": [
     115.85924938,
     -31.94867067
    ]
   },
   "properties": {
    "name": "215 WILLIAM STREET NORTHBRIDGE 6003",
    "locID": "LOC000031947659",
    "tech": "FTTC",
    "upgrade": "FTTP_SA",
    "gnaf_pid": "GAWA_146671773",
    "ee": true,
    "tech_change_status": "Eligible to Order"
   }
  },
  {
   "type": "Feature",
   "geometry": {
    "type": "Point",
    "coordinates": [
     115.85771235,
     -31.94922051
    ]
   },
   "properties": {
    "name": "38 ROE STREET NORTHBRIDGE 6003",
    "locID": "LOC000038760339",
    "tech": "FTTC",
    "upgrade": "FTTP_SA",
    "gnaf_pid": "GAWA_146673306",
    "ee": true,
    "tech_change_status": "Eligible to Order"
   }
  },
  {
   "type": "Feature",
   "geometry": {
    "type": "Point",
    "coordinates": [
     115.85788,
     -31.94929
    ]
   },
   "properties": {
    "name": "28 ROE STREET NORTHBRIDGE 6003",
    "locID": "LOC000090786627",
    "tech": "FTTC",
    "upgrade": "FTTP_SA",
    "gnaf_pid": "GAWA_146673308",
    "ee": true,
    "tech_change_status": "Eligible to Order"
   }
  },
  {
   "type": "Feature",
   "geometry": {
    "type": "Point",
    "coordinates": [
     115.85791,
     -31.94875
    ]
   },
   "properties": {
    "name": "101 JAMES STREET NORTHBRIDGE 6003",
    "locID": "LOC000076612157",
    "tech": "FTTC",
    "upgrade": "FTTP_SA",
    "gnaf_pid": "GAWA_146673309",
    "ee": true,
    "tech_change_status": "Eligible to Order"
   }
  },
  {
   "type": "Feature",
   "geometry": {
    "type": "Point",
    "coordinates": [
     115.85785504,
     -31.94797825
    ]
   },
   "properties": {
    "name": "116 JAMES STREET NORTHBRIDGE 6003",
    "locID": "LOC000084710785",
    "tech": "FTTP",
    "upgrade": "NULL_NA",
    "gnaf_pid": "GAWA_146673449",
    "ee": true
   }
  },
  {
   "type": "Feature",
   "geometry": {
    "type": "Point",
    "coordinates": [
     115.85798,
     -31.94807
    ]
   },
   "properties": {
    "name": "108 JAMES STREET NORTHBRIDGE 6003",
    "locID": "LOC000002155922",
    "tech": "FTTC",
    "upgrade": "FTTP_SA",
    "gnaf_pid": "GAWA_146673451",
    "ee": true,
    "tech_change_status": "Eligible to Order"
   }
  },
  {
   "type": "Feature",
   "geometry": {
    "type": "Point",
    "coordinates": [
     115.85985425,
     -31.94773747
    ]
   },
   "properties": {
    "name": "245 WILLIAM STREET NORTHBRIDGE 6003",
    "locID": "LOC000044731836",
    "tech": "FTTC",
    "upgrade": "FTTP_SA",
    "gnaf_pid": "GAWA_146674285",
    "ee": true,
    "tech_change_status": "Eligible to Order"
   }
  },
  {
   "type": "Feature",
   "geometry": {
    "type": "Point",
    "coordinates": [
     115.85967,
     -31.94711
    ]
   },
   "properties": {
    "name": "63 ABERDEEN STREET NORTHBRIDGE 6003",
    "locID": "LOC000046554334",
    "tech": "FTTC",
    "upgrade": "FTTP_SA",
    "gnaf_pid": "GAWA_146674286",
    "ee": true,
    "tech_change_status": "Eligible to Order"
   }
  },
  {
   "type": "Feature",
   "geometry": {
    "type": "Point",
    "coordinates": [
     115.85949362,
     -31.9471091
    ]
   },
   "properties": {
    "name": "69 ABERDEEN STREET NORTHBRIDGE 6003",
    "locID": "LOC000031923405",
    "tech": "FTTC",
    "upgrade": "FTTP_SA",
    "gnaf_pid": "GAWA_146674287",
    "ee": true,
    "tech_change_status": "Eligible to Order"
   }
  },
  {
   "type": "Feature",
   "geometry": {
    "type": "Point",
    "coordinates": [
     115.85926712,
     -31.94746783
    ]
   },
   "properties": {
    "name": "50 FRANCIS STREET NORTHBRIDGE 6003",
    "locID": "LOC000107707800",
    "tech": "FTTC",
    "upgrade": "FTTP_SA",
    "gnaf_pid": "GAWA_146674289",
    "ee": true,
    "tech_change_status": "Eligible to Order"
   }
  },
  {
   "type": "Feature",
   "geometry": {
    "type": "Point",
    "coordinates": [
     115.85935266,
     -31.94704441
    ]
   },
   "properties": {
    "name": "71 ABERDEEN STREET NORTHBRIDGE 6003",
    "locID": "LOC000022863776",
    "tech": "FTTC",
    "upgrade": "FTTP_SA",
    "gnaf_pid": "GAWA_146674291",
    "ee": true,
    "tech_change_status": "Eligible to Order"
   }
  },
  {
   "type": "Feature",
   "geometry": {
    "type": "Point",
    "coordinates": [
     115.85921,
     -31.94698
    ]
   },
   "properties": {
    "name": "75 ABERDEEN STREET NORTHBRIDGE 6003",
    "locID": "LOC000090239662",
    "tech": "FTTC",
    "upgrade": "FTTP_SA",
    "gnaf_pid": "GAWA_146674292",
    "ee": true,
    "tech_change_status": "Eligible to Order"
   }
  },
  {
   "type": "Feature",
   "geometry": {
    "type": "Point",
    "coordinates": [
     115.85899,
     -31.94734
    ]
   },
   "properties": {
    "name": "58 FRANCIS STREET NORTHBRIDGE 6003",
    "locID": "LOC000020229401",
    "tech": "FTTC",
    "upgrade": "FTTP_SA",
    "gnaf_pid": "GAWA_146674293",
    "ee": true,
    "tech_change_status": "Eligible to Order"
   }
  },
  {
   "type": "Feature",
   "geometry": {
    "type": "Point",
    "coordinates": [
     115.85884,
     -31.94727
    ]
   },
   "properties": {
    "name": "64 FRANCIS STREET NORTHBRIDGE 6003",
    "locID": "LOC000045441190",
    "tech": "FTTP",
    "upgrade": "NULL_NA",
    "gnaf_pid": "GAWA_146674294",
    "ee": true
   }
  },
  {
   "type": "Feature",
   "geometry": {
    "type": "Point",
    "coordinates": [
     115.85907,
     -31.94691
    ]
   },
   "properties": {
    "name": "79 ABERDEEN STREET NORTHBRIDGE 6003",
    "locID": "LOC000036222498",
    "tech": "FTTC",
    "upgrade": "FTTP_SA",
    "gnaf_pid": "GAWA_146674295",
    "ee": true,
    "tech_change_status": "Eligible to Order"
   }
  },
  {
   "type": "Feature",
   "geometry": {
    "type": "Point",
    "coordinates": [
     115.85893,
     -31.94685
    ]
   },
   "properties": {
    "name": "87 ABERDEEN STREET NORTHBRIDGE 6003",
    "locID": "LOC000007861045",
    "tech": "FTTC",
    "upgrade": "FTTP_SA",
    "gnaf_pid": "GAWA_146674296",
    "ee": true,
    "tech_change_status": "Eligible to Order"
   }
  },
  {
   "type": "Feature",
   "geometry": {
    "type": "Point",
    "coordinates": [
     115.8586,
     -31.94723
    ]
   },
   "properties": {
    "name": "66 FRANCIS STREET NORTHBRIDGE 6003",
    "locID": "LOC000132028472",
    "tech": "FTTC",
    "upgrade": "FTTP_SA",
    "gnaf_pid": "GAWA_146674297",
    "ee": true,
    "tech_change_status": "Eligible to Order"
   }
  },
  {
   "type": "Feature",
   "geometry": {
    "type": "Point",
    "coordinates": [
     115.85209954,
     -31.94487554
    ]
   },
   "properties": {
    "name": "55 JOHN STREET NORTHBRIDGE 6003",
    "locID": "LOC000029704000",
    "tech": "FTTC",
    "upgrade": "FTTP_SA",
    "gnaf_pid": "GAWA_146950539",
    "ee": true,
    "tech_change_status": "Eligible to Order"
   }
  },
  {
   "type": "Feature",
   "geometry": {
    "type": "Point",
    "coordinates": [
     115.85436767,
     -31.94580855
    ]
   },
   "properties": {
    "name": "1 JOHN STREET NORTHBRIDGE 6003",
    "locID": "LOC000107611890",
    "tech": "FTTC",
    "upgrade": "FTTP_SA",
    "gnaf_pid": "GAWA_146950540",
    "ee": true,
    "tech_change_status": "Eligible to Order"
   }
  },
  {
   "type": "Feature",
   "geometry": {
    "type": "Point",
    "coordinates": [
     115.85936349,
     -31.94645167
    ]
   },
   "properties": {
    "name": "84 ABERDEEN STREET NORTHBRIDGE 6003",
    "locID": "LOC000085442786",
    "tech": "FTTC",
    "upgrade": "FTTP_SA",
    "gnaf_pid": "GAWA_146954477",
    "ee": true,
    "tech_change_status": "Eligible to Order"
   }
  },
  {
   "type": "Feature",
   "geometry": {
    "type": "Point",
    "coordinates": [
     115.85927411,
     -31.94863057
    ]
   },
   "properties": {
    "name": "221 WILLIAM STREET NORTHBRIDGE 6003",
    "locID": "LOC000026504976",
    "tech": "FTTP",
    "upgrade": "NULL_NA",
    "gnaf_pid": "GAWA_146955033",
    "ee": true
   }
  },
  {
   "type": "Feature",
   "geometry": {
    "type": "Point",
    "coordinates": [
     115.85904287,
     -31.94806971
    ]
   },
   "properties": {
    "name": "45 FRANCIS STREET NORTHBRIDGE 6003",
    "locID": "LOC100059312285",
    "tech": "FTTB",
    "upgrade": "NULL_NA",
    "gnaf_pid": "GAWA_147089828",
    "ee": true
   }
  },
  {
   "type": "Feature",
   "geometry": {
    "type": "Point",
    "coordinates": [
     115.8548,
     -31.94778
    ]
   },
   "properties": {
    "name": "116 ROE STREET NORTHBRIDGE 6003",
    "locID": "LOC000005461629",
    "tech": "FTTC",
    "upgrade": "FTTP_SA",
    "gnaf_pid": "GAWA_147112865",
    "ee": true,
    "tech_change_status": "Eligible to Order"
   }
  },
  {
   "type": "Feature",
   "geometry": {
    "type": "Point",
    "coordinates": [
     115.85601,
     -31.94792
    ]
   },
   "properties": {
    "name": "161 JAMES STREET NORTHBRIDGE 6003",
    "locID": "LOC000046590414",
    "tech": "FTTC",
    "upgrade": "FTTP_SA",
    "gnaf_pid": "GAWA_147112866",
    "ee": true,
    "tech_change_status": "Eligible to Order"
   }
  },
  {
   "type": "Feature",
   "geometry": {
    "type": "Point",
    "coordinates": [
     115.85531,
     -31.9481
    ]
   },
   "properties": {
    "name": "100 ROE STREET NORTHBRIDGE 6003",
    "locID": "LOC000038919533",
    "tech": "FTTC",
    "upgrade": "FTTP_NA",
    "gnaf_pid": "GAWA_147112867",
    "ee": true,
    "tech_change_status": "MDU Complex Eligible To Apply"
   }
  },
  {
   "type": "Feature",
   "geometry": {
    "type": "Point",
    "coordinates": [
     115.85513,
     -31.9451
    ]
   },
   "properties": {
    "name": "47 SHENTON STREET NORTHBRIDGE 6003",
    "locID": "LOC000059418842",
    "tech": "FTTC",
    "upgrade": "FTTP_SA",
    "gnaf_pid": "GAWA_147118469",
    "ee": true,
    "tech_change_status": "Eligible to Order"
   }
  },
  {
   "type": "Feature",
   "geometry": {
    "type": "Point",
    "coordinates": [
     115.85606,
     -31.94695
    ]
   },
   "properties": {
    "name": "2 PARKER STREET NORTHBRIDGE 6003",
    "locID": "LOC000016398176",
    "tech": "FTTC",
    "upgrade": "FTTP_SA",
    "gnaf_pid": "GAWA_147137251",
    "ee": true,
    "tech_change_status": "Eligible to Order"
   }
  },
  {
   "type": "Feature",
   "geometry": {
    "type": "Point",
    "coordinates": [
     115.85444408,
     -31.94621157
    ]
   },
   "properties": {
    "name": "3 SHENTON STREET NORTHBRIDGE 6003",
    "locID": "LOC000032261266",
    "tech": "FTTB",
    "upgrade": "NULL_NA",
    "gnaf_pid": "GAWA_147140182",
    "ee": true
   }
  },
  {
   "type": "Feature",
   "geometry": {
    "type": "Point",
    "coordinates": [
     115.85364275,
     -31.94611587
    ]
   },
   "properties": {
    "name": "226 JAMES STREET NORTHBRIDGE 6003",
    "locID": "LOC000040380940",
    "tech": "FTTC",
    "upgrade": "FTTP_NA",
    "gnaf_pid": "GAWA_147140183",
    "ee": true,
    "tech_change_status": "MDU Complex Eligible To Apply"
   }
  },
  {
   "type": "Feature",
   "geometry": {
    "type": "Point",
    "coordinates": [
     115.85404907,
     -31.9463827
    ]
   },
   "properties": {
    "name": "1 SHENTON STREET NORTHBRIDGE 6003",
    "locID": "LOC000081307117",
    "tech": "FTTB",
    "upgrade": "NULL_NA",
    "gnaf_pid": "GAWA_147151524",
    "ee": true
   }
  },
  {
   "type": "Feature",
   "geometry": {
    "type": "Point",
    "coordinates": [
     115.8584,
     -31.94659
    ]
   },
   "properties": {
    "name": "95 ABERDEEN STREET NORTHBRIDGE 6003",
    "locID": "LOC000132028536",
    "tech": "FTTC",
    "upgrade": "FTTP_SA",
    "gnaf_pid": "GAWA_147152406",
    "ee": true,
    "tech_change_status": "Eligible to Order"
   }
  },
  {
   "type": "Feature",
   "geometry": {
    "type": "Point",
    "coordinates": [
     115.85353415,
     -31.94542602
    ]
   },
   "properties": {
    "name": "23 JOHN STREET NORTHBRIDGE 6003",
    "locID": "LOC000036334734",
    "tech": "FTTP",
    "upgrade": "NULL_NA",
    "gnaf_pid": "GAWA_147157012",
    "ee": true
   }
  },
  {
   "type": "Feature",
   "geometry": {
    "type": "Point",
    "coordinates": [
     115.85677684,
     -31.94699741
    ]
   },
   "properties": {
    "name": "101 FRANCIS STREET NORTHBRIDGE 6003",
    "locID": "LOC000013816973",
    "tech": "FTTC",
    "upgrade": "FTTP_NA",
    "gnaf_pid": "GAWA_147160188",
    "ee": true,
    "tech_change_status": "MDU Complex Eligible To Apply"
   }
  },
  {
   "type": "Feature",
   "geometry": {
    "type": "Point",
    "coordinates": [
     115.85991207,
     -31.94671107
    ]
   },
   "properties": {
    "name": "66 ABERDEEN STREET NORTHBRIDGE 6003",
    "locID": "LOC000004821628",
    "tech": "FTTC",
    "upgrade": "FTTP_SA",
    "gnaf_pid": "GAWA_147171947",
    "ee": true,
    "tech_change_status": "Eligible to Order"
   }
  },
  {
   "type": "Feature",
   "geometry": {
    "type": "Point",
    "coordinates": [
     115.86002725,
     -31.9467612
    ]
   },
   "properties": {
    "name": "64 ABERDEEN STREET NORTHBRIDGE 6003",
    "locID": "LOC000051071731",
    "tech": "FTTC",
    "upgrade": "FTTP_SA",
    "gnaf_pid": "GAWA_147171948",
    "ee": true,
    "tech_change_status": "Eligible to Order"
   }
  },
  {
   "type": "Feature",
   "geometry": {
    "type": "Point",
    "coordinates": [
     115.86013616,
     -31.94681647
    ]
   },
   "properties": {
    "name": "62 ABERDEEN STREET NORTHBRIDGE 6003",
    "locID": "LOC000175550202",
    "tech": "FTTC",
    "upgrade": "FTTP_SA",
    "gnaf_pid": "GAWA_147171949",
    "ee": true,
    "tech_change_status": "Eligible to Order"
   }
  },
  {
   "type": "Feature",
   "geometry": {
    "type": "Point",
    "coordinates": [
     115.85675,
     -31.94844
    ]
   },
   "properties": {
    "name": "12 LAKE STREET NORTHBRIDGE 6003",
    "locID": "LOC000069698663",
    "tech": "FTTC",
    "upgrade": "FTTP_SA",
    "gnaf_pid": "GAWA_147218780",
    "ee": true,
    "tech_change_status": "Eligible to Order"
   }
  },
  {
   "type": "Feature",
   "geometry": {
    "type": "Point",
    "coordinates": [
     115.8573413,
     -31.94905524
    ]
   },
   "properties": {
    "name": "SHOP 6, 60-66 ROE STREET NORTHBRIDGE 6003",
    "locID": "LOC000132009424",
    "tech": "FTTC",
    "upgrade": "FTTP_NA",
    "gnaf_pid": "GAWA_147222038",
    "ee": true,
    "tech_change_status": "MDU Complex Eligible To Apply"
   }
  },
  {
   "type": "Feature",
   "geometry": {
    "type": "Point",
    "coordinates": [
     115.8573413,
     -31.94905524
    ]
   },
   "properties": {
    "name": "SHOP 10, 60-66 ROE STREET NORTHBRIDGE 6003",
    "locID": "LOC000132009424",
    "tech": "FTTC",
    "upgrade": "FTTP_NA",
    "gnaf_pid": "GAWA_147227391",
    "ee": true,
    "tech_change_status": "MDU Complex Eligible To Apply"
   }
  },
  {
   "type": "Feature",
   "geometry": {
    "type": "Point",
    "coordinates": [
     115.8573413,
     -31.94905524
    ]
   },
   "properties": {
    "name": "SHOP 2, 60-66 ROE STREET NORTHBRIDGE 6003",
    "locID": "LOC000132009424",
    "tech": "FTTC",
    "upgrade": "FTTP_NA",
    "gnaf_pid": "GAWA_147227392",
    "ee": true,
    "tech_change_status": "MDU Complex Eligible To Apply"
   }
  },
  {
   "type": "Feature",
   "geometry": {
    "type": "Point",
    "coordinates": [
     115.8573413,
     -31.94905524
    ]
   },
   "properties": {
    "name": "SHOP 12, 60-66 ROE STREET NORTHBRIDGE 6003",
    "locID": "LOC000132009424",
    "tech": "FTTC",
    "upgrade": "FTTP_NA",
    "gnaf_pid": "GAWA_147227393",
    "ee": true,
    "tech_change_status": "MDU Complex Eligible To Apply"
   }
  },
  {
   "type": "Feature",
   "geometry": {
    "type": "Point",
    "coordinates": [
     115.8573413,
     -31.94905524
    ]
   },
   "properties": {
    "name": "SHOP 1, 60-66 ROE STREET NORTHBRIDGE 6003",
    "locID": "LOC000132009424",
    "tech": "FTTC",
    "upgrade": "FTTP_NA",
    "gnaf_pid": "GAWA_147237306",
    "ee": true,
    "tech_change_status": "MDU Complex Eligible To Apply"
   }
  },
  {
   "type": "Feature",
   "geometry": {
    "type": "Point",
    "coordinates": [
     115.8573413,
     -31.94905524
    ]
   },
   "properties": {
    "name": "SHOP 3, 60-66 ROE STREET NORTHBRIDGE 6003",
    "locID": "LOC000132009424",
    "tech": "FTTC",
    "upgrade": "FTTP_NA",
    "gnaf_pid": "GAWA_147237307",
    "ee": true,
    "tech_change_status": "MDU Complex Eligible To Apply"
   }
  },
  {
   "type": "Feature",
   "geometry": {
    "type": "Point",
    "coordinates": [
     115.8573413,
     -31.94905524
    ]
   },
   "properties": {
    "name": "SHOP 5, 60-66 ROE STREET NORTHBRIDGE 6003",
    "locID": "LOC000132009424",
    "tech": "FTTC",
    "upgrade": "FTTP_NA",
    "gnaf_pid": "GAWA_147237308",
    "ee": true,
    "tech_change_status": "MDU Complex Eligible To Apply"
   }
  },
  {
   "type": "Feature",
   "geometry": {
    "type": "Point",
    "coordinates": [
     115.8573413,
     -31.94905524
    ]
   },
   "properties": {
    "name": "SHOP 7, 60-66 ROE STREET NORTHBRIDGE 6003",
    "locID": "LOC000132009424",
    "tech": "FTTC",
    "upgrade": "FTTP_NA",
    "gnaf_pid": "GAWA_147237309",
    "ee": true,
    "tech_change_status": "MDU Complex Eligible To Apply"
   }
  },
  {
   "type": "Feature",
   "geometry": {
    "type": "Point",
    "coordinates": [
     115.8573413,
     -31.94905524
    ]
   },
   "properties": {
    "name": "SHOP 9, 60-66 ROE STREET NORTHBRIDGE 6003",
    "locID": "LOC000132009424",
    "tech": "FTTC",
    "upgrade": "FTTP_NA",
    "gnaf_pid": "GAWA_147237310",
    "ee": true,
    "tech_change_status": "MDU Complex Eligible To Apply"
   }
  },
  {
   "type": "Feature",
   "geometry": {
    "type": "Point",
    "coordinates": [
     115.8573413,
     -31.94905524
    ]
   },
   "properties": {
    "name": "60 ROE STREET NORTHBRIDGE 6003",
    "locID": "LOC000088677615",
    "tech": "FTTC",
    "upgrade": "NULL_NA",
    "gnaf_pid": "GAWA_147237311",
    "ee": true
   }
  },
  {
   "type": "Feature",
   "geometry": {
    "type": "Point",
    "coordinates": [
     115.8573413,
     -31.94905524
    ]
   },
   "properties": {
    "name": "62 ROE STREET NORTHBRIDGE 6003",
    "locID": "LOC000074864355",
    "tech": "FTTC",
    "upgrade": "FTTP_SA",
    "gnaf_pid": "GAWA_147237312",
    "ee": true,
    "tech_change_status": "Eligible to Order"
   }
  },
  {
   "type": "Feature",
   "geometry": {
    "type": "Point",
    "coordinates": [
     115.8573413,
     -31.94905524
    ]
   },
   "properties": {
    "name": "SHOP 8, 60-66 ROE STREET NORTHBRIDGE 6003",
    "locID": "LOC000132009424",
    "tech": "FTTC",
    "upgrade": "FTTP_NA",
    "gnaf_pid": "GAWA_147237313",
    "ee": true,
    "tech_change_status": "MDU Complex Eligible To Apply"
   }
  },
  {
   "type": "Feature",
   "geometry": {
    "type": "Point",
    "coordinates": [
     115.85735266,
     -31.94551392
    ]
   },
   "properties": {
    "name": "120 ABERDEEN STREET NORTHBRIDGE 6003",
    "locID": "LOC000051638660",
    "tech": "FTTC",
    "upgrade": "NULL_NA",
    "gnaf_pid": "GAWA_147247736",
    "ee": true
   }
  },
  {
   "type": "Feature",
   "geometry": {
    "type": "Point",
    "coordinates": [
     115.85300837,
     -31.94552612
    ]
   },
   "properties": {
    "name": "UNIT 2, 60 FITZGERALD STREET NORTHBRIDGE 6003",
    "locID": "LOC000107496873",
    "tech": "FTTB",
    "upgrade": "NULL_NA",
    "gnaf_pid": "GAWA_147255477",
    "ee": true
   }
  },
  {
   "type": "Feature",
   "geometry": {
    "type": "Point",
    "coordinates": [
     115.85300837,
     -31.94552612
    ]
   },
   "properties": {
    "name": "UNIT 1, 60 FITZGERALD STREET NORTHBRIDGE 6003",
    "locID": "LOC000107719641",
    "tech": "FTTB",
    "upgrade": "NULL_NA",
    "gnaf_pid": "GAWA_147255478",
    "ee": true
   }
  },
  {
   "type": "Feature",
   "geometry": {
    "type": "Point",
    "coordinates": [
     115.85300837,
     -31.94552612
    ]
   },
   "properties": {
    "name": "UNIT 3, 62 FITZGERALD STREET NORTHBRIDGE 6003",
    "locID": "LOC100071828292",
    "tech": "FTTB",
    "upgrade": "NULL_NA",
    "gnaf_pid": "GAWA_147256039",
    "ee": true
   }
  },
  {
   "type": "Feature",
   "geometry": {
    "type": "Point",
    "coordinates": [
     115.85300837,
     -31.94552612
    ]
   },
   "properties": {
    "name": "UNIT 2, 62 FITZGERALD STREET NORTHBRIDGE 6003",
    "locID": "LOC100071828292",
    "tech": "FTTB",
    "upgrade": "NULL_NA",
    "gnaf_pid": "GAWA_147256040",
    "ee": true
   }
  },
  {
   "type": "Feature",
   "geometry": {
    "type": "Point",
    "coordinates": [
     115.85300837,
     -31.94552612
    ]
   },
   "properties": {
    "name": "UNIT 1, 62 FITZGERALD STREET NORTHBRIDGE 6003",
    "locID": "LOC100071828292",
    "tech": "FTTB",
    "upgrade": "NULL_NA",
    "gnaf_pid": "GAWA_147256041",
    "ee": true
   }
  },
  {
   "type": "Feature",
   "geometry": {
    "type": "Point",
    "coordinates": [
     115.85300837,
     -31.94552612
    ]
   },
   "properties": {
    "name": "UNIT 3, 48 FITZGERALD STREET NORTHBRIDGE 6003",
    "locID": "LOC000096140265",
    "tech": "FTTB",
    "upgrade": "NULL_NA",
    "gnaf_pid": "GAWA_147256050",
    "ee": true
   }
  },
  {
   "type": "Feature",
   "geometry": {
    "type": "Point",
    "coordinates": [
     115.85300837,
     -31.94552612
    ]
   },
   "properties": {
    "name": "UNIT 2, 48 FITZGERALD STREET NORTHBRIDGE 6003",
    "locID": "LOC000095763300",
    "tech": "FTTB",
    "upgrade": "NULL_NA",
    "gnaf_pid": "GAWA_147256051",
    "ee": true
   }
  },
  {
   "type": "Feature",
   "geometry": {
    "type": "Point",
    "coordinates": [
     115.85577681,
     -31.94718239
    ]
   },
   "properties": {
    "name": "UNIT 1, 182 JAMES STREET NORTHBRIDGE 6003",
    "locID": "LOC000103637902",
    "tech": "FTTB",
    "upgrade": "NULL_NA",
    "gnaf_pid": "GAWA_147256301",
    "ee": true
   }
  },
  {
   "type": "Feature",
   "geometry": {
    "type": "Point",
    "coordinates": [
     115.85577681,
     -31.94718239
    ]
   },
   "properties": {
    "name": "UNIT 2, 182 JAMES STREET NORTHBRIDGE 6003",
    "locID": "LOC000103533247",
    "tech": "FTTB",
    "upgrade": "NULL_NA",
    "gnaf_pid": "GAWA_147256302",
    "ee": true
   }
  },
  {
   "type": "Feature",
   "geometry": {
    "type": "Point",
    "coordinates": [
     115.85300837,
     -31.94552612
    ]
   },
   "properties": {
    "name": "UNIT 8, 62 FITZGERALD STREET NORTHBRIDGE 6003",
    "locID": "LOC000097933579",
    "tech": "FTTB",
    "upgrade": "NULL_NA",
    "gnaf_pid": "GAWA_147257691",
    "ee": true
   }
  },
  {
   "type": "Feature",
   "geometry": {
    "type": "Point",
    "coordinates": [
     115.85300837,
     -31.94552612
    ]
   },
   "properties": {
    "name": "UNIT 7, 62 FITZGERALD STREET NORTHBRIDGE 6003",
    "locID": "LOC000098502539",
    "tech": "FTTB",
    "upgrade": "NULL_NA",
    "gnaf_pid": "GAWA_147257692",
    "ee": true
   }
  },
  {
   "type": "Feature",
   "geometry": {
    "type": "Point",
    "coordinates": [
     115.85320632,
     -31.94593236
    ]
   },
   "properties": {
    "name": "UNIT 4, 228 JAMES STREET NORTHBRIDGE 6003",
    "locID": "LOC000098023845",
    "tech": "FTTB",
    "upgrade": "NULL_NA",
    "gnaf_pid": "GAWA_147275807",
    "ee": true
   }
  },
  {
   "type": "Feature",
   "geometry": {
    "type": "Point",
    "coordinates": [
     115.85320632,
     -31.94593236
    ]
   },
   "properties": {
    "name": "UNIT 5, 228 JAMES STREET NORTHBRIDGE 6003",
    "locID": "LOC000097717953",
    "tech": "FTTB",
    "upgrade": "NULL_NA",
    "gnaf_pid": "GAWA_147275808",
    "ee": true
   }
  },
  {
   "type": "Feature",
   "geometry": {
    "type": "Point",
    "coordinates": [
     115.85300837,
     -31.94552612
    ]
   },
   "properties": {
    "name": "UNIT 5, 62 FITZGERALD STREET NORTHBRIDGE 6003",
    "locID": "LOC000098550369",
    "tech": "FTTB",
    "upgrade": "NULL_NA",
    "gnaf_pid": "GAWA_147275812",
    "ee": true
   }
  },
  {
   "type": "Feature",
   "geometry": {
    "type": "Point",
    "coordinates": [
     115.85300837,
     -31.94552612
    ]
   },
   "properties": {
    "name": "UNIT 4, 62 FITZGERALD STREET NORTHBRIDGE 6003",
    "locID": "LOC000098524489",
    "tech": "FTTB",
    "upgrade": "NULL_NA",
    "gnaf_pid": "GAWA_147275813",
    "ee": true
   }
  },
  {
   "type": "Feature",
   "geometry": {
    "type": "Point",
    "coordinates": [
     115.85300837,
     -31.94552612
    ]
   },
   "properties": {
    "name": "UNIT 9, 48 FITZGERALD STREET NORTHBRIDGE 6003",
    "locID": "LOC000096143846",
    "tech": "FTTB",
    "upgrade": "NULL_NA",
    "gnaf_pid": "GAWA_147275814",
    "ee": true
   }
  },
  {
   "type": "Feature",
   "geometry": {
    "type": "Point",
    "coordinates": [
     115.85300837,
     -31.94552612
    ]
   },
   "properties": {
    "name": "UNIT 8, 48 FITZGERALD STREET NORTHBRIDGE 6003",
    "locID": "LOC000095958073",
    "tech": "FTTB",
    "upgrade": "NULL_NA",
    "gnaf_pid": "GAWA_147275815",
    "ee": true
   }
  },
  {
   "type": "Feature",
   "geometry": {
    "type": "Point",
    "coordinates": [
     115.85320632,
     -31.94593236
    ]
   },
   "properties": {
    "name": "UNIT 43, 228 JAMES STREET NORTHBRIDGE 6003",
    "locID": "LOC000098422384",
    "tech": "FTTB",
    "upgrade": "NULL_NA",
    "gnaf_pid": "GAWA_147281640",
    "ee": true
   }
  },
  {
   "type": "Feature",
   "geometry": {
    "type": "Point",
    "coordinates": [
     115.85497693,
     -31.945341
    ]
   },
   "properties": {
    "name": "UNIT 12, 43 SHENTON STREET NORTHBRIDGE 6003",
    "locID": "LOC000012873001",
    "tech": "FTTC",
    "upgrade": "FTTP_NA",
    "gnaf_pid": "GAWA_147284119",
    "ee": true,
    "tech_change_status": "MDU Complex Eligible To Apply"
   }
  },
  {
   "type": "Feature",
   "geometry": {
    "type": "Point",
    "coordinates": [
     115.85497693,
     -31.945341
    ]
   },
   "properties": {
    "name": "UNIT 14, 43 SHENTON STREET NORTHBRIDGE 6003",
    "locID": "LOC000012873306",
    "tech": "FTTC",
    "upgrade": "FTTP_NA",
    "gnaf_pid": "GAWA_147284120",
    "ee": true,
    "tech_change_status": "MDU Complex Eligible To Apply"
   }
  },
  {
   "type": "Feature",
   "geometry": {
    "type": "Point",
    "coordinates": [
     115.85497693,
     -31.945341
    ]
   },
   "properties": {
    "name": "UNIT 15, 43 SHENTON STREET NORTHBRIDGE 6003",
    "locID": "LOC000012886891",
    "tech": "FTTC",
    "upgrade": "FTTP_NA",
    "gnaf_pid": "GAWA_147284121",
    "ee": true,
    "tech_change_status": "MDU Complex Eligible To Apply"
   }
  },
  {
   "type": "Feature",
   "geometry": {
    "type": "Point",
    "coordinates": [
     115.856021,
     -31.94489
    ]
   },
   "properties": {
    "name": "154 ABERDEEN STREET NORTHBRIDGE 6003",
    "locID": "LOC000132038894",
    "tech": "FTTC",
    "upgrade": "FTTP_NA",
    "gnaf_pid": "GAWA_147286872",
    "ee": true,
    "tech_change_status": "MDU Complex Eligible To Apply"
   }
  },
  {
   "type": "Feature",
   "geometry": {
    "type": "Point",
    "coordinates": [
     115.85320632,
     -31.94593236
    ]
   },
   "properties": {
    "name": "UNIT 32, 228 JAMES STREET NORTHBRIDGE 6003",
    "locID": "LOC000097992781",
    "tech": "FTTB",
    "upgrade": "NULL_NA",
    "gnaf_pid": "GAWA_147288004",
    "ee": true
   }
  },
  {
   "type": "Feature",
   "geometry": {
    "type": "Point",
    "coordinates": [
     115.85320632,
     -31.94593236
    ]
   },
   "properties": {
    "name": "UNIT 15, 228 JAMES STREET NORTHBRIDGE 6003",
    "locID": "LOC100023904222",
    "tech": "FTTB",
    "upgrade": "NULL_NA",
    "gnaf_pid": "GAWA_147288011",
    "ee": true
   }
  },
  {
   "type": "Feature",
   "geometry": {
    "type": "Point",
    "coordinates": [
     115.85320632,
     -31.94593236
    ]
   },
   "properties": {
    "name": "UNIT 19, 228 JAMES STREET NORTHBRIDGE 6003",
    "locID": "LOC000097889254",
    "tech": "FTTB",
    "upgrade": "NULL_NA",
    "gnaf_pid": "GAWA_147288015",
    "ee": true
   }
  },
  {
   "type": "Feature",
   "geometry": {
    "type": "Point",
    "coordinates": [
     115.85300837,
     -31.94552612
    ]
   },
   "properties": {
    "name": "UNIT 5, 60 FITZGERALD STREET NORTHBRIDGE 6003",
    "locID": "LOC000107685390",
    "tech": "FTTB",
    "upgrade": "NULL_NA",
    "gnaf_pid": "GAWA_147288018",
    "ee": true
   }
  },
  {
   "type": "Feature",
   "geometry": {
    "type": "Point",
    "coordinates": [
     115.85300837,
     -31.94552612
    ]
   },
   "properties": {
    "name": "UNIT 9, 62 FITZGERALD STREET NORTHBRIDGE 6003",
    "locID": "LOC000097907192",
    "tech": "FTTB",
    "upgrade": "NULL_NA",
    "gnaf_pid": "GAWA_147288019",
    "ee": true
   }
  },
  {
   "type": "Feature",
   "geometry": {
    "type": "Point",
    "coordinates": [
     115.85320632,
     -31.94593236
    ]
   },
   "properties": {
    "name": "UNIT 1, 228 JAMES STREET NORTHBRIDGE 6003",
    "locID": "LOC000132009469",
    "tech": "FTTB",
    "upgrade": "NULL_NA",
    "gnaf_pid": "GAWA_147288022",
    "ee": true
   }
  },
  {
   "type": "Feature",
   "geometry": {
    "type": "Point",
    "coordinates": [
     115.85320632,
     -31.94593236
    ]
   },
   "properties": {
    "name": "UNIT 2, 228 JAMES STREET NORTHBRIDGE 6003",
    "locID": "LOC000097972843",
    "tech": "FTTB",
    "upgrade": "NULL_NA",
    "gnaf_pid": "GAWA_147288023",
    "ee": true
   }
  },
  {
   "type": "Feature",
   "geometry": {
    "type": "Point",
    "coordinates": [
     115.85320632,
     -31.94593236
    ]
   },
   "properties": {
    "name": "UNIT 3, 228 JAMES STREET NORTHBRIDGE 6003",
    "locID": "LOC000098041630",
    "tech": "FTTB",
    "upgrade": "NULL_NA",
    "gnaf_pid": "GAWA_147288024",
    "ee": true
   }
  },
  {
   "type": "Feature",
   "geometry": {
    "type": "Point",
    "coordinates": [
     115.85613551,
     -31.94464986
    ]
   },
   "properties": {
    "name": "15 PALMERSTON STREET NORTHBRIDGE 6003",
    "locID": "LOC000132021287",
    "tech": "FTTC",
    "upgrade": "FTTP_SA",
    "gnaf_pid": "GAWA_147289884",
    "ee": true,
    "tech_change_status": "Eligible to Order"
   }
  },
  {
   "type": "Feature",
   "geometry": {
    "type": "Point",
    "coordinates": [
     115.8561807,
     -31.94457775
    ]
   },
   "properties": {
    "name": "17 PALMERSTON STREET NORTHBRIDGE 6003",
    "locID": "LOC000132021336",
    "tech": "FTTP",
    "upgrade": "NULL_NA",
    "gnaf_pid": "GAWA_147289885",
    "ee": true
   }
  },
  {
   "type": "Feature",
   "geometry": {
    "type": "Point",
    "coordinates": [
     115.85300837,
     -31.94552612
    ]
   },
   "properties": {
    "name": "UNIT 7, 48 FITZGERALD STREET NORTHBRIDGE 6003",
    "locID": "LOC000095950928",
    "tech": "FTTB",
    "upgrade": "NULL_NA",
    "gnaf_pid": "GAWA_147290774",
    "ee": true
   }
  },
  {
   "type": "Feature",
   "geometry": {
    "type": "Point",
    "coordinates": [
     115.85300837,
     -31.94552612
    ]
   },
   "properties": {
    "name": "UNIT 6, 50 FITZGERALD STREET NORTHBRIDGE 6003",
    "locID": "LOC000040042093",
    "tech": "FTTB",
    "upgrade": "NULL_NA",
    "gnaf_pid": "GAWA_147290775",
    "ee": true
   }
  },
  {
   "type": "Feature",
   "geometry": {
    "type": "Point",
    "coordinates": [
     115.85300837,
     -31.94552612
    ]
   },
   "properties": {
    "name": "UNIT 5, 50 FITZGERALD STREET NORTHBRIDGE 6003",
    "locID": "LOC000040042093",
    "tech": "FTTB",
    "upgrade": "NULL_NA",
    "gnaf_pid": "GAWA_147290776",
    "ee": true
   }
  },
  {
   "type": "Feature",
   "geometry": {
    "type": "Point",
    "coordinates": [
     115.85300837,
     -31.94552612
    ]
   },
   "properties": {
    "name": "UNIT 6, 52 FITZGERALD STREET NORTHBRIDGE 6003",
    "locID": "LOC000091852148",
    "tech": "FTTB",
    "upgrade": "NULL_NA",
    "gnaf_pid": "GAWA_147290777",
    "ee": true
   }
  },
  {
   "type": "Feature",
   "geometry": {
    "type": "Point",
    "coordinates": [
     115.85300837,
     -31.94552612
    ]
   },
   "properties": {
    "name": "UNIT 6, 58 FITZGERALD STREET NORTHBRIDGE 6003",
    "locID": "LOC000089174777",
    "tech": "FTTB",
    "upgrade": "NULL_NA",
    "gnaf_pid": "GAWA_147290779",
    "ee": true
   }
  },
  {
   "type": "Feature",
   "geometry": {
    "type": "Point",
    "coordinates": [
     115.85300837,
     -31.94552612
    ]
   },
   "properties": {
    "name": "UNIT 2, 58 FITZGERALD STREET NORTHBRIDGE 6003",
    "locID": "LOC000089236192",
    "tech": "FTTB",
    "upgrade": "NULL_NA",
    "gnaf_pid": "GAWA_147290791",
    "ee": true
   }
  },
  {
   "type": "Feature",
   "geometry": {
    "type": "Point",
    "coordinates": [
     115.85300837,
     -31.94552612
    ]
   },
   "properties": {
    "name": "UNIT 1, 58 FITZGERALD STREET NORTHBRIDGE 6003",
    "locID": "LOC000089081891",
    "tech": "FTTB",
    "upgrade": "NULL_NA",
    "gnaf_pid": "GAWA_147290792",
    "ee": true
   }
  },
  {
   "type": "Feature",
   "geometry": {
    "type": "Point",
    "coordinates": [
     115.85708514,
     -31.94466423
    ]
   },
   "properties": {
    "name": "299 NEWCASTLE STREET NORTHBRIDGE 6003",
    "locID": "LOC000074651507",
    "tech": "FTTC",
    "upgrade": "FTTP_NA",
    "gnaf_pid": "GAWA_147292897",
    "ee": true,
    "tech_change_status": "MDU Complex Eligible To Apply"
   }
  },
  {
   "type": "Feature",
   "geometry": {
    "type": "Point",
    "coordinates": [
     115.85677,
     -31.94458
    ]
   },
   "properties": {
    "name": "22 PALMERSTON STREET NORTHBRIDGE 6003",
    "locID": "LOC000034464229",
    "tech": "FTTP",
    "upgrade": "NULL_NA",
    "gnaf_pid": "GAWA_147292898",
    "ee": true
   }
  },
  {
   "type": "Feature",
   "geometry": {
    "type": "Point",
    "coordinates": [
     115.85300837,
     -31.94552612
    ]
   },
   "properties": {
    "name": "UNIT 6, 60 FITZGERALD STREET NORTHBRIDGE 6003",
    "locID": "LOC000108672053",
    "tech": "FTTB",
    "upgrade": "NULL_NA",
    "gnaf_pid": "GAWA_147293788",
    "ee": true
   }
  },
  {
   "type": "Feature",
   "geometry": {
    "type": "Point",
    "coordinates": [
     115.85300837,
     -31.94552612
    ]
   },
   "properties": {
    "name": "UNIT 6, 48 FITZGERALD STREET NORTHBRIDGE 6003",
    "locID": "LOC000095673878",
    "tech": "FTTB",
    "upgrade": "NULL_NA",
    "gnaf_pid": "GAWA_147293789",
    "ee": true
   }
  },
  {
   "type": "Feature",
   "geometry": {
    "type": "Point",
    "coordinates": [
     115.85300837,
     -31.94552612
    ]
   },
   "properties": {
    "name": "UNIT 5, 48 FITZGERALD STREET NORTHBRIDGE 6003",
    "locID": "LOC000095978741",
    "tech": "FTTB",
    "upgrade": "NULL_NA",
    "gnaf_pid": "GAWA_147293790",
    "ee": true
   }
  },
  {
   "type": "Feature",
   "geometry": {
    "type": "Point",
    "coordinates": [
     115.85300837,
     -31.94552612
    ]
   },
   "properties": {
    "name": "UNIT 3, 50 FITZGERALD STREET NORTHBRIDGE 6003",
    "locID": "LOC000040042093",
    "tech": "FTTB",
    "upgrade": "NULL_NA",
    "gnaf_pid": "GAWA_147293793",
    "ee": true
   }
  },
  {
   "type": "Feature",
   "geometry": {
    "type": "Point",
    "coordinates": [
     115.85300837,
     -31.94552612
    ]
   },
   "properties": {
    "name": "UNIT 4, 52 FITZGERALD STREET NORTHBRIDGE 6003",
    "locID": "LOC000091650897",
    "tech": "FTTB",
    "upgrade": "NULL_NA",
    "gnaf_pid": "GAWA_147293794",
    "ee": true
   }
  },
  {
   "type": "Feature",
   "geometry": {
    "type": "Point",
    "coordinates": [
     115.85300837,
     -31.94552612
    ]
   },
   "properties": {
    "name": "UNIT 4, 58 FITZGERALD STREET NORTHBRIDGE 6003",
    "locID": "LOC000089063466",
    "tech": "FTTB",
    "upgrade": "NULL_NA",
    "gnaf_pid": "GAWA_147293808",
    "ee": true
   }
  },
  {
   "type": "Feature",
   "geometry": {
    "type": "Point",
    "coordinates": [
     115.85300837,
     -31.94552612
    ]
   },
   "properties": {
    "name": "UNIT 3, 58 FITZGERALD STREET NORTHBRIDGE 6003",
    "locID": "LOC000089217763",
    "tech": "FTTB",
    "upgrade": "NULL_NA",
    "gnaf_pid": "GAWA_147293809",
    "ee": true
   }
  },
  {
   "type": "Feature",
   "geometry": {
    "type": "Point",
    "coordinates": [
     115.85300837,
     -31.94552612
    ]
   },
   "properties": {
    "name": "UNIT 4, 60 FITZGERALD STREET NORTHBRIDGE 6003",
    "locID": "LOC000107653940",
    "tech": "FTTB",
    "upgrade": "NULL_NA",
    "gnaf_pid": "GAWA_147293810",
    "ee": true
   }
  },
  {
   "type": "Feature",
   "geometry": {
    "type": "Point",
    "coordinates": [
     115.85300837,
     -31.94552612
    ]
   },
   "properties": {
    "name": "UNIT 3, 60 FITZGERALD STREET NORTHBRIDGE 6003",
    "locID": "LOC000108733834",
    "tech": "FTTB",
    "upgrade": "NULL_NA",
    "gnaf_pid": "GAWA_147293811",
    "ee": true
   }
  },
  {
   "type": "Feature",
   "geometry": {
    "type": "Point",
    "coordinates": [
     115.85300837,
     -31.94552612
    ]
   },
   "properties": {
    "name": "UNIT 6, 62 FITZGERALD STREET NORTHBRIDGE 6003",
    "locID": "LOC000098545096",
    "tech": "FTTB",
    "upgrade": "NULL_NA",
    "gnaf_pid": "GAWA_147293812",
    "ee": true
   }
  },
  {
   "type": "Feature",
   "geometry": {
    "type": "Point",
    "coordinates": [
     115.85300837,
     -31.94552612
    ]
   },
   "properties": {
    "name": "UNIT 1, 50 FITZGERALD STREET NORTHBRIDGE 6003",
    "locID": "LOC000040009056",
    "tech": "FTTB",
    "upgrade": "NULL_NA",
    "gnaf_pid": "GAWA_147293813",
    "ee": true
   }
  },
  {
   "type": "Feature",
   "geometry": {
    "type": "Point",
    "coordinates": [
     115.85300837,
     -31.94552612
    ]
   },
   "properties": {
    "name": "UNIT 2, 52 FITZGERALD STREET NORTHBRIDGE 6003",
    "locID": "LOC000091605572",
    "tech": "FTTB",
    "upgrade": "NULL_NA",
    "gnaf_pid": "GAWA_147293814",
    "ee": true
   }
  },
  {
   "type": "Feature",
   "geometry": {
    "type": "Point",
    "coordinates": [
     115.85300837,
     -31.94552612
    ]
   },
   "properties": {
    "name": "UNIT 1, 52 FITZGERALD STREET NORTHBRIDGE 6003",
    "locID": "LOC000091852148",
    "tech": "FTTB",
    "upgrade": "NULL_NA",
    "gnaf_pid": "GAWA_147293815",
    "ee": true
   }
  },
  {
   "type": "Feature",
   "geometry": {
    "type": "Point",
    "coordinates": [
     115.85300837,
     -31.94552612
    ]
   },
   "properties": {
    "name": "54 FITZGERALD STREET NORTHBRIDGE 6003",
    "locID": "LOC000002144277",
    "tech": "FTTB",
    "upgrade": "NULL_NA",
    "gnaf_pid": "GAWA_147293816",
    "ee": true
   }
  },
  {
   "type": "Feature",
   "geometry": {
    "type": "Point",
    "coordinates": [
     115.85300837,
     -31.94552612
    ]
   },
   "properties": {
    "name": "56 FITZGERALD STREET NORTHBRIDGE 6003",
    "locID": "LOC000069451723",
    "tech": "FTTB",
    "upgrade": "NULL_NA",
    "gnaf_pid": "GAWA_147293817",
    "ee": true
   }
  },
  {
   "type": "Feature",
   "geometry": {
    "type": "Point",
    "coordinates": [
     115.85411126,
     -31.94604796
    ]
   },
   "properties": {
    "name": "16 LITTLE SHENTON LANE NORTHBRIDGE 6003",
    "locID": "LOC000020393891",
    "tech": "FTTC",
    "upgrade": "FTTP_SA",
    "gnaf_pid": "GAWA_147293953",
    "ee": true,
    "tech_change_status": "Eligible to Order"
   }
  },
  {
   "type": "Feature",
   "geometry": {
    "type": "Point",
    "coordinates": [
     115.85497693,
     -31.945341
    ]
   },
   "properties": {
    "name": "UNIT 1, 43 SHENTON STREET NORTHBRIDGE 6003",
    "locID": "LOC000012934209",
    "tech": "FTTC",
    "upgrade": "FTTP_NA",
    "gnaf_pid": "GAWA_147294482",
    "ee": true,
    "tech_change_status": "MDU Complex Eligible To Apply"
   }
  },
  {
   "type": "Feature",
   "geometry": {
    "type": "Point",
    "coordinates": [
     115.85497693,
     -31.945341
    ]
   },
   "properties": {
    "name": "UNIT 2, 43 SHENTON STREET NORTHBRIDGE 6003",
    "locID": "LOC000012870930",
    "tech": "FTTC",
    "upgrade": "FTTP_NA",
    "gnaf_pid": "GAWA_147294483",
    "ee": true,
    "tech_change_status": "MDU Complex Eligible To Apply"
   }
  },
  {
   "type": "Feature",
   "geometry": {
    "type": "Point",
    "coordinates": [
     115.85497693,
     -31.945341
    ]
   },
   "properties": {
    "name": "UNIT 3, 43 SHENTON STREET NORTHBRIDGE 6003",
    "locID": "LOC000012955501",
    "tech": "FTTC",
    "upgrade": "FTTP_NA",
    "gnaf_pid": "GAWA_147294484",
    "ee": true,
    "tech_change_status": "MDU Complex Eligible To Apply"
   }
  },
  {
   "type": "Feature",
   "geometry": {
    "type": "Point",
    "coordinates": [
     115.85497693,
     -31.945341
    ]
   },
   "properties": {
    "name": "UNIT 4, 43 SHENTON STREET NORTHBRIDGE 6003",
    "locID": "LOC000012774463",
    "tech": "FTTC",
    "upgrade": "FTTP_NA",
    "gnaf_pid": "GAWA_147294485",
    "ee": true,
    "tech_change_status": "MDU Complex Eligible To Apply"
   }
  },
  {
   "type": "Feature",
   "geometry": {
    "type": "Point",
    "coordinates": [
     115.85497693,
     -31.945341
    ]
   },
   "properties": {
    "name": "UNIT 5, 43 SHENTON STREET NORTHBRIDGE 6003",
    "locID": "LOC000012881160",
    "tech": "FTTC",
    "upgrade": "FTTP_NA",
    "gnaf_pid": "GAWA_147294486",
    "ee": true,
    "tech_change_status": "MDU Complex Eligible To Apply"
   }
  },
  {
   "type": "Feature",
   "geometry": {
    "type": "Point",
    "coordinates": [
     115.85497693,
     -31.945341
    ]
   },
   "properties": {
    "name": "UNIT 6, 43 SHENTON STREET NORTHBRIDGE 6003",
    "locID": "LOC000012774463",
    "tech": "FTTC",
    "upgrade": "FTTP_NA",
    "gnaf_pid": "GAWA_147294487",
    "ee": true,
    "tech_change_status": "MDU Complex Eligible To Apply"
   }
  },
  {
   "type": "Feature",
   "geometry": {
    "type": "Point",
    "coordinates": [
     115.85497693,
     -31.945341
    ]
   },
   "properties": {
    "name": "UNIT 7, 43 SHENTON STREET NORTHBRIDGE 6003",
    "locID": "LOC000012953105",
    "tech": "FTTC",
    "upgrade": "FTTP_NA",
    "gnaf_pid": "GAWA_147294488",
    "ee": true,
    "tech_change_status": "MDU Complex Eligible To Apply"
   }
  },
  {
   "type": "Feature",
   "geometry": {
    "type": "Point",
    "coordinates": [
     115.85497693,
     -31.945341
    ]
   },
   "properties": {
    "name": "UNIT 8, 43 SHENTON STREET NORTHBRIDGE 6003",
    "locID": "LOC000012905548",
    "tech": "FTTC",
    "upgrade": "FTTP_NA",
    "gnaf_pid": "GAWA_147294489",
    "ee": true,
    "tech_change_status": "MDU Complex Eligible To Apply"
   }
  },
  {
   "type": "Feature",
   "geometry": {
    "type": "Point",
    "coordinates": [
     115.85497693,
     -31.945341
    ]
   },
   "properties": {
    "name": "UNIT 9, 43 SHENTON STREET NORTHBRIDGE 6003",
    "locID": "LOC000012954283",
    "tech": "FTTC",
    "upgrade": "FTTP_NA",
    "gnaf_pid": "GAWA_147294490",
    "ee": true,
    "tech_change_status": "MDU Complex Eligible To Apply"
   }
  },
  {
   "type": "Feature",
   "geometry": {
    "type": "Point",
    "coordinates": [
     115.85497693,
     -31.945341
    ]
   },
   "properties": {
    "name": "UNIT 10, 43 SHENTON STREET NORTHBRIDGE 6003",
    "locID": "LOC000012839859",
    "tech": "FTTC",
    "upgrade": "FTTP_NA",
    "gnaf_pid": "GAWA_147294491",
    "ee": true,
    "tech_change_status": "MDU Complex Eligible To Apply"
   }
  },
  {
   "type": "Feature",
   "geometry": {
    "type": "Point",
    "coordinates": [
     115.85497693,
     -31.945341
    ]
   },
   "properties": {
    "name": "UNIT 11, 43 SHENTON STREET NORTHBRIDGE 6003",
    "locID": "LOC000012898224",
    "tech": "FTTC",
    "upgrade": "FTTP_NA",
    "gnaf_pid": "GAWA_147294492",
    "ee": true,
    "tech_change_status": "MDU Complex Eligible To Apply"
   }
  },
  {
   "type": "Feature",
   "geometry": {
    "type": "Point",
    "coordinates": [
     115.85387,
     -31.94572
    ]
   },
   "properties": {
    "name": "17 LITTLE SHENTON LANE NORTHBRIDGE 6003",
    "locID": "LOC000089676311",
    "tech": "FTTC",
    "upgrade": "FTTP_SA",
    "gnaf_pid": "GAWA_147296084",
    "ee": true,
    "tech_change_status": "Eligible to Order"
   }
  },
  {
   "type": "Feature",
   "geometry": {
    "type": "Point",
    "coordinates": [
     115.85387,
     -31.94572
    ]
   },
   "properties": {
    "name": "15 LITTLE SHENTON LANE NORTHBRIDGE 6003",
    "locID": "LOC000032130805",
    "tech": "FTTC",
    "upgrade": "FTTP_SA",
    "gnaf_pid": "GAWA_147296085",
    "ee": true,
    "tech_change_status": "Eligible to Order"
   }
  },
  {
   "type": "Feature",
   "geometry": {
    "type": "Point",
    "coordinates": [
     115.85387,
     -31.94572
    ]
   },
   "properties": {
    "name": "11 LITTLE SHENTON LANE NORTHBRIDGE 6003",
    "locID": "LOC000051746842",
    "tech": "FTTC",
    "upgrade": "FTTP_SA",
    "gnaf_pid": "GAWA_147296086",
    "ee": true,
    "tech_change_status": "Eligible to Order"
   }
  },
  {
   "type": "Feature",
   "geometry": {
    "type": "Point",
    "coordinates": [
     115.85387,
     -31.94572
    ]
   },
   "properties": {
    "name": "9 LITTLE SHENTON LANE NORTHBRIDGE 6003",
    "locID": "LOC000037677460",
    "tech": "FTTP",
    "upgrade": "NULL_NA",
    "gnaf_pid": "GAWA_147296087",
    "ee": true
   }
  },
  {
   "type": "Feature",
   "geometry": {
    "type": "Point",
    "coordinates": [
     115.85387,
     -31.94572
    ]
   },
   "properties": {
    "name": "7 LITTLE SHENTON LANE NORTHBRIDGE 6003",
    "locID": "LOC000073333304",
    "tech": "FTTC",
    "upgrade": "FTTP_SA",
    "gnaf_pid": "GAWA_147296102",
    "ee": true,
    "tech_change_status": "Eligible to Order"
   }
  },
  {
   "type": "Feature",
   "geometry": {
    "type": "Point",
    "coordinates": [
     115.85387,
     -31.94572
    ]
   },
   "properties": {
    "name": "5 LITTLE SHENTON LANE NORTHBRIDGE 6003",
    "locID": "LOC000094428549",
    "tech": "FTTC",
    "upgrade": "FTTP_SA",
    "gnaf_pid": "GAWA_147296103",
    "ee": true,
    "tech_change_status": "Eligible to Order"
   }
  },
  {
   "type": "Feature",
   "geometry": {
    "type": "Point",
    "coordinates": [
     115.85387,
     -31.94572
    ]
   },
   "properties": {
    "name": "3 LITTLE SHENTON LANE NORTHBRIDGE 6003",
    "locID": "LOC000061514066",
    "tech": "FTTC",
    "upgrade": "FTTP_SA",
    "gnaf_pid": "GAWA_147296104",
    "ee": true,
    "tech_change_status": "Eligible to Order"
   }
  },
  {
   "type": "Feature",
   "geometry": {
    "type": "Point",
    "coordinates": [
     115.85387,
     -31.94572
    ]
   },
   "properties": {
    "name": "1 LITTLE SHENTON LANE NORTHBRIDGE 6003",
    "locID": "LOC000102202774",
    "tech": "FTTC",
    "upgrade": "FTTP_SA",
    "gnaf_pid": "GAWA_147296105",
    "ee": true,
    "tech_change_status": "Eligible to Order"
   }
  },
  {
   "type": "Feature",
   "geometry": {
    "type": "Point",
    "coordinates": [
     115.85411126,
     -31.94604796
    ]
   },
   "properties": {
    "name": "2 LITTLE SHENTON LANE NORTHBRIDGE 6003",
    "locID": "LOC000012015426",
    "tech": "FTTC",
    "upgrade": "FTTP_SA",
    "gnaf_pid": "GAWA_147296111",
    "ee": true,
    "tech_change_status": "Eligible to Order"
   }
  },
  {
   "type": "Feature",
   "geometry": {
    "type": "Point",
    "coordinates": [
     115.85320632,
     -31.94593236
    ]
   },
   "properties": {
    "name": "UNIT 14, 228 JAMES STREET NORTHBRIDGE 6003",
    "locID": "LOC100023904222",
    "tech": "FTTB",
    "upgrade": "NULL_NA",
    "gnaf_pid": "GAWA_147296746",
    "ee": true
   }
  },
  {
   "type": "Feature",
   "geometry": {
    "type": "Point",
    "coordinates": [
     115.85856,
     -31.94892
    ]
   },
   "properties": {
    "name": "77 JAMES STREET NORTHBRIDGE 6003",
    "locID": "LOC000061042769",
    "tech": "FTTC",
    "upgrade": "FTTP_SA",
    "gnaf_pid": "GAWA_147297417",
    "ee": true,
    "tech_change_status": "Eligible to Order"
   }
  },
  {
   "type": "Feature",
   "geometry": {
    "type": "Point",
    "coordinates": [
     115.85856,
     -31.94892
    ]
   },
   "properties": {
    "name": "79 JAMES STREET NORTHBRIDGE 6003",
    "locID": "LOC000046078486",
    "tech": "FTTC",
    "upgrade": "FTTP_SA",
    "gnaf_pid": "GAWA_147297418",
    "ee": true,
    "tech_change_status": "Eligible to Order"
   }
  },
  {
   "type": "Feature",
   "geometry": {
    "type": "Point",
    "coordinates": [
     115.85856,
     -31.94892
    ]
   },
   "properties": {
    "name": "81 JAMES STREET NORTHBRIDGE 6003",
    "locID": "LOC000015386665",
    "tech": "FTTC",
    "upgrade": "FTTP_SA",
    "gnaf_pid": "GAWA_147297419",
    "ee": true,
    "tech_change_status": "Eligible to Order"
   }
  },
  {
   "type": "Feature",
   "geometry": {
    "type": "Point",
    "coordinates": [
     115.85411126,
     -31.94604796
    ]
   },
   "properties": {
    "name": "4 LITTLE SHENTON LANE NORTHBRIDGE 6003",
    "locID": "LOC000056983313",
    "tech": "FTTC",
    "upgrade": "FTTP_SA",
    "gnaf_pid": "GAWA_147301881",
    "ee": true,
    "tech_change_status": "Eligible to Order"
   }
  },
  {
   "type": "Feature",
   "geometry": {
    "type": "Point",
    "coordinates": [
     115.85411126,
     -31.94604796
    ]
   },
   "properties": {
    "name": "6 LITTLE SHENTON LANE NORTHBRIDGE 6003",
    "locID": "LOC000046492799",
    "tech": "FTTC",
    "upgrade": "FTTP_SA",
    "gnaf_pid": "GAWA_147301882",
    "ee": true,
    "tech_change_status": "Eligible to Order"
   }
  },
  {
   "type": "Feature",
   "geometry": {
    "type": "Point",
    "coordinates": [
     115.85411126,
     -31.94604796
    ]
   },
   "properties": {
    "name": "8 LITTLE SHENTON LANE NORTHBRIDGE 6003",
    "locID": "LOC000065465326",
    "tech": "FTTC",
    "upgrade": "FTTP_SA",
    "gnaf_pid": "GAWA_147301883",
    "ee": true,
    "tech_change_status": "Eligible to Order"
   }
  },
  {
   "type": "Feature",
   "geometry": {
    "type": "Point",
    "coordinates": [
     115.85300837,
     -31.94552612
    ]
   },
   "properties": {
    "name": "UNIT 1, 48 FITZGERALD STREET NORTHBRIDGE 6003",
    "locID": "LOC000096140265",
    "tech": "FTTB",
    "upgrade": "NULL_NA",
    "gnaf_pid": "GAWA_147308314",
    "ee": true
   }
  },
  {
   "type": "Feature",
   "geometry": {
    "type": "Point",
    "coordinates": [
     115.85436767,
     -31.94580855
    ]
   },
   "properties": {
    "name": "13 JOHN STREET NORTHBRIDGE 6003",
    "locID": "LOC000022818868",
    "tech": "FTTC",
    "upgrade": "FTTP_SA",
    "gnaf_pid": "GAWA_147308953",
    "ee": true,
    "tech_change_status": "Eligible to Order"
   }
  },
  {
   "type": "Feature",
   "geometry": {
    "type": "Point",
    "coordinates": [
     115.85300837,
     -31.94552612
    ]
   },
   "properties": {
    "name": "UNIT 2, 50 FITZGERALD STREET NORTHBRIDGE 6003",
    "locID": "LOC000040113478",
    "tech": "FTTB",
    "upgrade": "NULL_NA",
    "gnaf_pid": "GAWA_147308976",
    "ee": true
   }
  },
  {
   "type": "Feature",
   "geometry": {
    "type": "Point",
    "coordinates": [
     115.85411126,
     -31.94604796
    ]
   },
   "properties": {
    "name": "10 LITTLE SHENTON LANE NORTHBRIDGE 6003",
    "locID": "LOC000038938968",
    "tech": "FTTC",
    "upgrade": "FTTP_SA",
    "gnaf_pid": "GAWA_147310059",
    "ee": true,
    "tech_change_status": "Eligible to Order"
   }
  },
  {
   "type": "Feature",
   "geometry": {
    "type": "Point",
    "coordinates": [
     115.85411126,
     -31.94604796
    ]
   },
   "properties": {
    "name": "12 LITTLE SHENTON LANE NORTHBRIDGE 6003",
    "locID": "LOC000054602340",
    "tech": "FTTC",
    "upgrade": "FTTP_SA",
    "gnaf_pid": "GAWA_147310060",
    "ee": true,
    "tech_change_status": "Eligible to Order"
   }
  },
  {
   "type": "Feature",
   "geometry": {
    "type": "Point",
    "coordinates": [
     115.85411126,
     -31.94604796
    ]
   },
   "properties": {
    "name": "14 LITTLE SHENTON LANE NORTHBRIDGE 6003",
    "locID": "LOC000082936154",
    "tech": "FTTC",
    "upgrade": "FTTP_SA",
    "gnaf_pid": "GAWA_147310061",
    "ee": true,
    "tech_change_status": "Eligible to Order"
   }
  },
  {
   "type": "Feature",
   "geometry": {
    "type": "Point",
    "coordinates": [
     115.86064,
     -31.94648
    ]
   },
   "properties": {
    "name": "311 WILLIAM STREET NORTHBRIDGE 6003",
    "locID": "LOC000098172958",
    "tech": "FTTC",
    "upgrade": "FTTP_SA",
    "gnaf_pid": "GAWA_147310542",
    "ee": true,
    "tech_change_status": "Eligible to Order"
   }
  },
  {
   "type": "Feature",
   "geometry": {
    "type": "Point",
    "coordinates": [
     115.86067,
     -31.94644
    ]
   },
   "properties": {
    "name": "313 WILLIAM STREET NORTHBRIDGE 6003",
    "locID": "LOC000010373587",
    "tech": "FTTC",
    "upgrade": "FTTP_SA",
    "gnaf_pid": "GAWA_147310543",
    "ee": true,
    "tech_change_status": "Eligible to Order"
   }
  },
  {
   "type": "Feature",
   "geometry": {
    "type": "Point",
    "coordinates": [
     115.8607,
     -31.9464
    ]
   },
   "properties": {
    "name": "315 WILLIAM STREET NORTHBRIDGE 6003",
    "locID": "LOC000085227763",
    "tech": "FTTC",
    "upgrade": "FTTP_SA",
    "gnaf_pid": "GAWA_147310544",
    "ee": true,
    "tech_change_status": "Eligible to Order"
   }
  },
  {
   "type": "Feature",
   "geometry": {
    "type": "Point",
    "coordinates": [
     115.86073,
     -31.94635
    ]
   },
   "properties": {
    "name": "317 WILLIAM STREET NORTHBRIDGE 6003",
    "locID": "LOC000021966598",
    "tech": "FTTC",
    "upgrade": "FTTP_SA",
    "gnaf_pid": "GAWA_147310545",
    "ee": true,
    "tech_change_status": "Eligible to Order"
   }
  },
  {
   "type": "Feature",
   "geometry": {
    "type": "Point",
    "coordinates": [
     115.86077,
     -31.94628
    ]
   },
   "properties": {
    "name": "319 WILLIAM STREET NORTHBRIDGE 6003",
    "locID": "LOC000175551110",
    "tech": "FTTC",
    "upgrade": "FTTP_SA",
    "gnaf_pid": "GAWA_147310546",
    "ee": true,
    "tech_change_status": "Eligible to Order"
   }
  },
  {
   "type": "Feature",
   "geometry": {
    "type": "Point",
    "coordinates": [
     115.85320632,
     -31.94593236
    ]
   },
   "properties": {
    "name": "228 JAMES STREET NORTHBRIDGE 6003",
    "locID": "LOC100023904222",
    "tech": "FTTB",
    "upgrade": "NULL_NA",
    "gnaf_pid": "GAWA_147315272",
    "ee": true
   }
  },
  {
   "type": "Feature",
   "geometry": {
    "type": "Point",
    "coordinates": [
     115.85683596,
     -31.94448452
    ]
   },
   "properties": {
    "name": "305 NEWCASTLE STREET NORTHBRIDGE 6003",
    "locID": "LOC000046373709",
    "tech": "FTTC",
    "upgrade": "FTTP_SA",
    "gnaf_pid": "GAWA_147330652",
    "ee": true,
    "tech_change_status": "Eligible to Order"
   }
  },
  {
   "type": "Feature",
   "geometry": {
    "type": "Point",
    "coordinates": [
     115.85749206,
     -31.94557844
    ]
   },
   "properties": {
    "name": "118 ABERDEEN STREET NORTHBRIDGE 6003",
    "locID": "LOC000067611782",
    "tech": "FTTC",
    "upgrade": "FTTP_SA",
    "gnaf_pid": "GAWA_147330704",
    "ee": true,
    "tech_change_status": "Eligible to Order"
   }
  },
  {
   "type": "Feature",
   "geometry": {
    "type": "Point",
    "coordinates": [
     115.8576192,
     -31.94566195
    ]
   },
   "properties": {
    "name": "116 ABERDEEN STREET NORTHBRIDGE 6003",
    "locID": "LOC000085525518",
    "tech": "FTTC",
    "upgrade": "FTTP_SA",
    "gnaf_pid": "GAWA_147330705",
    "ee": true,
    "tech_change_status": "Eligible to Order"
   }
  },
  {
   "type": "Feature",
   "geometry": {
    "type": "Point",
    "coordinates": [
     115.85445388,
     -31.94420513
    ]
   },
   "properties": {
    "name": "178 ABERDEEN STREET NORTHBRIDGE 6003",
    "locID": "LOC000032721378",
    "tech": "FTTP",
    "upgrade": "NULL_NA",
    "gnaf_pid": "GAWA_147332667",
    "ee": true
   }
  },
  {
   "type": "Feature",
   "geometry": {
    "type": "Point",
    "coordinates": [
     115.85454,
     -31.94424
    ]
   },
   "properties": {
    "name": "176 ABERDEEN STREET NORTHBRIDGE 6003",
    "locID": "LOC000050376763",
    "tech": "FTTP",
    "upgrade": "NULL_NA",
    "gnaf_pid": "GAWA_147332668",
    "ee": true
   }
  },
  {
   "type": "Feature",
   "geometry": {
    "type": "Point",
    "coordinates": [
     115.85464,
     -31.9443
    ]
   },
   "properties": {
    "name": "174 ABERDEEN STREET NORTHBRIDGE 6003",
    "locID": "LOC000043009280",
    "tech": "FTTC",
    "upgrade": "FTTP_SA",
    "gnaf_pid": "GAWA_147332669",
    "ee": true,
    "tech_change_status": "Eligible to Order"
   }
  },
  {
   "type": "Feature",
   "geometry": {
    "type": "Point",
    "coordinates": [
     115.85474,
     -31.94433
    ]
   },
   "properties": {
    "name": "172 ABERDEEN STREET NORTHBRIDGE 6003",
    "locID": "LOC000007898940",
    "tech": "FTTC",
    "upgrade": "FTTP_SA",
    "gnaf_pid": "GAWA_147332670",
    "ee": true,
    "tech_change_status": "Eligible to Order"
   }
  },
  {
   "type": "Feature",
   "geometry": {
    "type": "Point",
    "coordinates": [
     115.8548326,
     -31.94437666
    ]
   },
   "properties": {
    "name": "170 ABERDEEN STREET NORTHBRIDGE 6003",
    "locID": "LOC000093956310",
    "tech": "FTTC",
    "upgrade": "FTTP_SA",
    "gnaf_pid": "GAWA_147332671",
    "ee": true,
    "tech_change_status": "Eligible to Order"
   }
  },
  {
   "type": "Feature",
   "geometry": {
    "type": "Point",
    "coordinates": [
     115.85932,
     -31.9485
    ]
   },
   "properties": {
    "name": "223 WILLIAM STREET NORTHBRIDGE 6003",
    "locID": "LOC000090538890",
    "tech": "FTTC",
    "upgrade": "FTTP_SA",
    "gnaf_pid": "GAWA_147335153",
    "ee": true,
    "tech_change_status": "Eligible to Order"
   }
  },
  {
   "type": "Feature",
   "geometry": {
    "type": "Point",
    "coordinates": [
     115.85982,
     -31.94666
    ]
   },
   "properties": {
    "name": "68 ABERDEEN STREET NORTHBRIDGE 6003",
    "locID": "LOC000092836622",
    "tech": "FTTC",
    "upgrade": "FTTP_SA",
    "gnaf_pid": "GAWA_147336333",
    "ee": true,
    "tech_change_status": "Eligible to Order"
   }
  },
  {
   "type": "Feature",
   "geometry": {
    "type": "Point",
    "coordinates": [
     115.85973,
     -31.94662
    ]
   },
   "properties": {
    "name": "70 ABERDEEN STREET NORTHBRIDGE 6003",
    "locID": "LOC000067628628",
    "tech": "FTTP",
    "upgrade": "NULL_NA",
    "gnaf_pid": "GAWA_147336334",
    "ee": true
   }
  },
  {
   "type": "Feature",
   "geometry": {
    "type": "Point",
    "coordinates": [
     115.85580204,
     -31.94479126
    ]
   },
   "properties": {
    "name": "156 ABERDEEN STREET NORTHBRIDGE 6003",
    "locID": "LOC000089976879",
    "tech": "FTTP",
    "upgrade": "NULL_NA",
    "gnaf_pid": "GAWA_147336429",
    "ee": true
   }
  },
  {
   "type": "Feature",
   "geometry": {
    "type": "Point",
    "coordinates": [
     115.85521348,
     -31.94452073
    ]
   },
   "properties": {
    "name": "164 ABERDEEN STREET NORTHBRIDGE 6003",
    "locID": "LOC000023609818",
    "tech": "FTTC",
    "upgrade": "FTTP_NA",
    "gnaf_pid": "GAWA_147340068",
    "ee": true,
    "tech_change_status": "MDU Complex Eligible To Apply"
   }
  },
  {
   "type": "Feature",
   "geometry": {
    "type": "Point",
    "coordinates": [
     115.85542542,
     -31.94461861
    ]
   },
   "properties": {
    "name": "162 ABERDEEN STREET NORTHBRIDGE 6003",
    "locID": "LOC000025653525",
    "tech": "FTTP",
    "upgrade": "NULL_NA",
    "gnaf_pid": "GAWA_147340069",
    "ee": true
   }
  },
  {
   "type": "Feature",
   "geometry": {
    "type": "Point",
    "coordinates": [
     115.85506682,
     -31.94445357
    ]
   },
   "properties": {
    "name": "166 ABERDEEN STREET NORTHBRIDGE 6003",
    "locID": "LOC000087526155",
    "tech": "FTTC",
    "upgrade": "FTTP_SA",
    "gnaf_pid": "GAWA_147343118",
    "ee": true,
    "tech_change_status": "Eligible to Order"
   }
  },
  {
   "type": "Feature",
   "geometry": {
    "type": "Point",
    "coordinates": [
     115.85882014,
     -31.94847323
    ]
   },
   "properties": {
    "name": "82 JAMES STREET NORTHBRIDGE 6003",
    "locID": "LOC000102030601",
    "tech": "FTTC",
    "upgrade": "FTTP_SA",
    "gnaf_pid": "GAWA_147371116",
    "ee": true,
    "tech_change_status": "Eligible to Order"
   }
  },
  {
   "type": "Feature",
   "geometry": {
    "type": "Point",
    "coordinates": [
     115.8576546,
     -31.945364
    ]
   },
   "properties": {
    "name": "18 KAKULAS CRESCENT NORTHBRIDGE 6003",
    "locID": "LOC000092922396",
    "tech": "FTTC",
    "upgrade": "FTTP_SA",
    "gnaf_pid": "GAWA_147384869",
    "ee": true,
    "tech_change_status": "Eligible to Order"
   }
  },
  {
   "type": "Feature",
   "geometry": {
    "type": "Point",
    "coordinates": [
     115.857155,
     -31.9451305
    ]
   },
   "properties": {
    "name": "8 KAKULAS CRESCENT NORTHBRIDGE 6003",
    "locID": "LOC000007027991",
    "tech": "FTTP",
    "upgrade": "NULL_NA",
    "gnaf_pid": "GAWA_147384871",
    "ee": true
   }
  },
  {
   "type": "Feature",
   "geometry": {
    "type": "Point",
    "coordinates": [
     115.8570555,
     -31.9450842
    ]
   },
   "properties": {
    "name": "6 KAKULAS CRESCENT NORTHBRIDGE 6003",
    "locID": "LOC000080320738",
    "tech": "FTTC",
    "upgrade": "FTTP_SA",
    "gnaf_pid": "GAWA_147384872",
    "ee": true,
    "tech_change_status": "Eligible to Order"
   }
  },
  {
   "type": "Feature",
   "geometry": {
    "type": "Point",
    "coordinates": [
     115.8573516,
     -31.9452205
    ]
   },
   "properties": {
    "name": "12 KAKULAS CRESCENT NORTHBRIDGE 6003",
    "locID": "LOC000050588412",
    "tech": "FTTP",
    "upgrade": "NULL_NA",
    "gnaf_pid": "GAWA_147384873",
    "ee": true
   }
  },
  {
   "type": "Feature",
   "geometry": {
    "type": "Point",
    "coordinates": [
     115.8575519,
     -31.9453152
    ]
   },
   "properties": {
    "name": "16 KAKULAS CRESCENT NORTHBRIDGE 6003",
    "locID": "LOC000076852415",
    "tech": "FTTC",
    "upgrade": "FTTP_SA",
    "gnaf_pid": "GAWA_147384874",
    "ee": true,
    "tech_change_status": "Eligible to Order"
   }
  },
  {
   "type": "Feature",
   "geometry": {
    "type": "Point",
    "coordinates": [
     115.8574526,
     -31.945269
    ]
   },
   "properties": {
    "name": "14 KAKULAS CRESCENT NORTHBRIDGE 6003",
    "locID": "LOC000042072544",
    "tech": "FTTC",
    "upgrade": "FTTP_SA",
    "gnaf_pid": "GAWA_147384875",
    "ee": true,
    "tech_change_status": "Eligible to Order"
   }
  },
  {
   "type": "Feature",
   "geometry": {
    "type": "Point",
    "coordinates": [
     115.8572542,
     -31.9451767
    ]
   },
   "properties": {
    "name": "10 KAKULAS CRESCENT NORTHBRIDGE 6003",
    "locID": "LOC000094777847",
    "tech": "FTTC",
    "upgrade": "FTTP_SA",
    "gnaf_pid": "GAWA_147384876",
    "ee": true,
    "tech_change_status": "Eligible to Order"
   }
  },
  {
   "type": "Feature",
   "geometry": {
    "type": "Point",
    "coordinates": [
     115.8570715,
     -31.945384
    ]
   },
   "properties": {
    "name": "124 ABERDEEN STREET NORTHBRIDGE 6003",
    "locID": "LOC000007953486",
    "tech": "FTTC",
    "upgrade": "FTTP_SA",
    "gnaf_pid": "GAWA_147389290",
    "ee": true,
    "tech_change_status": "Eligible to Order"
   }
  },
  {
   "type": "Feature",
   "geometry": {
    "type": "Point",
    "coordinates": [
     115.85872154,
     -31.94544101
    ]
   },
   "properties": {
    "name": "261 NEWCASTLE STREET NORTHBRIDGE 6003",
    "locID": "LOC000055973892",
    "tech": "FTTC",
    "upgrade": "FTTP_SA",
    "gnaf_pid": "GAWA_147391353",
    "ee": true,
    "tech_change_status": "Eligible to Order"
   }
  },
  {
   "type": "Feature",
   "geometry": {
    "type": "Point",
    "coordinates": [
     115.85872154,
     -31.94544101
    ]
   },
   "properties": {
    "name": "263 NEWCASTLE STREET NORTHBRIDGE 6003",
    "locID": "LOC000005457272",
    "tech": "FTTC",
    "upgrade": "FTTP_SA",
    "gnaf_pid": "GAWA_147391359",
    "ee": true,
    "tech_change_status": "Eligible to Order"
   }
  },
  {
   "type": "Feature",
   "geometry": {
    "type": "Point",
    "coordinates": [
     115.8559126,
     -31.9472447
    ]
   },
   "properties": {
    "name": "178 JAMES STREET NORTHBRIDGE 6003",
    "locID": "LOC000006568876",
    "tech": "FTTC",
    "upgrade": "FTTP_SA",
    "gnaf_pid": "GAWA_147391557",
    "ee": true,
    "tech_change_status": "Eligible to Order"
   }
  },
  {
   "type": "Feature",
   "geometry": {
    "type": "Point",
    "coordinates": [
     115.8546051,
     -31.94357045
    ]
   },
   "properties": {
    "name": "365 NEWCASTLE STREET NORTHBRIDGE 6003",
    "locID": "LOC000100233910",
    "tech": "FTTC",
    "upgrade": "FTTP_SA",
    "gnaf_pid": "GAWA_147391702",
    "ee": true,
    "tech_change_status": "Eligible to Order"
   }
  },
  {
   "type": "Feature",
   "geometry": {
    "type": "Point",
    "coordinates": [
     115.85801561,
     -31.94642619
    ]
   },
   "properties": {
    "name": "72 LAKE STREET NORTHBRIDGE 6003",
    "locID": "LOC000023745310",
    "tech": "FTTC",
    "upgrade": "FTTP_SA",
    "gnaf_pid": "GAWA_147394910",
    "ee": true,
    "tech_change_status": "Eligible to Order"
   }
  },
  {
   "type": "Feature",
   "geometry": {
    "type": "Point",
    "coordinates": [
     115.85499237,
     -31.94372859
    ]
   },
   "properties": {
    "name": "355 NEWCASTLE STREET NORTHBRIDGE 6003",
    "locID": "LOC000068207345",
    "tech": "FTTC",
    "upgrade": "FTTP_NA",
    "gnaf_pid": "GAWA_147399426",
    "ee": true,
    "tech_change_status": "MDU Complex Eligible To Apply"
   }
  },
  {
   "type": "Feature",
   "geometry": {
    "type": "Point",
    "coordinates": [
     115.85769348,
     -31.94498722
    ]
   },
   "properties": {
    "name": "281 NEWCASTLE STREET NORTHBRIDGE 6003",
    "locID": "LOC000108242632",
    "tech": "FTTP",
    "upgrade": "NULL_NA",
    "gnaf_pid": "GAWA_147399600",
    "ee": true
   }
  },
  {
   "type": "Feature",
   "geometry": {
    "type": "Point",
    "coordinates": [
     115.8535398,
     -31.9430241
    ]
   },
   "properties": {
    "name": "389 NEWCASTLE STREET NORTHBRIDGE 6003",
    "locID": "LOC000132025224",
    "tech": "FTTC",
    "upgrade": "FTTP_SA",
    "gnaf_pid": "GAWA_147399601",
    "ee": true,
    "tech_change_status": "Eligible to Order"
   }
  },
  {
   "type": "Feature",
   "geometry": {
    "type": "Point",
    "coordinates": [
     115.8536916,
     -31.9430935
    ]
   },
   "properties": {
    "name": "385 NEWCASTLE STREET NORTHBRIDGE 6003",
    "locID": "LOC000109966035",
    "tech": "FTTC",
    "upgrade": "FTTP_NA",
    "gnaf_pid": "GAWA_147399602",
    "ee": true,
    "tech_change_status": "MDU Complex Eligible To Apply"
   }
  },
  {
   "type": "Feature",
   "geometry": {
    "type": "Point",
    "coordinates": [
     115.85685511,
     -31.94817646
    ]
   },
   "properties": {
    "name": "139 JAMES STREET NORTHBRIDGE 6003",
    "locID": "LOC000055242280",
    "tech": "FTTC",
    "upgrade": "FTTP_SA",
    "gnaf_pid": "GAWA_147403127",
    "ee": true,
    "tech_change_status": "Eligible to Order"
   }
  },
  {
   "type": "Feature",
   "geometry": {
    "type": "Point",
    "coordinates": [
     115.85389583,
     -31.94318665
    ]
   },
   "properties": {
    "name": "377 NEWCASTLE STREET NORTHBRIDGE 6003",
    "locID": "LOC000169476249",
    "tech": "FTTP",
    "upgrade": "FTTP_NA",
    "gnaf_pid": "GAWA_147404203",
    "ee": true,
    "tech_change_status": "MDU Complex Eligible To Apply"
   }
  },
  {
   "type": "Feature",
   "geometry": {
    "type": "Point",
    "coordinates": [
     115.85755282,
     -31.94492165
    ]
   },
   "properties": {
    "name": "283 NEWCASTLE STREET NORTHBRIDGE 6003",
    "locID": "LOC000045664957",
    "tech": "FTTC",
    "upgrade": "FTTP_NA",
    "gnaf_pid": "GAWA_147404208",
    "ee": true,
    "tech_change_status": "MDU Complex Eligible To Apply"
   }
  },
  {
   "type": "Feature",
   "geometry": {
    "type": "Point",
    "coordinates": [
     115.85822737,
     -31.94513293
    ]
   },
   "properties": {
    "name": "105 LAKE STREET NORTHBRIDGE 6003",
    "locID": "LOC000069482690",
    "tech": "FTTC",
    "upgrade": "FTTP_NA",
    "gnaf_pid": "GAWA_147404209",
    "ee": true,
    "tech_change_status": "MDU Complex Eligible To Apply"
   }
  },
  {
   "type": "Feature",
   "geometry": {
    "type": "Point",
    "coordinates": [
     115.85786101,
     -31.94504838
    ]
   },
   "properties": {
    "name": "279 NEWCASTLE STREET NORTHBRIDGE 6003",
    "locID": "LOC000082452365",
    "tech": "FTTC",
    "upgrade": "FTTP_NA",
    "gnaf_pid": "GAWA_147404210",
    "ee": true,
    "tech_change_status": "MDU Complex Eligible To Apply"
   }
  },
  {
   "type": "Feature",
   "geometry": {
    "type": "Point",
    "coordinates": [
     115.85511137,
     -31.94377841
    ]
   },
   "properties": {
    "name": "351 NEWCASTLE STREET NORTHBRIDGE 6003",
    "locID": "LOC000012908794",
    "tech": "FTTC",
    "upgrade": "FTTP_SA",
    "gnaf_pid": "GAWA_147415819",
    "ee": true,
    "tech_change_status": "Eligible to Order"
   }
  },
  {
   "type": "Feature",
   "geometry": {
    "type": "Point",
    "coordinates": [
     115.85300837,
     -31.94552612
    ]
   },
   "properties": {
    "name": "UNIT 4, 48 FITZGERALD STREET NORTHBRIDGE 6003",
    "locID": "LOC000096006275",
    "tech": "FTTB",
    "upgrade": "NULL_NA",
    "gnaf_pid": "GAWA_147976874",
    "ee": true
   }
  },
  {
   "type": "Feature",
   "geometry": {
    "type": "Point",
    "coordinates": [
     115.85404907,
     -31.9463827
    ]
   },
   "properties": {
    "name": "UNIT 6, 1 SHENTON STREET NORTHBRIDGE 6003",
    "locID": "LOC000081307117",
    "tech": "FTTB",
    "upgrade": "NULL_NA",
    "gnaf_pid": "GAWA_147976875",
    "ee": true
   }
  },
  {
   "type": "Feature",
   "geometry": {
    "type": "Point",
    "coordinates": [
     115.85444408,
     -31.94621157
    ]
   },
   "properties": {
    "name": "UNIT 5, 11 SHENTON STREET NORTHBRIDGE 6003",
    "locID": "LOC000093119761",
    "tech": "FTTB",
    "upgrade": "NULL_NA",
    "gnaf_pid": "GAWA_147976877",
    "ee": true
   }
  },
  {
   "type": "Feature",
   "geometry": {
    "type": "Point",
    "coordinates": [
     115.85626457,
     -31.94436984
    ]
   },
   "properties": {
    "name": "21 PALMERSTON STREET NORTHBRIDGE 6003",
    "locID": "LOC000095999887",
    "tech": "FTTC",
    "upgrade": "FTTP_SA",
    "gnaf_pid": "GAWA_147976880",
    "ee": true,
    "tech_change_status": "Eligible to Order"
   }
  },
  {
   "type": "Feature",
   "geometry": {
    "type": "Point",
    "coordinates": [
     115.85340596,
     -31.94564559
    ]
   },
   "properties": {
    "name": "UNIT 14, 19 LITTLE SHENTON LANE NORTHBRIDGE 6003",
    "locID": "LOC000018663608",
    "tech": "FTTB",
    "upgrade": "NULL_NA",
    "gnaf_pid": "GAWA_147977461",
    "ee": true
   }
  },
  {
   "type": "Feature",
   "geometry": {
    "type": "Point",
    "coordinates": [
     115.85444408,
     -31.94621157
    ]
   },
   "properties": {
    "name": "UNIT 1, 9 SHENTON STREET NORTHBRIDGE 6003",
    "locID": "LOC000012823965",
    "tech": "FTTB",
    "upgrade": "NULL_NA",
    "gnaf_pid": "GAWA_147977626",
    "ee": true
   }
  },
  {
   "type": "Feature",
   "geometry": {
    "type": "Point",
    "coordinates": [
     115.85340596,
     -31.94564559
    ]
   },
   "properties": {
    "name": "UNIT 8, 19 LITTLE SHENTON LANE NORTHBRIDGE 6003",
    "locID": "LOC000018578506",
    "tech": "FTTB",
    "upgrade": "NULL_NA",
    "gnaf_pid": "GAWA_147977628",
    "ee": true
   }
  },
  {
   "type": "Feature",
   "geometry": {
    "type": "Point",
    "coordinates": [
     115.85577681,
     -31.94718239
    ]
   },
   "properties": {
    "name": "UNIT 17, 182 JAMES STREET NORTHBRIDGE 6003",
    "locID": "LOC000103425428",
    "tech": "FTTB",
    "upgrade": "NULL_NA",
    "gnaf_pid": "GAWA_147977629",
    "ee": true
   }
  },
  {
   "type": "Feature",
   "geometry": {
    "type": "Point",
    "coordinates": [
     115.85300837,
     -31.94552612
    ]
   },
   "properties": {
    "name": "UNIT 5, 52 FITZGERALD STREET NORTHBRIDGE 6003",
    "locID": "LOC000091605572",
    "tech": "FTTB",
    "upgrade": "NULL_NA",
    "gnaf_pid": "GAWA_147977633",
    "ee": true
   }
  },
  {
   "type": "Feature",
   "geometry": {
    "type": "Point",
    "coordinates": [
     115.85300837,
     -31.94552612
    ]
   },
   "properties": {
    "name": "UNIT 4, 50 FITZGERALD STREET NORTHBRIDGE 6003",
    "locID": "LOC000040226966",
    "tech": "FTTB",
    "upgrade": "NULL_NA",
    "gnaf_pid": "GAWA_147977634",
    "ee": true
   }
  },
  {
   "type": "Feature",
   "geometry": {
    "type": "Point",
    "coordinates": [
     115.85340596,
     -31.94564559
    ]
   },
   "properties": {
    "name": "UNIT 5, 19 LITTLE SHENTON LANE NORTHBRIDGE 6003",
    "locID": "LOC000018993832",
    "tech": "FTTB",
    "upgrade": "NULL_NA",
    "gnaf_pid": "GAWA_147981139",
    "ee": true
   }
  },
  {
   "type": "Feature",
   "geometry": {
    "type": "Point",
    "coordinates": [
     115.85404907,
     -31.9463827
    ]
   },
   "properties": {
    "name": "UNIT 6, 218 JAMES STREET NORTHBRIDGE 6003",
    "locID": "LOC000096129343",
    "tech": "FTTB",
    "upgrade": "NULL_NA",
    "gnaf_pid": "GAWA_147981140",
    "ee": true
   }
  },
  {
   "type": "Feature",
   "geometry": {
    "type": "Point",
    "coordinates": [
     115.85436767,
     -31.94580855
    ]
   },
   "properties": {
    "name": "11 JOHN STREET NORTHBRIDGE 6003",
    "locID": "LOC000038808770",
    "tech": "FTTC",
    "upgrade": "FTTP_SA",
    "gnaf_pid": "GAWA_147981141",
    "ee": true,
    "tech_change_status": "Eligible to Order"
   }
  },
  {
   "type": "Feature",
   "geometry": {
    "type": "Point",
    "coordinates": [
     115.85340596,
     -31.94564559
    ]
   },
   "properties": {
    "name": "UNIT 2, 19 LITTLE SHENTON LANE NORTHBRIDGE 6003",
    "locID": "LOC000019043219",
    "tech": "FTTB",
    "upgrade": "NULL_NA",
    "gnaf_pid": "GAWA_147981143",
    "ee": true
   }
  },
  {
   "type": "Feature",
   "geometry": {
    "type": "Point",
    "coordinates": [
     115.85444408,
     -31.94621157
    ]
   },
   "properties": {
    "name": "UNIT 5, 9 SHENTON STREET NORTHBRIDGE 6003",
    "locID": "LOC000012752697",
    "tech": "FTTB",
    "upgrade": "NULL_NA",
    "gnaf_pid": "GAWA_147981145",
    "ee": true
   }
  },
  {
   "type": "Feature",
   "geometry": {
    "type": "Point",
    "coordinates": [
     115.85444408,
     -31.94621157
    ]
   },
   "properties": {
    "name": "UNIT 3, 7 SHENTON STREET NORTHBRIDGE 6003",
    "locID": "LOC000107525443",
    "tech": "FTTB",
    "upgrade": "NULL_NA",
    "gnaf_pid": "GAWA_147981146",
    "ee": true
   }
  },
  {
   "type": "Feature",
   "geometry": {
    "type": "Point",
    "coordinates": [
     115.85577681,
     -31.94718239
    ]
   },
   "properties": {
    "name": "UNIT 5, 182 JAMES STREET NORTHBRIDGE 6003",
    "locID": "LOC000103386519",
    "tech": "FTTB",
    "upgrade": "NULL_NA",
    "gnaf_pid": "GAWA_147981147",
    "ee": true
   }
  },
  {
   "type": "Feature",
   "geometry": {
    "type": "Point",
    "coordinates": [
     115.8569084,
     -31.94707601
    ]
   },
   "properties": {
    "name": "97 FRANCIS STREET NORTHBRIDGE 6003",
    "locID": "LOC100052660474",
    "tech": "FTTC",
    "upgrade": "NULL_NA",
    "gnaf_pid": "GAWA_147981149",
    "ee": true
   }
  },
  {
   "type": "Feature",
   "geometry": {
    "type": "Point",
    "coordinates": [
     115.8578,
     -31.94582
    ]
   },
   "properties": {
    "name": "110 ABERDEEN STREET NORTHBRIDGE 6003",
    "locID": "LOC000108417854",
    "tech": "FTTP",
    "upgrade": "NULL_NA",
    "gnaf_pid": "GAWA_147981153",
    "ee": true
   }
  },
  {
   "type": "Feature",
   "geometry": {
    "type": "Point",
    "coordinates": [
     115.85894149,
     -31.94625952
    ]
   },
   "properties": {
    "name": "92 ABERDEEN STREET NORTHBRIDGE 6003",
    "locID": "LOC000003691638",
    "tech": "FTTP",
    "upgrade": "NULL_NA",
    "gnaf_pid": "GAWA_147984103",
    "ee": true
   }
  },
  {
   "type": "Feature",
   "geometry": {
    "type": "Point",
    "coordinates": [
     115.85444408,
     -31.94621157
    ]
   },
   "properties": {
    "name": "UNIT 2, 9 SHENTON STREET NORTHBRIDGE 6003",
    "locID": "LOC000012836027",
    "tech": "FTTB",
    "upgrade": "NULL_NA",
    "gnaf_pid": "GAWA_147984105",
    "ee": true
   }
  },
  {
   "type": "Feature",
   "geometry": {
    "type": "Point",
    "coordinates": [
     115.85353415,
     -31.94542602
    ]
   },
   "properties": {
    "name": "33 JOHN STREET NORTHBRIDGE 6003",
    "locID": "LOC000009516450",
    "tech": "FTTC",
    "upgrade": "FTTP_SA",
    "gnaf_pid": "GAWA_147984106",
    "ee": true,
    "tech_change_status": "Eligible to Order"
   }
  },
  {
   "type": "Feature",
   "geometry": {
    "type": "Point",
    "coordinates": [
     115.85364275,
     -31.94611587
    ]
   },
   "properties": {
    "name": "25 LITTLE SHENTON LANE NORTHBRIDGE 6003",
    "locID": "LOC000089847591",
    "tech": "FTTC",
    "upgrade": "FTTP_SA",
    "gnaf_pid": "GAWA_147984107",
    "ee": true,
    "tech_change_status": "Eligible to Order"
   }
  },
  {
   "type": "Feature",
   "geometry": {
    "type": "Point",
    "coordinates": [
     115.85340596,
     -31.94564559
    ]
   },
   "properties": {
    "name": "UNIT 6, 19 LITTLE SHENTON LANE NORTHBRIDGE 6003",
    "locID": "LOC000019063349",
    "tech": "FTTB",
    "upgrade": "NULL_NA",
    "gnaf_pid": "GAWA_147984110",
    "ee": true
   }
  },
  {
   "type": "Feature",
   "geometry": {
    "type": "Point",
    "coordinates": [
     115.85364275,
     -31.94611587
    ]
   },
   "properties": {
    "name": "23 LITTLE SHENTON LANE NORTHBRIDGE 6003",
    "locID": "LOC000098096457",
    "tech": "FTTC",
    "upgrade": "FTTP_SA",
    "gnaf_pid": "GAWA_147984112",
    "ee": true,
    "tech_change_status": "Eligible to Order"
   }
  },
  {
   "type": "Feature",
   "geometry": {
    "type": "Point",
    "coordinates": [
     115.85340596,
     -31.94564559
    ]
   },
   "properties": {
    "name": "UNIT 15, 19 LITTLE SHENTON LANE NORTHBRIDGE 6003",
    "locID": "LOC000019018753",
    "tech": "FTTB",
    "upgrade": "NULL_NA",
    "gnaf_pid": "GAWA_147984113",
    "ee": true
   }
  },
  {
   "type": "Feature",
   "geometry": {
    "type": "Point",
    "coordinates": [
     115.85353415,
     -31.94542602
    ]
   },
   "properties": {
    "name": "25 JOHN STREET NORTHBRIDGE 6003",
    "locID": "LOC000107510489",
    "tech": "FTTC",
    "upgrade": "FTTP_SA",
    "gnaf_pid": "GAWA_147984120",
    "ee": true,
    "tech_change_status": "Eligible to Order"
   }
  },
  {
   "type": "Feature",
   "geometry": {
    "type": "Point",
    "coordinates": [
     115.85436767,
     -31.94580855
    ]
   },
   "properties": {
    "name": "17 JOHN STREET NORTHBRIDGE 6003",
    "locID": "LOC000175552220",
    "tech": "FTTC",
    "upgrade": "FTTP_SA",
    "gnaf_pid": "GAWA_147984121",
    "ee": true,
    "tech_change_status": "Eligible to Order"
   }
  },
  {
   "type": "Feature",
   "geometry": {
    "type": "Point",
    "coordinates": [
     115.85340596,
     -31.94564559
    ]
   },
   "properties": {
    "name": "UNIT 1, 19 LITTLE SHENTON LANE NORTHBRIDGE 6003",
    "locID": "LOC000018634803",
    "tech": "FTTB",
    "upgrade": "NULL_NA",
    "gnaf_pid": "GAWA_147989405",
    "ee": true
   }
  },
  {
   "type": "Feature",
   "geometry": {
    "type": "Point",
    "coordinates": [
     115.85340596,
     -31.94564559
    ]
   },
   "properties": {
    "name": "UNIT 9, 19 LITTLE SHENTON LANE NORTHBRIDGE 6003",
    "locID": "LOC000019004611",
    "tech": "FTTB",
    "upgrade": "NULL_NA",
    "gnaf_pid": "GAWA_147989406",
    "ee": true
   }
  },
  {
   "type": "Feature",
   "geometry": {
    "type": "Point",
    "coordinates": [
     115.85300837,
     -31.94552612
    ]
   },
   "properties": {
    "name": "UNIT 5, 58 FITZGERALD STREET NORTHBRIDGE 6003",
    "locID": "LOC000089236192",
    "tech": "FTTB",
    "upgrade": "NULL_NA",
    "gnaf_pid": "GAWA_147989407",
    "ee": true
   }
  },
  {
   "type": "Feature",
   "geometry": {
    "type": "Point",
    "coordinates": [
     115.85444408,
     -31.94621157
    ]
   },
   "properties": {
    "name": "UNIT 2, 7 SHENTON STREET NORTHBRIDGE 6003",
    "locID": "LOC000107539093",
    "tech": "FTTB",
    "upgrade": "NULL_NA",
    "gnaf_pid": "GAWA_147992680",
    "ee": true
   }
  },
  {
   "type": "Feature",
   "geometry": {
    "type": "Point",
    "coordinates": [
     115.85353415,
     -31.94542602
    ]
   },
   "properties": {
    "name": "31 JOHN STREET NORTHBRIDGE 6003",
    "locID": "LOC000088290346",
    "tech": "FTTC",
    "upgrade": "FTTP_SA",
    "gnaf_pid": "GAWA_147992681",
    "ee": true,
    "tech_change_status": "Eligible to Order"
   }
  },
  {
   "type": "Feature",
   "geometry": {
    "type": "Point",
    "coordinates": [
     115.85364275,
     -31.94611587
    ]
   },
   "properties": {
    "name": "UNIT 5, 226 JAMES STREET NORTHBRIDGE 6003",
    "locID": "LOC000040399967",
    "tech": "FTTC",
    "upgrade": "FTTP_NA",
    "gnaf_pid": "GAWA_147992682",
    "ee": true,
    "tech_change_status": "MDU Complex Eligible To Apply"
   }
  },
  {
   "type": "Feature",
   "geometry": {
    "type": "Point",
    "coordinates": [
     115.85404907,
     -31.9463827
    ]
   },
   "properties": {
    "name": "UNIT 3, 222 JAMES STREET NORTHBRIDGE 6003",
    "locID": "LOC000003698181",
    "tech": "FTTB",
    "upgrade": "NULL_NA",
    "gnaf_pid": "GAWA_147992684",
    "ee": true
   }
  },
  {
   "type": "Feature",
   "geometry": {
    "type": "Point",
    "coordinates": [
     115.85740587,
     -31.94485389
    ]
   },
   "properties": {
    "name": "289 NEWCASTLE STREET NORTHBRIDGE 6003",
    "locID": "LOC000054157599",
    "tech": "FTTC",
    "upgrade": "FTTP_SA",
    "gnaf_pid": "GAWA_147994937",
    "ee": true,
    "tech_change_status": "Eligible to Order"
   }
  },
  {
   "type": "Feature",
   "geometry": {
    "type": "Point",
    "coordinates": [
     115.85364275,
     -31.94611587
    ]
   },
   "properties": {
    "name": "31 LITTLE SHENTON LANE NORTHBRIDGE 6003",
    "locID": "LOC000016291587",
    "tech": "FTTC",
    "upgrade": "FTTP_SA",
    "gnaf_pid": "GAWA_147994941",
    "ee": true,
    "tech_change_status": "Eligible to Order"
   }
  },
  {
   "type": "Feature",
   "geometry": {
    "type": "Point",
    "coordinates": [
     115.86011543,
     -31.94607987
    ]
   },
   "properties": {
    "name": "223 NEWCASTLE STREET NORTHBRIDGE 6003",
    "locID": "LOC000080567864",
    "tech": "FTTC",
    "upgrade": "FTTP_SA",
    "gnaf_pid": "GAWA_147995304",
    "ee": true,
    "tech_change_status": "Eligible to Order"
   }
  },
  {
   "type": "Feature",
   "geometry": {
    "type": "Point",
    "coordinates": [
     115.85436767,
     -31.94580855
    ]
   },
   "properties": {
    "name": "UNIT 8, 17 SHENTON STREET NORTHBRIDGE 6003",
    "locID": "LOC000106402132",
    "tech": "FTTC",
    "upgrade": "FTTP_NA",
    "gnaf_pid": "GAWA_147995308",
    "ee": true,
    "tech_change_status": "MDU Complex Eligible To Apply"
   }
  },
  {
   "type": "Feature",
   "geometry": {
    "type": "Point",
    "coordinates": [
     115.85444408,
     -31.94621157
    ]
   },
   "properties": {
    "name": "UNIT 7, 9 SHENTON STREET NORTHBRIDGE 6003",
    "locID": "LOC000012740721",
    "tech": "FTTB",
    "upgrade": "NULL_NA",
    "gnaf_pid": "GAWA_147995309",
    "ee": true
   }
  },
  {
   "type": "Feature",
   "geometry": {
    "type": "Point",
    "coordinates": [
     115.85340596,
     -31.94564559
    ]
   },
   "properties": {
    "name": "UNIT 12, 19 LITTLE SHENTON LANE NORTHBRIDGE 6003",
    "locID": "LOC000018975138",
    "tech": "FTTB",
    "upgrade": "NULL_NA",
    "gnaf_pid": "GAWA_147995310",
    "ee": true
   }
  },
  {
   "type": "Feature",
   "geometry": {
    "type": "Point",
    "coordinates": [
     115.85836,
     -31.94775
    ]
   },
   "properties": {
    "name": "UNIT 2, 65 FRANCIS STREET NORTHBRIDGE 6003",
    "locID": "LOC000081052413",
    "tech": "FTTC",
    "upgrade": "FTTP_NA",
    "gnaf_pid": "GAWA_147995311",
    "ee": true,
    "tech_change_status": "MDU Complex Eligible To Apply"
   }
  },
  {
   "type": "Feature",
   "geometry": {
    "type": "Point",
    "coordinates": [
     115.85444408,
     -31.94621157
    ]
   },
   "properties": {
    "name": "UNIT 3, 9 SHENTON STREET NORTHBRIDGE 6003",
    "locID": "LOC000012883975",
    "tech": "FTTB",
    "upgrade": "NULL_NA",
    "gnaf_pid": "GAWA_147995313",
    "ee": true
   }
  },
  {
   "type": "Feature",
   "geometry": {
    "type": "Point",
    "coordinates": [
     115.8584,
     -31.94659
    ]
   },
   "properties": {
    "name": "93 ABERDEEN STREET NORTHBRIDGE 6003",
    "locID": "LOC000086771396",
    "tech": "FTTC",
    "upgrade": "FTTP_SA",
    "gnaf_pid": "GAWA_147995314",
    "ee": true,
    "tech_change_status": "Eligible to Order"
   }
  },
  {
   "type": "Feature",
   "geometry": {
    "type": "Point",
    "coordinates": [
     115.85837551,
     -31.94599926
    ]
   },
   "properties": {
    "name": "102 ABERDEEN STREET NORTHBRIDGE 6003",
    "locID": "LOC000071719687",
    "tech": "FTTC",
    "upgrade": "FTTP_SA",
    "gnaf_pid": "GAWA_147995316",
    "ee": true,
    "tech_change_status": "Eligible to Order"
   }
  },
  {
   "type": "Feature",
   "geometry": {
    "type": "Point",
    "coordinates": [
     115.85714187,
     -31.94570128
    ]
   },
   "properties": {
    "name": "56 ABERDEEN STREET NORTHBRIDGE 6003",
    "locID": "LOC000175550596",
    "tech": "FTTB",
    "upgrade": "NULL_NA",
    "gnaf_pid": "GAWA_147995317",
    "ee": true
   }
  },
  {
   "type": "Feature",
   "geometry": {
    "type": "Point",
    "coordinates": [
     115.85497693,
     -31.945341
    ]
   },
   "properties": {
    "name": "UNIT 13, 43 SHENTON STREET NORTHBRIDGE 6003",
    "locID": "LOC000012934209",
    "tech": "FTTC",
    "upgrade": "FTTP_NA",
    "gnaf_pid": "GAWA_147996002",
    "ee": true,
    "tech_change_status": "MDU Complex Eligible To Apply"
   }
  },
  {
   "type": "Feature",
   "geometry": {
    "type": "Point",
    "coordinates": [
     115.85507,
     -31.9452
    ]
   },
   "properties": {
    "name": "UNIT 1, 45 SHENTON STREET NORTHBRIDGE 6003",
    "locID": "LOC000092952598",
    "tech": "FTTC",
    "upgrade": "FTTP_NA",
    "gnaf_pid": "GAWA_147996003",
    "ee": true,
    "tech_change_status": "MDU Complex Eligible To Apply"
   }
  },
  {
   "type": "Feature",
   "geometry": {
    "type": "Point",
    "coordinates": [
     115.85404907,
     -31.9463827
    ]
   },
   "properties": {
    "name": "UNIT 5, 222 JAMES STREET NORTHBRIDGE 6003",
    "locID": "LOC000003694889",
    "tech": "FTTB",
    "upgrade": "NULL_NA",
    "gnaf_pid": "GAWA_147996004",
    "ee": true
   }
  },
  {
   "type": "Feature",
   "geometry": {
    "type": "Point",
    "coordinates": [
     115.85507,
     -31.9452
    ]
   },
   "properties": {
    "name": "UNIT 2, 45 SHENTON STREET NORTHBRIDGE 6003",
    "locID": "LOC000093028755",
    "tech": "FTTC",
    "upgrade": "FTTP_NA",
    "gnaf_pid": "GAWA_147996005",
    "ee": true,
    "tech_change_status": "MDU Complex Eligible To Apply"
   }
  },
  {
   "type": "Feature",
   "geometry": {
    "type": "Point",
    "coordinates": [
     115.85507,
     -31.9452
    ]
   },
   "properties": {
    "name": "UNIT 3, 45 SHENTON STREET NORTHBRIDGE 6003",
    "locID": "LOC000093056378",
    "tech": "FTTC",
    "upgrade": "FTTP_NA",
    "gnaf_pid": "GAWA_147996006",
    "ee": true,
    "tech_change_status": "MDU Complex Eligible To Apply"
   }
  },
  {
   "type": "Feature",
   "geometry": {
    "type": "Point",
    "coordinates": [
     115.85436767,
     -31.94580855
    ]
   },
   "properties": {
    "name": "UNIT 7, 17 SHENTON STREET NORTHBRIDGE 6003",
    "locID": "LOC000106427920",
    "tech": "FTTC",
    "upgrade": "FTTP_NA",
    "gnaf_pid": "GAWA_147996331",
    "ee": true,
    "tech_change_status": "MDU Complex Eligible To Apply"
   }
  },
  {
   "type": "Feature",
   "geometry": {
    "type": "Point",
    "coordinates": [
     115.85404907,
     -31.9463827
    ]
   },
   "properties": {
    "name": "UNIT 3, 1 SHENTON STREET NORTHBRIDGE 6003",
    "locID": "LOC000081372567",
    "tech": "FTTB",
    "upgrade": "NULL_NA",
    "gnaf_pid": "GAWA_147998748",
    "ee": true
   }
  },
  {
   "type": "Feature",
   "geometry": {
    "type": "Point",
    "coordinates": [
     115.85444408,
     -31.94621157
    ]
   },
   "properties": {
    "name": "UNIT 4, 9 SHENTON STREET NORTHBRIDGE 6003",
    "locID": "LOC000012836223",
    "tech": "FTTB",
    "upgrade": "NULL_NA",
    "gnaf_pid": "GAWA_147998753",
    "ee": true
   }
  },
  {
   "type": "Feature",
   "geometry": {
    "type": "Point",
    "coordinates": [
     115.85320632,
     -31.94593236
    ]
   },
   "properties": {
    "name": "UNIT 53, 228 JAMES STREET NORTHBRIDGE 6003",
    "locID": "LOC100023904222",
    "tech": "FTTB",
    "upgrade": "NULL_NA",
    "gnaf_pid": "GAWA_147998754",
    "ee": true
   }
  },
  {
   "type": "Feature",
   "geometry": {
    "type": "Point",
    "coordinates": [
     115.85577681,
     -31.94718239
    ]
   },
   "properties": {
    "name": "UNIT 11, 182 JAMES STREET NORTHBRIDGE 6003",
    "locID": "LOC000103302638",
    "tech": "FTTB",
    "upgrade": "NULL_NA",
    "gnaf_pid": "GAWA_147998755",
    "ee": true
   }
  },
  {
   "type": "Feature",
   "geometry": {
    "type": "Point",
    "coordinates": [
     115.85507,
     -31.9452
    ]
   },
   "properties": {
    "name": "UNIT 4, 45 SHENTON STREET NORTHBRIDGE 6003",
    "locID": "LOC000092892605",
    "tech": "FTTC",
    "upgrade": "FTTP_NA",
    "gnaf_pid": "GAWA_147999718",
    "ee": true,
    "tech_change_status": "MDU Complex Eligible To Apply"
   }
  },
  {
   "type": "Feature",
   "geometry": {
    "type": "Point",
    "coordinates": [
     115.85507,
     -31.9452
    ]
   },
   "properties": {
    "name": "UNIT 5, 45 SHENTON STREET NORTHBRIDGE 6003",
    "locID": "LOC000093051304",
    "tech": "FTTC",
    "upgrade": "FTTP_NA",
    "gnaf_pid": "GAWA_147999719",
    "ee": true,
    "tech_change_status": "MDU Complex Eligible To Apply"
   }
  },
  {
   "type": "Feature",
   "geometry": {
    "type": "Point",
    "coordinates": [
     115.85507,
     -31.9452
    ]
   },
   "properties": {
    "name": "UNIT 6, 45 SHENTON STREET NORTHBRIDGE 6003",
    "locID": "LOC000093028755",
    "tech": "FTTC",
    "upgrade": "FTTP_NA",
    "gnaf_pid": "GAWA_147999720",
    "ee": true,
    "tech_change_status": "MDU Complex Eligible To Apply"
   }
  },
  {
   "type": "Feature",
   "geometry": {
    "type": "Point",
    "coordinates": [
     115.85340596,
     -31.94564559
    ]
   },
   "properties": {
    "name": "UNIT 7, 19 LITTLE SHENTON LANE NORTHBRIDGE 6003",
    "locID": "LOC000019085646",
    "tech": "FTTB",
    "upgrade": "NULL_NA",
    "gnaf_pid": "GAWA_148000537",
    "ee": true
   }
  },
  {
   "type": "Feature",
   "geometry": {
    "type": "Point",
    "coordinates": [
     115.85364275,
     -31.94611587
    ]
   },
   "properties": {
    "name": "27 LITTLE SHENTON LANE NORTHBRIDGE 6003",
    "locID": "LOC000034515382",
    "tech": "FTTC",
    "upgrade": "FTTP_SA",
    "gnaf_pid": "GAWA_148002594",
    "ee": true,
    "tech_change_status": "Eligible to Order"
   }
  },
  {
   "type": "Feature",
   "geometry": {
    "type": "Point",
    "coordinates": [
     115.85364275,
     -31.94611587
    ]
   },
   "properties": {
    "name": "21 LITTLE SHENTON LANE NORTHBRIDGE 6003",
    "locID": "LOC000104591506",
    "tech": "FTTC",
    "upgrade": "FTTP_SA",
    "gnaf_pid": "GAWA_148002596",
    "ee": true,
    "tech_change_status": "Eligible to Order"
   }
  },
  {
   "type": "Feature",
   "geometry": {
    "type": "Point",
    "coordinates": [
     115.85340596,
     -31.94564559
    ]
   },
   "properties": {
    "name": "UNIT 3, 19 LITTLE SHENTON LANE NORTHBRIDGE 6003",
    "locID": "LOC000018691186",
    "tech": "FTTB",
    "upgrade": "NULL_NA",
    "gnaf_pid": "GAWA_148002597",
    "ee": true
   }
  },
  {
   "type": "Feature",
   "geometry": {
    "type": "Point",
    "coordinates": [
     115.85340596,
     -31.94564559
    ]
   },
   "properties": {
    "name": "UNIT 4, 19 LITTLE SHENTON LANE NORTHBRIDGE 6003",
    "locID": "LOC000019042517",
    "tech": "FTTB",
    "upgrade": "NULL_NA",
    "gnaf_pid": "GAWA_148002598",
    "ee": true
   }
  },
  {
   "type": "Feature",
   "geometry": {
    "type": "Point",
    "coordinates": [
     115.85962174,
     -31.94656916
    ]
   },
   "properties": {
    "name": "74 ABERDEEN STREET NORTHBRIDGE 6003",
    "locID": "LOC000081142827",
    "tech": "FTTP",
    "upgrade": "NULL_NA",
    "gnaf_pid": "GAWA_148002601",
    "ee": true
   }
  },
  {
   "type": "Feature",
   "geometry": {
    "type": "Point",
    "coordinates": [
     115.85696643,
     -31.9453354
    ]
   },
   "properties": {
    "name": "130 ABERDEEN STREET NORTHBRIDGE 6003",
    "locID": "LOC000064282661",
    "tech": "FTTC",
    "upgrade": "FTTP_SA",
    "gnaf_pid": "GAWA_148002602",
    "ee": true,
    "tech_change_status": "Eligible to Order"
   }
  },
  {
   "type": "Feature",
   "geometry": {
    "type": "Point",
    "coordinates": [
     115.85436767,
     -31.94580855
    ]
   },
   "properties": {
    "name": "9 JOHN STREET NORTHBRIDGE 6003",
    "locID": "LOC000092970130",
    "tech": "FTTC",
    "upgrade": "FTTP_SA",
    "gnaf_pid": "GAWA_148004270",
    "ee": true,
    "tech_change_status": "Eligible to Order"
   }
  },
  {
   "type": "Feature",
   "geometry": {
    "type": "Point",
    "coordinates": [
     115.85444408,
     -31.94621157
    ]
   },
   "properties": {
    "name": "UNIT 3, 11 SHENTON STREET NORTHBRIDGE 6003",
    "locID": "LOC000093134276",
    "tech": "FTTB",
    "upgrade": "NULL_NA",
    "gnaf_pid": "GAWA_148004272",
    "ee": true
   }
  },
  {
   "type": "Feature",
   "geometry": {
    "type": "Point",
    "coordinates": [
     115.85340596,
     -31.94564559
    ]
   },
   "properties": {
    "name": "UNIT 16, 19 LITTLE SHENTON LANE NORTHBRIDGE 6003",
    "locID": "LOC000019012813",
    "tech": "FTTB",
    "upgrade": "NULL_NA",
    "gnaf_pid": "GAWA_148006759",
    "ee": true
   }
  },
  {
   "type": "Feature",
   "geometry": {
    "type": "Point",
    "coordinates": [
     115.85353415,
     -31.94542602
    ]
   },
   "properties": {
    "name": "35 JOHN STREET NORTHBRIDGE 6003",
    "locID": "LOC000077817313",
    "tech": "FTTC",
    "upgrade": "FTTP_SA",
    "gnaf_pid": "GAWA_148006760",
    "ee": true,
    "tech_change_status": "Eligible to Order"
   }
  },
  {
   "type": "Feature",
   "geometry": {
    "type": "Point",
    "coordinates": [
     115.85444408,
     -31.94621157
    ]
   },
   "properties": {
    "name": "5 SHENTON STREET NORTHBRIDGE 6003",
    "locID": "LOC000007846700",
    "tech": "FTTB",
    "upgrade": "NULL_NA",
    "gnaf_pid": "GAWA_148006761",
    "ee": true
   }
  },
  {
   "type": "Feature",
   "geometry": {
    "type": "Point",
    "coordinates": [
     115.85340596,
     -31.94564559
    ]
   },
   "properties": {
    "name": "UNIT 18, 19 LITTLE SHENTON LANE NORTHBRIDGE 6003",
    "locID": "LOC000018934607",
    "tech": "FTTB",
    "upgrade": "NULL_NA",
    "gnaf_pid": "GAWA_148006762",
    "ee": true
   }
  },
  {
   "type": "Feature",
   "geometry": {
    "type": "Point",
    "coordinates": [
     115.85353415,
     -31.94542602
    ]
   },
   "properties": {
    "name": "29 JOHN STREET NORTHBRIDGE 6003",
    "locID": "LOC000046644290",
    "tech": "FTTC",
    "upgrade": "FTTP_SA",
    "gnaf_pid": "GAWA_148006763",
    "ee": true,
    "tech_change_status": "Eligible to Order"
   }
  },
  {
   "type": "Feature",
   "geometry": {
    "type": "Point",
    "coordinates": [
     115.85985425,
     -31.94773747
    ]
   },
   "properties": {
    "name": "253 WILLIAM STREET NORTHBRIDGE 6003",
    "locID": "LOC000037137236",
    "tech": "FTTC",
    "upgrade": "FTTP",
    "gnaf_pid": "GAWA_148006766",
    "ee": true,
    "tech_change_status": "New Tech Connected"
   }
  },
  {
   "type": "Feature",
   "geometry": {
    "type": "Point",
    "coordinates": [
     115.85404907,
     -31.9463827
    ]
   },
   "properties": {
    "name": "UNIT 6, 222 JAMES STREET NORTHBRIDGE 6003",
    "locID": "LOC000003738398",
    "tech": "FTTB",
    "upgrade": "NULL_NA",
    "gnaf_pid": "GAWA_148006768",
    "ee": true
   }
  },
  {
   "type": "Feature",
   "geometry": {
    "type": "Point",
    "coordinates": [
     115.85320632,
     -31.94593236
    ]
   },
   "properties": {
    "name": "UNIT 3A, 228 JAMES STREET NORTHBRIDGE 6003",
    "locID": "LOC000098056158",
    "tech": "FTTB",
    "upgrade": "NULL_NA",
    "gnaf_pid": "GAWA_148006771",
    "ee": true
   }
  },
  {
   "type": "Feature",
   "geometry": {
    "type": "Point",
    "coordinates": [
     115.85404907,
     -31.9463827
    ]
   },
   "properties": {
    "name": "UNIT 4, 220 JAMES STREET NORTHBRIDGE 6003",
    "locID": "LOC000024747995",
    "tech": "FTTB",
    "upgrade": "NULL_NA",
    "gnaf_pid": "GAWA_148006772",
    "ee": true
   }
  },
  {
   "type": "Feature",
   "geometry": {
    "type": "Point",
    "coordinates": [
     115.85404907,
     -31.9463827
    ]
   },
   "properties": {
    "name": "UNIT 4, 222 JAMES STREET NORTHBRIDGE 6003",
    "locID": "LOC000003686383",
    "tech": "FTTB",
    "upgrade": "NULL_NA",
    "gnaf_pid": "GAWA_148007083",
    "ee": true
   }
  },
  {
   "type": "Feature",
   "geometry": {
    "type": "Point",
    "coordinates": [
     115.85436767,
     -31.94580855
    ]
   },
   "properties": {
    "name": "7 JOHN STREET NORTHBRIDGE 6003",
    "locID": "LOC000094874820",
    "tech": "FTTC",
    "upgrade": "FTTP_SA",
    "gnaf_pid": "GAWA_148007084",
    "ee": true,
    "tech_change_status": "Eligible to Order"
   }
  },
  {
   "type": "Feature",
   "geometry": {
    "type": "Point",
    "coordinates": [
     115.85577681,
     -31.94718239
    ]
   },
   "properties": {
    "name": "UNIT 9, 182 JAMES STREET NORTHBRIDGE 6003",
    "locID": "LOC000103340908",
    "tech": "FTTB",
    "upgrade": "NULL_NA",
    "gnaf_pid": "GAWA_148007085",
    "ee": true
   }
  },
  {
   "type": "Feature",
   "geometry": {
    "type": "Point",
    "coordinates": [
     115.85404907,
     -31.9463827
    ]
   },
   "properties": {
    "name": "UNIT 6, 220 JAMES STREET NORTHBRIDGE 6003",
    "locID": "LOC000024390125",
    "tech": "FTTB",
    "upgrade": "NULL_NA",
    "gnaf_pid": "GAWA_148007088",
    "ee": true
   }
  },
  {
   "type": "Feature",
   "geometry": {
    "type": "Point",
    "coordinates": [
     115.85340596,
     -31.94564559
    ]
   },
   "properties": {
    "name": "UNIT 17, 19 LITTLE SHENTON LANE NORTHBRIDGE 6003",
    "locID": "LOC000018938971",
    "tech": "FTTB",
    "upgrade": "NULL_NA",
    "gnaf_pid": "GAWA_148010531",
    "ee": true
   }
  },
  {
   "type": "Feature",
   "geometry": {
    "type": "Point",
    "coordinates": [
     115.85404907,
     -31.9463827
    ]
   },
   "properties": {
    "name": "UNIT 7, 1 SHENTON STREET NORTHBRIDGE 6003",
    "locID": "LOC000081383284",
    "tech": "FTTB",
    "upgrade": "NULL_NA",
    "gnaf_pid": "GAWA_148010534",
    "ee": true
   }
  },
  {
   "type": "Feature",
   "geometry": {
    "type": "Point",
    "coordinates": [
     115.85404907,
     -31.9463827
    ]
   },
   "properties": {
    "name": "UNIT 5, 220 JAMES STREET NORTHBRIDGE 6003",
    "locID": "LOC000024389633",
    "tech": "FTTB",
    "upgrade": "NULL_NA",
    "gnaf_pid": "GAWA_148010535",
    "ee": true
   }
  },
  {
   "type": "Feature",
   "geometry": {
    "type": "Point",
    "coordinates": [
     115.85444408,
     -31.94621157
    ]
   },
   "properties": {
    "name": "UNIT 2, 11 SHENTON STREET NORTHBRIDGE 6003",
    "locID": "LOC000092735879",
    "tech": "FTTB",
    "upgrade": "NULL_NA",
    "gnaf_pid": "GAWA_148010930",
    "ee": true
   }
  },
  {
   "type": "Feature",
   "geometry": {
    "type": "Point",
    "coordinates": [
     115.85436767,
     -31.94580855
    ]
   },
   "properties": {
    "name": "15 JOHN STREET NORTHBRIDGE 6003",
    "locID": "LOC000084121919",
    "tech": "FTTC",
    "upgrade": "FTTP_SA",
    "gnaf_pid": "GAWA_148010931",
    "ee": true,
    "tech_change_status": "Eligible to Order"
   }
  },
  {
   "type": "Feature",
   "geometry": {
    "type": "Point",
    "coordinates": [
     115.85364275,
     -31.94611587
    ]
   },
   "properties": {
    "name": "UNIT 3, 226 JAMES STREET NORTHBRIDGE 6003",
    "locID": "LOC000039766510",
    "tech": "FTTC",
    "upgrade": "FTTP_NA",
    "gnaf_pid": "GAWA_148010934",
    "ee": true,
    "tech_change_status": "MDU Complex Eligible To Apply"
   }
  },
  {
   "type": "Feature",
   "geometry": {
    "type": "Point",
    "coordinates": [
     115.85444408,
     -31.94621157
    ]
   },
   "properties": {
    "name": "15 SHENTON STREET NORTHBRIDGE 6003",
    "locID": "LOC000082660484",
    "tech": "FTTB",
    "upgrade": "NULL_NA",
    "gnaf_pid": "GAWA_148010936",
    "ee": true
   }
  },
  {
   "type": "Feature",
   "geometry": {
    "type": "Point",
    "coordinates": [
     115.85300837,
     -31.94552612
    ]
   },
   "properties": {
    "name": "UNIT 3, 52 FITZGERALD STREET NORTHBRIDGE 6003",
    "locID": "LOC000091799391",
    "tech": "FTTB",
    "upgrade": "NULL_NA",
    "gnaf_pid": "GAWA_148010937",
    "ee": true
   }
  },
  {
   "type": "Feature",
   "geometry": {
    "type": "Point",
    "coordinates": [
     115.85364275,
     -31.94611587
    ]
   },
   "properties": {
    "name": "UNIT 7, 226 JAMES STREET NORTHBRIDGE 6003",
    "locID": "LOC000040292012",
    "tech": "FTTC",
    "upgrade": "FTTP_NA",
    "gnaf_pid": "GAWA_148010938",
    "ee": true,
    "tech_change_status": "MDU Complex Eligible To Apply"
   }
  },
  {
   "type": "Feature",
   "geometry": {
    "type": "Point",
    "coordinates": [
     115.85577681,
     -31.94718239
    ]
   },
   "properties": {
    "name": "UNIT 12, 182 JAMES STREET NORTHBRIDGE 6003",
    "locID": "LOC000103985495",
    "tech": "FTTB",
    "upgrade": "NULL_NA",
    "gnaf_pid": "GAWA_148010940",
    "ee": true
   }
  },
  {
   "type": "Feature",
   "geometry": {
    "type": "Point",
    "coordinates": [
     115.85444408,
     -31.94621157
    ]
   },
   "properties": {
    "name": "13 SHENTON STREET NORTHBRIDGE 6003",
    "locID": "LOC000012934209",
    "tech": "FTTC",
    "upgrade": "FTTP_NA",
    "gnaf_pid": "GAWA_148010941",
    "ee": true,
    "tech_change_status": "MDU Complex Eligible To Apply"
   }
  },
  {
   "type": "Feature",
   "geometry": {
    "type": "Point",
    "coordinates": [
     115.85444408,
     -31.94621157
    ]
   },
   "properties": {
    "name": "UNIT 4, 7 SHENTON STREET NORTHBRIDGE 6003",
    "locID": "LOC000107609139",
    "tech": "FTTB",
    "upgrade": "NULL_NA",
    "gnaf_pid": "GAWA_148011678",
    "ee": true
   }
  },
  {
   "type": "Feature",
   "geometry": {
    "type": "Point",
    "coordinates": [
     115.85444408,
     -31.94621157
    ]
   },
   "properties": {
    "name": "UNIT 1, 7 SHENTON STREET NORTHBRIDGE 6003",
    "locID": "LOC000108010763",
    "tech": "FTTB",
    "upgrade": "NULL_NA",
    "gnaf_pid": "GAWA_148011680",
    "ee": true
   }
  },
  {
   "type": "Feature",
   "geometry": {
    "type": "Point",
    "coordinates": [
     115.85404907,
     -31.9463827
    ]
   },
   "properties": {
    "name": "UNIT 5, 1 SHENTON STREET NORTHBRIDGE 6003",
    "locID": "LOC000081019404",
    "tech": "FTTB",
    "upgrade": "NULL_NA",
    "gnaf_pid": "GAWA_148011682",
    "ee": true
   }
  },
  {
   "type": "Feature",
   "geometry": {
    "type": "Point",
    "coordinates": [
     115.85340596,
     -31.94564559
    ]
   },
   "properties": {
    "name": "UNIT 11, 19 LITTLE SHENTON LANE NORTHBRIDGE 6003",
    "locID": "LOC000018622766",
    "tech": "FTTB",
    "upgrade": "NULL_NA",
    "gnaf_pid": "GAWA_148011686",
    "ee": true
   }
  },
  {
   "type": "Feature",
   "geometry": {
    "type": "Point",
    "coordinates": [
     115.85340596,
     -31.94564559
    ]
   },
   "properties": {
    "name": "UNIT 10, 19 LITTLE SHENTON LANE NORTHBRIDGE 6003",
    "locID": "LOC000019016435",
    "tech": "FTTB",
    "upgrade": "NULL_NA",
    "gnaf_pid": "GAWA_148014322",
    "ee": true
   }
  },
  {
   "type": "Feature",
   "geometry": {
    "type": "Point",
    "coordinates": [
     115.85577681,
     -31.94718239
    ]
   },
   "properties": {
    "name": "UNIT 16, 182 JAMES STREET NORTHBRIDGE 6003",
    "locID": "LOC000103526058",
    "tech": "FTTB",
    "upgrade": "NULL_NA",
    "gnaf_pid": "GAWA_148014327",
    "ee": true
   }
  },
  {
   "type": "Feature",
   "geometry": {
    "type": "Point",
    "coordinates": [
     115.85404907,
     -31.9463827
    ]
   },
   "properties": {
    "name": "UNIT 8, 1 SHENTON STREET NORTHBRIDGE 6003",
    "locID": "LOC000080899340",
    "tech": "FTTB",
    "upgrade": "NULL_NA",
    "gnaf_pid": "GAWA_148014328",
    "ee": true
   }
  },
  {
   "type": "Feature",
   "geometry": {
    "type": "Point",
    "coordinates": [
     115.85577681,
     -31.94718239
    ]
   },
   "properties": {
    "name": "UNIT 6, 182 JAMES STREET NORTHBRIDGE 6003",
    "locID": "LOC000103862887",
    "tech": "FTTB",
    "upgrade": "NULL_NA",
    "gnaf_pid": "GAWA_148014330",
    "ee": true
   }
  },
  {
   "type": "Feature",
   "geometry": {
    "type": "Point",
    "coordinates": [
     115.85436767,
     -31.94580855
    ]
   },
   "properties": {
    "name": "5 JOHN STREET NORTHBRIDGE 6003",
    "locID": "LOC000021144173",
    "tech": "FTTC",
    "upgrade": "FTTP_SA",
    "gnaf_pid": "GAWA_148015296",
    "ee": true,
    "tech_change_status": "Eligible to Order"
   }
  },
  {
   "type": "Feature",
   "geometry": {
    "type": "Point",
    "coordinates": [
     115.85444408,
     -31.94621157
    ]
   },
   "properties": {
    "name": "UNIT 6, 11 SHENTON STREET NORTHBRIDGE 6003",
    "locID": "LOC000092735879",
    "tech": "FTTB",
    "upgrade": "NULL_NA",
    "gnaf_pid": "GAWA_148015298",
    "ee": true
   }
  },
  {
   "type": "Feature",
   "geometry": {
    "type": "Point",
    "coordinates": [
     115.85404907,
     -31.9463827
    ]
   },
   "properties": {
    "name": "UNIT 4, 218 JAMES STREET NORTHBRIDGE 6003",
    "locID": "LOC000096078025",
    "tech": "FTTB",
    "upgrade": "NULL_NA",
    "gnaf_pid": "GAWA_148015308",
    "ee": true
   }
  },
  {
   "type": "Feature",
   "geometry": {
    "type": "Point",
    "coordinates": [
     115.85444408,
     -31.94621157
    ]
   },
   "properties": {
    "name": "UNIT 5, 7 SHENTON STREET NORTHBRIDGE 6003",
    "locID": "LOC000108927232",
    "tech": "FTTB",
    "upgrade": "NULL_NA",
    "gnaf_pid": "GAWA_148015310",
    "ee": true
   }
  },
  {
   "type": "Feature",
   "geometry": {
    "type": "Point",
    "coordinates": [
     115.85898109,
     -31.94862588
    ]
   },
   "properties": {
    "name": "78 JAMES STREET NORTHBRIDGE 6003",
    "locID": "LOC000031926187",
    "tech": "FTTP",
    "upgrade": "NULL_NA",
    "gnaf_pid": "GAWA_148015311",
    "ee": true
   }
  },
  {
   "type": "Feature",
   "geometry": {
    "type": "Point",
    "coordinates": [
     115.8569084,
     -31.94707601
    ]
   },
   "properties": {
    "name": "UNIT 1, 97 FRANCIS STREET NORTHBRIDGE 6003",
    "locID": "LOC000088552762",
    "tech": "FTTC",
    "upgrade": "FTTP_NA",
    "gnaf_pid": "GAWA_148015312",
    "ee": true,
    "tech_change_status": "MDU Complex Eligible To Apply"
   }
  },
  {
   "type": "Feature",
   "geometry": {
    "type": "Point",
    "coordinates": [
     115.85364275,
     -31.94611587
    ]
   },
   "properties": {
    "name": "29 LITTLE SHENTON LANE NORTHBRIDGE 6003",
    "locID": "LOC000031087199",
    "tech": "FTTC",
    "upgrade": "FTTP_SA",
    "gnaf_pid": "GAWA_148015313",
    "ee": true,
    "tech_change_status": "Eligible to Order"
   }
  },
  {
   "type": "Feature",
   "geometry": {
    "type": "Point",
    "coordinates": [
     115.85353415,
     -31.94542602
    ]
   },
   "properties": {
    "name": "41 JOHN STREET NORTHBRIDGE 6003",
    "locID": "LOC000089294877",
    "tech": "FTTC",
    "upgrade": "FTTP_SA",
    "gnaf_pid": "GAWA_148015314",
    "ee": true,
    "tech_change_status": "Eligible to Order"
   }
  },
  {
   "type": "Feature",
   "geometry": {
    "type": "Point",
    "coordinates": [
     115.85444408,
     -31.94621157
    ]
   },
   "properties": {
    "name": "UNIT 6, 7 SHENTON STREET NORTHBRIDGE 6003",
    "locID": "LOC000108806023",
    "tech": "FTTB",
    "upgrade": "NULL_NA",
    "gnaf_pid": "GAWA_148015315",
    "ee": true
   }
  },
  {
   "type": "Feature",
   "geometry": {
    "type": "Point",
    "coordinates": [
     115.8569084,
     -31.94707601
    ]
   },
   "properties": {
    "name": "UNIT 2, 97 FRANCIS STREET NORTHBRIDGE 6003",
    "locID": "LOC000088610197",
    "tech": "FTTC",
    "upgrade": "FTTP_NA",
    "gnaf_pid": "GAWA_148015351",
    "ee": true,
    "tech_change_status": "MDU Complex Eligible To Apply"
   }
  },
  {
   "type": "Feature",
   "geometry": {
    "type": "Point",
    "coordinates": [
     115.85633208,
     -31.9442463
    ]
   },
   "properties": {
    "name": "309 NEWCASTLE STREET NORTHBRIDGE 6003",
    "locID": "LOC000071564464",
    "tech": "FTTP",
    "upgrade": "NULL_NA",
    "gnaf_pid": "GAWA_148015352",
    "ee": true
   }
  },
  {
   "type": "Feature",
   "geometry": {
    "type": "Point",
    "coordinates": [
     115.85865475,
     -31.94573615
    ]
   },
   "properties": {
    "name": "98 LAKE STREET NORTHBRIDGE 6003",
    "locID": "LOC100030407788",
    "tech": "FTTB",
    "upgrade": "NULL_NA",
    "gnaf_pid": "GAWA_148015353",
    "ee": true
   }
  },
  {
   "type": "Feature",
   "geometry": {
    "type": "Point",
    "coordinates": [
     115.85577681,
     -31.94718239
    ]
   },
   "properties": {
    "name": "UNIT 14, 182 JAMES STREET NORTHBRIDGE 6003",
    "locID": "LOC000103701449",
    "tech": "FTTB",
    "upgrade": "NULL_NA",
    "gnaf_pid": "GAWA_148015361",
    "ee": true
   }
  },
  {
   "type": "Feature",
   "geometry": {
    "type": "Point",
    "coordinates": [
     115.85436767,
     -31.94580855
    ]
   },
   "properties": {
    "name": "UNIT 6, 17 SHENTON STREET NORTHBRIDGE 6003",
    "locID": "LOC000106289278",
    "tech": "FTTC",
    "upgrade": "FTTP_NA",
    "gnaf_pid": "GAWA_148016136",
    "ee": true,
    "tech_change_status": "MDU Complex Eligible To Apply"
   }
  },
  {
   "type": "Feature",
   "geometry": {
    "type": "Point",
    "coordinates": [
     115.85444408,
     -31.94621157
    ]
   },
   "properties": {
    "name": "UNIT 8, 9 SHENTON STREET NORTHBRIDGE 6003",
    "locID": "LOC000012756757",
    "tech": "FTTB",
    "upgrade": "NULL_NA",
    "gnaf_pid": "GAWA_148016137",
    "ee": true
   }
  },
  {
   "type": "Feature",
   "geometry": {
    "type": "Point",
    "coordinates": [
     115.85689675,
     -31.94530313
    ]
   },
   "properties": {
    "name": "132 ABERDEEN STREET NORTHBRIDGE 6003",
    "locID": "LOC000054374090",
    "tech": "FTTC",
    "upgrade": "FTTP_SA",
    "gnaf_pid": "GAWA_148016142",
    "ee": true,
    "tech_change_status": "Eligible to Order"
   }
  },
  {
   "type": "Feature",
   "geometry": {
    "type": "Point",
    "coordinates": [
     115.85787933,
     -31.94568308
    ]
   },
   "properties": {
    "name": "87 LAKE STREET NORTHBRIDGE 6003",
    "locID": "LOC000024562641",
    "tech": "FTTP",
    "upgrade": "NULL_NA",
    "gnaf_pid": "GAWA_148016144",
    "ee": true
   }
  },
  {
   "type": "Feature",
   "geometry": {
    "type": "Point",
    "coordinates": [
     115.85353415,
     -31.94542602
    ]
   },
   "properties": {
    "name": "39 JOHN STREET NORTHBRIDGE 6003",
    "locID": "LOC000012780794",
    "tech": "FTTC",
    "upgrade": "FTTP_SA",
    "gnaf_pid": "GAWA_148016148",
    "ee": true,
    "tech_change_status": "Eligible to Order"
   }
  },
  {
   "type": "Feature",
   "geometry": {
    "type": "Point",
    "coordinates": [
     115.85353415,
     -31.94542602
    ]
   },
   "properties": {
    "name": "43 JOHN STREET NORTHBRIDGE 6003",
    "locID": "LOC000022049336",
    "tech": "FTTC",
    "upgrade": "FTTP_SA",
    "gnaf_pid": "GAWA_148016149",
    "ee": true,
    "tech_change_status": "Eligible to Order"
   }
  },
  {
   "type": "Feature",
   "geometry": {
    "type": "Point",
    "coordinates": [
     115.85353415,
     -31.94542602
    ]
   },
   "properties": {
    "name": "27 JOHN STREET NORTHBRIDGE 6003",
    "locID": "LOC000074868111",
    "tech": "FTTC",
    "upgrade": "FTTP_SA",
    "gnaf_pid": "GAWA_148016151",
    "ee": true,
    "tech_change_status": "Eligible to Order"
   }
  },
  {
   "type": "Feature",
   "geometry": {
    "type": "Point",
    "coordinates": [
     115.85436767,
     -31.94580855
    ]
   },
   "properties": {
    "name": "3 JOHN STREET NORTHBRIDGE 6003",
    "locID": "LOC000104305387",
    "tech": "FTTC",
    "upgrade": "FTTP_SA",
    "gnaf_pid": "GAWA_148017951",
    "ee": true,
    "tech_change_status": "Eligible to Order"
   }
  },
  {
   "type": "Feature",
   "geometry": {
    "type": "Point",
    "coordinates": [
     115.85404907,
     -31.9463827
    ]
   },
   "properties": {
    "name": "UNIT 3, 220 JAMES STREET NORTHBRIDGE 6003",
    "locID": "LOC000024546701",
    "tech": "FTTB",
    "upgrade": "NULL_NA",
    "gnaf_pid": "GAWA_148017952",
    "ee": true
   }
  },
  {
   "type": "Feature",
   "geometry": {
    "type": "Point",
    "coordinates": [
     115.85714187,
     -31.94570128
    ]
   },
   "properties": {
    "name": "60 ABERDEEN STREET NORTHBRIDGE 6003",
    "locID": "LOC000169353090",
    "tech": "FTTB",
    "upgrade": "NULL_NA",
    "gnaf_pid": "GAWA_148017957",
    "ee": true
   }
  },
  {
   "type": "Feature",
   "geometry": {
    "type": "Point",
    "coordinates": [
     115.85340596,
     -31.94564559
    ]
   },
   "properties": {
    "name": "UNIT 13, 19 LITTLE SHENTON LANE NORTHBRIDGE 6003",
    "locID": "LOC000018672234",
    "tech": "FTTB",
    "upgrade": "NULL_NA",
    "gnaf_pid": "GAWA_148017962",
    "ee": true
   }
  },
  {
   "type": "Feature",
   "geometry": {
    "type": "Point",
    "coordinates": [
     115.85353415,
     -31.94542602
    ]
   },
   "properties": {
    "name": "37 JOHN STREET NORTHBRIDGE 6003",
    "locID": "LOC000110220561",
    "tech": "FTTC",
    "upgrade": "FTTP_SA",
    "gnaf_pid": "GAWA_148017963",
    "ee": true,
    "tech_change_status": "Eligible to Order"
   }
  },
  {
   "type": "Feature",
   "geometry": {
    "type": "Point",
    "coordinates": [
     115.85444408,
     -31.94621157
    ]
   },
   "properties": {
    "name": "UNIT 11, 9 SHENTON STREET NORTHBRIDGE 6003",
    "locID": "LOC000012925523",
    "tech": "FTTB",
    "upgrade": "NULL_NA",
    "gnaf_pid": "GAWA_148017966",
    "ee": true
   }
  },
  {
   "type": "Feature",
   "geometry": {
    "type": "Point",
    "coordinates": [
     115.85364275,
     -31.94611587
    ]
   },
   "properties": {
    "name": "UNIT 6, 226 JAMES STREET NORTHBRIDGE 6003",
    "locID": "LOC000040380940",
    "tech": "FTTC",
    "upgrade": "FTTP_NA",
    "gnaf_pid": "GAWA_148019786",
    "ee": true,
    "tech_change_status": "MDU Complex Eligible To Apply"
   }
  },
  {
   "type": "Feature",
   "geometry": {
    "type": "Point",
    "coordinates": [
     115.85404907,
     -31.9463827
    ]
   },
   "properties": {
    "name": "UNIT 3, 218 JAMES STREET NORTHBRIDGE 6003",
    "locID": "LOC000095988132",
    "tech": "FTTB",
    "upgrade": "NULL_NA",
    "gnaf_pid": "GAWA_148019788",
    "ee": true
   }
  },
  {
   "type": "Feature",
   "geometry": {
    "type": "Point",
    "coordinates": [
     115.85404907,
     -31.9463827
    ]
   },
   "properties": {
    "name": "UNIT 5, 218 JAMES STREET NORTHBRIDGE 6003",
    "locID": "LOC000095657423",
    "tech": "FTTB",
    "upgrade": "NULL_NA",
    "gnaf_pid": "GAWA_148019789",
    "ee": true
   }
  },
  {
   "type": "Feature",
   "geometry": {
    "type": "Point",
    "coordinates": [
     115.85444408,
     -31.94621157
    ]
   },
   "properties": {
    "name": "UNIT 1, 11 SHENTON STREET NORTHBRIDGE 6003",
    "locID": "LOC000092735879",
    "tech": "FTTB",
    "upgrade": "NULL_NA",
    "gnaf_pid": "GAWA_148019790",
    "ee": true
   }
  },
  {
   "type": "Feature",
   "geometry": {
    "type": "Point",
    "coordinates": [
     115.85404907,
     -31.9463827
    ]
   },
   "properties": {
    "name": "UNIT 2, 1 SHENTON STREET NORTHBRIDGE 6003",
    "locID": "LOC000081365014",
    "tech": "FTTB",
    "upgrade": "NULL_NA",
    "gnaf_pid": "GAWA_148019791",
    "ee": true
   }
  },
  {
   "type": "Feature",
   "geometry": {
    "type": "Point",
    "coordinates": [
     115.85444408,
     -31.94621157
    ]
   },
   "properties": {
    "name": "UNIT 12, 9 SHENTON STREET NORTHBRIDGE 6003",
    "locID": "LOC000012820375",
    "tech": "FTTB",
    "upgrade": "NULL_NA",
    "gnaf_pid": "GAWA_148019792",
    "ee": true
   }
  },
  {
   "type": "Feature",
   "geometry": {
    "type": "Point",
    "coordinates": [
     115.85444408,
     -31.94621157
    ]
   },
   "properties": {
    "name": "UNIT 10, 9 SHENTON STREET NORTHBRIDGE 6003",
    "locID": "LOC000012823965",
    "tech": "FTTB",
    "upgrade": "NULL_NA",
    "gnaf_pid": "GAWA_148019795",
    "ee": true
   }
  },
  {
   "type": "Feature",
   "geometry": {
    "type": "Point",
    "coordinates": [
     115.85444408,
     -31.94621157
    ]
   },
   "properties": {
    "name": "UNIT 6, 9 SHENTON STREET NORTHBRIDGE 6003",
    "locID": "LOC000012864857",
    "tech": "FTTB",
    "upgrade": "NULL_NA",
    "gnaf_pid": "GAWA_148019796",
    "ee": true
   }
  },
  {
   "type": "Feature",
   "geometry": {
    "type": "Point",
    "coordinates": [
     115.8577651,
     -31.94587902
    ]
   },
   "properties": {
    "name": "81 LAKE STREET NORTHBRIDGE 6003",
    "locID": "LOC000042696196",
    "tech": "FTTP",
    "upgrade": "NULL_NA",
    "gnaf_pid": "GAWA_148309002",
    "ee": true
   }
  },
  {
   "type": "Feature",
   "geometry": {
    "type": "Point",
    "coordinates": [
     115.85659338,
     -31.94773153
    ]
   },
   "properties": {
    "name": "27 LAKE STREET NORTHBRIDGE 6003",
    "locID": "LOC000006975204",
    "tech": "FTTC",
    "upgrade": "FTTP_SA",
    "gnaf_pid": "GAWA_148309003",
    "ee": true,
    "tech_change_status": "Eligible to Order"
   }
  },
  {
   "type": "Feature",
   "geometry": {
    "type": "Point",
    "coordinates": [
     115.85777936,
     -31.9468024
    ]
   },
   "properties": {
    "name": "58 LAKE STREET NORTHBRIDGE 6003",
    "locID": "LOC000045054129",
    "tech": "FTTC",
    "upgrade": "FTTP_SA",
    "gnaf_pid": "GAWA_148310166",
    "ee": true,
    "tech_change_status": "Eligible to Order"
   }
  },
  {
   "type": "Feature",
   "geometry": {
    "type": "Point",
    "coordinates": [
     115.857801,
     -31.94676509
    ]
   },
   "properties": {
    "name": "60 LAKE STREET NORTHBRIDGE 6003",
    "locID": "LOC000054539591",
    "tech": "FTTC",
    "upgrade": "FTTP_SA",
    "gnaf_pid": "GAWA_148310167",
    "ee": true,
    "tech_change_status": "Eligible to Order"
   }
  },
  {
   "type": "Feature",
   "geometry": {
    "type": "Point",
    "coordinates": [
     115.85742991,
     -31.94690004
    ]
   },
   "properties": {
    "name": "80 LAKE STREET NORTHBRIDGE 6003",
    "locID": "LOC000169483134",
    "tech": "FTTC",
    "upgrade": "FTTP_SA",
    "gnaf_pid": "GAWA_148310170",
    "ee": true,
    "tech_change_status": "Eligible to Order"
   }
  },
  {
   "type": "Feature",
   "geometry": {
    "type": "Point",
    "coordinates": [
     115.85742991,
     -31.94690004
    ]
   },
   "properties": {
    "name": "19 LAKE STREET NORTHBRIDGE 6003",
    "locID": "LOC000026590056",
    "tech": "FTTP",
    "upgrade": "NULL_NA",
    "gnaf_pid": "GAWA_148310525",
    "ee": true
   }
  },
  {
   "type": "Feature",
   "geometry": {
    "type": "Point",
    "coordinates": [
     115.85676771,
     -31.94840678
    ]
   },
   "properties": {
    "name": "14 LAKE STREET NORTHBRIDGE 6003",
    "locID": "LOC000084980477",
    "tech": "FTTB",
    "upgrade": "NULL_NA",
    "gnaf_pid": "GAWA_148310527",
    "ee": true
   }
  },
  {
   "type": "Feature",
   "geometry": {
    "type": "Point",
    "coordinates": [
     115.85735586,
     -31.94747955
    ]
   },
   "properties": {
    "name": "44 LAKE STREET NORTHBRIDGE 6003",
    "locID": "LOC000092687499",
    "tech": "FTTC",
    "upgrade": "FTTP_SA",
    "gnaf_pid": "GAWA_148310529",
    "ee": true,
    "tech_change_status": "Eligible to Order"
   }
  },
  {
   "type": "Feature",
   "geometry": {
    "type": "Point",
    "coordinates": [
     115.85606,
     -31.94695
    ]
   },
   "properties": {
    "name": "UNIT 23, 2-6 PARKER STREET NORTHBRIDGE 6003",
    "locID": "LOC000054968068",
    "tech": "FTTC",
    "upgrade": "FTTP_NA",
    "gnaf_pid": "GAWA_148310649",
    "ee": true,
    "tech_change_status": "MDU Complex Eligible To Apply"
   }
  },
  {
   "type": "Feature",
   "geometry": {
    "type": "Point",
    "coordinates": [
     115.85530186,
     -31.94757158
    ]
   },
   "properties": {
    "name": "191 JAMES STREET NORTHBRIDGE 6003",
    "locID": "LOC100059312244",
    "tech": "FTTB",
    "upgrade": "NULL_NA",
    "gnaf_pid": "GAWA_148310731",
    "ee": true
   }
  },
  {
   "type": "Feature",
   "geometry": {
    "type": "Point",
    "coordinates": [
     115.85733,
     -31.94852
    ]
   },
   "properties": {
    "name": "UNIT 3, 123 JAMES STREET NORTHBRIDGE 6003",
    "locID": "LOC000013809385",
    "tech": "FTTC",
    "upgrade": "FTTP_NA",
    "gnaf_pid": "GAWA_148310732",
    "ee": true,
    "tech_change_status": "MDU Complex Eligible To Apply"
   }
  },
  {
   "type": "Feature",
   "geometry": {
    "type": "Point",
    "coordinates": [
     115.85364275,
     -31.94611587
    ]
   },
   "properties": {
    "name": "UNIT 2, 226 JAMES STREET NORTHBRIDGE 6003",
    "locID": "LOC000040380940",
    "tech": "FTTC",
    "upgrade": "FTTP_NA",
    "gnaf_pid": "GAWA_148310796",
    "ee": true,
    "tech_change_status": "MDU Complex Eligible To Apply"
   }
  },
  {
   "type": "Feature",
   "geometry": {
    "type": "Point",
    "coordinates": [
     115.85364275,
     -31.94611587
    ]
   },
   "properties": {
    "name": "UNIT 4, 226 JAMES STREET NORTHBRIDGE 6003",
    "locID": "LOC000040323521",
    "tech": "FTTC",
    "upgrade": "FTTP_NA",
    "gnaf_pid": "GAWA_148310799",
    "ee": true,
    "tech_change_status": "MDU Complex Eligible To Apply"
   }
  },
  {
   "type": "Feature",
   "geometry": {
    "type": "Point",
    "coordinates": [
     115.85404907,
     -31.9463827
    ]
   },
   "properties": {
    "name": "UNIT 1, 222 JAMES STREET NORTHBRIDGE 6003",
    "locID": "LOC000003693223",
    "tech": "FTTB",
    "upgrade": "NULL_NA",
    "gnaf_pid": "GAWA_148310800",
    "ee": true
   }
  },
  {
   "type": "Feature",
   "geometry": {
    "type": "Point",
    "coordinates": [
     115.85404907,
     -31.9463827
    ]
   },
   "properties": {
    "name": "UNIT 2, 222 JAMES STREET NORTHBRIDGE 6003",
    "locID": "LOC000003693223",
    "tech": "FTTB",
    "upgrade": "NULL_NA",
    "gnaf_pid": "GAWA_148310801",
    "ee": true
   }
  },
  {
   "type": "Feature",
   "geometry": {
    "type": "Point",
    "coordinates": [
     115.85533231,
     -31.94723834
    ]
   },
   "properties": {
    "name": "163 JAMES STREET NORTHBRIDGE 6003",
    "locID": "LOC000175550803",
    "tech": "FTTC",
    "upgrade": "FTTP_SA",
    "gnaf_pid": "GAWA_148310808",
    "ee": true,
    "tech_change_status": "Eligible to Order"
   }
  },
  {
   "type": "Feature",
   "geometry": {
    "type": "Point",
    "coordinates": [
     115.85798,
     -31.94807
    ]
   },
   "properties": {
    "name": "108A JAMES STREET NORTHBRIDGE 6003",
    "locID": "LOC000002105614",
    "tech": "FTTC",
    "upgrade": "FTTP_SA",
    "gnaf_pid": "GAWA_148310811",
    "ee": true,
    "tech_change_status": "Eligible to Order"
   }
  },
  {
   "type": "Feature",
   "geometry": {
    "type": "Point",
    "coordinates": [
     115.85699611,
     -31.94824088
    ]
   },
   "properties": {
    "name": "135A JAMES STREET NORTHBRIDGE 6003",
    "locID": "LOC000005471269",
    "tech": "FTTC",
    "upgrade": "FTTP_SA",
    "gnaf_pid": "GAWA_148310815",
    "ee": true,
    "tech_change_status": "Eligible to Order"
   }
  },
  {
   "type": "Feature",
   "geometry": {
    "type": "Point",
    "coordinates": [
     115.85685511,
     -31.94817646
    ]
   },
   "properties": {
    "name": "147 JAMES STREET NORTHBRIDGE 6003",
    "locID": "LOC000008729172",
    "tech": "FTTC",
    "upgrade": "FTTP_SA",
    "gnaf_pid": "GAWA_148310817",
    "ee": true,
    "tech_change_status": "Eligible to Order"
   }
  },
  {
   "type": "Feature",
   "geometry": {
    "type": "Point",
    "coordinates": [
     115.85575,
     -31.94779
    ]
   },
   "properties": {
    "name": "UNIT 1, 171 JAMES STREET NORTHBRIDGE 6003",
    "locID": "LOC000092998990",
    "tech": "FTTC",
    "upgrade": "FTTP_SA",
    "gnaf_pid": "GAWA_148310819",
    "ee": true,
    "tech_change_status": "Eligible to Order"
   }
  },
  {
   "type": "Feature",
   "geometry": {
    "type": "Point",
    "coordinates": [
     115.8573413,
     -31.94905524
    ]
   },
   "properties": {
    "name": "66 ROE STREET NORTHBRIDGE 6003",
    "locID": "LOC000132009407",
    "tech": "FTTC",
    "upgrade": "FTTP_NA",
    "gnaf_pid": "GAWA_148311186",
    "ee": true,
    "tech_change_status": "MDU Complex Eligible To Apply"
   }
  },
  {
   "type": "Feature",
   "geometry": {
    "type": "Point",
    "coordinates": [
     115.8565311,
     -31.94877327
    ]
   },
   "properties": {
    "name": "70 ROE STREET NORTHBRIDGE 6003",
    "locID": "LOC000080904787",
    "tech": "FTTC",
    "upgrade": "FTTP_SA",
    "gnaf_pid": "GAWA_148311187",
    "ee": true,
    "tech_change_status": "Eligible to Order"
   }
  },
  {
   "type": "Feature",
   "geometry": {
    "type": "Point",
    "coordinates": [
     115.85598927,
     -31.94838651
    ]
   },
   "properties": {
    "name": "92 ROE STREET NORTHBRIDGE 6003",
    "locID": "LOC000021213539",
    "tech": "FTTC",
    "upgrade": "FTTP_SA",
    "gnaf_pid": "GAWA_148311188",
    "ee": true,
    "tech_change_status": "Eligible to Order"
   }
  },
  {
   "type": "Feature",
   "geometry": {
    "type": "Point",
    "coordinates": [
     115.85531,
     -31.9481
    ]
   },
   "properties": {
    "name": "UNIT 2, 100 ROE STREET NORTHBRIDGE 6003",
    "locID": "LOC000038919533",
    "tech": "FTTC",
    "upgrade": "FTTP_NA",
    "gnaf_pid": "GAWA_148311190",
    "ee": true,
    "tech_change_status": "MDU Complex Eligible To Apply"
   }
  },
  {
   "type": "Feature",
   "geometry": {
    "type": "Point",
    "coordinates": [
     115.85531,
     -31.9481
    ]
   },
   "properties": {
    "name": "UNIT 3, 100 ROE STREET NORTHBRIDGE 6003",
    "locID": "LOC000038772671",
    "tech": "FTTC",
    "upgrade": "FTTP_NA",
    "gnaf_pid": "GAWA_148311191",
    "ee": true,
    "tech_change_status": "MDU Complex Eligible To Apply"
   }
  },
  {
   "type": "Feature",
   "geometry": {
    "type": "Point",
    "coordinates": [
     115.85531,
     -31.9481
    ]
   },
   "properties": {
    "name": "UNIT 4, 100 ROE STREET NORTHBRIDGE 6003",
    "locID": "LOC000038570047",
    "tech": "FTTC",
    "upgrade": "FTTP_NA",
    "gnaf_pid": "GAWA_148311192",
    "ee": true,
    "tech_change_status": "MDU Complex Eligible To Apply"
   }
  },
  {
   "type": "Feature",
   "geometry": {
    "type": "Point",
    "coordinates": [
     115.85531,
     -31.9481
    ]
   },
   "properties": {
    "name": "UNIT 5, 100 ROE STREET NORTHBRIDGE 6003",
    "locID": "LOC000038656397",
    "tech": "FTTC",
    "upgrade": "FTTP_NA",
    "gnaf_pid": "GAWA_148311193",
    "ee": true,
    "tech_change_status": "MDU Complex Eligible To Apply"
   }
  },
  {
   "type": "Feature",
   "geometry": {
    "type": "Point",
    "coordinates": [
     115.85531,
     -31.9481
    ]
   },
   "properties": {
    "name": "UNIT 6, 100 ROE STREET NORTHBRIDGE 6003",
    "locID": "LOC000039034005",
    "tech": "FTTC",
    "upgrade": "FTTP_NA",
    "gnaf_pid": "GAWA_148311194",
    "ee": true,
    "tech_change_status": "MDU Complex Eligible To Apply"
   }
  },
  {
   "type": "Feature",
   "geometry": {
    "type": "Point",
    "coordinates": [
     115.85302,
     -31.94707
    ]
   },
   "properties": {
    "name": "UNIT 2, 174 ROE STREET NORTHBRIDGE 6003",
    "locID": "LOC000098008255",
    "tech": "FTTC",
    "upgrade": "FTTP_NA",
    "gnaf_pid": "GAWA_148311198",
    "ee": true,
    "tech_change_status": "MDU Complex Eligible To Apply"
   }
  },
  {
   "type": "Feature",
   "geometry": {
    "type": "Point",
    "coordinates": [
     115.85302,
     -31.94707
    ]
   },
   "properties": {
    "name": "UNIT 3, 174 ROE STREET NORTHBRIDGE 6003",
    "locID": "LOC000098330025",
    "tech": "FTTC",
    "upgrade": "FTTP_NA",
    "gnaf_pid": "GAWA_148311199",
    "ee": true,
    "tech_change_status": "MDU Complex Eligible To Apply"
   }
  },
  {
   "type": "Feature",
   "geometry": {
    "type": "Point",
    "coordinates": [
     115.85860858,
     -31.9497428
    ]
   },
   "properties": {
    "name": "8-10 ROE STREET NORTHBRIDGE 6003",
    "locID": "LOC000100308714",
    "tech": "FTTC",
    "upgrade": "FTTP_SA",
    "gnaf_pid": "GAWA_148311200",
    "ee": true,
    "tech_change_status": "Eligible to Order"
   }
  },
  {
   "type": "Feature",
   "geometry": {
    "type": "Point",
    "coordinates": [
     115.85469314,
     -31.94818956
    ]
   },
   "properties": {
    "name": "26 ROE STREET NORTHBRIDGE 6003",
    "locID": "LOC000007965138",
    "tech": "FTTC",
    "upgrade": "FTTP_SA",
    "gnaf_pid": "GAWA_148311203",
    "ee": true,
    "tech_change_status": "Eligible to Order"
   }
  },
  {
   "type": "Feature",
   "geometry": {
    "type": "Point",
    "coordinates": [
     115.85302,
     -31.94707
    ]
   },
   "properties": {
    "name": "UNIT 1, 174 ROE STREET NORTHBRIDGE 6003",
    "locID": "LOC000098008255",
    "tech": "FTTC",
    "upgrade": "FTTP_NA",
    "gnaf_pid": "GAWA_148311207",
    "ee": true,
    "tech_change_status": "MDU Complex Eligible To Apply"
   }
  },
  {
   "type": "Feature",
   "geometry": {
    "type": "Point",
    "coordinates": [
     115.85444408,
     -31.94621157
    ]
   },
   "properties": {
    "name": "UNIT 9, 9 SHENTON STREET NORTHBRIDGE 6003",
    "locID": "LOC000012864857",
    "tech": "FTTB",
    "upgrade": "NULL_NA",
    "gnaf_pid": "GAWA_148311219",
    "ee": true
   }
  },
  {
   "type": "Feature",
   "geometry": {
    "type": "Point",
    "coordinates": [
     115.85404907,
     -31.9463827
    ]
   },
   "properties": {
    "name": "UNIT 1, 220 JAMES STREET NORTHBRIDGE 6003",
    "locID": "LOC000024814952",
    "tech": "FTTB",
    "upgrade": "NULL_NA",
    "gnaf_pid": "GAWA_148312064",
    "ee": true
   }
  },
  {
   "type": "Feature",
   "geometry": {
    "type": "Point",
    "coordinates": [
     115.85404907,
     -31.9463827
    ]
   },
   "properties": {
    "name": "UNIT 2, 220 JAMES STREET NORTHBRIDGE 6003",
    "locID": "LOC000024549127",
    "tech": "FTTB",
    "upgrade": "NULL_NA",
    "gnaf_pid": "GAWA_148312065",
    "ee": true
   }
  },
  {
   "type": "Feature",
   "geometry": {
    "type": "Point",
    "coordinates": [
     115.85530186,
     -31.94757158
    ]
   },
   "properties": {
    "name": "UNIT 1, 191 JAMES STREET NORTHBRIDGE 6003",
    "locID": "LOC000037143576",
    "tech": "FTTB",
    "upgrade": "NULL_NA",
    "gnaf_pid": "GAWA_148312072",
    "ee": true
   }
  },
  {
   "type": "Feature",
   "geometry": {
    "type": "Point",
    "coordinates": [
     115.85530186,
     -31.94757158
    ]
   },
   "properties": {
    "name": "UNIT 2, 191 JAMES STREET NORTHBRIDGE 6003",
    "locID": "LOC000037022596",
    "tech": "FTTB",
    "upgrade": "NULL_NA",
    "gnaf_pid": "GAWA_148312077",
    "ee": true
   }
  },
  {
   "type": "Feature",
   "geometry": {
    "type": "Point",
    "coordinates": [
     115.85733,
     -31.94852
    ]
   },
   "properties": {
    "name": "UNIT 1, 123 JAMES STREET NORTHBRIDGE 6003",
    "locID": "LOC000013809385",
    "tech": "FTTC",
    "upgrade": "FTTP_NA",
    "gnaf_pid": "GAWA_148312079",
    "ee": true,
    "tech_change_status": "MDU Complex Eligible To Apply"
   }
  },
  {
   "type": "Feature",
   "geometry": {
    "type": "Point",
    "coordinates": [
     115.85733,
     -31.94852
    ]
   },
   "properties": {
    "name": "UNIT 2, 123 JAMES STREET NORTHBRIDGE 6003",
    "locID": "LOC000013711506",
    "tech": "FTTC",
    "upgrade": "FTTP_NA",
    "gnaf_pid": "GAWA_148312080",
    "ee": true,
    "tech_change_status": "MDU Complex Eligible To Apply"
   }
  },
  {
   "type": "Feature",
   "geometry": {
    "type": "Point",
    "coordinates": [
     115.85798,
     -31.94807
    ]
   },
   "properties": {
    "name": "108B JAMES STREET NORTHBRIDGE 6003",
    "locID": "LOC000002140154",
    "tech": "FTTC",
    "upgrade": "FTTP_SA",
    "gnaf_pid": "GAWA_148312081",
    "ee": true,
    "tech_change_status": "Eligible to Order"
   }
  },
  {
   "type": "Feature",
   "geometry": {
    "type": "Point",
    "coordinates": [
     115.85774183,
     -31.94686079
    ]
   },
   "properties": {
    "name": "54 LAKE STREET NORTHBRIDGE 6003",
    "locID": "LOC000051835115",
    "tech": "FTTC",
    "upgrade": "FTTP_SA",
    "gnaf_pid": "GAWA_148312178",
    "ee": true,
    "tech_change_status": "Eligible to Order"
   }
  },
  {
   "type": "Feature",
   "geometry": {
    "type": "Point",
    "coordinates": [
     115.85791368,
     -31.94658059
    ]
   },
   "properties": {
    "name": "66 LAKE STREET NORTHBRIDGE 6003",
    "locID": "LOC000071463837",
    "tech": "FTTC",
    "upgrade": "FTTP_SA",
    "gnaf_pid": "GAWA_148312180",
    "ee": true,
    "tech_change_status": "Eligible to Order"
   }
  },
  {
   "type": "Feature",
   "geometry": {
    "type": "Point",
    "coordinates": [
     115.85934461,
     -31.94570141
    ]
   },
   "properties": {
    "name": "239 NEWCASTLE STREET NORTHBRIDGE 6003",
    "locID": "LOC000149379638",
    "tech": "FTTC",
    "upgrade": "FTTP_SA",
    "gnaf_pid": "GAWA_148312183",
    "ee": true,
    "tech_change_status": "Eligible to Order"
   }
  },
  {
   "type": "Feature",
   "geometry": {
    "type": "Point",
    "coordinates": [
     115.85321478,
     -31.94286905
    ]
   },
   "properties": {
    "name": "401 NEWCASTLE STREET NORTHBRIDGE 6003",
    "locID": "LOC000010415367",
    "tech": "FTTB",
    "upgrade": "NULL_NA",
    "gnaf_pid": "GAWA_148312197",
    "ee": true
   }
  },
  {
   "type": "Feature",
   "geometry": {
    "type": "Point",
    "coordinates": [
     115.86011543,
     -31.94607987
    ]
   },
   "properties": {
    "name": "219 NEWCASTLE STREET NORTHBRIDGE 6003",
    "locID": "LOC000013740219",
    "tech": "FTTC",
    "upgrade": "FTTP_SA",
    "gnaf_pid": "GAWA_148312201",
    "ee": true,
    "tech_change_status": "Eligible to Order"
   }
  },
  {
   "type": "Feature",
   "geometry": {
    "type": "Point",
    "coordinates": [
     115.86011543,
     -31.94607987
    ]
   },
   "properties": {
    "name": "221 NEWCASTLE STREET NORTHBRIDGE 6003",
    "locID": "LOC000102312087",
    "tech": "FTTC",
    "upgrade": "FTTP_SA",
    "gnaf_pid": "GAWA_148312202",
    "ee": true,
    "tech_change_status": "Eligible to Order"
   }
  },
  {
   "type": "Feature",
   "geometry": {
    "type": "Point",
    "coordinates": [
     115.85934461,
     -31.94570141
    ]
   },
   "properties": {
    "name": "243 NEWCASTLE STREET NORTHBRIDGE 6003",
    "locID": "LOC000169418420",
    "tech": "FTTC",
    "upgrade": "FTTP_NA",
    "gnaf_pid": "GAWA_148312206",
    "ee": true,
    "tech_change_status": "MDU Complex Eligible To Apply"
   }
  },
  {
   "type": "Feature",
   "geometry": {
    "type": "Point",
    "coordinates": [
     115.85872154,
     -31.94544101
    ]
   },
   "properties": {
    "name": "259 NEWCASTLE STREET NORTHBRIDGE 6003",
    "locID": "LOC000040405813",
    "tech": "FTTC",
    "upgrade": "FTTP_SA",
    "gnaf_pid": "GAWA_148312208",
    "ee": true,
    "tech_change_status": "Eligible to Order"
   }
  },
  {
   "type": "Feature",
   "geometry": {
    "type": "Point",
    "coordinates": [
     115.85603479,
     -31.94417138
    ]
   },
   "properties": {
    "name": "321 NEWCASTLE STREET NORTHBRIDGE 6003",
    "locID": "LOC000132005252",
    "tech": "FTTC",
    "upgrade": "FTTP_NA",
    "gnaf_pid": "GAWA_148312217",
    "ee": true,
    "tech_change_status": "MDU Complex Eligible To Apply"
   }
  },
  {
   "type": "Feature",
   "geometry": {
    "type": "Point",
    "coordinates": [
     115.85509083,
     -31.94377377
    ]
   },
   "properties": {
    "name": "353 NEWCASTLE STREET NORTHBRIDGE 6003",
    "locID": "LOC000079854833",
    "tech": "FTTC",
    "upgrade": "FTTP_SA",
    "gnaf_pid": "GAWA_148312223",
    "ee": true,
    "tech_change_status": "Eligible to Order"
   }
  },
  {
   "type": "Feature",
   "geometry": {
    "type": "Point",
    "coordinates": [
     115.85606,
     -31.94695
    ]
   },
   "properties": {
    "name": "UNIT 1, 2-6 PARKER STREET NORTHBRIDGE 6003",
    "locID": "LOC000055084556",
    "tech": "FTTC",
    "upgrade": "FTTP_NA",
    "gnaf_pid": "GAWA_148312231",
    "ee": true,
    "tech_change_status": "MDU Complex Eligible To Apply"
   }
  },
  {
   "type": "Feature",
   "geometry": {
    "type": "Point",
    "coordinates": [
     115.85606,
     -31.94695
    ]
   },
   "properties": {
    "name": "UNIT 2, 2-6 PARKER STREET NORTHBRIDGE 6003",
    "locID": "LOC000054968068",
    "tech": "FTTC",
    "upgrade": "FTTP_NA",
    "gnaf_pid": "GAWA_148312232",
    "ee": true,
    "tech_change_status": "MDU Complex Eligible To Apply"
   }
  },
  {
   "type": "Feature",
   "geometry": {
    "type": "Point",
    "coordinates": [
     115.85531,
     -31.9481
    ]
   },
   "properties": {
    "name": "UNIT 1, 100 ROE STREET NORTHBRIDGE 6003",
    "locID": "LOC000038919533",
    "tech": "FTTC",
    "upgrade": "FTTP_NA",
    "gnaf_pid": "GAWA_148312253",
    "ee": true,
    "tech_change_status": "MDU Complex Eligible To Apply"
   }
  },
  {
   "type": "Feature",
   "geometry": {
    "type": "Point",
    "coordinates": [
     115.85533231,
     -31.94723834
    ]
   },
   "properties": {
    "name": "58 JAMES STREET NORTHBRIDGE 6003",
    "locID": "LOC000147170660",
    "tech": "FTTP",
    "upgrade": "NULL_NA",
    "gnaf_pid": "GAWA_148312278",
    "ee": true
   }
  },
  {
   "type": "Feature",
   "geometry": {
    "type": "Point",
    "coordinates": [
     115.85881565,
     -31.94903269
    ]
   },
   "properties": {
    "name": "73 JAMES STREET NORTHBRIDGE 6003",
    "locID": "LOC000057856408",
    "tech": "FTTC",
    "upgrade": "FTTP_SA",
    "gnaf_pid": "GAWA_148312281",
    "ee": true,
    "tech_change_status": "Eligible to Order"
   }
  },
  {
   "type": "Feature",
   "geometry": {
    "type": "Point",
    "coordinates": [
     115.85577681,
     -31.94718239
    ]
   },
   "properties": {
    "name": "UNIT 15, 182 JAMES STREET NORTHBRIDGE 6003",
    "locID": "LOC000103302266",
    "tech": "FTTB",
    "upgrade": "NULL_NA",
    "gnaf_pid": "GAWA_148312287",
    "ee": true
   }
  },
  {
   "type": "Feature",
   "geometry": {
    "type": "Point",
    "coordinates": [
     115.85577681,
     -31.94718239
    ]
   },
   "properties": {
    "name": "UNIT 18, 182 JAMES STREET NORTHBRIDGE 6003",
    "locID": "LOC000103446386",
    "tech": "FTTB",
    "upgrade": "NULL_NA",
    "gnaf_pid": "GAWA_148312290",
    "ee": true
   }
  },
  {
   "type": "Feature",
   "geometry": {
    "type": "Point",
    "coordinates": [
     115.85533231,
     -31.94723834
    ]
   },
   "properties": {
    "name": "75 JAMES STREET NORTHBRIDGE 6003",
    "locID": "LOC000147171036",
    "tech": "FTTP",
    "upgrade": "NULL_NA",
    "gnaf_pid": "GAWA_148312293",
    "ee": true
   }
  },
  {
   "type": "Feature",
   "geometry": {
    "type": "Point",
    "coordinates": [
     115.85884,
     -31.94727
    ]
   },
   "properties": {
    "name": "60-64 FRANCIS STREET NORTHBRIDGE 6003",
    "locID": "LOC000045441190",
    "tech": "FTTP",
    "upgrade": "NULL_NA",
    "gnaf_pid": "GAWA_148312391",
    "ee": true
   }
  },
  {
   "type": "Feature",
   "geometry": {
    "type": "Point",
    "coordinates": [
     115.85761477,
     -31.94862085
    ]
   },
   "properties": {
    "name": "SUITE 1, 109 JAMES STREET NORTHBRIDGE 6003",
    "locID": "LOC000179000129",
    "tech": "FTTB",
    "upgrade": "NULL_NA",
    "gnaf_pid": "GAWA_148312399",
    "ee": true
   }
  },
  {
   "type": "Feature",
   "geometry": {
    "type": "Point",
    "coordinates": [
     115.85761477,
     -31.94862085
    ]
   },
   "properties": {
    "name": "SHOP 2, 109 JAMES STREET NORTHBRIDGE 6003",
    "locID": "LOC000037177401",
    "tech": "FTTB",
    "upgrade": "NULL_NA",
    "gnaf_pid": "GAWA_148312400",
    "ee": true
   }
  },
  {
   "type": "Feature",
   "geometry": {
    "type": "Point",
    "coordinates": [
     115.85761477,
     -31.94862085
    ]
   },
   "properties": {
    "name": "SHOP 3, 109 JAMES STREET NORTHBRIDGE 6003",
    "locID": "LOC000037366883",
    "tech": "FTTB",
    "upgrade": "NULL_NA",
    "gnaf_pid": "GAWA_148312401",
    "ee": true
   }
  },
  {
   "type": "Feature",
   "geometry": {
    "type": "Point",
    "coordinates": [
     115.85761477,
     -31.94862085
    ]
   },
   "properties": {
    "name": "SHOP 4, 109 JAMES STREET NORTHBRIDGE 6003",
    "locID": "LOC000037028498",
    "tech": "FTTB",
    "upgrade": "NULL_NA",
    "gnaf_pid": "GAWA_148312402",
    "ee": true
   }
  },
  {
   "type": "Feature",
   "geometry": {
    "type": "Point",
    "coordinates": [
     115.85761477,
     -31.94862085
    ]
   },
   "properties": {
    "name": "SHOP 5, 109 JAMES STREET NORTHBRIDGE 6003",
    "locID": "LOC000037314258",
    "tech": "FTTB",
    "upgrade": "NULL_NA",
    "gnaf_pid": "GAWA_148312403",
    "ee": true
   }
  },
  {
   "type": "Feature",
   "geometry": {
    "type": "Point",
    "coordinates": [
     115.85761477,
     -31.94862085
    ]
   },
   "properties": {
    "name": "SHOP 6, 109 JAMES STREET NORTHBRIDGE 6003",
    "locID": "LOC000037106941",
    "tech": "FTTB",
    "upgrade": "NULL_NA",
    "gnaf_pid": "GAWA_148312404",
    "ee": true
   }
  },
  {
   "type": "Feature",
   "geometry": {
    "type": "Point",
    "coordinates": [
     115.85404907,
     -31.9463827
    ]
   },
   "properties": {
    "name": "UNIT 1, 218 JAMES STREET NORTHBRIDGE 6003",
    "locID": "LOC000096129343",
    "tech": "FTTB",
    "upgrade": "NULL_NA",
    "gnaf_pid": "GAWA_148312467",
    "ee": true
   }
  },
  {
   "type": "Feature",
   "geometry": {
    "type": "Point",
    "coordinates": [
     115.85533231,
     -31.94723834
    ]
   },
   "properties": {
    "name": "57 JAMES STREET NORTHBRIDGE 6003",
    "locID": "LOC000147170656",
    "tech": "FTTP",
    "upgrade": "NULL_NA",
    "gnaf_pid": "GAWA_148312469",
    "ee": true
   }
  },
  {
   "type": "Feature",
   "geometry": {
    "type": "Point",
    "coordinates": [
     115.85733,
     -31.94852
    ]
   },
   "properties": {
    "name": "UNIT 4, 123 JAMES STREET NORTHBRIDGE 6003",
    "locID": "LOC000013748279",
    "tech": "FTTC",
    "upgrade": "FTTP_NA",
    "gnaf_pid": "GAWA_148312470",
    "ee": true,
    "tech_change_status": "MDU Complex Eligible To Apply"
   }
  },
  {
   "type": "Feature",
   "geometry": {
    "type": "Point",
    "coordinates": [
     115.85364275,
     -31.94611587
    ]
   },
   "properties": {
    "name": "UNIT 1, 226 JAMES STREET NORTHBRIDGE 6003",
    "locID": "LOC000040262711",
    "tech": "FTTC",
    "upgrade": "FTTP_NA",
    "gnaf_pid": "GAWA_148312472",
    "ee": true,
    "tech_change_status": "MDU Complex Eligible To Apply"
   }
  },
  {
   "type": "Feature",
   "geometry": {
    "type": "Point",
    "coordinates": [
     115.85404907,
     -31.9463827
    ]
   },
   "properties": {
    "name": "UNIT 2, 218 JAMES STREET NORTHBRIDGE 6003",
    "locID": "LOC000096129343",
    "tech": "FTTB",
    "upgrade": "NULL_NA",
    "gnaf_pid": "GAWA_148312479",
    "ee": true
   }
  },
  {
   "type": "Feature",
   "geometry": {
    "type": "Point",
    "coordinates": [
     115.85868,
     -31.94672
    ]
   },
   "properties": {
    "name": "UNIT 1, 91 ABERDEEN STREET NORTHBRIDGE 6003",
    "locID": "LOC000056733832",
    "tech": "FTTC",
    "upgrade": "FTTP_NA",
    "gnaf_pid": "GAWA_148312520",
    "ee": true,
    "tech_change_status": "MDU Complex Eligible To Apply"
   }
  },
  {
   "type": "Feature",
   "geometry": {
    "type": "Point",
    "coordinates": [
     115.85868,
     -31.94672
    ]
   },
   "properties": {
    "name": "UNIT 3, 91 ABERDEEN STREET NORTHBRIDGE 6003",
    "locID": "LOC000056717489",
    "tech": "FTTC",
    "upgrade": "FTTP_NA",
    "gnaf_pid": "GAWA_148312521",
    "ee": true,
    "tech_change_status": "MDU Complex Eligible To Apply"
   }
  },
  {
   "type": "Feature",
   "geometry": {
    "type": "Point",
    "coordinates": [
     115.85868,
     -31.94672
    ]
   },
   "properties": {
    "name": "UNIT 4, 91 ABERDEEN STREET NORTHBRIDGE 6003",
    "locID": "LOC000057116394",
    "tech": "FTTC",
    "upgrade": "FTTP_NA",
    "gnaf_pid": "GAWA_148312522",
    "ee": true,
    "tech_change_status": "MDU Complex Eligible To Apply"
   }
  },
  {
   "type": "Feature",
   "geometry": {
    "type": "Point",
    "coordinates": [
     115.85868,
     -31.94672
    ]
   },
   "properties": {
    "name": "UNIT 5, 91 ABERDEEN STREET NORTHBRIDGE 6003",
    "locID": "LOC000057055150",
    "tech": "FTTC",
    "upgrade": "FTTP_NA",
    "gnaf_pid": "GAWA_148312523",
    "ee": true,
    "tech_change_status": "MDU Complex Eligible To Apply"
   }
  },
  {
   "type": "Feature",
   "geometry": {
    "type": "Point",
    "coordinates": [
     115.85981,
     -31.94718
    ]
   },
   "properties": {
    "name": "59A ABERDEEN STREET NORTHBRIDGE 6003",
    "locID": "LOC000071726639",
    "tech": "FTTC",
    "upgrade": "FTTP_SA",
    "gnaf_pid": "GAWA_148312524",
    "ee": true,
    "tech_change_status": "Eligible to Order"
   }
  },
  {
   "type": "Feature",
   "geometry": {
    "type": "Point",
    "coordinates": [
     115.8585338,
     -31.94607054
    ]
   },
   "properties": {
    "name": "100 ABERDEEN STREET NORTHBRIDGE 6003",
    "locID": "LOC000017940914",
    "tech": "FTTC",
    "upgrade": "FTTP_SA",
    "gnaf_pid": "GAWA_148312532",
    "ee": true,
    "tech_change_status": "Eligible to Order"
   }
  },
  {
   "type": "Feature",
   "geometry": {
    "type": "Point",
    "coordinates": [
     115.85721222,
     -31.94544893
    ]
   },
   "properties": {
    "name": "122 ABERDEEN STREET NORTHBRIDGE 6003",
    "locID": "LOC000098244289",
    "tech": "FTTC",
    "upgrade": "FTTP_SA",
    "gnaf_pid": "GAWA_148312536",
    "ee": true,
    "tech_change_status": "Eligible to Order"
   }
  },
  {
   "type": "Feature",
   "geometry": {
    "type": "Point",
    "coordinates": [
     115.85694279,
     -31.94585905
    ]
   },
   "properties": {
    "name": "125 ABERDEEN STREET NORTHBRIDGE 6003",
    "locID": "LOC000015420158",
    "tech": "FTTC",
    "upgrade": "FTTP_SA",
    "gnaf_pid": "GAWA_148312537",
    "ee": true,
    "tech_change_status": "Eligible to Order"
   }
  },
  {
   "type": "Feature",
   "geometry": {
    "type": "Point",
    "coordinates": [
     115.85409019,
     -31.94402854
    ]
   },
   "properties": {
    "name": "188 ABERDEEN STREET NORTHBRIDGE 6003",
    "locID": "LOC000132021370",
    "tech": "FTTP",
    "upgrade": "NULL_NA",
    "gnaf_pid": "GAWA_148312539",
    "ee": true
   }
  },
  {
   "type": "Feature",
   "geometry": {
    "type": "Point",
    "coordinates": [
     115.85868,
     -31.94672
    ]
   },
   "properties": {
    "name": "UNIT 2, 91 ABERDEEN STREET NORTHBRIDGE 6003",
    "locID": "LOC000057038683",
    "tech": "FTTC",
    "upgrade": "FTTP_NA",
    "gnaf_pid": "GAWA_148312540",
    "ee": true,
    "tech_change_status": "MDU Complex Eligible To Apply"
   }
  },
  {
   "type": "Feature",
   "geometry": {
    "type": "Point",
    "coordinates": [
     115.85879251,
     -31.94619166
    ]
   },
   "properties": {
    "name": "94 ABERDEEN STREET NORTHBRIDGE 6003",
    "locID": "LOC000020229562",
    "tech": "FTTC",
    "upgrade": "FTTP_SA",
    "gnaf_pid": "GAWA_148312546",
    "ee": true,
    "tech_change_status": "Eligible to Order"
   }
  },
  {
   "type": "Feature",
   "geometry": {
    "type": "Point",
    "coordinates": [
     115.85404907,
     -31.9463827
    ]
   },
   "properties": {
    "name": "UNIT 4, 1 SHENTON STREET NORTHBRIDGE 6003",
    "locID": "LOC000012920348",
    "tech": "FTTC",
    "upgrade": "FTTP_NA",
    "gnaf_pid": "GAWA_148312663",
    "ee": true,
    "tech_change_status": "MDU Complex Eligible To Apply"
   }
  },
  {
   "type": "Feature",
   "geometry": {
    "type": "Point",
    "coordinates": [
     115.85444408,
     -31.94621157
    ]
   },
   "properties": {
    "name": "UNIT 4, 11 SHENTON STREET NORTHBRIDGE 6003",
    "locID": "LOC000093053048",
    "tech": "FTTB",
    "upgrade": "NULL_NA",
    "gnaf_pid": "GAWA_148312950",
    "ee": true
   }
  },
  {
   "type": "Feature",
   "geometry": {
    "type": "Point",
    "coordinates": [
     115.85436767,
     -31.94580855
    ]
   },
   "properties": {
    "name": "UNIT 1, 17 SHENTON STREET NORTHBRIDGE 6003",
    "locID": "LOC000106182720",
    "tech": "FTTC",
    "upgrade": "FTTP_NA",
    "gnaf_pid": "GAWA_148312953",
    "ee": true,
    "tech_change_status": "MDU Complex Eligible To Apply"
   }
  },
  {
   "type": "Feature",
   "geometry": {
    "type": "Point",
    "coordinates": [
     115.85436767,
     -31.94580855
    ]
   },
   "properties": {
    "name": "UNIT 4, 17 SHENTON STREET NORTHBRIDGE 6003",
    "locID": "LOC000106427397",
    "tech": "FTTC",
    "upgrade": "FTTP_NA",
    "gnaf_pid": "GAWA_148312955",
    "ee": true,
    "tech_change_status": "MDU Complex Eligible To Apply"
   }
  },
  {
   "type": "Feature",
   "geometry": {
    "type": "Point",
    "coordinates": [
     115.85404907,
     -31.9463827
    ]
   },
   "properties": {
    "name": "UNIT 1, 1 SHENTON STREET NORTHBRIDGE 6003",
    "locID": "LOC000081307117",
    "tech": "FTTB",
    "upgrade": "NULL_NA",
    "gnaf_pid": "GAWA_148312964",
    "ee": true
   }
  },
  {
   "type": "Feature",
   "geometry": {
    "type": "Point",
    "coordinates": [
     115.85183,
     -31.94646
    ]
   },
   "properties": {
    "name": "5A FITZGERALD STREET NORTHBRIDGE 6003",
    "locID": "LOC000033673234",
    "tech": "FTTC",
    "upgrade": "FTTP_SA",
    "gnaf_pid": "GAWA_148313172",
    "ee": true,
    "tech_change_status": "Eligible to Order"
   }
  },
  {
   "type": "Feature",
   "geometry": {
    "type": "Point",
    "coordinates": [
     115.85985425,
     -31.94773747
    ]
   },
   "properties": {
    "name": "253A WILLIAM STREET NORTHBRIDGE 6003",
    "locID": "LOC000037230265",
    "tech": "FTTP",
    "upgrade": "NULL_NA",
    "gnaf_pid": "GAWA_148313325",
    "ee": true
   }
  },
  {
   "type": "Feature",
   "geometry": {
    "type": "Point",
    "coordinates": [
     115.85981722,
     -31.94741206
    ]
   },
   "properties": {
    "name": "267B WILLIAM STREET NORTHBRIDGE 6003",
    "locID": "LOC000055542519",
    "tech": "FTTC",
    "upgrade": "FTTP_SA",
    "gnaf_pid": "GAWA_148313326",
    "ee": true,
    "tech_change_status": "Eligible to Order"
   }
  },
  {
   "type": "Feature",
   "geometry": {
    "type": "Point",
    "coordinates": [
     115.85991644,
     -31.94811538
    ]
   },
   "properties": {
    "name": "279 WILLIAM STREET NORTHBRIDGE 6003",
    "locID": "LOC000169499865",
    "tech": "FTTC",
    "upgrade": "FTTP_SA",
    "gnaf_pid": "GAWA_148313327",
    "ee": true,
    "tech_change_status": "Eligible to Order"
   }
  },
  {
   "type": "Feature",
   "geometry": {
    "type": "Point",
    "coordinates": [
     115.85861167,
     -31.94960004
    ]
   },
   "properties": {
    "name": "173 WILLIAM STREET NORTHBRIDGE 6003",
    "locID": "LOC000090300551",
    "tech": "FTTC",
    "upgrade": "FTTP_SA",
    "gnaf_pid": "GAWA_148313329",
    "ee": true,
    "tech_change_status": "Eligible to Order"
   }
  },
  {
   "type": "Feature",
   "geometry": {
    "type": "Point",
    "coordinates": [
     115.85985425,
     -31.94773747
    ]
   },
   "properties": {
    "name": "259 WILLIAM STREET NORTHBRIDGE 6003",
    "locID": "LOC000076803333",
    "tech": "FTTC",
    "upgrade": "FTTP_SA",
    "gnaf_pid": "GAWA_148313335",
    "ee": true,
    "tech_change_status": "Eligible to Order"
   }
  },
  {
   "type": "Feature",
   "geometry": {
    "type": "Point",
    "coordinates": [
     115.85985425,
     -31.94773747
    ]
   },
   "properties": {
    "name": "263 WILLIAM STREET NORTHBRIDGE 6003",
    "locID": "LOC000091735126",
    "tech": "FTTP",
    "upgrade": "NULL_NA",
    "gnaf_pid": "GAWA_148313336",
    "ee": true
   }
  },
  {
   "type": "Feature",
   "geometry": {
    "type": "Point",
    "coordinates": [
     115.85472,
     -31.94515
    ]
   },
   "properties": {
    "name": "165-169 ABERDEEN STREET NORTHBRIDGE 6003",
    "locID": "LOC000067840711",
    "tech": "FTTP",
    "upgrade": "NULL_NA",
    "gnaf_pid": "GAWA_148313377",
    "ee": true
   }
  },
  {
   "type": "Feature",
   "geometry": {
    "type": "Point",
    "coordinates": [
     115.85749206,
     -31.94557844
    ]
   },
   "properties": {
    "name": "118A ABERDEEN STREET NORTHBRIDGE 6003",
    "locID": "LOC000067700796",
    "tech": "FTTC",
    "upgrade": "FTTP_SA",
    "gnaf_pid": "GAWA_148313378",
    "ee": true,
    "tech_change_status": "Eligible to Order"
   }
  },
  {
   "type": "Feature",
   "geometry": {
    "type": "Point",
    "coordinates": [
     115.85393635,
     -31.94598392
    ]
   },
   "properties": {
    "name": "13 LITTLE SHENTON LANE NORTHBRIDGE 6003",
    "locID": "LOC000018672234",
    "tech": "FTTB",
    "upgrade": "NULL_NA",
    "gnaf_pid": "GAWA_148313382",
    "ee": true
   }
  },
  {
   "type": "Feature",
   "geometry": {
    "type": "Point",
    "coordinates": [
     115.85244785,
     -31.94514087
    ]
   },
   "properties": {
    "name": "59 FITZGERALD STREET NORTHBRIDGE 6003",
    "locID": "LOC000102094066",
    "tech": "FTTC",
    "upgrade": "FTTP_SA",
    "gnaf_pid": "GAWA_148313734",
    "ee": true,
    "tech_change_status": "Eligible to Order"
   }
  },
  {
   "type": "Feature",
   "geometry": {
    "type": "Point",
    "coordinates": [
     115.85904287,
     -31.94806971
    ]
   },
   "properties": {
    "name": "SHOP 7, 45 FRANCIS STREET NORTHBRIDGE 6003",
    "locID": "LOC000057737613",
    "tech": "FTTB",
    "upgrade": "NULL_NA",
    "gnaf_pid": "GAWA_148313736",
    "ee": true
   }
  },
  {
   "type": "Feature",
   "geometry": {
    "type": "Point",
    "coordinates": [
     115.85904287,
     -31.94806971
    ]
   },
   "properties": {
    "name": "OFFICE 9, 45 FRANCIS STREET NORTHBRIDGE 6003",
    "locID": "LOC100059312285",
    "tech": "FTTB",
    "upgrade": "NULL_NA",
    "gnaf_pid": "GAWA_148313743",
    "ee": true
   }
  },
  {
   "type": "Feature",
   "geometry": {
    "type": "Point",
    "coordinates": [
     115.85904287,
     -31.94806971
    ]
   },
   "properties": {
    "name": "OFFICE 3, 45 FRANCIS STREET NORTHBRIDGE 6003",
    "locID": "LOC000169439996",
    "tech": "FTTB",
    "upgrade": "NULL_NA",
    "gnaf_pid": "GAWA_148313744",
    "ee": true
   }
  },
  {
   "type": "Feature",
   "geometry": {
    "type": "Point",
    "coordinates": [
     115.85836,
     -31.94775
    ]
   },
   "properties": {
    "name": "UNIT 1, 65 FRANCIS STREET NORTHBRIDGE 6003",
    "locID": "LOC000080748648",
    "tech": "FTTC",
    "upgrade": "FTTP_NA",
    "gnaf_pid": "GAWA_148313751",
    "ee": true,
    "tech_change_status": "MDU Complex Eligible To Apply"
   }
  },
  {
   "type": "Feature",
   "geometry": {
    "type": "Point",
    "coordinates": [
     115.85904287,
     -31.94806971
    ]
   },
   "properties": {
    "name": "OFFICE 4, 45 FRANCIS STREET NORTHBRIDGE 6003",
    "locID": "LOC000169440002",
    "tech": "FTTB",
    "upgrade": "NULL_NA",
    "gnaf_pid": "GAWA_148313753",
    "ee": true
   }
  },
  {
   "type": "Feature",
   "geometry": {
    "type": "Point",
    "coordinates": [
     115.85904287,
     -31.94806971
    ]
   },
   "properties": {
    "name": "OFFICE 6, 45 FRANCIS STREET NORTHBRIDGE 6003",
    "locID": "LOC000169440002",
    "tech": "FTTB",
    "upgrade": "NULL_NA",
    "gnaf_pid": "GAWA_148313757",
    "ee": true
   }
  },
  {
   "type": "Feature",
   "geometry": {
    "type": "Point",
    "coordinates": [
     115.85681486,
     -31.94703279
    ]
   },
   "properties": {
    "name": "99 FRANCIS STREET NORTHBRIDGE 6003",
    "locID": "LOC000013816973",
    "tech": "FTTC",
    "upgrade": "FTTP_NA",
    "gnaf_pid": "GAWA_148313787",
    "ee": true,
    "tech_change_status": "MDU Complex Eligible To Apply"
   }
  },
  {
   "type": "Feature",
   "geometry": {
    "type": "Point",
    "coordinates": [
     115.85904287,
     -31.94806971
    ]
   },
   "properties": {
    "name": "SHOP 8, 45 FRANCIS STREET NORTHBRIDGE 6003",
    "locID": "LOC000057940403",
    "tech": "FTTB",
    "upgrade": "NULL_NA",
    "gnaf_pid": "GAWA_148313788",
    "ee": true
   }
  },
  {
   "type": "Feature",
   "geometry": {
    "type": "Point",
    "coordinates": [
     115.85904287,
     -31.94806971
    ]
   },
   "properties": {
    "name": "OFFICE 1, 45 FRANCIS STREET NORTHBRIDGE 6003",
    "locID": "LOC000169439977",
    "tech": "FTTB",
    "upgrade": "NULL_NA",
    "gnaf_pid": "GAWA_148313789",
    "ee": true
   }
  },
  {
   "type": "Feature",
   "geometry": {
    "type": "Point",
    "coordinates": [
     115.85904287,
     -31.94806971
    ]
   },
   "properties": {
    "name": "OFFICE 2, 45 FRANCIS STREET NORTHBRIDGE 6003",
    "locID": "LOC000169439983",
    "tech": "FTTB",
    "upgrade": "NULL_NA",
    "gnaf_pid": "GAWA_148313790",
    "ee": true
   }
  },
  {
   "type": "Feature",
   "geometry": {
    "type": "Point",
    "coordinates": [
     115.85904287,
     -31.94806971
    ]
   },
   "properties": {
    "name": "OFFICE 5, 45 FRANCIS STREET NORTHBRIDGE 6003",
    "locID": "LOC000169440018",
    "tech": "FTTB",
    "upgrade": "NULL_NA",
    "gnaf_pid": "GAWA_148313791",
    "ee": true
   }
  },
  {
   "type": "Feature",
   "geometry": {
    "type": "Point",
    "coordinates": [
     115.85904287,
     -31.94806971
    ]
   },
   "properties": {
    "name": "OFFICE 10, 45 FRANCIS STREET NORTHBRIDGE 6003",
    "locID": "LOC100059312285",
    "tech": "FTTB",
    "upgrade": "NULL_NA",
    "gnaf_pid": "GAWA_148313792",
    "ee": true
   }
  },
  {
   "type": "Feature",
   "geometry": {
    "type": "Point",
    "coordinates": [
     115.85761477,
     -31.94862085
    ]
   },
   "properties": {
    "name": "SHOP 14, 109 JAMES STREET NORTHBRIDGE 6003",
    "locID": "LOC000132017923",
    "tech": "FTTB",
    "upgrade": "NULL_NA",
    "gnaf_pid": "GAWA_148313828",
    "ee": true
   }
  },
  {
   "type": "Feature",
   "geometry": {
    "type": "Point",
    "coordinates": [
     115.85533231,
     -31.94723834
    ]
   },
   "properties": {
    "name": "61 JAMES STREET NORTHBRIDGE 6003",
    "locID": "LOC000147170694",
    "tech": "FTTP",
    "upgrade": "NULL_NA",
    "gnaf_pid": "GAWA_148313837",
    "ee": true
   }
  },
  {
   "type": "Feature",
   "geometry": {
    "type": "Point",
    "coordinates": [
     115.85575,
     -31.94779
    ]
   },
   "properties": {
    "name": "UNIT 2, 171 JAMES STREET NORTHBRIDGE 6003",
    "locID": "LOC000092939017",
    "tech": "FTTC",
    "upgrade": "FTTP_SA",
    "gnaf_pid": "GAWA_148313842",
    "ee": true,
    "tech_change_status": "Eligible to Order"
   }
  },
  {
   "type": "Feature",
   "geometry": {
    "type": "Point",
    "coordinates": [
     115.85577681,
     -31.94718239
    ]
   },
   "properties": {
    "name": "UNIT 3, 182 JAMES STREET NORTHBRIDGE 6003",
    "locID": "LOC000103702155",
    "tech": "FTTB",
    "upgrade": "NULL_NA",
    "gnaf_pid": "GAWA_148313845",
    "ee": true
   }
  },
  {
   "type": "Feature",
   "geometry": {
    "type": "Point",
    "coordinates": [
     115.85577681,
     -31.94718239
    ]
   },
   "properties": {
    "name": "UNIT 4, 182 JAMES STREET NORTHBRIDGE 6003",
    "locID": "LOC000103605578",
    "tech": "FTTB",
    "upgrade": "NULL_NA",
    "gnaf_pid": "GAWA_148313846",
    "ee": true
   }
  },
  {
   "type": "Feature",
   "geometry": {
    "type": "Point",
    "coordinates": [
     115.85577681,
     -31.94718239
    ]
   },
   "properties": {
    "name": "UNIT 7, 182 JAMES STREET NORTHBRIDGE 6003",
    "locID": "LOC000103862887",
    "tech": "FTTB",
    "upgrade": "NULL_NA",
    "gnaf_pid": "GAWA_148313849",
    "ee": true
   }
  },
  {
   "type": "Feature",
   "geometry": {
    "type": "Point",
    "coordinates": [
     115.85577681,
     -31.94718239
    ]
   },
   "properties": {
    "name": "UNIT 8, 182 JAMES STREET NORTHBRIDGE 6003",
    "locID": "LOC000103441334",
    "tech": "FTTB",
    "upgrade": "NULL_NA",
    "gnaf_pid": "GAWA_148313850",
    "ee": true
   }
  },
  {
   "type": "Feature",
   "geometry": {
    "type": "Point",
    "coordinates": [
     115.85577681,
     -31.94718239
    ]
   },
   "properties": {
    "name": "UNIT 10, 182 JAMES STREET NORTHBRIDGE 6003",
    "locID": "LOC000103637902",
    "tech": "FTTB",
    "upgrade": "NULL_NA",
    "gnaf_pid": "GAWA_148313852",
    "ee": true
   }
  },
  {
   "type": "Feature",
   "geometry": {
    "type": "Point",
    "coordinates": [
     115.85577681,
     -31.94718239
    ]
   },
   "properties": {
    "name": "UNIT 13, 182 JAMES STREET NORTHBRIDGE 6003",
    "locID": "LOC100067412314",
    "tech": "FTTB",
    "upgrade": "NULL_NA",
    "gnaf_pid": "GAWA_148313855",
    "ee": true
   }
  },
  {
   "type": "Feature",
   "geometry": {
    "type": "Point",
    "coordinates": [
     115.85825,
     -31.94821
    ]
   },
   "properties": {
    "name": "UNIT 1, 102 JAMES STREET NORTHBRIDGE 6003",
    "locID": "LOC000094567921",
    "tech": "FTTC",
    "upgrade": "FTTP_NA",
    "gnaf_pid": "GAWA_148313858",
    "ee": true,
    "tech_change_status": "MDU Complex Eligible To Apply"
   }
  },
  {
   "type": "Feature",
   "geometry": {
    "type": "Point",
    "coordinates": [
     115.85825,
     -31.94821
    ]
   },
   "properties": {
    "name": "UNIT 2, 102 JAMES STREET NORTHBRIDGE 6003",
    "locID": "LOC000094705506",
    "tech": "FTTC",
    "upgrade": "FTTP_NA",
    "gnaf_pid": "GAWA_148313859",
    "ee": true,
    "tech_change_status": "MDU Complex Eligible To Apply"
   }
  },
  {
   "type": "Feature",
   "geometry": {
    "type": "Point",
    "coordinates": [
     115.85825,
     -31.94821
    ]
   },
   "properties": {
    "name": "UNIT 3, 102 JAMES STREET NORTHBRIDGE 6003",
    "locID": "LOC000094567921",
    "tech": "FTTC",
    "upgrade": "FTTP_NA",
    "gnaf_pid": "GAWA_148313860",
    "ee": true,
    "tech_change_status": "MDU Complex Eligible To Apply"
   }
  },
  {
   "type": "Feature",
   "geometry": {
    "type": "Point",
    "coordinates": [
     115.85825,
     -31.94821
    ]
   },
   "properties": {
    "name": "UNIT 4, 102 JAMES STREET NORTHBRIDGE 6003",
    "locID": "LOC000094753340",
    "tech": "FTTC",
    "upgrade": "FTTP_NA",
    "gnaf_pid": "GAWA_148313861",
    "ee": true,
    "tech_change_status": "MDU Complex Eligible To Apply"
   }
  },
  {
   "type": "Feature",
   "geometry": {
    "type": "Point",
    "coordinates": [
     115.85825,
     -31.94821
    ]
   },
   "properties": {
    "name": "UNIT 5, 102 JAMES STREET NORTHBRIDGE 6003",
    "locID": "LOC000094568067",
    "tech": "FTTC",
    "upgrade": "FTTP_NA",
    "gnaf_pid": "GAWA_148313864",
    "ee": true,
    "tech_change_status": "MDU Complex Eligible To Apply"
   }
  },
  {
   "type": "Feature",
   "geometry": {
    "type": "Point",
    "coordinates": [
     115.85825,
     -31.94821
    ]
   },
   "properties": {
    "name": "UNIT 6, 102 JAMES STREET NORTHBRIDGE 6003",
    "locID": "LOC000094567921",
    "tech": "FTTC",
    "upgrade": "FTTP_NA",
    "gnaf_pid": "GAWA_148313865",
    "ee": true,
    "tech_change_status": "MDU Complex Eligible To Apply"
   }
  },
  {
   "type": "Feature",
   "geometry": {
    "type": "Point",
    "coordinates": [
     115.85804,
     -31.94882
    ]
   },
   "properties": {
    "name": "97A JAMES STREET NORTHBRIDGE 6003",
    "locID": "LOC000011961691",
    "tech": "FTTC",
    "upgrade": "FTTP_SA",
    "gnaf_pid": "GAWA_148313866",
    "ee": true,
    "tech_change_status": "Eligible to Order"
   }
  },
  {
   "type": "Feature",
   "geometry": {
    "type": "Point",
    "coordinates": [
     115.85348243,
     -31.94483751
    ]
   },
   "properties": {
    "name": "64A FITZGERALD STREET NORTHBRIDGE 6003",
    "locID": "LOC000091878071",
    "tech": "FTTC",
    "upgrade": "FTTP_SA",
    "gnaf_pid": "GAWA_148313937",
    "ee": true,
    "tech_change_status": "Eligible to Order"
   }
  },
  {
   "type": "Feature",
   "geometry": {
    "type": "Point",
    "coordinates": [
     115.85348243,
     -31.94483751
    ]
   },
   "properties": {
    "name": "64B FITZGERALD STREET NORTHBRIDGE 6003",
    "locID": "LOC000091710292",
    "tech": "FTTC",
    "upgrade": "FTTP_SA",
    "gnaf_pid": "GAWA_148313946",
    "ee": true,
    "tech_change_status": "Eligible to Order"
   }
  },
  {
   "type": "Feature",
   "geometry": {
    "type": "Point",
    "coordinates": [
     115.8530968,
     -31.94493947
    ]
   },
   "properties": {
    "name": "11 FITZGERALD STREET NORTHBRIDGE 6003",
    "locID": "LOC000194205203",
    "tech": "FTTC",
    "upgrade": "FTTP_SA",
    "gnaf_pid": "GAWA_148313952",
    "ee": true,
    "tech_change_status": "Eligible to Order"
   }
  },
  {
   "type": "Feature",
   "geometry": {
    "type": "Point",
    "coordinates": [
     115.85577681,
     -31.94718239
    ]
   },
   "properties": {
    "name": "182 JAMES STREET NORTHBRIDGE 6003",
    "locID": "LOC100067412314",
    "tech": "FTTB",
    "upgrade": "NULL_NA",
    "gnaf_pid": "GAWA_148314090",
    "ee": true
   }
  },
  {
   "type": "Feature",
   "geometry": {
    "type": "Point",
    "coordinates": [
     115.85699611,
     -31.94824088
    ]
   },
   "properties": {
    "name": "137 JAMES STREET NORTHBRIDGE 6003",
    "locID": "LOC000035131199",
    "tech": "FTTC",
    "upgrade": "FTTP_SA",
    "gnaf_pid": "GAWA_148314347",
    "ee": true,
    "tech_change_status": "Eligible to Order"
   }
  },
  {
   "type": "Feature",
   "geometry": {
    "type": "Point",
    "coordinates": [
     115.85733,
     -31.94852
    ]
   },
   "properties": {
    "name": "UNIT 5, 123 JAMES STREET NORTHBRIDGE 6003",
    "locID": "LOC000013726406",
    "tech": "FTTC",
    "upgrade": "FTTP_NA",
    "gnaf_pid": "GAWA_148314349",
    "ee": true,
    "tech_change_status": "MDU Complex Eligible To Apply"
   }
  },
  {
   "type": "Feature",
   "geometry": {
    "type": "Point",
    "coordinates": [
     115.85733,
     -31.94852
    ]
   },
   "properties": {
    "name": "UNIT 6, 123 JAMES STREET NORTHBRIDGE 6003",
    "locID": "LOC000013701269",
    "tech": "FTTC",
    "upgrade": "FTTP_NA",
    "gnaf_pid": "GAWA_148314350",
    "ee": true,
    "tech_change_status": "MDU Complex Eligible To Apply"
   }
  },
  {
   "type": "Feature",
   "geometry": {
    "type": "Point",
    "coordinates": [
     115.85733,
     -31.94852
    ]
   },
   "properties": {
    "name": "UNIT 7, 123 JAMES STREET NORTHBRIDGE 6003",
    "locID": "LOC000013746036",
    "tech": "FTTC",
    "upgrade": "FTTP_NA",
    "gnaf_pid": "GAWA_148314351",
    "ee": true,
    "tech_change_status": "MDU Complex Eligible To Apply"
   }
  },
  {
   "type": "Feature",
   "geometry": {
    "type": "Point",
    "coordinates": [
     115.85733,
     -31.94852
    ]
   },
   "properties": {
    "name": "UNIT 8, 123 JAMES STREET NORTHBRIDGE 6003",
    "locID": "LOC000175552212",
    "tech": "FTTC",
    "upgrade": "FTTP_NA",
    "gnaf_pid": "GAWA_148314352",
    "ee": true,
    "tech_change_status": "MDU Complex Eligible To Apply"
   }
  },
  {
   "type": "Feature",
   "geometry": {
    "type": "Point",
    "coordinates": [
     115.85182,
     -31.94475
    ]
   },
   "properties": {
    "name": "63A JOHN STREET NORTHBRIDGE 6003",
    "locID": "LOC000032107112",
    "tech": "FTTC",
    "upgrade": "FTTP_SA",
    "gnaf_pid": "GAWA_148314359",
    "ee": true,
    "tech_change_status": "Eligible to Order"
   }
  },
  {
   "type": "Feature",
   "geometry": {
    "type": "Point",
    "coordinates": [
     115.85182,
     -31.94475
    ]
   },
   "properties": {
    "name": "63B JOHN STREET NORTHBRIDGE 6003",
    "locID": "LOC000032090063",
    "tech": "FTTC",
    "upgrade": "FTTP_SA",
    "gnaf_pid": "GAWA_148314371",
    "ee": true,
    "tech_change_status": "Eligible to Order"
   }
  },
  {
   "type": "Feature",
   "geometry": {
    "type": "Point",
    "coordinates": [
     115.85348243,
     -31.94483751
    ]
   },
   "properties": {
    "name": "28 JOHN STREET NORTHBRIDGE 6003",
    "locID": "LOC000043292009",
    "tech": "FTTC",
    "upgrade": "FTTP_SA",
    "gnaf_pid": "GAWA_148314373",
    "ee": true,
    "tech_change_status": "Eligible to Order"
   }
  },
  {
   "type": "Feature",
   "geometry": {
    "type": "Point",
    "coordinates": [
     115.85606,
     -31.94695
    ]
   },
   "properties": {
    "name": "UNIT 22, 2-6 PARKER STREET NORTHBRIDGE 6003",
    "locID": "LOC000054968068",
    "tech": "FTTC",
    "upgrade": "FTTP_NA",
    "gnaf_pid": "GAWA_148314761",
    "ee": true,
    "tech_change_status": "MDU Complex Eligible To Apply"
   }
  },
  {
   "type": "Feature",
   "geometry": {
    "type": "Point",
    "coordinates": [
     115.85858083,
     -31.94537668
    ]
   },
   "properties": {
    "name": "100 LAKE STREET NORTHBRIDGE 6003",
    "locID": "LOC000017320898",
    "tech": "FTTC",
    "upgrade": "FTTP_SA",
    "gnaf_pid": "GAWA_148314911",
    "ee": true,
    "tech_change_status": "Eligible to Order"
   }
  },
  {
   "type": "Feature",
   "geometry": {
    "type": "Point",
    "coordinates": [
     115.85606,
     -31.94695
    ]
   },
   "properties": {
    "name": "UNIT 3, 2-6 PARKER STREET NORTHBRIDGE 6003",
    "locID": "LOC000055089871",
    "tech": "FTTC",
    "upgrade": "FTTP_NA",
    "gnaf_pid": "GAWA_148315035",
    "ee": true,
    "tech_change_status": "MDU Complex Eligible To Apply"
   }
  },
  {
   "type": "Feature",
   "geometry": {
    "type": "Point",
    "coordinates": [
     115.85606,
     -31.94695
    ]
   },
   "properties": {
    "name": "UNIT 4, 2-6 PARKER STREET NORTHBRIDGE 6003",
    "locID": "LOC000054968068",
    "tech": "FTTC",
    "upgrade": "FTTP_NA",
    "gnaf_pid": "GAWA_148315037",
    "ee": true,
    "tech_change_status": "MDU Complex Eligible To Apply"
   }
  },
  {
   "type": "Feature",
   "geometry": {
    "type": "Point",
    "coordinates": [
     115.85606,
     -31.94695
    ]
   },
   "properties": {
    "name": "UNIT 5, 2-6 PARKER STREET NORTHBRIDGE 6003",
    "locID": "LOC000054968068",
    "tech": "FTTC",
    "upgrade": "FTTP_NA",
    "gnaf_pid": "GAWA_148315038",
    "ee": true,
    "tech_change_status": "MDU Complex Eligible To Apply"
   }
  },
  {
   "type": "Feature",
   "geometry": {
    "type": "Point",
    "coordinates": [
     115.85606,
     -31.94695
    ]
   },
   "properties": {
    "name": "UNIT 6, 2-6 PARKER STREET NORTHBRIDGE 6003",
    "locID": "LOC000054968068",
    "tech": "FTTC",
    "upgrade": "FTTP_NA",
    "gnaf_pid": "GAWA_148315039",
    "ee": true,
    "tech_change_status": "MDU Complex Eligible To Apply"
   }
  },
  {
   "type": "Feature",
   "geometry": {
    "type": "Point",
    "coordinates": [
     115.85606,
     -31.94695
    ]
   },
   "properties": {
    "name": "UNIT 7, 2-6 PARKER STREET NORTHBRIDGE 6003",
    "locID": "LOC000054968068",
    "tech": "FTTC",
    "upgrade": "FTTP_NA",
    "gnaf_pid": "GAWA_148315040",
    "ee": true,
    "tech_change_status": "MDU Complex Eligible To Apply"
   }
  },
  {
   "type": "Feature",
   "geometry": {
    "type": "Point",
    "coordinates": [
     115.85606,
     -31.94695
    ]
   },
   "properties": {
    "name": "UNIT 8, 2-6 PARKER STREET NORTHBRIDGE 6003",
    "locID": "LOC000054968068",
    "tech": "FTTC",
    "upgrade": "FTTP_NA",
    "gnaf_pid": "GAWA_148315041",
    "ee": true,
    "tech_change_status": "MDU Complex Eligible To Apply"
   }
  },
  {
   "type": "Feature",
   "geometry": {
    "type": "Point",
    "coordinates": [
     115.85606,
     -31.94695
    ]
   },
   "properties": {
    "name": "UNIT 9, 2-6 PARKER STREET NORTHBRIDGE 6003",
    "locID": "LOC000054968068",
    "tech": "FTTC",
    "upgrade": "FTTP_NA",
    "gnaf_pid": "GAWA_148315042",
    "ee": true,
    "tech_change_status": "MDU Complex Eligible To Apply"
   }
  },
  {
   "type": "Feature",
   "geometry": {
    "type": "Point",
    "coordinates": [
     115.85606,
     -31.94695
    ]
   },
   "properties": {
    "name": "UNIT 10, 2-6 PARKER STREET NORTHBRIDGE 6003",
    "locID": "LOC000054968068",
    "tech": "FTTC",
    "upgrade": "FTTP_NA",
    "gnaf_pid": "GAWA_148315043",
    "ee": true,
    "tech_change_status": "MDU Complex Eligible To Apply"
   }
  },
  {
   "type": "Feature",
   "geometry": {
    "type": "Point",
    "coordinates": [
     115.85606,
     -31.94695
    ]
   },
   "properties": {
    "name": "UNIT 11, 2-6 PARKER STREET NORTHBRIDGE 6003",
    "locID": "LOC000055020106",
    "tech": "FTTC",
    "upgrade": "FTTP_NA",
    "gnaf_pid": "GAWA_148315044",
    "ee": true,
    "tech_change_status": "MDU Complex Eligible To Apply"
   }
  },
  {
   "type": "Feature",
   "geometry": {
    "type": "Point",
    "coordinates": [
     115.85606,
     -31.94695
    ]
   },
   "properties": {
    "name": "UNIT 12, 2-6 PARKER STREET NORTHBRIDGE 6003",
    "locID": "LOC000054968068",
    "tech": "FTTC",
    "upgrade": "FTTP_NA",
    "gnaf_pid": "GAWA_148315045",
    "ee": true,
    "tech_change_status": "MDU Complex Eligible To Apply"
   }
  },
  {
   "type": "Feature",
   "geometry": {
    "type": "Point",
    "coordinates": [
     115.85606,
     -31.94695
    ]
   },
   "properties": {
    "name": "UNIT 13, 2-6 PARKER STREET NORTHBRIDGE 6003",
    "locID": "LOC000054968068",
    "tech": "FTTC",
    "upgrade": "FTTP_NA",
    "gnaf_pid": "GAWA_148315046",
    "ee": true,
    "tech_change_status": "MDU Complex Eligible To Apply"
   }
  },
  {
   "type": "Feature",
   "geometry": {
    "type": "Point",
    "coordinates": [
     115.85606,
     -31.94695
    ]
   },
   "properties": {
    "name": "UNIT 14, 2-6 PARKER STREET NORTHBRIDGE 6003",
    "locID": "LOC000054968068",
    "tech": "FTTC",
    "upgrade": "FTTP_NA",
    "gnaf_pid": "GAWA_148315047",
    "ee": true,
    "tech_change_status": "MDU Complex Eligible To Apply"
   }
  },
  {
   "type": "Feature",
   "geometry": {
    "type": "Point",
    "coordinates": [
     115.85606,
     -31.94695
    ]
   },
   "properties": {
    "name": "UNIT 15, 2-6 PARKER STREET NORTHBRIDGE 6003",
    "locID": "LOC000054968068",
    "tech": "FTTC",
    "upgrade": "FTTP_NA",
    "gnaf_pid": "GAWA_148315048",
    "ee": true,
    "tech_change_status": "MDU Complex Eligible To Apply"
   }
  },
  {
   "type": "Feature",
   "geometry": {
    "type": "Point",
    "coordinates": [
     115.85606,
     -31.94695
    ]
   },
   "properties": {
    "name": "UNIT 16, 2-6 PARKER STREET NORTHBRIDGE 6003",
    "locID": "LOC000054968068",
    "tech": "FTTC",
    "upgrade": "FTTP_NA",
    "gnaf_pid": "GAWA_148315049",
    "ee": true,
    "tech_change_status": "MDU Complex Eligible To Apply"
   }
  },
  {
   "type": "Feature",
   "geometry": {
    "type": "Point",
    "coordinates": [
     115.85606,
     -31.94695
    ]
   },
   "properties": {
    "name": "UNIT 17, 2-6 PARKER STREET NORTHBRIDGE 6003",
    "locID": "LOC000054968068",
    "tech": "FTTC",
    "upgrade": "FTTP_NA",
    "gnaf_pid": "GAWA_148315050",
    "ee": true,
    "tech_change_status": "MDU Complex Eligible To Apply"
   }
  },
  {
   "type": "Feature",
   "geometry": {
    "type": "Point",
    "coordinates": [
     115.85606,
     -31.94695
    ]
   },
   "properties": {
    "name": "UNIT 18, 2-6 PARKER STREET NORTHBRIDGE 6003",
    "locID": "LOC000054966424",
    "tech": "FTTC",
    "upgrade": "FTTP_NA",
    "gnaf_pid": "GAWA_148315051",
    "ee": true,
    "tech_change_status": "MDU Complex Eligible To Apply"
   }
  },
  {
   "type": "Feature",
   "geometry": {
    "type": "Point",
    "coordinates": [
     115.85606,
     -31.94695
    ]
   },
   "properties": {
    "name": "UNIT 19, 2-6 PARKER STREET NORTHBRIDGE 6003",
    "locID": "LOC000055084556",
    "tech": "FTTC",
    "upgrade": "FTTP_NA",
    "gnaf_pid": "GAWA_148315052",
    "ee": true,
    "tech_change_status": "MDU Complex Eligible To Apply"
   }
  },
  {
   "type": "Feature",
   "geometry": {
    "type": "Point",
    "coordinates": [
     115.85606,
     -31.94695
    ]
   },
   "properties": {
    "name": "UNIT 20, 2-6 PARKER STREET NORTHBRIDGE 6003",
    "locID": "LOC000054968068",
    "tech": "FTTC",
    "upgrade": "FTTP_NA",
    "gnaf_pid": "GAWA_148315053",
    "ee": true,
    "tech_change_status": "MDU Complex Eligible To Apply"
   }
  },
  {
   "type": "Feature",
   "geometry": {
    "type": "Point",
    "coordinates": [
     115.85606,
     -31.94695
    ]
   },
   "properties": {
    "name": "UNIT 21, 2-6 PARKER STREET NORTHBRIDGE 6003",
    "locID": "LOC000054968068",
    "tech": "FTTC",
    "upgrade": "FTTP_NA",
    "gnaf_pid": "GAWA_148315054",
    "ee": true,
    "tech_change_status": "MDU Complex Eligible To Apply"
   }
  },
  {
   "type": "Feature",
   "geometry": {
    "type": "Point",
    "coordinates": [
     115.85985425,
     -31.94773747
    ]
   },
   "properties": {
    "name": "265 WILLIAM STREET NORTHBRIDGE 6003",
    "locID": "LOC000082771426",
    "tech": "FTTC",
    "upgrade": "FTTP_SA",
    "gnaf_pid": "GAWA_148315414",
    "ee": true,
    "tech_change_status": "Eligible to Order"
   }
  },
  {
   "type": "Feature",
   "geometry": {
    "type": "Point",
    "coordinates": [
     115.85981722,
     -31.94741206
    ]
   },
   "properties": {
    "name": "267A WILLIAM STREET NORTHBRIDGE 6003",
    "locID": "LOC000055861048",
    "tech": "FTTC",
    "upgrade": "FTTP_SA",
    "gnaf_pid": "GAWA_148315415",
    "ee": true,
    "tech_change_status": "Eligible to Order"
   }
  },
  {
   "type": "Feature",
   "geometry": {
    "type": "Point",
    "coordinates": [
     115.85981722,
     -31.94741206
    ]
   },
   "properties": {
    "name": "269 WILLIAM STREET NORTHBRIDGE 6003",
    "locID": "LOC000069114056",
    "tech": "FTTC",
    "upgrade": "FTTP_SA",
    "gnaf_pid": "GAWA_148315416",
    "ee": true,
    "tech_change_status": "Eligible to Order"
   }
  },
  {
   "type": "Feature",
   "geometry": {
    "type": "Point",
    "coordinates": [
     115.85991644,
     -31.94811538
    ]
   },
   "properties": {
    "name": "275 WILLIAM STREET NORTHBRIDGE 6003",
    "locID": "LOC000169499854",
    "tech": "FTTC",
    "upgrade": "FTTP_SA",
    "gnaf_pid": "GAWA_148315417",
    "ee": true,
    "tech_change_status": "Eligible to Order"
   }
  },
  {
   "type": "Feature",
   "geometry": {
    "type": "Point",
    "coordinates": [
     115.85861167,
     -31.94960004
    ]
   },
   "properties": {
    "name": "181 WILLIAM STREET NORTHBRIDGE 6003",
    "locID": "LOC000104025369",
    "tech": "FTTC",
    "upgrade": "FTTP_SA",
    "gnaf_pid": "GAWA_148315421",
    "ee": true,
    "tech_change_status": "Eligible to Order"
   }
  },
  {
   "type": "Feature",
   "geometry": {
    "type": "Point",
    "coordinates": [
     115.8586751,
     -31.94950145
    ]
   },
   "properties": {
    "name": "185-187 WILLIAM STREET NORTHBRIDGE 6003",
    "locID": "LOC000054820345",
    "tech": "FTTC",
    "upgrade": "FTTP_SA",
    "gnaf_pid": "GAWA_148315422",
    "ee": true,
    "tech_change_status": "Eligible to Order"
   }
  },
  {
   "type": "Feature",
   "geometry": {
    "type": "Point",
    "coordinates": [
     115.85985425,
     -31.94773747
    ]
   },
   "properties": {
    "name": "261 WILLIAM STREET NORTHBRIDGE 6003",
    "locID": "LOC000005571588",
    "tech": "FTTC",
    "upgrade": "FTTP_SA",
    "gnaf_pid": "GAWA_148315431",
    "ee": true,
    "tech_change_status": "Eligible to Order"
   }
  },
  {
   "type": "Feature",
   "geometry": {
    "type": "Point",
    "coordinates": [
     115.85577681,
     -31.94718239
    ]
   },
   "properties": {
    "name": "UNIT 12A, 182 JAMES STREET NORTHBRIDGE 6003",
    "locID": "LOC000103333333",
    "tech": "FTTB",
    "upgrade": "NULL_NA",
    "gnaf_pid": "GAWA_160649005",
    "ee": true
   }
  },
  {
   "type": "Feature",
   "geometry": {
    "type": "Point",
    "coordinates": [
     115.85320632,
     -31.94593236
    ]
   },
   "properties": {
    "name": "UNIT 34, 228 JAMES STREET NORTHBRIDGE 6003",
    "locID": "LOC100023904222",
    "tech": "FTTB",
    "upgrade": "NULL_NA",
    "gnaf_pid": "GAWA_160649006",
    "ee": true
   }
  },
  {
   "type": "Feature",
   "geometry": {
    "type": "Point",
    "coordinates": [
     115.85529989,
     -31.94416519
    ]
   },
   "properties": {
    "name": "6 ANTONAS ROAD NORTHBRIDGE 6003",
    "locID": "LOC000149378702",
    "tech": "FTTC",
    "upgrade": "FTTP_NA",
    "gnaf_pid": "GAWA_160661382",
    "ee": true,
    "tech_change_status": "MDU Complex Eligible To Apply"
   }
  },
  {
   "type": "Feature",
   "geometry": {
    "type": "Point",
    "coordinates": [
     115.85761477,
     -31.94862085
    ]
   },
   "properties": {
    "name": "109 JAMES STREET NORTHBRIDGE 6003",
    "locID": "LOC000179000129",
    "tech": "FTTB",
    "upgrade": "NULL_NA",
    "gnaf_pid": "GAWA_160668512",
    "ee": true
   }
  },
  {
   "type": "Feature",
   "geometry": {
    "type": "Point",
    "coordinates": [
     115.85603479,
     -31.94417138
    ]
   },
   "properties": {
    "name": "325 NEWCASTLE STREET NORTHBRIDGE 6003",
    "locID": "LOC000026935027",
    "tech": "FTTC",
    "upgrade": "FTTP_SA",
    "gnaf_pid": "GAWA_160801274",
    "ee": true,
    "tech_change_status": "Eligible to Order"
   }
  },
  {
   "type": "Feature",
   "geometry": {
    "type": "Point",
    "coordinates": [
     115.85436002,
     -31.94345519
    ]
   },
   "properties": {
    "name": "369 NEWCASTLE STREET NORTHBRIDGE 6003",
    "locID": "LOC000169476220",
    "tech": "FTTC",
    "upgrade": "FTTP_NA",
    "gnaf_pid": "GAWA_160801276",
    "ee": true,
    "tech_change_status": "MDU Complex Eligible To Apply"
   }
  },
  {
   "type": "Feature",
   "geometry": {
    "type": "Point",
    "coordinates": [
     115.85482948,
     -31.94402992
    ]
   },
   "properties": {
    "name": "6 SERICH LANE NORTHBRIDGE 6003",
    "locID": "LOC100044388727",
    "tech": "FTTB",
    "upgrade": "NULL_NA",
    "gnaf_pid": "GAWA_160803596",
    "ee": true
   }
  },
  {
   "type": "Feature",
   "geometry": {
    "type": "Point",
    "coordinates": [
     115.85472,
     -31.94515
    ]
   },
   "properties": {
    "name": "165 ABERDEEN STREET NORTHBRIDGE 6003",
    "locID": "LOC000067840711",
    "tech": "FTTP",
    "upgrade": "NULL_NA",
    "gnaf_pid": "GAWA_160930890",
    "ee": true
   }
  },
  {
   "type": "Feature",
   "geometry": {
    "type": "Point",
    "coordinates": [
     115.85320632,
     -31.94593236
    ]
   },
   "properties": {
    "name": "UNIT 3B, 228 JAMES STREET NORTHBRIDGE 6003",
    "locID": "LOC100023904222",
    "tech": "FTTB",
    "upgrade": "NULL_NA",
    "gnaf_pid": "GAWA_160934879",
    "ee": true
   }
  },
  {
   "type": "Feature",
   "geometry": {
    "type": "Point",
    "coordinates": [
     115.85699441,
     -31.94862004
    ]
   },
   "properties": {
    "name": "129 JAMES STREET NORTHBRIDGE 6003",
    "locID": "LOC000175550786",
    "tech": "FTTC",
    "upgrade": "FTTP_SA",
    "gnaf_pid": "GAWA_160934880",
    "ee": true,
    "tech_change_status": "Eligible to Order"
   }
  },
  {
   "type": "Feature",
   "geometry": {
    "type": "Point",
    "coordinates": [
     115.85889968,
     -31.9490739
    ]
   },
   "properties": {
    "name": "67 JAMES STREET NORTHBRIDGE 6003",
    "locID": "LOC000090291796",
    "tech": "FTTC",
    "upgrade": "FTTP_SA",
    "gnaf_pid": "GAWA_160934888",
    "ee": true,
    "tech_change_status": "Eligible to Order"
   }
  },
  {
   "type": "Feature",
   "geometry": {
    "type": "Point",
    "coordinates": [
     115.85533231,
     -31.94723834
    ]
   },
   "properties": {
    "name": "69 JAMES STREET NORTHBRIDGE 6003",
    "locID": "LOC000147170976",
    "tech": "FTTP",
    "upgrade": "NULL_NA",
    "gnaf_pid": "GAWA_160934889",
    "ee": true
   }
  },
  {
   "type": "Feature",
   "geometry": {
    "type": "Point",
    "coordinates": [
     115.85856,
     -31.94892
    ]
   },
   "properties": {
    "name": "77A JAMES STREET NORTHBRIDGE 6003",
    "locID": "LOC000061303048",
    "tech": "FTTC",
    "upgrade": "FTTP_SA",
    "gnaf_pid": "GAWA_160934890",
    "ee": true,
    "tech_change_status": "Eligible to Order"
   }
  },
  {
   "type": "Feature",
   "geometry": {
    "type": "Point",
    "coordinates": [
     115.85777936,
     -31.9468024
    ]
   },
   "properties": {
    "name": "56-58 LAKE STREET NORTHBRIDGE 6003",
    "locID": "LOC000045054129",
    "tech": "FTTC",
    "upgrade": "FTTP_SA",
    "gnaf_pid": "GAWA_160935428",
    "ee": true,
    "tech_change_status": "Eligible to Order"
   }
  },
  {
   "type": "Feature",
   "geometry": {
    "type": "Point",
    "coordinates": [
     115.85648497,
     -31.94617195
    ]
   },
   "properties": {
    "name": "20 PARKER STREET NORTHBRIDGE 6003",
    "locID": "LOC000007067900",
    "tech": "FTTC",
    "upgrade": "FTTP_SA",
    "gnaf_pid": "GAWA_160937553",
    "ee": true,
    "tech_change_status": "Eligible to Order"
   }
  },
  {
   "type": "Feature",
   "geometry": {
    "type": "Point",
    "coordinates": [
     115.85352865,
     -31.94730805
    ]
   },
   "properties": {
    "name": "146 ROE STREET NORTHBRIDGE 6003",
    "locID": "LOC000102433079",
    "tech": "FTTC",
    "upgrade": "FTTP_SA",
    "gnaf_pid": "GAWA_160938385",
    "ee": true,
    "tech_change_status": "Eligible to Order"
   }
  },
  {
   "type": "Feature",
   "geometry": {
    "type": "Point",
    "coordinates": [
     115.85861167,
     -31.94960004
    ]
   },
   "properties": {
    "name": "175 WILLIAM STREET NORTHBRIDGE 6003",
    "locID": "LOC000033802532",
    "tech": "FTTC",
    "upgrade": "FTTP_SA",
    "gnaf_pid": "GAWA_160940684",
    "ee": true,
    "tech_change_status": "Eligible to Order"
   }
  },
  {
   "type": "Feature",
   "geometry": {
    "type": "Point",
    "coordinates": [
     115.85861167,
     -31.94960004
    ]
   },
   "properties": {
    "name": "179 WILLIAM STREET NORTHBRIDGE 6003",
    "locID": "LOC000043182620",
    "tech": "FTTC",
    "upgrade": "FTTP_SA",
    "gnaf_pid": "GAWA_160940685",
    "ee": true,
    "tech_change_status": "Eligible to Order"
   }
  },
  {
   "type": "Feature",
   "geometry": {
    "type": "Point",
    "coordinates": [
     115.8556137,
     -31.94470493
    ]
   },
   "properties": {
    "name": "160 ABERDEEN STREET NORTHBRIDGE 6003",
    "locID": "LOC000092883703",
    "tech": "FTTC",
    "upgrade": "FTTP_NA",
    "gnaf_pid": "GAWA_161419893",
    "ee": true,
    "tech_change_status": "MDU Complex Eligible To Apply"
   }
  },
  {
   "type": "Feature",
   "geometry": {
    "type": "Point",
    "coordinates": [
     115.85448,
     -31.94481
    ]
   },
   "properties": {
    "name": "169 ABERDEEN STREET NORTHBRIDGE 6003",
    "locID": "LOC000067840711",
    "tech": "FTTP",
    "upgrade": "NULL_NA",
    "gnaf_pid": "GAWA_161419894",
    "ee": true
   }
  },
  {
   "type": "Feature",
   "geometry": {
    "type": "Point",
    "coordinates": [
     115.85425,
     -31.94517
    ]
   },
   "properties": {
    "name": "2 JOHN STREET NORTHBRIDGE 6003",
    "locID": "LOC000132021423",
    "tech": "FTTC",
    "upgrade": "FTTP_SA",
    "gnaf_pid": "GAWA_161421900",
    "ee": true,
    "tech_change_status": "Eligible to Order"
   }
  },
  {
   "type": "Feature",
   "geometry": {
    "type": "Point",
    "coordinates": [
     115.8573,
     -31.94661
    ]
   },
   "properties": {
    "name": "53 LAKE STREET NORTHBRIDGE 6003",
    "locID": "LOC000132028401",
    "tech": "FTTC",
    "upgrade": "FTTP_SA",
    "gnaf_pid": "GAWA_161422085",
    "ee": true,
    "tech_change_status": "Eligible to Order"
   }
  },
  {
   "type": "Feature",
   "geometry": {
    "type": "Point",
    "coordinates": [
     115.8556137,
     -31.94470493
    ]
   },
   "properties": {
    "name": "UNIT 1, 160 ABERDEEN STREET NORTHBRIDGE 6003",
    "locID": "LOC000092883703",
    "tech": "FTTC",
    "upgrade": "FTTP_NA",
    "gnaf_pid": "GAWA_161481826",
    "ee": true,
    "tech_change_status": "MDU Complex Eligible To Apply"
   }
  },
  {
   "type": "Feature",
   "geometry": {
    "type": "Point",
    "coordinates": [
     115.8556137,
     -31.94470493
    ]
   },
   "properties": {
    "name": "UNIT 2, 160 ABERDEEN STREET NORTHBRIDGE 6003",
    "locID": "LOC000092783797",
    "tech": "FTTC",
    "upgrade": "FTTP_NA",
    "gnaf_pid": "GAWA_161481827",
    "ee": true,
    "tech_change_status": "MDU Complex Eligible To Apply"
   }
  },
  {
   "type": "Feature",
   "geometry": {
    "type": "Point",
    "coordinates": [
     115.85577681,
     -31.94718239
    ]
   },
   "properties": {
    "name": "UNIT 12B, 182 JAMES STREET NORTHBRIDGE 6003",
    "locID": "LOC100067412314",
    "tech": "FTTB",
    "upgrade": "NULL_NA",
    "gnaf_pid": "GAWA_161903833",
    "ee": true
   }
  },
  {
   "type": "Feature",
   "geometry": {
    "type": "Point",
    "coordinates": [
     115.85606,
     -31.94695
    ]
   },
   "properties": {
    "name": "6 PARKER STREET NORTHBRIDGE 6003",
    "locID": "LOC000055394186",
    "tech": "FTTC",
    "upgrade": "FTTP_NA",
    "gnaf_pid": "GAWA_161906293",
    "ee": true,
    "tech_change_status": "MDU Complex Eligible To Apply"
   }
  },
  {
   "type": "Feature",
   "geometry": {
    "type": "Point",
    "coordinates": [
     115.85667933,
     -31.94499579
    ]
   },
   "properties": {
    "name": "UNIT 67, 134-138 ABERDEEN STREET NORTHBRIDGE 6003",
    "locID": "LOC000149388987",
    "tech": "FTTB",
    "upgrade": "NULL_NA",
    "gnaf_pid": "GAWA_161926112",
    "ee": true
   }
  },
  {
   "type": "Feature",
   "geometry": {
    "type": "Point",
    "coordinates": [
     115.85667933,
     -31.94499579
    ]
   },
   "properties": {
    "name": "UNIT 68, 134-138 ABERDEEN STREET NORTHBRIDGE 6003",
    "locID": "LOC000149388987",
    "tech": "FTTB",
    "upgrade": "NULL_NA",
    "gnaf_pid": "GAWA_161926113",
    "ee": true
   }
  },
  {
   "type": "Feature",
   "geometry": {
    "type": "Point",
    "coordinates": [
     115.85667933,
     -31.94499579
    ]
   },
   "properties": {
    "name": "UNIT 69, 134-138 ABERDEEN STREET NORTHBRIDGE 6003",
    "locID": "LOC000149388987",
    "tech": "FTTB",
    "upgrade": "NULL_NA",
    "gnaf_pid": "GAWA_161926114",
    "ee": true
   }
  },
  {
   "type": "Feature",
   "geometry": {
    "type": "Point",
    "coordinates": [
     115.85593795,
     -31.94435929
    ]
   },
   "properties": {
    "name": "5 DAVIES STREET NORTHBRIDGE 6003",
    "locID": "LOC000094017208",
    "tech": "FTTC",
    "upgrade": "FTTP_SA",
    "gnaf_pid": "GAWA_161927183",
    "ee": true,
    "tech_change_status": "Eligible to Order"
   }
  },
  {
   "type": "Feature",
   "geometry": {
    "type": "Point",
    "coordinates": [
     115.85667933,
     -31.94499579
    ]
   },
   "properties": {
    "name": "134-138 ABERDEEN STREET NORTHBRIDGE 6003",
    "locID": "LOC000149388987",
    "tech": "FTTB",
    "upgrade": "NULL_NA",
    "gnaf_pid": "GAWA_161930562",
    "ee": true
   }
  },
  {
   "type": "Feature",
   "geometry": {
    "type": "Point",
    "coordinates": [
     115.85550329,
     -31.94435533
    ]
   },
   "properties": {
    "name": "10 DAVIES STREET NORTHBRIDGE 6003",
    "locID": "LOC000077869169",
    "tech": "FTTC",
    "upgrade": "FTTP_SA",
    "gnaf_pid": "GAWA_161931116",
    "ee": true,
    "tech_change_status": "Eligible to Order"
   }
  },
  {
   "type": "Feature",
   "geometry": {
    "type": "Point",
    "coordinates": [
     115.85559912,
     -31.94420339
    ]
   },
   "properties": {
    "name": "6 DAVIES STREET NORTHBRIDGE 6003",
    "locID": "LOC000073444276",
    "tech": "FTTC",
    "upgrade": "FTTP_SA",
    "gnaf_pid": "GAWA_161931117",
    "ee": true,
    "tech_change_status": "Eligible to Order"
   }
  },
  {
   "type": "Feature",
   "geometry": {
    "type": "Point",
    "coordinates": [
     115.8558933,
     -31.94443516
    ]
   },
   "properties": {
    "name": "7 DAVIES STREET NORTHBRIDGE 6003",
    "locID": "LOC000091602463",
    "tech": "FTTP",
    "upgrade": "NULL_NA",
    "gnaf_pid": "GAWA_161931118",
    "ee": true
   }
  },
  {
   "type": "Feature",
   "geometry": {
    "type": "Point",
    "coordinates": [
     115.85555174,
     -31.94427853
    ]
   },
   "properties": {
    "name": "8 DAVIES STREET NORTHBRIDGE 6003",
    "locID": "LOC000107854190",
    "tech": "FTTP",
    "upgrade": "NULL_NA",
    "gnaf_pid": "GAWA_161931119",
    "ee": true
   }
  },
  {
   "type": "Feature",
   "geometry": {
    "type": "Point",
    "coordinates": [
     115.85584471,
     -31.94451219
    ]
   },
   "properties": {
    "name": "9 DAVIES STREET NORTHBRIDGE 6003",
    "locID": "LOC000007748722",
    "tech": "FTTC",
    "upgrade": "FTTP_SA",
    "gnaf_pid": "GAWA_161931120",
    "ee": true,
    "tech_change_status": "Eligible to Order"
   }
  },
  {
   "type": "Feature",
   "geometry": {
    "type": "Point",
    "coordinates": [
     115.85667933,
     -31.94499579
    ]
   },
   "properties": {
    "name": "APARTMENT 11, 134 ABERDEEN STREET NORTHBRIDGE 6003",
    "locID": "LOC000169353298",
    "tech": "FTTB",
    "upgrade": "NULL_NA",
    "gnaf_pid": "GAWA_161988770",
    "ee": true
   }
  },
  {
   "type": "Feature",
   "geometry": {
    "type": "Point",
    "coordinates": [
     115.85667933,
     -31.94499579
    ]
   },
   "properties": {
    "name": "APARTMENT 12, 134 ABERDEEN STREET NORTHBRIDGE 6003",
    "locID": "LOC000169353298",
    "tech": "FTTB",
    "upgrade": "NULL_NA",
    "gnaf_pid": "GAWA_161988771",
    "ee": true
   }
  },
  {
   "type": "Feature",
   "geometry": {
    "type": "Point",
    "coordinates": [
     115.85667933,
     -31.94499579
    ]
   },
   "properties": {
    "name": "APARTMENT 13, 134 ABERDEEN STREET NORTHBRIDGE 6003",
    "locID": "LOC000169353298",
    "tech": "FTTB",
    "upgrade": "NULL_NA",
    "gnaf_pid": "GAWA_161988772",
    "ee": true
   }
  },
  {
   "type": "Feature",
   "geometry": {
    "type": "Point",
    "coordinates": [
     115.85667933,
     -31.94499579
    ]
   },
   "properties": {
    "name": "APARTMENT 14, 134 ABERDEEN STREET NORTHBRIDGE 6003",
    "locID": "LOC000169353298",
    "tech": "FTTB",
    "upgrade": "NULL_NA",
    "gnaf_pid": "GAWA_161988773",
    "ee": true
   }
  },
  {
   "type": "Feature",
   "geometry": {
    "type": "Point",
    "coordinates": [
     115.85667933,
     -31.94499579
    ]
   },
   "properties": {
    "name": "APARTMENT 15, 134 ABERDEEN STREET NORTHBRIDGE 6003",
    "locID": "LOC000169353298",
    "tech": "FTTB",
    "upgrade": "NULL_NA",
    "gnaf_pid": "GAWA_161988774",
    "ee": true
   }
  },
  {
   "type": "Feature",
   "geometry": {
    "type": "Point",
    "coordinates": [
     115.85667933,
     -31.94499579
    ]
   },
   "properties": {
    "name": "APARTMENT 16, 134 ABERDEEN STREET NORTHBRIDGE 6003",
    "locID": "LOC000169353298",
    "tech": "FTTB",
    "upgrade": "NULL_NA",
    "gnaf_pid": "GAWA_161988775",
    "ee": true
   }
  },
  {
   "type": "Feature",
   "geometry": {
    "type": "Point",
    "coordinates": [
     115.85667933,
     -31.94499579
    ]
   },
   "properties": {
    "name": "APARTMENT 17, FLOOR 1, 134 ABERDEEN STREET NORTHBRIDGE 6003",
    "locID": "LOC000169353298",
    "tech": "FTTB",
    "upgrade": "NULL_NA",
    "gnaf_pid": "GAWA_161988776",
    "ee": true
   }
  },
  {
   "type": "Feature",
   "geometry": {
    "type": "Point",
    "coordinates": [
     115.85667933,
     -31.94499579
    ]
   },
   "properties": {
    "name": "APARTMENT 18, FLOOR 1, 134 ABERDEEN STREET NORTHBRIDGE 6003",
    "locID": "LOC000169353298",
    "tech": "FTTB",
    "upgrade": "NULL_NA",
    "gnaf_pid": "GAWA_161988777",
    "ee": true
   }
  },
  {
   "type": "Feature",
   "geometry": {
    "type": "Point",
    "coordinates": [
     115.85667933,
     -31.94499579
    ]
   },
   "properties": {
    "name": "APARTMENT 19, FLOOR 1, 134 ABERDEEN STREET NORTHBRIDGE 6003",
    "locID": "LOC000169353298",
    "tech": "FTTB",
    "upgrade": "NULL_NA",
    "gnaf_pid": "GAWA_161988778",
    "ee": true
   }
  },
  {
   "type": "Feature",
   "geometry": {
    "type": "Point",
    "coordinates": [
     115.85667933,
     -31.94499579
    ]
   },
   "properties": {
    "name": "APARTMENT 1, 134 ABERDEEN STREET NORTHBRIDGE 6003",
    "locID": "LOC000169353298",
    "tech": "FTTB",
    "upgrade": "NULL_NA",
    "gnaf_pid": "GAWA_161988779",
    "ee": true
   }
  },
  {
   "type": "Feature",
   "geometry": {
    "type": "Point",
    "coordinates": [
     115.85667933,
     -31.94499579
    ]
   },
   "properties": {
    "name": "APARTMENT 20, FLOOR 1, 134 ABERDEEN STREET NORTHBRIDGE 6003",
    "locID": "LOC000169353298",
    "tech": "FTTB",
    "upgrade": "NULL_NA",
    "gnaf_pid": "GAWA_161988780",
    "ee": true
   }
  },
  {
   "type": "Feature",
   "geometry": {
    "type": "Point",
    "coordinates": [
     115.85667933,
     -31.94499579
    ]
   },
   "properties": {
    "name": "APARTMENT 21, FLOOR 1, 134 ABERDEEN STREET NORTHBRIDGE 6003",
    "locID": "LOC000169353298",
    "tech": "FTTB",
    "upgrade": "NULL_NA",
    "gnaf_pid": "GAWA_161988781",
    "ee": true
   }
  },
  {
   "type": "Feature",
   "geometry": {
    "type": "Point",
    "coordinates": [
     115.85667933,
     -31.94499579
    ]
   },
   "properties": {
    "name": "APARTMENT 22, FLOOR 1, 134 ABERDEEN STREET NORTHBRIDGE 6003",
    "locID": "LOC000169353298",
    "tech": "FTTB",
    "upgrade": "NULL_NA",
    "gnaf_pid": "GAWA_161988782",
    "ee": true
   }
  },
  {
   "type": "Feature",
   "geometry": {
    "type": "Point",
    "coordinates": [
     115.85667933,
     -31.94499579
    ]
   },
   "properties": {
    "name": "APARTMENT 23, FLOOR 1, 134 ABERDEEN STREET NORTHBRIDGE 6003",
    "locID": "LOC000169353298",
    "tech": "FTTB",
    "upgrade": "NULL_NA",
    "gnaf_pid": "GAWA_161988783",
    "ee": true
   }
  },
  {
   "type": "Feature",
   "geometry": {
    "type": "Point",
    "coordinates": [
     115.85667933,
     -31.94499579
    ]
   },
   "properties": {
    "name": "APARTMENT 24, FLOOR 1, 134 ABERDEEN STREET NORTHBRIDGE 6003",
    "locID": "LOC000169353298",
    "tech": "FTTB",
    "upgrade": "NULL_NA",
    "gnaf_pid": "GAWA_161988784",
    "ee": true
   }
  },
  {
   "type": "Feature",
   "geometry": {
    "type": "Point",
    "coordinates": [
     115.85667933,
     -31.94499579
    ]
   },
   "properties": {
    "name": "APARTMENT 25, FLOOR 1, 134 ABERDEEN STREET NORTHBRIDGE 6003",
    "locID": "LOC000169353298",
    "tech": "FTTB",
    "upgrade": "NULL_NA",
    "gnaf_pid": "GAWA_161988785",
    "ee": true
   }
  },
  {
   "type": "Feature",
   "geometry": {
    "type": "Point",
    "coordinates": [
     115.85667933,
     -31.94499579
    ]
   },
   "properties": {
    "name": "APARTMENT 26, FLOOR 1, 134 ABERDEEN STREET NORTHBRIDGE 6003",
    "locID": "LOC000169353298",
    "tech": "FTTB",
    "upgrade": "NULL_NA",
    "gnaf_pid": "GAWA_161988786",
    "ee": true
   }
  },
  {
   "type": "Feature",
   "geometry": {
    "type": "Point",
    "coordinates": [
     115.85667933,
     -31.94499579
    ]
   },
   "properties": {
    "name": "APARTMENT 27, FLOOR 1, 134 ABERDEEN STREET NORTHBRIDGE 6003",
    "locID": "LOC000169353298",
    "tech": "FTTB",
    "upgrade": "NULL_NA",
    "gnaf_pid": "GAWA_161988787",
    "ee": true
   }
  },
  {
   "type": "Feature",
   "geometry": {
    "type": "Point",
    "coordinates": [
     115.85667933,
     -31.94499579
    ]
   },
   "properties": {
    "name": "APARTMENT 28, FLOOR 1, 134 ABERDEEN STREET NORTHBRIDGE 6003",
    "locID": "LOC000169353298",
    "tech": "FTTB",
    "upgrade": "NULL_NA",
    "gnaf_pid": "GAWA_161988788",
    "ee": true
   }
  },
  {
   "type": "Feature",
   "geometry": {
    "type": "Point",
    "coordinates": [
     115.85667933,
     -31.94499579
    ]
   },
   "properties": {
    "name": "APARTMENT 29, FLOOR 1, 134 ABERDEEN STREET NORTHBRIDGE 6003",
    "locID": "LOC000169353298",
    "tech": "FTTB",
    "upgrade": "NULL_NA",
    "gnaf_pid": "GAWA_161988789",
    "ee": true
   }
  },
  {
   "type": "Feature",
   "geometry": {
    "type": "Point",
    "coordinates": [
     115.85667933,
     -31.94499579
    ]
   },
   "properties": {
    "name": "APARTMENT 2, 134 ABERDEEN STREET NORTHBRIDGE 6003",
    "locID": "LOC000169353298",
    "tech": "FTTB",
    "upgrade": "NULL_NA",
    "gnaf_pid": "GAWA_161988790",
    "ee": true
   }
  },
  {
   "type": "Feature",
   "geometry": {
    "type": "Point",
    "coordinates": [
     115.85667933,
     -31.94499579
    ]
   },
   "properties": {
    "name": "APARTMENT 30, FLOOR 1, 134 ABERDEEN STREET NORTHBRIDGE 6003",
    "locID": "LOC000169353298",
    "tech": "FTTB",
    "upgrade": "NULL_NA",
    "gnaf_pid": "GAWA_161988791",
    "ee": true
   }
  },
  {
   "type": "Feature",
   "geometry": {
    "type": "Point",
    "coordinates": [
     115.85667933,
     -31.94499579
    ]
   },
   "properties": {
    "name": "APARTMENT 31, FLOOR 1, 134 ABERDEEN STREET NORTHBRIDGE 6003",
    "locID": "LOC000169353298",
    "tech": "FTTB",
    "upgrade": "NULL_NA",
    "gnaf_pid": "GAWA_161988792",
    "ee": true
   }
  },
  {
   "type": "Feature",
   "geometry": {
    "type": "Point",
    "coordinates": [
     115.85667933,
     -31.94499579
    ]
   },
   "properties": {
    "name": "APARTMENT 32, FLOOR 1, 134 ABERDEEN STREET NORTHBRIDGE 6003",
    "locID": "LOC000169353298",
    "tech": "FTTB",
    "upgrade": "NULL_NA",
    "gnaf_pid": "GAWA_161988793",
    "ee": true
   }
  },
  {
   "type": "Feature",
   "geometry": {
    "type": "Point",
    "coordinates": [
     115.85667933,
     -31.94499579
    ]
   },
   "properties": {
    "name": "APARTMENT 33, FLOOR 1, 134 ABERDEEN STREET NORTHBRIDGE 6003",
    "locID": "LOC000169353298",
    "tech": "FTTB",
    "upgrade": "NULL_NA",
    "gnaf_pid": "GAWA_161988794",
    "ee": true
   }
  },
  {
   "type": "Feature",
   "geometry": {
    "type": "Point",
    "coordinates": [
     115.85667933,
     -31.94499579
    ]
   },
   "properties": {
    "name": "APARTMENT 3, 134 ABERDEEN STREET NORTHBRIDGE 6003",
    "locID": "LOC000169353298",
    "tech": "FTTB",
    "upgrade": "NULL_NA",
    "gnaf_pid": "GAWA_161988801",
    "ee": true
   }
  },
  {
   "type": "Feature",
   "geometry": {
    "type": "Point",
    "coordinates": [
     115.85667933,
     -31.94499579
    ]
   },
   "properties": {
    "name": "APARTMENT 4, 134 ABERDEEN STREET NORTHBRIDGE 6003",
    "locID": "LOC000169353298",
    "tech": "FTTB",
    "upgrade": "NULL_NA",
    "gnaf_pid": "GAWA_161988812",
    "ee": true
   }
  },
  {
   "type": "Feature",
   "geometry": {
    "type": "Point",
    "coordinates": [
     115.85667933,
     -31.94499579
    ]
   },
   "properties": {
    "name": "APARTMENT 51, FLOOR 2, 134 ABERDEEN STREET NORTHBRIDGE 6003",
    "locID": "LOC000169353298",
    "tech": "FTTB",
    "upgrade": "NULL_NA",
    "gnaf_pid": "GAWA_161988814",
    "ee": true
   }
  },
  {
   "type": "Feature",
   "geometry": {
    "type": "Point",
    "coordinates": [
     115.85667933,
     -31.94499579
    ]
   },
   "properties": {
    "name": "APARTMENT 52, FLOOR 2, 134 ABERDEEN STREET NORTHBRIDGE 6003",
    "locID": "LOC000169353298",
    "tech": "FTTB",
    "upgrade": "NULL_NA",
    "gnaf_pid": "GAWA_161988815",
    "ee": true
   }
  },
  {
   "type": "Feature",
   "geometry": {
    "type": "Point",
    "coordinates": [
     115.85667933,
     -31.94499579
    ]
   },
   "properties": {
    "name": "APARTMENT 53, FLOOR 2, 134 ABERDEEN STREET NORTHBRIDGE 6003",
    "locID": "LOC000169353298",
    "tech": "FTTB",
    "upgrade": "NULL_NA",
    "gnaf_pid": "GAWA_161988816",
    "ee": true
   }
  },
  {
   "type": "Feature",
   "geometry": {
    "type": "Point",
    "coordinates": [
     115.85667933,
     -31.94499579
    ]
   },
   "properties": {
    "name": "APARTMENT 54, FLOOR 2, 134 ABERDEEN STREET NORTHBRIDGE 6003",
    "locID": "LOC000169353298",
    "tech": "FTTB",
    "upgrade": "NULL_NA",
    "gnaf_pid": "GAWA_161988817",
    "ee": true
   }
  },
  {
   "type": "Feature",
   "geometry": {
    "type": "Point",
    "coordinates": [
     115.85667933,
     -31.94499579
    ]
   },
   "properties": {
    "name": "APARTMENT 55, FLOOR 2, 134 ABERDEEN STREET NORTHBRIDGE 6003",
    "locID": "LOC000169353298",
    "tech": "FTTB",
    "upgrade": "NULL_NA",
    "gnaf_pid": "GAWA_161988818",
    "ee": true
   }
  },
  {
   "type": "Feature",
   "geometry": {
    "type": "Point",
    "coordinates": [
     115.85667933,
     -31.94499579
    ]
   },
   "properties": {
    "name": "APARTMENT 56, FLOOR 2, 134 ABERDEEN STREET NORTHBRIDGE 6003",
    "locID": "LOC000169353298",
    "tech": "FTTB",
    "upgrade": "NULL_NA",
    "gnaf_pid": "GAWA_161988819",
    "ee": true
   }
  },
  {
   "type": "Feature",
   "geometry": {
    "type": "Point",
    "coordinates": [
     115.85667933,
     -31.94499579
    ]
   },
   "properties": {
    "name": "APARTMENT 57, FLOOR 2, 134 ABERDEEN STREET NORTHBRIDGE 6003",
    "locID": "LOC000169353298",
    "tech": "FTTB",
    "upgrade": "NULL_NA",
    "gnaf_pid": "GAWA_161988820",
    "ee": true
   }
  },
  {
   "type": "Feature",
   "geometry": {
    "type": "Point",
    "coordinates": [
     115.85667933,
     -31.94499579
    ]
   },
   "properties": {
    "name": "APARTMENT 58, FLOOR 2, 134 ABERDEEN STREET NORTHBRIDGE 6003",
    "locID": "LOC000169353298",
    "tech": "FTTB",
    "upgrade": "NULL_NA",
    "gnaf_pid": "GAWA_161988821",
    "ee": true
   }
  },
  {
   "type": "Feature",
   "geometry": {
    "type": "Point",
    "coordinates": [
     115.85667933,
     -31.94499579
    ]
   },
   "properties": {
    "name": "APARTMENT 59, FLOOR 2, 134 ABERDEEN STREET NORTHBRIDGE 6003",
    "locID": "LOC000169353298",
    "tech": "FTTB",
    "upgrade": "NULL_NA",
    "gnaf_pid": "GAWA_161988822",
    "ee": true
   }
  },
  {
   "type": "Feature",
   "geometry": {
    "type": "Point",
    "coordinates": [
     115.85667933,
     -31.94499579
    ]
   },
   "properties": {
    "name": "APARTMENT 5, 134 ABERDEEN STREET NORTHBRIDGE 6003",
    "locID": "LOC000169353298",
    "tech": "FTTB",
    "upgrade": "NULL_NA",
    "gnaf_pid": "GAWA_161988823",
    "ee": true
   }
  },
  {
   "type": "Feature",
   "geometry": {
    "type": "Point",
    "coordinates": [
     115.85667933,
     -31.94499579
    ]
   },
   "properties": {
    "name": "APARTMENT 60, FLOOR 2, 134 ABERDEEN STREET NORTHBRIDGE 6003",
    "locID": "LOC000169353298",
    "tech": "FTTB",
    "upgrade": "NULL_NA",
    "gnaf_pid": "GAWA_161988824",
    "ee": true
   }
  },
  {
   "type": "Feature",
   "geometry": {
    "type": "Point",
    "coordinates": [
     115.85667933,
     -31.94499579
    ]
   },
   "properties": {
    "name": "APARTMENT 61, FLOOR 2, 134 ABERDEEN STREET NORTHBRIDGE 6003",
    "locID": "LOC000169353298",
    "tech": "FTTB",
    "upgrade": "NULL_NA",
    "gnaf_pid": "GAWA_161988825",
    "ee": true
   }
  },
  {
   "type": "Feature",
   "geometry": {
    "type": "Point",
    "coordinates": [
     115.85667933,
     -31.94499579
    ]
   },
   "properties": {
    "name": "APARTMENT 62, FLOOR 2, 134 ABERDEEN STREET NORTHBRIDGE 6003",
    "locID": "LOC000169353298",
    "tech": "FTTB",
    "upgrade": "NULL_NA",
    "gnaf_pid": "GAWA_161988826",
    "ee": true
   }
  },
  {
   "type": "Feature",
   "geometry": {
    "type": "Point",
    "coordinates": [
     115.85667933,
     -31.94499579
    ]
   },
   "properties": {
    "name": "APARTMENT 63, FLOOR 3, 134 ABERDEEN STREET NORTHBRIDGE 6003",
    "locID": "LOC000169353298",
    "tech": "FTTB",
    "upgrade": "NULL_NA",
    "gnaf_pid": "GAWA_161988827",
    "ee": true
   }
  },
  {
   "type": "Feature",
   "geometry": {
    "type": "Point",
    "coordinates": [
     115.85667933,
     -31.94499579
    ]
   },
   "properties": {
    "name": "APARTMENT 64, FLOOR 3, 134 ABERDEEN STREET NORTHBRIDGE 6003",
    "locID": "LOC000169353298",
    "tech": "FTTB",
    "upgrade": "NULL_NA",
    "gnaf_pid": "GAWA_161988828",
    "ee": true
   }
  },
  {
   "type": "Feature",
   "geometry": {
    "type": "Point",
    "coordinates": [
     115.85667933,
     -31.94499579
    ]
   },
   "properties": {
    "name": "APARTMENT 65, FLOOR 3, 134 ABERDEEN STREET NORTHBRIDGE 6003",
    "locID": "LOC000169353298",
    "tech": "FTTB",
    "upgrade": "NULL_NA",
    "gnaf_pid": "GAWA_161988829",
    "ee": true
   }
  },
  {
   "type": "Feature",
   "geometry": {
    "type": "Point",
    "coordinates": [
     115.85667933,
     -31.94499579
    ]
   },
   "properties": {
    "name": "APARTMENT 66, FLOOR 3, 134 ABERDEEN STREET NORTHBRIDGE 6003",
    "locID": "LOC000169353298",
    "tech": "FTTB",
    "upgrade": "NULL_NA",
    "gnaf_pid": "GAWA_161988830",
    "ee": true
   }
  },
  {
   "type": "Feature",
   "geometry": {
    "type": "Point",
    "coordinates": [
     115.85667933,
     -31.94499579
    ]
   },
   "properties": {
    "name": "OFFICE 67, 134 ABERDEEN STREET NORTHBRIDGE 6003",
    "locID": "LOC000169353298",
    "tech": "FTTB",
    "upgrade": "NULL_NA",
    "gnaf_pid": "GAWA_161988831",
    "ee": true
   }
  },
  {
   "type": "Feature",
   "geometry": {
    "type": "Point",
    "coordinates": [
     115.85667933,
     -31.94499579
    ]
   },
   "properties": {
    "name": "OFFICE 68, 134 ABERDEEN STREET NORTHBRIDGE 6003",
    "locID": "LOC000169353298",
    "tech": "FTTB",
    "upgrade": "NULL_NA",
    "gnaf_pid": "GAWA_161988832",
    "ee": true
   }
  },
  {
   "type": "Feature",
   "geometry": {
    "type": "Point",
    "coordinates": [
     115.85667933,
     -31.94499579
    ]
   },
   "properties": {
    "name": "OFFICE 69, 134 ABERDEEN STREET NORTHBRIDGE 6003",
    "locID": "LOC000169353298",
    "tech": "FTTB",
    "upgrade": "NULL_NA",
    "gnaf_pid": "GAWA_161988833",
    "ee": true
   }
  },
  {
   "type": "Feature",
   "geometry": {
    "type": "Point",
    "coordinates": [
     115.85667933,
     -31.94499579
    ]
   },
   "properties": {
    "name": "APARTMENT 6, 134 ABERDEEN STREET NORTHBRIDGE 6003",
    "locID": "LOC000169353298",
    "tech": "FTTB",
    "upgrade": "NULL_NA",
    "gnaf_pid": "GAWA_161988834",
    "ee": true
   }
  },
  {
   "type": "Feature",
   "geometry": {
    "type": "Point",
    "coordinates": [
     115.85667933,
     -31.94499579
    ]
   },
   "properties": {
    "name": "APARTMENT 7, 134 ABERDEEN STREET NORTHBRIDGE 6003",
    "locID": "LOC000169353298",
    "tech": "FTTB",
    "upgrade": "NULL_NA",
    "gnaf_pid": "GAWA_161988835",
    "ee": true
   }
  },
  {
   "type": "Feature",
   "geometry": {
    "type": "Point",
    "coordinates": [
     115.85667933,
     -31.94499579
    ]
   },
   "properties": {
    "name": "APARTMENT 8, 134 ABERDEEN STREET NORTHBRIDGE 6003",
    "locID": "LOC000169353298",
    "tech": "FTTB",
    "upgrade": "NULL_NA",
    "gnaf_pid": "GAWA_161988836",
    "ee": true
   }
  },
  {
   "type": "Feature",
   "geometry": {
    "type": "Point",
    "coordinates": [
     115.85667933,
     -31.94499579
    ]
   },
   "properties": {
    "name": "APARTMENT 9, 134 ABERDEEN STREET NORTHBRIDGE 6003",
    "locID": "LOC000169353298",
    "tech": "FTTB",
    "upgrade": "NULL_NA",
    "gnaf_pid": "GAWA_161988837",
    "ee": true
   }
  },
  {
   "type": "Feature",
   "geometry": {
    "type": "Point",
    "coordinates": [
     115.8556137,
     -31.94470493
    ]
   },
   "properties": {
    "name": "UNIT 3, FLOOR 1, 160 ABERDEEN STREET NORTHBRIDGE 6003",
    "locID": "LOC000092883703",
    "tech": "FTTC",
    "upgrade": "FTTP_NA",
    "gnaf_pid": "GAWA_162240675",
    "ee": true,
    "tech_change_status": "MDU Complex Eligible To Apply"
   }
  },
  {
   "type": "Feature",
   "geometry": {
    "type": "Point",
    "coordinates": [
     115.8556137,
     -31.94470493
    ]
   },
   "properties": {
    "name": "UNIT 4, FLOOR 1, 160 ABERDEEN STREET NORTHBRIDGE 6003",
    "locID": "LOC000092883703",
    "tech": "FTTC",
    "upgrade": "FTTP_NA",
    "gnaf_pid": "GAWA_162240676",
    "ee": true,
    "tech_change_status": "MDU Complex Eligible To Apply"
   }
  },
  {
   "type": "Feature",
   "geometry": {
    "type": "Point",
    "coordinates": [
     115.85348243,
     -31.94483751
    ]
   },
   "properties": {
    "name": "64C FITZGERALD STREET NORTHBRIDGE 6003",
    "locID": "LOC000091742161",
    "tech": "FTTC",
    "upgrade": "FTTP_SA",
    "gnaf_pid": "GAWA_162244279",
    "ee": true,
    "tech_change_status": "Eligible to Order"
   }
  },
  {
   "type": "Feature",
   "geometry": {
    "type": "Point",
    "coordinates": [
     115.85348243,
     -31.94483751
    ]
   },
   "properties": {
    "name": "64D FITZGERALD STREET NORTHBRIDGE 6003",
    "locID": "LOC000091683005",
    "tech": "FTTC",
    "upgrade": "NULL_NA",
    "gnaf_pid": "GAWA_162244280",
    "ee": true
   }
  },
  {
   "type": "Feature",
   "geometry": {
    "type": "Point",
    "coordinates": [
     115.85348243,
     -31.94483751
    ]
   },
   "properties": {
    "name": "64E FITZGERALD STREET NORTHBRIDGE 6003",
    "locID": "LOC000091348814",
    "tech": "FTTC",
    "upgrade": "FTTP_SA",
    "gnaf_pid": "GAWA_162244281",
    "ee": true,
    "tech_change_status": "Eligible to Order"
   }
  },
  {
   "type": "Feature",
   "geometry": {
    "type": "Point",
    "coordinates": [
     115.8529584,
     -31.94412119
    ]
   },
   "properties": {
    "name": "61 FITZGERALD STREET NORTHBRIDGE 6003",
    "locID": "LOC000017912270",
    "tech": "FTTC",
    "upgrade": "FTTP_SA",
    "gnaf_pid": "GAWA_162252323",
    "ee": true,
    "tech_change_status": "Eligible to Order"
   }
  },
  {
   "type": "Feature",
   "geometry": {
    "type": "Point",
    "coordinates": [
     115.853613,
     -31.944658
    ]
   },
   "properties": {
    "name": "70 FITZGERALD STREET NORTHBRIDGE 6003",
    "locID": "LOC000132028493",
    "tech": "FTTC",
    "upgrade": "FTTP_SA",
    "gnaf_pid": "GAWA_162262595",
    "ee": true,
    "tech_change_status": "Eligible to Order"
   }
  },
  {
   "type": "Feature",
   "geometry": {
    "type": "Point",
    "coordinates": [
     115.85571086,
     -31.94402283
    ]
   },
   "properties": {
    "name": "323-325 NEWCASTLE STREET NORTHBRIDGE 6003",
    "locID": "LOC000095991006",
    "tech": "FTTC",
    "upgrade": "FTTP_SA",
    "gnaf_pid": "GAWA_162274334",
    "ee": true,
    "tech_change_status": "Eligible to Order"
   }
  },
  {
   "type": "Feature",
   "geometry": {
    "type": "Point",
    "coordinates": [
     115.856021,
     -31.94489
    ]
   },
   "properties": {
    "name": "1 PALMERSTON STREET NORTHBRIDGE 6003",
    "locID": "LOC000046507689",
    "tech": "FTTC",
    "upgrade": "FTTP_SA",
    "gnaf_pid": "GAWA_162274473",
    "ee": true,
    "tech_change_status": "Eligible to Order"
   }
  },
  {
   "type": "Feature",
   "geometry": {
    "type": "Point",
    "coordinates": [
     115.856021,
     -31.94489
    ]
   },
   "properties": {
    "name": "3 PALMERSTON STREET NORTHBRIDGE 6003",
    "locID": "LOC000063742559",
    "tech": "FTTC",
    "upgrade": "FTTP_SA",
    "gnaf_pid": "GAWA_162274474",
    "ee": true,
    "tech_change_status": "Eligible to Order"
   }
  },
  {
   "type": "Feature",
   "geometry": {
    "type": "Point",
    "coordinates": [
     115.856021,
     -31.94489
    ]
   },
   "properties": {
    "name": "5 PALMERSTON STREET NORTHBRIDGE 6003",
    "locID": "LOC000019533295",
    "tech": "FTTC",
    "upgrade": "FTTP_SA",
    "gnaf_pid": "GAWA_162274475",
    "ee": true,
    "tech_change_status": "Eligible to Order"
   }
  },
  {
   "type": "Feature",
   "geometry": {
    "type": "Point",
    "coordinates": [
     115.856021,
     -31.94489
    ]
   },
   "properties": {
    "name": "7 PALMERSTON STREET NORTHBRIDGE 6003",
    "locID": "LOC000103766214",
    "tech": "FTTC",
    "upgrade": "FTTP_SA",
    "gnaf_pid": "GAWA_162274476",
    "ee": true,
    "tech_change_status": "Eligible to Order"
   }
  },
  {
   "type": "Feature",
   "geometry": {
    "type": "Point",
    "coordinates": [
     115.85571086,
     -31.94402283
    ]
   },
   "properties": {
    "name": "UNIT 1, 323-325 NEWCASTLE STREET NORTHBRIDGE 6003",
    "locID": "LOC000095991006",
    "tech": "FTTC",
    "upgrade": "FTTP_SA",
    "gnaf_pid": "GAWA_162278661",
    "ee": true,
    "tech_change_status": "Eligible to Order"
   }
  },
  {
   "type": "Feature",
   "geometry": {
    "type": "Point",
    "coordinates": [
     115.85571086,
     -31.94402283
    ]
   },
   "properties": {
    "name": "UNIT 2, 323-325 NEWCASTLE STREET NORTHBRIDGE 6003",
    "locID": "LOC000095742856",
    "tech": "FTTC",
    "upgrade": "FTTP_NA",
    "gnaf_pid": "GAWA_162278662",
    "ee": true,
    "tech_change_status": "MDU Complex Eligible To Apply"
   }
  },
  {
   "type": "Feature",
   "geometry": {
    "type": "Point",
    "coordinates": [
     115.86058312,
     -31.94657605
    ]
   },
   "properties": {
    "name": "UNIT 1, 305 WILLIAM STREET NORTHBRIDGE 6003",
    "locID": "LOC000055887919",
    "tech": "FTTC",
    "upgrade": "FTTP_NA",
    "gnaf_pid": "GAWA_162337299",
    "ee": true,
    "tech_change_status": "MDU Complex Eligible To Apply"
   }
  },
  {
   "type": "Feature",
   "geometry": {
    "type": "Point",
    "coordinates": [
     115.86058312,
     -31.94657605
    ]
   },
   "properties": {
    "name": "UNIT 2, 305 WILLIAM STREET NORTHBRIDGE 6003",
    "locID": "LOC000056089866",
    "tech": "FTTC",
    "upgrade": "FTTP_NA",
    "gnaf_pid": "GAWA_162337301",
    "ee": true,
    "tech_change_status": "MDU Complex Eligible To Apply"
   }
  },
  {
   "type": "Feature",
   "geometry": {
    "type": "Point",
    "coordinates": [
     115.86058312,
     -31.94657605
    ]
   },
   "properties": {
    "name": "UNIT 3, 305 WILLIAM STREET NORTHBRIDGE 6003",
    "locID": "LOC000056218409",
    "tech": "FTTC",
    "upgrade": "FTTP_NA",
    "gnaf_pid": "GAWA_162337303",
    "ee": true,
    "tech_change_status": "MDU Complex Eligible To Apply"
   }
  },
  {
   "type": "Feature",
   "geometry": {
    "type": "Point",
    "coordinates": [
     115.856021,
     -31.94489
    ]
   },
   "properties": {
    "name": "UNIT 1, FLOOR 1, 154 ABERDEEN STREET NORTHBRIDGE 6003",
    "locID": "LOC000132038894",
    "tech": "FTTC",
    "upgrade": "FTTP_NA",
    "gnaf_pid": "GAWA_162389684",
    "ee": true,
    "tech_change_status": "MDU Complex Eligible To Apply"
   }
  },
  {
   "type": "Feature",
   "geometry": {
    "type": "Point",
    "coordinates": [
     115.856021,
     -31.94489
    ]
   },
   "properties": {
    "name": "UNIT 2, FLOOR 1, 154 ABERDEEN STREET NORTHBRIDGE 6003",
    "locID": "LOC000132038894",
    "tech": "FTTC",
    "upgrade": "FTTP_NA",
    "gnaf_pid": "GAWA_162389685",
    "ee": true,
    "tech_change_status": "MDU Complex Eligible To Apply"
   }
  },
  {
   "type": "Feature",
   "geometry": {
    "type": "Point",
    "coordinates": [
     115.856021,
     -31.94489
    ]
   },
   "properties": {
    "name": "UNIT 3, FLOOR 1, 154 ABERDEEN STREET NORTHBRIDGE 6003",
    "locID": "LOC000132038894",
    "tech": "FTTC",
    "upgrade": "FTTP_NA",
    "gnaf_pid": "GAWA_162389686",
    "ee": true,
    "tech_change_status": "MDU Complex Eligible To Apply"
   }
  },
  {
   "type": "Feature",
   "geometry": {
    "type": "Point",
    "coordinates": [
     115.856021,
     -31.94489
    ]
   },
   "properties": {
    "name": "UNIT 4, FLOOR 1, 154 ABERDEEN STREET NORTHBRIDGE 6003",
    "locID": "LOC000132038894",
    "tech": "FTTC",
    "upgrade": "FTTP_NA",
    "gnaf_pid": "GAWA_162389687",
    "ee": true,
    "tech_change_status": "MDU Complex Eligible To Apply"
   }
  },
  {
   "type": "Feature",
   "geometry": {
    "type": "Point",
    "coordinates": [
     115.856021,
     -31.94489
    ]
   },
   "properties": {
    "name": "UNIT 5, FLOOR 1, 154 ABERDEEN STREET NORTHBRIDGE 6003",
    "locID": "LOC000132038894",
    "tech": "FTTC",
    "upgrade": "FTTP_NA",
    "gnaf_pid": "GAWA_162389688",
    "ee": true,
    "tech_change_status": "MDU Complex Eligible To Apply"
   }
  },
  {
   "type": "Feature",
   "geometry": {
    "type": "Point",
    "coordinates": [
     115.856021,
     -31.94489
    ]
   },
   "properties": {
    "name": "UNIT 6, FLOOR 2, 154 ABERDEEN STREET NORTHBRIDGE 6003",
    "locID": "LOC000132038894",
    "tech": "FTTC",
    "upgrade": "FTTP_NA",
    "gnaf_pid": "GAWA_162389689",
    "ee": true,
    "tech_change_status": "MDU Complex Eligible To Apply"
   }
  },
  {
   "type": "Feature",
   "geometry": {
    "type": "Point",
    "coordinates": [
     115.856021,
     -31.94489
    ]
   },
   "properties": {
    "name": "UNIT 7, FLOOR 2, 154 ABERDEEN STREET NORTHBRIDGE 6003",
    "locID": "LOC000132038894",
    "tech": "FTTC",
    "upgrade": "FTTP_NA",
    "gnaf_pid": "GAWA_162389690",
    "ee": true,
    "tech_change_status": "MDU Complex Eligible To Apply"
   }
  },
  {
   "type": "Feature",
   "geometry": {
    "type": "Point",
    "coordinates": [
     115.856021,
     -31.94489
    ]
   },
   "properties": {
    "name": "UNIT 8, FLOOR 2, 154 ABERDEEN STREET NORTHBRIDGE 6003",
    "locID": "LOC000132038894",
    "tech": "FTTC",
    "upgrade": "FTTP_NA",
    "gnaf_pid": "GAWA_162389691",
    "ee": true,
    "tech_change_status": "MDU Complex Eligible To Apply"
   }
  },
  {
   "type": "Feature",
   "geometry": {
    "type": "Point",
    "coordinates": [
     115.85521348,
     -31.94452073
    ]
   },
   "properties": {
    "name": "UNIT 1, 164 ABERDEEN STREET NORTHBRIDGE 6003",
    "locID": "LOC000023609818",
    "tech": "FTTC",
    "upgrade": "FTTP_NA",
    "gnaf_pid": "GAWA_162393399",
    "ee": true,
    "tech_change_status": "MDU Complex Eligible To Apply"
   }
  },
  {
   "type": "Feature",
   "geometry": {
    "type": "Point",
    "coordinates": [
     115.85521348,
     -31.94452073
    ]
   },
   "properties": {
    "name": "UNIT 2, 164 ABERDEEN STREET NORTHBRIDGE 6003",
    "locID": "LOC000023666308",
    "tech": "FTTC",
    "upgrade": "FTTP_NA",
    "gnaf_pid": "GAWA_162393400",
    "ee": true,
    "tech_change_status": "MDU Complex Eligible To Apply"
   }
  },
  {
   "type": "Feature",
   "geometry": {
    "type": "Point",
    "coordinates": [
     115.85521348,
     -31.94452073
    ]
   },
   "properties": {
    "name": "UNIT 3, 164 ABERDEEN STREET NORTHBRIDGE 6003",
    "locID": "LOC000023653799",
    "tech": "FTTC",
    "upgrade": "FTTP_NA",
    "gnaf_pid": "GAWA_162393401",
    "ee": true,
    "tech_change_status": "MDU Complex Eligible To Apply"
   }
  },
  {
   "type": "Feature",
   "geometry": {
    "type": "Point",
    "coordinates": [
     115.85521348,
     -31.94452073
    ]
   },
   "properties": {
    "name": "UNIT 4, 164 ABERDEEN STREET NORTHBRIDGE 6003",
    "locID": "LOC000023687802",
    "tech": "FTTC",
    "upgrade": "FTTP_NA",
    "gnaf_pid": "GAWA_162393402",
    "ee": true,
    "tech_change_status": "MDU Complex Eligible To Apply"
   }
  },
  {
   "type": "Feature",
   "geometry": {
    "type": "Point",
    "coordinates": [
     115.85571086,
     -31.94402283
    ]
   },
   "properties": {
    "name": "2 DAVIES STREET NORTHBRIDGE 6003",
    "locID": "LOC000085452326",
    "tech": "FTTC",
    "upgrade": "FTTP_NA",
    "gnaf_pid": "GAWA_162402482",
    "ee": true,
    "tech_change_status": "MDU Complex Eligible To Apply"
   }
  },
  {
   "type": "Feature",
   "geometry": {
    "type": "Point",
    "coordinates": [
     115.85300837,
     -31.94552612
    ]
   },
   "properties": {
    "name": "48 FITZGERALD STREET NORTHBRIDGE 6003",
    "locID": "LOC000096140265",
    "tech": "FTTB",
    "upgrade": "NULL_NA",
    "gnaf_pid": "GAWA_162404547",
    "ee": true
   }
  },
  {
   "type": "Feature",
   "geometry": {
    "type": "Point",
    "coordinates": [
     115.85300837,
     -31.94552612
    ]
   },
   "properties": {
    "name": "50 FITZGERALD STREET NORTHBRIDGE 6003",
    "locID": "LOC000040009056",
    "tech": "FTTB",
    "upgrade": "NULL_NA",
    "gnaf_pid": "GAWA_162404548",
    "ee": true
   }
  },
  {
   "type": "Feature",
   "geometry": {
    "type": "Point",
    "coordinates": [
     115.85300837,
     -31.94552612
    ]
   },
   "properties": {
    "name": "52 FITZGERALD STREET NORTHBRIDGE 6003",
    "locID": "LOC000091605572",
    "tech": "FTTB",
    "upgrade": "NULL_NA",
    "gnaf_pid": "GAWA_162404549",
    "ee": true
   }
  },
  {
   "type": "Feature",
   "geometry": {
    "type": "Point",
    "coordinates": [
     115.85300837,
     -31.94552612
    ]
   },
   "properties": {
    "name": "58 FITZGERALD STREET NORTHBRIDGE 6003",
    "locID": "LOC000089236192",
    "tech": "FTTB",
    "upgrade": "NULL_NA",
    "gnaf_pid": "GAWA_162404550",
    "ee": true
   }
  },
  {
   "type": "Feature",
   "geometry": {
    "type": "Point",
    "coordinates": [
     115.85300837,
     -31.94552612
    ]
   },
   "properties": {
    "name": "60 FITZGERALD STREET NORTHBRIDGE 6003",
    "locID": "LOC000107685390",
    "tech": "FTTB",
    "upgrade": "NULL_NA",
    "gnaf_pid": "GAWA_162404551",
    "ee": true
   }
  },
  {
   "type": "Feature",
   "geometry": {
    "type": "Point",
    "coordinates": [
     115.85300837,
     -31.94552612
    ]
   },
   "properties": {
    "name": "62 FITZGERALD STREET NORTHBRIDGE 6003",
    "locID": "LOC100071828292",
    "tech": "FTTB",
    "upgrade": "NULL_NA",
    "gnaf_pid": "GAWA_162404552",
    "ee": true
   }
  },
  {
   "type": "Feature",
   "geometry": {
    "type": "Point",
    "coordinates": [
     115.85699611,
     -31.94824088
    ]
   },
   "properties": {
    "name": "135 JAMES STREET NORTHBRIDGE 6003",
    "locID": "LOC000005471269",
    "tech": "FTTC",
    "upgrade": "FTTP_SA",
    "gnaf_pid": "GAWA_162408065",
    "ee": true,
    "tech_change_status": "Eligible to Order"
   }
  },
  {
   "type": "Feature",
   "geometry": {
    "type": "Point",
    "coordinates": [
     115.85404907,
     -31.9463827
    ]
   },
   "properties": {
    "name": "218 JAMES STREET NORTHBRIDGE 6003",
    "locID": "LOC000096129343",
    "tech": "FTTB",
    "upgrade": "NULL_NA",
    "gnaf_pid": "GAWA_162408068",
    "ee": true
   }
  },
  {
   "type": "Feature",
   "geometry": {
    "type": "Point",
    "coordinates": [
     115.85404907,
     -31.9463827
    ]
   },
   "properties": {
    "name": "220 JAMES STREET NORTHBRIDGE 6003",
    "locID": "LOC000024549127",
    "tech": "FTTB",
    "upgrade": "NULL_NA",
    "gnaf_pid": "GAWA_162408069",
    "ee": true
   }
  },
  {
   "type": "Feature",
   "geometry": {
    "type": "Point",
    "coordinates": [
     115.85404907,
     -31.9463827
    ]
   },
   "properties": {
    "name": "222 JAMES STREET NORTHBRIDGE 6003",
    "locID": "LOC000003693223",
    "tech": "FTTB",
    "upgrade": "NULL_NA",
    "gnaf_pid": "GAWA_162408070",
    "ee": true
   }
  },
  {
   "type": "Feature",
   "geometry": {
    "type": "Point",
    "coordinates": [
     115.85340596,
     -31.94564559
    ]
   },
   "properties": {
    "name": "19 LITTLE SHENTON LANE NORTHBRIDGE 6003",
    "locID": "LOC000018634803",
    "tech": "FTTB",
    "upgrade": "NULL_NA",
    "gnaf_pid": "GAWA_162409967",
    "ee": true
   }
  },
  {
   "type": "Feature",
   "geometry": {
    "type": "Point",
    "coordinates": [
     115.85444408,
     -31.94621157
    ]
   },
   "properties": {
    "name": "11 SHENTON STREET NORTHBRIDGE 6003",
    "locID": "LOC100067487312",
    "tech": "FTTB",
    "upgrade": "NULL_NA",
    "gnaf_pid": "GAWA_162416461",
    "ee": true
   }
  },
  {
   "type": "Feature",
   "geometry": {
    "type": "Point",
    "coordinates": [
     115.85436767,
     -31.94580855
    ]
   },
   "properties": {
    "name": "17 SHENTON STREET NORTHBRIDGE 6003",
    "locID": "LOC000106289278",
    "tech": "FTTC",
    "upgrade": "FTTP_NA",
    "gnaf_pid": "GAWA_162416462",
    "ee": true,
    "tech_change_status": "MDU Complex Eligible To Apply"
   }
  },
  {
   "type": "Feature",
   "geometry": {
    "type": "Point",
    "coordinates": [
     115.85497693,
     -31.945341
    ]
   },
   "properties": {
    "name": "43 SHENTON STREET NORTHBRIDGE 6003",
    "locID": "LOC000012920348",
    "tech": "FTTC",
    "upgrade": "FTTP_NA",
    "gnaf_pid": "GAWA_162416463",
    "ee": true,
    "tech_change_status": "MDU Complex Eligible To Apply"
   }
  },
  {
   "type": "Feature",
   "geometry": {
    "type": "Point",
    "coordinates": [
     115.85507,
     -31.9452
    ]
   },
   "properties": {
    "name": "45 SHENTON STREET NORTHBRIDGE 6003",
    "locID": "LOC000093028755",
    "tech": "FTTC",
    "upgrade": "FTTP_NA",
    "gnaf_pid": "GAWA_162416464",
    "ee": true,
    "tech_change_status": "MDU Complex Eligible To Apply"
   }
  },
  {
   "type": "Feature",
   "geometry": {
    "type": "Point",
    "coordinates": [
     115.85444408,
     -31.94621157
    ]
   },
   "properties": {
    "name": "7 SHENTON STREET NORTHBRIDGE 6003",
    "locID": "LOC000107525443",
    "tech": "FTTB",
    "upgrade": "NULL_NA",
    "gnaf_pid": "GAWA_162416465",
    "ee": true
   }
  },
  {
   "type": "Feature",
   "geometry": {
    "type": "Point",
    "coordinates": [
     115.85444408,
     -31.94621157
    ]
   },
   "properties": {
    "name": "9 SHENTON STREET NORTHBRIDGE 6003",
    "locID": "LOC000012864857",
    "tech": "FTTB",
    "upgrade": "NULL_NA",
    "gnaf_pid": "GAWA_162416466",
    "ee": true
   }
  },
  {
   "type": "Feature",
   "geometry": {
    "type": "Point",
    "coordinates": [
     115.86058312,
     -31.94657605
    ]
   },
   "properties": {
    "name": "305 WILLIAM STREET NORTHBRIDGE 6003",
    "locID": "LOC000055887919",
    "tech": "FTTC",
    "upgrade": "FTTP_NA",
    "gnaf_pid": "GAWA_162420387",
    "ee": true,
    "tech_change_status": "MDU Complex Eligible To Apply"
   }
  },
  {
   "type": "Feature",
   "geometry": {
    "type": "Point",
    "coordinates": [
     115.85667933,
     -31.94499579
    ]
   },
   "properties": {
    "name": "APARTMENT 10, 134 ABERDEEN STREET NORTHBRIDGE 6003",
    "locID": "LOC000169353298",
    "tech": "FTTB",
    "upgrade": "NULL_NA",
    "gnaf_pid": "GAWA_162551687",
    "ee": true
   }
  },
  {
   "type": "Feature",
   "geometry": {
    "type": "Point",
    "coordinates": [
     115.85667933,
     -31.94499579
    ]
   },
   "properties": {
    "name": "APARTMENT 34, FLOOR 1, 134 ABERDEEN STREET NORTHBRIDGE 6003",
    "locID": "LOC000169353298",
    "tech": "FTTB",
    "upgrade": "NULL_NA",
    "gnaf_pid": "GAWA_162551688",
    "ee": true
   }
  },
  {
   "type": "Feature",
   "geometry": {
    "type": "Point",
    "coordinates": [
     115.85667933,
     -31.94499579
    ]
   },
   "properties": {
    "name": "APARTMENT 35, FLOOR 1, 134 ABERDEEN STREET NORTHBRIDGE 6003",
    "locID": "LOC000169353298",
    "tech": "FTTB",
    "upgrade": "NULL_NA",
    "gnaf_pid": "GAWA_162551689",
    "ee": true
   }
  },
  {
   "type": "Feature",
   "geometry": {
    "type": "Point",
    "coordinates": [
     115.85667933,
     -31.94499579
    ]
   },
   "properties": {
    "name": "APARTMENT 36, FLOOR 1, 134 ABERDEEN STREET NORTHBRIDGE 6003",
    "locID": "LOC000169353298",
    "tech": "FTTB",
    "upgrade": "NULL_NA",
    "gnaf_pid": "GAWA_162551690",
    "ee": true
   }
  },
  {
   "type": "Feature",
   "geometry": {
    "type": "Point",
    "coordinates": [
     115.85667933,
     -31.94499579
    ]
   },
   "properties": {
    "name": "APARTMENT 37, FLOOR 1, 134 ABERDEEN STREET NORTHBRIDGE 6003",
    "locID": "LOC000169353298",
    "tech": "FTTB",
    "upgrade": "NULL_NA",
    "gnaf_pid": "GAWA_162551691",
    "ee": true
   }
  },
  {
   "type": "Feature",
   "geometry": {
    "type": "Point",
    "coordinates": [
     115.85667933,
     -31.94499579
    ]
   },
   "properties": {
    "name": "APARTMENT 38, FLOOR 1, 134 ABERDEEN STREET NORTHBRIDGE 6003",
    "locID": "LOC000169353298",
    "tech": "FTTB",
    "upgrade": "NULL_NA",
    "gnaf_pid": "GAWA_162551692",
    "ee": true
   }
  },
  {
   "type": "Feature",
   "geometry": {
    "type": "Point",
    "coordinates": [
     115.85667933,
     -31.94499579
    ]
   },
   "properties": {
    "name": "APARTMENT 39, FLOOR 1, 134 ABERDEEN STREET NORTHBRIDGE 6003",
    "locID": "LOC000169353298",
    "tech": "FTTB",
    "upgrade": "NULL_NA",
    "gnaf_pid": "GAWA_162551693",
    "ee": true
   }
  },
  {
   "type": "Feature",
   "geometry": {
    "type": "Point",
    "coordinates": [
     115.85667933,
     -31.94499579
    ]
   },
   "properties": {
    "name": "APARTMENT 40, FLOOR 2, 134 ABERDEEN STREET NORTHBRIDGE 6003",
    "locID": "LOC000169353298",
    "tech": "FTTB",
    "upgrade": "NULL_NA",
    "gnaf_pid": "GAWA_162551694",
    "ee": true
   }
  },
  {
   "type": "Feature",
   "geometry": {
    "type": "Point",
    "coordinates": [
     115.85667933,
     -31.94499579
    ]
   },
   "properties": {
    "name": "APARTMENT 41, FLOOR 2, 134 ABERDEEN STREET NORTHBRIDGE 6003",
    "locID": "LOC000169353298",
    "tech": "FTTB",
    "upgrade": "NULL_NA",
    "gnaf_pid": "GAWA_162551695",
    "ee": true
   }
  },
  {
   "type": "Feature",
   "geometry": {
    "type": "Point",
    "coordinates": [
     115.85667933,
     -31.94499579
    ]
   },
   "properties": {
    "name": "APARTMENT 42, FLOOR 2, 134 ABERDEEN STREET NORTHBRIDGE 6003",
    "locID": "LOC000169353298",
    "tech": "FTTB",
    "upgrade": "NULL_NA",
    "gnaf_pid": "GAWA_162551696",
    "ee": true
   }
  },
  {
   "type": "Feature",
   "geometry": {
    "type": "Point",
    "coordinates": [
     115.85667933,
     -31.94499579
    ]
   },
   "properties": {
    "name": "APARTMENT 43, FLOOR 2, 134 ABERDEEN STREET NORTHBRIDGE 6003",
    "locID": "LOC000169353298",
    "tech": "FTTB",
    "upgrade": "NULL_NA",
    "gnaf_pid": "GAWA_162551697",
    "ee": true
   }
  },
  {
   "type": "Feature",
   "geometry": {
    "type": "Point",
    "coordinates": [
     115.85667933,
     -31.94499579
    ]
   },
   "properties": {
    "name": "APARTMENT 44, FLOOR 2, 134 ABERDEEN STREET NORTHBRIDGE 6003",
    "locID": "LOC000169353298",
    "tech": "FTTB",
    "upgrade": "NULL_NA",
    "gnaf_pid": "GAWA_162551698",
    "ee": true
   }
  },
  {
   "type": "Feature",
   "geometry": {
    "type": "Point",
    "coordinates": [
     115.85667933,
     -31.94499579
    ]
   },
   "properties": {
    "name": "APARTMENT 45, FLOOR 2, 134 ABERDEEN STREET NORTHBRIDGE 6003",
    "locID": "LOC000169353298",
    "tech": "FTTB",
    "upgrade": "NULL_NA",
    "gnaf_pid": "GAWA_162551699",
    "ee": true
   }
  },
  {
   "type": "Feature",
   "geometry": {
    "type": "Point",
    "coordinates": [
     115.85667933,
     -31.94499579
    ]
   },
   "properties": {
    "name": "APARTMENT 46, FLOOR 2, 134 ABERDEEN STREET NORTHBRIDGE 6003",
    "locID": "LOC000169353298",
    "tech": "FTTB",
    "upgrade": "NULL_NA",
    "gnaf_pid": "GAWA_162551700",
    "ee": true
   }
  },
  {
   "type": "Feature",
   "geometry": {
    "type": "Point",
    "coordinates": [
     115.85667933,
     -31.94499579
    ]
   },
   "properties": {
    "name": "APARTMENT 47, FLOOR 2, 134 ABERDEEN STREET NORTHBRIDGE 6003",
    "locID": "LOC000169353298",
    "tech": "FTTB",
    "upgrade": "NULL_NA",
    "gnaf_pid": "GAWA_162551701",
    "ee": true
   }
  },
  {
   "type": "Feature",
   "geometry": {
    "type": "Point",
    "coordinates": [
     115.85667933,
     -31.94499579
    ]
   },
   "properties": {
    "name": "APARTMENT 48, FLOOR 2, 134 ABERDEEN STREET NORTHBRIDGE 6003",
    "locID": "LOC000169353298",
    "tech": "FTTB",
    "upgrade": "NULL_NA",
    "gnaf_pid": "GAWA_162551702",
    "ee": true
   }
  },
  {
   "type": "Feature",
   "geometry": {
    "type": "Point",
    "coordinates": [
     115.85667933,
     -31.94499579
    ]
   },
   "properties": {
    "name": "APARTMENT 49, FLOOR 2, 134 ABERDEEN STREET NORTHBRIDGE 6003",
    "locID": "LOC000169353298",
    "tech": "FTTB",
    "upgrade": "NULL_NA",
    "gnaf_pid": "GAWA_162551703",
    "ee": true
   }
  },
  {
   "type": "Feature",
   "geometry": {
    "type": "Point",
    "coordinates": [
     115.85667933,
     -31.94499579
    ]
   },
   "properties": {
    "name": "APARTMENT 50, FLOOR 2, 134 ABERDEEN STREET NORTHBRIDGE 6003",
    "locID": "LOC000169353298",
    "tech": "FTTB",
    "upgrade": "NULL_NA",
    "gnaf_pid": "GAWA_162551704",
    "ee": true
   }
  },
  {
   "type": "Feature",
   "geometry": {
    "type": "Point",
    "coordinates": [
     115.85521348,
     -31.94452073
    ]
   },
   "properties": {
    "name": "UNIT 5, FLOOR 1, 164 ABERDEEN STREET NORTHBRIDGE 6003",
    "locID": "LOC000023609818",
    "tech": "FTTC",
    "upgrade": "FTTP_NA",
    "gnaf_pid": "GAWA_162551705",
    "ee": true,
    "tech_change_status": "MDU Complex Eligible To Apply"
   }
  },
  {
   "type": "Feature",
   "geometry": {
    "type": "Point",
    "coordinates": [
     115.85521348,
     -31.94452073
    ]
   },
   "properties": {
    "name": "UNIT 6, FLOOR 1, 164 ABERDEEN STREET NORTHBRIDGE 6003",
    "locID": "LOC000023609818",
    "tech": "FTTC",
    "upgrade": "FTTP_NA",
    "gnaf_pid": "GAWA_162551706",
    "ee": true,
    "tech_change_status": "MDU Complex Eligible To Apply"
   }
  },
  {
   "type": "Feature",
   "geometry": {
    "type": "Point",
    "coordinates": [
     115.85521348,
     -31.94452073
    ]
   },
   "properties": {
    "name": "UNIT 7, FLOOR 1, 164 ABERDEEN STREET NORTHBRIDGE 6003",
    "locID": "LOC000023609818",
    "tech": "FTTC",
    "upgrade": "FTTP_NA",
    "gnaf_pid": "GAWA_162551707",
    "ee": true,
    "tech_change_status": "MDU Complex Eligible To Apply"
   }
  },
  {
   "type": "Feature",
   "geometry": {
    "type": "Point",
    "coordinates": [
     115.85521348,
     -31.94452073
    ]
   },
   "properties": {
    "name": "UNIT 8, FLOOR 1, 164 ABERDEEN STREET NORTHBRIDGE 6003",
    "locID": "LOC000023609818",
    "tech": "FTTC",
    "upgrade": "FTTP_NA",
    "gnaf_pid": "GAWA_162551708",
    "ee": true,
    "tech_change_status": "MDU Complex Eligible To Apply"
   }
  },
  {
   "type": "Feature",
   "geometry": {
    "type": "Point",
    "coordinates": [
     115.85908094,
     -31.94632281
    ]
   },
   "properties": {
    "name": "90 ABERDEEN STREET NORTHBRIDGE 6003",
    "locID": "LOC000132028515",
    "tech": "FTTP",
    "upgrade": "NULL_NA",
    "gnaf_pid": "GAWA_162551710",
    "ee": true
   }
  },
  {
   "type": "Feature",
   "geometry": {
    "type": "Point",
    "coordinates": [
     115.85571086,
     -31.94402283
    ]
   },
   "properties": {
    "name": "UNIT 10, FLOOR 2, 2 DAVIES STREET NORTHBRIDGE 6003",
    "locID": "LOC000085452326",
    "tech": "FTTC",
    "upgrade": "FTTP_NA",
    "gnaf_pid": "GAWA_162562635",
    "ee": true,
    "tech_change_status": "MDU Complex Eligible To Apply"
   }
  },
  {
   "type": "Feature",
   "geometry": {
    "type": "Point",
    "coordinates": [
     115.85571086,
     -31.94402283
    ]
   },
   "properties": {
    "name": "UNIT 1, FLOOR 1, 2 DAVIES STREET NORTHBRIDGE 6003",
    "locID": "LOC000085452326",
    "tech": "FTTC",
    "upgrade": "FTTP_NA",
    "gnaf_pid": "GAWA_162562636",
    "ee": true,
    "tech_change_status": "MDU Complex Eligible To Apply"
   }
  },
  {
   "type": "Feature",
   "geometry": {
    "type": "Point",
    "coordinates": [
     115.85571086,
     -31.94402283
    ]
   },
   "properties": {
    "name": "UNIT 2, FLOOR 1, 2 DAVIES STREET NORTHBRIDGE 6003",
    "locID": "LOC000085452326",
    "tech": "FTTC",
    "upgrade": "FTTP_NA",
    "gnaf_pid": "GAWA_162562637",
    "ee": true,
    "tech_change_status": "MDU Complex Eligible To Apply"
   }
  },
  {
   "type": "Feature",
   "geometry": {
    "type": "Point",
    "coordinates": [
     115.85571086,
     -31.94402283
    ]
   },
   "properties": {
    "name": "UNIT 3, FLOOR 1, 2 DAVIES STREET NORTHBRIDGE 6003",
    "locID": "LOC000085452326",
    "tech": "FTTC",
    "upgrade": "FTTP_NA",
    "gnaf_pid": "GAWA_162562638",
    "ee": true,
    "tech_change_status": "MDU Complex Eligible To Apply"
   }
  },
  {
   "type": "Feature",
   "geometry": {
    "type": "Point",
    "coordinates": [
     115.85571086,
     -31.94402283
    ]
   },
   "properties": {
    "name": "UNIT 4, FLOOR 1, 2 DAVIES STREET NORTHBRIDGE 6003",
    "locID": "LOC000085452326",
    "tech": "FTTC",
    "upgrade": "FTTP_NA",
    "gnaf_pid": "GAWA_162562639",
    "ee": true,
    "tech_change_status": "MDU Complex Eligible To Apply"
   }
  },
  {
   "type": "Feature",
   "geometry": {
    "type": "Point",
    "coordinates": [
     115.85571086,
     -31.94402283
    ]
   },
   "properties": {
    "name": "UNIT 5, FLOOR 1, 2 DAVIES STREET NORTHBRIDGE 6003",
    "locID": "LOC000085452326",
    "tech": "FTTC",
    "upgrade": "FTTP_NA",
    "gnaf_pid": "GAWA_162562640",
    "ee": true,
    "tech_change_status": "MDU Complex Eligible To Apply"
   }
  },
  {
   "type": "Feature",
   "geometry": {
    "type": "Point",
    "coordinates": [
     115.85571086,
     -31.94402283
    ]
   },
   "properties": {
    "name": "UNIT 6, FLOOR 1, 2 DAVIES STREET NORTHBRIDGE 6003",
    "locID": "LOC000085452326",
    "tech": "FTTC",
    "upgrade": "FTTP_NA",
    "gnaf_pid": "GAWA_162562641",
    "ee": true,
    "tech_change_status": "MDU Complex Eligible To Apply"
   }
  },
  {
   "type": "Feature",
   "geometry": {
    "type": "Point",
    "coordinates": [
     115.85571086,
     -31.94402283
    ]
   },
   "properties": {
    "name": "UNIT 7, FLOOR 2, 2 DAVIES STREET NORTHBRIDGE 6003",
    "locID": "LOC000085452326",
    "tech": "FTTC",
    "upgrade": "FTTP_NA",
    "gnaf_pid": "GAWA_162562642",
    "ee": true,
    "tech_change_status": "MDU Complex Eligible To Apply"
   }
  },
  {
   "type": "Feature",
   "geometry": {
    "type": "Point",
    "coordinates": [
     115.85571086,
     -31.94402283
    ]
   },
   "properties": {
    "name": "UNIT 8, FLOOR 2, 2 DAVIES STREET NORTHBRIDGE 6003",
    "locID": "LOC000085452326",
    "tech": "FTTC",
    "upgrade": "FTTP_NA",
    "gnaf_pid": "GAWA_162562643",
    "ee": true,
    "tech_change_status": "MDU Complex Eligible To Apply"
   }
  },
  {
   "type": "Feature",
   "geometry": {
    "type": "Point",
    "coordinates": [
     115.85571086,
     -31.94402283
    ]
   },
   "properties": {
    "name": "UNIT 9, FLOOR 2, 2 DAVIES STREET NORTHBRIDGE 6003",
    "locID": "LOC000085452326",
    "tech": "FTTC",
    "upgrade": "FTTP_NA",
    "gnaf_pid": "GAWA_162562644",
    "ee": true,
    "tech_change_status": "MDU Complex Eligible To Apply"
   }
  },
  {
   "type": "Feature",
   "geometry": {
    "type": "Point",
    "coordinates": [
     115.85934774,
     -31.94603049
    ]
   },
   "properties": {
    "name": "6 ERRICHETTI PLACE NORTHBRIDGE 6003",
    "locID": "LOC000132028438",
    "tech": "FTTC",
    "upgrade": "FTTP_SA",
    "gnaf_pid": "GAWA_162564492",
    "ee": true,
    "tech_change_status": "Eligible to Order"
   }
  },
  {
   "type": "Feature",
   "geometry": {
    "type": "Point",
    "coordinates": [
     115.85436767,
     -31.94580855
    ]
   },
   "properties": {
    "name": "UNIT 6, FLOOR 3, 17 JOHN STREET NORTHBRIDGE 6003",
    "locID": "LOC000175552220",
    "tech": "FTTC",
    "upgrade": "FTTP_SA",
    "gnaf_pid": "GAWA_162571426",
    "ee": true,
    "tech_change_status": "Eligible to Order"
   }
  },
  {
   "type": "Feature",
   "geometry": {
    "type": "Point",
    "coordinates": [
     115.85436767,
     -31.94580855
    ]
   },
   "properties": {
    "name": "UNIT 7, FLOOR 3, 17 JOHN STREET NORTHBRIDGE 6003",
    "locID": "LOC000175552220",
    "tech": "FTTC",
    "upgrade": "FTTP_SA",
    "gnaf_pid": "GAWA_162571427",
    "ee": true,
    "tech_change_status": "Eligible to Order"
   }
  },
  {
   "type": "Feature",
   "geometry": {
    "type": "Point",
    "coordinates": [
     115.85436767,
     -31.94580855
    ]
   },
   "properties": {
    "name": "UNIT 8, FLOOR 3, 17 JOHN STREET NORTHBRIDGE 6003",
    "locID": "LOC000175552220",
    "tech": "FTTC",
    "upgrade": "FTTP_SA",
    "gnaf_pid": "GAWA_162571428",
    "ee": true,
    "tech_change_status": "Eligible to Order"
   }
  },
  {
   "type": "Feature",
   "geometry": {
    "type": "Point",
    "coordinates": [
     115.85603479,
     -31.94417138
    ]
   },
   "properties": {
    "name": "UNIT 1, LEVEL 2, 321 NEWCASTLE STREET NORTHBRIDGE 6003",
    "locID": "LOC000132005252",
    "tech": "FTTC",
    "upgrade": "FTTP_NA",
    "gnaf_pid": "GAWA_162578918",
    "ee": true,
    "tech_change_status": "MDU Complex Eligible To Apply"
   }
  },
  {
   "type": "Feature",
   "geometry": {
    "type": "Point",
    "coordinates": [
     115.85436002,
     -31.94345519
    ]
   },
   "properties": {
    "name": "UNIT 1, 369 NEWCASTLE STREET NORTHBRIDGE 6003",
    "locID": "LOC000019032056",
    "tech": "FTTC",
    "upgrade": "FTTP_NA",
    "gnaf_pid": "GAWA_162578919",
    "ee": true,
    "tech_change_status": "MDU Complex Eligible To Apply"
   }
  },
  {
   "type": "Feature",
   "geometry": {
    "type": "Point",
    "coordinates": [
     115.85603479,
     -31.94417138
    ]
   },
   "properties": {
    "name": "UNIT 2, LEVEL 2, 321 NEWCASTLE STREET NORTHBRIDGE 6003",
    "locID": "LOC000132005252",
    "tech": "FTTC",
    "upgrade": "FTTP_NA",
    "gnaf_pid": "GAWA_162578920",
    "ee": true,
    "tech_change_status": "MDU Complex Eligible To Apply"
   }
  },
  {
   "type": "Feature",
   "geometry": {
    "type": "Point",
    "coordinates": [
     115.85436002,
     -31.94345519
    ]
   },
   "properties": {
    "name": "UNIT 2, 369 NEWCASTLE STREET NORTHBRIDGE 6003",
    "locID": "LOC000018598877",
    "tech": "FTTC",
    "upgrade": "FTTP_NA",
    "gnaf_pid": "GAWA_162578921",
    "ee": true,
    "tech_change_status": "MDU Complex Eligible To Apply"
   }
  },
  {
   "type": "Feature",
   "geometry": {
    "type": "Point",
    "coordinates": [
     115.85603479,
     -31.94417138
    ]
   },
   "properties": {
    "name": "UNIT 3, LEVEL 2, 321 NEWCASTLE STREET NORTHBRIDGE 6003",
    "locID": "LOC000132005275",
    "tech": "FTTC",
    "upgrade": "FTTP_NA",
    "gnaf_pid": "GAWA_162578922",
    "ee": true,
    "tech_change_status": "MDU Complex Eligible To Apply"
   }
  },
  {
   "type": "Feature",
   "geometry": {
    "type": "Point",
    "coordinates": [
     115.85436002,
     -31.94345519
    ]
   },
   "properties": {
    "name": "UNIT 3, 369 NEWCASTLE STREET NORTHBRIDGE 6003",
    "locID": "LOC000113450449",
    "tech": "FTTC",
    "upgrade": "FTTP_NA",
    "gnaf_pid": "GAWA_162578923",
    "ee": true,
    "tech_change_status": "MDU Complex Eligible To Apply"
   }
  },
  {
   "type": "Feature",
   "geometry": {
    "type": "Point",
    "coordinates": [
     115.85603479,
     -31.94417138
    ]
   },
   "properties": {
    "name": "UNIT 4, LEVEL 3, 321 NEWCASTLE STREET NORTHBRIDGE 6003",
    "locID": "LOC000132005252",
    "tech": "FTTC",
    "upgrade": "FTTP_NA",
    "gnaf_pid": "GAWA_162578924",
    "ee": true,
    "tech_change_status": "MDU Complex Eligible To Apply"
   }
  },
  {
   "type": "Feature",
   "geometry": {
    "type": "Point",
    "coordinates": [
     115.85603479,
     -31.94417138
    ]
   },
   "properties": {
    "name": "UNIT 5, LEVEL 3, 321 NEWCASTLE STREET NORTHBRIDGE 6003",
    "locID": "LOC000132005252",
    "tech": "FTTC",
    "upgrade": "FTTP_NA",
    "gnaf_pid": "GAWA_162578925",
    "ee": true,
    "tech_change_status": "MDU Complex Eligible To Apply"
   }
  },
  {
   "type": "Feature",
   "geometry": {
    "type": "Point",
    "coordinates": [
     115.85603479,
     -31.94417138
    ]
   },
   "properties": {
    "name": "UNIT 6, LEVEL 3, 321 NEWCASTLE STREET NORTHBRIDGE 6003",
    "locID": "LOC000132005252",
    "tech": "FTTC",
    "upgrade": "FTTP_NA",
    "gnaf_pid": "GAWA_162578926",
    "ee": true,
    "tech_change_status": "MDU Complex Eligible To Apply"
   }
  },
  {
   "type": "Feature",
   "geometry": {
    "type": "Point",
    "coordinates": [
     115.85603479,
     -31.94417138
    ]
   },
   "properties": {
    "name": "UNIT 7, LEVEL 3, 321 NEWCASTLE STREET NORTHBRIDGE 6003",
    "locID": "LOC000132005252",
    "tech": "FTTC",
    "upgrade": "FTTP_NA",
    "gnaf_pid": "GAWA_162578927",
    "ee": true,
    "tech_change_status": "MDU Complex Eligible To Apply"
   }
  },
  {
   "type": "Feature",
   "geometry": {
    "type": "Point",
    "coordinates": [
     115.85603479,
     -31.94417138
    ]
   },
   "properties": {
    "name": "UNIT 8, LEVEL 2, 321 NEWCASTLE STREET NORTHBRIDGE 6003",
    "locID": "LOC000132005252",
    "tech": "FTTC",
    "upgrade": "FTTP_NA",
    "gnaf_pid": "GAWA_162578928",
    "ee": true,
    "tech_change_status": "MDU Complex Eligible To Apply"
   }
  },
  {
   "type": "Feature",
   "geometry": {
    "type": "Point",
    "coordinates": [
     115.85482948,
     -31.94402992
    ]
   },
   "properties": {
    "name": "6-12 SERICH LANE NORTHBRIDGE 6003",
    "locID": "LOC100044388727",
    "tech": "FTTB",
    "upgrade": "NULL_NA",
    "gnaf_pid": "GAWA_162585354",
    "ee": true
   }
  },
  {
   "type": "Feature",
   "geometry": {
    "type": "Point",
    "coordinates": [
     115.85436767,
     -31.94580855
    ]
   },
   "properties": {
    "name": "UNIT 1A, 17 SHENTON STREET NORTHBRIDGE 6003",
    "locID": "LOC000106289278",
    "tech": "FTTC",
    "upgrade": "FTTP_NA",
    "gnaf_pid": "GAWA_162585616",
    "ee": true,
    "tech_change_status": "MDU Complex Eligible To Apply"
   }
  },
  {
   "type": "Feature",
   "geometry": {
    "type": "Point",
    "coordinates": [
     115.85436767,
     -31.94580855
    ]
   },
   "properties": {
    "name": "UNIT 1B, 17 SHENTON STREET NORTHBRIDGE 6003",
    "locID": "LOC000106289278",
    "tech": "FTTC",
    "upgrade": "FTTP_NA",
    "gnaf_pid": "GAWA_162585617",
    "ee": true,
    "tech_change_status": "MDU Complex Eligible To Apply"
   }
  },
  {
   "type": "Feature",
   "geometry": {
    "type": "Point",
    "coordinates": [
     115.85436767,
     -31.94580855
    ]
   },
   "properties": {
    "name": "UNIT 1C, 17 SHENTON STREET NORTHBRIDGE 6003",
    "locID": "LOC000131997135",
    "tech": "FTTC",
    "upgrade": "FTTP_NA",
    "gnaf_pid": "GAWA_162585618",
    "ee": true,
    "tech_change_status": "MDU Complex Eligible To Apply"
   }
  },
  {
   "type": "Feature",
   "geometry": {
    "type": "Point",
    "coordinates": [
     115.85484982,
     -31.94554098
    ]
   },
   "properties": {
    "name": "29 SHENTON STREET NORTHBRIDGE 6003",
    "locID": "LOC000192920718",
    "tech": "FTTP",
    "upgrade": "NULL_NA",
    "gnaf_pid": "GAWA_162585619",
    "ee": true
   }
  },
  {
   "type": "Feature",
   "geometry": {
    "type": "Point",
    "coordinates": [
     115.86058312,
     -31.94657605
    ]
   },
   "properties": {
    "name": "UNIT 1A, FLOOR 1, 305 WILLIAM STREET NORTHBRIDGE 6003",
    "locID": "LOC000055887919",
    "tech": "FTTC",
    "upgrade": "FTTP_NA",
    "gnaf_pid": "GAWA_162592053",
    "ee": true,
    "tech_change_status": "MDU Complex Eligible To Apply"
   }
  },
  {
   "type": "Feature",
   "geometry": {
    "type": "Point",
    "coordinates": [
     115.86058312,
     -31.94657605
    ]
   },
   "properties": {
    "name": "UNIT 2A, FLOOR 1, 305 WILLIAM STREET NORTHBRIDGE 6003",
    "locID": "LOC000055887919",
    "tech": "FTTC",
    "upgrade": "FTTP_NA",
    "gnaf_pid": "GAWA_162592054",
    "ee": true,
    "tech_change_status": "MDU Complex Eligible To Apply"
   }
  },
  {
   "type": "Feature",
   "geometry": {
    "type": "Point",
    "coordinates": [
     115.86058312,
     -31.94657605
    ]
   },
   "properties": {
    "name": "UNIT 3A, FLOOR 1, 305 WILLIAM STREET NORTHBRIDGE 6003",
    "locID": "LOC000055887919",
    "tech": "FTTC",
    "upgrade": "FTTP_NA",
    "gnaf_pid": "GAWA_162592055",
    "ee": true,
    "tech_change_status": "MDU Complex Eligible To Apply"
   }
  },
  {
   "type": "Feature",
   "geometry": {
    "type": "Point",
    "coordinates": [
     115.8586751,
     -31.94950145
    ]
   },
   "properties": {
    "name": "185 WILLIAM STREET NORTHBRIDGE 6003",
    "locID": "LOC000054820345",
    "tech": "FTTC",
    "upgrade": "FTTP_SA",
    "gnaf_pid": "GAWA_162592056",
    "ee": true,
    "tech_change_status": "Eligible to Order"
   }
  },
  {
   "type": "Feature",
   "geometry": {
    "type": "Point",
    "coordinates": [
     115.85871313,
     -31.94944156
    ]
   },
   "properties": {
    "name": "187 WILLIAM STREET NORTHBRIDGE 6003",
    "locID": "LOC000054820345",
    "tech": "FTTC",
    "upgrade": "FTTP_SA",
    "gnaf_pid": "GAWA_162592057",
    "ee": true,
    "tech_change_status": "Eligible to Order"
   }
  },
  {
   "type": "Feature",
   "geometry": {
    "type": "Point",
    "coordinates": [
     115.85571086,
     -31.94402283
    ]
   },
   "properties": {
    "name": "UNIT 3, 325 NEWCASTLE STREET NORTHBRIDGE 6003",
    "locID": "LOC000026935027",
    "tech": "FTTC",
    "upgrade": "FTTP_SA",
    "gnaf_pid": "GAWA_162594437",
    "ee": true,
    "tech_change_status": "Eligible to Order"
   }
  },
  {
   "type": "Feature",
   "geometry": {
    "type": "Point",
    "coordinates": [
     115.85571086,
     -31.94402283
    ]
   },
   "properties": {
    "name": "UNIT 4, 325 NEWCASTLE STREET NORTHBRIDGE 6003",
    "locID": "LOC000026935027",
    "tech": "FTTC",
    "upgrade": "FTTP_SA",
    "gnaf_pid": "GAWA_162594439",
    "ee": true,
    "tech_change_status": "Eligible to Order"
   }
  },
  {
   "type": "Feature",
   "geometry": {
    "type": "Point",
    "coordinates": [
     115.85571086,
     -31.94402283
    ]
   },
   "properties": {
    "name": "UNIT 5, 325 NEWCASTLE STREET NORTHBRIDGE 6003",
    "locID": "LOC000026935027",
    "tech": "FTTC",
    "upgrade": "FTTP_SA",
    "gnaf_pid": "GAWA_162594441",
    "ee": true,
    "tech_change_status": "Eligible to Order"
   }
  },
  {
   "type": "Feature",
   "geometry": {
    "type": "Point",
    "coordinates": [
     115.85571086,
     -31.94402283
    ]
   },
   "properties": {
    "name": "UNIT 6, 325 NEWCASTLE STREET NORTHBRIDGE 6003",
    "locID": "LOC000026935027",
    "tech": "FTTC",
    "upgrade": "FTTP_SA",
    "gnaf_pid": "GAWA_162594443",
    "ee": true,
    "tech_change_status": "Eligible to Order"
   }
  },
  {
   "type": "Feature",
   "geometry": {
    "type": "Point",
    "coordinates": [
     115.85571086,
     -31.94402283
    ]
   },
   "properties": {
    "name": "UNIT 7, 325 NEWCASTLE STREET NORTHBRIDGE 6003",
    "locID": "LOC000026935027",
    "tech": "FTTC",
    "upgrade": "FTTP_SA",
    "gnaf_pid": "GAWA_162594445",
    "ee": true,
    "tech_change_status": "Eligible to Order"
   }
  },
  {
   "type": "Feature",
   "geometry": {
    "type": "Point",
    "coordinates": [
     115.85571086,
     -31.94402283
    ]
   },
   "properties": {
    "name": "UNIT 8, 325 NEWCASTLE STREET NORTHBRIDGE 6003",
    "locID": "LOC000026935027",
    "tech": "FTTC",
    "upgrade": "FTTP_SA",
    "gnaf_pid": "GAWA_162594447",
    "ee": true,
    "tech_change_status": "Eligible to Order"
   }
  },
  {
   "type": "Feature",
   "geometry": {
    "type": "Point",
    "coordinates": [
     115.85548523,
     -31.94391937
    ]
   },
   "properties": {
    "name": "335 NEWCASTLE STREET NORTHBRIDGE 6003",
    "locID": "LOC000079088124",
    "tech": "FTTC",
    "upgrade": "FTTP_NA",
    "gnaf_pid": "GAWA_162643651",
    "ee": true,
    "tech_change_status": "MDU Complex Eligible To Apply"
   }
  },
  {
   "type": "Feature",
   "geometry": {
    "type": "Point",
    "coordinates": [
     115.86049481,
     -31.94671799
    ]
   },
   "properties": {
    "name": "UNIT 1, 297-301 WILLIAM STREET NORTHBRIDGE 6003",
    "locID": "LOC000011539562",
    "tech": "FTTC",
    "upgrade": "FTTP_SA",
    "gnaf_pid": "GAWA_162647630",
    "ee": true,
    "tech_change_status": "Eligible to Order"
   }
  },
  {
   "type": "Feature",
   "geometry": {
    "type": "Point",
    "coordinates": [
     115.86049481,
     -31.94671799
    ]
   },
   "properties": {
    "name": "UNIT 2, 297-301 WILLIAM STREET NORTHBRIDGE 6003",
    "locID": "LOC000011165046",
    "tech": "FTTC",
    "upgrade": "FTTP_SA",
    "gnaf_pid": "GAWA_162647631",
    "ee": true,
    "tech_change_status": "Eligible to Order"
   }
  },
  {
   "type": "Feature",
   "geometry": {
    "type": "Point",
    "coordinates": [
     115.86049481,
     -31.94671799
    ]
   },
   "properties": {
    "name": "UNIT 3, 297-301 WILLIAM STREET NORTHBRIDGE 6003",
    "locID": "LOC000011532011",
    "tech": "FTTC",
    "upgrade": "FTTP_SA",
    "gnaf_pid": "GAWA_162647632",
    "ee": true,
    "tech_change_status": "Eligible to Order"
   }
  },
  {
   "type": "Feature",
   "geometry": {
    "type": "Point",
    "coordinates": [
     115.85401057,
     -31.94397474
    ]
   },
   "properties": {
    "name": "190 ABERDEEN STREET NORTHBRIDGE 6003",
    "locID": "LOC000116351540",
    "tech": "FTTC",
    "upgrade": "FTTP_SA",
    "gnaf_pid": "GAWA_162680962",
    "ee": true,
    "tech_change_status": "Eligible to Order"
   }
  },
  {
   "type": "Feature",
   "geometry": {
    "type": "Point",
    "coordinates": [
     115.85340596,
     -31.94564559
    ]
   },
   "properties": {
    "name": "UNIT 19, 19 LITTLE SHENTON LANE NORTHBRIDGE 6003",
    "locID": "LOC000018634803",
    "tech": "FTTB",
    "upgrade": "NULL_NA",
    "gnaf_pid": "GAWA_162723370",
    "ee": true
   }
  },
  {
   "type": "Feature",
   "geometry": {
    "type": "Point",
    "coordinates": [
     115.85755282,
     -31.94492165
    ]
   },
   "properties": {
    "name": "UNIT 1, 283 NEWCASTLE STREET NORTHBRIDGE 6003",
    "locID": "LOC000045980984",
    "tech": "FTTC",
    "upgrade": "FTTP_NA",
    "gnaf_pid": "GAWA_162724203",
    "ee": true,
    "tech_change_status": "MDU Complex Eligible To Apply"
   }
  },
  {
   "type": "Feature",
   "geometry": {
    "type": "Point",
    "coordinates": [
     115.85755282,
     -31.94492165
    ]
   },
   "properties": {
    "name": "UNIT 2, 283 NEWCASTLE STREET NORTHBRIDGE 6003",
    "locID": "LOC000045664957",
    "tech": "FTTC",
    "upgrade": "FTTP_NA",
    "gnaf_pid": "GAWA_162724204",
    "ee": true,
    "tech_change_status": "MDU Complex Eligible To Apply"
   }
  },
  {
   "type": "Feature",
   "geometry": {
    "type": "Point",
    "coordinates": [
     115.85755282,
     -31.94492165
    ]
   },
   "properties": {
    "name": "UNIT 3, 283 NEWCASTLE STREET NORTHBRIDGE 6003",
    "locID": "LOC000045740436",
    "tech": "FTTC",
    "upgrade": "FTTP_NA",
    "gnaf_pid": "GAWA_162724205",
    "ee": true,
    "tech_change_status": "MDU Complex Eligible To Apply"
   }
  },
  {
   "type": "Feature",
   "geometry": {
    "type": "Point",
    "coordinates": [
     115.85755282,
     -31.94492165
    ]
   },
   "properties": {
    "name": "UNIT 4, 283 NEWCASTLE STREET NORTHBRIDGE 6003",
    "locID": "LOC000043702865",
    "tech": "FTTC",
    "upgrade": "FTTP_NA",
    "gnaf_pid": "GAWA_162724206",
    "ee": true,
    "tech_change_status": "MDU Complex Eligible To Apply"
   }
  },
  {
   "type": "Feature",
   "geometry": {
    "type": "Point",
    "coordinates": [
     115.85755282,
     -31.94492165
    ]
   },
   "properties": {
    "name": "UNIT 5, 283 NEWCASTLE STREET NORTHBRIDGE 6003",
    "locID": "LOC000045582920",
    "tech": "FTTC",
    "upgrade": "FTTP_NA",
    "gnaf_pid": "GAWA_162724207",
    "ee": true,
    "tech_change_status": "MDU Complex Eligible To Apply"
   }
  },
  {
   "type": "Feature",
   "geometry": {
    "type": "Point",
    "coordinates": [
     115.85755282,
     -31.94492165
    ]
   },
   "properties": {
    "name": "UNIT 6, 283 NEWCASTLE STREET NORTHBRIDGE 6003",
    "locID": "LOC000045664957",
    "tech": "FTTC",
    "upgrade": "FTTP_NA",
    "gnaf_pid": "GAWA_162724208",
    "ee": true,
    "tech_change_status": "MDU Complex Eligible To Apply"
   }
  },
  {
   "type": "Feature",
   "geometry": {
    "type": "Point",
    "coordinates": [
     115.85888457,
     -31.94550697
    ]
   },
   "properties": {
    "name": "255 NEWCASTLE STREET NORTHBRIDGE 6003",
    "locID": "LOC000175552231",
    "tech": "FTTC",
    "upgrade": "FTTP_NA",
    "gnaf_pid": "GAWA_162724209",
    "ee": true,
    "tech_change_status": "MDU Complex Eligible To Apply"
   }
  },
  {
   "type": "Feature",
   "geometry": {
    "type": "Point",
    "coordinates": [
     115.86009898,
     -31.9464263
    ]
   },
   "properties": {
    "name": "7 ERRICHETTI PLACE NORTHBRIDGE 6003",
    "locID": "LOC000068293549",
    "tech": "FTTB",
    "upgrade": "NULL_NA",
    "gnaf_pid": "GAWA_162757293",
    "ee": true
   }
  },
  {
   "type": "Feature",
   "geometry": {
    "type": "Point",
    "coordinates": [
     115.85530186,
     -31.94757158
    ]
   },
   "properties": {
    "name": "UNIT 11, FLOOR 1, 191 JAMES STREET NORTHBRIDGE 6003",
    "locID": "LOC100059312244",
    "tech": "FTTB",
    "upgrade": "NULL_NA",
    "gnaf_pid": "GAWA_162759811",
    "ee": true
   }
  },
  {
   "type": "Feature",
   "geometry": {
    "type": "Point",
    "coordinates": [
     115.85530186,
     -31.94757158
    ]
   },
   "properties": {
    "name": "UNIT 12, FLOOR 1, 191 JAMES STREET NORTHBRIDGE 6003",
    "locID": "LOC100059312244",
    "tech": "FTTB",
    "upgrade": "NULL_NA",
    "gnaf_pid": "GAWA_162759812",
    "ee": true
   }
  },
  {
   "type": "Feature",
   "geometry": {
    "type": "Point",
    "coordinates": [
     115.85530186,
     -31.94757158
    ]
   },
   "properties": {
    "name": "UNIT 13, FLOOR 1, 191 JAMES STREET NORTHBRIDGE 6003",
    "locID": "LOC100059312244",
    "tech": "FTTB",
    "upgrade": "NULL_NA",
    "gnaf_pid": "GAWA_162759813",
    "ee": true
   }
  },
  {
   "type": "Feature",
   "geometry": {
    "type": "Point",
    "coordinates": [
     115.85530186,
     -31.94757158
    ]
   },
   "properties": {
    "name": "UNIT 14, FLOOR 1, 191 JAMES STREET NORTHBRIDGE 6003",
    "locID": "LOC100059312244",
    "tech": "FTTB",
    "upgrade": "NULL_NA",
    "gnaf_pid": "GAWA_162759814",
    "ee": true
   }
  },
  {
   "type": "Feature",
   "geometry": {
    "type": "Point",
    "coordinates": [
     115.85530186,
     -31.94757158
    ]
   },
   "properties": {
    "name": "UNIT 15, FLOOR 1, 191 JAMES STREET NORTHBRIDGE 6003",
    "locID": "LOC100059312244",
    "tech": "FTTB",
    "upgrade": "NULL_NA",
    "gnaf_pid": "GAWA_162759815",
    "ee": true
   }
  },
  {
   "type": "Feature",
   "geometry": {
    "type": "Point",
    "coordinates": [
     115.85530186,
     -31.94757158
    ]
   },
   "properties": {
    "name": "UNIT 16, FLOOR 1, 191 JAMES STREET NORTHBRIDGE 6003",
    "locID": "LOC100059312244",
    "tech": "FTTB",
    "upgrade": "NULL_NA",
    "gnaf_pid": "GAWA_162759816",
    "ee": true
   }
  },
  {
   "type": "Feature",
   "geometry": {
    "type": "Point",
    "coordinates": [
     115.85530186,
     -31.94757158
    ]
   },
   "properties": {
    "name": "UNIT 17, FLOOR 1, 191 JAMES STREET NORTHBRIDGE 6003",
    "locID": "LOC100059312244",
    "tech": "FTTB",
    "upgrade": "NULL_NA",
    "gnaf_pid": "GAWA_162759817",
    "ee": true
   }
  },
  {
   "type": "Feature",
   "geometry": {
    "type": "Point",
    "coordinates": [
     115.85530186,
     -31.94757158
    ]
   },
   "properties": {
    "name": "UNIT 18, FLOOR 1, 191 JAMES STREET NORTHBRIDGE 6003",
    "locID": "LOC100059312244",
    "tech": "FTTB",
    "upgrade": "NULL_NA",
    "gnaf_pid": "GAWA_162759818",
    "ee": true
   }
  },
  {
   "type": "Feature",
   "geometry": {
    "type": "Point",
    "coordinates": [
     115.85530186,
     -31.94757158
    ]
   },
   "properties": {
    "name": "UNIT 21, FLOOR 2, 191 JAMES STREET NORTHBRIDGE 6003",
    "locID": "LOC100059312244",
    "tech": "FTTB",
    "upgrade": "NULL_NA",
    "gnaf_pid": "GAWA_162759819",
    "ee": true
   }
  },
  {
   "type": "Feature",
   "geometry": {
    "type": "Point",
    "coordinates": [
     115.85530186,
     -31.94757158
    ]
   },
   "properties": {
    "name": "UNIT 22, FLOOR 2, 191 JAMES STREET NORTHBRIDGE 6003",
    "locID": "LOC100059312244",
    "tech": "FTTB",
    "upgrade": "NULL_NA",
    "gnaf_pid": "GAWA_162759820",
    "ee": true
   }
  },
  {
   "type": "Feature",
   "geometry": {
    "type": "Point",
    "coordinates": [
     115.85530186,
     -31.94757158
    ]
   },
   "properties": {
    "name": "UNIT 23, FLOOR 2, 191 JAMES STREET NORTHBRIDGE 6003",
    "locID": "LOC100059312244",
    "tech": "FTTB",
    "upgrade": "NULL_NA",
    "gnaf_pid": "GAWA_162759821",
    "ee": true
   }
  },
  {
   "type": "Feature",
   "geometry": {
    "type": "Point",
    "coordinates": [
     115.85530186,
     -31.94757158
    ]
   },
   "properties": {
    "name": "UNIT 24, FLOOR 2, 191 JAMES STREET NORTHBRIDGE 6003",
    "locID": "LOC100059312244",
    "tech": "FTTB",
    "upgrade": "NULL_NA",
    "gnaf_pid": "GAWA_162759822",
    "ee": true
   }
  },
  {
   "type": "Feature",
   "geometry": {
    "type": "Point",
    "coordinates": [
     115.85530186,
     -31.94757158
    ]
   },
   "properties": {
    "name": "UNIT 25, FLOOR 2, 191 JAMES STREET NORTHBRIDGE 6003",
    "locID": "LOC100059312244",
    "tech": "FTTB",
    "upgrade": "NULL_NA",
    "gnaf_pid": "GAWA_162759823",
    "ee": true
   }
  },
  {
   "type": "Feature",
   "geometry": {
    "type": "Point",
    "coordinates": [
     115.85530186,
     -31.94757158
    ]
   },
   "properties": {
    "name": "UNIT 26, FLOOR 2, 191 JAMES STREET NORTHBRIDGE 6003",
    "locID": "LOC100059312244",
    "tech": "FTTB",
    "upgrade": "NULL_NA",
    "gnaf_pid": "GAWA_162759824",
    "ee": true
   }
  },
  {
   "type": "Feature",
   "geometry": {
    "type": "Point",
    "coordinates": [
     115.85530186,
     -31.94757158
    ]
   },
   "properties": {
    "name": "UNIT 27, FLOOR 2, 191 JAMES STREET NORTHBRIDGE 6003",
    "locID": "LOC100059312244",
    "tech": "FTTB",
    "upgrade": "NULL_NA",
    "gnaf_pid": "GAWA_162759825",
    "ee": true
   }
  },
  {
   "type": "Feature",
   "geometry": {
    "type": "Point",
    "coordinates": [
     115.85530186,
     -31.94757158
    ]
   },
   "properties": {
    "name": "UNIT 28, FLOOR 2, 191 JAMES STREET NORTHBRIDGE 6003",
    "locID": "LOC100059312244",
    "tech": "FTTB",
    "upgrade": "NULL_NA",
    "gnaf_pid": "GAWA_162759826",
    "ee": true
   }
  },
  {
   "type": "Feature",
   "geometry": {
    "type": "Point",
    "coordinates": [
     115.85530186,
     -31.94757158
    ]
   },
   "properties": {
    "name": "UNIT 31, FLOOR 3, 191 JAMES STREET NORTHBRIDGE 6003",
    "locID": "LOC100059312244",
    "tech": "FTTB",
    "upgrade": "NULL_NA",
    "gnaf_pid": "GAWA_162759827",
    "ee": true
   }
  },
  {
   "type": "Feature",
   "geometry": {
    "type": "Point",
    "coordinates": [
     115.85530186,
     -31.94757158
    ]
   },
   "properties": {
    "name": "UNIT 32, FLOOR 3, 191 JAMES STREET NORTHBRIDGE 6003",
    "locID": "LOC100059312244",
    "tech": "FTTB",
    "upgrade": "NULL_NA",
    "gnaf_pid": "GAWA_162759828",
    "ee": true
   }
  },
  {
   "type": "Feature",
   "geometry": {
    "type": "Point",
    "coordinates": [
     115.85530186,
     -31.94757158
    ]
   },
   "properties": {
    "name": "UNIT 33, FLOOR 3, 191 JAMES STREET NORTHBRIDGE 6003",
    "locID": "LOC100059312244",
    "tech": "FTTB",
    "upgrade": "NULL_NA",
    "gnaf_pid": "GAWA_162759829",
    "ee": true
   }
  },
  {
   "type": "Feature",
   "geometry": {
    "type": "Point",
    "coordinates": [
     115.85530186,
     -31.94757158
    ]
   },
   "properties": {
    "name": "UNIT 34, FLOOR 3, 191 JAMES STREET NORTHBRIDGE 6003",
    "locID": "LOC100059312244",
    "tech": "FTTB",
    "upgrade": "NULL_NA",
    "gnaf_pid": "GAWA_162759830",
    "ee": true
   }
  },
  {
   "type": "Feature",
   "geometry": {
    "type": "Point",
    "coordinates": [
     115.85530186,
     -31.94757158
    ]
   },
   "properties": {
    "name": "UNIT 35, FLOOR 3, 191 JAMES STREET NORTHBRIDGE 6003",
    "locID": "LOC100059312244",
    "tech": "FTTB",
    "upgrade": "NULL_NA",
    "gnaf_pid": "GAWA_162759831",
    "ee": true
   }
  },
  {
   "type": "Feature",
   "geometry": {
    "type": "Point",
    "coordinates": [
     115.85530186,
     -31.94757158
    ]
   },
   "properties": {
    "name": "UNIT 36, FLOOR 3, 191 JAMES STREET NORTHBRIDGE 6003",
    "locID": "LOC100059312244",
    "tech": "FTTB",
    "upgrade": "NULL_NA",
    "gnaf_pid": "GAWA_162759832",
    "ee": true
   }
  },
  {
   "type": "Feature",
   "geometry": {
    "type": "Point",
    "coordinates": [
     115.85530186,
     -31.94757158
    ]
   },
   "properties": {
    "name": "UNIT 37, FLOOR 3, 191 JAMES STREET NORTHBRIDGE 6003",
    "locID": "LOC100059312244",
    "tech": "FTTB",
    "upgrade": "NULL_NA",
    "gnaf_pid": "GAWA_162759833",
    "ee": true
   }
  },
  {
   "type": "Feature",
   "geometry": {
    "type": "Point",
    "coordinates": [
     115.85530186,
     -31.94757158
    ]
   },
   "properties": {
    "name": "UNIT 38, FLOOR 3, 191 JAMES STREET NORTHBRIDGE 6003",
    "locID": "LOC100059312244",
    "tech": "FTTB",
    "upgrade": "NULL_NA",
    "gnaf_pid": "GAWA_162759834",
    "ee": true
   }
  },
  {
   "type": "Feature",
   "geometry": {
    "type": "Point",
    "coordinates": [
     115.85530186,
     -31.94757158
    ]
   },
   "properties": {
    "name": "UNIT 41, FLOOR 4, 191 JAMES STREET NORTHBRIDGE 6003",
    "locID": "LOC100059312244",
    "tech": "FTTB",
    "upgrade": "NULL_NA",
    "gnaf_pid": "GAWA_162759835",
    "ee": true
   }
  },
  {
   "type": "Feature",
   "geometry": {
    "type": "Point",
    "coordinates": [
     115.85530186,
     -31.94757158
    ]
   },
   "properties": {
    "name": "UNIT 42, FLOOR 4, 191 JAMES STREET NORTHBRIDGE 6003",
    "locID": "LOC100059312244",
    "tech": "FTTB",
    "upgrade": "NULL_NA",
    "gnaf_pid": "GAWA_162759836",
    "ee": true
   }
  },
  {
   "type": "Feature",
   "geometry": {
    "type": "Point",
    "coordinates": [
     115.85530186,
     -31.94757158
    ]
   },
   "properties": {
    "name": "UNIT 43, FLOOR 4, 191 JAMES STREET NORTHBRIDGE 6003",
    "locID": "LOC100059312244",
    "tech": "FTTB",
    "upgrade": "NULL_NA",
    "gnaf_pid": "GAWA_162759837",
    "ee": true
   }
  },
  {
   "type": "Feature",
   "geometry": {
    "type": "Point",
    "coordinates": [
     115.85530186,
     -31.94757158
    ]
   },
   "properties": {
    "name": "UNIT 44, FLOOR 4, 191 JAMES STREET NORTHBRIDGE 6003",
    "locID": "LOC100059312244",
    "tech": "FTTB",
    "upgrade": "NULL_NA",
    "gnaf_pid": "GAWA_162759838",
    "ee": true
   }
  },
  {
   "type": "Feature",
   "geometry": {
    "type": "Point",
    "coordinates": [
     115.85530186,
     -31.94757158
    ]
   },
   "properties": {
    "name": "UNIT 45, FLOOR 4, 191 JAMES STREET NORTHBRIDGE 6003",
    "locID": "LOC100059312244",
    "tech": "FTTB",
    "upgrade": "NULL_NA",
    "gnaf_pid": "GAWA_162759839",
    "ee": true
   }
  },
  {
   "type": "Feature",
   "geometry": {
    "type": "Point",
    "coordinates": [
     115.85530186,
     -31.94757158
    ]
   },
   "properties": {
    "name": "UNIT 46, FLOOR 4, 191 JAMES STREET NORTHBRIDGE 6003",
    "locID": "LOC100059312244",
    "tech": "FTTB",
    "upgrade": "NULL_NA",
    "gnaf_pid": "GAWA_162759840",
    "ee": true
   }
  },
  {
   "type": "Feature",
   "geometry": {
    "type": "Point",
    "coordinates": [
     115.85530186,
     -31.94757158
    ]
   },
   "properties": {
    "name": "UNIT 47, FLOOR 4, 191 JAMES STREET NORTHBRIDGE 6003",
    "locID": "LOC100059312244",
    "tech": "FTTB",
    "upgrade": "NULL_NA",
    "gnaf_pid": "GAWA_162759841",
    "ee": true
   }
  },
  {
   "type": "Feature",
   "geometry": {
    "type": "Point",
    "coordinates": [
     115.85530186,
     -31.94757158
    ]
   },
   "properties": {
    "name": "UNIT 48, FLOOR 4, 191 JAMES STREET NORTHBRIDGE 6003",
    "locID": "LOC100059312244",
    "tech": "FTTB",
    "upgrade": "NULL_NA",
    "gnaf_pid": "GAWA_162759842",
    "ee": true
   }
  },
  {
   "type": "Feature",
   "geometry": {
    "type": "Point",
    "coordinates": [
     115.85530186,
     -31.94757158
    ]
   },
   "properties": {
    "name": "UNIT 51, FLOOR 5, 191 JAMES STREET NORTHBRIDGE 6003",
    "locID": "LOC100059312244",
    "tech": "FTTB",
    "upgrade": "NULL_NA",
    "gnaf_pid": "GAWA_162759843",
    "ee": true
   }
  },
  {
   "type": "Feature",
   "geometry": {
    "type": "Point",
    "coordinates": [
     115.85530186,
     -31.94757158
    ]
   },
   "properties": {
    "name": "UNIT 52, FLOOR 5, 191 JAMES STREET NORTHBRIDGE 6003",
    "locID": "LOC100059312244",
    "tech": "FTTB",
    "upgrade": "NULL_NA",
    "gnaf_pid": "GAWA_162759844",
    "ee": true
   }
  },
  {
   "type": "Feature",
   "geometry": {
    "type": "Point",
    "coordinates": [
     115.85530186,
     -31.94757158
    ]
   },
   "properties": {
    "name": "UNIT 53, FLOOR 5, 191 JAMES STREET NORTHBRIDGE 6003",
    "locID": "LOC100059312244",
    "tech": "FTTB",
    "upgrade": "NULL_NA",
    "gnaf_pid": "GAWA_162759845",
    "ee": true
   }
  },
  {
   "type": "Feature",
   "geometry": {
    "type": "Point",
    "coordinates": [
     115.85530186,
     -31.94757158
    ]
   },
   "properties": {
    "name": "UNIT 54, FLOOR 5, 191 JAMES STREET NORTHBRIDGE 6003",
    "locID": "LOC100059312244",
    "tech": "FTTB",
    "upgrade": "NULL_NA",
    "gnaf_pid": "GAWA_162759846",
    "ee": true
   }
  },
  {
   "type": "Feature",
   "geometry": {
    "type": "Point",
    "coordinates": [
     115.85530186,
     -31.94757158
    ]
   },
   "properties": {
    "name": "UNIT 55, FLOOR 5, 191 JAMES STREET NORTHBRIDGE 6003",
    "locID": "LOC100059312244",
    "tech": "FTTB",
    "upgrade": "NULL_NA",
    "gnaf_pid": "GAWA_162759847",
    "ee": true
   }
  },
  {
   "type": "Feature",
   "geometry": {
    "type": "Point",
    "coordinates": [
     115.85530186,
     -31.94757158
    ]
   },
   "properties": {
    "name": "UNIT 56, FLOOR 5, 191 JAMES STREET NORTHBRIDGE 6003",
    "locID": "LOC100059312244",
    "tech": "FTTB",
    "upgrade": "NULL_NA",
    "gnaf_pid": "GAWA_162759848",
    "ee": true
   }
  },
  {
   "type": "Feature",
   "geometry": {
    "type": "Point",
    "coordinates": [
     115.85530186,
     -31.94757158
    ]
   },
   "properties": {
    "name": "UNIT 57, FLOOR 5, 191 JAMES STREET NORTHBRIDGE 6003",
    "locID": "LOC100059312244",
    "tech": "FTTB",
    "upgrade": "NULL_NA",
    "gnaf_pid": "GAWA_162759849",
    "ee": true
   }
  },
  {
   "type": "Feature",
   "geometry": {
    "type": "Point",
    "coordinates": [
     115.85530186,
     -31.94757158
    ]
   },
   "properties": {
    "name": "UNIT 58, FLOOR 5, 191 JAMES STREET NORTHBRIDGE 6003",
    "locID": "LOC100059312244",
    "tech": "FTTB",
    "upgrade": "NULL_NA",
    "gnaf_pid": "GAWA_162759850",
    "ee": true
   }
  },
  {
   "type": "Feature",
   "geometry": {
    "type": "Point",
    "coordinates": [
     115.85976593,
     -31.94589638
    ]
   },
   "properties": {
    "name": "227 NEWCASTLE STREET NORTHBRIDGE 6003",
    "locID": "LOC000016394788",
    "tech": "FTTC",
    "upgrade": "FTTP_SA",
    "gnaf_pid": "GAWA_162761784",
    "ee": true,
    "tech_change_status": "Eligible to Order"
   }
  },
  {
   "type": "Feature",
   "geometry": {
    "type": "Point",
    "coordinates": [
     115.85147666,
     -31.94453204
    ]
   },
   "properties": {
    "name": "LOT 1 JOHN STREET NORTHBRIDGE 6003",
    "locID": "LOC100056649630",
    "tech": "FTTC",
    "upgrade": "NULL_NA",
    "gnaf_pid": "GAWA_162791473",
    "ee": true
   }
  },
  {
   "type": "Feature",
   "geometry": {
    "type": "Point",
    "coordinates": [
     115.85152485,
     -31.94636918
    ]
   },
   "properties": {
    "name": "LOT 802 ROE STREET NORTHBRIDGE 6003",
    "locID": "LOC000132025187",
    "tech": "FTTC",
    "upgrade": "FTTP_SA",
    "gnaf_pid": "GAWA_162806189",
    "ee": true,
    "tech_change_status": "Eligible to Order"
   }
  },
  {
   "type": "Feature",
   "geometry": {
    "type": "Point",
    "coordinates": [
     115.85548523,
     -31.94391937
    ]
   },
   "properties": {
    "name": "UNIT 10, 335 NEWCASTLE STREET NORTHBRIDGE 6003",
    "locID": "LOC000079076727",
    "tech": "FTTC",
    "upgrade": "FTTP_NA",
    "gnaf_pid": "GAWA_162870263",
    "ee": true,
    "tech_change_status": "MDU Complex Eligible To Apply"
   }
  },
  {
   "type": "Feature",
   "geometry": {
    "type": "Point",
    "coordinates": [
     115.85548523,
     -31.94391937
    ]
   },
   "properties": {
    "name": "UNIT 11, 335 NEWCASTLE STREET NORTHBRIDGE 6003",
    "locID": "LOC000079212215",
    "tech": "FTTC",
    "upgrade": "FTTP_NA",
    "gnaf_pid": "GAWA_162870264",
    "ee": true,
    "tech_change_status": "MDU Complex Eligible To Apply"
   }
  },
  {
   "type": "Feature",
   "geometry": {
    "type": "Point",
    "coordinates": [
     115.85548523,
     -31.94391937
    ]
   },
   "properties": {
    "name": "UNIT 12, 335 NEWCASTLE STREET NORTHBRIDGE 6003",
    "locID": "LOC000079718078",
    "tech": "FTTC",
    "upgrade": "FTTP_NA",
    "gnaf_pid": "GAWA_162870265",
    "ee": true,
    "tech_change_status": "MDU Complex Eligible To Apply"
   }
  },
  {
   "type": "Feature",
   "geometry": {
    "type": "Point",
    "coordinates": [
     115.85548523,
     -31.94391937
    ]
   },
   "properties": {
    "name": "UNIT 13, 335 NEWCASTLE STREET NORTHBRIDGE 6003",
    "locID": "LOC000079318394",
    "tech": "FTTC",
    "upgrade": "FTTP_NA",
    "gnaf_pid": "GAWA_162870266",
    "ee": true,
    "tech_change_status": "MDU Complex Eligible To Apply"
   }
  },
  {
   "type": "Feature",
   "geometry": {
    "type": "Point",
    "coordinates": [
     115.85548523,
     -31.94391937
    ]
   },
   "properties": {
    "name": "UNIT 14, 335 NEWCASTLE STREET NORTHBRIDGE 6003",
    "locID": "LOC000079639802",
    "tech": "FTTC",
    "upgrade": "FTTP_NA",
    "gnaf_pid": "GAWA_162870267",
    "ee": true,
    "tech_change_status": "MDU Complex Eligible To Apply"
   }
  },
  {
   "type": "Feature",
   "geometry": {
    "type": "Point",
    "coordinates": [
     115.85548523,
     -31.94391937
    ]
   },
   "properties": {
    "name": "UNIT 1, 335 NEWCASTLE STREET NORTHBRIDGE 6003",
    "locID": "LOC000079088124",
    "tech": "FTTC",
    "upgrade": "FTTP_NA",
    "gnaf_pid": "GAWA_162870268",
    "ee": true,
    "tech_change_status": "MDU Complex Eligible To Apply"
   }
  },
  {
   "type": "Feature",
   "geometry": {
    "type": "Point",
    "coordinates": [
     115.85548523,
     -31.94391937
    ]
   },
   "properties": {
    "name": "UNIT 2, 335 NEWCASTLE STREET NORTHBRIDGE 6003",
    "locID": "LOC000079563030",
    "tech": "FTTC",
    "upgrade": "FTTP_NA",
    "gnaf_pid": "GAWA_162870269",
    "ee": true,
    "tech_change_status": "MDU Complex Eligible To Apply"
   }
  },
  {
   "type": "Feature",
   "geometry": {
    "type": "Point",
    "coordinates": [
     115.85548523,
     -31.94391937
    ]
   },
   "properties": {
    "name": "UNIT 3, 335 NEWCASTLE STREET NORTHBRIDGE 6003",
    "locID": "LOC000079088124",
    "tech": "FTTC",
    "upgrade": "FTTP_NA",
    "gnaf_pid": "GAWA_162870270",
    "ee": true,
    "tech_change_status": "MDU Complex Eligible To Apply"
   }
  },
  {
   "type": "Feature",
   "geometry": {
    "type": "Point",
    "coordinates": [
     115.85548523,
     -31.94391937
    ]
   },
   "properties": {
    "name": "UNIT 4, 335 NEWCASTLE STREET NORTHBRIDGE 6003",
    "locID": "LOC000079099454",
    "tech": "FTTC",
    "upgrade": "FTTP_NA",
    "gnaf_pid": "GAWA_162870271",
    "ee": true,
    "tech_change_status": "MDU Complex Eligible To Apply"
   }
  },
  {
   "type": "Feature",
   "geometry": {
    "type": "Point",
    "coordinates": [
     115.85548523,
     -31.94391937
    ]
   },
   "properties": {
    "name": "UNIT 5, 335 NEWCASTLE STREET NORTHBRIDGE 6003",
    "locID": "LOC000079161526",
    "tech": "FTTC",
    "upgrade": "FTTP_NA",
    "gnaf_pid": "GAWA_162870272",
    "ee": true,
    "tech_change_status": "MDU Complex Eligible To Apply"
   }
  },
  {
   "type": "Feature",
   "geometry": {
    "type": "Point",
    "coordinates": [
     115.85548523,
     -31.94391937
    ]
   },
   "properties": {
    "name": "UNIT 6, 335 NEWCASTLE STREET NORTHBRIDGE 6003",
    "locID": "LOC000079088124",
    "tech": "FTTC",
    "upgrade": "FTTP_NA",
    "gnaf_pid": "GAWA_162870273",
    "ee": true,
    "tech_change_status": "MDU Complex Eligible To Apply"
   }
  },
  {
   "type": "Feature",
   "geometry": {
    "type": "Point",
    "coordinates": [
     115.85548523,
     -31.94391937
    ]
   },
   "properties": {
    "name": "UNIT 7, 335 NEWCASTLE STREET NORTHBRIDGE 6003",
    "locID": "LOC000079085095",
    "tech": "FTTC",
    "upgrade": "FTTP_NA",
    "gnaf_pid": "GAWA_162870274",
    "ee": true,
    "tech_change_status": "MDU Complex Eligible To Apply"
   }
  },
  {
   "type": "Feature",
   "geometry": {
    "type": "Point",
    "coordinates": [
     115.85548523,
     -31.94391937
    ]
   },
   "properties": {
    "name": "UNIT 8, 335 NEWCASTLE STREET NORTHBRIDGE 6003",
    "locID": "LOC000079216336",
    "tech": "FTTC",
    "upgrade": "FTTP_NA",
    "gnaf_pid": "GAWA_162870275",
    "ee": true,
    "tech_change_status": "MDU Complex Eligible To Apply"
   }
  },
  {
   "type": "Feature",
   "geometry": {
    "type": "Point",
    "coordinates": [
     115.85548523,
     -31.94391937
    ]
   },
   "properties": {
    "name": "UNIT 9, 335 NEWCASTLE STREET NORTHBRIDGE 6003",
    "locID": "LOC000079063933",
    "tech": "FTTC",
    "upgrade": "FTTP_NA",
    "gnaf_pid": "GAWA_162870276",
    "ee": true,
    "tech_change_status": "MDU Complex Eligible To Apply"
   }
  },
  {
   "type": "Feature",
   "geometry": {
    "type": "Point",
    "coordinates": [
     115.85416475,
     -31.94370719
    ]
   },
   "properties": {
    "name": "UNIT 1, FLOOR 1, 84 FITZGERALD STREET NORTHBRIDGE 6003",
    "locID": "LOC000045199067",
    "tech": "FTTC",
    "upgrade": "FTTP_NA",
    "gnaf_pid": "GAWA_162981195",
    "ee": true,
    "tech_change_status": "MDU Complex Eligible To Apply"
   }
  },
  {
   "type": "Feature",
   "geometry": {
    "type": "Point",
    "coordinates": [
     115.85416475,
     -31.94370719
    ]
   },
   "properties": {
    "name": "UNIT 2, FLOOR 1, 84 FITZGERALD STREET NORTHBRIDGE 6003",
    "locID": "LOC000045199067",
    "tech": "FTTC",
    "upgrade": "FTTP_NA",
    "gnaf_pid": "GAWA_162981196",
    "ee": true,
    "tech_change_status": "MDU Complex Eligible To Apply"
   }
  },
  {
   "type": "Feature",
   "geometry": {
    "type": "Point",
    "coordinates": [
     115.85416475,
     -31.94370719
    ]
   },
   "properties": {
    "name": "UNIT 3, FLOOR 1, 84 FITZGERALD STREET NORTHBRIDGE 6003",
    "locID": "LOC000045199067",
    "tech": "FTTC",
    "upgrade": "FTTP_NA",
    "gnaf_pid": "GAWA_162981197",
    "ee": true,
    "tech_change_status": "MDU Complex Eligible To Apply"
   }
  },
  {
   "type": "Feature",
   "geometry": {
    "type": "Point",
    "coordinates": [
     115.85416475,
     -31.94370719
    ]
   },
   "properties": {
    "name": "UNIT 4, FLOOR 2, 84 FITZGERALD STREET NORTHBRIDGE 6003",
    "locID": "LOC000045199067",
    "tech": "FTTC",
    "upgrade": "FTTP_NA",
    "gnaf_pid": "GAWA_162981198",
    "ee": true,
    "tech_change_status": "MDU Complex Eligible To Apply"
   }
  },
  {
   "type": "Feature",
   "geometry": {
    "type": "Point",
    "coordinates": [
     115.85416475,
     -31.94370719
    ]
   },
   "properties": {
    "name": "UNIT 5, FLOOR 2, 84 FITZGERALD STREET NORTHBRIDGE 6003",
    "locID": "LOC000045199067",
    "tech": "FTTC",
    "upgrade": "FTTP_NA",
    "gnaf_pid": "GAWA_162981199",
    "ee": true,
    "tech_change_status": "MDU Complex Eligible To Apply"
   }
  },
  {
   "type": "Feature",
   "geometry": {
    "type": "Point",
    "coordinates": [
     115.85416475,
     -31.94370719
    ]
   },
   "properties": {
    "name": "UNIT 6, FLOOR 2, 84 FITZGERALD STREET NORTHBRIDGE 6003",
    "locID": "LOC000045199067",
    "tech": "FTTC",
    "upgrade": "FTTP_NA",
    "gnaf_pid": "GAWA_162981200",
    "ee": true,
    "tech_change_status": "MDU Complex Eligible To Apply"
   }
  },
  {
   "type": "Feature",
   "geometry": {
    "type": "Point",
    "coordinates": [
     115.85416475,
     -31.94370719
    ]
   },
   "properties": {
    "name": "UNIT 7, 84 FITZGERALD STREET NORTHBRIDGE 6003",
    "locID": "LOC000045199067",
    "tech": "FTTC",
    "upgrade": "FTTP_NA",
    "gnaf_pid": "GAWA_162981201",
    "ee": true,
    "tech_change_status": "MDU Complex Eligible To Apply"
   }
  },
  {
   "type": "Feature",
   "geometry": {
    "type": "Point",
    "coordinates": [
     115.85278404,
     -31.94517609
    ]
   },
   "properties": {
    "name": "LOT 500 FITZGERALD STREET NORTHBRIDGE 6003",
    "locID": "LOC000184842022",
    "tech": "FTTP",
    "upgrade": "NULL_NA",
    "gnaf_pid": "GAWA_162981202",
    "ee": true
   }
  },
  {
   "type": "Feature",
   "geometry": {
    "type": "Point",
    "coordinates": [
     115.85416475,
     -31.94370719
    ]
   },
   "properties": {
    "name": "84 FITZGERALD STREET NORTHBRIDGE 6003",
    "locID": "LOC000045199067",
    "tech": "FTTC",
    "upgrade": "FTTP_NA",
    "gnaf_pid": "GAWA_162988373",
    "ee": true,
    "tech_change_status": "MDU Complex Eligible To Apply"
   }
  },
  {
   "type": "Feature",
   "geometry": {
    "type": "Point",
    "coordinates": [
     115.85606,
     -31.94695
    ]
   },
   "properties": {
    "name": "2-6 PARKER STREET NORTHBRIDGE 6003",
    "locID": "LOC000054968068",
    "tech": "FTTC",
    "upgrade": "FTTP_NA",
    "gnaf_pid": "GAWA_162990400",
    "ee": true,
    "tech_change_status": "MDU Complex Eligible To Apply"
   }
  },
  {
   "type": "Feature",
   "geometry": {
    "type": "Point",
    "coordinates": [
     115.8573413,
     -31.94905524
    ]
   },
   "properties": {
    "name": "60-66 ROE STREET NORTHBRIDGE 6003",
    "locID": "LOC000132009424",
    "tech": "FTTC",
    "upgrade": "FTTP_NA",
    "gnaf_pid": "GAWA_162990603",
    "ee": true,
    "tech_change_status": "MDU Complex Eligible To Apply"
   }
  },
  {
   "type": "Feature",
   "geometry": {
    "type": "Point",
    "coordinates": [
     115.86049481,
     -31.94671799
    ]
   },
   "properties": {
    "name": "297-301 WILLIAM STREET NORTHBRIDGE 6003",
    "locID": "LOC000011539562",
    "tech": "FTTC",
    "upgrade": "FTTP_SA",
    "gnaf_pid": "GAWA_162991156",
    "ee": true,
    "tech_change_status": "Eligible to Order"
   }
  },
  {
   "type": "Feature",
   "geometry": {
    "type": "Point",
    "coordinates": [
     115.85788767,
     -31.94544586
    ]
   },
   "properties": {
    "name": "UNIT 10, 89 LAKE STREET NORTHBRIDGE 6003",
    "locID": "LOC000030536289",
    "tech": "FTTC",
    "upgrade": "NULL_NA",
    "gnaf_pid": "GAWA_163002863",
    "ee": true
   }
  },
  {
   "type": "Feature",
   "geometry": {
    "type": "Point",
    "coordinates": [
     115.85865475,
     -31.94573615
    ]
   },
   "properties": {
    "name": "UNIT 10, 98 LAKE STREET NORTHBRIDGE 6003",
    "locID": "LOC000087311039",
    "tech": "FTTB",
    "upgrade": "NULL_NA",
    "gnaf_pid": "GAWA_163002864",
    "ee": true
   }
  },
  {
   "type": "Feature",
   "geometry": {
    "type": "Point",
    "coordinates": [
     115.85788767,
     -31.94544586
    ]
   },
   "properties": {
    "name": "UNIT 11, 89 LAKE STREET NORTHBRIDGE 6003",
    "locID": "LOC000030529862",
    "tech": "FTTC",
    "upgrade": "NULL_NA",
    "gnaf_pid": "GAWA_163002865",
    "ee": true
   }
  },
  {
   "type": "Feature",
   "geometry": {
    "type": "Point",
    "coordinates": [
     115.85865475,
     -31.94573615
    ]
   },
   "properties": {
    "name": "UNIT 11, 98 LAKE STREET NORTHBRIDGE 6003",
    "locID": "LOC000087554262",
    "tech": "FTTB",
    "upgrade": "NULL_NA",
    "gnaf_pid": "GAWA_163002866",
    "ee": true
   }
  },
  {
   "type": "Feature",
   "geometry": {
    "type": "Point",
    "coordinates": [
     115.85788767,
     -31.94544586
    ]
   },
   "properties": {
    "name": "UNIT 12, 89 LAKE STREET NORTHBRIDGE 6003",
    "locID": "LOC000030556180",
    "tech": "FTTC",
    "upgrade": "NULL_NA",
    "gnaf_pid": "GAWA_163002867",
    "ee": true
   }
  },
  {
   "type": "Feature",
   "geometry": {
    "type": "Point",
    "coordinates": [
     115.85865475,
     -31.94573615
    ]
   },
   "properties": {
    "name": "UNIT 12, 98 LAKE STREET NORTHBRIDGE 6003",
    "locID": "LOC000087419306",
    "tech": "FTTB",
    "upgrade": "NULL_NA",
    "gnaf_pid": "GAWA_163002868",
    "ee": true
   }
  },
  {
   "type": "Feature",
   "geometry": {
    "type": "Point",
    "coordinates": [
     115.85788767,
     -31.94544586
    ]
   },
   "properties": {
    "name": "UNIT 13, 89 LAKE STREET NORTHBRIDGE 6003",
    "locID": "LOC000030589631",
    "tech": "FTTC",
    "upgrade": "NULL_NA",
    "gnaf_pid": "GAWA_163002869",
    "ee": true
   }
  },
  {
   "type": "Feature",
   "geometry": {
    "type": "Point",
    "coordinates": [
     115.85865475,
     -31.94573615
    ]
   },
   "properties": {
    "name": "UNIT 13, 98 LAKE STREET NORTHBRIDGE 6003",
    "locID": "LOC000087421068",
    "tech": "FTTB",
    "upgrade": "NULL_NA",
    "gnaf_pid": "GAWA_163002870",
    "ee": true
   }
  },
  {
   "type": "Feature",
   "geometry": {
    "type": "Point",
    "coordinates": [
     115.85788767,
     -31.94544586
    ]
   },
   "properties": {
    "name": "UNIT 14, 89 LAKE STREET NORTHBRIDGE 6003",
    "locID": "LOC000030548512",
    "tech": "FTTC",
    "upgrade": "NULL_NA",
    "gnaf_pid": "GAWA_163002871",
    "ee": true
   }
  },
  {
   "type": "Feature",
   "geometry": {
    "type": "Point",
    "coordinates": [
     115.85865475,
     -31.94573615
    ]
   },
   "properties": {
    "name": "UNIT 14, 98 LAKE STREET NORTHBRIDGE 6003",
    "locID": "LOC000084980477",
    "tech": "FTTB",
    "upgrade": "NULL_NA",
    "gnaf_pid": "GAWA_163002872",
    "ee": true
   }
  },
  {
   "type": "Feature",
   "geometry": {
    "type": "Point",
    "coordinates": [
     115.85788767,
     -31.94544586
    ]
   },
   "properties": {
    "name": "UNIT 15, 89 LAKE STREET NORTHBRIDGE 6003",
    "locID": "LOC000030443557",
    "tech": "FTTC",
    "upgrade": "NULL_NA",
    "gnaf_pid": "GAWA_163002873",
    "ee": true
   }
  },
  {
   "type": "Feature",
   "geometry": {
    "type": "Point",
    "coordinates": [
     115.85865475,
     -31.94573615
    ]
   },
   "properties": {
    "name": "UNIT 15, 98 LAKE STREET NORTHBRIDGE 6003",
    "locID": "LOC000087656933",
    "tech": "FTTB",
    "upgrade": "NULL_NA",
    "gnaf_pid": "GAWA_163002874",
    "ee": true
   }
  },
  {
   "type": "Feature",
   "geometry": {
    "type": "Point",
    "coordinates": [
     115.85788767,
     -31.94544586
    ]
   },
   "properties": {
    "name": "UNIT 16, 89 LAKE STREET NORTHBRIDGE 6003",
    "locID": "LOC000030293490",
    "tech": "FTTC",
    "upgrade": "NULL_NA",
    "gnaf_pid": "GAWA_163002875",
    "ee": true
   }
  },
  {
   "type": "Feature",
   "geometry": {
    "type": "Point",
    "coordinates": [
     115.85865475,
     -31.94573615
    ]
   },
   "properties": {
    "name": "UNIT 16, 98 LAKE STREET NORTHBRIDGE 6003",
    "locID": "LOC000084845632",
    "tech": "FTTB",
    "upgrade": "NULL_NA",
    "gnaf_pid": "GAWA_163002876",
    "ee": true
   }
  },
  {
   "type": "Feature",
   "geometry": {
    "type": "Point",
    "coordinates": [
     115.85865475,
     -31.94573615
    ]
   },
   "properties": {
    "name": "UNIT 17, 98 LAKE STREET NORTHBRIDGE 6003",
    "locID": "LOC000087382555",
    "tech": "FTTB",
    "upgrade": "NULL_NA",
    "gnaf_pid": "GAWA_163002877",
    "ee": true
   }
  },
  {
   "type": "Feature",
   "geometry": {
    "type": "Point",
    "coordinates": [
     115.85865475,
     -31.94573615
    ]
   },
   "properties": {
    "name": "UNIT 18, 98 LAKE STREET NORTHBRIDGE 6003",
    "locID": "LOC000087221217",
    "tech": "FTTB",
    "upgrade": "NULL_NA",
    "gnaf_pid": "GAWA_163002878",
    "ee": true
   }
  },
  {
   "type": "Feature",
   "geometry": {
    "type": "Point",
    "coordinates": [
     115.85865475,
     -31.94573615
    ]
   },
   "properties": {
    "name": "UNIT 19, 98 LAKE STREET NORTHBRIDGE 6003",
    "locID": "LOC000087642035",
    "tech": "FTTB",
    "upgrade": "NULL_NA",
    "gnaf_pid": "GAWA_163002879",
    "ee": true
   }
  },
  {
   "type": "Feature",
   "geometry": {
    "type": "Point",
    "coordinates": [
     115.85788767,
     -31.94544586
    ]
   },
   "properties": {
    "name": "UNIT 1, 89 LAKE STREET NORTHBRIDGE 6003",
    "locID": "LOC000030443526",
    "tech": "FTTC",
    "upgrade": "NULL_NA",
    "gnaf_pid": "GAWA_163002880",
    "ee": true
   }
  },
  {
   "type": "Feature",
   "geometry": {
    "type": "Point",
    "coordinates": [
     115.85865475,
     -31.94573615
    ]
   },
   "properties": {
    "name": "UNIT 1, 98 LAKE STREET NORTHBRIDGE 6003",
    "locID": "LOC000087382555",
    "tech": "FTTB",
    "upgrade": "NULL_NA",
    "gnaf_pid": "GAWA_163002881",
    "ee": true
   }
  },
  {
   "type": "Feature",
   "geometry": {
    "type": "Point",
    "coordinates": [
     115.85865475,
     -31.94573615
    ]
   },
   "properties": {
    "name": "UNIT 20, 98 LAKE STREET NORTHBRIDGE 6003",
    "locID": "LOC000087381053",
    "tech": "FTTB",
    "upgrade": "NULL_NA",
    "gnaf_pid": "GAWA_163002882",
    "ee": true
   }
  },
  {
   "type": "Feature",
   "geometry": {
    "type": "Point",
    "coordinates": [
     115.85865475,
     -31.94573615
    ]
   },
   "properties": {
    "name": "UNIT 21, 98 LAKE STREET NORTHBRIDGE 6003",
    "locID": "LOC000087279645",
    "tech": "FTTB",
    "upgrade": "NULL_NA",
    "gnaf_pid": "GAWA_163002883",
    "ee": true
   }
  },
  {
   "type": "Feature",
   "geometry": {
    "type": "Point",
    "coordinates": [
     115.85788767,
     -31.94544586
    ]
   },
   "properties": {
    "name": "UNIT 2, 89 LAKE STREET NORTHBRIDGE 6003",
    "locID": "LOC000030585573",
    "tech": "FTTC",
    "upgrade": "NULL_NA",
    "gnaf_pid": "GAWA_163002884",
    "ee": true
   }
  },
  {
   "type": "Feature",
   "geometry": {
    "type": "Point",
    "coordinates": [
     115.85865475,
     -31.94573615
    ]
   },
   "properties": {
    "name": "UNIT 2, 98 LAKE STREET NORTHBRIDGE 6003",
    "locID": "LOC000087381053",
    "tech": "FTTB",
    "upgrade": "NULL_NA",
    "gnaf_pid": "GAWA_163002885",
    "ee": true
   }
  },
  {
   "type": "Feature",
   "geometry": {
    "type": "Point",
    "coordinates": [
     115.85788767,
     -31.94544586
    ]
   },
   "properties": {
    "name": "UNIT 3, 89 LAKE STREET NORTHBRIDGE 6003",
    "locID": "LOC000030536960",
    "tech": "FTTC",
    "upgrade": "NULL_NA",
    "gnaf_pid": "GAWA_163002886",
    "ee": true
   }
  },
  {
   "type": "Feature",
   "geometry": {
    "type": "Point",
    "coordinates": [
     115.85865475,
     -31.94573615
    ]
   },
   "properties": {
    "name": "UNIT 3, 98 LAKE STREET NORTHBRIDGE 6003",
    "locID": "LOC000087452341",
    "tech": "FTTB",
    "upgrade": "NULL_NA",
    "gnaf_pid": "GAWA_163002887",
    "ee": true
   }
  },
  {
   "type": "Feature",
   "geometry": {
    "type": "Point",
    "coordinates": [
     115.85788767,
     -31.94544586
    ]
   },
   "properties": {
    "name": "UNIT 4, 89 LAKE STREET NORTHBRIDGE 6003",
    "locID": "LOC000030514970",
    "tech": "FTTC",
    "upgrade": "NULL_NA",
    "gnaf_pid": "GAWA_163002888",
    "ee": true
   }
  },
  {
   "type": "Feature",
   "geometry": {
    "type": "Point",
    "coordinates": [
     115.85865475,
     -31.94573615
    ]
   },
   "properties": {
    "name": "UNIT 4, 98 LAKE STREET NORTHBRIDGE 6003",
    "locID": "LOC000087598184",
    "tech": "FTTB",
    "upgrade": "NULL_NA",
    "gnaf_pid": "GAWA_163002889",
    "ee": true
   }
  },
  {
   "type": "Feature",
   "geometry": {
    "type": "Point",
    "coordinates": [
     115.85788767,
     -31.94544586
    ]
   },
   "properties": {
    "name": "UNIT 5, 89 LAKE STREET NORTHBRIDGE 6003",
    "locID": "LOC000030552013",
    "tech": "FTTC",
    "upgrade": "NULL_NA",
    "gnaf_pid": "GAWA_163002890",
    "ee": true
   }
  },
  {
   "type": "Feature",
   "geometry": {
    "type": "Point",
    "coordinates": [
     115.85865475,
     -31.94573615
    ]
   },
   "properties": {
    "name": "UNIT 5, 98 LAKE STREET NORTHBRIDGE 6003",
    "locID": "LOC000087296614",
    "tech": "FTTB",
    "upgrade": "NULL_NA",
    "gnaf_pid": "GAWA_163002891",
    "ee": true
   }
  },
  {
   "type": "Feature",
   "geometry": {
    "type": "Point",
    "coordinates": [
     115.85788767,
     -31.94544586
    ]
   },
   "properties": {
    "name": "UNIT 6, 89 LAKE STREET NORTHBRIDGE 6003",
    "locID": "LOC000030667931",
    "tech": "FTTC",
    "upgrade": "NULL_NA",
    "gnaf_pid": "GAWA_163002892",
    "ee": true
   }
  },
  {
   "type": "Feature",
   "geometry": {
    "type": "Point",
    "coordinates": [
     115.85865475,
     -31.94573615
    ]
   },
   "properties": {
    "name": "UNIT 6, 98 LAKE STREET NORTHBRIDGE 6003",
    "locID": "LOC000084404583",
    "tech": "FTTB",
    "upgrade": "NULL_NA",
    "gnaf_pid": "GAWA_163002893",
    "ee": true
   }
  },
  {
   "type": "Feature",
   "geometry": {
    "type": "Point",
    "coordinates": [
     115.85788767,
     -31.94544586
    ]
   },
   "properties": {
    "name": "UNIT 7, 89 LAKE STREET NORTHBRIDGE 6003",
    "locID": "LOC000030435631",
    "tech": "FTTC",
    "upgrade": "NULL_NA",
    "gnaf_pid": "GAWA_163002894",
    "ee": true
   }
  },
  {
   "type": "Feature",
   "geometry": {
    "type": "Point",
    "coordinates": [
     115.85865475,
     -31.94573615
    ]
   },
   "properties": {
    "name": "UNIT 7, 98 LAKE STREET NORTHBRIDGE 6003",
    "locID": "LOC000087508189",
    "tech": "FTTB",
    "upgrade": "NULL_NA",
    "gnaf_pid": "GAWA_163002895",
    "ee": true
   }
  },
  {
   "type": "Feature",
   "geometry": {
    "type": "Point",
    "coordinates": [
     115.85788767,
     -31.94544586
    ]
   },
   "properties": {
    "name": "UNIT 8, 89 LAKE STREET NORTHBRIDGE 6003",
    "locID": "LOC000030443526",
    "tech": "FTTC",
    "upgrade": "NULL_NA",
    "gnaf_pid": "GAWA_163002896",
    "ee": true
   }
  },
  {
   "type": "Feature",
   "geometry": {
    "type": "Point",
    "coordinates": [
     115.85865475,
     -31.94573615
    ]
   },
   "properties": {
    "name": "UNIT 8, 98 LAKE STREET NORTHBRIDGE 6003",
    "locID": "LOC000084708863",
    "tech": "FTTB",
    "upgrade": "NULL_NA",
    "gnaf_pid": "GAWA_163002897",
    "ee": true
   }
  },
  {
   "type": "Feature",
   "geometry": {
    "type": "Point",
    "coordinates": [
     115.85788767,
     -31.94544586
    ]
   },
   "properties": {
    "name": "UNIT 9, 89 LAKE STREET NORTHBRIDGE 6003",
    "locID": "LOC000030630758",
    "tech": "FTTC",
    "upgrade": "NULL_NA",
    "gnaf_pid": "GAWA_163002898",
    "ee": true
   }
  },
  {
   "type": "Feature",
   "geometry": {
    "type": "Point",
    "coordinates": [
     115.85865475,
     -31.94573615
    ]
   },
   "properties": {
    "name": "UNIT 9, 98 LAKE STREET NORTHBRIDGE 6003",
    "locID": "LOC000084404583",
    "tech": "FTTB",
    "upgrade": "NULL_NA",
    "gnaf_pid": "GAWA_163002899",
    "ee": true
   }
  },
  {
   "type": "Feature",
   "geometry": {
    "type": "Point",
    "coordinates": [
     115.85708514,
     -31.94466423
    ]
   },
   "properties": {
    "name": "UNIT 1, 299 NEWCASTLE STREET NORTHBRIDGE 6003",
    "locID": "LOC000074833097",
    "tech": "FTTC",
    "upgrade": "FTTP_NA",
    "gnaf_pid": "GAWA_163003753",
    "ee": true,
    "tech_change_status": "MDU Complex Eligible To Apply"
   }
  },
  {
   "type": "Feature",
   "geometry": {
    "type": "Point",
    "coordinates": [
     115.85708514,
     -31.94466423
    ]
   },
   "properties": {
    "name": "UNIT 2, 299 NEWCASTLE STREET NORTHBRIDGE 6003",
    "locID": "LOC000074651507",
    "tech": "FTTC",
    "upgrade": "FTTP_NA",
    "gnaf_pid": "GAWA_163003754",
    "ee": true,
    "tech_change_status": "MDU Complex Eligible To Apply"
   }
  },
  {
   "type": "Feature",
   "geometry": {
    "type": "Point",
    "coordinates": [
     115.85708514,
     -31.94466423
    ]
   },
   "properties": {
    "name": "UNIT 3, 299 NEWCASTLE STREET NORTHBRIDGE 6003",
    "locID": "LOC000074492052",
    "tech": "FTTC",
    "upgrade": "FTTP_NA",
    "gnaf_pid": "GAWA_163003755",
    "ee": true,
    "tech_change_status": "MDU Complex Eligible To Apply"
   }
  },
  {
   "type": "Feature",
   "geometry": {
    "type": "Point",
    "coordinates": [
     115.85708514,
     -31.94466423
    ]
   },
   "properties": {
    "name": "UNIT 4, 299 NEWCASTLE STREET NORTHBRIDGE 6003",
    "locID": "LOC000074293222",
    "tech": "FTTC",
    "upgrade": "FTTP_NA",
    "gnaf_pid": "GAWA_163003756",
    "ee": true,
    "tech_change_status": "MDU Complex Eligible To Apply"
   }
  },
  {
   "type": "Feature",
   "geometry": {
    "type": "Point",
    "coordinates": [
     115.85708514,
     -31.94466423
    ]
   },
   "properties": {
    "name": "UNIT 5, 299 NEWCASTLE STREET NORTHBRIDGE 6003",
    "locID": "LOC000074629488",
    "tech": "FTTC",
    "upgrade": "FTTP_NA",
    "gnaf_pid": "GAWA_163003757",
    "ee": true,
    "tech_change_status": "MDU Complex Eligible To Apply"
   }
  },
  {
   "type": "Feature",
   "geometry": {
    "type": "Point",
    "coordinates": [
     115.85708514,
     -31.94466423
    ]
   },
   "properties": {
    "name": "UNIT 6, 299 NEWCASTLE STREET NORTHBRIDGE 6003",
    "locID": "LOC000074651507",
    "tech": "FTTC",
    "upgrade": "FTTP_NA",
    "gnaf_pid": "GAWA_163003758",
    "ee": true,
    "tech_change_status": "MDU Complex Eligible To Apply"
   }
  },
  {
   "type": "Feature",
   "geometry": {
    "type": "Point",
    "coordinates": [
     115.85436767,
     -31.94580855
    ]
   },
   "properties": {
    "name": "UNIT 2, FLOOR 2, 17 SHENTON STREET NORTHBRIDGE 6003",
    "locID": "LOC000106182720",
    "tech": "FTTC",
    "upgrade": "FTTP_NA",
    "gnaf_pid": "GAWA_163004745",
    "ee": true,
    "tech_change_status": "MDU Complex Eligible To Apply"
   }
  },
  {
   "type": "Feature",
   "geometry": {
    "type": "Point",
    "coordinates": [
     115.85436767,
     -31.94580855
    ]
   },
   "properties": {
    "name": "UNIT 3, FLOOR 1, 17 SHENTON STREET NORTHBRIDGE 6003",
    "locID": "LOC000106182720",
    "tech": "FTTC",
    "upgrade": "FTTP_NA",
    "gnaf_pid": "GAWA_163004746",
    "ee": true,
    "tech_change_status": "MDU Complex Eligible To Apply"
   }
  },
  {
   "type": "Feature",
   "geometry": {
    "type": "Point",
    "coordinates": [
     115.85436767,
     -31.94580855
    ]
   },
   "properties": {
    "name": "UNIT 5, FLOOR 1, 17 SHENTON STREET NORTHBRIDGE 6003",
    "locID": "LOC000106289278",
    "tech": "FTTC",
    "upgrade": "FTTP_NA",
    "gnaf_pid": "GAWA_163004747",
    "ee": true,
    "tech_change_status": "MDU Complex Eligible To Apply"
   }
  },
  {
   "type": "Feature",
   "geometry": {
    "type": "Point",
    "coordinates": [
     115.85171223,
     -31.94664969
    ]
   },
   "properties": {
    "name": "LEVEL 1, 1 FITZGERALD STREET NORTHBRIDGE 6003",
    "locID": "LOC000051643219",
    "tech": "FTTC",
    "upgrade": "FTTP_SA",
    "gnaf_pid": "GAWA_163008473",
    "ee": true,
    "tech_change_status": "Eligible to Order"
   }
  },
  {
   "type": "Feature",
   "geometry": {
    "type": "Point",
    "coordinates": [
     115.85177297,
     -31.94655271
    ]
   },
   "properties": {
    "name": "LEVEL 1, 3 FITZGERALD STREET NORTHBRIDGE 6003",
    "locID": "LOC000069689350",
    "tech": "FTTC",
    "upgrade": "FTTP_SA",
    "gnaf_pid": "GAWA_163008474",
    "ee": true,
    "tech_change_status": "Eligible to Order"
   }
  },
  {
   "type": "Feature",
   "geometry": {
    "type": "Point",
    "coordinates": [
     115.85904287,
     -31.94806971
    ]
   },
   "properties": {
    "name": "LEVEL 1, 45 FRANCIS STREET NORTHBRIDGE 6003",
    "locID": "LOC000058293925",
    "tech": "FTTB",
    "upgrade": "NULL_NA",
    "gnaf_pid": "GAWA_163008520",
    "ee": true
   }
  },
  {
   "type": "Feature",
   "geometry": {
    "type": "Point",
    "coordinates": [
     115.85904287,
     -31.94806971
    ]
   },
   "properties": {
    "name": "LEVEL 2, 45 FRANCIS STREET NORTHBRIDGE 6003",
    "locID": "LOC000058138789",
    "tech": "FTTB",
    "upgrade": "NULL_NA",
    "gnaf_pid": "GAWA_163008521",
    "ee": true
   }
  },
  {
   "type": "Feature",
   "geometry": {
    "type": "Point",
    "coordinates": [
     115.85904287,
     -31.94806971
    ]
   },
   "properties": {
    "name": "LEVEL 3, 45 FRANCIS STREET NORTHBRIDGE 6003",
    "locID": "LOC000057932150",
    "tech": "FTTB",
    "upgrade": "NULL_NA",
    "gnaf_pid": "GAWA_163008522",
    "ee": true
   }
  },
  {
   "type": "Feature",
   "geometry": {
    "type": "Point",
    "coordinates": [
     115.85904287,
     -31.94806971
    ]
   },
   "properties": {
    "name": "LEVEL 4, 45 FRANCIS STREET NORTHBRIDGE 6003",
    "locID": "LOC000058138789",
    "tech": "FTTB",
    "upgrade": "NULL_NA",
    "gnaf_pid": "GAWA_163008523",
    "ee": true
   }
  },
  {
   "type": "Feature",
   "geometry": {
    "type": "Point",
    "coordinates": [
     115.85904287,
     -31.94806971
    ]
   },
   "properties": {
    "name": "LEVEL 5, 45 FRANCIS STREET NORTHBRIDGE 6003",
    "locID": "LOC000058367535",
    "tech": "FTTB",
    "upgrade": "NULL_NA",
    "gnaf_pid": "GAWA_163008524",
    "ee": true
   }
  },
  {
   "type": "Feature",
   "geometry": {
    "type": "Point",
    "coordinates": [
     115.85345,
     -31.94671
    ]
   },
   "properties": {
    "name": "LEVEL 1, 233 JAMES STREET NORTHBRIDGE 6003",
    "locID": "LOC000079014921",
    "tech": "FTTC",
    "upgrade": "FTTP_SA",
    "gnaf_pid": "GAWA_163009199",
    "ee": true,
    "tech_change_status": "Eligible to Order"
   }
  },
  {
   "type": "Feature",
   "geometry": {
    "type": "Point",
    "coordinates": [
     115.85753,
     -31.94721
    ]
   },
   "properties": {
    "name": "LEVEL 1, 48 LAKE STREET NORTHBRIDGE 6003",
    "locID": "LOC000106383867",
    "tech": "FTTC",
    "upgrade": "NULL_NA",
    "gnaf_pid": "GAWA_163009528",
    "ee": true
   }
  },
  {
   "type": "Feature",
   "geometry": {
    "type": "Point",
    "coordinates": [
     115.85788767,
     -31.94544586
    ]
   },
   "properties": {
    "name": "89 LAKE STREET NORTHBRIDGE 6003",
    "locID": "LOC000030443526",
    "tech": "FTTC",
    "upgrade": "NULL_NA",
    "gnaf_pid": "GAWA_163012474",
    "ee": true
   }
  },
  {
   "type": "Feature",
   "geometry": {
    "type": "Point",
    "coordinates": [
     115.85677684,
     -31.94699741
    ]
   },
   "properties": {
    "name": "UNIT 10, 101 FRANCIS STREET NORTHBRIDGE 6003",
    "locID": "LOC000013816973",
    "tech": "FTTC",
    "upgrade": "FTTP_NA",
    "gnaf_pid": "GAWA_163047581",
    "ee": true,
    "tech_change_status": "MDU Complex Eligible To Apply"
   }
  },
  {
   "type": "Feature",
   "geometry": {
    "type": "Point",
    "coordinates": [
     115.85658633,
     -31.94691006
    ]
   },
   "properties": {
    "name": "UNIT 10, 103-105 FRANCIS STREET NORTHBRIDGE 6003",
    "locID": "LOC000010419145",
    "tech": "FTTB",
    "upgrade": "NULL_NA",
    "gnaf_pid": "GAWA_163047582",
    "ee": true
   }
  },
  {
   "type": "Feature",
   "geometry": {
    "type": "Point",
    "coordinates": [
     115.85677684,
     -31.94699741
    ]
   },
   "properties": {
    "name": "UNIT 11, 101 FRANCIS STREET NORTHBRIDGE 6003",
    "locID": "LOC000013816973",
    "tech": "FTTC",
    "upgrade": "FTTP_NA",
    "gnaf_pid": "GAWA_163047583",
    "ee": true,
    "tech_change_status": "MDU Complex Eligible To Apply"
   }
  },
  {
   "type": "Feature",
   "geometry": {
    "type": "Point",
    "coordinates": [
     115.85658633,
     -31.94691006
    ]
   },
   "properties": {
    "name": "UNIT 11, 103-105 FRANCIS STREET NORTHBRIDGE 6003",
    "locID": "LOC000010684811",
    "tech": "FTTB",
    "upgrade": "NULL_NA",
    "gnaf_pid": "GAWA_163047584",
    "ee": true
   }
  },
  {
   "type": "Feature",
   "geometry": {
    "type": "Point",
    "coordinates": [
     115.85677684,
     -31.94699741
    ]
   },
   "properties": {
    "name": "UNIT 12, 101 FRANCIS STREET NORTHBRIDGE 6003",
    "locID": "LOC000013816973",
    "tech": "FTTC",
    "upgrade": "FTTP_NA",
    "gnaf_pid": "GAWA_163047585",
    "ee": true,
    "tech_change_status": "MDU Complex Eligible To Apply"
   }
  },
  {
   "type": "Feature",
   "geometry": {
    "type": "Point",
    "coordinates": [
     115.85658633,
     -31.94691006
    ]
   },
   "properties": {
    "name": "UNIT 12, 103-105 FRANCIS STREET NORTHBRIDGE 6003",
    "locID": "LOC000010407019",
    "tech": "FTTB",
    "upgrade": "NULL_NA",
    "gnaf_pid": "GAWA_163047586",
    "ee": true
   }
  },
  {
   "type": "Feature",
   "geometry": {
    "type": "Point",
    "coordinates": [
     115.85677684,
     -31.94699741
    ]
   },
   "properties": {
    "name": "UNIT 13, 101 FRANCIS STREET NORTHBRIDGE 6003",
    "locID": "LOC000013816973",
    "tech": "FTTC",
    "upgrade": "FTTP_NA",
    "gnaf_pid": "GAWA_163047587",
    "ee": true,
    "tech_change_status": "MDU Complex Eligible To Apply"
   }
  },
  {
   "type": "Feature",
   "geometry": {
    "type": "Point",
    "coordinates": [
     115.85658633,
     -31.94691006
    ]
   },
   "properties": {
    "name": "UNIT 13, 103-105 FRANCIS STREET NORTHBRIDGE 6003",
    "locID": "LOC000010344730",
    "tech": "FTTB",
    "upgrade": "NULL_NA",
    "gnaf_pid": "GAWA_163047588",
    "ee": true
   }
  },
  {
   "type": "Feature",
   "geometry": {
    "type": "Point",
    "coordinates": [
     115.85658633,
     -31.94691006
    ]
   },
   "properties": {
    "name": "UNIT 14, 103-105 FRANCIS STREET NORTHBRIDGE 6003",
    "locID": "LOC000010418734",
    "tech": "FTTB",
    "upgrade": "NULL_NA",
    "gnaf_pid": "GAWA_163047589",
    "ee": true
   }
  },
  {
   "type": "Feature",
   "geometry": {
    "type": "Point",
    "coordinates": [
     115.85658633,
     -31.94691006
    ]
   },
   "properties": {
    "name": "UNIT 15, 103-105 FRANCIS STREET NORTHBRIDGE 6003",
    "locID": "LOC000010488668",
    "tech": "FTTB",
    "upgrade": "NULL_NA",
    "gnaf_pid": "GAWA_163047590",
    "ee": true
   }
  },
  {
   "type": "Feature",
   "geometry": {
    "type": "Point",
    "coordinates": [
     115.85658633,
     -31.94691006
    ]
   },
   "properties": {
    "name": "UNIT 16, 103-105 FRANCIS STREET NORTHBRIDGE 6003",
    "locID": "LOC000010648175",
    "tech": "FTTB",
    "upgrade": "NULL_NA",
    "gnaf_pid": "GAWA_163047591",
    "ee": true
   }
  },
  {
   "type": "Feature",
   "geometry": {
    "type": "Point",
    "coordinates": [
     115.85658633,
     -31.94691006
    ]
   },
   "properties": {
    "name": "UNIT 17, 103-105 FRANCIS STREET NORTHBRIDGE 6003",
    "locID": "LOC000010636203",
    "tech": "FTTB",
    "upgrade": "NULL_NA",
    "gnaf_pid": "GAWA_163047592",
    "ee": true
   }
  },
  {
   "type": "Feature",
   "geometry": {
    "type": "Point",
    "coordinates": [
     115.85658633,
     -31.94691006
    ]
   },
   "properties": {
    "name": "UNIT 18, 103-105 FRANCIS STREET NORTHBRIDGE 6003",
    "locID": "LOC000010379714",
    "tech": "FTTB",
    "upgrade": "NULL_NA",
    "gnaf_pid": "GAWA_163047593",
    "ee": true
   }
  },
  {
   "type": "Feature",
   "geometry": {
    "type": "Point",
    "coordinates": [
     115.85658633,
     -31.94691006
    ]
   },
   "properties": {
    "name": "UNIT 19, 103-105 FRANCIS STREET NORTHBRIDGE 6003",
    "locID": "LOC000010651951",
    "tech": "FTTB",
    "upgrade": "NULL_NA",
    "gnaf_pid": "GAWA_163047594",
    "ee": true
   }
  },
  {
   "type": "Feature",
   "geometry": {
    "type": "Point",
    "coordinates": [
     115.85677684,
     -31.94699741
    ]
   },
   "properties": {
    "name": "UNIT 1, 101 FRANCIS STREET NORTHBRIDGE 6003",
    "locID": "LOC000013816973",
    "tech": "FTTC",
    "upgrade": "FTTP_NA",
    "gnaf_pid": "GAWA_163047595",
    "ee": true,
    "tech_change_status": "MDU Complex Eligible To Apply"
   }
  },
  {
   "type": "Feature",
   "geometry": {
    "type": "Point",
    "coordinates": [
     115.85658633,
     -31.94691006
    ]
   },
   "properties": {
    "name": "UNIT 1, 103-105 FRANCIS STREET NORTHBRIDGE 6003",
    "locID": "LOC000010344730",
    "tech": "FTTB",
    "upgrade": "NULL_NA",
    "gnaf_pid": "GAWA_163047596",
    "ee": true
   }
  },
  {
   "type": "Feature",
   "geometry": {
    "type": "Point",
    "coordinates": [
     115.85658633,
     -31.94691006
    ]
   },
   "properties": {
    "name": "UNIT 20, 103-105 FRANCIS STREET NORTHBRIDGE 6003",
    "locID": "LOC000010687012",
    "tech": "FTTB",
    "upgrade": "NULL_NA",
    "gnaf_pid": "GAWA_163047597",
    "ee": true
   }
  },
  {
   "type": "Feature",
   "geometry": {
    "type": "Point",
    "coordinates": [
     115.85658633,
     -31.94691006
    ]
   },
   "properties": {
    "name": "UNIT 21, 103-105 FRANCIS STREET NORTHBRIDGE 6003",
    "locID": "LOC000010413409",
    "tech": "FTTB",
    "upgrade": "NULL_NA",
    "gnaf_pid": "GAWA_163047598",
    "ee": true
   }
  },
  {
   "type": "Feature",
   "geometry": {
    "type": "Point",
    "coordinates": [
     115.85658633,
     -31.94691006
    ]
   },
   "properties": {
    "name": "UNIT 22, 103-105 FRANCIS STREET NORTHBRIDGE 6003",
    "locID": "LOC000010573574",
    "tech": "FTTB",
    "upgrade": "NULL_NA",
    "gnaf_pid": "GAWA_163047599",
    "ee": true
   }
  },
  {
   "type": "Feature",
   "geometry": {
    "type": "Point",
    "coordinates": [
     115.85658633,
     -31.94691006
    ]
   },
   "properties": {
    "name": "UNIT 23, 103-105 FRANCIS STREET NORTHBRIDGE 6003",
    "locID": "LOC000010468301",
    "tech": "FTTB",
    "upgrade": "NULL_NA",
    "gnaf_pid": "GAWA_163047600",
    "ee": true
   }
  },
  {
   "type": "Feature",
   "geometry": {
    "type": "Point",
    "coordinates": [
     115.85658633,
     -31.94691006
    ]
   },
   "properties": {
    "name": "UNIT 24, 103-105 FRANCIS STREET NORTHBRIDGE 6003",
    "locID": "LOC000010358588",
    "tech": "FTTB",
    "upgrade": "NULL_NA",
    "gnaf_pid": "GAWA_163047601",
    "ee": true
   }
  },
  {
   "type": "Feature",
   "geometry": {
    "type": "Point",
    "coordinates": [
     115.85658633,
     -31.94691006
    ]
   },
   "properties": {
    "name": "UNIT 25, 103-105 FRANCIS STREET NORTHBRIDGE 6003",
    "locID": "LOC000010489686",
    "tech": "FTTB",
    "upgrade": "NULL_NA",
    "gnaf_pid": "GAWA_163047602",
    "ee": true
   }
  },
  {
   "type": "Feature",
   "geometry": {
    "type": "Point",
    "coordinates": [
     115.85658633,
     -31.94691006
    ]
   },
   "properties": {
    "name": "UNIT 26, 103-105 FRANCIS STREET NORTHBRIDGE 6003",
    "locID": "LOC000010453794",
    "tech": "FTTB",
    "upgrade": "NULL_NA",
    "gnaf_pid": "GAWA_163047603",
    "ee": true
   }
  },
  {
   "type": "Feature",
   "geometry": {
    "type": "Point",
    "coordinates": [
     115.85658633,
     -31.94691006
    ]
   },
   "properties": {
    "name": "UNIT 27, 103-105 FRANCIS STREET NORTHBRIDGE 6003",
    "locID": "LOC000010674348",
    "tech": "FTTB",
    "upgrade": "NULL_NA",
    "gnaf_pid": "GAWA_163047604",
    "ee": true
   }
  },
  {
   "type": "Feature",
   "geometry": {
    "type": "Point",
    "coordinates": [
     115.85658633,
     -31.94691006
    ]
   },
   "properties": {
    "name": "UNIT 28, 103-105 FRANCIS STREET NORTHBRIDGE 6003",
    "locID": "LOC000010473529",
    "tech": "FTTB",
    "upgrade": "NULL_NA",
    "gnaf_pid": "GAWA_163047605",
    "ee": true
   }
  },
  {
   "type": "Feature",
   "geometry": {
    "type": "Point",
    "coordinates": [
     115.85658633,
     -31.94691006
    ]
   },
   "properties": {
    "name": "UNIT 29, 103-105 FRANCIS STREET NORTHBRIDGE 6003",
    "locID": "LOC000010411667",
    "tech": "FTTB",
    "upgrade": "NULL_NA",
    "gnaf_pid": "GAWA_163047606",
    "ee": true
   }
  },
  {
   "type": "Feature",
   "geometry": {
    "type": "Point",
    "coordinates": [
     115.85677684,
     -31.94699741
    ]
   },
   "properties": {
    "name": "UNIT 2, 101 FRANCIS STREET NORTHBRIDGE 6003",
    "locID": "LOC000013816973",
    "tech": "FTTC",
    "upgrade": "FTTP_NA",
    "gnaf_pid": "GAWA_163047607",
    "ee": true,
    "tech_change_status": "MDU Complex Eligible To Apply"
   }
  },
  {
   "type": "Feature",
   "geometry": {
    "type": "Point",
    "coordinates": [
     115.85658633,
     -31.94691006
    ]
   },
   "properties": {
    "name": "UNIT 2, 103-105 FRANCIS STREET NORTHBRIDGE 6003",
    "locID": "LOC000010419145",
    "tech": "FTTB",
    "upgrade": "NULL_NA",
    "gnaf_pid": "GAWA_163047608",
    "ee": true
   }
  },
  {
   "type": "Feature",
   "geometry": {
    "type": "Point",
    "coordinates": [
     115.85658633,
     -31.94691006
    ]
   },
   "properties": {
    "name": "UNIT 30, 103-105 FRANCIS STREET NORTHBRIDGE 6003",
    "locID": "LOC000010417446",
    "tech": "FTTB",
    "upgrade": "NULL_NA",
    "gnaf_pid": "GAWA_163047609",
    "ee": true
   }
  },
  {
   "type": "Feature",
   "geometry": {
    "type": "Point",
    "coordinates": [
     115.85658633,
     -31.94691006
    ]
   },
   "properties": {
    "name": "UNIT 31, 103-105 FRANCIS STREET NORTHBRIDGE 6003",
    "locID": "LOC000010453725",
    "tech": "FTTB",
    "upgrade": "NULL_NA",
    "gnaf_pid": "GAWA_163047610",
    "ee": true
   }
  },
  {
   "type": "Feature",
   "geometry": {
    "type": "Point",
    "coordinates": [
     115.85677684,
     -31.94699741
    ]
   },
   "properties": {
    "name": "UNIT 3, 101 FRANCIS STREET NORTHBRIDGE 6003",
    "locID": "LOC000013816973",
    "tech": "FTTC",
    "upgrade": "FTTP_NA",
    "gnaf_pid": "GAWA_163047611",
    "ee": true,
    "tech_change_status": "MDU Complex Eligible To Apply"
   }
  },
  {
   "type": "Feature",
   "geometry": {
    "type": "Point",
    "coordinates": [
     115.85658633,
     -31.94691006
    ]
   },
   "properties": {
    "name": "UNIT 3, 103-105 FRANCIS STREET NORTHBRIDGE 6003",
    "locID": "LOC000010453725",
    "tech": "FTTB",
    "upgrade": "NULL_NA",
    "gnaf_pid": "GAWA_163047612",
    "ee": true
   }
  },
  {
   "type": "Feature",
   "geometry": {
    "type": "Point",
    "coordinates": [
     115.85677684,
     -31.94699741
    ]
   },
   "properties": {
    "name": "UNIT 4, 101 FRANCIS STREET NORTHBRIDGE 6003",
    "locID": "LOC000013816973",
    "tech": "FTTC",
    "upgrade": "FTTP_NA",
    "gnaf_pid": "GAWA_163047613",
    "ee": true,
    "tech_change_status": "MDU Complex Eligible To Apply"
   }
  },
  {
   "type": "Feature",
   "geometry": {
    "type": "Point",
    "coordinates": [
     115.85658633,
     -31.94691006
    ]
   },
   "properties": {
    "name": "UNIT 4, 103-105 FRANCIS STREET NORTHBRIDGE 6003",
    "locID": "LOC000010566122",
    "tech": "FTTB",
    "upgrade": "NULL_NA",
    "gnaf_pid": "GAWA_163047614",
    "ee": true
   }
  },
  {
   "type": "Feature",
   "geometry": {
    "type": "Point",
    "coordinates": [
     115.85677684,
     -31.94699741
    ]
   },
   "properties": {
    "name": "UNIT 5, 101 FRANCIS STREET NORTHBRIDGE 6003",
    "locID": "LOC000013816973",
    "tech": "FTTC",
    "upgrade": "FTTP_NA",
    "gnaf_pid": "GAWA_163047615",
    "ee": true,
    "tech_change_status": "MDU Complex Eligible To Apply"
   }
  },
  {
   "type": "Feature",
   "geometry": {
    "type": "Point",
    "coordinates": [
     115.85658633,
     -31.94691006
    ]
   },
   "properties": {
    "name": "UNIT 5, 103-105 FRANCIS STREET NORTHBRIDGE 6003",
    "locID": "LOC000010588198",
    "tech": "FTTB",
    "upgrade": "NULL_NA",
    "gnaf_pid": "GAWA_163047616",
    "ee": true
   }
  },
  {
   "type": "Feature",
   "geometry": {
    "type": "Point",
    "coordinates": [
     115.85677684,
     -31.94699741
    ]
   },
   "properties": {
    "name": "UNIT 6, 101 FRANCIS STREET NORTHBRIDGE 6003",
    "locID": "LOC000013816973",
    "tech": "FTTC",
    "upgrade": "FTTP_NA",
    "gnaf_pid": "GAWA_163047617",
    "ee": true,
    "tech_change_status": "MDU Complex Eligible To Apply"
   }
  },
  {
   "type": "Feature",
   "geometry": {
    "type": "Point",
    "coordinates": [
     115.85658633,
     -31.94691006
    ]
   },
   "properties": {
    "name": "UNIT 6, 103-105 FRANCIS STREET NORTHBRIDGE 6003",
    "locID": "LOC000010419145",
    "tech": "FTTB",
    "upgrade": "NULL_NA",
    "gnaf_pid": "GAWA_163047618",
    "ee": true
   }
  },
  {
   "type": "Feature",
   "geometry": {
    "type": "Point",
    "coordinates": [
     115.85677684,
     -31.94699741
    ]
   },
   "properties": {
    "name": "UNIT 7, 101 FRANCIS STREET NORTHBRIDGE 6003",
    "locID": "LOC000013816973",
    "tech": "FTTC",
    "upgrade": "FTTP_NA",
    "gnaf_pid": "GAWA_163047619",
    "ee": true,
    "tech_change_status": "MDU Complex Eligible To Apply"
   }
  },
  {
   "type": "Feature",
   "geometry": {
    "type": "Point",
    "coordinates": [
     115.85658633,
     -31.94691006
    ]
   },
   "properties": {
    "name": "UNIT 7, 103-105 FRANCIS STREET NORTHBRIDGE 6003",
    "locID": "LOC000010457454",
    "tech": "FTTB",
    "upgrade": "NULL_NA",
    "gnaf_pid": "GAWA_163047620",
    "ee": true
   }
  },
  {
   "type": "Feature",
   "geometry": {
    "type": "Point",
    "coordinates": [
     115.85677684,
     -31.94699741
    ]
   },
   "properties": {
    "name": "UNIT 8, 101 FRANCIS STREET NORTHBRIDGE 6003",
    "locID": "LOC000013816973",
    "tech": "FTTC",
    "upgrade": "FTTP_NA",
    "gnaf_pid": "GAWA_163047621",
    "ee": true,
    "tech_change_status": "MDU Complex Eligible To Apply"
   }
  },
  {
   "type": "Feature",
   "geometry": {
    "type": "Point",
    "coordinates": [
     115.85658633,
     -31.94691006
    ]
   },
   "properties": {
    "name": "UNIT 8, 103-105 FRANCIS STREET NORTHBRIDGE 6003",
    "locID": "LOC000010603857",
    "tech": "FTTB",
    "upgrade": "NULL_NA",
    "gnaf_pid": "GAWA_163047622",
    "ee": true
   }
  },
  {
   "type": "Feature",
   "geometry": {
    "type": "Point",
    "coordinates": [
     115.85677684,
     -31.94699741
    ]
   },
   "properties": {
    "name": "UNIT 9, 101 FRANCIS STREET NORTHBRIDGE 6003",
    "locID": "LOC000013816973",
    "tech": "FTTC",
    "upgrade": "FTTP_NA",
    "gnaf_pid": "GAWA_163047623",
    "ee": true,
    "tech_change_status": "MDU Complex Eligible To Apply"
   }
  },
  {
   "type": "Feature",
   "geometry": {
    "type": "Point",
    "coordinates": [
     115.85658633,
     -31.94691006
    ]
   },
   "properties": {
    "name": "UNIT 9, 103-105 FRANCIS STREET NORTHBRIDGE 6003",
    "locID": "LOC000010395330",
    "tech": "FTTB",
    "upgrade": "NULL_NA",
    "gnaf_pid": "GAWA_163047624",
    "ee": true
   }
  },
  {
   "type": "Feature",
   "geometry": {
    "type": "Point",
    "coordinates": [
     115.85761477,
     -31.94862085
    ]
   },
   "properties": {
    "name": "SUITE 11, FLOOR 1, 109 JAMES STREET NORTHBRIDGE 6003",
    "locID": "LOC000179000129",
    "tech": "FTTB",
    "upgrade": "NULL_NA",
    "gnaf_pid": "GAWA_163048743",
    "ee": true
   }
  },
  {
   "type": "Feature",
   "geometry": {
    "type": "Point",
    "coordinates": [
     115.85761477,
     -31.94862085
    ]
   },
   "properties": {
    "name": "SUITE 12, FLOOR 1, 109 JAMES STREET NORTHBRIDGE 6003",
    "locID": "LOC000179000129",
    "tech": "FTTB",
    "upgrade": "NULL_NA",
    "gnaf_pid": "GAWA_163048744",
    "ee": true
   }
  },
  {
   "type": "Feature",
   "geometry": {
    "type": "Point",
    "coordinates": [
     115.85761477,
     -31.94862085
    ]
   },
   "properties": {
    "name": "SUITE 13, FLOOR 1, 109 JAMES STREET NORTHBRIDGE 6003",
    "locID": "LOC000179000129",
    "tech": "FTTB",
    "upgrade": "NULL_NA",
    "gnaf_pid": "GAWA_163048745",
    "ee": true
   }
  },
  {
   "type": "Feature",
   "geometry": {
    "type": "Point",
    "coordinates": [
     115.85761477,
     -31.94862085
    ]
   },
   "properties": {
    "name": "SHOP 7A, 109 JAMES STREET NORTHBRIDGE 6003",
    "locID": "LOC000179000129",
    "tech": "FTTB",
    "upgrade": "NULL_NA",
    "gnaf_pid": "GAWA_163048746",
    "ee": true
   }
  },
  {
   "type": "Feature",
   "geometry": {
    "type": "Point",
    "coordinates": [
     115.85761477,
     -31.94862085
    ]
   },
   "properties": {
    "name": "SUITE 8, FLOOR 1, 109 JAMES STREET NORTHBRIDGE 6003",
    "locID": "LOC000179000129",
    "tech": "FTTB",
    "upgrade": "NULL_NA",
    "gnaf_pid": "GAWA_163048747",
    "ee": true
   }
  },
  {
   "type": "Feature",
   "geometry": {
    "type": "Point",
    "coordinates": [
     115.85761477,
     -31.94862085
    ]
   },
   "properties": {
    "name": "SUITE 9, FLOOR 1, 109 JAMES STREET NORTHBRIDGE 6003",
    "locID": "LOC000179000129",
    "tech": "FTTB",
    "upgrade": "NULL_NA",
    "gnaf_pid": "GAWA_163048748",
    "ee": true
   }
  },
  {
   "type": "Feature",
   "geometry": {
    "type": "Point",
    "coordinates": [
     115.85761477,
     -31.94862085
    ]
   },
   "properties": {
    "name": "UNIT 6A, 109 JAMES STREET NORTHBRIDGE 6003",
    "locID": "LOC000179000129",
    "tech": "FTTB",
    "upgrade": "NULL_NA",
    "gnaf_pid": "GAWA_163054082",
    "ee": true
   }
  },
  {
   "type": "Feature",
   "geometry": {
    "type": "Point",
    "coordinates": [
     115.85761477,
     -31.94862085
    ]
   },
   "properties": {
    "name": "UNIT 6B, 109 JAMES STREET NORTHBRIDGE 6003",
    "locID": "LOC000179000129",
    "tech": "FTTB",
    "upgrade": "NULL_NA",
    "gnaf_pid": "GAWA_163054083",
    "ee": true
   }
  },
  {
   "type": "Feature",
   "geometry": {
    "type": "Point",
    "coordinates": [
     115.85761477,
     -31.94862085
    ]
   },
   "properties": {
    "name": "UNIT 7B, 109 JAMES STREET NORTHBRIDGE 6003",
    "locID": "LOC000179000129",
    "tech": "FTTB",
    "upgrade": "NULL_NA",
    "gnaf_pid": "GAWA_163054084",
    "ee": true
   }
  },
  {
   "type": "Feature",
   "geometry": {
    "type": "Point",
    "coordinates": [
     115.85658633,
     -31.94691006
    ]
   },
   "properties": {
    "name": "103-105 FRANCIS STREET NORTHBRIDGE 6003",
    "locID": "LOC100044367723",
    "tech": "FTTB",
    "upgrade": "NULL_NA",
    "gnaf_pid": "GAWA_163054721",
    "ee": true
   }
  },
  {
   "type": "Feature",
   "geometry": {
    "type": "Point",
    "coordinates": [
     115.85950401,
     -31.94760597
    ]
   },
   "properties": {
    "name": "44 FRANCIS STREET NORTHBRIDGE 6003",
    "locID": "LOC000132025253",
    "tech": "FTTC",
    "upgrade": "NULL_NA",
    "gnaf_pid": "GAWA_163078258",
    "ee": true
   }
  },
  {
   "type": "Feature",
   "geometry": {
    "type": "Point",
    "coordinates": [
     115.85168574,
     -31.94592893
    ]
   },
   "properties": {
    "name": "275-287 JAMES STREET NORTHBRIDGE 6003",
    "locID": "LOC000132025125",
    "tech": "FTTC",
    "upgrade": "NULL_NA",
    "gnaf_pid": "GAWA_163080168",
    "ee": true
   }
  },
  {
   "type": "Feature",
   "geometry": {
    "type": "Point",
    "coordinates": [
     115.86009898,
     -31.9464263
    ]
   },
   "properties": {
    "name": "1 VIA TORRE NORTHBRIDGE 6003",
    "locID": "LOC100044414779",
    "tech": "FTTB",
    "upgrade": "NULL_NA",
    "gnaf_pid": "GAWA_163088390",
    "ee": true
   }
  },
  {
   "type": "Feature",
   "geometry": {
    "type": "Point",
    "coordinates": [
     115.86009898,
     -31.9464263
    ]
   },
   "properties": {
    "name": "UNIT 21, 7 ERRICHETTI PLACE NORTHBRIDGE 6003",
    "locID": "LOC000068147693",
    "tech": "FTTB",
    "upgrade": "NULL_NA",
    "gnaf_pid": "GAWA_163092612",
    "ee": true
   }
  },
  {
   "type": "Feature",
   "geometry": {
    "type": "Point",
    "coordinates": [
     115.86009898,
     -31.9464263
    ]
   },
   "properties": {
    "name": "UNIT 22, 7 ERRICHETTI PLACE NORTHBRIDGE 6003",
    "locID": "LOC000068142479",
    "tech": "FTTB",
    "upgrade": "NULL_NA",
    "gnaf_pid": "GAWA_163092613",
    "ee": true
   }
  },
  {
   "type": "Feature",
   "geometry": {
    "type": "Point",
    "coordinates": [
     115.86009898,
     -31.9464263
    ]
   },
   "properties": {
    "name": "UNIT 23, 7 ERRICHETTI PLACE NORTHBRIDGE 6003",
    "locID": "LOC000068133556",
    "tech": "FTTB",
    "upgrade": "NULL_NA",
    "gnaf_pid": "GAWA_163092614",
    "ee": true
   }
  },
  {
   "type": "Feature",
   "geometry": {
    "type": "Point",
    "coordinates": [
     115.86009898,
     -31.9464263
    ]
   },
   "properties": {
    "name": "UNIT 24, 7 ERRICHETTI PLACE NORTHBRIDGE 6003",
    "locID": "LOC000068323638",
    "tech": "FTTB",
    "upgrade": "NULL_NA",
    "gnaf_pid": "GAWA_163092615",
    "ee": true
   }
  },
  {
   "type": "Feature",
   "geometry": {
    "type": "Point",
    "coordinates": [
     115.86009898,
     -31.9464263
    ]
   },
   "properties": {
    "name": "UNIT 25, 7 ERRICHETTI PLACE NORTHBRIDGE 6003",
    "locID": "LOC000068012467",
    "tech": "FTTB",
    "upgrade": "NULL_NA",
    "gnaf_pid": "GAWA_163092616",
    "ee": true
   }
  },
  {
   "type": "Feature",
   "geometry": {
    "type": "Point",
    "coordinates": [
     115.86009898,
     -31.9464263
    ]
   },
   "properties": {
    "name": "UNIT 26, 7 ERRICHETTI PLACE NORTHBRIDGE 6003",
    "locID": "LOC000068042412",
    "tech": "FTTB",
    "upgrade": "NULL_NA",
    "gnaf_pid": "GAWA_163092617",
    "ee": true
   }
  },
  {
   "type": "Feature",
   "geometry": {
    "type": "Point",
    "coordinates": [
     115.86009898,
     -31.9464263
    ]
   },
   "properties": {
    "name": "UNIT 27, 7 ERRICHETTI PLACE NORTHBRIDGE 6003",
    "locID": "LOC000068293549",
    "tech": "FTTB",
    "upgrade": "NULL_NA",
    "gnaf_pid": "GAWA_163092618",
    "ee": true
   }
  },
  {
   "type": "Feature",
   "geometry": {
    "type": "Point",
    "coordinates": [
     115.86009898,
     -31.9464263
    ]
   },
   "properties": {
    "name": "UNIT 28, 7 ERRICHETTI PLACE NORTHBRIDGE 6003",
    "locID": "LOC000068233263",
    "tech": "FTTB",
    "upgrade": "NULL_NA",
    "gnaf_pid": "GAWA_163092619",
    "ee": true
   }
  },
  {
   "type": "Feature",
   "geometry": {
    "type": "Point",
    "coordinates": [
     115.86009898,
     -31.9464263
    ]
   },
   "properties": {
    "name": "UNIT 29, 7 ERRICHETTI PLACE NORTHBRIDGE 6003",
    "locID": "LOC000068029408",
    "tech": "FTTB",
    "upgrade": "NULL_NA",
    "gnaf_pid": "GAWA_163092620",
    "ee": true
   }
  },
  {
   "type": "Feature",
   "geometry": {
    "type": "Point",
    "coordinates": [
     115.86009898,
     -31.9464263
    ]
   },
   "properties": {
    "name": "UNIT 30, 7 ERRICHETTI PLACE NORTHBRIDGE 6003",
    "locID": "LOC000068588858",
    "tech": "FTTB",
    "upgrade": "NULL_NA",
    "gnaf_pid": "GAWA_163092621",
    "ee": true
   }
  },
  {
   "type": "Feature",
   "geometry": {
    "type": "Point",
    "coordinates": [
     115.86009898,
     -31.9464263
    ]
   },
   "properties": {
    "name": "UNIT 31, 7 ERRICHETTI PLACE NORTHBRIDGE 6003",
    "locID": "LOC000068558659",
    "tech": "FTTB",
    "upgrade": "NULL_NA",
    "gnaf_pid": "GAWA_163092622",
    "ee": true
   }
  },
  {
   "type": "Feature",
   "geometry": {
    "type": "Point",
    "coordinates": [
     115.86009898,
     -31.9464263
    ]
   },
   "properties": {
    "name": "UNIT 32, 7 ERRICHETTI PLACE NORTHBRIDGE 6003",
    "locID": "LOC000068337204",
    "tech": "FTTB",
    "upgrade": "NULL_NA",
    "gnaf_pid": "GAWA_163092623",
    "ee": true
   }
  },
  {
   "type": "Feature",
   "geometry": {
    "type": "Point",
    "coordinates": [
     115.86009898,
     -31.9464263
    ]
   },
   "properties": {
    "name": "UNIT 33, 7 ERRICHETTI PLACE NORTHBRIDGE 6003",
    "locID": "LOC000068162346",
    "tech": "FTTB",
    "upgrade": "NULL_NA",
    "gnaf_pid": "GAWA_163092624",
    "ee": true
   }
  },
  {
   "type": "Feature",
   "geometry": {
    "type": "Point",
    "coordinates": [
     115.86009898,
     -31.9464263
    ]
   },
   "properties": {
    "name": "UNIT 34, 7 ERRICHETTI PLACE NORTHBRIDGE 6003",
    "locID": "LOC000068333550",
    "tech": "FTTB",
    "upgrade": "NULL_NA",
    "gnaf_pid": "GAWA_163092625",
    "ee": true
   }
  },
  {
   "type": "Feature",
   "geometry": {
    "type": "Point",
    "coordinates": [
     115.86009898,
     -31.9464263
    ]
   },
   "properties": {
    "name": "UNIT 35, 7 ERRICHETTI PLACE NORTHBRIDGE 6003",
    "locID": "LOC000067874586",
    "tech": "FTTB",
    "upgrade": "NULL_NA",
    "gnaf_pid": "GAWA_163092626",
    "ee": true
   }
  },
  {
   "type": "Feature",
   "geometry": {
    "type": "Point",
    "coordinates": [
     115.86009898,
     -31.9464263
    ]
   },
   "properties": {
    "name": "UNIT 36, 7 ERRICHETTI PLACE NORTHBRIDGE 6003",
    "locID": "LOC000068284357",
    "tech": "FTTB",
    "upgrade": "NULL_NA",
    "gnaf_pid": "GAWA_163092627",
    "ee": true
   }
  },
  {
   "type": "Feature",
   "geometry": {
    "type": "Point",
    "coordinates": [
     115.86009898,
     -31.9464263
    ]
   },
   "properties": {
    "name": "UNIT 37, 7 ERRICHETTI PLACE NORTHBRIDGE 6003",
    "locID": "LOC000068542730",
    "tech": "FTTB",
    "upgrade": "NULL_NA",
    "gnaf_pid": "GAWA_163092628",
    "ee": true
   }
  },
  {
   "type": "Feature",
   "geometry": {
    "type": "Point",
    "coordinates": [
     115.86009898,
     -31.9464263
    ]
   },
   "properties": {
    "name": "UNIT 38, 7 ERRICHETTI PLACE NORTHBRIDGE 6003",
    "locID": "LOC000067842762",
    "tech": "FTTB",
    "upgrade": "NULL_NA",
    "gnaf_pid": "GAWA_163092629",
    "ee": true
   }
  },
  {
   "type": "Feature",
   "geometry": {
    "type": "Point",
    "coordinates": [
     115.86009898,
     -31.9464263
    ]
   },
   "properties": {
    "name": "UNIT 39, 7 ERRICHETTI PLACE NORTHBRIDGE 6003",
    "locID": "LOC000068411216",
    "tech": "FTTB",
    "upgrade": "NULL_NA",
    "gnaf_pid": "GAWA_163092630",
    "ee": true
   }
  },
  {
   "type": "Feature",
   "geometry": {
    "type": "Point",
    "coordinates": [
     115.85761477,
     -31.94862085
    ]
   },
   "properties": {
    "name": "SUITE 10, LEVEL 1, 109 JAMES STREET NORTHBRIDGE 6003",
    "locID": "LOC000179000129",
    "tech": "FTTB",
    "upgrade": "NULL_NA",
    "gnaf_pid": "GAWA_163093394",
    "ee": true
   }
  },
  {
   "type": "Feature",
   "geometry": {
    "type": "Point",
    "coordinates": [
     115.85761477,
     -31.94862085
    ]
   },
   "properties": {
    "name": "SUITE 14, LEVEL 1, 109 JAMES STREET NORTHBRIDGE 6003",
    "locID": "LOC000179000129",
    "tech": "FTTB",
    "upgrade": "NULL_NA",
    "gnaf_pid": "GAWA_163093395",
    "ee": true
   }
  },
  {
   "type": "Feature",
   "geometry": {
    "type": "Point",
    "coordinates": [
     115.86009898,
     -31.9464263
    ]
   },
   "properties": {
    "name": "UNIT 10, 1 VIA TORRE NORTHBRIDGE 6003",
    "locID": "LOC000024473318",
    "tech": "FTTB",
    "upgrade": "NULL_NA",
    "gnaf_pid": "GAWA_163095460",
    "ee": true
   }
  },
  {
   "type": "Feature",
   "geometry": {
    "type": "Point",
    "coordinates": [
     115.86009898,
     -31.9464263
    ]
   },
   "properties": {
    "name": "UNIT 11, 1 VIA TORRE NORTHBRIDGE 6003",
    "locID": "LOC000024804034",
    "tech": "FTTB",
    "upgrade": "NULL_NA",
    "gnaf_pid": "GAWA_163095461",
    "ee": true
   }
  },
  {
   "type": "Feature",
   "geometry": {
    "type": "Point",
    "coordinates": [
     115.86009898,
     -31.9464263
    ]
   },
   "properties": {
    "name": "UNIT 12, 1 VIA TORRE NORTHBRIDGE 6003",
    "locID": "LOC000024796405",
    "tech": "FTTB",
    "upgrade": "NULL_NA",
    "gnaf_pid": "GAWA_163095462",
    "ee": true
   }
  },
  {
   "type": "Feature",
   "geometry": {
    "type": "Point",
    "coordinates": [
     115.86009898,
     -31.9464263
    ]
   },
   "properties": {
    "name": "UNIT 13, 1 VIA TORRE NORTHBRIDGE 6003",
    "locID": "LOC000024541500",
    "tech": "FTTB",
    "upgrade": "NULL_NA",
    "gnaf_pid": "GAWA_163095463",
    "ee": true
   }
  },
  {
   "type": "Feature",
   "geometry": {
    "type": "Point",
    "coordinates": [
     115.86009898,
     -31.9464263
    ]
   },
   "properties": {
    "name": "UNIT 14, 1 VIA TORRE NORTHBRIDGE 6003",
    "locID": "LOC000024651408",
    "tech": "FTTB",
    "upgrade": "NULL_NA",
    "gnaf_pid": "GAWA_163095464",
    "ee": true
   }
  },
  {
   "type": "Feature",
   "geometry": {
    "type": "Point",
    "coordinates": [
     115.86009898,
     -31.9464263
    ]
   },
   "properties": {
    "name": "UNIT 15, 1 VIA TORRE NORTHBRIDGE 6003",
    "locID": "LOC000024718858",
    "tech": "FTTB",
    "upgrade": "NULL_NA",
    "gnaf_pid": "GAWA_163095465",
    "ee": true
   }
  },
  {
   "type": "Feature",
   "geometry": {
    "type": "Point",
    "coordinates": [
     115.86009898,
     -31.9464263
    ]
   },
   "properties": {
    "name": "UNIT 16, 1 VIA TORRE NORTHBRIDGE 6003",
    "locID": "LOC000024755634",
    "tech": "FTTB",
    "upgrade": "NULL_NA",
    "gnaf_pid": "GAWA_163095466",
    "ee": true
   }
  },
  {
   "type": "Feature",
   "geometry": {
    "type": "Point",
    "coordinates": [
     115.86009898,
     -31.9464263
    ]
   },
   "properties": {
    "name": "UNIT 17, 1 VIA TORRE NORTHBRIDGE 6003",
    "locID": "LOC100044414779",
    "tech": "FTTB",
    "upgrade": "NULL_NA",
    "gnaf_pid": "GAWA_163095467",
    "ee": true
   }
  },
  {
   "type": "Feature",
   "geometry": {
    "type": "Point",
    "coordinates": [
     115.86009898,
     -31.9464263
    ]
   },
   "properties": {
    "name": "UNIT 18, 1 VIA TORRE NORTHBRIDGE 6003",
    "locID": "LOC000024477728",
    "tech": "FTTB",
    "upgrade": "NULL_NA",
    "gnaf_pid": "GAWA_163095468",
    "ee": true
   }
  },
  {
   "type": "Feature",
   "geometry": {
    "type": "Point",
    "coordinates": [
     115.86009898,
     -31.9464263
    ]
   },
   "properties": {
    "name": "UNIT 19, 1 VIA TORRE NORTHBRIDGE 6003",
    "locID": "LOC000024453896",
    "tech": "FTTB",
    "upgrade": "NULL_NA",
    "gnaf_pid": "GAWA_163095469",
    "ee": true
   }
  },
  {
   "type": "Feature",
   "geometry": {
    "type": "Point",
    "coordinates": [
     115.86009898,
     -31.9464263
    ]
   },
   "properties": {
    "name": "UNIT 1, 1 VIA TORRE NORTHBRIDGE 6003",
    "locID": "LOC000024535918",
    "tech": "FTTB",
    "upgrade": "NULL_NA",
    "gnaf_pid": "GAWA_163095470",
    "ee": true
   }
  },
  {
   "type": "Feature",
   "geometry": {
    "type": "Point",
    "coordinates": [
     115.86009898,
     -31.9464263
    ]
   },
   "properties": {
    "name": "UNIT 20, 1 VIA TORRE NORTHBRIDGE 6003",
    "locID": "LOC000024547708",
    "tech": "FTTB",
    "upgrade": "NULL_NA",
    "gnaf_pid": "GAWA_163095471",
    "ee": true
   }
  },
  {
   "type": "Feature",
   "geometry": {
    "type": "Point",
    "coordinates": [
     115.86009898,
     -31.9464263
    ]
   },
   "properties": {
    "name": "UNIT 2, 1 VIA TORRE NORTHBRIDGE 6003",
    "locID": "LOC000024547708",
    "tech": "FTTB",
    "upgrade": "NULL_NA",
    "gnaf_pid": "GAWA_163095472",
    "ee": true
   }
  },
  {
   "type": "Feature",
   "geometry": {
    "type": "Point",
    "coordinates": [
     115.86009898,
     -31.9464263
    ]
   },
   "properties": {
    "name": "UNIT 3, 1 VIA TORRE NORTHBRIDGE 6003",
    "locID": "LOC000024551924",
    "tech": "FTTB",
    "upgrade": "NULL_NA",
    "gnaf_pid": "GAWA_163095473",
    "ee": true
   }
  },
  {
   "type": "Feature",
   "geometry": {
    "type": "Point",
    "coordinates": [
     115.86009898,
     -31.9464263
    ]
   },
   "properties": {
    "name": "UNIT 4, 1 VIA TORRE NORTHBRIDGE 6003",
    "locID": "LOC000024554987",
    "tech": "FTTB",
    "upgrade": "NULL_NA",
    "gnaf_pid": "GAWA_163095474",
    "ee": true
   }
  },
  {
   "type": "Feature",
   "geometry": {
    "type": "Point",
    "coordinates": [
     115.86009898,
     -31.9464263
    ]
   },
   "properties": {
    "name": "UNIT 5, 1 VIA TORRE NORTHBRIDGE 6003",
    "locID": "LOC000024563970",
    "tech": "FTTB",
    "upgrade": "NULL_NA",
    "gnaf_pid": "GAWA_163095475",
    "ee": true
   }
  },
  {
   "type": "Feature",
   "geometry": {
    "type": "Point",
    "coordinates": [
     115.86009898,
     -31.9464263
    ]
   },
   "properties": {
    "name": "UNIT 6, 1 VIA TORRE NORTHBRIDGE 6003",
    "locID": "LOC000024535918",
    "tech": "FTTB",
    "upgrade": "NULL_NA",
    "gnaf_pid": "GAWA_163095476",
    "ee": true
   }
  },
  {
   "type": "Feature",
   "geometry": {
    "type": "Point",
    "coordinates": [
     115.86009898,
     -31.9464263
    ]
   },
   "properties": {
    "name": "UNIT 7, 1 VIA TORRE NORTHBRIDGE 6003",
    "locID": "LOC000024570700",
    "tech": "FTTB",
    "upgrade": "NULL_NA",
    "gnaf_pid": "GAWA_163095477",
    "ee": true
   }
  },
  {
   "type": "Feature",
   "geometry": {
    "type": "Point",
    "coordinates": [
     115.86009898,
     -31.9464263
    ]
   },
   "properties": {
    "name": "UNIT 8, 1 VIA TORRE NORTHBRIDGE 6003",
    "locID": "LOC000024453808",
    "tech": "FTTB",
    "upgrade": "NULL_NA",
    "gnaf_pid": "GAWA_163095478",
    "ee": true
   }
  },
  {
   "type": "Feature",
   "geometry": {
    "type": "Point",
    "coordinates": [
     115.86009898,
     -31.9464263
    ]
   },
   "properties": {
    "name": "UNIT 9, 1 VIA TORRE NORTHBRIDGE 6003",
    "locID": "LOC000024501049",
    "tech": "FTTB",
    "upgrade": "NULL_NA",
    "gnaf_pid": "GAWA_163095479",
    "ee": true
   }
  },
  {
   "type": "Feature",
   "geometry": {
    "type": "Point",
    "coordinates": [
     115.85318917,
     -31.94284848
    ]
   },
   "properties": {
    "name": "UNIT 100, 403 NEWCASTLE STREET NORTHBRIDGE 6003",
    "locID": "LOC100044367396",
    "tech": "FTTB",
    "upgrade": "NULL_NA",
    "gnaf_pid": "GAWA_163153557",
    "ee": true
   }
  },
  {
   "type": "Feature",
   "geometry": {
    "type": "Point",
    "coordinates": [
     115.85318917,
     -31.94284848
    ]
   },
   "properties": {
    "name": "UNIT 101, 403 NEWCASTLE STREET NORTHBRIDGE 6003",
    "locID": "LOC000010495914",
    "tech": "FTTB",
    "upgrade": "NULL_NA",
    "gnaf_pid": "GAWA_163153558",
    "ee": true
   }
  },
  {
   "type": "Feature",
   "geometry": {
    "type": "Point",
    "coordinates": [
     115.85318917,
     -31.94284848
    ]
   },
   "properties": {
    "name": "UNIT 102, 403 NEWCASTLE STREET NORTHBRIDGE 6003",
    "locID": "LOC000010600413",
    "tech": "FTTB",
    "upgrade": "NULL_NA",
    "gnaf_pid": "GAWA_163153559",
    "ee": true
   }
  },
  {
   "type": "Feature",
   "geometry": {
    "type": "Point",
    "coordinates": [
     115.85318917,
     -31.94284848
    ]
   },
   "properties": {
    "name": "UNIT 103, 403 NEWCASTLE STREET NORTHBRIDGE 6003",
    "locID": "LOC000010361491",
    "tech": "FTTB",
    "upgrade": "NULL_NA",
    "gnaf_pid": "GAWA_163153560",
    "ee": true
   }
  },
  {
   "type": "Feature",
   "geometry": {
    "type": "Point",
    "coordinates": [
     115.85318917,
     -31.94284848
    ]
   },
   "properties": {
    "name": "UNIT 104, 403 NEWCASTLE STREET NORTHBRIDGE 6003",
    "locID": "LOC000010436320",
    "tech": "FTTB",
    "upgrade": "NULL_NA",
    "gnaf_pid": "GAWA_163153561",
    "ee": true
   }
  },
  {
   "type": "Feature",
   "geometry": {
    "type": "Point",
    "coordinates": [
     115.85318917,
     -31.94284848
    ]
   },
   "properties": {
    "name": "UNIT 105, 403 NEWCASTLE STREET NORTHBRIDGE 6003",
    "locID": "LOC000010654842",
    "tech": "FTTB",
    "upgrade": "NULL_NA",
    "gnaf_pid": "GAWA_163153562",
    "ee": true
   }
  },
  {
   "type": "Feature",
   "geometry": {
    "type": "Point",
    "coordinates": [
     115.85318917,
     -31.94284848
    ]
   },
   "properties": {
    "name": "UNIT 106, 403 NEWCASTLE STREET NORTHBRIDGE 6003",
    "locID": "LOC000010473708",
    "tech": "FTTB",
    "upgrade": "NULL_NA",
    "gnaf_pid": "GAWA_163153563",
    "ee": true
   }
  },
  {
   "type": "Feature",
   "geometry": {
    "type": "Point",
    "coordinates": [
     115.85318917,
     -31.94284848
    ]
   },
   "properties": {
    "name": "UNIT 107, 403 NEWCASTLE STREET NORTHBRIDGE 6003",
    "locID": "LOC000010414922",
    "tech": "FTTB",
    "upgrade": "NULL_NA",
    "gnaf_pid": "GAWA_163153564",
    "ee": true
   }
  },
  {
   "type": "Feature",
   "geometry": {
    "type": "Point",
    "coordinates": [
     115.85318917,
     -31.94284848
    ]
   },
   "properties": {
    "name": "UNIT 108, 403 NEWCASTLE STREET NORTHBRIDGE 6003",
    "locID": "LOC000010737010",
    "tech": "FTTB",
    "upgrade": "NULL_NA",
    "gnaf_pid": "GAWA_163153565",
    "ee": true
   }
  },
  {
   "type": "Feature",
   "geometry": {
    "type": "Point",
    "coordinates": [
     115.85318917,
     -31.94284848
    ]
   },
   "properties": {
    "name": "UNIT 109, 403 NEWCASTLE STREET NORTHBRIDGE 6003",
    "locID": "LOC000010437167",
    "tech": "FTTB",
    "upgrade": "NULL_NA",
    "gnaf_pid": "GAWA_163153566",
    "ee": true
   }
  },
  {
   "type": "Feature",
   "geometry": {
    "type": "Point",
    "coordinates": [
     115.85318917,
     -31.94284848
    ]
   },
   "properties": {
    "name": "UNIT 110, 403 NEWCASTLE STREET NORTHBRIDGE 6003",
    "locID": "LOC000010672602",
    "tech": "FTTB",
    "upgrade": "NULL_NA",
    "gnaf_pid": "GAWA_163153567",
    "ee": true
   }
  },
  {
   "type": "Feature",
   "geometry": {
    "type": "Point",
    "coordinates": [
     115.85318917,
     -31.94284848
    ]
   },
   "properties": {
    "name": "UNIT 201, 403 NEWCASTLE STREET NORTHBRIDGE 6003",
    "locID": "LOC000010533524",
    "tech": "FTTB",
    "upgrade": "NULL_NA",
    "gnaf_pid": "GAWA_163153568",
    "ee": true
   }
  },
  {
   "type": "Feature",
   "geometry": {
    "type": "Point",
    "coordinates": [
     115.85318917,
     -31.94284848
    ]
   },
   "properties": {
    "name": "UNIT 202, 403 NEWCASTLE STREET NORTHBRIDGE 6003",
    "locID": "LOC000010736751",
    "tech": "FTTB",
    "upgrade": "NULL_NA",
    "gnaf_pid": "GAWA_163153569",
    "ee": true
   }
  },
  {
   "type": "Feature",
   "geometry": {
    "type": "Point",
    "coordinates": [
     115.85318917,
     -31.94284848
    ]
   },
   "properties": {
    "name": "UNIT 203, 403 NEWCASTLE STREET NORTHBRIDGE 6003",
    "locID": "LOC000010412751",
    "tech": "FTTB",
    "upgrade": "NULL_NA",
    "gnaf_pid": "GAWA_163153570",
    "ee": true
   }
  },
  {
   "type": "Feature",
   "geometry": {
    "type": "Point",
    "coordinates": [
     115.85318917,
     -31.94284848
    ]
   },
   "properties": {
    "name": "UNIT 204, 403 NEWCASTLE STREET NORTHBRIDGE 6003",
    "locID": "LOC000010595995",
    "tech": "FTTB",
    "upgrade": "NULL_NA",
    "gnaf_pid": "GAWA_163153571",
    "ee": true
   }
  },
  {
   "type": "Feature",
   "geometry": {
    "type": "Point",
    "coordinates": [
     115.85318917,
     -31.94284848
    ]
   },
   "properties": {
    "name": "UNIT 205, 403 NEWCASTLE STREET NORTHBRIDGE 6003",
    "locID": "LOC000010436907",
    "tech": "FTTB",
    "upgrade": "NULL_NA",
    "gnaf_pid": "GAWA_163153572",
    "ee": true
   }
  },
  {
   "type": "Feature",
   "geometry": {
    "type": "Point",
    "coordinates": [
     115.85318917,
     -31.94284848
    ]
   },
   "properties": {
    "name": "UNIT 206, 403 NEWCASTLE STREET NORTHBRIDGE 6003",
    "locID": "LOC000010445191",
    "tech": "FTTB",
    "upgrade": "NULL_NA",
    "gnaf_pid": "GAWA_163153573",
    "ee": true
   }
  },
  {
   "type": "Feature",
   "geometry": {
    "type": "Point",
    "coordinates": [
     115.85318917,
     -31.94284848
    ]
   },
   "properties": {
    "name": "UNIT 207, 403 NEWCASTLE STREET NORTHBRIDGE 6003",
    "locID": "LOC000010496501",
    "tech": "FTTB",
    "upgrade": "NULL_NA",
    "gnaf_pid": "GAWA_163153574",
    "ee": true
   }
  },
  {
   "type": "Feature",
   "geometry": {
    "type": "Point",
    "coordinates": [
     115.85318917,
     -31.94284848
    ]
   },
   "properties": {
    "name": "UNIT 208, 403 NEWCASTLE STREET NORTHBRIDGE 6003",
    "locID": "LOC000010475727",
    "tech": "FTTB",
    "upgrade": "NULL_NA",
    "gnaf_pid": "GAWA_163153575",
    "ee": true
   }
  },
  {
   "type": "Feature",
   "geometry": {
    "type": "Point",
    "coordinates": [
     115.85318917,
     -31.94284848
    ]
   },
   "properties": {
    "name": "UNIT 209, 403 NEWCASTLE STREET NORTHBRIDGE 6003",
    "locID": "LOC000010497434",
    "tech": "FTTB",
    "upgrade": "NULL_NA",
    "gnaf_pid": "GAWA_163153576",
    "ee": true
   }
  },
  {
   "type": "Feature",
   "geometry": {
    "type": "Point",
    "coordinates": [
     115.85318917,
     -31.94284848
    ]
   },
   "properties": {
    "name": "UNIT 210, 403 NEWCASTLE STREET NORTHBRIDGE 6003",
    "locID": "LOC000010404827",
    "tech": "FTTB",
    "upgrade": "NULL_NA",
    "gnaf_pid": "GAWA_163153577",
    "ee": true
   }
  },
  {
   "type": "Feature",
   "geometry": {
    "type": "Point",
    "coordinates": [
     115.85318917,
     -31.94284848
    ]
   },
   "properties": {
    "name": "UNIT 211, 403 NEWCASTLE STREET NORTHBRIDGE 6003",
    "locID": "LOC000010588200",
    "tech": "FTTB",
    "upgrade": "NULL_NA",
    "gnaf_pid": "GAWA_163153578",
    "ee": true
   }
  },
  {
   "type": "Feature",
   "geometry": {
    "type": "Point",
    "coordinates": [
     115.85318917,
     -31.94284848
    ]
   },
   "properties": {
    "name": "UNIT 212, 403 NEWCASTLE STREET NORTHBRIDGE 6003",
    "locID": "LOC000010381490",
    "tech": "FTTB",
    "upgrade": "NULL_NA",
    "gnaf_pid": "GAWA_163153579",
    "ee": true
   }
  },
  {
   "type": "Feature",
   "geometry": {
    "type": "Point",
    "coordinates": [
     115.85318917,
     -31.94284848
    ]
   },
   "properties": {
    "name": "UNIT 301, 403 NEWCASTLE STREET NORTHBRIDGE 6003",
    "locID": "LOC000010627178",
    "tech": "FTTB",
    "upgrade": "NULL_NA",
    "gnaf_pid": "GAWA_163153580",
    "ee": true
   }
  },
  {
   "type": "Feature",
   "geometry": {
    "type": "Point",
    "coordinates": [
     115.85318917,
     -31.94284848
    ]
   },
   "properties": {
    "name": "UNIT 302, 403 NEWCASTLE STREET NORTHBRIDGE 6003",
    "locID": "LOC000010389365",
    "tech": "FTTB",
    "upgrade": "NULL_NA",
    "gnaf_pid": "GAWA_163153581",
    "ee": true
   }
  },
  {
   "type": "Feature",
   "geometry": {
    "type": "Point",
    "coordinates": [
     115.85318917,
     -31.94284848
    ]
   },
   "properties": {
    "name": "UNIT 303, 403 NEWCASTLE STREET NORTHBRIDGE 6003",
    "locID": "LOC000010436953",
    "tech": "FTTB",
    "upgrade": "NULL_NA",
    "gnaf_pid": "GAWA_163153582",
    "ee": true
   }
  },
  {
   "type": "Feature",
   "geometry": {
    "type": "Point",
    "coordinates": [
     115.85318917,
     -31.94284848
    ]
   },
   "properties": {
    "name": "UNIT 304, 403 NEWCASTLE STREET NORTHBRIDGE 6003",
    "locID": "LOC000010420572",
    "tech": "FTTB",
    "upgrade": "NULL_NA",
    "gnaf_pid": "GAWA_163153583",
    "ee": true
   }
  },
  {
   "type": "Feature",
   "geometry": {
    "type": "Point",
    "coordinates": [
     115.85318917,
     -31.94284848
    ]
   },
   "properties": {
    "name": "UNIT 305, 403 NEWCASTLE STREET NORTHBRIDGE 6003",
    "locID": "LOC000010640458",
    "tech": "FTTB",
    "upgrade": "NULL_NA",
    "gnaf_pid": "GAWA_163153584",
    "ee": true
   }
  },
  {
   "type": "Feature",
   "geometry": {
    "type": "Point",
    "coordinates": [
     115.85318917,
     -31.94284848
    ]
   },
   "properties": {
    "name": "UNIT 306, 403 NEWCASTLE STREET NORTHBRIDGE 6003",
    "locID": "LOC000010630004",
    "tech": "FTTB",
    "upgrade": "NULL_NA",
    "gnaf_pid": "GAWA_163153585",
    "ee": true
   }
  },
  {
   "type": "Feature",
   "geometry": {
    "type": "Point",
    "coordinates": [
     115.85318917,
     -31.94284848
    ]
   },
   "properties": {
    "name": "UNIT 307, 403 NEWCASTLE STREET NORTHBRIDGE 6003",
    "locID": "LOC000010422576",
    "tech": "FTTB",
    "upgrade": "NULL_NA",
    "gnaf_pid": "GAWA_163153586",
    "ee": true
   }
  },
  {
   "type": "Feature",
   "geometry": {
    "type": "Point",
    "coordinates": [
     115.85318917,
     -31.94284848
    ]
   },
   "properties": {
    "name": "UNIT 308, 403 NEWCASTLE STREET NORTHBRIDGE 6003",
    "locID": "LOC000010679478",
    "tech": "FTTB",
    "upgrade": "NULL_NA",
    "gnaf_pid": "GAWA_163153587",
    "ee": true
   }
  },
  {
   "type": "Feature",
   "geometry": {
    "type": "Point",
    "coordinates": [
     115.85318917,
     -31.94284848
    ]
   },
   "properties": {
    "name": "UNIT 309, 403 NEWCASTLE STREET NORTHBRIDGE 6003",
    "locID": "LOC000010682437",
    "tech": "FTTB",
    "upgrade": "NULL_NA",
    "gnaf_pid": "GAWA_163153588",
    "ee": true
   }
  },
  {
   "type": "Feature",
   "geometry": {
    "type": "Point",
    "coordinates": [
     115.85318917,
     -31.94284848
    ]
   },
   "properties": {
    "name": "UNIT 310, 403 NEWCASTLE STREET NORTHBRIDGE 6003",
    "locID": "LOC000010399433",
    "tech": "FTTB",
    "upgrade": "NULL_NA",
    "gnaf_pid": "GAWA_163153589",
    "ee": true
   }
  },
  {
   "type": "Feature",
   "geometry": {
    "type": "Point",
    "coordinates": [
     115.85318917,
     -31.94284848
    ]
   },
   "properties": {
    "name": "UNIT 311, 403 NEWCASTLE STREET NORTHBRIDGE 6003",
    "locID": "LOC000010603596",
    "tech": "FTTB",
    "upgrade": "NULL_NA",
    "gnaf_pid": "GAWA_163153590",
    "ee": true
   }
  },
  {
   "type": "Feature",
   "geometry": {
    "type": "Point",
    "coordinates": [
     115.85318917,
     -31.94284848
    ]
   },
   "properties": {
    "name": "UNIT 312, 403 NEWCASTLE STREET NORTHBRIDGE 6003",
    "locID": "LOC000010377367",
    "tech": "FTTB",
    "upgrade": "NULL_NA",
    "gnaf_pid": "GAWA_163153591",
    "ee": true
   }
  },
  {
   "type": "Feature",
   "geometry": {
    "type": "Point",
    "coordinates": [
     115.85318917,
     -31.94284848
    ]
   },
   "properties": {
    "name": "UNIT 401, 403 NEWCASTLE STREET NORTHBRIDGE 6003",
    "locID": "LOC000010415367",
    "tech": "FTTB",
    "upgrade": "NULL_NA",
    "gnaf_pid": "GAWA_163153592",
    "ee": true
   }
  },
  {
   "type": "Feature",
   "geometry": {
    "type": "Point",
    "coordinates": [
     115.85318917,
     -31.94284848
    ]
   },
   "properties": {
    "name": "UNIT 402, 403 NEWCASTLE STREET NORTHBRIDGE 6003",
    "locID": "LOC000010693529",
    "tech": "FTTB",
    "upgrade": "NULL_NA",
    "gnaf_pid": "GAWA_163153593",
    "ee": true
   }
  },
  {
   "type": "Feature",
   "geometry": {
    "type": "Point",
    "coordinates": [
     115.85318917,
     -31.94284848
    ]
   },
   "properties": {
    "name": "UNIT 403, 403 NEWCASTLE STREET NORTHBRIDGE 6003",
    "locID": "LOC000010675310",
    "tech": "FTTB",
    "upgrade": "NULL_NA",
    "gnaf_pid": "GAWA_163153594",
    "ee": true
   }
  },
  {
   "type": "Feature",
   "geometry": {
    "type": "Point",
    "coordinates": [
     115.85318917,
     -31.94284848
    ]
   },
   "properties": {
    "name": "UNIT 404, 403 NEWCASTLE STREET NORTHBRIDGE 6003",
    "locID": "LOC000010403070",
    "tech": "FTTB",
    "upgrade": "NULL_NA",
    "gnaf_pid": "GAWA_163153595",
    "ee": true
   }
  },
  {
   "type": "Feature",
   "geometry": {
    "type": "Point",
    "coordinates": [
     115.85318917,
     -31.94284848
    ]
   },
   "properties": {
    "name": "UNIT 405, 403 NEWCASTLE STREET NORTHBRIDGE 6003",
    "locID": "LOC000010639589",
    "tech": "FTTB",
    "upgrade": "NULL_NA",
    "gnaf_pid": "GAWA_163153596",
    "ee": true
   }
  },
  {
   "type": "Feature",
   "geometry": {
    "type": "Point",
    "coordinates": [
     115.85318917,
     -31.94284848
    ]
   },
   "properties": {
    "name": "UNIT 406, 403 NEWCASTLE STREET NORTHBRIDGE 6003",
    "locID": "LOC000010604159",
    "tech": "FTTB",
    "upgrade": "NULL_NA",
    "gnaf_pid": "GAWA_163153597",
    "ee": true
   }
  },
  {
   "type": "Feature",
   "geometry": {
    "type": "Point",
    "coordinates": [
     115.85318917,
     -31.94284848
    ]
   },
   "properties": {
    "name": "UNIT 407, 403 NEWCASTLE STREET NORTHBRIDGE 6003",
    "locID": "LOC000010428200",
    "tech": "FTTB",
    "upgrade": "NULL_NA",
    "gnaf_pid": "GAWA_163153598",
    "ee": true
   }
  },
  {
   "type": "Feature",
   "geometry": {
    "type": "Point",
    "coordinates": [
     115.85318917,
     -31.94284848
    ]
   },
   "properties": {
    "name": "UNIT 408, 403 NEWCASTLE STREET NORTHBRIDGE 6003",
    "locID": "LOC000010450008",
    "tech": "FTTB",
    "upgrade": "NULL_NA",
    "gnaf_pid": "GAWA_163153599",
    "ee": true
   }
  },
  {
   "type": "Feature",
   "geometry": {
    "type": "Point",
    "coordinates": [
     115.85822737,
     -31.94513293
    ]
   },
   "properties": {
    "name": "UNIT 1, 105 LAKE STREET NORTHBRIDGE 6003",
    "locID": "LOC000069482690",
    "tech": "FTTC",
    "upgrade": "FTTP_NA",
    "gnaf_pid": "GAWA_163200340",
    "ee": true,
    "tech_change_status": "MDU Complex Eligible To Apply"
   }
  },
  {
   "type": "Feature",
   "geometry": {
    "type": "Point",
    "coordinates": [
     115.85482948,
     -31.94402992
    ]
   },
   "properties": {
    "name": "UNIT 10, 5 ANTONAS ROAD NORTHBRIDGE 6003",
    "locID": "LOC000103666596",
    "tech": "FTTB",
    "upgrade": "NULL_NA",
    "gnaf_pid": "GAWA_163237418",
    "ee": true
   }
  },
  {
   "type": "Feature",
   "geometry": {
    "type": "Point",
    "coordinates": [
     115.85482948,
     -31.94402992
    ]
   },
   "properties": {
    "name": "UNIT 11, 5 ANTONAS ROAD NORTHBRIDGE 6003",
    "locID": "LOC000103666596",
    "tech": "FTTB",
    "upgrade": "NULL_NA",
    "gnaf_pid": "GAWA_163237419",
    "ee": true
   }
  },
  {
   "type": "Feature",
   "geometry": {
    "type": "Point",
    "coordinates": [
     115.85482948,
     -31.94402992
    ]
   },
   "properties": {
    "name": "UNIT 12, 5 ANTONAS ROAD NORTHBRIDGE 6003",
    "locID": "LOC000103666596",
    "tech": "FTTB",
    "upgrade": "NULL_NA",
    "gnaf_pid": "GAWA_163237420",
    "ee": true
   }
  },
  {
   "type": "Feature",
   "geometry": {
    "type": "Point",
    "coordinates": [
     115.85482948,
     -31.94402992
    ]
   },
   "properties": {
    "name": "UNIT 13, 5 ANTONAS ROAD NORTHBRIDGE 6003",
    "locID": "LOC000103666596",
    "tech": "FTTB",
    "upgrade": "NULL_NA",
    "gnaf_pid": "GAWA_163237421",
    "ee": true
   }
  },
  {
   "type": "Feature",
   "geometry": {
    "type": "Point",
    "coordinates": [
     115.85482948,
     -31.94402992
    ]
   },
   "properties": {
    "name": "APARTMENT 14, 5 ANTONAS ROAD NORTHBRIDGE 6003",
    "locID": "LOC000103717555",
    "tech": "FTTB",
    "upgrade": "NULL_NA",
    "gnaf_pid": "GAWA_163237422",
    "ee": true
   }
  },
  {
   "type": "Feature",
   "geometry": {
    "type": "Point",
    "coordinates": [
     115.85482948,
     -31.94402992
    ]
   },
   "properties": {
    "name": "APARTMENT 15, 5 ANTONAS ROAD NORTHBRIDGE 6003",
    "locID": "LOC000103369991",
    "tech": "FTTB",
    "upgrade": "NULL_NA",
    "gnaf_pid": "GAWA_163237423",
    "ee": true
   }
  },
  {
   "type": "Feature",
   "geometry": {
    "type": "Point",
    "coordinates": [
     115.85482948,
     -31.94402992
    ]
   },
   "properties": {
    "name": "APARTMENT 16, 5 ANTONAS ROAD NORTHBRIDGE 6003",
    "locID": "LOC000103628960",
    "tech": "FTTB",
    "upgrade": "NULL_NA",
    "gnaf_pid": "GAWA_163237424",
    "ee": true
   }
  },
  {
   "type": "Feature",
   "geometry": {
    "type": "Point",
    "coordinates": [
     115.85482948,
     -31.94402992
    ]
   },
   "properties": {
    "name": "APARTMENT 17, 5 ANTONAS ROAD NORTHBRIDGE 6003",
    "locID": "LOC000103578797",
    "tech": "FTTB",
    "upgrade": "NULL_NA",
    "gnaf_pid": "GAWA_163237425",
    "ee": true
   }
  },
  {
   "type": "Feature",
   "geometry": {
    "type": "Point",
    "coordinates": [
     115.85482948,
     -31.94402992
    ]
   },
   "properties": {
    "name": "APARTMENT 18, 5 ANTONAS ROAD NORTHBRIDGE 6003",
    "locID": "LOC000103489836",
    "tech": "FTTB",
    "upgrade": "NULL_NA",
    "gnaf_pid": "GAWA_163237426",
    "ee": true
   }
  },
  {
   "type": "Feature",
   "geometry": {
    "type": "Point",
    "coordinates": [
     115.85482948,
     -31.94402992
    ]
   },
   "properties": {
    "name": "APARTMENT 19, 5 ANTONAS ROAD NORTHBRIDGE 6003",
    "locID": "LOC000103269742",
    "tech": "FTTB",
    "upgrade": "NULL_NA",
    "gnaf_pid": "GAWA_163237427",
    "ee": true
   }
  },
  {
   "type": "Feature",
   "geometry": {
    "type": "Point",
    "coordinates": [
     115.85482948,
     -31.94402992
    ]
   },
   "properties": {
    "name": "APARTMENT 1, 5 ANTONAS ROAD NORTHBRIDGE 6003",
    "locID": "LOC000103558176",
    "tech": "FTTB",
    "upgrade": "NULL_NA",
    "gnaf_pid": "GAWA_163237428",
    "ee": true
   }
  },
  {
   "type": "Feature",
   "geometry": {
    "type": "Point",
    "coordinates": [
     115.85482948,
     -31.94402992
    ]
   },
   "properties": {
    "name": "APARTMENT 20, 5 ANTONAS ROAD NORTHBRIDGE 6003",
    "locID": "LOC000103425250",
    "tech": "FTTB",
    "upgrade": "NULL_NA",
    "gnaf_pid": "GAWA_163237429",
    "ee": true
   }
  },
  {
   "type": "Feature",
   "geometry": {
    "type": "Point",
    "coordinates": [
     115.85482948,
     -31.94402992
    ]
   },
   "properties": {
    "name": "APARTMENT 21, 5 ANTONAS ROAD NORTHBRIDGE 6003",
    "locID": "LOC000103816564",
    "tech": "FTTB",
    "upgrade": "NULL_NA",
    "gnaf_pid": "GAWA_163237430",
    "ee": true
   }
  },
  {
   "type": "Feature",
   "geometry": {
    "type": "Point",
    "coordinates": [
     115.85482948,
     -31.94402992
    ]
   },
   "properties": {
    "name": "APARTMENT 22, 5 ANTONAS ROAD NORTHBRIDGE 6003",
    "locID": "LOC000103636981",
    "tech": "FTTB",
    "upgrade": "NULL_NA",
    "gnaf_pid": "GAWA_163237431",
    "ee": true
   }
  },
  {
   "type": "Feature",
   "geometry": {
    "type": "Point",
    "coordinates": [
     115.85482948,
     -31.94402992
    ]
   },
   "properties": {
    "name": "UNIT 23, 5 ANTONAS ROAD NORTHBRIDGE 6003",
    "locID": "LOC000103666596",
    "tech": "FTTB",
    "upgrade": "NULL_NA",
    "gnaf_pid": "GAWA_163237432",
    "ee": true
   }
  },
  {
   "type": "Feature",
   "geometry": {
    "type": "Point",
    "coordinates": [
     115.85482948,
     -31.94402992
    ]
   },
   "properties": {
    "name": "APARTMENT 2, 5 ANTONAS ROAD NORTHBRIDGE 6003",
    "locID": "LOC000103425250",
    "tech": "FTTB",
    "upgrade": "NULL_NA",
    "gnaf_pid": "GAWA_163237433",
    "ee": true
   }
  },
  {
   "type": "Feature",
   "geometry": {
    "type": "Point",
    "coordinates": [
     115.85482948,
     -31.94402992
    ]
   },
   "properties": {
    "name": "APARTMENT 3, 5 ANTONAS ROAD NORTHBRIDGE 6003",
    "locID": "LOC000103650122",
    "tech": "FTTB",
    "upgrade": "NULL_NA",
    "gnaf_pid": "GAWA_163237434",
    "ee": true
   }
  },
  {
   "type": "Feature",
   "geometry": {
    "type": "Point",
    "coordinates": [
     115.85482948,
     -31.94402992
    ]
   },
   "properties": {
    "name": "APARTMENT 4, 5 ANTONAS ROAD NORTHBRIDGE 6003",
    "locID": "LOC000103296124",
    "tech": "FTTB",
    "upgrade": "NULL_NA",
    "gnaf_pid": "GAWA_163237435",
    "ee": true
   }
  },
  {
   "type": "Feature",
   "geometry": {
    "type": "Point",
    "coordinates": [
     115.85482948,
     -31.94402992
    ]
   },
   "properties": {
    "name": "APARTMENT 5, 5 ANTONAS ROAD NORTHBRIDGE 6003",
    "locID": "LOC000103666596",
    "tech": "FTTB",
    "upgrade": "NULL_NA",
    "gnaf_pid": "GAWA_163237436",
    "ee": true
   }
  },
  {
   "type": "Feature",
   "geometry": {
    "type": "Point",
    "coordinates": [
     115.85482948,
     -31.94402992
    ]
   },
   "properties": {
    "name": "APARTMENT 6, 5 ANTONAS ROAD NORTHBRIDGE 6003",
    "locID": "LOC000103666596",
    "tech": "FTTB",
    "upgrade": "NULL_NA",
    "gnaf_pid": "GAWA_163237437",
    "ee": true
   }
  },
  {
   "type": "Feature",
   "geometry": {
    "type": "Point",
    "coordinates": [
     115.85482948,
     -31.94402992
    ]
   },
   "properties": {
    "name": "APARTMENT 7, 5 ANTONAS ROAD NORTHBRIDGE 6003",
    "locID": "LOC000103684023",
    "tech": "FTTB",
    "upgrade": "NULL_NA",
    "gnaf_pid": "GAWA_163237438",
    "ee": true
   }
  },
  {
   "type": "Feature",
   "geometry": {
    "type": "Point",
    "coordinates": [
     115.85482948,
     -31.94402992
    ]
   },
   "properties": {
    "name": "UNIT 8, 5 ANTONAS ROAD NORTHBRIDGE 6003",
    "locID": "LOC000103666596",
    "tech": "FTTB",
    "upgrade": "NULL_NA",
    "gnaf_pid": "GAWA_163237439",
    "ee": true
   }
  },
  {
   "type": "Feature",
   "geometry": {
    "type": "Point",
    "coordinates": [
     115.85482948,
     -31.94402992
    ]
   },
   "properties": {
    "name": "UNIT 9, 5 ANTONAS ROAD NORTHBRIDGE 6003",
    "locID": "LOC000103666596",
    "tech": "FTTB",
    "upgrade": "NULL_NA",
    "gnaf_pid": "GAWA_163237440",
    "ee": true
   }
  },
  {
   "type": "Feature",
   "geometry": {
    "type": "Point",
    "coordinates": [
     115.85320632,
     -31.94593236
    ]
   },
   "properties": {
    "name": "UNIT 10, 228 JAMES STREET NORTHBRIDGE 6003",
    "locID": "LOC000132009453",
    "tech": "FTTB",
    "upgrade": "NULL_NA",
    "gnaf_pid": "GAWA_163241260",
    "ee": true
   }
  },
  {
   "type": "Feature",
   "geometry": {
    "type": "Point",
    "coordinates": [
     115.85320632,
     -31.94593236
    ]
   },
   "properties": {
    "name": "UNIT 11, 228 JAMES STREET NORTHBRIDGE 6003",
    "locID": "LOC000132009469",
    "tech": "FTTB",
    "upgrade": "NULL_NA",
    "gnaf_pid": "GAWA_163241261",
    "ee": true
   }
  },
  {
   "type": "Feature",
   "geometry": {
    "type": "Point",
    "coordinates": [
     115.85320632,
     -31.94593236
    ]
   },
   "properties": {
    "name": "UNIT 12, 228 JAMES STREET NORTHBRIDGE 6003",
    "locID": "LOC000132009476",
    "tech": "FTTB",
    "upgrade": "NULL_NA",
    "gnaf_pid": "GAWA_163241262",
    "ee": true
   }
  },
  {
   "type": "Feature",
   "geometry": {
    "type": "Point",
    "coordinates": [
     115.85320632,
     -31.94593236
    ]
   },
   "properties": {
    "name": "UNIT 13, 228 JAMES STREET NORTHBRIDGE 6003",
    "locID": "LOC100023904222",
    "tech": "FTTB",
    "upgrade": "NULL_NA",
    "gnaf_pid": "GAWA_163241263",
    "ee": true
   }
  },
  {
   "type": "Feature",
   "geometry": {
    "type": "Point",
    "coordinates": [
     115.85320632,
     -31.94593236
    ]
   },
   "properties": {
    "name": "UNIT 16, 228 JAMES STREET NORTHBRIDGE 6003",
    "locID": "LOC100023904222",
    "tech": "FTTB",
    "upgrade": "NULL_NA",
    "gnaf_pid": "GAWA_163241264",
    "ee": true
   }
  },
  {
   "type": "Feature",
   "geometry": {
    "type": "Point",
    "coordinates": [
     115.85320632,
     -31.94593236
    ]
   },
   "properties": {
    "name": "UNIT 17, 228 JAMES STREET NORTHBRIDGE 6003",
    "locID": "LOC100023904222",
    "tech": "FTTB",
    "upgrade": "NULL_NA",
    "gnaf_pid": "GAWA_163241265",
    "ee": true
   }
  },
  {
   "type": "Feature",
   "geometry": {
    "type": "Point",
    "coordinates": [
     115.85320632,
     -31.94593236
    ]
   },
   "properties": {
    "name": "UNIT 18, 228 JAMES STREET NORTHBRIDGE 6003",
    "locID": "LOC000132009513",
    "tech": "FTTB",
    "upgrade": "NULL_NA",
    "gnaf_pid": "GAWA_163241266",
    "ee": true
   }
  },
  {
   "type": "Feature",
   "geometry": {
    "type": "Point",
    "coordinates": [
     115.85320632,
     -31.94593236
    ]
   },
   "properties": {
    "name": "UNIT 20, 228 JAMES STREET NORTHBRIDGE 6003",
    "locID": "LOC000183907171",
    "tech": "FTTB",
    "upgrade": "NULL_NA",
    "gnaf_pid": "GAWA_163241267",
    "ee": true
   }
  },
  {
   "type": "Feature",
   "geometry": {
    "type": "Point",
    "coordinates": [
     115.85320632,
     -31.94593236
    ]
   },
   "properties": {
    "name": "UNIT 21, 228 JAMES STREET NORTHBRIDGE 6003",
    "locID": "LOC000183907279",
    "tech": "FTTB",
    "upgrade": "NULL_NA",
    "gnaf_pid": "GAWA_163241268",
    "ee": true
   }
  },
  {
   "type": "Feature",
   "geometry": {
    "type": "Point",
    "coordinates": [
     115.85320632,
     -31.94593236
    ]
   },
   "properties": {
    "name": "UNIT 22, 228 JAMES STREET NORTHBRIDGE 6003",
    "locID": "LOC000097972843",
    "tech": "FTTB",
    "upgrade": "NULL_NA",
    "gnaf_pid": "GAWA_163241269",
    "ee": true
   }
  },
  {
   "type": "Feature",
   "geometry": {
    "type": "Point",
    "coordinates": [
     115.85320632,
     -31.94593236
    ]
   },
   "properties": {
    "name": "UNIT 23, 228 JAMES STREET NORTHBRIDGE 6003",
    "locID": "LOC100023904222",
    "tech": "FTTB",
    "upgrade": "NULL_NA",
    "gnaf_pid": "GAWA_163241270",
    "ee": true
   }
  },
  {
   "type": "Feature",
   "geometry": {
    "type": "Point",
    "coordinates": [
     115.85320632,
     -31.94593236
    ]
   },
   "properties": {
    "name": "UNIT 24, 228 JAMES STREET NORTHBRIDGE 6003",
    "locID": "LOC100023904222",
    "tech": "FTTB",
    "upgrade": "NULL_NA",
    "gnaf_pid": "GAWA_163241271",
    "ee": true
   }
  },
  {
   "type": "Feature",
   "geometry": {
    "type": "Point",
    "coordinates": [
     115.85320632,
     -31.94593236
    ]
   },
   "properties": {
    "name": "UNIT 25, 228 JAMES STREET NORTHBRIDGE 6003",
    "locID": "LOC100023904222",
    "tech": "FTTB",
    "upgrade": "NULL_NA",
    "gnaf_pid": "GAWA_163241272",
    "ee": true
   }
  },
  {
   "type": "Feature",
   "geometry": {
    "type": "Point",
    "coordinates": [
     115.85320632,
     -31.94593236
    ]
   },
   "properties": {
    "name": "UNIT 26, 228 JAMES STREET NORTHBRIDGE 6003",
    "locID": "LOC100023904222",
    "tech": "FTTB",
    "upgrade": "NULL_NA",
    "gnaf_pid": "GAWA_163241273",
    "ee": true
   }
  },
  {
   "type": "Feature",
   "geometry": {
    "type": "Point",
    "coordinates": [
     115.85320632,
     -31.94593236
    ]
   },
   "properties": {
    "name": "UNIT 27, 228 JAMES STREET NORTHBRIDGE 6003",
    "locID": "LOC100023904222",
    "tech": "FTTB",
    "upgrade": "NULL_NA",
    "gnaf_pid": "GAWA_163241274",
    "ee": true
   }
  },
  {
   "type": "Feature",
   "geometry": {
    "type": "Point",
    "coordinates": [
     115.85320632,
     -31.94593236
    ]
   },
   "properties": {
    "name": "UNIT 28, 228 JAMES STREET NORTHBRIDGE 6003",
    "locID": "LOC100023904222",
    "tech": "FTTB",
    "upgrade": "NULL_NA",
    "gnaf_pid": "GAWA_163241275",
    "ee": true
   }
  },
  {
   "type": "Feature",
   "geometry": {
    "type": "Point",
    "coordinates": [
     115.85320632,
     -31.94593236
    ]
   },
   "properties": {
    "name": "UNIT 29, 228 JAMES STREET NORTHBRIDGE 6003",
    "locID": "LOC100023904222",
    "tech": "FTTB",
    "upgrade": "NULL_NA",
    "gnaf_pid": "GAWA_163241276",
    "ee": true
   }
  },
  {
   "type": "Feature",
   "geometry": {
    "type": "Point",
    "coordinates": [
     115.85320632,
     -31.94593236
    ]
   },
   "properties": {
    "name": "UNIT 30, 228 JAMES STREET NORTHBRIDGE 6003",
    "locID": "LOC000183907377",
    "tech": "FTTB",
    "upgrade": "NULL_NA",
    "gnaf_pid": "GAWA_163241277",
    "ee": true
   }
  },
  {
   "type": "Feature",
   "geometry": {
    "type": "Point",
    "coordinates": [
     115.85320632,
     -31.94593236
    ]
   },
   "properties": {
    "name": "UNIT 31, 228 JAMES STREET NORTHBRIDGE 6003",
    "locID": "LOC000183907401",
    "tech": "FTTB",
    "upgrade": "NULL_NA",
    "gnaf_pid": "GAWA_163241278",
    "ee": true
   }
  },
  {
   "type": "Feature",
   "geometry": {
    "type": "Point",
    "coordinates": [
     115.85320632,
     -31.94593236
    ]
   },
   "properties": {
    "name": "UNIT 33, 228 JAMES STREET NORTHBRIDGE 6003",
    "locID": "LOC100023904222",
    "tech": "FTTB",
    "upgrade": "NULL_NA",
    "gnaf_pid": "GAWA_163241279",
    "ee": true
   }
  },
  {
   "type": "Feature",
   "geometry": {
    "type": "Point",
    "coordinates": [
     115.85320632,
     -31.94593236
    ]
   },
   "properties": {
    "name": "UNIT 35, 228 JAMES STREET NORTHBRIDGE 6003",
    "locID": "LOC100023904222",
    "tech": "FTTB",
    "upgrade": "NULL_NA",
    "gnaf_pid": "GAWA_163241280",
    "ee": true
   }
  },
  {
   "type": "Feature",
   "geometry": {
    "type": "Point",
    "coordinates": [
     115.85320632,
     -31.94593236
    ]
   },
   "properties": {
    "name": "UNIT 36, 228 JAMES STREET NORTHBRIDGE 6003",
    "locID": "LOC100023904222",
    "tech": "FTTB",
    "upgrade": "NULL_NA",
    "gnaf_pid": "GAWA_163241281",
    "ee": true
   }
  },
  {
   "type": "Feature",
   "geometry": {
    "type": "Point",
    "coordinates": [
     115.85320632,
     -31.94593236
    ]
   },
   "properties": {
    "name": "UNIT 37, 228 JAMES STREET NORTHBRIDGE 6003",
    "locID": "LOC100023904222",
    "tech": "FTTB",
    "upgrade": "NULL_NA",
    "gnaf_pid": "GAWA_163241282",
    "ee": true
   }
  },
  {
   "type": "Feature",
   "geometry": {
    "type": "Point",
    "coordinates": [
     115.85320632,
     -31.94593236
    ]
   },
   "properties": {
    "name": "UNIT 38, 228 JAMES STREET NORTHBRIDGE 6003",
    "locID": "LOC100023904222",
    "tech": "FTTB",
    "upgrade": "NULL_NA",
    "gnaf_pid": "GAWA_163241283",
    "ee": true
   }
  },
  {
   "type": "Feature",
   "geometry": {
    "type": "Point",
    "coordinates": [
     115.85320632,
     -31.94593236
    ]
   },
   "properties": {
    "name": "UNIT 39, 228 JAMES STREET NORTHBRIDGE 6003",
    "locID": "LOC100023904222",
    "tech": "FTTB",
    "upgrade": "NULL_NA",
    "gnaf_pid": "GAWA_163241284",
    "ee": true
   }
  },
  {
   "type": "Feature",
   "geometry": {
    "type": "Point",
    "coordinates": [
     115.85320632,
     -31.94593236
    ]
   },
   "properties": {
    "name": "UNIT 40, 228 JAMES STREET NORTHBRIDGE 6003",
    "locID": "LOC100023904222",
    "tech": "FTTB",
    "upgrade": "NULL_NA",
    "gnaf_pid": "GAWA_163241285",
    "ee": true
   }
  },
  {
   "type": "Feature",
   "geometry": {
    "type": "Point",
    "coordinates": [
     115.85320632,
     -31.94593236
    ]
   },
   "properties": {
    "name": "UNIT 41, 228 JAMES STREET NORTHBRIDGE 6003",
    "locID": "LOC100023904222",
    "tech": "FTTB",
    "upgrade": "NULL_NA",
    "gnaf_pid": "GAWA_163241286",
    "ee": true
   }
  },
  {
   "type": "Feature",
   "geometry": {
    "type": "Point",
    "coordinates": [
     115.85320632,
     -31.94593236
    ]
   },
   "properties": {
    "name": "UNIT 42, 228 JAMES STREET NORTHBRIDGE 6003",
    "locID": "LOC100023904222",
    "tech": "FTTB",
    "upgrade": "NULL_NA",
    "gnaf_pid": "GAWA_163241287",
    "ee": true
   }
  },
  {
   "type": "Feature",
   "geometry": {
    "type": "Point",
    "coordinates": [
     115.85320632,
     -31.94593236
    ]
   },
   "properties": {
    "name": "UNIT 44, 228 JAMES STREET NORTHBRIDGE 6003",
    "locID": "LOC100023904222",
    "tech": "FTTB",
    "upgrade": "NULL_NA",
    "gnaf_pid": "GAWA_163241288",
    "ee": true
   }
  },
  {
   "type": "Feature",
   "geometry": {
    "type": "Point",
    "coordinates": [
     115.85320632,
     -31.94593236
    ]
   },
   "properties": {
    "name": "UNIT 45, 228 JAMES STREET NORTHBRIDGE 6003",
    "locID": "LOC100023904222",
    "tech": "FTTB",
    "upgrade": "NULL_NA",
    "gnaf_pid": "GAWA_163241289",
    "ee": true
   }
  },
  {
   "type": "Feature",
   "geometry": {
    "type": "Point",
    "coordinates": [
     115.85320632,
     -31.94593236
    ]
   },
   "properties": {
    "name": "UNIT 46, 228 JAMES STREET NORTHBRIDGE 6003",
    "locID": "LOC100023904222",
    "tech": "FTTB",
    "upgrade": "NULL_NA",
    "gnaf_pid": "GAWA_163241290",
    "ee": true
   }
  },
  {
   "type": "Feature",
   "geometry": {
    "type": "Point",
    "coordinates": [
     115.85320632,
     -31.94593236
    ]
   },
   "properties": {
    "name": "UNIT 47, 228 JAMES STREET NORTHBRIDGE 6003",
    "locID": "LOC100023904222",
    "tech": "FTTB",
    "upgrade": "NULL_NA",
    "gnaf_pid": "GAWA_163241291",
    "ee": true
   }
  },
  {
   "type": "Feature",
   "geometry": {
    "type": "Point",
    "coordinates": [
     115.85320632,
     -31.94593236
    ]
   },
   "properties": {
    "name": "UNIT 48, 228 JAMES STREET NORTHBRIDGE 6003",
    "locID": "LOC100023904222",
    "tech": "FTTB",
    "upgrade": "NULL_NA",
    "gnaf_pid": "GAWA_163241292",
    "ee": true
   }
  },
  {
   "type": "Feature",
   "geometry": {
    "type": "Point",
    "coordinates": [
     115.85320632,
     -31.94593236
    ]
   },
   "properties": {
    "name": "UNIT 49, 228 JAMES STREET NORTHBRIDGE 6003",
    "locID": "LOC100023904222",
    "tech": "FTTB",
    "upgrade": "NULL_NA",
    "gnaf_pid": "GAWA_163241293",
    "ee": true
   }
  },
  {
   "type": "Feature",
   "geometry": {
    "type": "Point",
    "coordinates": [
     115.85320632,
     -31.94593236
    ]
   },
   "properties": {
    "name": "UNIT 50, 228 JAMES STREET NORTHBRIDGE 6003",
    "locID": "LOC100023904222",
    "tech": "FTTB",
    "upgrade": "NULL_NA",
    "gnaf_pid": "GAWA_163241294",
    "ee": true
   }
  },
  {
   "type": "Feature",
   "geometry": {
    "type": "Point",
    "coordinates": [
     115.85320632,
     -31.94593236
    ]
   },
   "properties": {
    "name": "UNIT 51, 228 JAMES STREET NORTHBRIDGE 6003",
    "locID": "LOC100023904222",
    "tech": "FTTB",
    "upgrade": "NULL_NA",
    "gnaf_pid": "GAWA_163241295",
    "ee": true
   }
  },
  {
   "type": "Feature",
   "geometry": {
    "type": "Point",
    "coordinates": [
     115.85320632,
     -31.94593236
    ]
   },
   "properties": {
    "name": "UNIT 52, 228 JAMES STREET NORTHBRIDGE 6003",
    "locID": "LOC100023904222",
    "tech": "FTTB",
    "upgrade": "NULL_NA",
    "gnaf_pid": "GAWA_163241296",
    "ee": true
   }
  },
  {
   "type": "Feature",
   "geometry": {
    "type": "Point",
    "coordinates": [
     115.85320632,
     -31.94593236
    ]
   },
   "properties": {
    "name": "UNIT 54, 228 JAMES STREET NORTHBRIDGE 6003",
    "locID": "LOC100023904222",
    "tech": "FTTB",
    "upgrade": "NULL_NA",
    "gnaf_pid": "GAWA_163241297",
    "ee": true
   }
  },
  {
   "type": "Feature",
   "geometry": {
    "type": "Point",
    "coordinates": [
     115.85320632,
     -31.94593236
    ]
   },
   "properties": {
    "name": "UNIT 55, 228 JAMES STREET NORTHBRIDGE 6003",
    "locID": "LOC100023904222",
    "tech": "FTTB",
    "upgrade": "NULL_NA",
    "gnaf_pid": "GAWA_163241298",
    "ee": true
   }
  },
  {
   "type": "Feature",
   "geometry": {
    "type": "Point",
    "coordinates": [
     115.85320632,
     -31.94593236
    ]
   },
   "properties": {
    "name": "UNIT 56, 228 JAMES STREET NORTHBRIDGE 6003",
    "locID": "LOC100023904222",
    "tech": "FTTB",
    "upgrade": "NULL_NA",
    "gnaf_pid": "GAWA_163241299",
    "ee": true
   }
  },
  {
   "type": "Feature",
   "geometry": {
    "type": "Point",
    "coordinates": [
     115.85320632,
     -31.94593236
    ]
   },
   "properties": {
    "name": "UNIT 57, 228 JAMES STREET NORTHBRIDGE 6003",
    "locID": "LOC100023904222",
    "tech": "FTTB",
    "upgrade": "NULL_NA",
    "gnaf_pid": "GAWA_163241300",
    "ee": true
   }
  },
  {
   "type": "Feature",
   "geometry": {
    "type": "Point",
    "coordinates": [
     115.85320632,
     -31.94593236
    ]
   },
   "properties": {
    "name": "UNIT 58, 228 JAMES STREET NORTHBRIDGE 6003",
    "locID": "LOC100023904222",
    "tech": "FTTB",
    "upgrade": "NULL_NA",
    "gnaf_pid": "GAWA_163241301",
    "ee": true
   }
  },
  {
   "type": "Feature",
   "geometry": {
    "type": "Point",
    "coordinates": [
     115.85320632,
     -31.94593236
    ]
   },
   "properties": {
    "name": "UNIT 59, 228 JAMES STREET NORTHBRIDGE 6003",
    "locID": "LOC100023904222",
    "tech": "FTTB",
    "upgrade": "NULL_NA",
    "gnaf_pid": "GAWA_163241302",
    "ee": true
   }
  },
  {
   "type": "Feature",
   "geometry": {
    "type": "Point",
    "coordinates": [
     115.85320632,
     -31.94593236
    ]
   },
   "properties": {
    "name": "UNIT 60, 228 JAMES STREET NORTHBRIDGE 6003",
    "locID": "LOC000097972843",
    "tech": "FTTB",
    "upgrade": "NULL_NA",
    "gnaf_pid": "GAWA_163241303",
    "ee": true
   }
  },
  {
   "type": "Feature",
   "geometry": {
    "type": "Point",
    "coordinates": [
     115.85320632,
     -31.94593236
    ]
   },
   "properties": {
    "name": "UNIT 61, 228 JAMES STREET NORTHBRIDGE 6003",
    "locID": "LOC100023904222",
    "tech": "FTTB",
    "upgrade": "NULL_NA",
    "gnaf_pid": "GAWA_163241304",
    "ee": true
   }
  },
  {
   "type": "Feature",
   "geometry": {
    "type": "Point",
    "coordinates": [
     115.85320632,
     -31.94593236
    ]
   },
   "properties": {
    "name": "UNIT 62, 228 JAMES STREET NORTHBRIDGE 6003",
    "locID": "LOC100023904222",
    "tech": "FTTB",
    "upgrade": "NULL_NA",
    "gnaf_pid": "GAWA_163241305",
    "ee": true
   }
  },
  {
   "type": "Feature",
   "geometry": {
    "type": "Point",
    "coordinates": [
     115.85320632,
     -31.94593236
    ]
   },
   "properties": {
    "name": "UNIT 6, 228 JAMES STREET NORTHBRIDGE 6003",
    "locID": "LOC000132017820",
    "tech": "FTTB",
    "upgrade": "NULL_NA",
    "gnaf_pid": "GAWA_163241306",
    "ee": true
   }
  },
  {
   "type": "Feature",
   "geometry": {
    "type": "Point",
    "coordinates": [
     115.85320632,
     -31.94593236
    ]
   },
   "properties": {
    "name": "UNIT 74, 228 JAMES STREET NORTHBRIDGE 6003",
    "locID": "LOC100023904222",
    "tech": "FTTB",
    "upgrade": "NULL_NA",
    "gnaf_pid": "GAWA_163241307",
    "ee": true
   }
  },
  {
   "type": "Feature",
   "geometry": {
    "type": "Point",
    "coordinates": [
     115.85320632,
     -31.94593236
    ]
   },
   "properties": {
    "name": "UNIT 75, 228 JAMES STREET NORTHBRIDGE 6003",
    "locID": "LOC100023904222",
    "tech": "FTTB",
    "upgrade": "NULL_NA",
    "gnaf_pid": "GAWA_163241308",
    "ee": true
   }
  },
  {
   "type": "Feature",
   "geometry": {
    "type": "Point",
    "coordinates": [
     115.85320632,
     -31.94593236
    ]
   },
   "properties": {
    "name": "UNIT 76, 228 JAMES STREET NORTHBRIDGE 6003",
    "locID": "LOC100023904222",
    "tech": "FTTB",
    "upgrade": "NULL_NA",
    "gnaf_pid": "GAWA_163241309",
    "ee": true
   }
  },
  {
   "type": "Feature",
   "geometry": {
    "type": "Point",
    "coordinates": [
     115.85320632,
     -31.94593236
    ]
   },
   "properties": {
    "name": "UNIT 7, 228 JAMES STREET NORTHBRIDGE 6003",
    "locID": "LOC000132017865",
    "tech": "FTTB",
    "upgrade": "NULL_NA",
    "gnaf_pid": "GAWA_163241310",
    "ee": true
   }
  },
  {
   "type": "Feature",
   "geometry": {
    "type": "Point",
    "coordinates": [
     115.85320632,
     -31.94593236
    ]
   },
   "properties": {
    "name": "UNIT 8, 228 JAMES STREET NORTHBRIDGE 6003",
    "locID": "LOC000132017906",
    "tech": "FTTB",
    "upgrade": "NULL_NA",
    "gnaf_pid": "GAWA_163241311",
    "ee": true
   }
  },
  {
   "type": "Feature",
   "geometry": {
    "type": "Point",
    "coordinates": [
     115.85320632,
     -31.94593236
    ]
   },
   "properties": {
    "name": "UNIT 9, 228 JAMES STREET NORTHBRIDGE 6003",
    "locID": "LOC000132017910",
    "tech": "FTTB",
    "upgrade": "NULL_NA",
    "gnaf_pid": "GAWA_163241312",
    "ee": true
   }
  },
  {
   "type": "Feature",
   "geometry": {
    "type": "Point",
    "coordinates": [
     115.85888457,
     -31.94550697
    ]
   },
   "properties": {
    "name": "UNIT 1, FLOOR 1, 255 NEWCASTLE STREET NORTHBRIDGE 6003",
    "locID": "LOC000175552231",
    "tech": "FTTC",
    "upgrade": "FTTP_NA",
    "gnaf_pid": "GAWA_163242537",
    "ee": true,
    "tech_change_status": "MDU Complex Eligible To Apply"
   }
  },
  {
   "type": "Feature",
   "geometry": {
    "type": "Point",
    "coordinates": [
     115.85888457,
     -31.94550697
    ]
   },
   "properties": {
    "name": "UNIT 2, FLOOR 1, 255 NEWCASTLE STREET NORTHBRIDGE 6003",
    "locID": "LOC000175552231",
    "tech": "FTTC",
    "upgrade": "FTTP_NA",
    "gnaf_pid": "GAWA_163242538",
    "ee": true,
    "tech_change_status": "MDU Complex Eligible To Apply"
   }
  },
  {
   "type": "Feature",
   "geometry": {
    "type": "Point",
    "coordinates": [
     115.85888457,
     -31.94550697
    ]
   },
   "properties": {
    "name": "UNIT 3, FLOOR 1, 255 NEWCASTLE STREET NORTHBRIDGE 6003",
    "locID": "LOC000175552231",
    "tech": "FTTC",
    "upgrade": "FTTP_NA",
    "gnaf_pid": "GAWA_163242540",
    "ee": true,
    "tech_change_status": "MDU Complex Eligible To Apply"
   }
  },
  {
   "type": "Feature",
   "geometry": {
    "type": "Point",
    "coordinates": [
     115.85822737,
     -31.94513293
    ]
   },
   "properties": {
    "name": "UNIT 3, 269 NEWCASTLE STREET NORTHBRIDGE 6003",
    "locID": "LOC000102276290",
    "tech": "FTTC",
    "upgrade": "FTTP_NA",
    "gnaf_pid": "GAWA_163242541",
    "ee": true,
    "tech_change_status": "MDU Complex Eligible To Apply"
   }
  },
  {
   "type": "Feature",
   "geometry": {
    "type": "Point",
    "coordinates": [
     115.85888457,
     -31.94550697
    ]
   },
   "properties": {
    "name": "UNIT 4, FLOOR 2, 255 NEWCASTLE STREET NORTHBRIDGE 6003",
    "locID": "LOC000175552231",
    "tech": "FTTC",
    "upgrade": "FTTP_NA",
    "gnaf_pid": "GAWA_163242542",
    "ee": true,
    "tech_change_status": "MDU Complex Eligible To Apply"
   }
  },
  {
   "type": "Feature",
   "geometry": {
    "type": "Point",
    "coordinates": [
     115.85822737,
     -31.94513293
    ]
   },
   "properties": {
    "name": "UNIT 4, 269 NEWCASTLE STREET NORTHBRIDGE 6003",
    "locID": "LOC000102299406",
    "tech": "FTTC",
    "upgrade": "FTTP_NA",
    "gnaf_pid": "GAWA_163242543",
    "ee": true,
    "tech_change_status": "MDU Complex Eligible To Apply"
   }
  },
  {
   "type": "Feature",
   "geometry": {
    "type": "Point",
    "coordinates": [
     115.85888457,
     -31.94550697
    ]
   },
   "properties": {
    "name": "UNIT 5, FLOOR 2, 255 NEWCASTLE STREET NORTHBRIDGE 6003",
    "locID": "LOC000175552231",
    "tech": "FTTC",
    "upgrade": "FTTP_NA",
    "gnaf_pid": "GAWA_163242544",
    "ee": true,
    "tech_change_status": "MDU Complex Eligible To Apply"
   }
  },
  {
   "type": "Feature",
   "geometry": {
    "type": "Point",
    "coordinates": [
     115.85888457,
     -31.94550697
    ]
   },
   "properties": {
    "name": "UNIT 6, FLOOR 2, 255 NEWCASTLE STREET NORTHBRIDGE 6003",
    "locID": "LOC000175552231",
    "tech": "FTTC",
    "upgrade": "FTTP_NA",
    "gnaf_pid": "GAWA_163242546",
    "ee": true,
    "tech_change_status": "MDU Complex Eligible To Apply"
   }
  },
  {
   "type": "Feature",
   "geometry": {
    "type": "Point",
    "coordinates": [
     115.85888457,
     -31.94550697
    ]
   },
   "properties": {
    "name": "UNIT 7, 255 NEWCASTLE STREET NORTHBRIDGE 6003",
    "locID": "LOC000116355391",
    "tech": "FTTC",
    "upgrade": "FTTP_NA",
    "gnaf_pid": "GAWA_163242548",
    "ee": true,
    "tech_change_status": "MDU Complex Eligible To Apply"
   }
  },
  {
   "type": "Feature",
   "geometry": {
    "type": "Point",
    "coordinates": [
     115.85622694,
     -31.94450475
    ]
   },
   "properties": {
    "name": "19 PALMERSTON STREET NORTHBRIDGE 6003",
    "locID": "LOC000132021410",
    "tech": "FTTC",
    "upgrade": "FTTP_SA",
    "gnaf_pid": "GAWA_163242863",
    "ee": true,
    "tech_change_status": "Eligible to Order"
   }
  },
  {
   "type": "Feature",
   "geometry": {
    "type": "Point",
    "coordinates": [
     115.85482948,
     -31.94402992
    ]
   },
   "properties": {
    "name": "5 ANTONAS ROAD NORTHBRIDGE 6003",
    "locID": "LOC000103666596",
    "tech": "FTTB",
    "upgrade": "NULL_NA",
    "gnaf_pid": "GAWA_163246449",
    "ee": true
   }
  },
  {
   "type": "Feature",
   "geometry": {
    "type": "Point",
    "coordinates": [
     115.85822737,
     -31.94513293
    ]
   },
   "properties": {
    "name": "269 NEWCASTLE STREET NORTHBRIDGE 6003",
    "locID": "LOC000113373164",
    "tech": "FTTC",
    "upgrade": "FTTP_NA",
    "gnaf_pid": "GAWA_163247241",
    "ee": true,
    "tech_change_status": "MDU Complex Eligible To Apply"
   }
  },
  {
   "type": "Feature",
   "geometry": {
    "type": "Point",
    "coordinates": [
     115.85822737,
     -31.94513293
    ]
   },
   "properties": {
    "name": "271 NEWCASTLE STREET NORTHBRIDGE 6003",
    "locID": "LOC000053880925",
    "tech": "FTTC",
    "upgrade": "FTTP_SA",
    "gnaf_pid": "GAWA_163247242",
    "ee": true,
    "tech_change_status": "Eligible to Order"
   }
  },
  {
   "type": "Feature",
   "geometry": {
    "type": "Point",
    "coordinates": [
     115.85822737,
     -31.94513293
    ]
   },
   "properties": {
    "name": "UNIT 1, 269 NEWCASTLE STREET NORTHBRIDGE 6003",
    "locID": "LOC000113373164",
    "tech": "FTTC",
    "upgrade": "FTTP_NA",
    "gnaf_pid": "GAWA_163275620",
    "ee": true,
    "tech_change_status": "MDU Complex Eligible To Apply"
   }
  },
  {
   "type": "Feature",
   "geometry": {
    "type": "Point",
    "coordinates": [
     115.85822737,
     -31.94513293
    ]
   },
   "properties": {
    "name": "UNIT 2, 269 NEWCASTLE STREET NORTHBRIDGE 6003",
    "locID": "LOC000113373164",
    "tech": "FTTC",
    "upgrade": "FTTP_NA",
    "gnaf_pid": "GAWA_163275621",
    "ee": true,
    "tech_change_status": "MDU Complex Eligible To Apply"
   }
  },
  {
   "type": "Feature",
   "geometry": {
    "type": "Point",
    "coordinates": [
     115.85436002,
     -31.94345519
    ]
   },
   "properties": {
    "name": "UNIT 4, 369 NEWCASTLE STREET NORTHBRIDGE 6003",
    "locID": "LOC000111478141",
    "tech": "FTTC",
    "upgrade": "FTTP_NA",
    "gnaf_pid": "GAWA_163278796",
    "ee": true,
    "tech_change_status": "MDU Complex Eligible To Apply"
   }
  },
  {
   "type": "Feature",
   "geometry": {
    "type": "Point",
    "coordinates": [
     115.85436002,
     -31.94345519
    ]
   },
   "properties": {
    "name": "UNIT 5, 369 NEWCASTLE STREET NORTHBRIDGE 6003",
    "locID": "LOC000113450449",
    "tech": "FTTC",
    "upgrade": "FTTP_NA",
    "gnaf_pid": "GAWA_163278797",
    "ee": true,
    "tech_change_status": "MDU Complex Eligible To Apply"
   }
  },
  {
   "type": "Feature",
   "geometry": {
    "type": "Point",
    "coordinates": [
     115.85436002,
     -31.94345519
    ]
   },
   "properties": {
    "name": "UNIT 6, 369 NEWCASTLE STREET NORTHBRIDGE 6003",
    "locID": "LOC000113450449",
    "tech": "FTTC",
    "upgrade": "FTTP_NA",
    "gnaf_pid": "GAWA_163278798",
    "ee": true,
    "tech_change_status": "MDU Complex Eligible To Apply"
   }
  },
  {
   "type": "Feature",
   "geometry": {
    "type": "Point",
    "coordinates": [
     115.85436002,
     -31.94345519
    ]
   },
   "properties": {
    "name": "UNIT 7, 369 NEWCASTLE STREET NORTHBRIDGE 6003",
    "locID": "LOC000112018767",
    "tech": "FTTC",
    "upgrade": "FTTP_NA",
    "gnaf_pid": "GAWA_163279719",
    "ee": true,
    "tech_change_status": "MDU Complex Eligible To Apply"
   }
  },
  {
   "type": "Feature",
   "geometry": {
    "type": "Point",
    "coordinates": [
     115.85401057,
     -31.94397474
    ]
   },
   "properties": {
    "name": "UNIT 1, 190 ABERDEEN STREET NORTHBRIDGE 6003",
    "locID": "LOC000116351540",
    "tech": "FTTC",
    "upgrade": "FTTP_SA",
    "gnaf_pid": "GAWA_718231493",
    "ee": true,
    "tech_change_status": "Eligible to Order"
   }
  },
  {
   "type": "Feature",
   "geometry": {
    "type": "Point",
    "coordinates": [
     115.85401057,
     -31.94397474
    ]
   },
   "properties": {
    "name": "UNIT 2, 190 ABERDEEN STREET NORTHBRIDGE 6003",
    "locID": "LOC000116351555",
    "tech": "FTTC",
    "upgrade": "FTTP_SA",
    "gnaf_pid": "GAWA_718231494",
    "ee": true,
    "tech_change_status": "Eligible to Order"
   }
  },
  {
   "type": "Feature",
   "geometry": {
    "type": "Point",
    "coordinates": [
     115.85872154,
     -31.94544101
    ]
   },
   "properties": {
    "name": "UNIT 25, 259 NEWCASTLE STREET NORTHBRIDGE 6003",
    "locID": "LOC000040405813",
    "tech": "FTTC",
    "upgrade": "FTTP_SA",
    "gnaf_pid": "GAWA_718233471",
    "ee": true,
    "tech_change_status": "Eligible to Order"
   }
  },
  {
   "type": "Feature",
   "geometry": {
    "type": "Point",
    "coordinates": [
     115.85524087,
     -31.94383341
    ]
   },
   "properties": {
    "name": "343 NEWCASTLE STREET NORTHBRIDGE 6003",
    "locID": "LOC000149384553",
    "tech": "FTTC",
    "upgrade": "FTTP_SA",
    "gnaf_pid": "GAWA_718254194",
    "ee": true,
    "tech_change_status": "Eligible to Order"
   }
  },
  {
   "type": "Feature",
   "geometry": {
    "type": "Point",
    "coordinates": [
     115.85822258,
     -31.94940739
    ]
   },
   "properties": {
    "name": "14-18 ROE STREET NORTHBRIDGE 6003",
    "locID": "LOC000132021256",
    "tech": "FTTC",
    "upgrade": "FTTP_SA",
    "gnaf_pid": "GAWA_718342553",
    "ee": true,
    "tech_change_status": "Eligible to Order"
   }
  },
  {
   "type": "Feature",
   "geometry": {
    "type": "Point",
    "coordinates": [
     115.85779396,
     -31.94925438
    ]
   },
   "properties": {
    "name": "30 ROE STREET NORTHBRIDGE 6003",
    "locID": "LOC000132025187",
    "tech": "FTTC",
    "upgrade": "FTTP_SA",
    "gnaf_pid": "GAWA_718342554",
    "ee": true,
    "tech_change_status": "Eligible to Order"
   }
  },
  {
   "type": "Feature",
   "geometry": {
    "type": "Point",
    "coordinates": [
     115.85258053,
     -31.94668535
    ]
   },
   "properties": {
    "name": "2 FITZGERALD STREET NORTHBRIDGE 6003",
    "locID": "LOC000149373644",
    "tech": "FTTC",
    "upgrade": "FTTP_SA",
    "gnaf_pid": "GAWA_718388845",
    "ee": true,
    "tech_change_status": "Eligible to Order"
   }
  },
  {
   "type": "Feature",
   "geometry": {
    "type": "Point",
    "coordinates": [
     115.85934461,
     -31.94570141
    ]
   },
   "properties": {
    "name": "UNIT 10, 243 NEWCASTLE STREET NORTHBRIDGE 6003",
    "locID": "LOC000149379705",
    "tech": "FTTC",
    "upgrade": "FTTP_NA",
    "gnaf_pid": "GAWA_718395377",
    "ee": true,
    "tech_change_status": "MDU Complex Eligible To Apply"
   }
  },
  {
   "type": "Feature",
   "geometry": {
    "type": "Point",
    "coordinates": [
     115.85934461,
     -31.94570141
    ]
   },
   "properties": {
    "name": "UNIT 12, 243 NEWCASTLE STREET NORTHBRIDGE 6003",
    "locID": "LOC000149379722",
    "tech": "FTTC",
    "upgrade": "FTTP_NA",
    "gnaf_pid": "GAWA_718395378",
    "ee": true,
    "tech_change_status": "MDU Complex Eligible To Apply"
   }
  },
  {
   "type": "Feature",
   "geometry": {
    "type": "Point",
    "coordinates": [
     115.85934461,
     -31.94570141
    ]
   },
   "properties": {
    "name": "UNIT 15, 243 NEWCASTLE STREET NORTHBRIDGE 6003",
    "locID": "LOC000149379751",
    "tech": "FTTC",
    "upgrade": "FTTP_NA",
    "gnaf_pid": "GAWA_718395379",
    "ee": true,
    "tech_change_status": "MDU Complex Eligible To Apply"
   }
  },
  {
   "type": "Feature",
   "geometry": {
    "type": "Point",
    "coordinates": [
     115.85934461,
     -31.94570141
    ]
   },
   "properties": {
    "name": "UNIT 3, 243 NEWCASTLE STREET NORTHBRIDGE 6003",
    "locID": "LOC000149379655",
    "tech": "FTTC",
    "upgrade": "FTTP_NA",
    "gnaf_pid": "GAWA_718395380",
    "ee": true,
    "tech_change_status": "MDU Complex Eligible To Apply"
   }
  },
  {
   "type": "Feature",
   "geometry": {
    "type": "Point",
    "coordinates": [
     115.85934461,
     -31.94570141
    ]
   },
   "properties": {
    "name": "UNIT 6, 243 NEWCASTLE STREET NORTHBRIDGE 6003",
    "locID": "LOC000149379672",
    "tech": "FTTC",
    "upgrade": "FTTP_NA",
    "gnaf_pid": "GAWA_718395382",
    "ee": true,
    "tech_change_status": "MDU Complex Eligible To Apply"
   }
  },
  {
   "type": "Feature",
   "geometry": {
    "type": "Point",
    "coordinates": [
     115.85934461,
     -31.94570141
    ]
   },
   "properties": {
    "name": "UNIT 11, 243 NEWCASTLE STREET NORTHBRIDGE 6003",
    "locID": "LOC000149379714",
    "tech": "FTTC",
    "upgrade": "FTTP_NA",
    "gnaf_pid": "GAWA_718468378",
    "ee": true,
    "tech_change_status": "MDU Complex Eligible To Apply"
   }
  },
  {
   "type": "Feature",
   "geometry": {
    "type": "Point",
    "coordinates": [
     115.85934461,
     -31.94570141
    ]
   },
   "properties": {
    "name": "UNIT 14, 243 NEWCASTLE STREET NORTHBRIDGE 6003",
    "locID": "LOC000149379746",
    "tech": "FTTC",
    "upgrade": "FTTP_NA",
    "gnaf_pid": "GAWA_718468379",
    "ee": true,
    "tech_change_status": "MDU Complex Eligible To Apply"
   }
  },
  {
   "type": "Feature",
   "geometry": {
    "type": "Point",
    "coordinates": [
     115.85934461,
     -31.94570141
    ]
   },
   "properties": {
    "name": "UNIT 5, 243 NEWCASTLE STREET NORTHBRIDGE 6003",
    "locID": "LOC000149379664",
    "tech": "FTTC",
    "upgrade": "FTTP_NA",
    "gnaf_pid": "GAWA_718468380",
    "ee": true,
    "tech_change_status": "MDU Complex Eligible To Apply"
   }
  },
  {
   "type": "Feature",
   "geometry": {
    "type": "Point",
    "coordinates": [
     115.85903071,
     -31.94865448
    ]
   },
   "properties": {
    "name": "74 JAMES STREET NORTHBRIDGE 6003",
    "locID": "LOC000149379245",
    "tech": "FTTC",
    "upgrade": "FTTP_SA",
    "gnaf_pid": "GAWA_718484989",
    "ee": true,
    "tech_change_status": "Eligible to Order"
   }
  },
  {
   "type": "Feature",
   "geometry": {
    "type": "Point",
    "coordinates": [
     115.86037139,
     -31.94619118
    ]
   },
   "properties": {
    "name": "211 NEWCASTLE STREET NORTHBRIDGE 6003",
    "locID": "LOC000149379779",
    "tech": "FTTP",
    "upgrade": "NULL_NA",
    "gnaf_pid": "GAWA_718486104",
    "ee": true
   }
  },
  {
   "type": "Feature",
   "geometry": {
    "type": "Point",
    "coordinates": [
     115.85445077,
     -31.94382742
    ]
   },
   "properties": {
    "name": "4 SERICH LANE NORTHBRIDGE 6003",
    "locID": "LOC000149388994",
    "tech": "FTTC",
    "upgrade": "FTTP_SA",
    "gnaf_pid": "GAWA_718486808",
    "ee": true,
    "tech_change_status": "Eligible to Order"
   }
  },
  {
   "type": "Feature",
   "geometry": {
    "type": "Point",
    "coordinates": [
     115.85934461,
     -31.94570141
    ]
   },
   "properties": {
    "name": "UNIT 13, 243 NEWCASTLE STREET NORTHBRIDGE 6003",
    "locID": "LOC000149379733",
    "tech": "FTTC",
    "upgrade": "FTTP_NA",
    "gnaf_pid": "GAWA_718511962",
    "ee": true,
    "tech_change_status": "MDU Complex Eligible To Apply"
   }
  },
  {
   "type": "Feature",
   "geometry": {
    "type": "Point",
    "coordinates": [
     115.85934461,
     -31.94570141
    ]
   },
   "properties": {
    "name": "UNIT 16, 243 NEWCASTLE STREET NORTHBRIDGE 6003",
    "locID": "LOC000149379767",
    "tech": "FTTC",
    "upgrade": "FTTP_NA",
    "gnaf_pid": "GAWA_718511963",
    "ee": true,
    "tech_change_status": "MDU Complex Eligible To Apply"
   }
  },
  {
   "type": "Feature",
   "geometry": {
    "type": "Point",
    "coordinates": [
     115.85934461,
     -31.94570141
    ]
   },
   "properties": {
    "name": "UNIT 2, 243 NEWCASTLE STREET NORTHBRIDGE 6003",
    "locID": "LOC000149379640",
    "tech": "FTTC",
    "upgrade": "FTTP_NA",
    "gnaf_pid": "GAWA_718511964",
    "ee": true,
    "tech_change_status": "MDU Complex Eligible To Apply"
   }
  },
  {
   "type": "Feature",
   "geometry": {
    "type": "Point",
    "coordinates": [
     115.85934461,
     -31.94570141
    ]
   },
   "properties": {
    "name": "UNIT 9, 243 NEWCASTLE STREET NORTHBRIDGE 6003",
    "locID": "LOC000149379693",
    "tech": "FTTC",
    "upgrade": "FTTP_NA",
    "gnaf_pid": "GAWA_718537663",
    "ee": true,
    "tech_change_status": "MDU Complex Eligible To Apply"
   }
  },
  {
   "type": "Feature",
   "geometry": {
    "type": "Point",
    "coordinates": [
     115.85320632,
     -31.94593236
    ]
   },
   "properties": {
    "name": "UNIT 208, 228 JAMES STREET NORTHBRIDGE 6003",
    "locID": "LOC000149373659",
    "tech": "FTTB",
    "upgrade": "NULL_NA",
    "gnaf_pid": "GAWA_718569739",
    "ee": true
   }
  },
  {
   "type": "Feature",
   "geometry": {
    "type": "Point",
    "coordinates": [
     115.85529989,
     -31.94416519
    ]
   },
   "properties": {
    "name": "UNIT 10, 6 ANTONAS ROAD NORTHBRIDGE 6003",
    "locID": "LOC000149378787",
    "tech": "FTTC",
    "upgrade": "FTTP_NA",
    "gnaf_pid": "GAWA_718624153",
    "ee": true,
    "tech_change_status": "MDU Complex Eligible To Apply"
   }
  },
  {
   "type": "Feature",
   "geometry": {
    "type": "Point",
    "coordinates": [
     115.85529989,
     -31.94416519
    ]
   },
   "properties": {
    "name": "UNIT 11, 6 ANTONAS ROAD NORTHBRIDGE 6003",
    "locID": "LOC000149378794",
    "tech": "FTTC",
    "upgrade": "FTTP_NA",
    "gnaf_pid": "GAWA_718624154",
    "ee": true,
    "tech_change_status": "MDU Complex Eligible To Apply"
   }
  },
  {
   "type": "Feature",
   "geometry": {
    "type": "Point",
    "coordinates": [
     115.85529989,
     -31.94416519
    ]
   },
   "properties": {
    "name": "UNIT 12, 6 ANTONAS ROAD NORTHBRIDGE 6003",
    "locID": "LOC000149378804",
    "tech": "FTTC",
    "upgrade": "FTTP_NA",
    "gnaf_pid": "GAWA_718624155",
    "ee": true,
    "tech_change_status": "MDU Complex Eligible To Apply"
   }
  },
  {
   "type": "Feature",
   "geometry": {
    "type": "Point",
    "coordinates": [
     115.85529989,
     -31.94416519
    ]
   },
   "properties": {
    "name": "UNIT 13, 6 ANTONAS ROAD NORTHBRIDGE 6003",
    "locID": "LOC000149378815",
    "tech": "FTTC",
    "upgrade": "FTTP_NA",
    "gnaf_pid": "GAWA_718624156",
    "ee": true,
    "tech_change_status": "MDU Complex Eligible To Apply"
   }
  },
  {
   "type": "Feature",
   "geometry": {
    "type": "Point",
    "coordinates": [
     115.85529989,
     -31.94416519
    ]
   },
   "properties": {
    "name": "UNIT 14, 6 ANTONAS ROAD NORTHBRIDGE 6003",
    "locID": "LOC000149378827",
    "tech": "FTTC",
    "upgrade": "FTTP_NA",
    "gnaf_pid": "GAWA_718624157",
    "ee": true,
    "tech_change_status": "MDU Complex Eligible To Apply"
   }
  },
  {
   "type": "Feature",
   "geometry": {
    "type": "Point",
    "coordinates": [
     115.85529989,
     -31.94416519
    ]
   },
   "properties": {
    "name": "UNIT 15, 6 ANTONAS ROAD NORTHBRIDGE 6003",
    "locID": "LOC000149378836",
    "tech": "FTTC",
    "upgrade": "FTTP_NA",
    "gnaf_pid": "GAWA_718624158",
    "ee": true,
    "tech_change_status": "MDU Complex Eligible To Apply"
   }
  },
  {
   "type": "Feature",
   "geometry": {
    "type": "Point",
    "coordinates": [
     115.85529989,
     -31.94416519
    ]
   },
   "properties": {
    "name": "UNIT 16, 6 ANTONAS ROAD NORTHBRIDGE 6003",
    "locID": "LOC000149378843",
    "tech": "FTTC",
    "upgrade": "FTTP_NA",
    "gnaf_pid": "GAWA_718624159",
    "ee": true,
    "tech_change_status": "MDU Complex Eligible To Apply"
   }
  },
  {
   "type": "Feature",
   "geometry": {
    "type": "Point",
    "coordinates": [
     115.85529989,
     -31.94416519
    ]
   },
   "properties": {
    "name": "UNIT 17, 6 ANTONAS ROAD NORTHBRIDGE 6003",
    "locID": "LOC000149378858",
    "tech": "FTTC",
    "upgrade": "FTTP_NA",
    "gnaf_pid": "GAWA_718624160",
    "ee": true,
    "tech_change_status": "MDU Complex Eligible To Apply"
   }
  },
  {
   "type": "Feature",
   "geometry": {
    "type": "Point",
    "coordinates": [
     115.85529989,
     -31.94416519
    ]
   },
   "properties": {
    "name": "UNIT 18, 6 ANTONAS ROAD NORTHBRIDGE 6003",
    "locID": "LOC000149378862",
    "tech": "FTTC",
    "upgrade": "FTTP_NA",
    "gnaf_pid": "GAWA_718624161",
    "ee": true,
    "tech_change_status": "MDU Complex Eligible To Apply"
   }
  },
  {
   "type": "Feature",
   "geometry": {
    "type": "Point",
    "coordinates": [
     115.85529989,
     -31.94416519
    ]
   },
   "properties": {
    "name": "UNIT 19, 6 ANTONAS ROAD NORTHBRIDGE 6003",
    "locID": "LOC000149378870",
    "tech": "FTTC",
    "upgrade": "FTTP_NA",
    "gnaf_pid": "GAWA_718624162",
    "ee": true,
    "tech_change_status": "MDU Complex Eligible To Apply"
   }
  },
  {
   "type": "Feature",
   "geometry": {
    "type": "Point",
    "coordinates": [
     115.85529989,
     -31.94416519
    ]
   },
   "properties": {
    "name": "UNIT 1, 6 ANTONAS ROAD NORTHBRIDGE 6003",
    "locID": "LOC000149378787",
    "tech": "FTTC",
    "upgrade": "FTTP_NA",
    "gnaf_pid": "GAWA_718624163",
    "ee": true,
    "tech_change_status": "MDU Complex Eligible To Apply"
   }
  },
  {
   "type": "Feature",
   "geometry": {
    "type": "Point",
    "coordinates": [
     115.85529989,
     -31.94416519
    ]
   },
   "properties": {
    "name": "UNIT 2, 6 ANTONAS ROAD NORTHBRIDGE 6003",
    "locID": "LOC000149378702",
    "tech": "FTTC",
    "upgrade": "FTTP_NA",
    "gnaf_pid": "GAWA_718624164",
    "ee": true,
    "tech_change_status": "MDU Complex Eligible To Apply"
   }
  },
  {
   "type": "Feature",
   "geometry": {
    "type": "Point",
    "coordinates": [
     115.85529989,
     -31.94416519
    ]
   },
   "properties": {
    "name": "UNIT 3, 6 ANTONAS ROAD NORTHBRIDGE 6003",
    "locID": "LOC000149378718",
    "tech": "FTTC",
    "upgrade": "FTTP_NA",
    "gnaf_pid": "GAWA_718624165",
    "ee": true,
    "tech_change_status": "MDU Complex Eligible To Apply"
   }
  },
  {
   "type": "Feature",
   "geometry": {
    "type": "Point",
    "coordinates": [
     115.85529989,
     -31.94416519
    ]
   },
   "properties": {
    "name": "UNIT 4, 6 ANTONAS ROAD NORTHBRIDGE 6003",
    "locID": "LOC000149378725",
    "tech": "FTTC",
    "upgrade": "FTTP_NA",
    "gnaf_pid": "GAWA_718624166",
    "ee": true,
    "tech_change_status": "MDU Complex Eligible To Apply"
   }
  },
  {
   "type": "Feature",
   "geometry": {
    "type": "Point",
    "coordinates": [
     115.85529989,
     -31.94416519
    ]
   },
   "properties": {
    "name": "UNIT 5, 6 ANTONAS ROAD NORTHBRIDGE 6003",
    "locID": "LOC000149378739",
    "tech": "FTTC",
    "upgrade": "FTTP_NA",
    "gnaf_pid": "GAWA_718624167",
    "ee": true,
    "tech_change_status": "MDU Complex Eligible To Apply"
   }
  },
  {
   "type": "Feature",
   "geometry": {
    "type": "Point",
    "coordinates": [
     115.85529989,
     -31.94416519
    ]
   },
   "properties": {
    "name": "UNIT 6, 6 ANTONAS ROAD NORTHBRIDGE 6003",
    "locID": "LOC000149378702",
    "tech": "FTTC",
    "upgrade": "FTTP_NA",
    "gnaf_pid": "GAWA_718624168",
    "ee": true,
    "tech_change_status": "MDU Complex Eligible To Apply"
   }
  },
  {
   "type": "Feature",
   "geometry": {
    "type": "Point",
    "coordinates": [
     115.85529989,
     -31.94416519
    ]
   },
   "properties": {
    "name": "UNIT 7, 6 ANTONAS ROAD NORTHBRIDGE 6003",
    "locID": "LOC000149378756",
    "tech": "FTTC",
    "upgrade": "FTTP_NA",
    "gnaf_pid": "GAWA_718624169",
    "ee": true,
    "tech_change_status": "MDU Complex Eligible To Apply"
   }
  },
  {
   "type": "Feature",
   "geometry": {
    "type": "Point",
    "coordinates": [
     115.85529989,
     -31.94416519
    ]
   },
   "properties": {
    "name": "UNIT 8, 6 ANTONAS ROAD NORTHBRIDGE 6003",
    "locID": "LOC000149378760",
    "tech": "FTTC",
    "upgrade": "FTTP_NA",
    "gnaf_pid": "GAWA_718624170",
    "ee": true,
    "tech_change_status": "MDU Complex Eligible To Apply"
   }
  },
  {
   "type": "Feature",
   "geometry": {
    "type": "Point",
    "coordinates": [
     115.85529989,
     -31.94416519
    ]
   },
   "properties": {
    "name": "UNIT 9, 6 ANTONAS ROAD NORTHBRIDGE 6003",
    "locID": "LOC000149378773",
    "tech": "FTTC",
    "upgrade": "FTTP_NA",
    "gnaf_pid": "GAWA_718624171",
    "ee": true,
    "tech_change_status": "MDU Complex Eligible To Apply"
   }
  },
  {
   "type": "Feature",
   "geometry": {
    "type": "Point",
    "coordinates": [
     115.85934461,
     -31.94570141
    ]
   },
   "properties": {
    "name": "UNIT 7, 243 NEWCASTLE STREET NORTHBRIDGE 6003",
    "locID": "LOC000149379686",
    "tech": "FTTC",
    "upgrade": "FTTP_NA",
    "gnaf_pid": "GAWA_718633877",
    "ee": true,
    "tech_change_status": "MDU Complex Eligible To Apply"
   }
  },
  {
   "type": "Feature",
   "geometry": {
    "type": "Point",
    "coordinates": [
     115.85524087,
     -31.94383341
    ]
   },
   "properties": {
    "name": "SUITE 1, 343 NEWCASTLE STREET NORTHBRIDGE 6003",
    "locID": "LOC000149384553",
    "tech": "FTTC",
    "upgrade": "FTTP_SA",
    "gnaf_pid": "GAWA_718652849",
    "ee": true,
    "tech_change_status": "Eligible to Order"
   }
  },
  {
   "type": "Feature",
   "geometry": {
    "type": "Point",
    "coordinates": [
     115.85524087,
     -31.94383341
    ]
   },
   "properties": {
    "name": "SUITE 2, 343 NEWCASTLE STREET NORTHBRIDGE 6003",
    "locID": "LOC000149384569",
    "tech": "FTTC",
    "upgrade": "FTTP_SA",
    "gnaf_pid": "GAWA_718652850",
    "ee": true,
    "tech_change_status": "Eligible to Order"
   }
  },
  {
   "type": "Feature",
   "geometry": {
    "type": "Point",
    "coordinates": [
     115.85847963,
     -31.94831739
    ]
   },
   "properties": {
    "name": "LEVEL 1, 98-100 JAMES STREET NORTHBRIDGE 6003",
    "locID": "LOC000147171460",
    "tech": "FTTP",
    "upgrade": "NULL_NA",
    "gnaf_pid": "GAWA_718836020",
    "ee": true
   }
  },
  {
   "type": "Feature",
   "geometry": {
    "type": "Point",
    "coordinates": [
     115.85847963,
     -31.94831739
    ]
   },
   "properties": {
    "name": "LEVEL 2, 98-100 JAMES STREET NORTHBRIDGE 6003",
    "locID": "LOC000147171460",
    "tech": "FTTP",
    "upgrade": "NULL_NA",
    "gnaf_pid": "GAWA_718836021",
    "ee": true
   }
  },
  {
   "type": "Feature",
   "geometry": {
    "type": "Point",
    "coordinates": [
     115.85847963,
     -31.94831739
    ]
   },
   "properties": {
    "name": "LEVEL 3, 98-100 JAMES STREET NORTHBRIDGE 6003",
    "locID": "LOC000147171460",
    "tech": "FTTP",
    "upgrade": "NULL_NA",
    "gnaf_pid": "GAWA_718836022",
    "ee": true
   }
  },
  {
   "type": "Feature",
   "geometry": {
    "type": "Point",
    "coordinates": [
     115.85847963,
     -31.94831739
    ]
   },
   "properties": {
    "name": "98-100 JAMES STREET NORTHBRIDGE 6003",
    "locID": "LOC000147171460",
    "tech": "FTTP",
    "upgrade": "NULL_NA",
    "gnaf_pid": "GAWA_718836023",
    "ee": true
   }
  },
  {
   "type": "Feature",
   "geometry": {
    "type": "Point",
    "coordinates": [
     115.85499237,
     -31.94372859
    ]
   },
   "properties": {
    "name": "UNIT 1, 355 NEWCASTLE STREET NORTHBRIDGE 6003",
    "locID": "LOC000175551054",
    "tech": "FTTC",
    "upgrade": "FTTP_NA",
    "gnaf_pid": "GAWA_718948112",
    "ee": true,
    "tech_change_status": "MDU Complex Eligible To Apply"
   }
  },
  {
   "type": "Feature",
   "geometry": {
    "type": "Point",
    "coordinates": [
     115.85499237,
     -31.94372859
    ]
   },
   "properties": {
    "name": "UNIT 2, 355 NEWCASTLE STREET NORTHBRIDGE 6003",
    "locID": "LOC000175551065",
    "tech": "FTTC",
    "upgrade": "FTTP_NA",
    "gnaf_pid": "GAWA_718948113",
    "ee": true,
    "tech_change_status": "MDU Complex Eligible To Apply"
   }
  },
  {
   "type": "Feature",
   "geometry": {
    "type": "Point",
    "coordinates": [
     115.85200232,
     -31.94608044
    ]
   },
   "properties": {
    "name": "UNIT 79, 269 JAMES STREET NORTHBRIDGE 6003",
    "locID": "LOC000147170185",
    "tech": "FTTP",
    "upgrade": "NULL_NA",
    "gnaf_pid": "GAWA_719034602",
    "ee": true
   }
  },
  {
   "type": "Feature",
   "geometry": {
    "type": "Point",
    "coordinates": [
     115.85200232,
     -31.94608044
    ]
   },
   "properties": {
    "name": "UNIT 86, 269 JAMES STREET NORTHBRIDGE 6003",
    "locID": "LOC000147170185",
    "tech": "FTTP",
    "upgrade": "NULL_NA",
    "gnaf_pid": "GAWA_719034603",
    "ee": true
   }
  },
  {
   "type": "Feature",
   "geometry": {
    "type": "Point",
    "coordinates": [
     115.85200232,
     -31.94608044
    ]
   },
   "properties": {
    "name": "UNIT 90, 269 JAMES STREET NORTHBRIDGE 6003",
    "locID": "LOC000147170185",
    "tech": "FTTP",
    "upgrade": "NULL_NA",
    "gnaf_pid": "GAWA_719034634",
    "ee": true
   }
  },
  {
   "type": "Feature",
   "geometry": {
    "type": "Point",
    "coordinates": [
     115.85200232,
     -31.94608044
    ]
   },
   "properties": {
    "name": "UNIT 113, 269 JAMES STREET NORTHBRIDGE 6003",
    "locID": "LOC000147170185",
    "tech": "FTTP",
    "upgrade": "NULL_NA",
    "gnaf_pid": "GAWA_719034780",
    "ee": true
   }
  },
  {
   "type": "Feature",
   "geometry": {
    "type": "Point",
    "coordinates": [
     115.85200232,
     -31.94608044
    ]
   },
   "properties": {
    "name": "UNIT 26, 269 JAMES STREET NORTHBRIDGE 6003",
    "locID": "LOC000147170185",
    "tech": "FTTP",
    "upgrade": "NULL_NA",
    "gnaf_pid": "GAWA_719034817",
    "ee": true
   }
  },
  {
   "type": "Feature",
   "geometry": {
    "type": "Point",
    "coordinates": [
     115.85200232,
     -31.94608044
    ]
   },
   "properties": {
    "name": "UNIT 25, 269 JAMES STREET NORTHBRIDGE 6003",
    "locID": "LOC000147170185",
    "tech": "FTTP",
    "upgrade": "NULL_NA",
    "gnaf_pid": "GAWA_719035011",
    "ee": true
   }
  },
  {
   "type": "Feature",
   "geometry": {
    "type": "Point",
    "coordinates": [
     115.85200232,
     -31.94608044
    ]
   },
   "properties": {
    "name": "UNIT 102, 269 JAMES STREET NORTHBRIDGE 6003",
    "locID": "LOC000147170185",
    "tech": "FTTP",
    "upgrade": "NULL_NA",
    "gnaf_pid": "GAWA_719035058",
    "ee": true
   }
  },
  {
   "type": "Feature",
   "geometry": {
    "type": "Point",
    "coordinates": [
     115.85200232,
     -31.94608044
    ]
   },
   "properties": {
    "name": "UNIT 17, 269 JAMES STREET NORTHBRIDGE 6003",
    "locID": "LOC000147170185",
    "tech": "FTTP",
    "upgrade": "NULL_NA",
    "gnaf_pid": "GAWA_719035588",
    "ee": true
   }
  },
  {
   "type": "Feature",
   "geometry": {
    "type": "Point",
    "coordinates": [
     115.85200232,
     -31.94608044
    ]
   },
   "properties": {
    "name": "UNIT 7, 269 JAMES STREET NORTHBRIDGE 6003",
    "locID": "LOC000147170185",
    "tech": "FTTP",
    "upgrade": "NULL_NA",
    "gnaf_pid": "GAWA_719035589",
    "ee": true
   }
  },
  {
   "type": "Feature",
   "geometry": {
    "type": "Point",
    "coordinates": [
     115.85200232,
     -31.94608044
    ]
   },
   "properties": {
    "name": "UNIT 62, 269 JAMES STREET NORTHBRIDGE 6003",
    "locID": "LOC000147170185",
    "tech": "FTTP",
    "upgrade": "NULL_NA",
    "gnaf_pid": "GAWA_719035642",
    "ee": true
   }
  },
  {
   "type": "Feature",
   "geometry": {
    "type": "Point",
    "coordinates": [
     115.85200232,
     -31.94608044
    ]
   },
   "properties": {
    "name": "UNIT 97, 269 JAMES STREET NORTHBRIDGE 6003",
    "locID": "LOC000147170185",
    "tech": "FTTP",
    "upgrade": "NULL_NA",
    "gnaf_pid": "GAWA_719035643",
    "ee": true
   }
  },
  {
   "type": "Feature",
   "geometry": {
    "type": "Point",
    "coordinates": [
     115.85200232,
     -31.94608044
    ]
   },
   "properties": {
    "name": "UNIT 70, 269 JAMES STREET NORTHBRIDGE 6003",
    "locID": "LOC000147170185",
    "tech": "FTTP",
    "upgrade": "NULL_NA",
    "gnaf_pid": "GAWA_719035645",
    "ee": true
   }
  },
  {
   "type": "Feature",
   "geometry": {
    "type": "Point",
    "coordinates": [
     115.85200232,
     -31.94608044
    ]
   },
   "properties": {
    "name": "UNIT 80, 269 JAMES STREET NORTHBRIDGE 6003",
    "locID": "LOC000147170185",
    "tech": "FTTP",
    "upgrade": "NULL_NA",
    "gnaf_pid": "GAWA_719035646",
    "ee": true
   }
  },
  {
   "type": "Feature",
   "geometry": {
    "type": "Point",
    "coordinates": [
     115.85638689,
     -31.94738492
    ]
   },
   "properties": {
    "name": "UNIT 7, 160 JAMES STREET NORTHBRIDGE 6003",
    "locID": "LOC000028661226",
    "tech": "FTTC",
    "upgrade": "FTTP_NA",
    "gnaf_pid": "GAWA_719035755",
    "ee": true,
    "tech_change_status": "MDU Complex Eligible To Apply"
   }
  },
  {
   "type": "Feature",
   "geometry": {
    "type": "Point",
    "coordinates": [
     115.85200232,
     -31.94608044
    ]
   },
   "properties": {
    "name": "UNIT 103, 269 JAMES STREET NORTHBRIDGE 6003",
    "locID": "LOC000147170185",
    "tech": "FTTP",
    "upgrade": "NULL_NA",
    "gnaf_pid": "GAWA_719035789",
    "ee": true
   }
  },
  {
   "type": "Feature",
   "geometry": {
    "type": "Point",
    "coordinates": [
     115.85200232,
     -31.94608044
    ]
   },
   "properties": {
    "name": "UNIT 105, 269 JAMES STREET NORTHBRIDGE 6003",
    "locID": "LOC000147170185",
    "tech": "FTTP",
    "upgrade": "NULL_NA",
    "gnaf_pid": "GAWA_719035790",
    "ee": true
   }
  },
  {
   "type": "Feature",
   "geometry": {
    "type": "Point",
    "coordinates": [
     115.85200232,
     -31.94608044
    ]
   },
   "properties": {
    "name": "UNIT 104, 269 JAMES STREET NORTHBRIDGE 6003",
    "locID": "LOC000147170185",
    "tech": "FTTP",
    "upgrade": "NULL_NA",
    "gnaf_pid": "GAWA_719035862",
    "ee": true
   }
  },
  {
   "type": "Feature",
   "geometry": {
    "type": "Point",
    "coordinates": [
     115.85200232,
     -31.94608044
    ]
   },
   "properties": {
    "name": "UNIT 46, 269 JAMES STREET NORTHBRIDGE 6003",
    "locID": "LOC000147170185",
    "tech": "FTTP",
    "upgrade": "NULL_NA",
    "gnaf_pid": "GAWA_719036116",
    "ee": true
   }
  },
  {
   "type": "Feature",
   "geometry": {
    "type": "Point",
    "coordinates": [
     115.85200232,
     -31.94608044
    ]
   },
   "properties": {
    "name": "UNIT 21, 269 JAMES STREET NORTHBRIDGE 6003",
    "locID": "LOC000147170185",
    "tech": "FTTP",
    "upgrade": "NULL_NA",
    "gnaf_pid": "GAWA_719036255",
    "ee": true
   }
  },
  {
   "type": "Feature",
   "geometry": {
    "type": "Point",
    "coordinates": [
     115.85200232,
     -31.94608044
    ]
   },
   "properties": {
    "name": "UNIT 107, 269 JAMES STREET NORTHBRIDGE 6003",
    "locID": "LOC000147170185",
    "tech": "FTTP",
    "upgrade": "NULL_NA",
    "gnaf_pid": "GAWA_719036315",
    "ee": true
   }
  },
  {
   "type": "Feature",
   "geometry": {
    "type": "Point",
    "coordinates": [
     115.85200232,
     -31.94608044
    ]
   },
   "properties": {
    "name": "UNIT 30, 269 JAMES STREET NORTHBRIDGE 6003",
    "locID": "LOC000147170185",
    "tech": "FTTP",
    "upgrade": "NULL_NA",
    "gnaf_pid": "GAWA_719036383",
    "ee": true
   }
  },
  {
   "type": "Feature",
   "geometry": {
    "type": "Point",
    "coordinates": [
     115.85200232,
     -31.94608044
    ]
   },
   "properties": {
    "name": "UNIT 34, 269 JAMES STREET NORTHBRIDGE 6003",
    "locID": "LOC000147170185",
    "tech": "FTTP",
    "upgrade": "NULL_NA",
    "gnaf_pid": "GAWA_719036384",
    "ee": true
   }
  },
  {
   "type": "Feature",
   "geometry": {
    "type": "Point",
    "coordinates": [
     115.85200232,
     -31.94608044
    ]
   },
   "properties": {
    "name": "UNIT 43, 269 JAMES STREET NORTHBRIDGE 6003",
    "locID": "LOC000147170185",
    "tech": "FTTP",
    "upgrade": "NULL_NA",
    "gnaf_pid": "GAWA_719036553",
    "ee": true
   }
  },
  {
   "type": "Feature",
   "geometry": {
    "type": "Point",
    "coordinates": [
     115.85200232,
     -31.94608044
    ]
   },
   "properties": {
    "name": "UNIT 89, 269 JAMES STREET NORTHBRIDGE 6003",
    "locID": "LOC000147170185",
    "tech": "FTTP",
    "upgrade": "NULL_NA",
    "gnaf_pid": "GAWA_719036596",
    "ee": true
   }
  },
  {
   "type": "Feature",
   "geometry": {
    "type": "Point",
    "coordinates": [
     115.85200232,
     -31.94608044
    ]
   },
   "properties": {
    "name": "UNIT 55, 269 JAMES STREET NORTHBRIDGE 6003",
    "locID": "LOC000147170185",
    "tech": "FTTP",
    "upgrade": "NULL_NA",
    "gnaf_pid": "GAWA_719036623",
    "ee": true
   }
  },
  {
   "type": "Feature",
   "geometry": {
    "type": "Point",
    "coordinates": [
     115.85200232,
     -31.94608044
    ]
   },
   "properties": {
    "name": "UNIT 63, 269 JAMES STREET NORTHBRIDGE 6003",
    "locID": "LOC000147170185",
    "tech": "FTTP",
    "upgrade": "NULL_NA",
    "gnaf_pid": "GAWA_719036624",
    "ee": true
   }
  },
  {
   "type": "Feature",
   "geometry": {
    "type": "Point",
    "coordinates": [
     115.85200232,
     -31.94608044
    ]
   },
   "properties": {
    "name": "UNIT 67, 269 JAMES STREET NORTHBRIDGE 6003",
    "locID": "LOC000147170185",
    "tech": "FTTP",
    "upgrade": "NULL_NA",
    "gnaf_pid": "GAWA_719036629",
    "ee": true
   }
  },
  {
   "type": "Feature",
   "geometry": {
    "type": "Point",
    "coordinates": [
     115.85200232,
     -31.94608044
    ]
   },
   "properties": {
    "name": "UNIT 77, 269 JAMES STREET NORTHBRIDGE 6003",
    "locID": "LOC000147170185",
    "tech": "FTTP",
    "upgrade": "NULL_NA",
    "gnaf_pid": "GAWA_719036630",
    "ee": true
   }
  },
  {
   "type": "Feature",
   "geometry": {
    "type": "Point",
    "coordinates": [
     115.85200232,
     -31.94608044
    ]
   },
   "properties": {
    "name": "UNIT 84, 269 JAMES STREET NORTHBRIDGE 6003",
    "locID": "LOC000147170185",
    "tech": "FTTP",
    "upgrade": "NULL_NA",
    "gnaf_pid": "GAWA_719036631",
    "ee": true
   }
  },
  {
   "type": "Feature",
   "geometry": {
    "type": "Point",
    "coordinates": [
     115.85200232,
     -31.94608044
    ]
   },
   "properties": {
    "name": "UNIT 85, 269 JAMES STREET NORTHBRIDGE 6003",
    "locID": "LOC000147170185",
    "tech": "FTTP",
    "upgrade": "NULL_NA",
    "gnaf_pid": "GAWA_719036632",
    "ee": true
   }
  },
  {
   "type": "Feature",
   "geometry": {
    "type": "Point",
    "coordinates": [
     115.85200232,
     -31.94608044
    ]
   },
   "properties": {
    "name": "UNIT 13, 269 JAMES STREET NORTHBRIDGE 6003",
    "locID": "LOC000147170185",
    "tech": "FTTP",
    "upgrade": "NULL_NA",
    "gnaf_pid": "GAWA_719036677",
    "ee": true
   }
  },
  {
   "type": "Feature",
   "geometry": {
    "type": "Point",
    "coordinates": [
     115.85638689,
     -31.94738492
    ]
   },
   "properties": {
    "name": "UNIT 6, 160 JAMES STREET NORTHBRIDGE 6003",
    "locID": "LOC000028661226",
    "tech": "FTTC",
    "upgrade": "FTTP_NA",
    "gnaf_pid": "GAWA_719036741",
    "ee": true,
    "tech_change_status": "MDU Complex Eligible To Apply"
   }
  },
  {
   "type": "Feature",
   "geometry": {
    "type": "Point",
    "coordinates": [
     115.85200232,
     -31.94608044
    ]
   },
   "properties": {
    "name": "UNIT 101, 269 JAMES STREET NORTHBRIDGE 6003",
    "locID": "LOC000147170185",
    "tech": "FTTP",
    "upgrade": "NULL_NA",
    "gnaf_pid": "GAWA_719036773",
    "ee": true
   }
  },
  {
   "type": "Feature",
   "geometry": {
    "type": "Point",
    "coordinates": [
     115.85200232,
     -31.94608044
    ]
   },
   "properties": {
    "name": "UNIT 108, 269 JAMES STREET NORTHBRIDGE 6003",
    "locID": "LOC000147170185",
    "tech": "FTTP",
    "upgrade": "NULL_NA",
    "gnaf_pid": "GAWA_719036774",
    "ee": true
   }
  },
  {
   "type": "Feature",
   "geometry": {
    "type": "Point",
    "coordinates": [
     115.85200232,
     -31.94608044
    ]
   },
   "properties": {
    "name": "UNIT 29, 269 JAMES STREET NORTHBRIDGE 6003",
    "locID": "LOC000147170185",
    "tech": "FTTP",
    "upgrade": "NULL_NA",
    "gnaf_pid": "GAWA_719036818",
    "ee": true
   }
  },
  {
   "type": "Feature",
   "geometry": {
    "type": "Point",
    "coordinates": [
     115.85200232,
     -31.94608044
    ]
   },
   "properties": {
    "name": "UNIT 100, 269 JAMES STREET NORTHBRIDGE 6003",
    "locID": "LOC000147170185",
    "tech": "FTTP",
    "upgrade": "NULL_NA",
    "gnaf_pid": "GAWA_719036853",
    "ee": true
   }
  },
  {
   "type": "Feature",
   "geometry": {
    "type": "Point",
    "coordinates": [
     115.85200232,
     -31.94608044
    ]
   },
   "properties": {
    "name": "UNIT 31, 269 JAMES STREET NORTHBRIDGE 6003",
    "locID": "LOC000147170185",
    "tech": "FTTP",
    "upgrade": "NULL_NA",
    "gnaf_pid": "GAWA_719037055",
    "ee": true
   }
  },
  {
   "type": "Feature",
   "geometry": {
    "type": "Point",
    "coordinates": [
     115.85200232,
     -31.94608044
    ]
   },
   "properties": {
    "name": "UNIT 19, 269 JAMES STREET NORTHBRIDGE 6003",
    "locID": "LOC000147170185",
    "tech": "FTTP",
    "upgrade": "NULL_NA",
    "gnaf_pid": "GAWA_719037071",
    "ee": true
   }
  },
  {
   "type": "Feature",
   "geometry": {
    "type": "Point",
    "coordinates": [
     115.85200232,
     -31.94608044
    ]
   },
   "properties": {
    "name": "UNIT 44, 269 JAMES STREET NORTHBRIDGE 6003",
    "locID": "LOC000147170185",
    "tech": "FTTP",
    "upgrade": "NULL_NA",
    "gnaf_pid": "GAWA_719037296",
    "ee": true
   }
  },
  {
   "type": "Feature",
   "geometry": {
    "type": "Point",
    "coordinates": [
     115.85200232,
     -31.94608044
    ]
   },
   "properties": {
    "name": "UNIT 52, 269 JAMES STREET NORTHBRIDGE 6003",
    "locID": "LOC000147170185",
    "tech": "FTTP",
    "upgrade": "NULL_NA",
    "gnaf_pid": "GAWA_719037359",
    "ee": true
   }
  },
  {
   "type": "Feature",
   "geometry": {
    "type": "Point",
    "coordinates": [
     115.85200232,
     -31.94608044
    ]
   },
   "properties": {
    "name": "UNIT 23, 269 JAMES STREET NORTHBRIDGE 6003",
    "locID": "LOC000147170185",
    "tech": "FTTP",
    "upgrade": "NULL_NA",
    "gnaf_pid": "GAWA_719037385",
    "ee": true
   }
  },
  {
   "type": "Feature",
   "geometry": {
    "type": "Point",
    "coordinates": [
     115.85200232,
     -31.94608044
    ]
   },
   "properties": {
    "name": "UNIT 37, 269 JAMES STREET NORTHBRIDGE 6003",
    "locID": "LOC000147170185",
    "tech": "FTTP",
    "upgrade": "NULL_NA",
    "gnaf_pid": "GAWA_719037386",
    "ee": true
   }
  },
  {
   "type": "Feature",
   "geometry": {
    "type": "Point",
    "coordinates": [
     115.85638689,
     -31.94738492
    ]
   },
   "properties": {
    "name": "UNIT 1, 160 JAMES STREET NORTHBRIDGE 6003",
    "locID": "LOC000028661226",
    "tech": "FTTC",
    "upgrade": "FTTP_NA",
    "gnaf_pid": "GAWA_719037538",
    "ee": true,
    "tech_change_status": "MDU Complex Eligible To Apply"
   }
  },
  {
   "type": "Feature",
   "geometry": {
    "type": "Point",
    "coordinates": [
     115.85200232,
     -31.94608044
    ]
   },
   "properties": {
    "name": "UNIT 65, 269 JAMES STREET NORTHBRIDGE 6003",
    "locID": "LOC000147170185",
    "tech": "FTTP",
    "upgrade": "NULL_NA",
    "gnaf_pid": "GAWA_719037594",
    "ee": true
   }
  },
  {
   "type": "Feature",
   "geometry": {
    "type": "Point",
    "coordinates": [
     115.85200232,
     -31.94608044
    ]
   },
   "properties": {
    "name": "UNIT 72, 269 JAMES STREET NORTHBRIDGE 6003",
    "locID": "LOC000147170185",
    "tech": "FTTP",
    "upgrade": "NULL_NA",
    "gnaf_pid": "GAWA_719037595",
    "ee": true
   }
  },
  {
   "type": "Feature",
   "geometry": {
    "type": "Point",
    "coordinates": [
     115.85200232,
     -31.94608044
    ]
   },
   "properties": {
    "name": "UNIT 60, 269 JAMES STREET NORTHBRIDGE 6003",
    "locID": "LOC000147170185",
    "tech": "FTTP",
    "upgrade": "NULL_NA",
    "gnaf_pid": "GAWA_719037624",
    "ee": true
   }
  },
  {
   "type": "Feature",
   "geometry": {
    "type": "Point",
    "coordinates": [
     115.85200232,
     -31.94608044
    ]
   },
   "properties": {
    "name": "UNIT 98, 269 JAMES STREET NORTHBRIDGE 6003",
    "locID": "LOC000147170185",
    "tech": "FTTP",
    "upgrade": "NULL_NA",
    "gnaf_pid": "GAWA_719037625",
    "ee": true
   }
  },
  {
   "type": "Feature",
   "geometry": {
    "type": "Point",
    "coordinates": [
     115.85200232,
     -31.94608044
    ]
   },
   "properties": {
    "name": "UNIT 16, 269 JAMES STREET NORTHBRIDGE 6003",
    "locID": "LOC000147170185",
    "tech": "FTTP",
    "upgrade": "NULL_NA",
    "gnaf_pid": "GAWA_719037674",
    "ee": true
   }
  },
  {
   "type": "Feature",
   "geometry": {
    "type": "Point",
    "coordinates": [
     115.85638689,
     -31.94738492
    ]
   },
   "properties": {
    "name": "UNIT 2, 160 JAMES STREET NORTHBRIDGE 6003",
    "locID": "LOC000028661226",
    "tech": "FTTC",
    "upgrade": "FTTP_NA",
    "gnaf_pid": "GAWA_719037736",
    "ee": true,
    "tech_change_status": "MDU Complex Eligible To Apply"
   }
  },
  {
   "type": "Feature",
   "geometry": {
    "type": "Point",
    "coordinates": [
     115.85200232,
     -31.94608044
    ]
   },
   "properties": {
    "name": "UNIT 33, 269 JAMES STREET NORTHBRIDGE 6003",
    "locID": "LOC000147170185",
    "tech": "FTTP",
    "upgrade": "NULL_NA",
    "gnaf_pid": "GAWA_719037783",
    "ee": true
   }
  },
  {
   "type": "Feature",
   "geometry": {
    "type": "Point",
    "coordinates": [
     115.85638689,
     -31.94738492
    ]
   },
   "properties": {
    "name": "UNIT 5, 160 JAMES STREET NORTHBRIDGE 6003",
    "locID": "LOC000028661226",
    "tech": "FTTC",
    "upgrade": "FTTP_NA",
    "gnaf_pid": "GAWA_719037823",
    "ee": true,
    "tech_change_status": "MDU Complex Eligible To Apply"
   }
  },
  {
   "type": "Feature",
   "geometry": {
    "type": "Point",
    "coordinates": [
     115.85200232,
     -31.94608044
    ]
   },
   "properties": {
    "name": "UNIT 41, 269 JAMES STREET NORTHBRIDGE 6003",
    "locID": "LOC000147170185",
    "tech": "FTTP",
    "upgrade": "NULL_NA",
    "gnaf_pid": "GAWA_719037853",
    "ee": true
   }
  },
  {
   "type": "Feature",
   "geometry": {
    "type": "Point",
    "coordinates": [
     115.85200232,
     -31.94608044
    ]
   },
   "properties": {
    "name": "UNIT 56, 269 JAMES STREET NORTHBRIDGE 6003",
    "locID": "LOC000147170185",
    "tech": "FTTP",
    "upgrade": "NULL_NA",
    "gnaf_pid": "GAWA_719037864",
    "ee": true
   }
  },
  {
   "type": "Feature",
   "geometry": {
    "type": "Point",
    "coordinates": [
     115.85200232,
     -31.94608044
    ]
   },
   "properties": {
    "name": "UNIT 92, 269 JAMES STREET NORTHBRIDGE 6003",
    "locID": "LOC000147170185",
    "tech": "FTTP",
    "upgrade": "NULL_NA",
    "gnaf_pid": "GAWA_719037865",
    "ee": true
   }
  },
  {
   "type": "Feature",
   "geometry": {
    "type": "Point",
    "coordinates": [
     115.85200232,
     -31.94608044
    ]
   },
   "properties": {
    "name": "UNIT 112, 269 JAMES STREET NORTHBRIDGE 6003",
    "locID": "LOC000147170185",
    "tech": "FTTP",
    "upgrade": "NULL_NA",
    "gnaf_pid": "GAWA_719038061",
    "ee": true
   }
  },
  {
   "type": "Feature",
   "geometry": {
    "type": "Point",
    "coordinates": [
     115.85200232,
     -31.94608044
    ]
   },
   "properties": {
    "name": "UNIT 38, 269 JAMES STREET NORTHBRIDGE 6003",
    "locID": "LOC000147170185",
    "tech": "FTTP",
    "upgrade": "NULL_NA",
    "gnaf_pid": "GAWA_719038102",
    "ee": true
   }
  },
  {
   "type": "Feature",
   "geometry": {
    "type": "Point",
    "coordinates": [
     115.85200232,
     -31.94608044
    ]
   },
   "properties": {
    "name": "UNIT 57, 269 JAMES STREET NORTHBRIDGE 6003",
    "locID": "LOC000147170185",
    "tech": "FTTP",
    "upgrade": "NULL_NA",
    "gnaf_pid": "GAWA_719038251",
    "ee": true
   }
  },
  {
   "type": "Feature",
   "geometry": {
    "type": "Point",
    "coordinates": [
     115.85200232,
     -31.94608044
    ]
   },
   "properties": {
    "name": "UNIT 58, 269 JAMES STREET NORTHBRIDGE 6003",
    "locID": "LOC000147170185",
    "tech": "FTTP",
    "upgrade": "NULL_NA",
    "gnaf_pid": "GAWA_719038362",
    "ee": true
   }
  },
  {
   "type": "Feature",
   "geometry": {
    "type": "Point",
    "coordinates": [
     115.85200232,
     -31.94608044
    ]
   },
   "properties": {
    "name": "UNIT 93, 269 JAMES STREET NORTHBRIDGE 6003",
    "locID": "LOC000147170185",
    "tech": "FTTP",
    "upgrade": "NULL_NA",
    "gnaf_pid": "GAWA_719038363",
    "ee": true
   }
  },
  {
   "type": "Feature",
   "geometry": {
    "type": "Point",
    "coordinates": [
     115.85200232,
     -31.94608044
    ]
   },
   "properties": {
    "name": "UNIT 76, 269 JAMES STREET NORTHBRIDGE 6003",
    "locID": "LOC000147170185",
    "tech": "FTTP",
    "upgrade": "NULL_NA",
    "gnaf_pid": "GAWA_719038491",
    "ee": true
   }
  },
  {
   "type": "Feature",
   "geometry": {
    "type": "Point",
    "coordinates": [
     115.85638689,
     -31.94738492
    ]
   },
   "properties": {
    "name": "UNIT 4, 160 JAMES STREET NORTHBRIDGE 6003",
    "locID": "LOC000028661226",
    "tech": "FTTC",
    "upgrade": "FTTP_NA",
    "gnaf_pid": "GAWA_719038575",
    "ee": true,
    "tech_change_status": "MDU Complex Eligible To Apply"
   }
  },
  {
   "type": "Feature",
   "geometry": {
    "type": "Point",
    "coordinates": [
     115.85200232,
     -31.94608044
    ]
   },
   "properties": {
    "name": "UNIT 10, 269 JAMES STREET NORTHBRIDGE 6003",
    "locID": "LOC000147170185",
    "tech": "FTTP",
    "upgrade": "NULL_NA",
    "gnaf_pid": "GAWA_719038600",
    "ee": true
   }
  },
  {
   "type": "Feature",
   "geometry": {
    "type": "Point",
    "coordinates": [
     115.85200232,
     -31.94608044
    ]
   },
   "properties": {
    "name": "UNIT 96, 269 JAMES STREET NORTHBRIDGE 6003",
    "locID": "LOC000147170185",
    "tech": "FTTP",
    "upgrade": "NULL_NA",
    "gnaf_pid": "GAWA_719038634",
    "ee": true
   }
  },
  {
   "type": "Feature",
   "geometry": {
    "type": "Point",
    "coordinates": [
     115.85200232,
     -31.94608044
    ]
   },
   "properties": {
    "name": "UNIT 64, 269 JAMES STREET NORTHBRIDGE 6003",
    "locID": "LOC000147170185",
    "tech": "FTTP",
    "upgrade": "NULL_NA",
    "gnaf_pid": "GAWA_719038664",
    "ee": true
   }
  },
  {
   "type": "Feature",
   "geometry": {
    "type": "Point",
    "coordinates": [
     115.85200232,
     -31.94608044
    ]
   },
   "properties": {
    "name": "UNIT 71, 269 JAMES STREET NORTHBRIDGE 6003",
    "locID": "LOC000147170185",
    "tech": "FTTP",
    "upgrade": "NULL_NA",
    "gnaf_pid": "GAWA_719038665",
    "ee": true
   }
  },
  {
   "type": "Feature",
   "geometry": {
    "type": "Point",
    "coordinates": [
     115.85200232,
     -31.94608044
    ]
   },
   "properties": {
    "name": "UNIT 91, 269 JAMES STREET NORTHBRIDGE 6003",
    "locID": "LOC000147170185",
    "tech": "FTTP",
    "upgrade": "NULL_NA",
    "gnaf_pid": "GAWA_719038666",
    "ee": true
   }
  },
  {
   "type": "Feature",
   "geometry": {
    "type": "Point",
    "coordinates": [
     115.85200232,
     -31.94608044
    ]
   },
   "properties": {
    "name": "UNIT 8, 269 JAMES STREET NORTHBRIDGE 6003",
    "locID": "LOC000147170185",
    "tech": "FTTP",
    "upgrade": "NULL_NA",
    "gnaf_pid": "GAWA_719038720",
    "ee": true
   }
  },
  {
   "type": "Feature",
   "geometry": {
    "type": "Point",
    "coordinates": [
     115.85200232,
     -31.94608044
    ]
   },
   "properties": {
    "name": "UNIT 11, 269 JAMES STREET NORTHBRIDGE 6003",
    "locID": "LOC000147170185",
    "tech": "FTTP",
    "upgrade": "NULL_NA",
    "gnaf_pid": "GAWA_719038721",
    "ee": true
   }
  },
  {
   "type": "Feature",
   "geometry": {
    "type": "Point",
    "coordinates": [
     115.85200232,
     -31.94608044
    ]
   },
   "properties": {
    "name": "UNIT 15, 269 JAMES STREET NORTHBRIDGE 6003",
    "locID": "LOC000147170185",
    "tech": "FTTP",
    "upgrade": "NULL_NA",
    "gnaf_pid": "GAWA_719038722",
    "ee": true
   }
  },
  {
   "type": "Feature",
   "geometry": {
    "type": "Point",
    "coordinates": [
     115.85200232,
     -31.94608044
    ]
   },
   "properties": {
    "name": "UNIT 18, 269 JAMES STREET NORTHBRIDGE 6003",
    "locID": "LOC000147170185",
    "tech": "FTTP",
    "upgrade": "NULL_NA",
    "gnaf_pid": "GAWA_719038723",
    "ee": true
   }
  },
  {
   "type": "Feature",
   "geometry": {
    "type": "Point",
    "coordinates": [
     115.85200232,
     -31.94608044
    ]
   },
   "properties": {
    "name": "UNIT 20, 269 JAMES STREET NORTHBRIDGE 6003",
    "locID": "LOC000147170185",
    "tech": "FTTP",
    "upgrade": "NULL_NA",
    "gnaf_pid": "GAWA_719038724",
    "ee": true
   }
  },
  {
   "type": "Feature",
   "geometry": {
    "type": "Point",
    "coordinates": [
     115.85200232,
     -31.94608044
    ]
   },
   "properties": {
    "name": "UNIT 22, 269 JAMES STREET NORTHBRIDGE 6003",
    "locID": "LOC000147170185",
    "tech": "FTTP",
    "upgrade": "NULL_NA",
    "gnaf_pid": "GAWA_719038807",
    "ee": true
   }
  },
  {
   "type": "Feature",
   "geometry": {
    "type": "Point",
    "coordinates": [
     115.85200232,
     -31.94608044
    ]
   },
   "properties": {
    "name": "UNIT 24, 269 JAMES STREET NORTHBRIDGE 6003",
    "locID": "LOC000147170185",
    "tech": "FTTP",
    "upgrade": "NULL_NA",
    "gnaf_pid": "GAWA_719038884",
    "ee": true
   }
  },
  {
   "type": "Feature",
   "geometry": {
    "type": "Point",
    "coordinates": [
     115.85200232,
     -31.94608044
    ]
   },
   "properties": {
    "name": "UNIT 50, 269 JAMES STREET NORTHBRIDGE 6003",
    "locID": "LOC000147170185",
    "tech": "FTTP",
    "upgrade": "NULL_NA",
    "gnaf_pid": "GAWA_719038923",
    "ee": true
   }
  },
  {
   "type": "Feature",
   "geometry": {
    "type": "Point",
    "coordinates": [
     115.85200232,
     -31.94608044
    ]
   },
   "properties": {
    "name": "UNIT 74, 269 JAMES STREET NORTHBRIDGE 6003",
    "locID": "LOC000147170185",
    "tech": "FTTP",
    "upgrade": "NULL_NA",
    "gnaf_pid": "GAWA_719039024",
    "ee": true
   }
  },
  {
   "type": "Feature",
   "geometry": {
    "type": "Point",
    "coordinates": [
     115.85200232,
     -31.94608044
    ]
   },
   "properties": {
    "name": "UNIT 81, 269 JAMES STREET NORTHBRIDGE 6003",
    "locID": "LOC000147170185",
    "tech": "FTTP",
    "upgrade": "NULL_NA",
    "gnaf_pid": "GAWA_719039113",
    "ee": true
   }
  },
  {
   "type": "Feature",
   "geometry": {
    "type": "Point",
    "coordinates": [
     115.85200232,
     -31.94608044
    ]
   },
   "properties": {
    "name": "UNIT 42, 269 JAMES STREET NORTHBRIDGE 6003",
    "locID": "LOC000147170185",
    "tech": "FTTP",
    "upgrade": "NULL_NA",
    "gnaf_pid": "GAWA_719039370",
    "ee": true
   }
  },
  {
   "type": "Feature",
   "geometry": {
    "type": "Point",
    "coordinates": [
     115.85200232,
     -31.94608044
    ]
   },
   "properties": {
    "name": "UNIT 47, 269 JAMES STREET NORTHBRIDGE 6003",
    "locID": "LOC000147170185",
    "tech": "FTTP",
    "upgrade": "NULL_NA",
    "gnaf_pid": "GAWA_719039589",
    "ee": true
   }
  },
  {
   "type": "Feature",
   "geometry": {
    "type": "Point",
    "coordinates": [
     115.85200232,
     -31.94608044
    ]
   },
   "properties": {
    "name": "UNIT 48, 269 JAMES STREET NORTHBRIDGE 6003",
    "locID": "LOC000147170185",
    "tech": "FTTP",
    "upgrade": "NULL_NA",
    "gnaf_pid": "GAWA_719039590",
    "ee": true
   }
  },
  {
   "type": "Feature",
   "geometry": {
    "type": "Point",
    "coordinates": [
     115.85200232,
     -31.94608044
    ]
   },
   "properties": {
    "name": "UNIT 3, 269 JAMES STREET NORTHBRIDGE 6003",
    "locID": "LOC000147170185",
    "tech": "FTTP",
    "upgrade": "NULL_NA",
    "gnaf_pid": "GAWA_719039608",
    "ee": true
   }
  },
  {
   "type": "Feature",
   "geometry": {
    "type": "Point",
    "coordinates": [
     115.85200232,
     -31.94608044
    ]
   },
   "properties": {
    "name": "UNIT 54, 269 JAMES STREET NORTHBRIDGE 6003",
    "locID": "LOC000147170185",
    "tech": "FTTP",
    "upgrade": "NULL_NA",
    "gnaf_pid": "GAWA_719039628",
    "ee": true
   }
  },
  {
   "type": "Feature",
   "geometry": {
    "type": "Point",
    "coordinates": [
     115.85200232,
     -31.94608044
    ]
   },
   "properties": {
    "name": "UNIT 68, 269 JAMES STREET NORTHBRIDGE 6003",
    "locID": "LOC000147170185",
    "tech": "FTTP",
    "upgrade": "NULL_NA",
    "gnaf_pid": "GAWA_719039629",
    "ee": true
   }
  },
  {
   "type": "Feature",
   "geometry": {
    "type": "Point",
    "coordinates": [
     115.85200232,
     -31.94608044
    ]
   },
   "properties": {
    "name": "UNIT 95, 269 JAMES STREET NORTHBRIDGE 6003",
    "locID": "LOC000147170185",
    "tech": "FTTP",
    "upgrade": "NULL_NA",
    "gnaf_pid": "GAWA_719039659",
    "ee": true
   }
  },
  {
   "type": "Feature",
   "geometry": {
    "type": "Point",
    "coordinates": [
     115.85200232,
     -31.94608044
    ]
   },
   "properties": {
    "name": "UNIT 116, 269 JAMES STREET NORTHBRIDGE 6003",
    "locID": "LOC000147170185",
    "tech": "FTTP",
    "upgrade": "NULL_NA",
    "gnaf_pid": "GAWA_719039815",
    "ee": true
   }
  },
  {
   "type": "Feature",
   "geometry": {
    "type": "Point",
    "coordinates": [
     115.85200232,
     -31.94608044
    ]
   },
   "properties": {
    "name": "UNIT 28, 269 JAMES STREET NORTHBRIDGE 6003",
    "locID": "LOC000147170185",
    "tech": "FTTP",
    "upgrade": "NULL_NA",
    "gnaf_pid": "GAWA_719039854",
    "ee": true
   }
  },
  {
   "type": "Feature",
   "geometry": {
    "type": "Point",
    "coordinates": [
     115.85200232,
     -31.94608044
    ]
   },
   "properties": {
    "name": "UNIT 4, 269 JAMES STREET NORTHBRIDGE 6003",
    "locID": "LOC000147170185",
    "tech": "FTTP",
    "upgrade": "NULL_NA",
    "gnaf_pid": "GAWA_719039985",
    "ee": true
   }
  },
  {
   "type": "Feature",
   "geometry": {
    "type": "Point",
    "coordinates": [
     115.85200232,
     -31.94608044
    ]
   },
   "properties": {
    "name": "UNIT 99, 269 JAMES STREET NORTHBRIDGE 6003",
    "locID": "LOC000147170185",
    "tech": "FTTP",
    "upgrade": "NULL_NA",
    "gnaf_pid": "GAWA_719040069",
    "ee": true
   }
  },
  {
   "type": "Feature",
   "geometry": {
    "type": "Point",
    "coordinates": [
     115.85200232,
     -31.94608044
    ]
   },
   "properties": {
    "name": "UNIT 39, 269 JAMES STREET NORTHBRIDGE 6003",
    "locID": "LOC000147170185",
    "tech": "FTTP",
    "upgrade": "NULL_NA",
    "gnaf_pid": "GAWA_719040159",
    "ee": true
   }
  },
  {
   "type": "Feature",
   "geometry": {
    "type": "Point",
    "coordinates": [
     115.85200232,
     -31.94608044
    ]
   },
   "properties": {
    "name": "UNIT 27, 269 JAMES STREET NORTHBRIDGE 6003",
    "locID": "LOC000147170185",
    "tech": "FTTP",
    "upgrade": "NULL_NA",
    "gnaf_pid": "GAWA_719040338",
    "ee": true
   }
  },
  {
   "type": "Feature",
   "geometry": {
    "type": "Point",
    "coordinates": [
     115.85200232,
     -31.94608044
    ]
   },
   "properties": {
    "name": "UNIT 35, 269 JAMES STREET NORTHBRIDGE 6003",
    "locID": "LOC000147170185",
    "tech": "FTTP",
    "upgrade": "NULL_NA",
    "gnaf_pid": "GAWA_719040526",
    "ee": true
   }
  },
  {
   "type": "Feature",
   "geometry": {
    "type": "Point",
    "coordinates": [
     115.85200232,
     -31.94608044
    ]
   },
   "properties": {
    "name": "UNIT 78, 269 JAMES STREET NORTHBRIDGE 6003",
    "locID": "LOC000147170185",
    "tech": "FTTP",
    "upgrade": "NULL_NA",
    "gnaf_pid": "GAWA_719040539",
    "ee": true
   }
  },
  {
   "type": "Feature",
   "geometry": {
    "type": "Point",
    "coordinates": [
     115.85200232,
     -31.94608044
    ]
   },
   "properties": {
    "name": "UNIT 14, 269 JAMES STREET NORTHBRIDGE 6003",
    "locID": "LOC000147170185",
    "tech": "FTTP",
    "upgrade": "NULL_NA",
    "gnaf_pid": "GAWA_719040592",
    "ee": true
   }
  },
  {
   "type": "Feature",
   "geometry": {
    "type": "Point",
    "coordinates": [
     115.85200232,
     -31.94608044
    ]
   },
   "properties": {
    "name": "UNIT 61, 269 JAMES STREET NORTHBRIDGE 6003",
    "locID": "LOC000147170185",
    "tech": "FTTP",
    "upgrade": "NULL_NA",
    "gnaf_pid": "GAWA_719040610",
    "ee": true
   }
  },
  {
   "type": "Feature",
   "geometry": {
    "type": "Point",
    "coordinates": [
     115.85200232,
     -31.94608044
    ]
   },
   "properties": {
    "name": "UNIT 59, 269 JAMES STREET NORTHBRIDGE 6003",
    "locID": "LOC000147170185",
    "tech": "FTTP",
    "upgrade": "NULL_NA",
    "gnaf_pid": "GAWA_719040637",
    "ee": true
   }
  },
  {
   "type": "Feature",
   "geometry": {
    "type": "Point",
    "coordinates": [
     115.85200232,
     -31.94608044
    ]
   },
   "properties": {
    "name": "UNIT 94, 269 JAMES STREET NORTHBRIDGE 6003",
    "locID": "LOC000147170185",
    "tech": "FTTP",
    "upgrade": "NULL_NA",
    "gnaf_pid": "GAWA_719040638",
    "ee": true
   }
  },
  {
   "type": "Feature",
   "geometry": {
    "type": "Point",
    "coordinates": [
     115.85200232,
     -31.94608044
    ]
   },
   "properties": {
    "name": "UNIT 83, 269 JAMES STREET NORTHBRIDGE 6003",
    "locID": "LOC000147170185",
    "tech": "FTTP",
    "upgrade": "NULL_NA",
    "gnaf_pid": "GAWA_719040641",
    "ee": true
   }
  },
  {
   "type": "Feature",
   "geometry": {
    "type": "Point",
    "coordinates": [
     115.85200232,
     -31.94608044
    ]
   },
   "properties": {
    "name": "UNIT 5, 269 JAMES STREET NORTHBRIDGE 6003",
    "locID": "LOC000147170185",
    "tech": "FTTP",
    "upgrade": "NULL_NA",
    "gnaf_pid": "GAWA_719040683",
    "ee": true
   }
  },
  {
   "type": "Feature",
   "geometry": {
    "type": "Point",
    "coordinates": [
     115.85200232,
     -31.94608044
    ]
   },
   "properties": {
    "name": "UNIT 110, 269 JAMES STREET NORTHBRIDGE 6003",
    "locID": "LOC000147170185",
    "tech": "FTTP",
    "upgrade": "NULL_NA",
    "gnaf_pid": "GAWA_719040791",
    "ee": true
   }
  },
  {
   "type": "Feature",
   "geometry": {
    "type": "Point",
    "coordinates": [
     115.85200232,
     -31.94608044
    ]
   },
   "properties": {
    "name": "UNIT 115, 269 JAMES STREET NORTHBRIDGE 6003",
    "locID": "LOC000147170185",
    "tech": "FTTP",
    "upgrade": "NULL_NA",
    "gnaf_pid": "GAWA_719040792",
    "ee": true
   }
  },
  {
   "type": "Feature",
   "geometry": {
    "type": "Point",
    "coordinates": [
     115.85200232,
     -31.94608044
    ]
   },
   "properties": {
    "name": "UNIT 36, 269 JAMES STREET NORTHBRIDGE 6003",
    "locID": "LOC000147170185",
    "tech": "FTTP",
    "upgrade": "NULL_NA",
    "gnaf_pid": "GAWA_719040809",
    "ee": true
   }
  },
  {
   "type": "Feature",
   "geometry": {
    "type": "Point",
    "coordinates": [
     115.85200232,
     -31.94608044
    ]
   },
   "properties": {
    "name": "UNIT 114, 269 JAMES STREET NORTHBRIDGE 6003",
    "locID": "LOC000147170185",
    "tech": "FTTP",
    "upgrade": "NULL_NA",
    "gnaf_pid": "GAWA_719040885",
    "ee": true
   }
  },
  {
   "type": "Feature",
   "geometry": {
    "type": "Point",
    "coordinates": [
     115.85638689,
     -31.94738492
    ]
   },
   "properties": {
    "name": "UNIT 3, 160 JAMES STREET NORTHBRIDGE 6003",
    "locID": "LOC000028661226",
    "tech": "FTTC",
    "upgrade": "FTTP_NA",
    "gnaf_pid": "GAWA_719041048",
    "ee": true,
    "tech_change_status": "MDU Complex Eligible To Apply"
   }
  },
  {
   "type": "Feature",
   "geometry": {
    "type": "Point",
    "coordinates": [
     115.85200232,
     -31.94608044
    ]
   },
   "properties": {
    "name": "UNIT 6, 269 JAMES STREET NORTHBRIDGE 6003",
    "locID": "LOC000147170185",
    "tech": "FTTP",
    "upgrade": "NULL_NA",
    "gnaf_pid": "GAWA_719041097",
    "ee": true
   }
  },
  {
   "type": "Feature",
   "geometry": {
    "type": "Point",
    "coordinates": [
     115.85200232,
     -31.94608044
    ]
   },
   "properties": {
    "name": "UNIT 109, 269 JAMES STREET NORTHBRIDGE 6003",
    "locID": "LOC000147170185",
    "tech": "FTTP",
    "upgrade": "NULL_NA",
    "gnaf_pid": "GAWA_719041108",
    "ee": true
   }
  },
  {
   "type": "Feature",
   "geometry": {
    "type": "Point",
    "coordinates": [
     115.85200232,
     -31.94608044
    ]
   },
   "properties": {
    "name": "UNIT 1, 269 JAMES STREET NORTHBRIDGE 6003",
    "locID": "LOC000147170185",
    "tech": "FTTP",
    "upgrade": "NULL_NA",
    "gnaf_pid": "GAWA_719041110",
    "ee": true
   }
  },
  {
   "type": "Feature",
   "geometry": {
    "type": "Point",
    "coordinates": [
     115.85200232,
     -31.94608044
    ]
   },
   "properties": {
    "name": "UNIT 12, 269 JAMES STREET NORTHBRIDGE 6003",
    "locID": "LOC000147170185",
    "tech": "FTTP",
    "upgrade": "NULL_NA",
    "gnaf_pid": "GAWA_719041111",
    "ee": true
   }
  },
  {
   "type": "Feature",
   "geometry": {
    "type": "Point",
    "coordinates": [
     115.85200232,
     -31.94608044
    ]
   },
   "properties": {
    "name": "UNIT 88, 269 JAMES STREET NORTHBRIDGE 6003",
    "locID": "LOC000147170185",
    "tech": "FTTP",
    "upgrade": "NULL_NA",
    "gnaf_pid": "GAWA_719041242",
    "ee": true
   }
  },
  {
   "type": "Feature",
   "geometry": {
    "type": "Point",
    "coordinates": [
     115.85200232,
     -31.94608044
    ]
   },
   "properties": {
    "name": "UNIT 40, 269 JAMES STREET NORTHBRIDGE 6003",
    "locID": "LOC000147170185",
    "tech": "FTTP",
    "upgrade": "NULL_NA",
    "gnaf_pid": "GAWA_719041551",
    "ee": true
   }
  },
  {
   "type": "Feature",
   "geometry": {
    "type": "Point",
    "coordinates": [
     115.85200232,
     -31.94608044
    ]
   },
   "properties": {
    "name": "UNIT 82, 269 JAMES STREET NORTHBRIDGE 6003",
    "locID": "LOC000147170185",
    "tech": "FTTP",
    "upgrade": "NULL_NA",
    "gnaf_pid": "GAWA_719041603",
    "ee": true
   }
  },
  {
   "type": "Feature",
   "geometry": {
    "type": "Point",
    "coordinates": [
     115.85200232,
     -31.94608044
    ]
   },
   "properties": {
    "name": "UNIT 66, 269 JAMES STREET NORTHBRIDGE 6003",
    "locID": "LOC000147170185",
    "tech": "FTTP",
    "upgrade": "NULL_NA",
    "gnaf_pid": "GAWA_719041637",
    "ee": true
   }
  },
  {
   "type": "Feature",
   "geometry": {
    "type": "Point",
    "coordinates": [
     115.85200232,
     -31.94608044
    ]
   },
   "properties": {
    "name": "UNIT 69, 269 JAMES STREET NORTHBRIDGE 6003",
    "locID": "LOC000147170185",
    "tech": "FTTP",
    "upgrade": "NULL_NA",
    "gnaf_pid": "GAWA_719041638",
    "ee": true
   }
  },
  {
   "type": "Feature",
   "geometry": {
    "type": "Point",
    "coordinates": [
     115.85200232,
     -31.94608044
    ]
   },
   "properties": {
    "name": "UNIT 73, 269 JAMES STREET NORTHBRIDGE 6003",
    "locID": "LOC000147170185",
    "tech": "FTTP",
    "upgrade": "NULL_NA",
    "gnaf_pid": "GAWA_719041639",
    "ee": true
   }
  },
  {
   "type": "Feature",
   "geometry": {
    "type": "Point",
    "coordinates": [
     115.85200232,
     -31.94608044
    ]
   },
   "properties": {
    "name": "UNIT 2, 269 JAMES STREET NORTHBRIDGE 6003",
    "locID": "LOC000147170185",
    "tech": "FTTP",
    "upgrade": "NULL_NA",
    "gnaf_pid": "GAWA_719041695",
    "ee": true
   }
  },
  {
   "type": "Feature",
   "geometry": {
    "type": "Point",
    "coordinates": [
     115.85200232,
     -31.94608044
    ]
   },
   "properties": {
    "name": "UNIT 9, 269 JAMES STREET NORTHBRIDGE 6003",
    "locID": "LOC000147170185",
    "tech": "FTTP",
    "upgrade": "NULL_NA",
    "gnaf_pid": "GAWA_719041696",
    "ee": true
   }
  },
  {
   "type": "Feature",
   "geometry": {
    "type": "Point",
    "coordinates": [
     115.85200232,
     -31.94608044
    ]
   },
   "properties": {
    "name": "UNIT 32, 269 JAMES STREET NORTHBRIDGE 6003",
    "locID": "LOC000147170185",
    "tech": "FTTP",
    "upgrade": "NULL_NA",
    "gnaf_pid": "GAWA_719041808",
    "ee": true
   }
  },
  {
   "type": "Feature",
   "geometry": {
    "type": "Point",
    "coordinates": [
     115.85200232,
     -31.94608044
    ]
   },
   "properties": {
    "name": "UNIT 111, 269 JAMES STREET NORTHBRIDGE 6003",
    "locID": "LOC000147170185",
    "tech": "FTTP",
    "upgrade": "NULL_NA",
    "gnaf_pid": "GAWA_719041883",
    "ee": true
   }
  },
  {
   "type": "Feature",
   "geometry": {
    "type": "Point",
    "coordinates": [
     115.85200232,
     -31.94608044
    ]
   },
   "properties": {
    "name": "UNIT 106, 269 JAMES STREET NORTHBRIDGE 6003",
    "locID": "LOC000147170185",
    "tech": "FTTP",
    "upgrade": "NULL_NA",
    "gnaf_pid": "GAWA_719042057",
    "ee": true
   }
  },
  {
   "type": "Feature",
   "geometry": {
    "type": "Point",
    "coordinates": [
     115.85200232,
     -31.94608044
    ]
   },
   "properties": {
    "name": "UNIT 49, 269 JAMES STREET NORTHBRIDGE 6003",
    "locID": "LOC000147170185",
    "tech": "FTTP",
    "upgrade": "NULL_NA",
    "gnaf_pid": "GAWA_719042167",
    "ee": true
   }
  },
  {
   "type": "Feature",
   "geometry": {
    "type": "Point",
    "coordinates": [
     115.85200232,
     -31.94608044
    ]
   },
   "properties": {
    "name": "UNIT 53, 269 JAMES STREET NORTHBRIDGE 6003",
    "locID": "LOC000147170185",
    "tech": "FTTP",
    "upgrade": "NULL_NA",
    "gnaf_pid": "GAWA_719042168",
    "ee": true
   }
  },
  {
   "type": "Feature",
   "geometry": {
    "type": "Point",
    "coordinates": [
     115.85200232,
     -31.94608044
    ]
   },
   "properties": {
    "name": "UNIT 75, 269 JAMES STREET NORTHBRIDGE 6003",
    "locID": "LOC000147170185",
    "tech": "FTTP",
    "upgrade": "NULL_NA",
    "gnaf_pid": "GAWA_719042351",
    "ee": true
   }
  },
  {
   "type": "Feature",
   "geometry": {
    "type": "Point",
    "coordinates": [
     115.85200232,
     -31.94608044
    ]
   },
   "properties": {
    "name": "UNIT 51, 269 JAMES STREET NORTHBRIDGE 6003",
    "locID": "LOC000147170185",
    "tech": "FTTP",
    "upgrade": "NULL_NA",
    "gnaf_pid": "GAWA_719042377",
    "ee": true
   }
  },
  {
   "type": "Feature",
   "geometry": {
    "type": "Point",
    "coordinates": [
     115.85200232,
     -31.94608044
    ]
   },
   "properties": {
    "name": "UNIT 87, 269 JAMES STREET NORTHBRIDGE 6003",
    "locID": "LOC000147170185",
    "tech": "FTTP",
    "upgrade": "NULL_NA",
    "gnaf_pid": "GAWA_719042534",
    "ee": true
   }
  },
  {
   "type": "Feature",
   "geometry": {
    "type": "Point",
    "coordinates": [
     115.85200232,
     -31.94608044
    ]
   },
   "properties": {
    "name": "UNIT 45, 269 JAMES STREET NORTHBRIDGE 6003",
    "locID": "LOC000147170185",
    "tech": "FTTP",
    "upgrade": "NULL_NA",
    "gnaf_pid": "GAWA_719042559",
    "ee": true
   }
  },
  {
   "type": "Feature",
   "geometry": {
    "type": "Point",
    "coordinates": [
     115.85934461,
     -31.94570141
    ]
   },
   "properties": {
    "name": "UNIT 4, 243 NEWCASTLE STREET NORTHBRIDGE 6003",
    "locID": "LOC000169418420",
    "tech": "FTTC",
    "upgrade": "FTTP_NA",
    "gnaf_pid": "GAWA_719170486",
    "ee": true,
    "tech_change_status": "MDU Complex Eligible To Apply"
   }
  },
  {
   "type": "Feature",
   "geometry": {
    "type": "Point",
    "coordinates": [
     115.8587626,
     -31.94687891
    ]
   },
   "properties": {
    "name": "UNIT 19, 89 ABERDEEN STREET NORTHBRIDGE 6003",
    "locID": "LOC000169353159",
    "tech": "FTTB",
    "upgrade": "NULL_NA",
    "gnaf_pid": "GAWA_719196776",
    "ee": true
   }
  },
  {
   "type": "Feature",
   "geometry": {
    "type": "Point",
    "coordinates": [
     115.8587626,
     -31.94687891
    ]
   },
   "properties": {
    "name": "UNIT 30, 89 ABERDEEN STREET NORTHBRIDGE 6003",
    "locID": "LOC000175550410",
    "tech": "FTTB",
    "upgrade": "NULL_NA",
    "gnaf_pid": "GAWA_719196777",
    "ee": true
   }
  },
  {
   "type": "Feature",
   "geometry": {
    "type": "Point",
    "coordinates": [
     115.8587626,
     -31.94687891
    ]
   },
   "properties": {
    "name": "UNIT 37, 89 ABERDEEN STREET NORTHBRIDGE 6003",
    "locID": "LOC000175550468",
    "tech": "FTTB",
    "upgrade": "NULL_NA",
    "gnaf_pid": "GAWA_719196778",
    "ee": true
   }
  },
  {
   "type": "Feature",
   "geometry": {
    "type": "Point",
    "coordinates": [
     115.8587626,
     -31.94687891
    ]
   },
   "properties": {
    "name": "UNIT 41, 89 ABERDEEN STREET NORTHBRIDGE 6003",
    "locID": "LOC000175550499",
    "tech": "FTTB",
    "upgrade": "NULL_NA",
    "gnaf_pid": "GAWA_719196779",
    "ee": true
   }
  },
  {
   "type": "Feature",
   "geometry": {
    "type": "Point",
    "coordinates": [
     115.8587626,
     -31.94687891
    ]
   },
   "properties": {
    "name": "UNIT 42, 89 ABERDEEN STREET NORTHBRIDGE 6003",
    "locID": "LOC000175550508",
    "tech": "FTTB",
    "upgrade": "NULL_NA",
    "gnaf_pid": "GAWA_719196780",
    "ee": true
   }
  },
  {
   "type": "Feature",
   "geometry": {
    "type": "Point",
    "coordinates": [
     115.8587626,
     -31.94687891
    ]
   },
   "properties": {
    "name": "UNIT 53, 89 ABERDEEN STREET NORTHBRIDGE 6003",
    "locID": "LOC000169353088",
    "tech": "FTTB",
    "upgrade": "NULL_NA",
    "gnaf_pid": "GAWA_719196781",
    "ee": true
   }
  },
  {
   "type": "Feature",
   "geometry": {
    "type": "Point",
    "coordinates": [
     115.8587626,
     -31.94687891
    ]
   },
   "properties": {
    "name": "UNIT 1, 89 ABERDEEN STREET NORTHBRIDGE 6003",
    "locID": "LOC000175550225",
    "tech": "FTTB",
    "upgrade": "NULL_NA",
    "gnaf_pid": "GAWA_719196782",
    "ee": true
   }
  },
  {
   "type": "Feature",
   "geometry": {
    "type": "Point",
    "coordinates": [
     115.8587626,
     -31.94687891
    ]
   },
   "properties": {
    "name": "UNIT 32, 89 ABERDEEN STREET NORTHBRIDGE 6003",
    "locID": "LOC100059312409",
    "tech": "FTTB",
    "upgrade": "NULL_NA",
    "gnaf_pid": "GAWA_719197504",
    "ee": true
   }
  },
  {
   "type": "Feature",
   "geometry": {
    "type": "Point",
    "coordinates": [
     115.8587626,
     -31.94687891
    ]
   },
   "properties": {
    "name": "UNIT 59, 89 ABERDEEN STREET NORTHBRIDGE 6003",
    "locID": "LOC000175550622",
    "tech": "FTTB",
    "upgrade": "NULL_NA",
    "gnaf_pid": "GAWA_719197505",
    "ee": true
   }
  },
  {
   "type": "Feature",
   "geometry": {
    "type": "Point",
    "coordinates": [
     115.8587626,
     -31.94687891
    ]
   },
   "properties": {
    "name": "UNIT 22, 89 ABERDEEN STREET NORTHBRIDGE 6003",
    "locID": "LOC000175550315",
    "tech": "FTTB",
    "upgrade": "NULL_NA",
    "gnaf_pid": "GAWA_719197506",
    "ee": true
   }
  },
  {
   "type": "Feature",
   "geometry": {
    "type": "Point",
    "coordinates": [
     115.8587626,
     -31.94687891
    ]
   },
   "properties": {
    "name": "UNIT 9, 89 ABERDEEN STREET NORTHBRIDGE 6003",
    "locID": "LOC000175550651",
    "tech": "FTTB",
    "upgrade": "NULL_NA",
    "gnaf_pid": "GAWA_719197507",
    "ee": true
   }
  },
  {
   "type": "Feature",
   "geometry": {
    "type": "Point",
    "coordinates": [
     115.8587626,
     -31.94687891
    ]
   },
   "properties": {
    "name": "UNIT 29, 89 ABERDEEN STREET NORTHBRIDGE 6003",
    "locID": "LOC000175550391",
    "tech": "FTTB",
    "upgrade": "NULL_NA",
    "gnaf_pid": "GAWA_719198213",
    "ee": true
   }
  },
  {
   "type": "Feature",
   "geometry": {
    "type": "Point",
    "coordinates": [
     115.8587626,
     -31.94687891
    ]
   },
   "properties": {
    "name": "UNIT 51, 89 ABERDEEN STREET NORTHBRIDGE 6003",
    "locID": "LOC000175550565",
    "tech": "FTTB",
    "upgrade": "NULL_NA",
    "gnaf_pid": "GAWA_719198214",
    "ee": true
   }
  },
  {
   "type": "Feature",
   "geometry": {
    "type": "Point",
    "coordinates": [
     115.8587626,
     -31.94687891
    ]
   },
   "properties": {
    "name": "UNIT 20, 89 ABERDEEN STREET NORTHBRIDGE 6003",
    "locID": "LOC000175550294",
    "tech": "FTTB",
    "upgrade": "NULL_NA",
    "gnaf_pid": "GAWA_719198215",
    "ee": true
   }
  },
  {
   "type": "Feature",
   "geometry": {
    "type": "Point",
    "coordinates": [
     115.8587626,
     -31.94687891
    ]
   },
   "properties": {
    "name": "UNIT 38, 89 ABERDEEN STREET NORTHBRIDGE 6003",
    "locID": "LOC000175550475",
    "tech": "FTTB",
    "upgrade": "NULL_NA",
    "gnaf_pid": "GAWA_719198216",
    "ee": true
   }
  },
  {
   "type": "Feature",
   "geometry": {
    "type": "Point",
    "coordinates": [
     115.8587626,
     -31.94687891
    ]
   },
   "properties": {
    "name": "UNIT 44, 89 ABERDEEN STREET NORTHBRIDGE 6003",
    "locID": "LOC000169352991",
    "tech": "FTTB",
    "upgrade": "NULL_NA",
    "gnaf_pid": "GAWA_719198217",
    "ee": true
   }
  },
  {
   "type": "Feature",
   "geometry": {
    "type": "Point",
    "coordinates": [
     115.8587626,
     -31.94687891
    ]
   },
   "properties": {
    "name": "UNIT 43, 89 ABERDEEN STREET NORTHBRIDGE 6003",
    "locID": "LOC000175550512",
    "tech": "FTTB",
    "upgrade": "NULL_NA",
    "gnaf_pid": "GAWA_719198218",
    "ee": true
   }
  },
  {
   "type": "Feature",
   "geometry": {
    "type": "Point",
    "coordinates": [
     115.8587626,
     -31.94687891
    ]
   },
   "properties": {
    "name": "UNIT 23, 89 ABERDEEN STREET NORTHBRIDGE 6003",
    "locID": "LOC000175550327",
    "tech": "FTTB",
    "upgrade": "NULL_NA",
    "gnaf_pid": "GAWA_719198219",
    "ee": true
   }
  },
  {
   "type": "Feature",
   "geometry": {
    "type": "Point",
    "coordinates": [
     115.8587626,
     -31.94687891
    ]
   },
   "properties": {
    "name": "UNIT 16, 89 ABERDEEN STREET NORTHBRIDGE 6003",
    "locID": "LOC000169353128",
    "tech": "FTTB",
    "upgrade": "NULL_NA",
    "gnaf_pid": "GAWA_719198220",
    "ee": true
   }
  },
  {
   "type": "Feature",
   "geometry": {
    "type": "Point",
    "coordinates": [
     115.8587626,
     -31.94687891
    ]
   },
   "properties": {
    "name": "UNIT 55, 89 ABERDEEN STREET NORTHBRIDGE 6003",
    "locID": "LOC000175550583",
    "tech": "FTTB",
    "upgrade": "NULL_NA",
    "gnaf_pid": "GAWA_719198221",
    "ee": true
   }
  },
  {
   "type": "Feature",
   "geometry": {
    "type": "Point",
    "coordinates": [
     115.8587626,
     -31.94687891
    ]
   },
   "properties": {
    "name": "UNIT 2, 89 ABERDEEN STREET NORTHBRIDGE 6003",
    "locID": "LOC000175550287",
    "tech": "FTTB",
    "upgrade": "NULL_NA",
    "gnaf_pid": "GAWA_719198222",
    "ee": true
   }
  },
  {
   "type": "Feature",
   "geometry": {
    "type": "Point",
    "coordinates": [
     115.8587626,
     -31.94687891
    ]
   },
   "properties": {
    "name": "UNIT 8, 89 ABERDEEN STREET NORTHBRIDGE 6003",
    "locID": "LOC000175550287",
    "tech": "FTTB",
    "upgrade": "NULL_NA",
    "gnaf_pid": "GAWA_719198223",
    "ee": true
   }
  },
  {
   "type": "Feature",
   "geometry": {
    "type": "Point",
    "coordinates": [
     115.8587626,
     -31.94687891
    ]
   },
   "properties": {
    "name": "UNIT 13, 89 ABERDEEN STREET NORTHBRIDGE 6003",
    "locID": "LOC000175550241",
    "tech": "FTTB",
    "upgrade": "NULL_NA",
    "gnaf_pid": "GAWA_719198224",
    "ee": true
   }
  },
  {
   "type": "Feature",
   "geometry": {
    "type": "Point",
    "coordinates": [
     115.8587626,
     -31.94687891
    ]
   },
   "properties": {
    "name": "UNIT 46, 89 ABERDEEN STREET NORTHBRIDGE 6003",
    "locID": "LOC000169353019",
    "tech": "FTTB",
    "upgrade": "NULL_NA",
    "gnaf_pid": "GAWA_719198225",
    "ee": true
   }
  },
  {
   "type": "Feature",
   "geometry": {
    "type": "Point",
    "coordinates": [
     115.8587626,
     -31.94687891
    ]
   },
   "properties": {
    "name": "UNIT 39, 89 ABERDEEN STREET NORTHBRIDGE 6003",
    "locID": "LOC000175550481",
    "tech": "FTTB",
    "upgrade": "NULL_NA",
    "gnaf_pid": "GAWA_719198865",
    "ee": true
   }
  },
  {
   "type": "Feature",
   "geometry": {
    "type": "Point",
    "coordinates": [
     115.8587626,
     -31.94687891
    ]
   },
   "properties": {
    "name": "UNIT 36, 89 ABERDEEN STREET NORTHBRIDGE 6003",
    "locID": "LOC000175550452",
    "tech": "FTTB",
    "upgrade": "NULL_NA",
    "gnaf_pid": "GAWA_719198866",
    "ee": true
   }
  },
  {
   "type": "Feature",
   "geometry": {
    "type": "Point",
    "coordinates": [
     115.8587626,
     -31.94687891
    ]
   },
   "properties": {
    "name": "UNIT 7, 89 ABERDEEN STREET NORTHBRIDGE 6003",
    "locID": "LOC000178713195",
    "tech": "FTTB",
    "upgrade": "NULL_NA",
    "gnaf_pid": "GAWA_719198867",
    "ee": true
   }
  },
  {
   "type": "Feature",
   "geometry": {
    "type": "Point",
    "coordinates": [
     115.8587626,
     -31.94687891
    ]
   },
   "properties": {
    "name": "UNIT 15, 89 ABERDEEN STREET NORTHBRIDGE 6003",
    "locID": "LOC000175550260",
    "tech": "FTTB",
    "upgrade": "NULL_NA",
    "gnaf_pid": "GAWA_719198868",
    "ee": true
   }
  },
  {
   "type": "Feature",
   "geometry": {
    "type": "Point",
    "coordinates": [
     115.8587626,
     -31.94687891
    ]
   },
   "properties": {
    "name": "UNIT 3, 89 ABERDEEN STREET NORTHBRIDGE 6003",
    "locID": "LOC000175550406",
    "tech": "FTTB",
    "upgrade": "NULL_NA",
    "gnaf_pid": "GAWA_719198869",
    "ee": true
   }
  },
  {
   "type": "Feature",
   "geometry": {
    "type": "Point",
    "coordinates": [
     115.8587626,
     -31.94687891
    ]
   },
   "properties": {
    "name": "UNIT 31, 89 ABERDEEN STREET NORTHBRIDGE 6003",
    "locID": "LOC000175550423",
    "tech": "FTTB",
    "upgrade": "NULL_NA",
    "gnaf_pid": "GAWA_719198870",
    "ee": true
   }
  },
  {
   "type": "Feature",
   "geometry": {
    "type": "Point",
    "coordinates": [
     115.8587626,
     -31.94687891
    ]
   },
   "properties": {
    "name": "UNIT 11, 89 ABERDEEN STREET NORTHBRIDGE 6003",
    "locID": "LOC000169353074",
    "tech": "FTTB",
    "upgrade": "NULL_NA",
    "gnaf_pid": "GAWA_719198871",
    "ee": true
   }
  },
  {
   "type": "Feature",
   "geometry": {
    "type": "Point",
    "coordinates": [
     115.8587626,
     -31.94687891
    ]
   },
   "properties": {
    "name": "UNIT 4, 89 ABERDEEN STREET NORTHBRIDGE 6003",
    "locID": "LOC000169352989",
    "tech": "FTTB",
    "upgrade": "NULL_NA",
    "gnaf_pid": "GAWA_719199605",
    "ee": true
   }
  },
  {
   "type": "Feature",
   "geometry": {
    "type": "Point",
    "coordinates": [
     115.8587626,
     -31.94687891
    ]
   },
   "properties": {
    "name": "UNIT 48, 89 ABERDEEN STREET NORTHBRIDGE 6003",
    "locID": "LOC000169353026",
    "tech": "FTTB",
    "upgrade": "NULL_NA",
    "gnaf_pid": "GAWA_719199606",
    "ee": true
   }
  },
  {
   "type": "Feature",
   "geometry": {
    "type": "Point",
    "coordinates": [
     115.8587626,
     -31.94687891
    ]
   },
   "properties": {
    "name": "UNIT 28, 89 ABERDEEN STREET NORTHBRIDGE 6003",
    "locID": "LOC000169353163",
    "tech": "FTTB",
    "upgrade": "NULL_NA",
    "gnaf_pid": "GAWA_719199607",
    "ee": true
   }
  },
  {
   "type": "Feature",
   "geometry": {
    "type": "Point",
    "coordinates": [
     115.8587626,
     -31.94687891
    ]
   },
   "properties": {
    "name": "UNIT 34, 89 ABERDEEN STREET NORTHBRIDGE 6003",
    "locID": "LOC000175550434",
    "tech": "FTTB",
    "upgrade": "NULL_NA",
    "gnaf_pid": "GAWA_719199608",
    "ee": true
   }
  },
  {
   "type": "Feature",
   "geometry": {
    "type": "Point",
    "coordinates": [
     115.8587626,
     -31.94687891
    ]
   },
   "properties": {
    "name": "UNIT 21, 89 ABERDEEN STREET NORTHBRIDGE 6003",
    "locID": "LOC000175550304",
    "tech": "FTTB",
    "upgrade": "NULL_NA",
    "gnaf_pid": "GAWA_719199609",
    "ee": true
   }
  },
  {
   "type": "Feature",
   "geometry": {
    "type": "Point",
    "coordinates": [
     115.8587626,
     -31.94687891
    ]
   },
   "properties": {
    "name": "UNIT 12, 89 ABERDEEN STREET NORTHBRIDGE 6003",
    "locID": "LOC000175550239",
    "tech": "FTTB",
    "upgrade": "NULL_NA",
    "gnaf_pid": "GAWA_719199610",
    "ee": true
   }
  },
  {
   "type": "Feature",
   "geometry": {
    "type": "Point",
    "coordinates": [
     115.8587626,
     -31.94687891
    ]
   },
   "properties": {
    "name": "UNIT 27, 89 ABERDEEN STREET NORTHBRIDGE 6003",
    "locID": "LOC000175550362",
    "tech": "FTTB",
    "upgrade": "NULL_NA",
    "gnaf_pid": "GAWA_719199611",
    "ee": true
   }
  },
  {
   "type": "Feature",
   "geometry": {
    "type": "Point",
    "coordinates": [
     115.8587626,
     -31.94687891
    ]
   },
   "properties": {
    "name": "UNIT 18, 89 ABERDEEN STREET NORTHBRIDGE 6003",
    "locID": "LOC000169353144",
    "tech": "FTTB",
    "upgrade": "NULL_NA",
    "gnaf_pid": "GAWA_719200326",
    "ee": true
   }
  },
  {
   "type": "Feature",
   "geometry": {
    "type": "Point",
    "coordinates": [
     115.8587626,
     -31.94687891
    ]
   },
   "properties": {
    "name": "UNIT 60, 89 ABERDEEN STREET NORTHBRIDGE 6003",
    "locID": "LOC000169353090",
    "tech": "FTTB",
    "upgrade": "NULL_NA",
    "gnaf_pid": "GAWA_719200327",
    "ee": true
   }
  },
  {
   "type": "Feature",
   "geometry": {
    "type": "Point",
    "coordinates": [
     115.8587626,
     -31.94687891
    ]
   },
   "properties": {
    "name": "UNIT 24, 89 ABERDEEN STREET NORTHBRIDGE 6003",
    "locID": "LOC000175550336",
    "tech": "FTTB",
    "upgrade": "NULL_NA",
    "gnaf_pid": "GAWA_719200328",
    "ee": true
   }
  },
  {
   "type": "Feature",
   "geometry": {
    "type": "Point",
    "coordinates": [
     115.8587626,
     -31.94687891
    ]
   },
   "properties": {
    "name": "UNIT 26, 89 ABERDEEN STREET NORTHBRIDGE 6003",
    "locID": "LOC000175550358",
    "tech": "FTTB",
    "upgrade": "NULL_NA",
    "gnaf_pid": "GAWA_719200329",
    "ee": true
   }
  },
  {
   "type": "Feature",
   "geometry": {
    "type": "Point",
    "coordinates": [
     115.8587626,
     -31.94687891
    ]
   },
   "properties": {
    "name": "UNIT 47, 89 ABERDEEN STREET NORTHBRIDGE 6003",
    "locID": "LOC000175550531",
    "tech": "FTTB",
    "upgrade": "NULL_NA",
    "gnaf_pid": "GAWA_719200330",
    "ee": true
   }
  },
  {
   "type": "Feature",
   "geometry": {
    "type": "Point",
    "coordinates": [
     115.8587626,
     -31.94687891
    ]
   },
   "properties": {
    "name": "UNIT 40, 89 ABERDEEN STREET NORTHBRIDGE 6003",
    "locID": "LOC000169352989",
    "tech": "FTTB",
    "upgrade": "NULL_NA",
    "gnaf_pid": "GAWA_719200331",
    "ee": true
   }
  },
  {
   "type": "Feature",
   "geometry": {
    "type": "Point",
    "coordinates": [
     115.8587626,
     -31.94687891
    ]
   },
   "properties": {
    "name": "UNIT 62, 89 ABERDEEN STREET NORTHBRIDGE 6003",
    "locID": "LOC000169353100",
    "tech": "FTTB",
    "upgrade": "NULL_NA",
    "gnaf_pid": "GAWA_719200332",
    "ee": true
   }
  },
  {
   "type": "Feature",
   "geometry": {
    "type": "Point",
    "coordinates": [
     115.8587626,
     -31.94687891
    ]
   },
   "properties": {
    "name": "UNIT 63, 89 ABERDEEN STREET NORTHBRIDGE 6003",
    "locID": "LOC000169353116",
    "tech": "FTTB",
    "upgrade": "NULL_NA",
    "gnaf_pid": "GAWA_719200333",
    "ee": true
   }
  },
  {
   "type": "Feature",
   "geometry": {
    "type": "Point",
    "coordinates": [
     115.8587626,
     -31.94687891
    ]
   },
   "properties": {
    "name": "UNIT 10, 89 ABERDEEN STREET NORTHBRIDGE 6003",
    "locID": "LOC000175550225",
    "tech": "FTTB",
    "upgrade": "NULL_NA",
    "gnaf_pid": "GAWA_719200334",
    "ee": true
   }
  },
  {
   "type": "Feature",
   "geometry": {
    "type": "Point",
    "coordinates": [
     115.8587626,
     -31.94687891
    ]
   },
   "properties": {
    "name": "UNIT 54, 89 ABERDEEN STREET NORTHBRIDGE 6003",
    "locID": "LOC000175550577",
    "tech": "FTTB",
    "upgrade": "NULL_NA",
    "gnaf_pid": "GAWA_719200335",
    "ee": true
   }
  },
  {
   "type": "Feature",
   "geometry": {
    "type": "Point",
    "coordinates": [
     115.8587626,
     -31.94687891
    ]
   },
   "properties": {
    "name": "UNIT 14, 89 ABERDEEN STREET NORTHBRIDGE 6003",
    "locID": "LOC000175550256",
    "tech": "FTTB",
    "upgrade": "NULL_NA",
    "gnaf_pid": "GAWA_719201060",
    "ee": true
   }
  },
  {
   "type": "Feature",
   "geometry": {
    "type": "Point",
    "coordinates": [
     115.8587626,
     -31.94687891
    ]
   },
   "properties": {
    "name": "UNIT 64, 89 ABERDEEN STREET NORTHBRIDGE 6003",
    "locID": "LOC000169353137",
    "tech": "FTTB",
    "upgrade": "NULL_NA",
    "gnaf_pid": "GAWA_719201061",
    "ee": true
   }
  },
  {
   "type": "Feature",
   "geometry": {
    "type": "Point",
    "coordinates": [
     115.8587626,
     -31.94687891
    ]
   },
   "properties": {
    "name": "UNIT 57, 89 ABERDEEN STREET NORTHBRIDGE 6003",
    "locID": "LOC000175550605",
    "tech": "FTTB",
    "upgrade": "NULL_NA",
    "gnaf_pid": "GAWA_719201062",
    "ee": true
   }
  },
  {
   "type": "Feature",
   "geometry": {
    "type": "Point",
    "coordinates": [
     115.8587626,
     -31.94687891
    ]
   },
   "properties": {
    "name": "UNIT 58, 89 ABERDEEN STREET NORTHBRIDGE 6003",
    "locID": "LOC000175550614",
    "tech": "FTTB",
    "upgrade": "NULL_NA",
    "gnaf_pid": "GAWA_719201063",
    "ee": true
   }
  },
  {
   "type": "Feature",
   "geometry": {
    "type": "Point",
    "coordinates": [
     115.8587626,
     -31.94687891
    ]
   },
   "properties": {
    "name": "UNIT 56, 89 ABERDEEN STREET NORTHBRIDGE 6003",
    "locID": "LOC000175550596",
    "tech": "FTTB",
    "upgrade": "NULL_NA",
    "gnaf_pid": "GAWA_719201064",
    "ee": true
   }
  },
  {
   "type": "Feature",
   "geometry": {
    "type": "Point",
    "coordinates": [
     115.8587626,
     -31.94687891
    ]
   },
   "properties": {
    "name": "UNIT 6, 89 ABERDEEN STREET NORTHBRIDGE 6003",
    "locID": "LOC000169353116",
    "tech": "FTTB",
    "upgrade": "NULL_NA",
    "gnaf_pid": "GAWA_719201065",
    "ee": true
   }
  },
  {
   "type": "Feature",
   "geometry": {
    "type": "Point",
    "coordinates": [
     115.8587626,
     -31.94687891
    ]
   },
   "properties": {
    "name": "UNIT 25, 89 ABERDEEN STREET NORTHBRIDGE 6003",
    "locID": "LOC000175550343",
    "tech": "FTTB",
    "upgrade": "NULL_NA",
    "gnaf_pid": "GAWA_719201736",
    "ee": true
   }
  },
  {
   "type": "Feature",
   "geometry": {
    "type": "Point",
    "coordinates": [
     115.8587626,
     -31.94687891
    ]
   },
   "properties": {
    "name": "UNIT 35, 89 ABERDEEN STREET NORTHBRIDGE 6003",
    "locID": "LOC000175550447",
    "tech": "FTTB",
    "upgrade": "NULL_NA",
    "gnaf_pid": "GAWA_719201737",
    "ee": true
   }
  },
  {
   "type": "Feature",
   "geometry": {
    "type": "Point",
    "coordinates": [
     115.8587626,
     -31.94687891
    ]
   },
   "properties": {
    "name": "UNIT 45, 89 ABERDEEN STREET NORTHBRIDGE 6003",
    "locID": "LOC000175550520",
    "tech": "FTTB",
    "upgrade": "NULL_NA",
    "gnaf_pid": "GAWA_719201738",
    "ee": true
   }
  },
  {
   "type": "Feature",
   "geometry": {
    "type": "Point",
    "coordinates": [
     115.8587626,
     -31.94687891
    ]
   },
   "properties": {
    "name": "UNIT 61, 89 ABERDEEN STREET NORTHBRIDGE 6003",
    "locID": "LOC000175550646",
    "tech": "FTTB",
    "upgrade": "NULL_NA",
    "gnaf_pid": "GAWA_719201739",
    "ee": true
   }
  },
  {
   "type": "Feature",
   "geometry": {
    "type": "Point",
    "coordinates": [
     115.8587626,
     -31.94687891
    ]
   },
   "properties": {
    "name": "UNIT 52, 89 ABERDEEN STREET NORTHBRIDGE 6003",
    "locID": "LOC000169353061",
    "tech": "FTTB",
    "upgrade": "NULL_NA",
    "gnaf_pid": "GAWA_719201740",
    "ee": true
   }
  },
  {
   "type": "Feature",
   "geometry": {
    "type": "Point",
    "coordinates": [
     115.8587626,
     -31.94687891
    ]
   },
   "properties": {
    "name": "UNIT 33, 89 ABERDEEN STREET NORTHBRIDGE 6003",
    "locID": "LOC000169352970",
    "tech": "FTTB",
    "upgrade": "NULL_NA",
    "gnaf_pid": "GAWA_719201741",
    "ee": true
   }
  },
  {
   "type": "Feature",
   "geometry": {
    "type": "Point",
    "coordinates": [
     115.8587626,
     -31.94687891
    ]
   },
   "properties": {
    "name": "UNIT 49, 89 ABERDEEN STREET NORTHBRIDGE 6003",
    "locID": "LOC000169353057",
    "tech": "FTTB",
    "upgrade": "NULL_NA",
    "gnaf_pid": "GAWA_719201742",
    "ee": true
   }
  },
  {
   "type": "Feature",
   "geometry": {
    "type": "Point",
    "coordinates": [
     115.8587626,
     -31.94687891
    ]
   },
   "properties": {
    "name": "UNIT 50, 89 ABERDEEN STREET NORTHBRIDGE 6003",
    "locID": "LOC000175550554",
    "tech": "FTTB",
    "upgrade": "NULL_NA",
    "gnaf_pid": "GAWA_719201743",
    "ee": true
   }
  },
  {
   "type": "Feature",
   "geometry": {
    "type": "Point",
    "coordinates": [
     115.8587626,
     -31.94687891
    ]
   },
   "properties": {
    "name": "UNIT 17, 89 ABERDEEN STREET NORTHBRIDGE 6003",
    "locID": "LOC000175550273",
    "tech": "FTTB",
    "upgrade": "NULL_NA",
    "gnaf_pid": "GAWA_719201744",
    "ee": true
   }
  },
  {
   "type": "Feature",
   "geometry": {
    "type": "Point",
    "coordinates": [
     115.8587626,
     -31.94687891
    ]
   },
   "properties": {
    "name": "UNIT 5, 89 ABERDEEN STREET NORTHBRIDGE 6003",
    "locID": "LOC000169353088",
    "tech": "FTTB",
    "upgrade": "NULL_NA",
    "gnaf_pid": "GAWA_719201745",
    "ee": true
   }
  },
  {
   "type": "Feature",
   "geometry": {
    "type": "Point",
    "coordinates": [
     115.8587626,
     -31.94687891
    ]
   },
   "properties": {
    "name": "UNIT 65, 89 ABERDEEN STREET NORTHBRIDGE 6003",
    "locID": "LOC000178713148",
    "tech": "FTTB",
    "upgrade": "NULL_NA",
    "gnaf_pid": "GAWA_719224956",
    "ee": true
   }
  },
  {
   "type": "Feature",
   "geometry": {
    "type": "Point",
    "coordinates": [
     115.8587626,
     -31.94687891
    ]
   },
   "properties": {
    "name": "UNIT 69, 89 ABERDEEN STREET NORTHBRIDGE 6003",
    "locID": "LOC000178713182",
    "tech": "FTTB",
    "upgrade": "NULL_NA",
    "gnaf_pid": "GAWA_719224957",
    "ee": true
   }
  },
  {
   "type": "Feature",
   "geometry": {
    "type": "Point",
    "coordinates": [
     115.8587626,
     -31.94687891
    ]
   },
   "properties": {
    "name": "UNIT 68, 89 ABERDEEN STREET NORTHBRIDGE 6003",
    "locID": "LOC000178713176",
    "tech": "FTTB",
    "upgrade": "NULL_NA",
    "gnaf_pid": "GAWA_719225128",
    "ee": true
   }
  },
  {
   "type": "Feature",
   "geometry": {
    "type": "Point",
    "coordinates": [
     115.8587626,
     -31.94687891
    ]
   },
   "properties": {
    "name": "UNIT 70, 89 ABERDEEN STREET NORTHBRIDGE 6003",
    "locID": "LOC000178713195",
    "tech": "FTTB",
    "upgrade": "NULL_NA",
    "gnaf_pid": "GAWA_719225295",
    "ee": true
   }
  },
  {
   "type": "Feature",
   "geometry": {
    "type": "Point",
    "coordinates": [
     115.8587626,
     -31.94687891
    ]
   },
   "properties": {
    "name": "UNIT 67, 89 ABERDEEN STREET NORTHBRIDGE 6003",
    "locID": "LOC000178713169",
    "tech": "FTTB",
    "upgrade": "NULL_NA",
    "gnaf_pid": "GAWA_719225665",
    "ee": true
   }
  },
  {
   "type": "Feature",
   "geometry": {
    "type": "Point",
    "coordinates": [
     115.8587626,
     -31.94687891
    ]
   },
   "properties": {
    "name": "UNIT 66, 89 ABERDEEN STREET NORTHBRIDGE 6003",
    "locID": "LOC000178713153",
    "tech": "FTTB",
    "upgrade": "NULL_NA",
    "gnaf_pid": "GAWA_719225855",
    "ee": true
   }
  },
  {
   "type": "Feature",
   "geometry": {
    "type": "Point",
    "coordinates": [
     115.85934461,
     -31.94570141
    ]
   },
   "properties": {
    "name": "UNIT 8, 243 NEWCASTLE STREET NORTHBRIDGE 6003",
    "locID": "LOC000169418420",
    "tech": "FTTC",
    "upgrade": "FTTP_NA",
    "gnaf_pid": "GAWA_719348445",
    "ee": true,
    "tech_change_status": "MDU Complex Eligible To Apply"
   }
  },
  {
   "type": "Feature",
   "geometry": {
    "type": "Point",
    "coordinates": [
     115.85499237,
     -31.94372859
    ]
   },
   "properties": {
    "name": "UNIT 3, 355 NEWCASTLE STREET NORTHBRIDGE 6003",
    "locID": "LOC000175551054",
    "tech": "FTTC",
    "upgrade": "FTTP_NA",
    "gnaf_pid": "GAWA_719404218",
    "ee": true,
    "tech_change_status": "MDU Complex Eligible To Apply"
   }
  },
  {
   "type": "Feature",
   "geometry": {
    "type": "Point",
    "coordinates": [
     115.85934461,
     -31.94570141
    ]
   },
   "properties": {
    "name": "UNIT 209, 239 NEWCASTLE STREET NORTHBRIDGE 6003",
    "locID": "LOC000149379638",
    "tech": "FTTC",
    "upgrade": "FTTP_SA",
    "gnaf_pid": "GAWA_719502647",
    "ee": true,
    "tech_change_status": "Eligible to Order"
   }
  },
  {
   "type": "Feature",
   "geometry": {
    "type": "Point",
    "coordinates": [
     115.85934461,
     -31.94570141
    ]
   },
   "properties": {
    "name": "UNIT 203, 239 NEWCASTLE STREET NORTHBRIDGE 6003",
    "locID": "LOC000149379638",
    "tech": "FTTC",
    "upgrade": "FTTP_SA",
    "gnaf_pid": "GAWA_719502648",
    "ee": true,
    "tech_change_status": "Eligible to Order"
   }
  },
  {
   "type": "Feature",
   "geometry": {
    "type": "Point",
    "coordinates": [
     115.85934461,
     -31.94570141
    ]
   },
   "properties": {
    "name": "UNIT 208, 239 NEWCASTLE STREET NORTHBRIDGE 6003",
    "locID": "LOC000149379638",
    "tech": "FTTC",
    "upgrade": "FTTP_SA",
    "gnaf_pid": "GAWA_719502649",
    "ee": true,
    "tech_change_status": "Eligible to Order"
   }
  },
  {
   "type": "Feature",
   "geometry": {
    "type": "Point",
    "coordinates": [
     115.85934461,
     -31.94570141
    ]
   },
   "properties": {
    "name": "UNIT 305, 239 NEWCASTLE STREET NORTHBRIDGE 6003",
    "locID": "LOC000149379638",
    "tech": "FTTC",
    "upgrade": "FTTP_SA",
    "gnaf_pid": "GAWA_719502650",
    "ee": true,
    "tech_change_status": "Eligible to Order"
   }
  },
  {
   "type": "Feature",
   "geometry": {
    "type": "Point",
    "coordinates": [
     115.85934461,
     -31.94570141
    ]
   },
   "properties": {
    "name": "UNIT 105, 239 NEWCASTLE STREET NORTHBRIDGE 6003",
    "locID": "LOC000149379638",
    "tech": "FTTC",
    "upgrade": "FTTP_SA",
    "gnaf_pid": "GAWA_719502651",
    "ee": true,
    "tech_change_status": "Eligible to Order"
   }
  },
  {
   "type": "Feature",
   "geometry": {
    "type": "Point",
    "coordinates": [
     115.85934461,
     -31.94570141
    ]
   },
   "properties": {
    "name": "UNIT 404, 239 NEWCASTLE STREET NORTHBRIDGE 6003",
    "locID": "LOC000149379638",
    "tech": "FTTC",
    "upgrade": "FTTP_SA",
    "gnaf_pid": "GAWA_719502652",
    "ee": true,
    "tech_change_status": "Eligible to Order"
   }
  },
  {
   "type": "Feature",
   "geometry": {
    "type": "Point",
    "coordinates": [
     115.85934461,
     -31.94570141
    ]
   },
   "properties": {
    "name": "UNIT 1, 243 NEWCASTLE STREET NORTHBRIDGE 6003",
    "locID": "LOC000149379722",
    "tech": "FTTC",
    "upgrade": "FTTP_NA",
    "gnaf_pid": "GAWA_719502653",
    "ee": true,
    "tech_change_status": "MDU Complex Eligible To Apply"
   }
  },
  {
   "type": "Feature",
   "geometry": {
    "type": "Point",
    "coordinates": [
     115.85934461,
     -31.94570141
    ]
   },
   "properties": {
    "name": "UNIT 408, 239 NEWCASTLE STREET NORTHBRIDGE 6003",
    "locID": "LOC000149379638",
    "tech": "FTTC",
    "upgrade": "FTTP_SA",
    "gnaf_pid": "GAWA_719502654",
    "ee": true,
    "tech_change_status": "Eligible to Order"
   }
  },
  {
   "type": "Feature",
   "geometry": {
    "type": "Point",
    "coordinates": [
     115.85934461,
     -31.94570141
    ]
   },
   "properties": {
    "name": "UNIT 405, 239 NEWCASTLE STREET NORTHBRIDGE 6003",
    "locID": "LOC000149379638",
    "tech": "FTTC",
    "upgrade": "FTTP_SA",
    "gnaf_pid": "GAWA_719502723",
    "ee": true,
    "tech_change_status": "Eligible to Order"
   }
  },
  {
   "type": "Feature",
   "geometry": {
    "type": "Point",
    "coordinates": [
     115.85934461,
     -31.94570141
    ]
   },
   "properties": {
    "name": "UNIT 205, 239 NEWCASTLE STREET NORTHBRIDGE 6003",
    "locID": "LOC000149379638",
    "tech": "FTTC",
    "upgrade": "FTTP_SA",
    "gnaf_pid": "GAWA_719502724",
    "ee": true,
    "tech_change_status": "Eligible to Order"
   }
  },
  {
   "type": "Feature",
   "geometry": {
    "type": "Point",
    "coordinates": [
     115.85934461,
     -31.94570141
    ]
   },
   "properties": {
    "name": "UNIT 207, 239 NEWCASTLE STREET NORTHBRIDGE 6003",
    "locID": "LOC000149379638",
    "tech": "FTTC",
    "upgrade": "FTTP_SA",
    "gnaf_pid": "GAWA_719502725",
    "ee": true,
    "tech_change_status": "Eligible to Order"
   }
  },
  {
   "type": "Feature",
   "geometry": {
    "type": "Point",
    "coordinates": [
     115.85934461,
     -31.94570141
    ]
   },
   "properties": {
    "name": "UNIT 202, 239 NEWCASTLE STREET NORTHBRIDGE 6003",
    "locID": "LOC000149379638",
    "tech": "FTTC",
    "upgrade": "FTTP_SA",
    "gnaf_pid": "GAWA_719502726",
    "ee": true,
    "tech_change_status": "Eligible to Order"
   }
  },
  {
   "type": "Feature",
   "geometry": {
    "type": "Point",
    "coordinates": [
     115.85934461,
     -31.94570141
    ]
   },
   "properties": {
    "name": "UNIT 401, 239 NEWCASTLE STREET NORTHBRIDGE 6003",
    "locID": "LOC000149379638",
    "tech": "FTTC",
    "upgrade": "FTTP_SA",
    "gnaf_pid": "GAWA_719502727",
    "ee": true,
    "tech_change_status": "Eligible to Order"
   }
  },
  {
   "type": "Feature",
   "geometry": {
    "type": "Point",
    "coordinates": [
     115.85934461,
     -31.94570141
    ]
   },
   "properties": {
    "name": "UNIT 204, 239 NEWCASTLE STREET NORTHBRIDGE 6003",
    "locID": "LOC000149379638",
    "tech": "FTTC",
    "upgrade": "FTTP_SA",
    "gnaf_pid": "GAWA_719502728",
    "ee": true,
    "tech_change_status": "Eligible to Order"
   }
  },
  {
   "type": "Feature",
   "geometry": {
    "type": "Point",
    "coordinates": [
     115.85934461,
     -31.94570141
    ]
   },
   "properties": {
    "name": "UNIT 411, 239 NEWCASTLE STREET NORTHBRIDGE 6003",
    "locID": "LOC000149379638",
    "tech": "FTTC",
    "upgrade": "FTTP_SA",
    "gnaf_pid": "GAWA_719502813",
    "ee": true,
    "tech_change_status": "Eligible to Order"
   }
  },
  {
   "type": "Feature",
   "geometry": {
    "type": "Point",
    "coordinates": [
     115.85934461,
     -31.94570141
    ]
   },
   "properties": {
    "name": "UNIT 403, 239 NEWCASTLE STREET NORTHBRIDGE 6003",
    "locID": "LOC000149379638",
    "tech": "FTTC",
    "upgrade": "FTTP_SA",
    "gnaf_pid": "GAWA_719502814",
    "ee": true,
    "tech_change_status": "Eligible to Order"
   }
  },
  {
   "type": "Feature",
   "geometry": {
    "type": "Point",
    "coordinates": [
     115.85934461,
     -31.94570141
    ]
   },
   "properties": {
    "name": "UNIT 102, 239 NEWCASTLE STREET NORTHBRIDGE 6003",
    "locID": "LOC000149379638",
    "tech": "FTTC",
    "upgrade": "FTTP_SA",
    "gnaf_pid": "GAWA_719502815",
    "ee": true,
    "tech_change_status": "Eligible to Order"
   }
  },
  {
   "type": "Feature",
   "geometry": {
    "type": "Point",
    "coordinates": [
     115.85934461,
     -31.94570141
    ]
   },
   "properties": {
    "name": "UNIT 103, 239 NEWCASTLE STREET NORTHBRIDGE 6003",
    "locID": "LOC000149379638",
    "tech": "FTTC",
    "upgrade": "FTTP_SA",
    "gnaf_pid": "GAWA_719502887",
    "ee": true,
    "tech_change_status": "Eligible to Order"
   }
  },
  {
   "type": "Feature",
   "geometry": {
    "type": "Point",
    "coordinates": [
     115.85934461,
     -31.94570141
    ]
   },
   "properties": {
    "name": "UNIT 504, 239 NEWCASTLE STREET NORTHBRIDGE 6003",
    "locID": "LOC000149379638",
    "tech": "FTTC",
    "upgrade": "FTTP_SA",
    "gnaf_pid": "GAWA_719502888",
    "ee": true,
    "tech_change_status": "Eligible to Order"
   }
  },
  {
   "type": "Feature",
   "geometry": {
    "type": "Point",
    "coordinates": [
     115.85934461,
     -31.94570141
    ]
   },
   "properties": {
    "name": "UNIT 303, 239 NEWCASTLE STREET NORTHBRIDGE 6003",
    "locID": "LOC000149379638",
    "tech": "FTTC",
    "upgrade": "FTTP_SA",
    "gnaf_pid": "GAWA_719502889",
    "ee": true,
    "tech_change_status": "Eligible to Order"
   }
  },
  {
   "type": "Feature",
   "geometry": {
    "type": "Point",
    "coordinates": [
     115.85934461,
     -31.94570141
    ]
   },
   "properties": {
    "name": "UNIT 210, 239 NEWCASTLE STREET NORTHBRIDGE 6003",
    "locID": "LOC000149379638",
    "tech": "FTTC",
    "upgrade": "FTTP_SA",
    "gnaf_pid": "GAWA_719502890",
    "ee": true,
    "tech_change_status": "Eligible to Order"
   }
  },
  {
   "type": "Feature",
   "geometry": {
    "type": "Point",
    "coordinates": [
     115.85934461,
     -31.94570141
    ]
   },
   "properties": {
    "name": "UNIT 407, 239 NEWCASTLE STREET NORTHBRIDGE 6003",
    "locID": "LOC000149379638",
    "tech": "FTTC",
    "upgrade": "FTTP_SA",
    "gnaf_pid": "GAWA_719502891",
    "ee": true,
    "tech_change_status": "Eligible to Order"
   }
  },
  {
   "type": "Feature",
   "geometry": {
    "type": "Point",
    "coordinates": [
     115.85934461,
     -31.94570141
    ]
   },
   "properties": {
    "name": "UNIT 501, 239 NEWCASTLE STREET NORTHBRIDGE 6003",
    "locID": "LOC000149379638",
    "tech": "FTTC",
    "upgrade": "FTTP_SA",
    "gnaf_pid": "GAWA_719502892",
    "ee": true,
    "tech_change_status": "Eligible to Order"
   }
  },
  {
   "type": "Feature",
   "geometry": {
    "type": "Point",
    "coordinates": [
     115.85934461,
     -31.94570141
    ]
   },
   "properties": {
    "name": "UNIT 409, 239 NEWCASTLE STREET NORTHBRIDGE 6003",
    "locID": "LOC000149379638",
    "tech": "FTTC",
    "upgrade": "FTTP_SA",
    "gnaf_pid": "GAWA_719502893",
    "ee": true,
    "tech_change_status": "Eligible to Order"
   }
  },
  {
   "type": "Feature",
   "geometry": {
    "type": "Point",
    "coordinates": [
     115.85934461,
     -31.94570141
    ]
   },
   "properties": {
    "name": "UNIT 301, 239 NEWCASTLE STREET NORTHBRIDGE 6003",
    "locID": "LOC000149379638",
    "tech": "FTTC",
    "upgrade": "FTTP_SA",
    "gnaf_pid": "GAWA_719502989",
    "ee": true,
    "tech_change_status": "Eligible to Order"
   }
  },
  {
   "type": "Feature",
   "geometry": {
    "type": "Point",
    "coordinates": [
     115.85934461,
     -31.94570141
    ]
   },
   "properties": {
    "name": "UNIT 101, 239 NEWCASTLE STREET NORTHBRIDGE 6003",
    "locID": "LOC000149379638",
    "tech": "FTTC",
    "upgrade": "FTTP_SA",
    "gnaf_pid": "GAWA_719502990",
    "ee": true,
    "tech_change_status": "Eligible to Order"
   }
  },
  {
   "type": "Feature",
   "geometry": {
    "type": "Point",
    "coordinates": [
     115.85934461,
     -31.94570141
    ]
   },
   "properties": {
    "name": "UNIT 307, 239 NEWCASTLE STREET NORTHBRIDGE 6003",
    "locID": "LOC000149379638",
    "tech": "FTTC",
    "upgrade": "FTTP_SA",
    "gnaf_pid": "GAWA_719502991",
    "ee": true,
    "tech_change_status": "Eligible to Order"
   }
  },
  {
   "type": "Feature",
   "geometry": {
    "type": "Point",
    "coordinates": [
     115.85934461,
     -31.94570141
    ]
   },
   "properties": {
    "name": "UNIT 505, 239 NEWCASTLE STREET NORTHBRIDGE 6003",
    "locID": "LOC000149379638",
    "tech": "FTTC",
    "upgrade": "FTTP_SA",
    "gnaf_pid": "GAWA_719502992",
    "ee": true,
    "tech_change_status": "Eligible to Order"
   }
  },
  {
   "type": "Feature",
   "geometry": {
    "type": "Point",
    "coordinates": [
     115.85934461,
     -31.94570141
    ]
   },
   "properties": {
    "name": "UNIT 506, 239 NEWCASTLE STREET NORTHBRIDGE 6003",
    "locID": "LOC000149379638",
    "tech": "FTTC",
    "upgrade": "FTTP_SA",
    "gnaf_pid": "GAWA_719503085",
    "ee": true,
    "tech_change_status": "Eligible to Order"
   }
  },
  {
   "type": "Feature",
   "geometry": {
    "type": "Point",
    "coordinates": [
     115.85934461,
     -31.94570141
    ]
   },
   "properties": {
    "name": "UNIT 308, 239 NEWCASTLE STREET NORTHBRIDGE 6003",
    "locID": "LOC000149379638",
    "tech": "FTTC",
    "upgrade": "FTTP_SA",
    "gnaf_pid": "GAWA_719503086",
    "ee": true,
    "tech_change_status": "Eligible to Order"
   }
  },
  {
   "type": "Feature",
   "geometry": {
    "type": "Point",
    "coordinates": [
     115.85934461,
     -31.94570141
    ]
   },
   "properties": {
    "name": "UNIT 410, 239 NEWCASTLE STREET NORTHBRIDGE 6003",
    "locID": "LOC000149379638",
    "tech": "FTTC",
    "upgrade": "FTTP_SA",
    "gnaf_pid": "GAWA_719503087",
    "ee": true,
    "tech_change_status": "Eligible to Order"
   }
  },
  {
   "type": "Feature",
   "geometry": {
    "type": "Point",
    "coordinates": [
     115.85934461,
     -31.94570141
    ]
   },
   "properties": {
    "name": "UNIT 306, 239 NEWCASTLE STREET NORTHBRIDGE 6003",
    "locID": "LOC000149379638",
    "tech": "FTTC",
    "upgrade": "FTTP_SA",
    "gnaf_pid": "GAWA_719503088",
    "ee": true,
    "tech_change_status": "Eligible to Order"
   }
  },
  {
   "type": "Feature",
   "geometry": {
    "type": "Point",
    "coordinates": [
     115.85934461,
     -31.94570141
    ]
   },
   "properties": {
    "name": "UNIT 310, 239 NEWCASTLE STREET NORTHBRIDGE 6003",
    "locID": "LOC000149379638",
    "tech": "FTTC",
    "upgrade": "FTTP_SA",
    "gnaf_pid": "GAWA_719503089",
    "ee": true,
    "tech_change_status": "Eligible to Order"
   }
  },
  {
   "type": "Feature",
   "geometry": {
    "type": "Point",
    "coordinates": [
     115.85934461,
     -31.94570141
    ]
   },
   "properties": {
    "name": "UNIT 304, 239 NEWCASTLE STREET NORTHBRIDGE 6003",
    "locID": "LOC000149379638",
    "tech": "FTTC",
    "upgrade": "FTTP_SA",
    "gnaf_pid": "GAWA_719503090",
    "ee": true,
    "tech_change_status": "Eligible to Order"
   }
  },
  {
   "type": "Feature",
   "geometry": {
    "type": "Point",
    "coordinates": [
     115.85934461,
     -31.94570141
    ]
   },
   "properties": {
    "name": "UNIT 311, 239 NEWCASTLE STREET NORTHBRIDGE 6003",
    "locID": "LOC000149379638",
    "tech": "FTTC",
    "upgrade": "FTTP_SA",
    "gnaf_pid": "GAWA_719503175",
    "ee": true,
    "tech_change_status": "Eligible to Order"
   }
  },
  {
   "type": "Feature",
   "geometry": {
    "type": "Point",
    "coordinates": [
     115.85934461,
     -31.94570141
    ]
   },
   "properties": {
    "name": "UNIT 206, 239 NEWCASTLE STREET NORTHBRIDGE 6003",
    "locID": "LOC000149379638",
    "tech": "FTTC",
    "upgrade": "FTTP_SA",
    "gnaf_pid": "GAWA_719503176",
    "ee": true,
    "tech_change_status": "Eligible to Order"
   }
  },
  {
   "type": "Feature",
   "geometry": {
    "type": "Point",
    "coordinates": [
     115.85934461,
     -31.94570141
    ]
   },
   "properties": {
    "name": "UNIT 104, 239 NEWCASTLE STREET NORTHBRIDGE 6003",
    "locID": "LOC000149379638",
    "tech": "FTTC",
    "upgrade": "FTTP_SA",
    "gnaf_pid": "GAWA_719503177",
    "ee": true,
    "tech_change_status": "Eligible to Order"
   }
  },
  {
   "type": "Feature",
   "geometry": {
    "type": "Point",
    "coordinates": [
     115.85934461,
     -31.94570141
    ]
   },
   "properties": {
    "name": "UNIT 211, 239 NEWCASTLE STREET NORTHBRIDGE 6003",
    "locID": "LOC000149379638",
    "tech": "FTTC",
    "upgrade": "FTTP_SA",
    "gnaf_pid": "GAWA_719503178",
    "ee": true,
    "tech_change_status": "Eligible to Order"
   }
  },
  {
   "type": "Feature",
   "geometry": {
    "type": "Point",
    "coordinates": [
     115.85934461,
     -31.94570141
    ]
   },
   "properties": {
    "name": "UNIT 106, 239 NEWCASTLE STREET NORTHBRIDGE 6003",
    "locID": "LOC000149379638",
    "tech": "FTTC",
    "upgrade": "FTTP_SA",
    "gnaf_pid": "GAWA_719503179",
    "ee": true,
    "tech_change_status": "Eligible to Order"
   }
  },
  {
   "type": "Feature",
   "geometry": {
    "type": "Point",
    "coordinates": [
     115.85934461,
     -31.94570141
    ]
   },
   "properties": {
    "name": "UNIT 503, 239 NEWCASTLE STREET NORTHBRIDGE 6003",
    "locID": "LOC000149379638",
    "tech": "FTTC",
    "upgrade": "FTTP_SA",
    "gnaf_pid": "GAWA_719503180",
    "ee": true,
    "tech_change_status": "Eligible to Order"
   }
  },
  {
   "type": "Feature",
   "geometry": {
    "type": "Point",
    "coordinates": [
     115.85934461,
     -31.94570141
    ]
   },
   "properties": {
    "name": "UNIT 502, 239 NEWCASTLE STREET NORTHBRIDGE 6003",
    "locID": "LOC000149379638",
    "tech": "FTTC",
    "upgrade": "FTTP_SA",
    "gnaf_pid": "GAWA_719503243",
    "ee": true,
    "tech_change_status": "Eligible to Order"
   }
  },
  {
   "type": "Feature",
   "geometry": {
    "type": "Point",
    "coordinates": [
     115.85934461,
     -31.94570141
    ]
   },
   "properties": {
    "name": "UNIT 402, 239 NEWCASTLE STREET NORTHBRIDGE 6003",
    "locID": "LOC000149379638",
    "tech": "FTTC",
    "upgrade": "FTTP_SA",
    "gnaf_pid": "GAWA_719503244",
    "ee": true,
    "tech_change_status": "Eligible to Order"
   }
  },
  {
   "type": "Feature",
   "geometry": {
    "type": "Point",
    "coordinates": [
     115.85934461,
     -31.94570141
    ]
   },
   "properties": {
    "name": "UNIT 302, 239 NEWCASTLE STREET NORTHBRIDGE 6003",
    "locID": "LOC000149379638",
    "tech": "FTTC",
    "upgrade": "FTTP_SA",
    "gnaf_pid": "GAWA_719503245",
    "ee": true,
    "tech_change_status": "Eligible to Order"
   }
  },
  {
   "type": "Feature",
   "geometry": {
    "type": "Point",
    "coordinates": [
     115.85934461,
     -31.94570141
    ]
   },
   "properties": {
    "name": "UNIT 309, 239 NEWCASTLE STREET NORTHBRIDGE 6003",
    "locID": "LOC000149379638",
    "tech": "FTTC",
    "upgrade": "FTTP_SA",
    "gnaf_pid": "GAWA_719503246",
    "ee": true,
    "tech_change_status": "Eligible to Order"
   }
  },
  {
   "type": "Feature",
   "geometry": {
    "type": "Point",
    "coordinates": [
     115.85934461,
     -31.94570141
    ]
   },
   "properties": {
    "name": "UNIT 201, 239 NEWCASTLE STREET NORTHBRIDGE 6003",
    "locID": "LOC000149379638",
    "tech": "FTTC",
    "upgrade": "FTTP_SA",
    "gnaf_pid": "GAWA_719503247",
    "ee": true,
    "tech_change_status": "Eligible to Order"
   }
  },
  {
   "type": "Feature",
   "geometry": {
    "type": "Point",
    "coordinates": [
     115.85934461,
     -31.94570141
    ]
   },
   "properties": {
    "name": "UNIT 406, 239 NEWCASTLE STREET NORTHBRIDGE 6003",
    "locID": "LOC000149379638",
    "tech": "FTTC",
    "upgrade": "FTTP_SA",
    "gnaf_pid": "GAWA_719503248",
    "ee": true,
    "tech_change_status": "Eligible to Order"
   }
  },
  {
   "type": "Feature",
   "geometry": {
    "type": "Point",
    "coordinates": [
     115.8545974,
     -31.94753438
    ]
   },
   "properties": {
    "name": "89 MELBOURNE STREET NORTHBRIDGE 6003",
    "locID": "LOC100056649653",
    "tech": "FTTC",
    "upgrade": "FTTP_SA",
    "gnaf_pid": "GAWA_719681772",
    "ee": true,
    "tech_change_status": "Eligible to Order"
   }
  },
  {
   "type": "Feature",
   "geometry": {
    "type": "Point",
    "coordinates": [
     115.8548,
     -31.94778
    ]
   },
   "properties": {
    "name": "LEVEL 2, 116 ROE STREET NORTHBRIDGE 6003",
    "locID": "LOC000005461629",
    "tech": "FTTC",
    "upgrade": "FTTP_SA",
    "gnaf_pid": "GAWA_719681803",
    "ee": true,
    "tech_change_status": "Eligible to Order"
   }
  },
  {
   "type": "Feature",
   "geometry": {
    "type": "Point",
    "coordinates": [
     115.8548,
     -31.94778
    ]
   },
   "properties": {
    "name": "LEVEL 1, 116 ROE STREET NORTHBRIDGE 6003",
    "locID": "LOC000193242863",
    "tech": "FTTC",
    "upgrade": "FTTP_SA",
    "gnaf_pid": "GAWA_719681929",
    "ee": true,
    "tech_change_status": "Eligible to Order"
   }
  },
  {
   "type": "Feature",
   "geometry": {
    "type": "Point",
    "coordinates": [
     115.85401057,
     -31.94397474
    ]
   },
   "properties": {
    "name": "UNIT G1, 190 ABERDEEN STREET NORTHBRIDGE 6003",
    "locID": "LOC000116351540",
    "tech": "FTTC",
    "upgrade": "FTTP_SA",
    "gnaf_pid": "GAWA_719779670",
    "ee": true,
    "tech_change_status": "Eligible to Order"
   }
  },
  {
   "type": "Feature",
   "geometry": {
    "type": "Point",
    "coordinates": [
     115.85401057,
     -31.94397474
    ]
   },
   "properties": {
    "name": "UNIT 102, 190 ABERDEEN STREET NORTHBRIDGE 6003",
    "locID": "LOC000116351540",
    "tech": "FTTC",
    "upgrade": "FTTP_SA",
    "gnaf_pid": "GAWA_719779671",
    "ee": true,
    "tech_change_status": "Eligible to Order"
   }
  },
  {
   "type": "Feature",
   "geometry": {
    "type": "Point",
    "coordinates": [
     115.85401057,
     -31.94397474
    ]
   },
   "properties": {
    "name": "UNIT 301, 190 ABERDEEN STREET NORTHBRIDGE 6003",
    "locID": "LOC000116351540",
    "tech": "FTTC",
    "upgrade": "FTTP_SA",
    "gnaf_pid": "GAWA_719780036",
    "ee": true,
    "tech_change_status": "Eligible to Order"
   }
  },
  {
   "type": "Feature",
   "geometry": {
    "type": "Point",
    "coordinates": [
     115.85401057,
     -31.94397474
    ]
   },
   "properties": {
    "name": "UNIT 101, 190 ABERDEEN STREET NORTHBRIDGE 6003",
    "locID": "LOC000116351540",
    "tech": "FTTC",
    "upgrade": "FTTP_SA",
    "gnaf_pid": "GAWA_719780538",
    "ee": true,
    "tech_change_status": "Eligible to Order"
   }
  },
  {
   "type": "Feature",
   "geometry": {
    "type": "Point",
    "coordinates": [
     115.85401057,
     -31.94397474
    ]
   },
   "properties": {
    "name": "UNIT 302, 190 ABERDEEN STREET NORTHBRIDGE 6003",
    "locID": "LOC000116351540",
    "tech": "FTTC",
    "upgrade": "FTTP_SA",
    "gnaf_pid": "GAWA_719780865",
    "ee": true,
    "tech_change_status": "Eligible to Order"
   }
  },
  {
   "type": "Feature",
   "geometry": {
    "type": "Point",
    "coordinates": [
     115.85401057,
     -31.94397474
    ]
   },
   "properties": {
    "name": "UNIT 202, 190 ABERDEEN STREET NORTHBRIDGE 6003",
    "locID": "LOC000116351540",
    "tech": "FTTC",
    "upgrade": "FTTP_SA",
    "gnaf_pid": "GAWA_719781259",
    "ee": true,
    "tech_change_status": "Eligible to Order"
   }
  },
  {
   "type": "Feature",
   "geometry": {
    "type": "Point",
    "coordinates": [
     115.85401057,
     -31.94397474
    ]
   },
   "properties": {
    "name": "UNIT 201, 190 ABERDEEN STREET NORTHBRIDGE 6003",
    "locID": "LOC000116351540",
    "tech": "FTTC",
    "upgrade": "FTTP_SA",
    "gnaf_pid": "GAWA_719781814",
    "ee": true,
    "tech_change_status": "Eligible to Order"
   }
  },
  {
   "type": "Feature",
   "geometry": {
    "type": "Point",
    "coordinates": [
     115.86009898,
     -31.9464263
    ]
   },
   "properties": {
    "name": "UNIT 40, 7 ERRICHETTI PLACE NORTHBRIDGE 6003",
    "locID": "LOC000187044136",
    "tech": "FTTB",
    "upgrade": "NULL_NA",
    "gnaf_pid": "GAWA_719866247",
    "ee": true
   }
  },
  {
   "type": "Feature",
   "geometry": {
    "type": "Point",
    "coordinates": [
     115.8585338,
     -31.94607054
    ]
   },
   "properties": {
    "name": "UNIT 1, 100 ABERDEEN STREET NORTHBRIDGE 6003",
    "locID": "LOC000017940914",
    "tech": "FTTC",
    "upgrade": "FTTP_SA",
    "gnaf_pid": "GAWA_720247289",
    "ee": true,
    "tech_change_status": "Eligible to Order"
   }
  },
  {
   "type": "Feature",
   "geometry": {
    "type": "Point",
    "coordinates": [
     115.8585338,
     -31.94607054
    ]
   },
   "properties": {
    "name": "UNIT 2, 100 ABERDEEN STREET NORTHBRIDGE 6003",
    "locID": "LOC000017940914",
    "tech": "FTTC",
    "upgrade": "FTTP_SA",
    "gnaf_pid": "GAWA_720247290",
    "ee": true,
    "tech_change_status": "Eligible to Order"
   }
  },
  {
   "type": "Feature",
   "geometry": {
    "type": "Point",
    "coordinates": [
     115.85825,
     -31.94821
    ]
   },
   "properties": {
    "name": "OFFICE 3, LEVEL 2, 102 JAMES STREET NORTHBRIDGE 6003",
    "locID": "LOC000094567921",
    "tech": "FTTC",
    "upgrade": "FTTP_NA",
    "gnaf_pid": "GAWA_720299028",
    "ee": true,
    "tech_change_status": "MDU Complex Eligible To Apply"
   }
  },
  {
   "type": "Feature",
   "geometry": {
    "type": "Point",
    "coordinates": [
     115.85825,
     -31.94821
    ]
   },
   "properties": {
    "name": "OFFICE 1, LEVEL 3, 102 JAMES STREET NORTHBRIDGE 6003",
    "locID": "LOC000094567921",
    "tech": "FTTC",
    "upgrade": "FTTP_NA",
    "gnaf_pid": "GAWA_720299029",
    "ee": true,
    "tech_change_status": "MDU Complex Eligible To Apply"
   }
  },
  {
   "type": "Feature",
   "geometry": {
    "type": "Point",
    "coordinates": [
     115.85825,
     -31.94821
    ]
   },
   "properties": {
    "name": "OFFICE 1, LEVEL 4, 102 JAMES STREET NORTHBRIDGE 6003",
    "locID": "LOC000094567921",
    "tech": "FTTC",
    "upgrade": "FTTP_NA",
    "gnaf_pid": "GAWA_720299139",
    "ee": true,
    "tech_change_status": "MDU Complex Eligible To Apply"
   }
  },
  {
   "type": "Feature",
   "geometry": {
    "type": "Point",
    "coordinates": [
     115.85825,
     -31.94821
    ]
   },
   "properties": {
    "name": "OFFICE 3, LEVEL 5, 102 JAMES STREET NORTHBRIDGE 6003",
    "locID": "LOC000094567921",
    "tech": "FTTC",
    "upgrade": "FTTP_NA",
    "gnaf_pid": "GAWA_720299140",
    "ee": true,
    "tech_change_status": "MDU Complex Eligible To Apply"
   }
  },
  {
   "type": "Feature",
   "geometry": {
    "type": "Point",
    "coordinates": [
     115.85825,
     -31.94821
    ]
   },
   "properties": {
    "name": "OFFICE 2, LEVEL 2, 102 JAMES STREET NORTHBRIDGE 6003",
    "locID": "LOC000094567921",
    "tech": "FTTC",
    "upgrade": "FTTP_NA",
    "gnaf_pid": "GAWA_720299241",
    "ee": true,
    "tech_change_status": "MDU Complex Eligible To Apply"
   }
  },
  {
   "type": "Feature",
   "geometry": {
    "type": "Point",
    "coordinates": [
     115.85825,
     -31.94821
    ]
   },
   "properties": {
    "name": "OFFICE 2, LEVEL 5, 102 JAMES STREET NORTHBRIDGE 6003",
    "locID": "LOC000094567921",
    "tech": "FTTC",
    "upgrade": "FTTP_NA",
    "gnaf_pid": "GAWA_720299432",
    "ee": true,
    "tech_change_status": "MDU Complex Eligible To Apply"
   }
  },
  {
   "type": "Feature",
   "geometry": {
    "type": "Point",
    "coordinates": [
     115.85825,
     -31.94821
    ]
   },
   "properties": {
    "name": "OFFICE 1, LEVEL 5, 102 JAMES STREET NORTHBRIDGE 6003",
    "locID": "LOC000094567921",
    "tech": "FTTC",
    "upgrade": "FTTP_NA",
    "gnaf_pid": "GAWA_720299433",
    "ee": true,
    "tech_change_status": "MDU Complex Eligible To Apply"
   }
  },
  {
   "type": "Feature",
   "geometry": {
    "type": "Point",
    "coordinates": [
     115.85825,
     -31.94821
    ]
   },
   "properties": {
    "name": "OFFICE 1, LEVEL 2, 102 JAMES STREET NORTHBRIDGE 6003",
    "locID": "LOC000094567921",
    "tech": "FTTC",
    "upgrade": "FTTP_NA",
    "gnaf_pid": "GAWA_720299666",
    "ee": true,
    "tech_change_status": "MDU Complex Eligible To Apply"
   }
  },
  {
   "type": "Feature",
   "geometry": {
    "type": "Point",
    "coordinates": [
     115.85825,
     -31.94821
    ]
   },
   "properties": {
    "name": "OFFICE 1, LEVEL 6, 102 JAMES STREET NORTHBRIDGE 6003",
    "locID": "LOC000094567921",
    "tech": "FTTC",
    "upgrade": "FTTP_NA",
    "gnaf_pid": "GAWA_720299769",
    "ee": true,
    "tech_change_status": "MDU Complex Eligible To Apply"
   }
  },
  {
   "type": "Feature",
   "geometry": {
    "type": "Point",
    "coordinates": [
     115.85791,
     -31.94875
    ]
   },
   "properties": {
    "name": "UNIT 2, 101 JAMES STREET NORTHBRIDGE 6003",
    "locID": "LOC000183906990",
    "tech": "FTTB",
    "upgrade": "NULL_NA",
    "gnaf_pid": "GAWA_720435200",
    "ee": true
   }
  },
  {
   "type": "Feature",
   "geometry": {
    "type": "Point",
    "coordinates": [
     115.85866,
     -31.94924
    ]
   },
   "properties": {
    "name": "SHOP 2, 189 WILLIAM STREET NORTHBRIDGE 6003",
    "locID": "LOC000051931244",
    "tech": "FTTC",
    "upgrade": "FTTP_NA",
    "gnaf_pid": "GAWA_720435278",
    "ee": true,
    "tech_change_status": "MDU Complex Eligible To Apply"
   }
  },
  {
   "type": "Feature",
   "geometry": {
    "type": "Point",
    "coordinates": [
     115.85866,
     -31.94924
    ]
   },
   "properties": {
    "name": "SHOP 1, 189 WILLIAM STREET NORTHBRIDGE 6003",
    "locID": "LOC000169499519",
    "tech": "FTTC",
    "upgrade": "FTTP_NA",
    "gnaf_pid": "GAWA_720435279",
    "ee": true,
    "tech_change_status": "MDU Complex Eligible To Apply"
   }
  },
  {
   "type": "Feature",
   "geometry": {
    "type": "Point",
    "coordinates": [
     115.85866,
     -31.94924
    ]
   },
   "properties": {
    "name": "SHOP 12, 189 WILLIAM STREET NORTHBRIDGE 6003",
    "locID": "LOC000169499519",
    "tech": "FTTC",
    "upgrade": "FTTP_NA",
    "gnaf_pid": "GAWA_720435370",
    "ee": true,
    "tech_change_status": "MDU Complex Eligible To Apply"
   }
  },
  {
   "type": "Feature",
   "geometry": {
    "type": "Point",
    "coordinates": [
     115.85866,
     -31.94924
    ]
   },
   "properties": {
    "name": "SHOP 10, 189 WILLIAM STREET NORTHBRIDGE 6003",
    "locID": "LOC000169499503",
    "tech": "FTTC",
    "upgrade": "FTTP_NA",
    "gnaf_pid": "GAWA_720435371",
    "ee": true,
    "tech_change_status": "MDU Complex Eligible To Apply"
   }
  },
  {
   "type": "Feature",
   "geometry": {
    "type": "Point",
    "coordinates": [
     115.85866,
     -31.94924
    ]
   },
   "properties": {
    "name": "SHOP 3, 189 WILLIAM STREET NORTHBRIDGE 6003",
    "locID": "LOC000098046436",
    "tech": "FTTC",
    "upgrade": "FTTP_SA",
    "gnaf_pid": "GAWA_720435372",
    "ee": true,
    "tech_change_status": "Eligible to Order"
   }
  },
  {
   "type": "Feature",
   "geometry": {
    "type": "Point",
    "coordinates": [
     115.85699441,
     -31.94862004
    ]
   },
   "properties": {
    "name": "UNIT 1, 129 JAMES STREET NORTHBRIDGE 6003",
    "locID": "LOC000175550786",
    "tech": "FTTC",
    "upgrade": "FTTP_SA",
    "gnaf_pid": "GAWA_720435373",
    "ee": true,
    "tech_change_status": "Eligible to Order"
   }
  },
  {
   "type": "Feature",
   "geometry": {
    "type": "Point",
    "coordinates": [
     115.85866,
     -31.94924
    ]
   },
   "properties": {
    "name": "SHOP 8, 189 WILLIAM STREET NORTHBRIDGE 6003",
    "locID": "LOC000051684873",
    "tech": "FTTC",
    "upgrade": "FTTP_NA",
    "gnaf_pid": "GAWA_720435463",
    "ee": true,
    "tech_change_status": "MDU Complex Eligible To Apply"
   }
  },
  {
   "type": "Feature",
   "geometry": {
    "type": "Point",
    "coordinates": [
     115.85866,
     -31.94924
    ]
   },
   "properties": {
    "name": "SHOP 6, 189 WILLIAM STREET NORTHBRIDGE 6003",
    "locID": "LOC000051962757",
    "tech": "FTTC",
    "upgrade": "FTTP_NA",
    "gnaf_pid": "GAWA_720435464",
    "ee": true,
    "tech_change_status": "MDU Complex Eligible To Apply"
   }
  },
  {
   "type": "Feature",
   "geometry": {
    "type": "Point",
    "coordinates": [
     115.85866,
     -31.94924
    ]
   },
   "properties": {
    "name": "SHOP 5, 189 WILLIAM STREET NORTHBRIDGE 6003",
    "locID": "LOC000051962757",
    "tech": "FTTC",
    "upgrade": "FTTP_NA",
    "gnaf_pid": "GAWA_720435465",
    "ee": true,
    "tech_change_status": "MDU Complex Eligible To Apply"
   }
  },
  {
   "type": "Feature",
   "geometry": {
    "type": "Point",
    "coordinates": [
     115.85866,
     -31.94924
    ]
   },
   "properties": {
    "name": "SHOP 11, 189 WILLIAM STREET NORTHBRIDGE 6003",
    "locID": "LOC000188153423",
    "tech": "FTTC",
    "upgrade": "FTTP_NA",
    "gnaf_pid": "GAWA_720435466",
    "ee": true,
    "tech_change_status": "MDU Complex Eligible To Apply"
   }
  },
  {
   "type": "Feature",
   "geometry": {
    "type": "Point",
    "coordinates": [
     115.85866,
     -31.94924
    ]
   },
   "properties": {
    "name": "SHOP 9, 189 WILLIAM STREET NORTHBRIDGE 6003",
    "locID": "LOC000051817393",
    "tech": "FTTC",
    "upgrade": "FTTP_NA",
    "gnaf_pid": "GAWA_720435537",
    "ee": true,
    "tech_change_status": "MDU Complex Eligible To Apply"
   }
  },
  {
   "type": "Feature",
   "geometry": {
    "type": "Point",
    "coordinates": [
     115.85866,
     -31.94924
    ]
   },
   "properties": {
    "name": "SHOP 4, 189 WILLIAM STREET NORTHBRIDGE 6003",
    "locID": "LOC000098046436",
    "tech": "FTTC",
    "upgrade": "FTTP_SA",
    "gnaf_pid": "GAWA_720435538",
    "ee": true,
    "tech_change_status": "Eligible to Order"
   }
  },
  {
   "type": "Feature",
   "geometry": {
    "type": "Point",
    "coordinates": [
     115.85699441,
     -31.94862004
    ]
   },
   "properties": {
    "name": "UNIT 3, 129 JAMES STREET NORTHBRIDGE 6003",
    "locID": "LOC000175550793",
    "tech": "FTTP",
    "upgrade": "NULL_NA",
    "gnaf_pid": "GAWA_720435630",
    "ee": true
   }
  },
  {
   "type": "Feature",
   "geometry": {
    "type": "Point",
    "coordinates": [
     115.85866,
     -31.94924
    ]
   },
   "properties": {
    "name": "SHOP 7, 189 WILLIAM STREET NORTHBRIDGE 6003",
    "locID": "LOC000051712303",
    "tech": "FTTC",
    "upgrade": "FTTP_NA",
    "gnaf_pid": "GAWA_720435631",
    "ee": true,
    "tech_change_status": "MDU Complex Eligible To Apply"
   }
  },
  {
   "type": "Feature",
   "geometry": {
    "type": "Point",
    "coordinates": [
     115.85699441,
     -31.94862004
    ]
   },
   "properties": {
    "name": "UNIT 2, 129 JAMES STREET NORTHBRIDGE 6003",
    "locID": "LOC000175550786",
    "tech": "FTTC",
    "upgrade": "FTTP_SA",
    "gnaf_pid": "GAWA_720435717",
    "ee": true,
    "tech_change_status": "Eligible to Order"
   }
  },
  {
   "type": "Feature",
   "geometry": {
    "type": "Point",
    "coordinates": [
     115.85934461,
     -31.94570141
    ]
   },
   "properties": {
    "name": "241 NEWCASTLE STREET NORTHBRIDGE 6003",
    "locID": "LOC000175551008",
    "tech": "FTTC",
    "upgrade": "FTTP_SA",
    "gnaf_pid": "GAWA_720641251",
    "ee": true,
    "tech_change_status": "Eligible to Order"
   }
  },
  {
   "type": "Feature",
   "geometry": {
    "type": "Point",
    "coordinates": [
     115.85934461,
     -31.94570141
    ]
   },
   "properties": {
    "name": "UNIT 2, 241 NEWCASTLE STREET NORTHBRIDGE 6003",
    "locID": "LOC000190843424",
    "tech": "FTTC",
    "upgrade": "FTTP_SA",
    "gnaf_pid": "GAWA_720643085",
    "ee": true,
    "tech_change_status": "Eligible to Order"
   }
  },
  {
   "type": "Feature",
   "geometry": {
    "type": "Point",
    "coordinates": [
     115.85934461,
     -31.94570141
    ]
   },
   "properties": {
    "name": "UNIT 1, 241 NEWCASTLE STREET NORTHBRIDGE 6003",
    "locID": "LOC000175551008",
    "tech": "FTTC",
    "upgrade": "FTTP_SA",
    "gnaf_pid": "GAWA_720643129",
    "ee": true,
    "tech_change_status": "Eligible to Order"
   }
  },
  {
   "type": "Feature",
   "geometry": {
    "type": "Point",
    "coordinates": [
     115.85934461,
     -31.94570141
    ]
   },
   "properties": {
    "name": "UNIT 3, 241 NEWCASTLE STREET NORTHBRIDGE 6003",
    "locID": "LOC000175551008",
    "tech": "FTTC",
    "upgrade": "FTTP_SA",
    "gnaf_pid": "GAWA_720643769",
    "ee": true,
    "tech_change_status": "Eligible to Order"
   }
  },
  {
   "type": "Feature",
   "geometry": {
    "type": "Point",
    "coordinates": [
     115.85934461,
     -31.94570141
    ]
   },
   "properties": {
    "name": "UNIT 6, 241 NEWCASTLE STREET NORTHBRIDGE 6003",
    "locID": "LOC000189242222",
    "tech": "FTTC",
    "upgrade": "FTTP_NA",
    "gnaf_pid": "GAWA_720644093",
    "ee": true,
    "tech_change_status": "MDU Complex Eligible To Apply"
   }
  },
  {
   "type": "Feature",
   "geometry": {
    "type": "Point",
    "coordinates": [
     115.8582,
     -31.94889
    ]
   },
   "properties": {
    "name": "91A JAMES STREET NORTHBRIDGE 6003",
    "locID": "LOC000175550985",
    "tech": "FTTC",
    "upgrade": "FTTP_SA",
    "gnaf_pid": "GAWA_720894548",
    "ee": true,
    "tech_change_status": "Eligible to Order"
   }
  },
  {
   "type": "Feature",
   "geometry": {
    "type": "Point",
    "coordinates": [
     115.85635,
     -31.94812
    ]
   },
   "properties": {
    "name": "21B LAKE STREET NORTHBRIDGE 6003",
    "locID": "LOC000175550992",
    "tech": "FTTC",
    "upgrade": "FTTP_SA",
    "gnaf_pid": "GAWA_720894634",
    "ee": true,
    "tech_change_status": "Eligible to Order"
   }
  },
  {
   "type": "Feature",
   "geometry": {
    "type": "Point",
    "coordinates": [
     115.85843783,
     -31.94935479
    ]
   },
   "properties": {
    "name": "14 ROE STREET NORTHBRIDGE 6003",
    "locID": "LOC000132021256",
    "tech": "FTTC",
    "upgrade": "FTTP_SA",
    "gnaf_pid": "GAWA_721530614",
    "ee": true,
    "tech_change_status": "Eligible to Order"
   }
  },
  {
   "type": "Feature",
   "geometry": {
    "type": "Point",
    "coordinates": [
     115.85829546,
     -31.94929894
    ]
   },
   "properties": {
    "name": "18 ROE STREET NORTHBRIDGE 6003",
    "locID": "LOC000132021256",
    "tech": "FTTC",
    "upgrade": "FTTP_SA",
    "gnaf_pid": "GAWA_721530883",
    "ee": true,
    "tech_change_status": "Eligible to Order"
   }
  }
 ]
}