{
 "type": "FeatureCollection",
 "generated": "2025-06-19T07:38:49.017056",
 "suburb": "NORTH DANDALUP",
 "features": [
  {
   "type": "Feature",
   "geometry": {
    "type": "Point",
    "coordinates": [
     115.96994,
     -32.5209
    ]
   },
   "properties": {
    "name": "6 SOUTH STREET NORTH DANDALUP 6207",
    "locID": "LOC000083140358",
    "tech": "WIRELESS",
    "upgrade": "NULL_NA",
    "gnaf_pid": "GAWA_146732917",
    "ee": true,
    "tech_change_status": "Not Planned",
    "program_type": "Fixed Wireless and Satellite Upgrade Program",
    "target_eligibility_quarter": "NA"
   }
  },
  {
   "type": "Feature",
   "geometry": {
    "type": "Point",
    "coordinates": [
     115.9681,
     -32.52079
    ]
   },
   "properties": {
    "name": "19 SOUTH STREET NORTH DANDALUP 6207",
    "locID": "LOC000090277291",
    "tech": "WIRELESS",
    "upgrade": "NULL_NA",
    "gnaf_pid": "GAWA_146863828",
    "ee": true,
    "tech_change_status": "Not Planned",
    "program_type": "Fixed Wireless and Satellite Upgrade Program",
    "target_eligibility_quarter": "NA"
   }
  },
  {
   "type": "Feature",
   "geometry": {
    "type": "Point",
    "coordinates": [
     115.96955,
     -32.52075
    ]
   },
   "properties": {
    "name": "8 SOUTH STREET NORTH DANDALUP 6207",
    "locID": "LOC000007828601",
    "tech": "WIRELESS",
    "upgrade": "NULL_NA",
    "gnaf_pid": "GAWA_146863831",
    "ee": true,
    "tech_change_status": "Not Planned",
    "program_type": "Fixed Wireless and Satellite Upgrade Program",
    "target_eligibility_quarter": "NA"
   }
  },
  {
   "type": "Feature",
   "geometry": {
    "type": "Point",
    "coordinates": [
     115.96891,
     -32.5211
    ]
   },
   "properties": {
    "name": "11 SOUTH STREET NORTH DANDALUP 6207",
    "locID": "LOC000018967203",
    "tech": "WIRELESS",
    "upgrade": "NULL_NA",
    "gnaf_pid": "GAWA_146885701",
    "ee": true,
    "tech_change_status": "Not Planned",
    "program_type": "Fixed Wireless and Satellite Upgrade Program",
    "target_eligibility_quarter": "NA"
   }
  },
  {
   "type": "Feature",
   "geometry": {
    "type": "Point",
    "coordinates": [
     115.96824,
     -32.51955
    ]
   },
   "properties": {
    "name": "10 RAILWAY AVENUE NORTH DANDALUP 6207",
    "locID": "LOC000008644372",
    "tech": "WIRELESS",
    "upgrade": "NULL_NA",
    "gnaf_pid": "GAWA_146885764",
    "ee": true,
    "tech_change_status": "Not Planned",
    "program_type": "Fixed Wireless and Satellite Upgrade Program",
    "target_eligibility_quarter": "NA"
   }
  },
  {
   "type": "Feature",
   "geometry": {
    "type": "Point",
    "coordinates": [
     115.9694,
     -32.5182
    ]
   },
   "properties": {
    "name": "28 RAILWAY AVENUE NORTH DANDALUP 6207",
    "locID": "LOC000051904698",
    "tech": "WIRELESS",
    "upgrade": "NULL_NA",
    "gnaf_pid": "GAWA_146887050",
    "ee": true,
    "tech_change_status": "Not Planned",
    "program_type": "Fixed Wireless and Satellite Upgrade Program",
    "target_eligibility_quarter": "NA"
   }
  },
  {
   "type": "Feature",
   "geometry": {
    "type": "Point",
    "coordinates": [
     115.96685,
     -32.52032
    ]
   },
   "properties": {
    "name": "31 SOUTH STREET NORTH DANDALUP 6207",
    "locID": "LOC000095697855",
    "tech": "WIRELESS",
    "upgrade": "NULL_NA",
    "gnaf_pid": "GAWA_146890918",
    "ee": true,
    "tech_change_status": "Not Planned",
    "program_type": "Fixed Wireless and Satellite Upgrade Program",
    "target_eligibility_quarter": "NA"
   }
  },
  {
   "type": "Feature",
   "geometry": {
    "type": "Point",
    "coordinates": [
     115.96785,
     -32.51999
    ]
   },
   "properties": {
    "name": "26 SOUTH STREET NORTH DANDALUP 6207",
    "locID": "LOC000039110459",
    "tech": "WIRELESS",
    "upgrade": "NULL_NA",
    "gnaf_pid": "GAWA_146892216",
    "ee": true,
    "tech_change_status": "Not Planned",
    "program_type": "Fixed Wireless and Satellite Upgrade Program",
    "target_eligibility_quarter": "NA"
   }
  },
  {
   "type": "Feature",
   "geometry": {
    "type": "Point",
    "coordinates": [
     115.96804,
     -32.52007
    ]
   },
   "properties": {
    "name": "24 SOUTH STREET NORTH DANDALUP 6207",
    "locID": "LOC000058437715",
    "tech": "WIRELESS",
    "upgrade": "NULL_NA",
    "gnaf_pid": "GAWA_146892219",
    "ee": true,
    "tech_change_status": "Not Planned",
    "program_type": "Fixed Wireless and Satellite Upgrade Program",
    "target_eligibility_quarter": "NA"
   }
  },
  {
   "type": "Feature",
   "geometry": {
    "type": "Point",
    "coordinates": [
     115.96882,
     -32.52037
    ]
   },
   "properties": {
    "name": "16 SOUTH STREET NORTH DANDALUP 6207",
    "locID": "LOC000042070855",
    "tech": "WIRELESS",
    "upgrade": "NULL_NA",
    "gnaf_pid": "GAWA_146892227",
    "ee": true,
    "tech_change_status": "Not Planned",
    "program_type": "Fixed Wireless and Satellite Upgrade Program",
    "target_eligibility_quarter": "NA"
   }
  },
  {
   "type": "Feature",
   "geometry": {
    "type": "Point",
    "coordinates": [
     115.96709,
     -32.5204
    ]
   },
   "properties": {
    "name": "29 SOUTH STREET NORTH DANDALUP 6207",
    "locID": "LOC000087475059",
    "tech": "WIRELESS",
    "upgrade": "NULL_NA",
    "gnaf_pid": "GAWA_146901100",
    "ee": true,
    "tech_change_status": "Not Planned",
    "program_type": "Fixed Wireless and Satellite Upgrade Program",
    "target_eligibility_quarter": "NA"
   }
  },
  {
   "type": "Feature",
   "geometry": {
    "type": "Point",
    "coordinates": [
     115.96729,
     -32.52048
    ]
   },
   "properties": {
    "name": "27 SOUTH STREET NORTH DANDALUP 6207",
    "locID": "LOC000049812901",
    "tech": "WIRELESS",
    "upgrade": "NULL_NA",
    "gnaf_pid": "GAWA_146901101",
    "ee": true,
    "tech_change_status": "Not Planned",
    "program_type": "Fixed Wireless and Satellite Upgrade Program",
    "target_eligibility_quarter": "NA"
   }
  },
  {
   "type": "Feature",
   "geometry": {
    "type": "Point",
    "coordinates": [
     115.9675,
     -32.52056
    ]
   },
   "properties": {
    "name": "25 SOUTH STREET NORTH DANDALUP 6207",
    "locID": "LOC000069386847",
    "tech": "WIRELESS",
    "upgrade": "NULL_NA",
    "gnaf_pid": "GAWA_146901102",
    "ee": true,
    "tech_change_status": "Not Planned",
    "program_type": "Fixed Wireless and Satellite Upgrade Program",
    "target_eligibility_quarter": "NA"
   }
  },
  {
   "type": "Feature",
   "geometry": {
    "type": "Point",
    "coordinates": [
     115.9677,
     -32.52064
    ]
   },
   "properties": {
    "name": "23 SOUTH STREET NORTH DANDALUP 6207",
    "locID": "LOC000045989281",
    "tech": "WIRELESS",
    "upgrade": "NULL_NA",
    "gnaf_pid": "GAWA_146901103",
    "ee": true,
    "tech_change_status": "Not Planned",
    "program_type": "Fixed Wireless and Satellite Upgrade Program",
    "target_eligibility_quarter": "NA"
   }
  },
  {
   "type": "Feature",
   "geometry": {
    "type": "Point",
    "coordinates": [
     115.96994,
     -32.51781
    ]
   },
   "properties": {
    "name": "36 RAILWAY AVENUE NORTH DANDALUP 6207",
    "locID": "LOC000079141632",
    "tech": "WIRELESS",
    "upgrade": "NULL_NA",
    "gnaf_pid": "GAWA_146907020",
    "ee": true,
    "tech_change_status": "Not Planned",
    "program_type": "Fixed Wireless and Satellite Upgrade Program",
    "target_eligibility_quarter": "NA"
   }
  },
  {
   "type": "Feature",
   "geometry": {
    "type": "Point",
    "coordinates": [
     115.9675662,
     -32.5195812
    ]
   },
   "properties": {
    "name": "1 RAILWAY AVENUE NORTH DANDALUP 6207",
    "locID": "LOC000042272005",
    "tech": "WIRELESS",
    "upgrade": "NULL_NA",
    "gnaf_pid": "GAWA_146908939",
    "ee": true,
    "tech_change_status": "Not Planned",
    "program_type": "Fixed Wireless and Satellite Upgrade Program",
    "target_eligibility_quarter": "NA"
   }
  },
  {
   "type": "Feature",
   "geometry": {
    "type": "Point",
    "coordinates": [
     115.96871,
     -32.52102
    ]
   },
   "properties": {
    "name": "13 SOUTH STREET NORTH DANDALUP 6207",
    "locID": "LOC000045107659",
    "tech": "WIRELESS",
    "upgrade": "NULL_NA",
    "gnaf_pid": "GAWA_146956540",
    "ee": true,
    "tech_change_status": "Not Planned",
    "program_type": "Fixed Wireless and Satellite Upgrade Program",
    "target_eligibility_quarter": "NA"
   }
  },
  {
   "type": "Feature",
   "geometry": {
    "type": "Point",
    "coordinates": [
     115.96851,
     -32.52094
    ]
   },
   "properties": {
    "name": "15 SOUTH STREET NORTH DANDALUP 6207",
    "locID": "LOC000079249118",
    "tech": "WIRELESS",
    "upgrade": "NULL_NA",
    "gnaf_pid": "GAWA_146966490",
    "ee": true,
    "tech_change_status": "Not Planned",
    "program_type": "Fixed Wireless and Satellite Upgrade Program",
    "target_eligibility_quarter": "NA"
   }
  },
  {
   "type": "Feature",
   "geometry": {
    "type": "Point",
    "coordinates": [
     115.97002,
     -32.51341
    ]
   },
   "properties": {
    "name": "34 CORAL PARK DRIVE NORTH DANDALUP 6207",
    "locID": "LOC000022894058",
    "tech": "WIRELESS",
    "upgrade": "NULL_NA",
    "gnaf_pid": "GAWA_147187891",
    "ee": true,
    "tech_change_status": "Not Planned",
    "program_type": "Fixed Wireless and Satellite Upgrade Program",
    "target_eligibility_quarter": "NA"
   }
  },
  {
   "type": "Feature",
   "geometry": {
    "type": "Point",
    "coordinates": [
     115.96991642,
     -32.51880083
    ]
   },
   "properties": {
    "name": "6 EDWARD STREET NORTH DANDALUP 6207",
    "locID": "LOC000073712618",
    "tech": "WIRELESS",
    "upgrade": "NULL_NA",
    "gnaf_pid": "GAWA_147208288",
    "ee": true,
    "tech_change_status": "Not Planned",
    "program_type": "Fixed Wireless and Satellite Upgrade Program",
    "target_eligibility_quarter": "NA"
   }
  },
  {
   "type": "Feature",
   "geometry": {
    "type": "Point",
    "coordinates": [
     115.966485,
     -32.514441
    ]
   },
   "properties": {
    "name": "19 CORAL PARK DRIVE NORTH DANDALUP 6207",
    "locID": "LOC000082587379",
    "tech": "WIRELESS",
    "upgrade": "NULL_NA",
    "gnaf_pid": "GAWA_147258994",
    "ee": true,
    "tech_change_status": "Not Planned",
    "program_type": "Fixed Wireless and Satellite Upgrade Program",
    "target_eligibility_quarter": "NA"
   }
  },
  {
   "type": "Feature",
   "geometry": {
    "type": "Point",
    "coordinates": [
     115.97338402,
     -32.51365135
    ]
   },
   "properties": {
    "name": "2 DANDALUP STREET NORTH DANDALUP 6207",
    "locID": "LOC000065037814",
    "tech": "WIRELESS",
    "upgrade": "NULL_NA",
    "gnaf_pid": "GAWA_147991787",
    "ee": true,
    "tech_change_status": "Not Planned",
    "program_type": "Fixed Wireless and Satellite Upgrade Program",
    "target_eligibility_quarter": "NA"
   }
  },
  {
   "type": "Feature",
   "geometry": {
    "type": "Point",
    "coordinates": [
     115.96917,
     -32.5206
    ]
   },
   "properties": {
    "name": "2 CENTRAL AVENUE NORTH DANDALUP 6207",
    "locID": "LOC000054893432",
    "tech": "WIRELESS",
    "upgrade": "NULL_NA",
    "gnaf_pid": "GAWA_147991811",
    "ee": true,
    "tech_change_status": "Not Planned",
    "program_type": "Fixed Wireless and Satellite Upgrade Program",
    "target_eligibility_quarter": "NA"
   }
  },
  {
   "type": "Feature",
   "geometry": {
    "type": "Point",
    "coordinates": [
     115.97338402,
     -32.51365135
    ]
   },
   "properties": {
    "name": "LOT 16 DANDALUP STREET NORTH DANDALUP 6207",
    "locID": "LOC000042070855",
    "tech": "WIRELESS",
    "upgrade": "NULL_NA",
    "gnaf_pid": "GAWA_148292606",
    "ee": true,
    "tech_change_status": "Not Planned",
    "program_type": "Fixed Wireless and Satellite Upgrade Program",
    "target_eligibility_quarter": "NA"
   }
  },
  {
   "type": "Feature",
   "geometry": {
    "type": "Point",
    "coordinates": [
     115.97329,
     -32.51283
    ]
   },
   "properties": {
    "name": "12 DANDALUP STREET NORTH DANDALUP 6207",
    "locID": "LOC000089228743",
    "tech": "WIRELESS",
    "upgrade": "NULL_NA",
    "gnaf_pid": "GAWA_148920275",
    "ee": true,
    "tech_change_status": "Not Planned",
    "program_type": "Fixed Wireless and Satellite Upgrade Program",
    "target_eligibility_quarter": "NA"
   }
  },
  {
   "type": "Feature",
   "geometry": {
    "type": "Point",
    "coordinates": [
     115.97303,
     -32.51262
    ]
   },
   "properties": {
    "name": "14 DANDALUP STREET NORTH DANDALUP 6207",
    "locID": "LOC000009607354",
    "tech": "WIRELESS",
    "upgrade": "NULL_NA",
    "gnaf_pid": "GAWA_148924244",
    "ee": true,
    "tech_change_status": "Not Planned",
    "program_type": "Fixed Wireless and Satellite Upgrade Program",
    "target_eligibility_quarter": "NA"
   }
  },
  {
   "type": "Feature",
   "geometry": {
    "type": "Point",
    "coordinates": [
     115.97142797,
     -32.51702823
    ]
   },
   "properties": {
    "name": "1 KINGSTON STREET NORTH DANDALUP 6207",
    "locID": "LOC000030617816",
    "tech": "WIRELESS",
    "upgrade": "NULL_NA",
    "gnaf_pid": "GAWA_148924255",
    "ee": true,
    "tech_change_status": "Not Planned",
    "program_type": "Fixed Wireless and Satellite Upgrade Program",
    "target_eligibility_quarter": "NA"
   }
  },
  {
   "type": "Feature",
   "geometry": {
    "type": "Point",
    "coordinates": [
     115.96911,
     -32.51942
    ]
   },
   "properties": {
    "name": "13 CENTRAL AVENUE NORTH DANDALUP 6207",
    "locID": "LOC000008751608",
    "tech": "WIRELESS",
    "upgrade": "NULL_NA",
    "gnaf_pid": "GAWA_148929545",
    "ee": true,
    "tech_change_status": "Not Planned",
    "program_type": "Fixed Wireless and Satellite Upgrade Program",
    "target_eligibility_quarter": "NA"
   }
  },
  {
   "type": "Feature",
   "geometry": {
    "type": "Point",
    "coordinates": [
     115.96978,
     -32.51835
    ]
   },
   "properties": {
    "name": "27 CENTRAL AVENUE NORTH DANDALUP 6207",
    "locID": "LOC000034369384",
    "tech": "WIRELESS",
    "upgrade": "NULL_NA",
    "gnaf_pid": "GAWA_148929555",
    "ee": true,
    "tech_change_status": "Not Planned",
    "program_type": "Fixed Wireless and Satellite Upgrade Program",
    "target_eligibility_quarter": "NA"
   }
  },
  {
   "type": "Feature",
   "geometry": {
    "type": "Point",
    "coordinates": [
     115.97182809,
     -32.51628531
    ]
   },
   "properties": {
    "name": "9 CHURCH STREET NORTH DANDALUP 6207",
    "locID": "LOC000065752401",
    "tech": "WIRELESS",
    "upgrade": "NULL_NA",
    "gnaf_pid": "GAWA_148929557",
    "ee": true,
    "tech_change_status": "Not Planned",
    "program_type": "Fixed Wireless and Satellite Upgrade Program",
    "target_eligibility_quarter": "NA"
   }
  },
  {
   "type": "Feature",
   "geometry": {
    "type": "Point",
    "coordinates": [
     115.96848,
     -32.51924
    ]
   },
   "properties": {
    "name": "14 RAILWAY AVENUE NORTH DANDALUP 6207",
    "locID": "LOC000067765361",
    "tech": "WIRELESS",
    "upgrade": "NULL_NA",
    "gnaf_pid": "GAWA_160668987",
    "ee": true,
    "tech_change_status": "Not Planned",
    "program_type": "Fixed Wireless and Satellite Upgrade Program",
    "target_eligibility_quarter": "NA"
   }
  },
  {
   "type": "Feature",
   "geometry": {
    "type": "Point",
    "coordinates": [
     115.9675662,
     -32.5195812
    ]
   },
   "properties": {
    "name": "3 RAILWAY AVENUE NORTH DANDALUP 6207",
    "locID": "LOC000020380044",
    "tech": "WIRELESS",
    "upgrade": "NULL_NA",
    "gnaf_pid": "GAWA_160672157",
    "ee": true,
    "tech_change_status": "Not Planned",
    "program_type": "Fixed Wireless and Satellite Upgrade Program",
    "target_eligibility_quarter": "NA"
   }
  },
  {
   "type": "Feature",
   "geometry": {
    "type": "Point",
    "coordinates": [
     115.9675662,
     -32.5195812
    ]
   },
   "properties": {
    "name": "7 RAILWAY AVENUE NORTH DANDALUP 6207",
    "locID": "LOC000007061972",
    "tech": "WIRELESS",
    "upgrade": "NULL_NA",
    "gnaf_pid": "GAWA_160672158",
    "ee": true,
    "tech_change_status": "Not Planned",
    "program_type": "Fixed Wireless and Satellite Upgrade Program",
    "target_eligibility_quarter": "NA"
   }
  },
  {
   "type": "Feature",
   "geometry": {
    "type": "Point",
    "coordinates": [
     115.9756,
     -32.4771
    ]
   },
   "properties": {
    "name": "391 ATKINS ROAD NORTH DANDALUP 6207",
    "locID": "LOC000101693778",
    "tech": "WIRELESS",
    "upgrade": "NULL_NA",
    "gnaf_pid": "GAWA_160912355",
    "ee": true,
    "tech_change_status": "Not Planned",
    "program_type": "Fixed Wireless and Satellite Upgrade Program",
    "target_eligibility_quarter": "NA"
   }
  },
  {
   "type": "Feature",
   "geometry": {
    "type": "Point",
    "coordinates": [
     115.97015866,
     -32.51108333
    ]
   },
   "properties": {
    "name": "806 ATKINS ROAD NORTH DANDALUP 6207",
    "locID": "LOC000061003563",
    "tech": "WIRELESS",
    "upgrade": "NULL_NA",
    "gnaf_pid": "GAWA_160912357",
    "ee": true,
    "tech_change_status": "Not Planned",
    "program_type": "Fixed Wireless and Satellite Upgrade Program",
    "target_eligibility_quarter": "NA"
   }
  },
  {
   "type": "Feature",
   "geometry": {
    "type": "Point",
    "coordinates": [
     115.96813,
     -32.51651
    ]
   },
   "properties": {
    "name": "854 ATKINS ROAD NORTH DANDALUP 6207",
    "locID": "LOC000051633216",
    "tech": "WIRELESS",
    "upgrade": "NULL_NA",
    "gnaf_pid": "GAWA_160912358",
    "ee": true,
    "tech_change_status": "Not Planned",
    "program_type": "Fixed Wireless and Satellite Upgrade Program",
    "target_eligibility_quarter": "NA"
   }
  },
  {
   "type": "Feature",
   "geometry": {
    "type": "Point",
    "coordinates": [
     115.96747,
     -32.51714
    ]
   },
   "properties": {
    "name": "866 ATKINS ROAD NORTH DANDALUP 6207",
    "locID": "LOC000084587895",
    "tech": "WIRELESS",
    "upgrade": "NULL_NA",
    "gnaf_pid": "GAWA_160912359",
    "ee": true,
    "tech_change_status": "Not Planned",
    "program_type": "Fixed Wireless and Satellite Upgrade Program",
    "target_eligibility_quarter": "NA"
   }
  },
  {
   "type": "Feature",
   "geometry": {
    "type": "Point",
    "coordinates": [
     115.96302,
     -32.51425
    ]
   },
   "properties": {
    "name": "15 BEAU SOVEREIGN COURT NORTH DANDALUP 6207",
    "locID": "LOC000006535031",
    "tech": "WIRELESS",
    "upgrade": "NULL_NA",
    "gnaf_pid": "GAWA_160912806",
    "ee": true,
    "tech_change_status": "Not Planned",
    "program_type": "Fixed Wireless and Satellite Upgrade Program",
    "target_eligibility_quarter": "NA"
   }
  },
  {
   "type": "Feature",
   "geometry": {
    "type": "Point",
    "coordinates": [
     115.9627,
     -32.51121
    ]
   },
   "properties": {
    "name": "43 BEAU SOVEREIGN COURT NORTH DANDALUP 6207",
    "locID": "LOC000003038218",
    "tech": "WIRELESS",
    "upgrade": "NULL_NA",
    "gnaf_pid": "GAWA_160912807",
    "ee": true,
    "tech_change_status": "Not Planned",
    "program_type": "Fixed Wireless and Satellite Upgrade Program",
    "target_eligibility_quarter": "NA"
   }
  },
  {
   "type": "Feature",
   "geometry": {
    "type": "Point",
    "coordinates": [
     116.00854,
     -32.47807
    ]
   },
   "properties": {
    "name": "462 BOYD ROAD NORTH DANDALUP 6207",
    "locID": "LOC000022922236",
    "tech": "SATELLITE",
    "upgrade": "NULL_NA",
    "gnaf_pid": "GAWA_160913165",
    "ee": true,
    "tech_change_status": "Not Planned"
   }
  },
  {
   "type": "Feature",
   "geometry": {
    "type": "Point",
    "coordinates": [
     115.96970416,
     -32.51981175
    ]
   },
   "properties": {
    "name": "14 CENTRAL AVENUE NORTH DANDALUP 6207",
    "locID": "LOC000007440014",
    "tech": "WIRELESS",
    "upgrade": "NULL_NA",
    "gnaf_pid": "GAWA_160913829",
    "ee": true,
    "tech_change_status": "Not Planned",
    "program_type": "Fixed Wireless and Satellite Upgrade Program",
    "target_eligibility_quarter": "NA"
   }
  },
  {
   "type": "Feature",
   "geometry": {
    "type": "Point",
    "coordinates": [
     115.97081,
     -32.51795
    ]
   },
   "properties": {
    "name": "36 CENTRAL AVENUE NORTH DANDALUP 6207",
    "locID": "LOC000037026302",
    "tech": "WIRELESS",
    "upgrade": "NULL_NA",
    "gnaf_pid": "GAWA_160913830",
    "ee": true,
    "tech_change_status": "Not Planned",
    "program_type": "Fixed Wireless and Satellite Upgrade Program",
    "target_eligibility_quarter": "NA"
   }
  },
  {
   "type": "Feature",
   "geometry": {
    "type": "Point",
    "coordinates": [
     115.97108,
     -32.51745
    ]
   },
   "properties": {
    "name": "42 CENTRAL AVENUE NORTH DANDALUP 6207",
    "locID": "LOC000079409790",
    "tech": "WIRELESS",
    "upgrade": "NULL_NA",
    "gnaf_pid": "GAWA_160913831",
    "ee": true,
    "tech_change_status": "Not Planned",
    "program_type": "Fixed Wireless and Satellite Upgrade Program",
    "target_eligibility_quarter": "NA"
   }
  },
  {
   "type": "Feature",
   "geometry": {
    "type": "Point",
    "coordinates": [
     115.97051,
     -32.51708
    ]
   },
   "properties": {
    "name": "43 CENTRAL AVENUE NORTH DANDALUP 6207",
    "locID": "LOC000012105423",
    "tech": "WIRELESS",
    "upgrade": "NULL_NA",
    "gnaf_pid": "GAWA_160913832",
    "ee": true,
    "tech_change_status": "Not Planned",
    "program_type": "Fixed Wireless and Satellite Upgrade Program",
    "target_eligibility_quarter": "NA"
   }
  },
  {
   "type": "Feature",
   "geometry": {
    "type": "Point",
    "coordinates": [
     115.97150068,
     -32.51617174
    ]
   },
   "properties": {
    "name": "11 CHURCH STREET NORTH DANDALUP 6207",
    "locID": "LOC000054965554",
    "tech": "WIRELESS",
    "upgrade": "NULL_NA",
    "gnaf_pid": "GAWA_160913989",
    "ee": true,
    "tech_change_status": "Not Planned",
    "program_type": "Fixed Wireless and Satellite Upgrade Program",
    "target_eligibility_quarter": "NA"
   }
  },
  {
   "type": "Feature",
   "geometry": {
    "type": "Point",
    "coordinates": [
     115.97232,
     -32.51637
    ]
   },
   "properties": {
    "name": "5 CHURCH STREET NORTH DANDALUP 6207",
    "locID": "LOC000013794909",
    "tech": "WIRELESS",
    "upgrade": "NULL_NA",
    "gnaf_pid": "GAWA_160913990",
    "ee": true,
    "tech_change_status": "Not Planned",
    "program_type": "Fixed Wireless and Satellite Upgrade Program",
    "target_eligibility_quarter": "NA"
   }
  },
  {
   "type": "Feature",
   "geometry": {
    "type": "Point",
    "coordinates": [
     115.9674,
     -32.51361
    ]
   },
   "properties": {
    "name": "29 CORAL PARK DRIVE NORTH DANDALUP 6207",
    "locID": "LOC000012963516",
    "tech": "WIRELESS",
    "upgrade": "NULL_NA",
    "gnaf_pid": "GAWA_160914188",
    "ee": true,
    "tech_change_status": "Not Planned",
    "program_type": "Fixed Wireless and Satellite Upgrade Program",
    "target_eligibility_quarter": "NA"
   }
  },
  {
   "type": "Feature",
   "geometry": {
    "type": "Point",
    "coordinates": [
     115.96809,
     -32.51201
    ]
   },
   "properties": {
    "name": "49 CORAL PARK DRIVE NORTH DANDALUP 6207",
    "locID": "LOC000049977259",
    "tech": "WIRELESS",
    "upgrade": "NULL_NA",
    "gnaf_pid": "GAWA_160914189",
    "ee": true,
    "tech_change_status": "Not Planned",
    "program_type": "Fixed Wireless and Satellite Upgrade Program",
    "target_eligibility_quarter": "NA"
   }
  },
  {
   "type": "Feature",
   "geometry": {
    "type": "Point",
    "coordinates": [
     115.97389,
     -32.5132
    ]
   },
   "properties": {
    "name": "8 DANDALUP STREET NORTH DANDALUP 6207",
    "locID": "LOC000096724484",
    "tech": "WIRELESS",
    "upgrade": "NULL_NA",
    "gnaf_pid": "GAWA_160914406",
    "ee": true,
    "tech_change_status": "Not Planned",
    "program_type": "Fixed Wireless and Satellite Upgrade Program",
    "target_eligibility_quarter": "NA"
   }
  },
  {
   "type": "Feature",
   "geometry": {
    "type": "Point",
    "coordinates": [
     115.97828,
     -32.53112
    ]
   },
   "properties": {
    "name": "135 DEL PARK ROAD NORTH DANDALUP 6207",
    "locID": "LOC000063535910",
    "tech": "WIRELESS",
    "upgrade": "NULL_NA",
    "gnaf_pid": "GAWA_160914499",
    "ee": true,
    "tech_change_status": "Not Planned",
    "program_type": "Fixed Wireless and Satellite Upgrade Program",
    "target_eligibility_quarter": "NA"
   }
  },
  {
   "type": "Feature",
   "geometry": {
    "type": "Point",
    "coordinates": [
     115.96721,
     -32.5174
    ]
   },
   "properties": {
    "name": "4 DEWAR ROAD NORTH DANDALUP 6207",
    "locID": "LOC000011456684",
    "tech": "WIRELESS",
    "upgrade": "NULL_NA",
    "gnaf_pid": "GAWA_160914589",
    "ee": true,
    "tech_change_status": "Not Planned",
    "program_type": "Fixed Wireless and Satellite Upgrade Program",
    "target_eligibility_quarter": "NA"
   }
  },
  {
   "type": "Feature",
   "geometry": {
    "type": "Point",
    "coordinates": [
     115.9702,
     -32.51911
    ]
   },
   "properties": {
    "name": "9 EDWARD STREET NORTH DANDALUP 6207",
    "locID": "LOC000073712618",
    "tech": "WIRELESS",
    "upgrade": "NULL_NA",
    "gnaf_pid": "GAWA_160914795",
    "ee": true,
    "tech_change_status": "Not Planned",
    "program_type": "Fixed Wireless and Satellite Upgrade Program",
    "target_eligibility_quarter": "NA"
   }
  },
  {
   "type": "Feature",
   "geometry": {
    "type": "Point",
    "coordinates": [
     115.92514119,
     -32.47668865
    ]
   },
   "properties": {
    "name": "1391 HOPELAND ROAD NORTH DANDALUP 6207",
    "locID": "LOC000035215329",
    "tech": "WIRELESS",
    "upgrade": "NULL_NA",
    "gnaf_pid": "GAWA_160916360",
    "ee": true,
    "tech_change_status": "Not Planned",
    "program_type": "Fixed Wireless and Satellite Upgrade Program",
    "target_eligibility_quarter": "NA"
   }
  },
  {
   "type": "Feature",
   "geometry": {
    "type": "Point",
    "coordinates": [
     115.95707,
     -32.51231
    ]
   },
   "properties": {
    "name": "65 JENNIE PLACE NORTH DANDALUP 6207",
    "locID": "LOC000108959531",
    "tech": "WIRELESS",
    "upgrade": "NULL_NA",
    "gnaf_pid": "GAWA_160916529",
    "ee": true,
    "tech_change_status": "Not Planned",
    "program_type": "Fixed Wireless and Satellite Upgrade Program",
    "target_eligibility_quarter": "NA"
   }
  },
  {
   "type": "Feature",
   "geometry": {
    "type": "Point",
    "coordinates": [
     115.95706,
     -32.51338
    ]
   },
   "properties": {
    "name": "85 JENNIE PLACE NORTH DANDALUP 6207",
    "locID": "LOC000104547743",
    "tech": "WIRELESS",
    "upgrade": "NULL_NA",
    "gnaf_pid": "GAWA_160916530",
    "ee": true,
    "tech_change_status": "Not Planned",
    "program_type": "Fixed Wireless and Satellite Upgrade Program",
    "target_eligibility_quarter": "NA"
   }
  },
  {
   "type": "Feature",
   "geometry": {
    "type": "Point",
    "coordinates": [
     115.95463,
     -32.51412
    ]
   },
   "properties": {
    "name": "90 JENNIE PLACE NORTH DANDALUP 6207",
    "locID": "LOC000016298990",
    "tech": "WIRELESS",
    "upgrade": "NULL_NA",
    "gnaf_pid": "GAWA_160916531",
    "ee": true,
    "tech_change_status": "Not Planned",
    "program_type": "Fixed Wireless and Satellite Upgrade Program",
    "target_eligibility_quarter": "NA"
   }
  },
  {
   "type": "Feature",
   "geometry": {
    "type": "Point",
    "coordinates": [
     115.97197,
     -32.51703
    ]
   },
   "properties": {
    "name": "4 KINGSTON STREET NORTH DANDALUP 6207",
    "locID": "LOC000090113624",
    "tech": "WIRELESS",
    "upgrade": "NULL_NA",
    "gnaf_pid": "GAWA_160916748",
    "ee": true,
    "tech_change_status": "Not Planned",
    "program_type": "Fixed Wireless and Satellite Upgrade Program",
    "target_eligibility_quarter": "NA"
   }
  },
  {
   "type": "Feature",
   "geometry": {
    "type": "Point",
    "coordinates": [
     115.9205813,
     -32.51614358
    ]
   },
   "properties": {
    "name": "1827 LAKES ROAD NORTH DANDALUP 6207",
    "locID": "LOC000025646702",
    "tech": "WIRELESS",
    "upgrade": "NULL_NA",
    "gnaf_pid": "GAWA_160916943",
    "ee": true,
    "tech_change_status": "Not Planned",
    "program_type": "Fixed Wireless and Satellite Upgrade Program",
    "target_eligibility_quarter": "NA"
   }
  },
  {
   "type": "Feature",
   "geometry": {
    "type": "Point",
    "coordinates": [
     115.94183,
     -32.51489
    ]
   },
   "properties": {
    "name": "2027 LAKES ROAD NORTH DANDALUP 6207",
    "locID": "LOC000099049313",
    "tech": "WIRELESS",
    "upgrade": "NULL_NA",
    "gnaf_pid": "GAWA_160916944",
    "ee": true,
    "tech_change_status": "Not Planned",
    "program_type": "Fixed Wireless and Satellite Upgrade Program",
    "target_eligibility_quarter": "NA"
   }
  },
  {
   "type": "Feature",
   "geometry": {
    "type": "Point",
    "coordinates": [
     115.96836,
     -32.51939
    ]
   },
   "properties": {
    "name": "12 RAILWAY AVENUE NORTH DANDALUP 6207",
    "locID": "LOC000074749557",
    "tech": "WIRELESS",
    "upgrade": "NULL_NA",
    "gnaf_pid": "GAWA_160919069",
    "ee": true,
    "tech_change_status": "Not Planned",
    "program_type": "Fixed Wireless and Satellite Upgrade Program",
    "target_eligibility_quarter": "NA"
   }
  },
  {
   "type": "Feature",
   "geometry": {
    "type": "Point",
    "coordinates": [
     115.96875,
     -32.51895
    ]
   },
   "properties": {
    "name": "18 RAILWAY AVENUE NORTH DANDALUP 6207",
    "locID": "LOC000042272005",
    "tech": "WIRELESS",
    "upgrade": "NULL_NA",
    "gnaf_pid": "GAWA_160919070",
    "ee": true,
    "tech_change_status": "Not Planned",
    "program_type": "Fixed Wireless and Satellite Upgrade Program",
    "target_eligibility_quarter": "NA"
   }
  },
  {
   "type": "Feature",
   "geometry": {
    "type": "Point",
    "coordinates": [
     115.96927,
     -32.51835
    ]
   },
   "properties": {
    "name": "26 RAILWAY AVENUE NORTH DANDALUP 6207",
    "locID": "LOC000033694998",
    "tech": "WIRELESS",
    "upgrade": "NULL_NA",
    "gnaf_pid": "GAWA_160919071",
    "ee": true,
    "tech_change_status": "Not Planned",
    "program_type": "Fixed Wireless and Satellite Upgrade Program",
    "target_eligibility_quarter": "NA"
   }
  },
  {
   "type": "Feature",
   "geometry": {
    "type": "Point",
    "coordinates": [
     115.97006,
     -32.51766
    ]
   },
   "properties": {
    "name": "38 RAILWAY AVENUE NORTH DANDALUP 6207",
    "locID": "LOC000105368376",
    "tech": "WIRELESS",
    "upgrade": "NULL_NA",
    "gnaf_pid": "GAWA_160919072",
    "ee": true,
    "tech_change_status": "Not Planned",
    "program_type": "Fixed Wireless and Satellite Upgrade Program",
    "target_eligibility_quarter": "NA"
   }
  },
  {
   "type": "Feature",
   "geometry": {
    "type": "Point",
    "coordinates": [
     115.97134,
     -32.51659
    ]
   },
   "properties": {
    "name": "54 RAILWAY AVENUE NORTH DANDALUP 6207",
    "locID": "LOC000012918435",
    "tech": "WIRELESS",
    "upgrade": "NULL_NA",
    "gnaf_pid": "GAWA_160919073",
    "ee": true,
    "tech_change_status": "Not Planned",
    "program_type": "Fixed Wireless and Satellite Upgrade Program",
    "target_eligibility_quarter": "NA"
   }
  },
  {
   "type": "Feature",
   "geometry": {
    "type": "Point",
    "coordinates": [
     115.97146,
     -32.51644
    ]
   },
   "properties": {
    "name": "56 RAILWAY AVENUE NORTH DANDALUP 6207",
    "locID": "LOC000064424494",
    "tech": "WIRELESS",
    "upgrade": "NULL_NA",
    "gnaf_pid": "GAWA_160919074",
    "ee": true,
    "tech_change_status": "Not Planned",
    "program_type": "Fixed Wireless and Satellite Upgrade Program",
    "target_eligibility_quarter": "NA"
   }
  },
  {
   "type": "Feature",
   "geometry": {
    "type": "Point",
    "coordinates": [
     115.97199,
     -32.51556
    ]
   },
   "properties": {
    "name": "66 RAILWAY AVENUE NORTH DANDALUP 6207",
    "locID": "LOC000002136142",
    "tech": "WIRELESS",
    "upgrade": "NULL_NA",
    "gnaf_pid": "GAWA_160919075",
    "ee": true,
    "tech_change_status": "Not Planned",
    "program_type": "Fixed Wireless and Satellite Upgrade Program",
    "target_eligibility_quarter": "NA"
   }
  },
  {
   "type": "Feature",
   "geometry": {
    "type": "Point",
    "coordinates": [
     115.95412,
     -32.52975
    ]
   },
   "properties": {
    "name": "170 SHANNS ROAD NORTH DANDALUP 6207",
    "locID": "LOC000098532717",
    "tech": "WIRELESS",
    "upgrade": "NULL_NA",
    "gnaf_pid": "GAWA_160919575",
    "ee": true,
    "tech_change_status": "Not Planned",
    "program_type": "Fixed Wireless and Satellite Upgrade Program",
    "target_eligibility_quarter": "NA"
   }
  },
  {
   "type": "Feature",
   "geometry": {
    "type": "Point",
    "coordinates": [
     115.98741648,
     -32.48922336
    ]
   },
   "properties": {
    "name": "3891 SOUTH WESTERN HIGHWAY NORTH DANDALUP 6207",
    "locID": "LOC000069816493",
    "tech": "WIRELESS",
    "upgrade": "NULL_NA",
    "gnaf_pid": "GAWA_160919764",
    "ee": true,
    "tech_change_status": "Not Planned",
    "program_type": "Fixed Wireless and Satellite Upgrade Program",
    "target_eligibility_quarter": "NA"
   }
  },
  {
   "type": "Feature",
   "geometry": {
    "type": "Point",
    "coordinates": [
     115.97877,
     -32.49606
    ]
   },
   "properties": {
    "name": "3934 SOUTH WESTERN HIGHWAY NORTH DANDALUP 6207",
    "locID": "LOC000069443001",
    "tech": "WIRELESS",
    "upgrade": "NULL_NA",
    "gnaf_pid": "GAWA_160919765",
    "ee": true,
    "tech_change_status": "Not Planned",
    "program_type": "Fixed Wireless and Satellite Upgrade Program",
    "target_eligibility_quarter": "NA"
   }
  },
  {
   "type": "Feature",
   "geometry": {
    "type": "Point",
    "coordinates": [
     115.97766,
     -32.51551
    ]
   },
   "properties": {
    "name": "4157 SOUTH WESTERN HIGHWAY NORTH DANDALUP 6207",
    "locID": "LOC000044546249",
    "tech": "WIRELESS",
    "upgrade": "NULL_NA",
    "gnaf_pid": "GAWA_160919766",
    "ee": true,
    "tech_change_status": "Not Planned",
    "program_type": "Fixed Wireless and Satellite Upgrade Program",
    "target_eligibility_quarter": "NA"
   }
  },
  {
   "type": "Feature",
   "geometry": {
    "type": "Point",
    "coordinates": [
     115.97223,
     -32.51654
    ]
   },
   "properties": {
    "name": "4196 SOUTH WESTERN HIGHWAY NORTH DANDALUP 6207",
    "locID": "LOC000083464377",
    "tech": "WIRELESS",
    "upgrade": "NULL_NA",
    "gnaf_pid": "GAWA_160919767",
    "ee": true,
    "tech_change_status": "Not Planned",
    "program_type": "Fixed Wireless and Satellite Upgrade Program",
    "target_eligibility_quarter": "NA"
   }
  },
  {
   "type": "Feature",
   "geometry": {
    "type": "Point",
    "coordinates": [
     115.97215,
     -32.5167
    ]
   },
   "properties": {
    "name": "4198 SOUTH WESTERN HIGHWAY NORTH DANDALUP 6207",
    "locID": "LOC000060417424",
    "tech": "WIRELESS",
    "upgrade": "NULL_NA",
    "gnaf_pid": "GAWA_160919768",
    "ee": true,
    "tech_change_status": "Not Planned",
    "program_type": "Fixed Wireless and Satellite Upgrade Program",
    "target_eligibility_quarter": "NA"
   }
  },
  {
   "type": "Feature",
   "geometry": {
    "type": "Point",
    "coordinates": [
     115.97206,
     -32.51687
    ]
   },
   "properties": {
    "name": "4200 SOUTH WESTERN HIGHWAY NORTH DANDALUP 6207",
    "locID": "LOC000021930337",
    "tech": "WIRELESS",
    "upgrade": "NULL_NA",
    "gnaf_pid": "GAWA_160919769",
    "ee": true,
    "tech_change_status": "Not Planned",
    "program_type": "Fixed Wireless and Satellite Upgrade Program",
    "target_eligibility_quarter": "NA"
   }
  },
  {
   "type": "Feature",
   "geometry": {
    "type": "Point",
    "coordinates": [
     115.9714,
     -32.51817
    ]
   },
   "properties": {
    "name": "4216 SOUTH WESTERN HIGHWAY NORTH DANDALUP 6207",
    "locID": "LOC000038808791",
    "tech": "WIRELESS",
    "upgrade": "NULL_NA",
    "gnaf_pid": "GAWA_160919770",
    "ee": true,
    "tech_change_status": "Not Planned",
    "program_type": "Fixed Wireless and Satellite Upgrade Program",
    "target_eligibility_quarter": "NA"
   }
  },
  {
   "type": "Feature",
   "geometry": {
    "type": "Point",
    "coordinates": [
     115.97131,
     -32.51834
    ]
   },
   "properties": {
    "name": "4218 SOUTH WESTERN HIGHWAY NORTH DANDALUP 6207",
    "locID": "LOC000082284943",
    "tech": "WIRELESS",
    "upgrade": "NULL_NA",
    "gnaf_pid": "GAWA_160919771",
    "ee": true,
    "tech_change_status": "Not Planned",
    "program_type": "Fixed Wireless and Satellite Upgrade Program",
    "target_eligibility_quarter": "NA"
   }
  },
  {
   "type": "Feature",
   "geometry": {
    "type": "Point",
    "coordinates": [
     115.97078,
     -32.51933
    ]
   },
   "properties": {
    "name": "4232 SOUTH WESTERN HIGHWAY NORTH DANDALUP 6207",
    "locID": "LOC000078616083",
    "tech": "WIRELESS",
    "upgrade": "NULL_NA",
    "gnaf_pid": "GAWA_160919772",
    "ee": true,
    "tech_change_status": "Not Planned",
    "program_type": "Fixed Wireless and Satellite Upgrade Program",
    "target_eligibility_quarter": "NA"
   }
  },
  {
   "type": "Feature",
   "geometry": {
    "type": "Point",
    "coordinates": [
     115.97061,
     -32.51966
    ]
   },
   "properties": {
    "name": "4234 SOUTH WESTERN HIGHWAY NORTH DANDALUP 6207",
    "locID": "LOC000086419450",
    "tech": "WIRELESS",
    "upgrade": "NULL_NA",
    "gnaf_pid": "GAWA_160919773",
    "ee": true,
    "tech_change_status": "Not Planned",
    "program_type": "Fixed Wireless and Satellite Upgrade Program",
    "target_eligibility_quarter": "NA"
   }
  },
  {
   "type": "Feature",
   "geometry": {
    "type": "Point",
    "coordinates": [
     115.97052,
     -32.51983
    ]
   },
   "properties": {
    "name": "4236 SOUTH WESTERN HIGHWAY NORTH DANDALUP 6207",
    "locID": "LOC000050706610",
    "tech": "WIRELESS",
    "upgrade": "NULL_NA",
    "gnaf_pid": "GAWA_160919774",
    "ee": true,
    "tech_change_status": "Not Planned",
    "program_type": "Fixed Wireless and Satellite Upgrade Program",
    "target_eligibility_quarter": "NA"
   }
  },
  {
   "type": "Feature",
   "geometry": {
    "type": "Point",
    "coordinates": [
     115.97209,
     -32.52029
    ]
   },
   "properties": {
    "name": "4241 SOUTH WESTERN HIGHWAY NORTH DANDALUP 6207",
    "locID": "LOC000041997529",
    "tech": "WIRELESS",
    "upgrade": "NULL_NA",
    "gnaf_pid": "GAWA_160919775",
    "ee": true,
    "tech_change_status": "Not Planned",
    "program_type": "Fixed Wireless and Satellite Upgrade Program",
    "target_eligibility_quarter": "NA"
   }
  },
  {
   "type": "Feature",
   "geometry": {
    "type": "Point",
    "coordinates": [
     115.97034,
     -32.52016
    ]
   },
   "properties": {
    "name": "4242 SOUTH WESTERN HIGHWAY NORTH DANDALUP 6207",
    "locID": "LOC000058262532",
    "tech": "WIRELESS",
    "upgrade": "NULL_NA",
    "gnaf_pid": "GAWA_160919776",
    "ee": true,
    "tech_change_status": "Not Planned",
    "program_type": "Fixed Wireless and Satellite Upgrade Program",
    "target_eligibility_quarter": "NA"
   }
  },
  {
   "type": "Feature",
   "geometry": {
    "type": "Point",
    "coordinates": [
     115.97025,
     -32.52032
    ]
   },
   "properties": {
    "name": "4244 SOUTH WESTERN HIGHWAY NORTH DANDALUP 6207",
    "locID": "LOC000100970884",
    "tech": "WIRELESS",
    "upgrade": "NULL_NA",
    "gnaf_pid": "GAWA_160919777",
    "ee": true,
    "tech_change_status": "Not Planned",
    "program_type": "Fixed Wireless and Satellite Upgrade Program",
    "target_eligibility_quarter": "NA"
   }
  },
  {
   "type": "Feature",
   "geometry": {
    "type": "Point",
    "coordinates": [
     115.971267,
     -32.52115907
    ]
   },
   "properties": {
    "name": "4249 SOUTH WESTERN HIGHWAY NORTH DANDALUP 6207",
    "locID": "LOC000037953989",
    "tech": "WIRELESS",
    "upgrade": "NULL_NA",
    "gnaf_pid": "GAWA_160919778",
    "ee": true,
    "tech_change_status": "Not Planned",
    "program_type": "Fixed Wireless and Satellite Upgrade Program",
    "target_eligibility_quarter": "NA"
   }
  },
  {
   "type": "Feature",
   "geometry": {
    "type": "Point",
    "coordinates": [
     115.97080372,
     -32.52134912
    ]
   },
   "properties": {
    "name": "4253 SOUTH WESTERN HIGHWAY NORTH DANDALUP 6207",
    "locID": "LOC000019847919",
    "tech": "WIRELESS",
    "upgrade": "NULL_NA",
    "gnaf_pid": "GAWA_160919779",
    "ee": true,
    "tech_change_status": "Not Planned",
    "program_type": "Fixed Wireless and Satellite Upgrade Program",
    "target_eligibility_quarter": "NA"
   }
  },
  {
   "type": "Feature",
   "geometry": {
    "type": "Point",
    "coordinates": [
     115.97016,
     -32.52248
    ]
   },
   "properties": {
    "name": "4267 SOUTH WESTERN HIGHWAY NORTH DANDALUP 6207",
    "locID": "LOC100073729924",
    "tech": "WIRELESS",
    "upgrade": "NULL_NA",
    "gnaf_pid": "GAWA_160919780",
    "ee": true,
    "tech_change_status": "Not Planned",
    "program_type": "Fixed Wireless and Satellite Upgrade Program",
    "target_eligibility_quarter": "NA"
   }
  },
  {
   "type": "Feature",
   "geometry": {
    "type": "Point",
    "coordinates": [
     115.96534,
     -32.52513
    ]
   },
   "properties": {
    "name": "4322 SOUTH WESTERN HIGHWAY NORTH DANDALUP 6207",
    "locID": "LOC000006982964",
    "tech": "WIRELESS",
    "upgrade": "NULL_NA",
    "gnaf_pid": "GAWA_160919781",
    "ee": true,
    "tech_change_status": "Not Planned",
    "program_type": "Fixed Wireless and Satellite Upgrade Program",
    "target_eligibility_quarter": "NA"
   }
  },
  {
   "type": "Feature",
   "geometry": {
    "type": "Point",
    "coordinates": [
     115.95442,
     -32.54253
    ]
   },
   "properties": {
    "name": "4550 SOUTH WESTERN HIGHWAY NORTH DANDALUP 6207",
    "locID": "LOC000083247298",
    "tech": "WIRELESS",
    "upgrade": "NULL_NA",
    "gnaf_pid": "GAWA_160919782",
    "ee": true,
    "tech_change_status": "Not Planned",
    "program_type": "Fixed Wireless and Satellite Upgrade Program",
    "target_eligibility_quarter": "NA"
   }
  },
  {
   "type": "Feature",
   "geometry": {
    "type": "Point",
    "coordinates": [
     115.96914482,
     -32.52119047
    ]
   },
   "properties": {
    "name": "9 SOUTH STREET NORTH DANDALUP 6207",
    "locID": "LOC000035282984",
    "tech": "WIRELESS",
    "upgrade": "NULL_NA",
    "gnaf_pid": "GAWA_160919794",
    "ee": true,
    "tech_change_status": "Not Planned",
    "program_type": "Fixed Wireless and Satellite Upgrade Program",
    "target_eligibility_quarter": "NA"
   }
  },
  {
   "type": "Feature",
   "geometry": {
    "type": "Point",
    "coordinates": [
     115.98975377,
     -32.53413492
    ]
   },
   "properties": {
    "name": "159 WHITTAKERS ROAD NORTH DANDALUP 6207",
    "locID": "LOC000054406159",
    "tech": "SATELLITE",
    "upgrade": "NULL_NA",
    "gnaf_pid": "GAWA_160922550",
    "ee": true,
    "tech_change_status": "Not Planned"
   }
  },
  {
   "type": "Feature",
   "geometry": {
    "type": "Point",
    "coordinates": [
     115.97560291,
     -32.47709548
    ]
   },
   "properties": {
    "name": "389 ATKINS ROAD NORTH DANDALUP 6207",
    "locID": "LOC000101593790",
    "tech": "WIRELESS",
    "upgrade": "NULL_NA",
    "gnaf_pid": "GAWA_160926007",
    "ee": true,
    "tech_change_status": "Not Planned",
    "program_type": "Fixed Wireless and Satellite Upgrade Program",
    "target_eligibility_quarter": "NA"
   }
  },
  {
   "type": "Feature",
   "geometry": {
    "type": "Point",
    "coordinates": [
     115.96226,
     -32.48793
    ]
   },
   "properties": {
    "name": "556 ATKINS ROAD NORTH DANDALUP 6207",
    "locID": "LOC000056375173",
    "tech": "WIRELESS",
    "upgrade": "NULL_NA",
    "gnaf_pid": "GAWA_160926008",
    "ee": true,
    "tech_change_status": "Not Planned",
    "program_type": "Fixed Wireless and Satellite Upgrade Program",
    "target_eligibility_quarter": "NA"
   }
  },
  {
   "type": "Feature",
   "geometry": {
    "type": "Point",
    "coordinates": [
     115.96774,
     -32.51689
    ]
   },
   "properties": {
    "name": "860 ATKINS ROAD NORTH DANDALUP 6207",
    "locID": "LOC000058218352",
    "tech": "WIRELESS",
    "upgrade": "NULL_NA",
    "gnaf_pid": "GAWA_160926009",
    "ee": true,
    "tech_change_status": "Not Planned",
    "program_type": "Fixed Wireless and Satellite Upgrade Program",
    "target_eligibility_quarter": "NA"
   }
  },
  {
   "type": "Feature",
   "geometry": {
    "type": "Point",
    "coordinates": [
     115.96552,
     -32.5148
    ]
   },
   "properties": {
    "name": "20 BEAU SOVEREIGN COURT NORTH DANDALUP 6207",
    "locID": "LOC000081463073",
    "tech": "WIRELESS",
    "upgrade": "NULL_NA",
    "gnaf_pid": "GAWA_160926098",
    "ee": true,
    "tech_change_status": "Not Planned",
    "program_type": "Fixed Wireless and Satellite Upgrade Program",
    "target_eligibility_quarter": "NA"
   }
  },
  {
   "type": "Feature",
   "geometry": {
    "type": "Point",
    "coordinates": [
     115.99599365,
     -32.46459598
    ]
   },
   "properties": {
    "name": "66 BOYD ROAD NORTH DANDALUP 6207",
    "locID": "LOC000034323425",
    "tech": "WIRELESS",
    "upgrade": "NULL_NA",
    "gnaf_pid": "GAWA_160926280",
    "ee": true,
    "tech_change_status": "Not Planned",
    "program_type": "Fixed Wireless and Satellite Upgrade Program",
    "target_eligibility_quarter": "NA"
   }
  },
  {
   "type": "Feature",
   "geometry": {
    "type": "Point",
    "coordinates": [
     115.97073,
     -32.51811
    ]
   },
   "properties": {
    "name": "32 CENTRAL AVENUE NORTH DANDALUP 6207",
    "locID": "LOC000033686303",
    "tech": "WIRELESS",
    "upgrade": "NULL_NA",
    "gnaf_pid": "GAWA_160926592",
    "ee": true,
    "tech_change_status": "Not Planned",
    "program_type": "Fixed Wireless and Satellite Upgrade Program",
    "target_eligibility_quarter": "NA"
   }
  },
  {
   "type": "Feature",
   "geometry": {
    "type": "Point",
    "coordinates": [
     115.97099,
     -32.51762
    ]
   },
   "properties": {
    "name": "40 CENTRAL AVENUE NORTH DANDALUP 6207",
    "locID": "LOC000019446198",
    "tech": "WIRELESS",
    "upgrade": "NULL_NA",
    "gnaf_pid": "GAWA_160926593",
    "ee": true,
    "tech_change_status": "Not Planned",
    "program_type": "Fixed Wireless and Satellite Upgrade Program",
    "target_eligibility_quarter": "NA"
   }
  },
  {
   "type": "Feature",
   "geometry": {
    "type": "Point",
    "coordinates": [
     115.97117,
     -32.51729
    ]
   },
   "properties": {
    "name": "44 CENTRAL AVENUE NORTH DANDALUP 6207",
    "locID": "LOC000100285712",
    "tech": "WIRELESS",
    "upgrade": "NULL_NA",
    "gnaf_pid": "GAWA_160926594",
    "ee": true,
    "tech_change_status": "Not Planned",
    "program_type": "Fixed Wireless and Satellite Upgrade Program",
    "target_eligibility_quarter": "NA"
   }
  },
  {
   "type": "Feature",
   "geometry": {
    "type": "Point",
    "coordinates": [
     115.97253,
     -32.51606
    ]
   },
   "properties": {
    "name": "6 CHURCH STREET NORTH DANDALUP 6207",
    "locID": "LOC000083508778",
    "tech": "WIRELESS",
    "upgrade": "NULL_NA",
    "gnaf_pid": "GAWA_160926649",
    "ee": true,
    "tech_change_status": "Not Planned",
    "program_type": "Fixed Wireless and Satellite Upgrade Program",
    "target_eligibility_quarter": "NA"
   }
  },
  {
   "type": "Feature",
   "geometry": {
    "type": "Point",
    "coordinates": [
     115.96845624,
     -32.5158282
    ]
   },
   "properties": {
    "name": "8 CORAL PARK DRIVE NORTH DANDALUP 6207",
    "locID": "LOC000071619166",
    "tech": "WIRELESS",
    "upgrade": "NULL_NA",
    "gnaf_pid": "GAWA_160926728",
    "ee": true,
    "tech_change_status": "Not Planned",
    "program_type": "Fixed Wireless and Satellite Upgrade Program",
    "target_eligibility_quarter": "NA"
   }
  },
  {
   "type": "Feature",
   "geometry": {
    "type": "Point",
    "coordinates": [
     115.97617209,
     -32.53025838
    ]
   },
   "properties": {
    "name": "115 DEL PARK ROAD NORTH DANDALUP 6207",
    "locID": "LOC000069214372",
    "tech": "WIRELESS",
    "upgrade": "NULL_NA",
    "gnaf_pid": "GAWA_160926810",
    "ee": true,
    "tech_change_status": "Not Planned",
    "program_type": "Fixed Wireless and Satellite Upgrade Program",
    "target_eligibility_quarter": "NA"
   }
  },
  {
   "type": "Feature",
   "geometry": {
    "type": "Point",
    "coordinates": [
     115.96628055,
     -32.51830169
    ]
   },
   "properties": {
    "name": "11 DEWAR ROAD NORTH DANDALUP 6207",
    "locID": "LOC000081295661",
    "tech": "WIRELESS",
    "upgrade": "NULL_NA",
    "gnaf_pid": "GAWA_160926839",
    "ee": true,
    "tech_change_status": "Not Planned",
    "program_type": "Fixed Wireless and Satellite Upgrade Program",
    "target_eligibility_quarter": "NA"
   }
  },
  {
   "type": "Feature",
   "geometry": {
    "type": "Point",
    "coordinates": [
     115.96276346,
     -32.51524483
    ]
   },
   "properties": {
    "name": "54 DEWAR ROAD NORTH DANDALUP 6207",
    "locID": "LOC000077348056",
    "tech": "WIRELESS",
    "upgrade": "NULL_NA",
    "gnaf_pid": "GAWA_160926840",
    "ee": true,
    "tech_change_status": "Not Planned",
    "program_type": "Fixed Wireless and Satellite Upgrade Program",
    "target_eligibility_quarter": "NA"
   }
  },
  {
   "type": "Feature",
   "geometry": {
    "type": "Point",
    "coordinates": [
     115.96166,
     -32.51457
    ]
   },
   "properties": {
    "name": "70 DEWAR ROAD NORTH DANDALUP 6207",
    "locID": "LOC000102181447",
    "tech": "WIRELESS",
    "upgrade": "NULL_NA",
    "gnaf_pid": "GAWA_160926841",
    "ee": true,
    "tech_change_status": "Not Planned",
    "program_type": "Fixed Wireless and Satellite Upgrade Program",
    "target_eligibility_quarter": "NA"
   }
  },
  {
   "type": "Feature",
   "geometry": {
    "type": "Point",
    "coordinates": [
     115.96062,
     -32.51461
    ]
   },
   "properties": {
    "name": "72 DEWAR ROAD NORTH DANDALUP 6207",
    "locID": "LOC000055043707",
    "tech": "WIRELESS",
    "upgrade": "NULL_NA",
    "gnaf_pid": "GAWA_160926842",
    "ee": true,
    "tech_change_status": "Not Planned",
    "program_type": "Fixed Wireless and Satellite Upgrade Program",
    "target_eligibility_quarter": "NA"
   }
  },
  {
   "type": "Feature",
   "geometry": {
    "type": "Point",
    "coordinates": [
     115.96905,
     -32.51878
    ]
   },
   "properties": {
    "name": "21 EDWARD STREET NORTH DANDALUP 6207",
    "locID": "LOC000065037814",
    "tech": "WIRELESS",
    "upgrade": "NULL_NA",
    "gnaf_pid": "GAWA_160927000",
    "ee": true,
    "tech_change_status": "Not Planned",
    "program_type": "Fixed Wireless and Satellite Upgrade Program",
    "target_eligibility_quarter": "NA"
   }
  },
  {
   "type": "Feature",
   "geometry": {
    "type": "Point",
    "coordinates": [
     115.99038,
     -32.50822
    ]
   },
   "properties": {
    "name": "169 HINES ROAD NORTH DANDALUP 6207",
    "locID": "LOC000054494609",
    "tech": "WIRELESS",
    "upgrade": "NULL_NA",
    "gnaf_pid": "GAWA_160927909",
    "ee": true,
    "tech_change_status": "Not Planned",
    "program_type": "Fixed Wireless and Satellite Upgrade Program",
    "target_eligibility_quarter": "NA"
   }
  },
  {
   "type": "Feature",
   "geometry": {
    "type": "Point",
    "coordinates": [
     115.99439,
     -32.50656
    ]
   },
   "properties": {
    "name": "193 HINES ROAD NORTH DANDALUP 6207",
    "locID": "LOC000065667372",
    "tech": "WIRELESS",
    "upgrade": "NULL_NA",
    "gnaf_pid": "GAWA_160927910",
    "ee": true,
    "tech_change_status": "Not Planned",
    "program_type": "Fixed Wireless and Satellite Upgrade Program",
    "target_eligibility_quarter": "NA"
   }
  },
  {
   "type": "Feature",
   "geometry": {
    "type": "Point",
    "coordinates": [
     115.9985063,
     -32.5063759
    ]
   },
   "properties": {
    "name": "207 HINES ROAD NORTH DANDALUP 6207",
    "locID": "LOC000089326554",
    "tech": "WIRELESS",
    "upgrade": "NULL_NA",
    "gnaf_pid": "GAWA_160927911",
    "ee": true,
    "tech_change_status": "Not Planned",
    "program_type": "Fixed Wireless and Satellite Upgrade Program",
    "target_eligibility_quarter": "NA"
   }
  },
  {
   "type": "Feature",
   "geometry": {
    "type": "Point",
    "coordinates": [
     115.99727,
     -32.51156
    ]
   },
   "properties": {
    "name": "214 HINES ROAD NORTH DANDALUP 6207",
    "locID": "LOC000044513285",
    "tech": "WIRELESS",
    "upgrade": "NULL_NA",
    "gnaf_pid": "GAWA_160927912",
    "ee": true,
    "tech_change_status": "Not Planned",
    "program_type": "Fixed Wireless and Satellite Upgrade Program",
    "target_eligibility_quarter": "NA"
   }
  },
  {
   "type": "Feature",
   "geometry": {
    "type": "Point",
    "coordinates": [
     116.00850675,
     -32.50294683
    ]
   },
   "properties": {
    "name": "412 HINES ROAD NORTH DANDALUP 6207",
    "locID": "LOC000083078388",
    "tech": "WIRELESS",
    "upgrade": "NULL_NA",
    "gnaf_pid": "GAWA_160927914",
    "ee": true,
    "tech_change_status": "Not Planned",
    "program_type": "Fixed Wireless and Satellite Upgrade Program",
    "target_eligibility_quarter": "NA"
   }
  },
  {
   "type": "Feature",
   "geometry": {
    "type": "Point",
    "coordinates": [
     115.96137,
     -32.5102
    ]
   },
   "properties": {
    "name": "26 JENNIE PLACE NORTH DANDALUP 6207",
    "locID": "LOC000014429133",
    "tech": "WIRELESS",
    "upgrade": "NULL_NA",
    "gnaf_pid": "GAWA_160928098",
    "ee": true,
    "tech_change_status": "Not Planned",
    "program_type": "Fixed Wireless and Satellite Upgrade Program",
    "target_eligibility_quarter": "NA"
   }
  },
  {
   "type": "Feature",
   "geometry": {
    "type": "Point",
    "coordinates": [
     115.96075,
     -32.51268
    ]
   },
   "properties": {
    "name": "31 JENNIE PLACE NORTH DANDALUP 6207",
    "locID": "LOC000078523494",
    "tech": "WIRELESS",
    "upgrade": "NULL_NA",
    "gnaf_pid": "GAWA_160928099",
    "ee": true,
    "tech_change_status": "Not Planned",
    "program_type": "Fixed Wireless and Satellite Upgrade Program",
    "target_eligibility_quarter": "NA"
   }
  },
  {
   "type": "Feature",
   "geometry": {
    "type": "Point",
    "coordinates": [
     115.95968,
     -32.51273
    ]
   },
   "properties": {
    "name": "43 JENNIE PLACE NORTH DANDALUP 6207",
    "locID": "LOC000081323378",
    "tech": "WIRELESS",
    "upgrade": "NULL_NA",
    "gnaf_pid": "GAWA_160928100",
    "ee": true,
    "tech_change_status": "Not Planned",
    "program_type": "Fixed Wireless and Satellite Upgrade Program",
    "target_eligibility_quarter": "NA"
   }
  },
  {
   "type": "Feature",
   "geometry": {
    "type": "Point",
    "coordinates": [
     115.95857,
     -32.51073
    ]
   },
   "properties": {
    "name": "44 JENNIE PLACE NORTH DANDALUP 6207",
    "locID": "LOC000050725915",
    "tech": "WIRELESS",
    "upgrade": "NULL_NA",
    "gnaf_pid": "GAWA_160928101",
    "ee": true,
    "tech_change_status": "Not Planned",
    "program_type": "Fixed Wireless and Satellite Upgrade Program",
    "target_eligibility_quarter": "NA"
   }
  },
  {
   "type": "Feature",
   "geometry": {
    "type": "Point",
    "coordinates": [
     115.97122,
     -32.51675
    ]
   },
   "properties": {
    "name": "14 KINGSTON STREET NORTH DANDALUP 6207",
    "locID": "LOC000086357342",
    "tech": "WIRELESS",
    "upgrade": "NULL_NA",
    "gnaf_pid": "GAWA_160928176",
    "ee": true,
    "tech_change_status": "Not Planned",
    "program_type": "Fixed Wireless and Satellite Upgrade Program",
    "target_eligibility_quarter": "NA"
   }
  },
  {
   "type": "Feature",
   "geometry": {
    "type": "Point",
    "coordinates": [
     115.97183,
     -32.51736
    ]
   },
   "properties": {
    "name": "5 KINGSTON STREET NORTH DANDALUP 6207",
    "locID": "LOC000077929864",
    "tech": "WIRELESS",
    "upgrade": "NULL_NA",
    "gnaf_pid": "GAWA_160928177",
    "ee": true,
    "tech_change_status": "Not Planned",
    "program_type": "Fixed Wireless and Satellite Upgrade Program",
    "target_eligibility_quarter": "NA"
   }
  },
  {
   "type": "Feature",
   "geometry": {
    "type": "Point",
    "coordinates": [
     115.91761695,
     -32.51633752
    ]
   },
   "properties": {
    "name": "1801 LAKES ROAD NORTH DANDALUP 6207",
    "locID": "LOC000057779018",
    "tech": "SATELLITE",
    "upgrade": "NULL_NA",
    "gnaf_pid": "GAWA_160928256",
    "ee": true,
    "tech_change_status": "Not Planned"
   }
  },
  {
   "type": "Feature",
   "geometry": {
    "type": "Point",
    "coordinates": [
     115.9232917,
     -32.52825859
    ]
   },
   "properties": {
    "name": "1818 LAKES ROAD NORTH DANDALUP 6207",
    "locID": "LOC000098038444",
    "tech": "WIRELESS",
    "upgrade": "NULL_NA",
    "gnaf_pid": "GAWA_160928257",
    "ee": true,
    "tech_change_status": "Not Planned",
    "program_type": "Fixed Wireless and Satellite Upgrade Program",
    "target_eligibility_quarter": "NA"
   }
  },
  {
   "type": "Feature",
   "geometry": {
    "type": "Point",
    "coordinates": [
     115.9232917,
     -32.52825859
    ]
   },
   "properties": {
    "name": "1882 LAKES ROAD NORTH DANDALUP 6207",
    "locID": "LOC000034564288",
    "tech": "WIRELESS",
    "upgrade": "NULL_NA",
    "gnaf_pid": "GAWA_160928258",
    "ee": true,
    "tech_change_status": "Not Planned",
    "program_type": "Fixed Wireless and Satellite Upgrade Program",
    "target_eligibility_quarter": "NA"
   }
  },
  {
   "type": "Feature",
   "geometry": {
    "type": "Point",
    "coordinates": [
     115.93558163,
     -32.51657694
    ]
   },
   "properties": {
    "name": "1955 LAKES ROAD NORTH DANDALUP 6207",
    "locID": "LOC000104267247",
    "tech": "WIRELESS",
    "upgrade": "NULL_NA",
    "gnaf_pid": "GAWA_160928259",
    "ee": true,
    "tech_change_status": "Not Planned",
    "program_type": "Fixed Wireless and Satellite Upgrade Program",
    "target_eligibility_quarter": "NA"
   }
  },
  {
   "type": "Feature",
   "geometry": {
    "type": "Point",
    "coordinates": [
     115.93186,
     -32.5227
    ]
   },
   "properties": {
    "name": "1964 LAKES ROAD NORTH DANDALUP 6207",
    "locID": "LOC000078015816",
    "tech": "NULL",
    "upgrade": "NULL_NA",
    "gnaf_pid": "GAWA_160928260",
    "ee": true,
    "tech_change_status": "Not Planned",
    "program_type": "Fixed Wireless and Satellite Upgrade Program",
    "target_eligibility_quarter": "NA"
   }
  },
  {
   "type": "Feature",
   "geometry": {
    "type": "Point",
    "coordinates": [
     115.94062073,
     -32.52776085
    ]
   },
   "properties": {
    "name": "2010 LAKES ROAD NORTH DANDALUP 6207",
    "locID": "LOC000046362582",
    "tech": "WIRELESS",
    "upgrade": "NULL_NA",
    "gnaf_pid": "GAWA_160928261",
    "ee": true,
    "tech_change_status": "Not Planned",
    "program_type": "Fixed Wireless and Satellite Upgrade Program",
    "target_eligibility_quarter": "NA"
   }
  },
  {
   "type": "Feature",
   "geometry": {
    "type": "Point",
    "coordinates": [
     115.93927215,
     -32.52240382
    ]
   },
   "properties": {
    "name": "2038 LAKES ROAD NORTH DANDALUP 6207",
    "locID": "LOC000076888243",
    "tech": "WIRELESS",
    "upgrade": "NULL_NA",
    "gnaf_pid": "GAWA_160928262",
    "ee": true,
    "tech_change_status": "Not Planned",
    "program_type": "Fixed Wireless and Satellite Upgrade Program",
    "target_eligibility_quarter": "NA"
   }
  },
  {
   "type": "Feature",
   "geometry": {
    "type": "Point",
    "coordinates": [
     115.95551,
     -32.51512
    ]
   },
   "properties": {
    "name": "2161 LAKES ROAD NORTH DANDALUP 6207",
    "locID": "LOC000032885574",
    "tech": "WIRELESS",
    "upgrade": "NULL_NA",
    "gnaf_pid": "GAWA_160928263",
    "ee": true,
    "tech_change_status": "Not Planned",
    "program_type": "Fixed Wireless and Satellite Upgrade Program",
    "target_eligibility_quarter": "NA"
   }
  },
  {
   "type": "Feature",
   "geometry": {
    "type": "Point",
    "coordinates": [
     115.9565,
     -32.51486
    ]
   },
   "properties": {
    "name": "2163 LAKES ROAD NORTH DANDALUP 6207",
    "locID": "LOC000050727932",
    "tech": "WIRELESS",
    "upgrade": "NULL_NA",
    "gnaf_pid": "GAWA_160928264",
    "ee": true,
    "tech_change_status": "Not Planned",
    "program_type": "Fixed Wireless and Satellite Upgrade Program",
    "target_eligibility_quarter": "NA"
   }
  },
  {
   "type": "Feature",
   "geometry": {
    "type": "Point",
    "coordinates": [
     115.95700988,
     -32.51680339
    ]
   },
   "properties": {
    "name": "2168 LAKES ROAD NORTH DANDALUP 6207",
    "locID": "LOC000111005342",
    "tech": "WIRELESS",
    "upgrade": "NULL_NA",
    "gnaf_pid": "GAWA_160928265",
    "ee": true,
    "tech_change_status": "Not Planned",
    "program_type": "Fixed Wireless and Satellite Upgrade Program",
    "target_eligibility_quarter": "NA"
   }
  },
  {
   "type": "Feature",
   "geometry": {
    "type": "Point",
    "coordinates": [
     115.95735,
     -32.51481
    ]
   },
   "properties": {
    "name": "2173 LAKES ROAD NORTH DANDALUP 6207",
    "locID": "LOC000025610659",
    "tech": "WIRELESS",
    "upgrade": "NULL_NA",
    "gnaf_pid": "GAWA_160928266",
    "ee": true,
    "tech_change_status": "Not Planned",
    "program_type": "Fixed Wireless and Satellite Upgrade Program",
    "target_eligibility_quarter": "NA"
   }
  },
  {
   "type": "Feature",
   "geometry": {
    "type": "Point",
    "coordinates": [
     115.95878,
     -32.51678
    ]
   },
   "properties": {
    "name": "2174 LAKES ROAD NORTH DANDALUP 6207",
    "locID": "LOC000016469682",
    "tech": "WIRELESS",
    "upgrade": "NULL_NA",
    "gnaf_pid": "GAWA_160928267",
    "ee": true,
    "tech_change_status": "Not Planned",
    "program_type": "Fixed Wireless and Satellite Upgrade Program",
    "target_eligibility_quarter": "NA"
   }
  },
  {
   "type": "Feature",
   "geometry": {
    "type": "Point",
    "coordinates": [
     115.95853,
     -32.51468
    ]
   },
   "properties": {
    "name": "2177 LAKES ROAD NORTH DANDALUP 6207",
    "locID": "LOC000071688392",
    "tech": "WIRELESS",
    "upgrade": "NULL_NA",
    "gnaf_pid": "GAWA_160928268",
    "ee": true,
    "tech_change_status": "Not Planned",
    "program_type": "Fixed Wireless and Satellite Upgrade Program",
    "target_eligibility_quarter": "NA"
   }
  },
  {
   "type": "Feature",
   "geometry": {
    "type": "Point",
    "coordinates": [
     115.9596,
     -32.51463
    ]
   },
   "properties": {
    "name": "2195 LAKES ROAD NORTH DANDALUP 6207",
    "locID": "LOC000094844242",
    "tech": "WIRELESS",
    "upgrade": "NULL_NA",
    "gnaf_pid": "GAWA_160928269",
    "ee": true,
    "tech_change_status": "Not Planned",
    "program_type": "Fixed Wireless and Satellite Upgrade Program",
    "target_eligibility_quarter": "NA"
   }
  },
  {
   "type": "Feature",
   "geometry": {
    "type": "Point",
    "coordinates": [
     115.96136,
     -32.51704
    ]
   },
   "properties": {
    "name": "2222 LAKES ROAD NORTH DANDALUP 6207",
    "locID": "LOC000019078870",
    "tech": "WIRELESS",
    "upgrade": "NULL_NA",
    "gnaf_pid": "GAWA_160928270",
    "ee": true,
    "tech_change_status": "Not Planned",
    "program_type": "Fixed Wireless and Satellite Upgrade Program",
    "target_eligibility_quarter": "NA"
   }
  },
  {
   "type": "Feature",
   "geometry": {
    "type": "Point",
    "coordinates": [
     115.94053,
     -32.50753
    ]
   },
   "properties": {
    "name": "100 MCMAHON ROAD NORTH DANDALUP 6207",
    "locID": "LOC000084180183",
    "tech": "WIRELESS",
    "upgrade": "NULL_NA",
    "gnaf_pid": "GAWA_160928691",
    "ee": true,
    "tech_change_status": "Not Planned",
    "program_type": "Fixed Wireless and Satellite Upgrade Program",
    "target_eligibility_quarter": "NA"
   }
  },
  {
   "type": "Feature",
   "geometry": {
    "type": "Point",
    "coordinates": [
     115.94053,
     -32.50522
    ]
   },
   "properties": {
    "name": "122 MCMAHON ROAD NORTH DANDALUP 6207",
    "locID": "LOC000012871954",
    "tech": "SATELLITE",
    "upgrade": "WIRELESS",
    "gnaf_pid": "GAWA_160928693",
    "ee": true,
    "tech_change_status": "Eligible to Order",
    "program_type": "Fixed Wireless and Satellite Upgrade Program",
    "target_eligibility_quarter": "NA"
   }
  },
  {
   "type": "Feature",
   "geometry": {
    "type": "Point",
    "coordinates": [
     115.94043789,
     -32.51260996
    ]
   },
   "properties": {
    "name": "32 MCMAHON ROAD NORTH DANDALUP 6207",
    "locID": "LOC000016338726",
    "tech": "WIRELESS",
    "upgrade": "NULL_NA",
    "gnaf_pid": "GAWA_160928694",
    "ee": true,
    "tech_change_status": "Not Planned",
    "program_type": "Fixed Wireless and Satellite Upgrade Program",
    "target_eligibility_quarter": "NA"
   }
  },
  {
   "type": "Feature",
   "geometry": {
    "type": "Point",
    "coordinates": [
     115.93625602,
     -32.50781231
    ]
   },
   "properties": {
    "name": "5 MCMAHON ROAD NORTH DANDALUP 6207",
    "locID": "LOC000185640837",
    "tech": "WIRELESS",
    "upgrade": "NULL_NA",
    "gnaf_pid": "GAWA_160928695",
    "ee": true,
    "tech_change_status": "Not Planned",
    "program_type": "Fixed Wireless and Satellite Upgrade Program",
    "target_eligibility_quarter": "NA"
   }
  },
  {
   "type": "Feature",
   "geometry": {
    "type": "Point",
    "coordinates": [
     115.96882,
     -32.51867
    ]
   },
   "properties": {
    "name": "22 RAILWAY AVENUE NORTH DANDALUP 6207",
    "locID": "LOC000033734049",
    "tech": "WIRELESS",
    "upgrade": "NULL_NA",
    "gnaf_pid": "GAWA_160929759",
    "ee": true,
    "tech_change_status": "Not Planned",
    "program_type": "Fixed Wireless and Satellite Upgrade Program",
    "target_eligibility_quarter": "NA"
   }
  },
  {
   "type": "Feature",
   "geometry": {
    "type": "Point",
    "coordinates": [
     115.96971,
     -32.51812
    ]
   },
   "properties": {
    "name": "32 RAILWAY AVENUE NORTH DANDALUP 6207",
    "locID": "LOC000073820595",
    "tech": "WIRELESS",
    "upgrade": "NULL_NA",
    "gnaf_pid": "GAWA_160929760",
    "ee": true,
    "tech_change_status": "Not Planned",
    "program_type": "Fixed Wireless and Satellite Upgrade Program",
    "target_eligibility_quarter": "NA"
   }
  },
  {
   "type": "Feature",
   "geometry": {
    "type": "Point",
    "coordinates": [
     115.96983,
     -32.51797
    ]
   },
   "properties": {
    "name": "34 RAILWAY AVENUE NORTH DANDALUP 6207",
    "locID": "LOC000020380044",
    "tech": "WIRELESS",
    "upgrade": "NULL_NA",
    "gnaf_pid": "GAWA_160929761",
    "ee": true,
    "tech_change_status": "Not Planned",
    "program_type": "Fixed Wireless and Satellite Upgrade Program",
    "target_eligibility_quarter": "NA"
   }
  },
  {
   "type": "Feature",
   "geometry": {
    "type": "Point",
    "coordinates": [
     115.97018,
     -32.51751
    ]
   },
   "properties": {
    "name": "40 RAILWAY AVENUE NORTH DANDALUP 6207",
    "locID": "LOC000094007918",
    "tech": "WIRELESS",
    "upgrade": "NULL_NA",
    "gnaf_pid": "GAWA_160929762",
    "ee": true,
    "tech_change_status": "Not Planned",
    "program_type": "Fixed Wireless and Satellite Upgrade Program",
    "target_eligibility_quarter": "NA"
   }
  },
  {
   "type": "Feature",
   "geometry": {
    "type": "Point",
    "coordinates": [
     115.9703,
     -32.51735
    ]
   },
   "properties": {
    "name": "42 RAILWAY AVENUE NORTH DANDALUP 6207",
    "locID": "LOC000038077041",
    "tech": "WIRELESS",
    "upgrade": "NULL_NA",
    "gnaf_pid": "GAWA_160929763",
    "ee": true,
    "tech_change_status": "Not Planned",
    "program_type": "Fixed Wireless and Satellite Upgrade Program",
    "target_eligibility_quarter": "NA"
   }
  },
  {
   "type": "Feature",
   "geometry": {
    "type": "Point",
    "coordinates": [
     115.9731,
     -32.51472
    ]
   },
   "properties": {
    "name": "74 RAILWAY AVENUE NORTH DANDALUP 6207",
    "locID": "LOC000007061972",
    "tech": "WIRELESS",
    "upgrade": "NULL_NA",
    "gnaf_pid": "GAWA_160929765",
    "ee": true,
    "tech_change_status": "Not Planned",
    "program_type": "Fixed Wireless and Satellite Upgrade Program",
    "target_eligibility_quarter": "NA"
   }
  },
  {
   "type": "Feature",
   "geometry": {
    "type": "Point",
    "coordinates": [
     115.97267,
     -32.51442
    ]
   },
   "properties": {
    "name": "84 RAILWAY AVENUE NORTH DANDALUP 6207",
    "locID": "LOC000048328615",
    "tech": "WIRELESS",
    "upgrade": "NULL_NA",
    "gnaf_pid": "GAWA_160929766",
    "ee": true,
    "tech_change_status": "Not Planned",
    "program_type": "Fixed Wireless and Satellite Upgrade Program",
    "target_eligibility_quarter": "NA"
   }
  },
  {
   "type": "Feature",
   "geometry": {
    "type": "Point",
    "coordinates": [
     115.96812,
     -32.5197
    ]
   },
   "properties": {
    "name": "8 RAILWAY AVENUE NORTH DANDALUP 6207",
    "locID": "LOC000108148254",
    "tech": "WIRELESS",
    "upgrade": "NULL_NA",
    "gnaf_pid": "GAWA_160929767",
    "ee": true,
    "tech_change_status": "Not Planned",
    "program_type": "Fixed Wireless and Satellite Upgrade Program",
    "target_eligibility_quarter": "NA"
   }
  },
  {
   "type": "Feature",
   "geometry": {
    "type": "Point",
    "coordinates": [
     115.95221,
     -32.49666
    ]
   },
   "properties": {
    "name": "260 READHEADS ROAD NORTH DANDALUP 6207",
    "locID": "LOC000091815793",
    "tech": "WIRELESS",
    "upgrade": "NULL_NA",
    "gnaf_pid": "GAWA_160929786",
    "ee": true,
    "tech_change_status": "Not Planned",
    "program_type": "Fixed Wireless and Satellite Upgrade Program",
    "target_eligibility_quarter": "NA"
   }
  },
  {
   "type": "Feature",
   "geometry": {
    "type": "Point",
    "coordinates": [
     115.95043,
     -32.4959
    ]
   },
   "properties": {
    "name": "278 READHEADS ROAD NORTH DANDALUP 6207",
    "locID": "LOC000076543283",
    "tech": "WIRELESS",
    "upgrade": "NULL_NA",
    "gnaf_pid": "GAWA_160929787",
    "ee": true,
    "tech_change_status": "Not Planned",
    "program_type": "Fixed Wireless and Satellite Upgrade Program",
    "target_eligibility_quarter": "NA"
   }
  },
  {
   "type": "Feature",
   "geometry": {
    "type": "Point",
    "coordinates": [
     115.94262,
     -32.50136
    ]
   },
   "properties": {
    "name": "377 READHEADS ROAD NORTH DANDALUP 6207",
    "locID": "LOC000007073424",
    "tech": "WIRELESS",
    "upgrade": "NULL_NA",
    "gnaf_pid": "GAWA_160929788",
    "ee": true,
    "tech_change_status": "Not Planned",
    "program_type": "Fixed Wireless and Satellite Upgrade Program",
    "target_eligibility_quarter": "NA"
   }
  },
  {
   "type": "Feature",
   "geometry": {
    "type": "Point",
    "coordinates": [
     115.93722,
     -32.49121
    ]
   },
   "properties": {
    "name": "404 READHEADS ROAD NORTH DANDALUP 6207",
    "locID": "LOC000071991737",
    "tech": "WIRELESS",
    "upgrade": "NULL_NA",
    "gnaf_pid": "GAWA_160929789",
    "ee": true,
    "tech_change_status": "Not Planned",
    "program_type": "Fixed Wireless and Satellite Upgrade Program",
    "target_eligibility_quarter": "NA"
   }
  },
  {
   "type": "Feature",
   "geometry": {
    "type": "Point",
    "coordinates": [
     115.93844,
     -32.50136
    ]
   },
   "properties": {
    "name": "405 READHEADS ROAD NORTH DANDALUP 6207",
    "locID": "LOC000041864808",
    "tech": "WIRELESS",
    "upgrade": "NULL_NA",
    "gnaf_pid": "GAWA_160929790",
    "ee": true,
    "tech_change_status": "Not Planned",
    "program_type": "Fixed Wireless and Satellite Upgrade Program",
    "target_eligibility_quarter": "NA"
   }
  },
  {
   "type": "Feature",
   "geometry": {
    "type": "Point",
    "coordinates": [
     115.93048107,
     -32.49198888
    ]
   },
   "properties": {
    "name": "488 READHEADS ROAD NORTH DANDALUP 6207",
    "locID": "LOC000065872092",
    "tech": "WIRELESS",
    "upgrade": "NULL_NA",
    "gnaf_pid": "GAWA_160929791",
    "ee": true,
    "tech_change_status": "Eligible to Order",
    "program_type": "Fixed Wireless and Satellite Upgrade Program",
    "target_eligibility_quarter": "NA"
   }
  },
  {
   "type": "Feature",
   "geometry": {
    "type": "Point",
    "coordinates": [
     115.9235268,
     -32.49242116
    ]
   },
   "properties": {
    "name": "540 READHEADS ROAD NORTH DANDALUP 6207",
    "locID": "LOC000033048627",
    "tech": "WIRELESS",
    "upgrade": "NULL_NA",
    "gnaf_pid": "GAWA_160929792",
    "ee": true,
    "tech_change_status": "Not Planned",
    "program_type": "Fixed Wireless and Satellite Upgrade Program",
    "target_eligibility_quarter": "NA"
   }
  },
  {
   "type": "Feature",
   "geometry": {
    "type": "Point",
    "coordinates": [
     115.9235268,
     -32.49242116
    ]
   },
   "properties": {
    "name": "564 READHEADS ROAD NORTH DANDALUP 6207",
    "locID": "LOC000038786934",
    "tech": "WIRELESS",
    "upgrade": "NULL_NA",
    "gnaf_pid": "GAWA_160929793",
    "ee": true,
    "tech_change_status": "Not Planned",
    "program_type": "Fixed Wireless and Satellite Upgrade Program",
    "target_eligibility_quarter": "NA"
   }
  },
  {
   "type": "Feature",
   "geometry": {
    "type": "Point",
    "coordinates": [
     115.99379,
     -32.49503
    ]
   },
   "properties": {
    "name": "153 REIDES ROAD NORTH DANDALUP 6207",
    "locID": "LOC000092079581",
    "tech": "WIRELESS",
    "upgrade": "NULL_NA",
    "gnaf_pid": "GAWA_160929823",
    "ee": true,
    "tech_change_status": "Not Planned",
    "program_type": "Fixed Wireless and Satellite Upgrade Program",
    "target_eligibility_quarter": "NA"
   }
  },
  {
   "type": "Feature",
   "geometry": {
    "type": "Point",
    "coordinates": [
     115.92666063,
     -32.54631308
    ]
   },
   "properties": {
    "name": "401 SHANNS ROAD NORTH DANDALUP 6207",
    "locID": "LOC000018979521",
    "tech": "WIRELESS",
    "upgrade": "NULL_NA",
    "gnaf_pid": "GAWA_160929978",
    "ee": true,
    "tech_change_status": "Not Planned",
    "program_type": "Fixed Wireless and Satellite Upgrade Program",
    "target_eligibility_quarter": "NA"
   }
  },
  {
   "type": "Feature",
   "geometry": {
    "type": "Point",
    "coordinates": [
     115.98547,
     -32.46573
    ]
   },
   "properties": {
    "name": "3607 SOUTH WESTERN HIGHWAY NORTH DANDALUP 6207",
    "locID": "LOC000148368670",
    "tech": "WIRELESS",
    "upgrade": "NULL_NA",
    "gnaf_pid": "GAWA_160930075",
    "ee": true,
    "tech_change_status": "Not Planned",
    "program_type": "Fixed Wireless and Satellite Upgrade Program",
    "target_eligibility_quarter": "NA"
   }
  },
  {
   "type": "Feature",
   "geometry": {
    "type": "Point",
    "coordinates": [
     115.97839485,
     -32.48601092
    ]
   },
   "properties": {
    "name": "3846 SOUTH WESTERN HIGHWAY NORTH DANDALUP 6207",
    "locID": "LOC000070664320",
    "tech": "WIRELESS",
    "upgrade": "NULL_NA",
    "gnaf_pid": "GAWA_160930077",
    "ee": true,
    "tech_change_status": "Not Planned",
    "program_type": "Fixed Wireless and Satellite Upgrade Program",
    "target_eligibility_quarter": "NA"
   }
  },
  {
   "type": "Feature",
   "geometry": {
    "type": "Point",
    "coordinates": [
     115.97903,
     -32.49023
    ]
   },
   "properties": {
    "name": "3900 SOUTH WESTERN HIGHWAY NORTH DANDALUP 6207",
    "locID": "LOC000061274003",
    "tech": "WIRELESS",
    "upgrade": "NULL_NA",
    "gnaf_pid": "GAWA_160930078",
    "ee": true,
    "tech_change_status": "Not Planned",
    "program_type": "Fixed Wireless and Satellite Upgrade Program",
    "target_eligibility_quarter": "NA"
   }
  },
  {
   "type": "Feature",
   "geometry": {
    "type": "Point",
    "coordinates": [
     115.97963,
     -32.49297
    ]
   },
   "properties": {
    "name": "3918 SOUTH WESTERN HIGHWAY NORTH DANDALUP 6207",
    "locID": "LOC000017956682",
    "tech": "WIRELESS",
    "upgrade": "NULL_NA",
    "gnaf_pid": "GAWA_160930080",
    "ee": true,
    "tech_change_status": "Not Planned",
    "program_type": "Fixed Wireless and Satellite Upgrade Program",
    "target_eligibility_quarter": "NA"
   }
  },
  {
   "type": "Feature",
   "geometry": {
    "type": "Point",
    "coordinates": [
     115.98365,
     -32.50005
    ]
   },
   "properties": {
    "name": "3981 SOUTH WESTERN HIGHWAY NORTH DANDALUP 6207",
    "locID": "LOC000018922706",
    "tech": "WIRELESS",
    "upgrade": "NULL_NA",
    "gnaf_pid": "GAWA_160930081",
    "ee": true,
    "tech_change_status": "Not Planned",
    "program_type": "Fixed Wireless and Satellite Upgrade Program",
    "target_eligibility_quarter": "NA"
   }
  },
  {
   "type": "Feature",
   "geometry": {
    "type": "Point",
    "coordinates": [
     115.97279,
     -32.51556
    ]
   },
   "properties": {
    "name": "4184 SOUTH WESTERN HIGHWAY NORTH DANDALUP 6207",
    "locID": "LOC000033855516",
    "tech": "WIRELESS",
    "upgrade": "NULL_NA",
    "gnaf_pid": "GAWA_160930082",
    "ee": true,
    "tech_change_status": "Not Planned",
    "program_type": "Fixed Wireless and Satellite Upgrade Program",
    "target_eligibility_quarter": "NA"
   }
  },
  {
   "type": "Feature",
   "geometry": {
    "type": "Point",
    "coordinates": [
     115.9727,
     -32.51572
    ]
   },
   "properties": {
    "name": "4186 SOUTH WESTERN HIGHWAY NORTH DANDALUP 6207",
    "locID": "LOC000048362627",
    "tech": "WIRELESS",
    "upgrade": "NULL_NA",
    "gnaf_pid": "GAWA_160930083",
    "ee": true,
    "tech_change_status": "Not Planned",
    "program_type": "Fixed Wireless and Satellite Upgrade Program",
    "target_eligibility_quarter": "NA"
   }
  },
  {
   "type": "Feature",
   "geometry": {
    "type": "Point",
    "coordinates": [
     115.97175,
     -32.51751
    ]
   },
   "properties": {
    "name": "4208 SOUTH WESTERN HIGHWAY NORTH DANDALUP 6207",
    "locID": "LOC000059656306",
    "tech": "WIRELESS",
    "upgrade": "NULL_NA",
    "gnaf_pid": "GAWA_160930084",
    "ee": true,
    "tech_change_status": "Not Planned",
    "program_type": "Fixed Wireless and Satellite Upgrade Program",
    "target_eligibility_quarter": "NA"
   }
  },
  {
   "type": "Feature",
   "geometry": {
    "type": "Point",
    "coordinates": [
     115.97162,
     -32.51776
    ]
   },
   "properties": {
    "name": "4210 SOUTH WESTERN HIGHWAY NORTH DANDALUP 6207",
    "locID": "LOC000080813338",
    "tech": "WIRELESS",
    "upgrade": "NULL_NA",
    "gnaf_pid": "GAWA_160930085",
    "ee": true,
    "tech_change_status": "Not Planned",
    "program_type": "Fixed Wireless and Satellite Upgrade Program",
    "target_eligibility_quarter": "NA"
   }
  },
  {
   "type": "Feature",
   "geometry": {
    "type": "Point",
    "coordinates": [
     115.97149,
     -32.51801
    ]
   },
   "properties": {
    "name": "4214 SOUTH WESTERN HIGHWAY NORTH DANDALUP 6207",
    "locID": "LOC000054233001",
    "tech": "WIRELESS",
    "upgrade": "NULL_NA",
    "gnaf_pid": "GAWA_160930086",
    "ee": true,
    "tech_change_status": "Not Planned",
    "program_type": "Fixed Wireless and Satellite Upgrade Program",
    "target_eligibility_quarter": "NA"
   }
  },
  {
   "type": "Feature",
   "geometry": {
    "type": "Point",
    "coordinates": [
     115.97107,
     -32.51864
    ]
   },
   "properties": {
    "name": "4224 SOUTH WESTERN HIGHWAY NORTH DANDALUP 6207",
    "locID": "LOC000104316322",
    "tech": "WIRELESS",
    "upgrade": "NULL_NA",
    "gnaf_pid": "GAWA_160930087",
    "ee": true,
    "tech_change_status": "Not Planned",
    "program_type": "Fixed Wireless and Satellite Upgrade Program",
    "target_eligibility_quarter": "NA"
   }
  },
  {
   "type": "Feature",
   "geometry": {
    "type": "Point",
    "coordinates": [
     115.97043,
     -32.51999
    ]
   },
   "properties": {
    "name": "4240 SOUTH WESTERN HIGHWAY NORTH DANDALUP 6207",
    "locID": "LOC000050552470",
    "tech": "WIRELESS",
    "upgrade": "NULL_NA",
    "gnaf_pid": "GAWA_160930088",
    "ee": true,
    "tech_change_status": "Not Planned",
    "program_type": "Fixed Wireless and Satellite Upgrade Program",
    "target_eligibility_quarter": "NA"
   }
  },
  {
   "type": "Feature",
   "geometry": {
    "type": "Point",
    "coordinates": [
     115.97017,
     -32.52049
    ]
   },
   "properties": {
    "name": "4246 SOUTH WESTERN HIGHWAY NORTH DANDALUP 6207",
    "locID": "LOC000057063903",
    "tech": "WIRELESS",
    "upgrade": "NULL_NA",
    "gnaf_pid": "GAWA_160930089",
    "ee": true,
    "tech_change_status": "Not Planned",
    "program_type": "Fixed Wireless and Satellite Upgrade Program",
    "target_eligibility_quarter": "NA"
   }
  },
  {
   "type": "Feature",
   "geometry": {
    "type": "Point",
    "coordinates": [
     115.97089194,
     -32.52118393
    ]
   },
   "properties": {
    "name": "4251 SOUTH WESTERN HIGHWAY NORTH DANDALUP 6207",
    "locID": "LOC000056181320",
    "tech": "WIRELESS",
    "upgrade": "NULL_NA",
    "gnaf_pid": "GAWA_160930090",
    "ee": true,
    "tech_change_status": "Not Planned",
    "program_type": "Fixed Wireless and Satellite Upgrade Program",
    "target_eligibility_quarter": "NA"
   }
  },
  {
   "type": "Feature",
   "geometry": {
    "type": "Point",
    "coordinates": [
     115.97046196,
     -32.53476999
    ]
   },
   "properties": {
    "name": "4391 SOUTH WESTERN HIGHWAY NORTH DANDALUP 6207",
    "locID": "LOC000016544182",
    "tech": "WIRELESS",
    "upgrade": "NULL_NA",
    "gnaf_pid": "GAWA_160930091",
    "ee": true,
    "tech_change_status": "Not Planned",
    "program_type": "Fixed Wireless and Satellite Upgrade Program",
    "target_eligibility_quarter": "NA"
   }
  },
  {
   "type": "Feature",
   "geometry": {
    "type": "Point",
    "coordinates": [
     115.97047772,
     -32.54586588
    ]
   },
   "properties": {
    "name": "4557 SOUTH WESTERN HIGHWAY NORTH DANDALUP 6207",
    "locID": "LOC000006463105",
    "tech": "WIRELESS",
    "upgrade": "NULL_NA",
    "gnaf_pid": "GAWA_160930092",
    "ee": true,
    "tech_change_status": "Not Planned",
    "program_type": "Fixed Wireless and Satellite Upgrade Program",
    "target_eligibility_quarter": "NA"
   }
  },
  {
   "type": "Feature",
   "geometry": {
    "type": "Point",
    "coordinates": [
     115.9506,
     -32.48918
    ]
   },
   "properties": {
    "name": "102 ST BLAISE GROVE NORTH DANDALUP 6207",
    "locID": "LOC000107569293",
    "tech": "WIRELESS",
    "upgrade": "NULL_NA",
    "gnaf_pid": "GAWA_160930158",
    "ee": true,
    "tech_change_status": "Not Planned",
    "program_type": "Fixed Wireless and Satellite Upgrade Program",
    "target_eligibility_quarter": "NA"
   }
  },
  {
   "type": "Feature",
   "geometry": {
    "type": "Point",
    "coordinates": [
     115.9451,
     -32.48915
    ]
   },
   "properties": {
    "name": "113 ST BLAISE GROVE NORTH DANDALUP 6207",
    "locID": "LOC000037485689",
    "tech": "WIRELESS",
    "upgrade": "NULL_NA",
    "gnaf_pid": "GAWA_160930159",
    "ee": true,
    "tech_change_status": "Not Planned",
    "program_type": "Fixed Wireless and Satellite Upgrade Program",
    "target_eligibility_quarter": "NA"
   }
  },
  {
   "type": "Feature",
   "geometry": {
    "type": "Point",
    "coordinates": [
     115.94513,
     -32.48572
    ]
   },
   "properties": {
    "name": "121 ST BLAISE GROVE NORTH DANDALUP 6207",
    "locID": "LOC000005627576",
    "tech": "WIRELESS",
    "upgrade": "NULL_NA",
    "gnaf_pid": "GAWA_160930160",
    "ee": true,
    "tech_change_status": "Not Planned",
    "program_type": "Fixed Wireless and Satellite Upgrade Program",
    "target_eligibility_quarter": "NA"
   }
  },
  {
   "type": "Feature",
   "geometry": {
    "type": "Point",
    "coordinates": [
     115.95045,
     -32.48568
    ]
   },
   "properties": {
    "name": "122 ST BLAISE GROVE NORTH DANDALUP 6207",
    "locID": "LOC000048086046",
    "tech": "WIRELESS",
    "upgrade": "NULL_NA",
    "gnaf_pid": "GAWA_160930161",
    "ee": true,
    "tech_change_status": "Not Planned",
    "program_type": "Fixed Wireless and Satellite Upgrade Program",
    "target_eligibility_quarter": "NA"
   }
  },
  {
   "type": "Feature",
   "geometry": {
    "type": "Point",
    "coordinates": [
     115.95001,
     -32.49339
    ]
   },
   "properties": {
    "name": "50 ST BLAISE GROVE NORTH DANDALUP 6207",
    "locID": "LOC000172890971",
    "tech": "WIRELESS",
    "upgrade": "NULL_NA",
    "gnaf_pid": "GAWA_160930162",
    "ee": true,
    "tech_change_status": "Not Planned",
    "program_type": "Fixed Wireless and Satellite Upgrade Program",
    "target_eligibility_quarter": "NA"
   }
  },
  {
   "type": "Feature",
   "geometry": {
    "type": "Point",
    "coordinates": [
     115.94508895,
     -32.49272531
    ]
   },
   "properties": {
    "name": "65 ST BLAISE GROVE NORTH DANDALUP 6207",
    "locID": "LOC000010400334",
    "tech": "WIRELESS",
    "upgrade": "NULL_NA",
    "gnaf_pid": "GAWA_160930163",
    "ee": true,
    "tech_change_status": "Not Planned",
    "program_type": "Fixed Wireless and Satellite Upgrade Program",
    "target_eligibility_quarter": "NA"
   }
  },
  {
   "type": "Feature",
   "geometry": {
    "type": "Point",
    "coordinates": [
     115.97067935,
     -32.55194913
    ]
   },
   "properties": {
    "name": "89 WADES ROAD NORTH DANDALUP 6207",
    "locID": "LOC000057155498",
    "tech": "WIRELESS",
    "upgrade": "NULL_NA",
    "gnaf_pid": "GAWA_160930511",
    "ee": true,
    "tech_change_status": "Not Planned",
    "program_type": "Fixed Wireless and Satellite Upgrade Program",
    "target_eligibility_quarter": "NA"
   }
  },
  {
   "type": "Feature",
   "geometry": {
    "type": "Point",
    "coordinates": [
     115.97925497,
     -32.53620255
    ]
   },
   "properties": {
    "name": "44 WHITTAKERS ROAD NORTH DANDALUP 6207",
    "locID": "LOC000087657005",
    "tech": "WIRELESS",
    "upgrade": "NULL_NA",
    "gnaf_pid": "GAWA_160930681",
    "ee": true,
    "tech_change_status": "Not Planned",
    "program_type": "Fixed Wireless and Satellite Upgrade Program",
    "target_eligibility_quarter": "NA"
   }
  },
  {
   "type": "Feature",
   "geometry": {
    "type": "Point",
    "coordinates": [
     115.96283,
     -32.51001
    ]
   },
   "properties": {
    "name": "51 BEAU SOVEREIGN COURT NORTH DANDALUP 6207",
    "locID": "LOC000098479941",
    "tech": "WIRELESS",
    "upgrade": "NULL_NA",
    "gnaf_pid": "GAWA_161027986",
    "ee": true,
    "tech_change_status": "Not Planned",
    "program_type": "Fixed Wireless and Satellite Upgrade Program",
    "target_eligibility_quarter": "NA"
   }
  },
  {
   "type": "Feature",
   "geometry": {
    "type": "Point",
    "coordinates": [
     115.96717,
     -32.51573
    ]
   },
   "properties": {
    "name": "11 CORAL PARK DRIVE NORTH DANDALUP 6207",
    "locID": "LOC000098406517",
    "tech": "WIRELESS",
    "upgrade": "NULL_NA",
    "gnaf_pid": "GAWA_161028862",
    "ee": true,
    "tech_change_status": "Not Planned",
    "program_type": "Fixed Wireless and Satellite Upgrade Program",
    "target_eligibility_quarter": "NA"
   }
  },
  {
   "type": "Feature",
   "geometry": {
    "type": "Point",
    "coordinates": [
     115.96865,
     -32.51466
    ]
   },
   "properties": {
    "name": "30 CORAL PARK DRIVE NORTH DANDALUP 6207",
    "locID": "LOC000063178573",
    "tech": "WIRELESS",
    "upgrade": "NULL_NA",
    "gnaf_pid": "GAWA_161028863",
    "ee": true,
    "tech_change_status": "Not Planned",
    "program_type": "Fixed Wireless and Satellite Upgrade Program",
    "target_eligibility_quarter": "NA"
   }
  },
  {
   "type": "Feature",
   "geometry": {
    "type": "Point",
    "coordinates": [
     115.96899,
     -32.51268
    ]
   },
   "properties": {
    "name": "40 CORAL PARK DRIVE NORTH DANDALUP 6207",
    "locID": "LOC000048176228",
    "tech": "WIRELESS",
    "upgrade": "NULL_NA",
    "gnaf_pid": "GAWA_161028864",
    "ee": true,
    "tech_change_status": "Not Planned",
    "program_type": "Fixed Wireless and Satellite Upgrade Program",
    "target_eligibility_quarter": "NA"
   }
  },
  {
   "type": "Feature",
   "geometry": {
    "type": "Point",
    "coordinates": [
     115.97295901,
     -32.51386755
    ]
   },
   "properties": {
    "name": "13 DANDALUP STREET NORTH DANDALUP 6207",
    "locID": "LOC000045107659",
    "tech": "WIRELESS",
    "upgrade": "NULL_NA",
    "gnaf_pid": "GAWA_161029013",
    "ee": true,
    "tech_change_status": "Not Planned",
    "program_type": "Fixed Wireless and Satellite Upgrade Program",
    "target_eligibility_quarter": "NA"
   }
  },
  {
   "type": "Feature",
   "geometry": {
    "type": "Point",
    "coordinates": [
     115.97062,
     -32.52187
    ]
   },
   "properties": {
    "name": "1 DEL PARK ROAD NORTH DANDALUP 6207",
    "locID": "LOC000132864848",
    "tech": "WIRELESS",
    "upgrade": "NULL_NA",
    "gnaf_pid": "GAWA_161029074",
    "ee": true,
    "tech_change_status": "Not Planned",
    "program_type": "Fixed Wireless and Satellite Upgrade Program",
    "target_eligibility_quarter": "NA"
   }
  },
  {
   "type": "Feature",
   "geometry": {
    "type": "Point",
    "coordinates": [
     115.98996847,
     -32.55377394
    ]
   },
   "properties": {
    "name": "567 DEL PARK ROAD NORTH DANDALUP 6207",
    "locID": "LOC000061242108",
    "tech": "SATELLITE",
    "upgrade": "NULL_NA",
    "gnaf_pid": "GAWA_161029075",
    "ee": true,
    "tech_change_status": "Not Planned"
   }
  },
  {
   "type": "Feature",
   "geometry": {
    "type": "Point",
    "coordinates": [
     115.97121,
     -32.52213
    ]
   },
   "properties": {
    "name": "5 DEL PARK ROAD NORTH DANDALUP 6207",
    "locID": "LOC000091379173",
    "tech": "WIRELESS",
    "upgrade": "NULL_NA",
    "gnaf_pid": "GAWA_161029076",
    "ee": true,
    "tech_change_status": "Not Planned",
    "program_type": "Fixed Wireless and Satellite Upgrade Program",
    "target_eligibility_quarter": "NA"
   }
  },
  {
   "type": "Feature",
   "geometry": {
    "type": "Point",
    "coordinates": [
     115.9668,
     -32.51676
    ]
   },
   "properties": {
    "name": "12 DEWAR ROAD NORTH DANDALUP 6207",
    "locID": "LOC000015378840",
    "tech": "WIRELESS",
    "upgrade": "NULL_NA",
    "gnaf_pid": "GAWA_161029136",
    "ee": true,
    "tech_change_status": "Not Planned",
    "program_type": "Fixed Wireless and Satellite Upgrade Program",
    "target_eligibility_quarter": "NA"
   }
  },
  {
   "type": "Feature",
   "geometry": {
    "type": "Point",
    "coordinates": [
     115.96627,
     -32.51637
    ]
   },
   "properties": {
    "name": "16 DEWAR ROAD NORTH DANDALUP 6207",
    "locID": "LOC000132864895",
    "tech": "WIRELESS",
    "upgrade": "NULL_NA",
    "gnaf_pid": "GAWA_161029137",
    "ee": true,
    "tech_change_status": "Not Planned",
    "program_type": "Fixed Wireless and Satellite Upgrade Program",
    "target_eligibility_quarter": "NA"
   }
  },
  {
   "type": "Feature",
   "geometry": {
    "type": "Point",
    "coordinates": [
     115.96182,
     -32.5127
    ]
   },
   "properties": {
    "name": "23 JENNIE PLACE NORTH DANDALUP 6207",
    "locID": "LOC000063096199",
    "tech": "WIRELESS",
    "upgrade": "NULL_NA",
    "gnaf_pid": "GAWA_161030484",
    "ee": true,
    "tech_change_status": "Not Planned",
    "program_type": "Fixed Wireless and Satellite Upgrade Program",
    "target_eligibility_quarter": "NA"
   }
  },
  {
   "type": "Feature",
   "geometry": {
    "type": "Point",
    "coordinates": [
     115.95523,
     -32.51327
    ]
   },
   "properties": {
    "name": "84 JENNIE PLACE NORTH DANDALUP 6207",
    "locID": "LOC000105304074",
    "tech": "WIRELESS",
    "upgrade": "NULL_NA",
    "gnaf_pid": "GAWA_161030485",
    "ee": true,
    "tech_change_status": "Not Planned",
    "program_type": "Fixed Wireless and Satellite Upgrade Program",
    "target_eligibility_quarter": "NA"
   }
  },
  {
   "type": "Feature",
   "geometry": {
    "type": "Point",
    "coordinates": [
     115.94082,
     -32.51498
    ]
   },
   "properties": {
    "name": "2025 LAKES ROAD NORTH DANDALUP 6207",
    "locID": "LOC000008728903",
    "tech": "WIRELESS",
    "upgrade": "NULL_NA",
    "gnaf_pid": "GAWA_161030992",
    "ee": true,
    "tech_change_status": "Not Planned",
    "program_type": "Fixed Wireless and Satellite Upgrade Program",
    "target_eligibility_quarter": "NA"
   }
  },
  {
   "type": "Feature",
   "geometry": {
    "type": "Point",
    "coordinates": [
     115.95402,
     -32.51517
    ]
   },
   "properties": {
    "name": "2159 LAKES ROAD NORTH DANDALUP 6207",
    "locID": "LOC000018134261",
    "tech": "WIRELESS",
    "upgrade": "NULL_NA",
    "gnaf_pid": "GAWA_161030993",
    "ee": true,
    "tech_change_status": "Not Planned",
    "program_type": "Fixed Wireless and Satellite Upgrade Program",
    "target_eligibility_quarter": "NA"
   }
  },
  {
   "type": "Feature",
   "geometry": {
    "type": "Point",
    "coordinates": [
     115.95228,
     -32.55224
    ]
   },
   "properties": {
    "name": "18 MONEY ROAD NORTH DANDALUP 6207",
    "locID": "LOC000093996378",
    "tech": "WIRELESS",
    "upgrade": "NULL_NA",
    "gnaf_pid": "GAWA_161031581",
    "ee": true,
    "tech_change_status": "Not Planned",
    "program_type": "Fixed Wireless and Satellite Upgrade Program",
    "target_eligibility_quarter": "NA"
   }
  },
  {
   "type": "Feature",
   "geometry": {
    "type": "Point",
    "coordinates": [
     115.9213797,
     -32.4997765
    ]
   },
   "properties": {
    "name": "539 READHEADS ROAD NORTH DANDALUP 6207",
    "locID": "LOC000107869662",
    "tech": "SATELLITE",
    "upgrade": "NULL_NA",
    "gnaf_pid": "GAWA_161032229",
    "ee": true,
    "tech_change_status": "Not Planned"
   }
  },
  {
   "type": "Feature",
   "geometry": {
    "type": "Point",
    "coordinates": [
     116.01789,
     -32.48979
    ]
   },
   "properties": {
    "name": "2005 SCARP ROAD NORTH DANDALUP 6207",
    "locID": "LOC000132864905",
    "tech": "NULL",
    "upgrade": "NULL_NA",
    "gnaf_pid": "GAWA_161032615",
    "ee": true,
    "tech_change_status": "Not Planned"
   }
  },
  {
   "type": "Feature",
   "geometry": {
    "type": "Point",
    "coordinates": [
     115.99474,
     -32.54446
    ]
   },
   "properties": {
    "name": "198 WHITTAKERS ROAD NORTH DANDALUP 6207",
    "locID": "LOC000071756497",
    "tech": "WIRELESS",
    "upgrade": "NULL_NA",
    "gnaf_pid": "GAWA_161033735",
    "ee": true,
    "tech_change_status": "Not Planned",
    "program_type": "Fixed Wireless and Satellite Upgrade Program",
    "target_eligibility_quarter": "NA"
   }
  },
  {
   "type": "Feature",
   "geometry": {
    "type": "Point",
    "coordinates": [
     115.96945508,
     -32.51522251
    ]
   },
   "properties": {
    "name": "848 ATKINS ROAD NORTH DANDALUP 6207",
    "locID": "LOC000060097028",
    "tech": "WIRELESS",
    "upgrade": "NULL_NA",
    "gnaf_pid": "GAWA_161034177",
    "ee": true,
    "tech_change_status": "Not Planned",
    "program_type": "Fixed Wireless and Satellite Upgrade Program",
    "target_eligibility_quarter": "NA"
   }
  },
  {
   "type": "Feature",
   "geometry": {
    "type": "Point",
    "coordinates": [
     115.96863,
     -32.52029
    ]
   },
   "properties": {
    "name": "18 SOUTH STREET NORTH DANDALUP 6207",
    "locID": "LOC000042858715",
    "tech": "WIRELESS",
    "upgrade": "NULL_NA",
    "gnaf_pid": "GAWA_161038187",
    "ee": true,
    "tech_change_status": "Not Planned",
    "program_type": "Fixed Wireless and Satellite Upgrade Program",
    "target_eligibility_quarter": "NA"
   }
  },
  {
   "type": "Feature",
   "geometry": {
    "type": "Point",
    "coordinates": [
     115.96833,
     -32.52018
    ]
   },
   "properties": {
    "name": "20 SOUTH STREET NORTH DANDALUP 6207",
    "locID": "LOC000091426452",
    "tech": "WIRELESS",
    "upgrade": "NULL_NA",
    "gnaf_pid": "GAWA_161038188",
    "ee": true,
    "tech_change_status": "Not Planned",
    "program_type": "Fixed Wireless and Satellite Upgrade Program",
    "target_eligibility_quarter": "NA"
   }
  },
  {
   "type": "Feature",
   "geometry": {
    "type": "Point",
    "coordinates": [
     115.92407882,
     -32.50531585
    ]
   },
   "properties": {
    "name": "122 AVOCA RETREAT NORTH DANDALUP 6207",
    "locID": "LOC000089146022",
    "tech": "WIRELESS",
    "upgrade": "NULL_NA",
    "gnaf_pid": "GAWA_161039242",
    "ee": true,
    "tech_change_status": "Not Planned",
    "program_type": "Fixed Wireless and Satellite Upgrade Program",
    "target_eligibility_quarter": "NA"
   }
  },
  {
   "type": "Feature",
   "geometry": {
    "type": "Point",
    "coordinates": [
     115.92112,
     -32.50409
    ]
   },
   "properties": {
    "name": "123 AVOCA RETREAT NORTH DANDALUP 6207",
    "locID": "LOC000020453885",
    "tech": "WIRELESS",
    "upgrade": "NULL_NA",
    "gnaf_pid": "GAWA_161039243",
    "ee": true,
    "tech_change_status": "Not Planned",
    "program_type": "Fixed Wireless and Satellite Upgrade Program",
    "target_eligibility_quarter": "NA"
   }
  },
  {
   "type": "Feature",
   "geometry": {
    "type": "Point",
    "coordinates": [
     115.97007827,
     -32.52065315
    ]
   },
   "properties": {
    "name": "4248 SOUTH WESTERN HIGHWAY NORTH DANDALUP 6207",
    "locID": "LOC000068553495",
    "tech": "WIRELESS",
    "upgrade": "NULL_NA",
    "gnaf_pid": "GAWA_161041496",
    "ee": true,
    "tech_change_status": "Not Planned",
    "program_type": "Fixed Wireless and Satellite Upgrade Program",
    "target_eligibility_quarter": "NA"
   }
  },
  {
   "type": "Feature",
   "geometry": {
    "type": "Point",
    "coordinates": [
     115.92417256,
     -32.51385399
    ]
   },
   "properties": {
    "name": "36 AVOCA RETREAT NORTH DANDALUP 6207",
    "locID": "LOC100077364548",
    "tech": "WIRELESS",
    "upgrade": "NULL_NA",
    "gnaf_pid": "GAWA_161481929",
    "ee": true,
    "tech_change_status": "Not Planned",
    "program_type": "Fixed Wireless and Satellite Upgrade Program",
    "target_eligibility_quarter": "NA"
   }
  },
  {
   "type": "Feature",
   "geometry": {
    "type": "Point",
    "coordinates": [
     115.92259362,
     -32.51128199
    ]
   },
   "properties": {
    "name": "61 AVOCA RETREAT NORTH DANDALUP 6207",
    "locID": "LOC100077364530",
    "tech": "WIRELESS",
    "upgrade": "NULL_NA",
    "gnaf_pid": "GAWA_161481930",
    "ee": true,
    "tech_change_status": "Not Planned",
    "program_type": "Fixed Wireless and Satellite Upgrade Program",
    "target_eligibility_quarter": "NA"
   }
  },
  {
   "type": "Feature",
   "geometry": {
    "type": "Point",
    "coordinates": [
     115.965752,
     -32.511406
    ]
   },
   "properties": {
    "name": "23 CORAL PARK DRIVE NORTH DANDALUP 6207",
    "locID": "LOC000046145893",
    "tech": "WIRELESS",
    "upgrade": "NULL_NA",
    "gnaf_pid": "GAWA_161482686",
    "ee": true,
    "tech_change_status": "Not Planned",
    "program_type": "Fixed Wireless and Satellite Upgrade Program",
    "target_eligibility_quarter": "NA"
   }
  },
  {
   "type": "Feature",
   "geometry": {
    "type": "Point",
    "coordinates": [
     115.95522478,
     -32.51219022
    ]
   },
   "properties": {
    "name": "82 JENNIE PLACE NORTH DANDALUP 6207",
    "locID": "LOC000034662283",
    "tech": "WIRELESS",
    "upgrade": "NULL_NA",
    "gnaf_pid": "GAWA_161512976",
    "ee": true,
    "tech_change_status": "Not Planned",
    "program_type": "Fixed Wireless and Satellite Upgrade Program",
    "target_eligibility_quarter": "NA"
   }
  },
  {
   "type": "Feature",
   "geometry": {
    "type": "Point",
    "coordinates": [
     115.93747705,
     -32.51566776
    ]
   },
   "properties": {
    "name": "1989 LAKES ROAD NORTH DANDALUP 6207",
    "locID": "LOC000017188485",
    "tech": "WIRELESS",
    "upgrade": "NULL_NA",
    "gnaf_pid": "GAWA_161513289",
    "ee": true,
    "tech_change_status": "Not Planned",
    "program_type": "Fixed Wireless and Satellite Upgrade Program",
    "target_eligibility_quarter": "NA"
   }
  },
  {
   "type": "Feature",
   "geometry": {
    "type": "Point",
    "coordinates": [
     115.94323119,
     -32.51553147
    ]
   },
   "properties": {
    "name": "2039 LAKES ROAD NORTH DANDALUP 6207",
    "locID": "LOC000063769331",
    "tech": "WIRELESS",
    "upgrade": "NULL_NA",
    "gnaf_pid": "GAWA_161513290",
    "ee": true,
    "tech_change_status": "Not Planned",
    "program_type": "Fixed Wireless and Satellite Upgrade Program",
    "target_eligibility_quarter": "NA"
   }
  },
  {
   "type": "Feature",
   "geometry": {
    "type": "Point",
    "coordinates": [
     115.93561647,
     -32.55383564
    ]
   },
   "properties": {
    "name": "76 MONEY ROAD NORTH DANDALUP 6207",
    "locID": "LOC000094710258",
    "tech": "WIRELESS",
    "upgrade": "NULL_NA",
    "gnaf_pid": "GAWA_161513787",
    "ee": true,
    "tech_change_status": "Not Planned",
    "program_type": "Fixed Wireless and Satellite Upgrade Program",
    "target_eligibility_quarter": "NA"
   }
  },
  {
   "type": "Feature",
   "geometry": {
    "type": "Point",
    "coordinates": [
     115.97077227,
     -32.51424204
    ]
   },
   "properties": {
    "name": "816 ATKINS ROAD NORTH DANDALUP 6207",
    "locID": "LOC000008691027",
    "tech": "WIRELESS",
    "upgrade": "NULL_NA",
    "gnaf_pid": "GAWA_161516399",
    "ee": true,
    "tech_change_status": "Not Planned",
    "program_type": "Fixed Wireless and Satellite Upgrade Program",
    "target_eligibility_quarter": "NA"
   }
  },
  {
   "type": "Feature",
   "geometry": {
    "type": "Point",
    "coordinates": [
     115.96971823,
     -32.51496757
    ]
   },
   "properties": {
    "name": "846 ATKINS ROAD NORTH DANDALUP 6207",
    "locID": "LOC000058503265",
    "tech": "WIRELESS",
    "upgrade": "NULL_NA",
    "gnaf_pid": "GAWA_161516400",
    "ee": true,
    "tech_change_status": "Not Planned",
    "program_type": "Fixed Wireless and Satellite Upgrade Program",
    "target_eligibility_quarter": "NA"
   }
  },
  {
   "type": "Feature",
   "geometry": {
    "type": "Point",
    "coordinates": [
     115.9683,
     -32.52087
    ]
   },
   "properties": {
    "name": "17 SOUTH STREET NORTH DANDALUP 6207",
    "locID": "LOC000094887361",
    "tech": "WIRELESS",
    "upgrade": "NULL_NA",
    "gnaf_pid": "GAWA_161520209",
    "ee": true,
    "tech_change_status": "Not Planned",
    "program_type": "Fixed Wireless and Satellite Upgrade Program",
    "target_eligibility_quarter": "NA"
   }
  },
  {
   "type": "Feature",
   "geometry": {
    "type": "Point",
    "coordinates": [
     115.96936,
     -32.52068
    ]
   },
   "properties": {
    "name": "10 SOUTH STREET NORTH DANDALUP 6207",
    "locID": "LOC000030348005",
    "tech": "WIRELESS",
    "upgrade": "NULL_NA",
    "gnaf_pid": "GAWA_161582041",
    "ee": true,
    "tech_change_status": "Not Planned",
    "program_type": "Fixed Wireless and Satellite Upgrade Program",
    "target_eligibility_quarter": "NA"
   }
  },
  {
   "type": "Feature",
   "geometry": {
    "type": "Point",
    "coordinates": [
     115.9676,
     -32.51991
    ]
   },
   "properties": {
    "name": "28 SOUTH STREET NORTH DANDALUP 6207",
    "locID": "LOC000037233619",
    "tech": "WIRELESS",
    "upgrade": "NULL_NA",
    "gnaf_pid": "GAWA_161582042",
    "ee": true,
    "tech_change_status": "Not Planned",
    "program_type": "Fixed Wireless and Satellite Upgrade Program",
    "target_eligibility_quarter": "NA"
   }
  },
  {
   "type": "Feature",
   "geometry": {
    "type": "Point",
    "coordinates": [
     115.96919191,
     -32.51547743
    ]
   },
   "properties": {
    "name": "850 ATKINS ROAD NORTH DANDALUP 6207",
    "locID": "LOC000012063428",
    "tech": "WIRELESS",
    "upgrade": "NULL_NA",
    "gnaf_pid": "GAWA_161595178",
    "ee": true,
    "tech_change_status": "Not Planned",
    "program_type": "Fixed Wireless and Satellite Upgrade Program",
    "target_eligibility_quarter": "NA"
   }
  },
  {
   "type": "Feature",
   "geometry": {
    "type": "Point",
    "coordinates": [
     115.96892875,
     -32.51573236
    ]
   },
   "properties": {
    "name": "852 ATKINS ROAD NORTH DANDALUP 6207",
    "locID": "LOC000018927549",
    "tech": "WIRELESS",
    "upgrade": "NULL_NA",
    "gnaf_pid": "GAWA_161595179",
    "ee": true,
    "tech_change_status": "Not Planned",
    "program_type": "Fixed Wireless and Satellite Upgrade Program",
    "target_eligibility_quarter": "NA"
   }
  },
  {
   "type": "Feature",
   "geometry": {
    "type": "Point",
    "coordinates": [
     115.92439295,
     -32.51195135
    ]
   },
   "properties": {
    "name": "54 AVOCA RETREAT NORTH DANDALUP 6207",
    "locID": "LOC000100724088",
    "tech": "WIRELESS",
    "upgrade": "NULL_NA",
    "gnaf_pid": "GAWA_161894873",
    "ee": true,
    "tech_change_status": "Not Planned",
    "program_type": "Fixed Wireless and Satellite Upgrade Program",
    "target_eligibility_quarter": "NA"
   }
  },
  {
   "type": "Feature",
   "geometry": {
    "type": "Point",
    "coordinates": [
     115.92093311,
     -32.50791727
    ]
   },
   "properties": {
    "name": "99 AVOCA RETREAT NORTH DANDALUP 6207",
    "locID": "LOC000002147168",
    "tech": "WIRELESS",
    "upgrade": "NULL_NA",
    "gnaf_pid": "GAWA_161894874",
    "ee": true,
    "tech_change_status": "Not Planned",
    "program_type": "Fixed Wireless and Satellite Upgrade Program",
    "target_eligibility_quarter": "NA"
   }
  },
  {
   "type": "Feature",
   "geometry": {
    "type": "Point",
    "coordinates": [
     115.99089285,
     -32.55176216
    ]
   },
   "properties": {
    "name": "339 DEL PARK ROAD NORTH DANDALUP 6207",
    "locID": "LOC000081022846",
    "tech": "WIRELESS",
    "upgrade": "NULL_NA",
    "gnaf_pid": "GAWA_161895542",
    "ee": true,
    "tech_change_status": "Not Planned",
    "program_type": "Fixed Wireless and Satellite Upgrade Program",
    "target_eligibility_quarter": "NA"
   }
  },
  {
   "type": "Feature",
   "geometry": {
    "type": "Point",
    "coordinates": [
     115.99508971,
     -32.50250279
    ]
   },
   "properties": {
    "name": "210 REIDES ROAD NORTH DANDALUP 6207",
    "locID": "LOC000005457201",
    "tech": "WIRELESS",
    "upgrade": "NULL_NA",
    "gnaf_pid": "GAWA_161897207",
    "ee": true,
    "tech_change_status": "Not Planned",
    "program_type": "Fixed Wireless and Satellite Upgrade Program",
    "target_eligibility_quarter": "NA"
   }
  },
  {
   "type": "Feature",
   "geometry": {
    "type": "Point",
    "coordinates": [
     115.971865,
     -32.51580742
    ]
   },
   "properties": {
    "name": "62 RAILWAY AVENUE NORTH DANDALUP 6207",
    "locID": "LOC000116435622",
    "tech": "WIRELESS",
    "upgrade": "NULL_NA",
    "gnaf_pid": "GAWA_161925087",
    "ee": true,
    "tech_change_status": "Not Planned",
    "program_type": "Fixed Wireless and Satellite Upgrade Program",
    "target_eligibility_quarter": "NA"
   }
  },
  {
   "type": "Feature",
   "geometry": {
    "type": "Point",
    "coordinates": [
     115.99456217,
     -32.53434745
    ]
   },
   "properties": {
    "name": "LOT 1405 WHITTAKERS ROAD NORTH DANDALUP 6207",
    "locID": "LOC000107782527",
    "tech": "SATELLITE",
    "upgrade": "NULL_NA",
    "gnaf_pid": "GAWA_162396218",
    "ee": true,
    "tech_change_status": "Not Planned"
   }
  },
  {
   "type": "Feature",
   "geometry": {
    "type": "Point",
    "coordinates": [
     115.95561064,
     -32.51125469
    ]
   },
   "properties": {
    "name": "66 JENNIE PLACE NORTH DANDALUP 6207",
    "locID": "LOC000007059064",
    "tech": "WIRELESS",
    "upgrade": "NULL_NA",
    "gnaf_pid": "GAWA_162571316",
    "ee": true,
    "tech_change_status": "Not Planned",
    "program_type": "Fixed Wireless and Satellite Upgrade Program",
    "target_eligibility_quarter": "NA"
   }
  },
  {
   "type": "Feature",
   "geometry": {
    "type": "Point",
    "coordinates": [
     115.91033203,
     -32.49318632
    ]
   },
   "properties": {
    "name": "LOT 211 HOPELAND ROAD NORTH DANDALUP 6207",
    "locID": "LOC000035215329",
    "tech": "WIRELESS",
    "upgrade": "NULL_NA",
    "gnaf_pid": "GAWA_162790104",
    "ee": true,
    "tech_change_status": "Not Planned",
    "program_type": "Fixed Wireless and Satellite Upgrade Program",
    "target_eligibility_quarter": "NA"
   }
  },
  {
   "type": "Feature",
   "geometry": {
    "type": "Point",
    "coordinates": [
     115.91033203,
     -32.49318632
    ]
   },
   "properties": {
    "name": "LOT 212 HOPELAND ROAD NORTH DANDALUP 6207",
    "locID": "LOC000035215329",
    "tech": "WIRELESS",
    "upgrade": "NULL_NA",
    "gnaf_pid": "GAWA_162790105",
    "ee": true,
    "tech_change_status": "Not Planned",
    "program_type": "Fixed Wireless and Satellite Upgrade Program",
    "target_eligibility_quarter": "NA"
   }
  },
  {
   "type": "Feature",
   "geometry": {
    "type": "Point",
    "coordinates": [
     115.97091511,
     -32.49419849
    ]
   },
   "properties": {
    "name": "LOT 114 ATKINS ROAD NORTH DANDALUP 6207",
    "locID": "LOC000101693778",
    "tech": "WIRELESS",
    "upgrade": "NULL_NA",
    "gnaf_pid": "GAWA_162816813",
    "ee": true,
    "tech_change_status": "Not Planned",
    "program_type": "Fixed Wireless and Satellite Upgrade Program",
    "target_eligibility_quarter": "NA"
   }
  },
  {
   "type": "Feature",
   "geometry": {
    "type": "Point",
    "coordinates": [
     115.9585592,
     -32.51273443
    ]
   },
   "properties": {
    "name": "LOT 38 JENNIE PLACE NORTH DANDALUP 6207",
    "locID": "LOC000109397319",
    "tech": "WIRELESS",
    "upgrade": "NULL_NA",
    "gnaf_pid": "GAWA_162819122",
    "ee": true,
    "tech_change_status": "Not Planned",
    "program_type": "Fixed Wireless and Satellite Upgrade Program",
    "target_eligibility_quarter": "NA"
   }
  },
  {
   "type": "Feature",
   "geometry": {
    "type": "Point",
    "coordinates": [
     115.9746963,
     -32.51285793
    ]
   },
   "properties": {
    "name": "LOT 454 SOUTH WESTERN HIGHWAY NORTH DANDALUP 6207",
    "locID": "LOC000148368670",
    "tech": "WIRELESS",
    "upgrade": "NULL_NA",
    "gnaf_pid": "GAWA_162821343",
    "ee": true,
    "tech_change_status": "Not Planned",
    "program_type": "Fixed Wireless and Satellite Upgrade Program",
    "target_eligibility_quarter": "NA"
   }
  },
  {
   "type": "Feature",
   "geometry": {
    "type": "Point",
    "coordinates": [
     115.9746963,
     -32.51285793
    ]
   },
   "properties": {
    "name": "LOT 67 SOUTH WESTERN HIGHWAY NORTH DANDALUP 6207",
    "locID": "LOC000148368670",
    "tech": "WIRELESS",
    "upgrade": "NULL_NA",
    "gnaf_pid": "GAWA_162821344",
    "ee": true,
    "tech_change_status": "Not Planned",
    "program_type": "Fixed Wireless and Satellite Upgrade Program",
    "target_eligibility_quarter": "NA"
   }
  },
  {
   "type": "Feature",
   "geometry": {
    "type": "Point",
    "coordinates": [
     115.95714958,
     -32.51085335
    ]
   },
   "properties": {
    "name": "LOT 9 JENNIE PLACE NORTH DANDALUP 6207",
    "locID": "LOC000109632623",
    "tech": "WIRELESS",
    "upgrade": "NULL_NA",
    "gnaf_pid": "GAWA_162838984",
    "ee": true,
    "tech_change_status": "Not Planned",
    "program_type": "Fixed Wireless and Satellite Upgrade Program",
    "target_eligibility_quarter": "NA"
   }
  },
  {
   "type": "Feature",
   "geometry": {
    "type": "Point",
    "coordinates": [
     116.00888967,
     -32.50803603
    ]
   },
   "properties": {
    "name": "LOT 806 BROOK LOOKOUT NORTH DANDALUP 6207",
    "locID": "LOC000111076080",
    "tech": "WIRELESS",
    "upgrade": "NULL_NA",
    "gnaf_pid": "GAWA_163074686",
    "ee": true,
    "tech_change_status": "Not Planned",
    "program_type": "Fixed Wireless and Satellite Upgrade Program",
    "target_eligibility_quarter": "NA"
   }
  },
  {
   "type": "Feature",
   "geometry": {
    "type": "Point",
    "coordinates": [
     115.94052911,
     -32.50983016
    ]
   },
   "properties": {
    "name": "80 MCMAHON ROAD NORTH DANDALUP 6207",
    "locID": "LOC000055332396",
    "tech": "WIRELESS",
    "upgrade": "NULL_NA",
    "gnaf_pid": "GAWA_163156847",
    "ee": true,
    "tech_change_status": "Not Planned",
    "program_type": "Fixed Wireless and Satellite Upgrade Program",
    "target_eligibility_quarter": "NA"
   }
  },
  {
   "type": "Feature",
   "geometry": {
    "type": "Point",
    "coordinates": [
     116.00977344,
     -32.51074488
    ]
   },
   "properties": {
    "name": "LOT 803 BROOK LOOKOUT NORTH DANDALUP 6207",
    "locID": "LOC000111491089",
    "tech": "SATELLITE",
    "upgrade": "NULL_NA",
    "gnaf_pid": "GAWA_163238162",
    "ee": true,
    "tech_change_status": "Not Planned"
   }
  },
  {
   "type": "Feature",
   "geometry": {
    "type": "Point",
    "coordinates": [
     116.01007285,
     -32.50585699
    ]
   },
   "properties": {
    "name": "LOT 809 HINES ROAD NORTH DANDALUP 6207",
    "locID": "LOC100028159670",
    "tech": "SATELLITE",
    "upgrade": "NULL_NA",
    "gnaf_pid": "GAWA_163241014",
    "ee": true,
    "tech_change_status": "Not Planned"
   }
  },
  {
   "type": "Feature",
   "geometry": {
    "type": "Point",
    "coordinates": [
     115.92217605,
     -32.51284928
    ]
   },
   "properties": {
    "name": "53 AVOCA RETREAT NORTH DANDALUP 6207",
    "locID": "LOC000184121939",
    "tech": "WIRELESS",
    "upgrade": "NULL_NA",
    "gnaf_pid": "GAWA_163245191",
    "ee": true,
    "tech_change_status": "Not Planned",
    "program_type": "Fixed Wireless and Satellite Upgrade Program",
    "target_eligibility_quarter": "NA"
   }
  },
  {
   "type": "Feature",
   "geometry": {
    "type": "Point",
    "coordinates": [
     115.95700988,
     -32.51680339
    ]
   },
   "properties": {
    "name": "UNIT 2, 2168 LAKES ROAD NORTH DANDALUP 6207",
    "locID": "LOC000111005342",
    "tech": "WIRELESS",
    "upgrade": "NULL_NA",
    "gnaf_pid": "GAWA_163347666",
    "ee": true,
    "tech_change_status": "Not Planned",
    "program_type": "Fixed Wireless and Satellite Upgrade Program",
    "target_eligibility_quarter": "NA"
   }
  },
  {
   "type": "Feature",
   "geometry": {
    "type": "Point",
    "coordinates": [
     115.98547,
     -32.46573
    ]
   },
   "properties": {
    "name": "UNIT 1, 3607 SOUTH WESTERN HIGHWAY NORTH DANDALUP 6207",
    "locID": "LOC000148368670",
    "tech": "WIRELESS",
    "upgrade": "NULL_NA",
    "gnaf_pid": "GAWA_163348328",
    "ee": true,
    "tech_change_status": "Not Planned",
    "program_type": "Fixed Wireless and Satellite Upgrade Program",
    "target_eligibility_quarter": "NA"
   }
  },
  {
   "type": "Feature",
   "geometry": {
    "type": "Point",
    "coordinates": [
     115.98547,
     -32.46573
    ]
   },
   "properties": {
    "name": "UNIT 2, 3607 SOUTH WESTERN HIGHWAY NORTH DANDALUP 6207",
    "locID": "LOC000148368670",
    "tech": "WIRELESS",
    "upgrade": "NULL_NA",
    "gnaf_pid": "GAWA_163348329",
    "ee": true,
    "tech_change_status": "Not Planned",
    "program_type": "Fixed Wireless and Satellite Upgrade Program",
    "target_eligibility_quarter": "NA"
   }
  },
  {
   "type": "Feature",
   "geometry": {
    "type": "Point",
    "coordinates": [
     115.98547,
     -32.46573
    ]
   },
   "properties": {
    "name": "UNIT 3, 3607 SOUTH WESTERN HIGHWAY NORTH DANDALUP 6207",
    "locID": "LOC000113935241",
    "tech": "SATELLITE",
    "upgrade": "WIRELESS",
    "gnaf_pid": "GAWA_163348330",
    "ee": true,
    "tech_change_status": "Eligible to Order",
    "program_type": "Fixed Wireless and Satellite Upgrade Program",
    "target_eligibility_quarter": "NA"
   }
  },
  {
   "type": "Feature",
   "geometry": {
    "type": "Point",
    "coordinates": [
     115.98547,
     -32.46573
    ]
   },
   "properties": {
    "name": "UNIT 4, 3607 SOUTH WESTERN HIGHWAY NORTH DANDALUP 6207",
    "locID": "LOC000148368670",
    "tech": "WIRELESS",
    "upgrade": "NULL_NA",
    "gnaf_pid": "GAWA_163348331",
    "ee": true,
    "tech_change_status": "Not Planned",
    "program_type": "Fixed Wireless and Satellite Upgrade Program",
    "target_eligibility_quarter": "NA"
   }
  },
  {
   "type": "Feature",
   "geometry": {
    "type": "Point",
    "coordinates": [
     115.98547,
     -32.46573
    ]
   },
   "properties": {
    "name": "UNIT 5, 3607 SOUTH WESTERN HIGHWAY NORTH DANDALUP 6207",
    "locID": "LOC000148368670",
    "tech": "WIRELESS",
    "upgrade": "NULL_NA",
    "gnaf_pid": "GAWA_163348332",
    "ee": true,
    "tech_change_status": "Not Planned",
    "program_type": "Fixed Wireless and Satellite Upgrade Program",
    "target_eligibility_quarter": "NA"
   }
  },
  {
   "type": "Feature",
   "geometry": {
    "type": "Point",
    "coordinates": [
     115.98547,
     -32.46573
    ]
   },
   "properties": {
    "name": "UNIT 6, 3607 SOUTH WESTERN HIGHWAY NORTH DANDALUP 6207",
    "locID": "LOC000113935241",
    "tech": "SATELLITE",
    "upgrade": "WIRELESS",
    "gnaf_pid": "GAWA_163348333",
    "ee": true,
    "tech_change_status": "Eligible to Order",
    "program_type": "Fixed Wireless and Satellite Upgrade Program",
    "target_eligibility_quarter": "NA"
   }
  },
  {
   "type": "Feature",
   "geometry": {
    "type": "Point",
    "coordinates": [
     115.98547,
     -32.46573
    ]
   },
   "properties": {
    "name": "UNIT 7, 3607 SOUTH WESTERN HIGHWAY NORTH DANDALUP 6207",
    "locID": "LOC000148368670",
    "tech": "WIRELESS",
    "upgrade": "NULL_NA",
    "gnaf_pid": "GAWA_163348334",
    "ee": true,
    "tech_change_status": "Not Planned",
    "program_type": "Fixed Wireless and Satellite Upgrade Program",
    "target_eligibility_quarter": "NA"
   }
  },
  {
   "type": "Feature",
   "geometry": {
    "type": "Point",
    "coordinates": [
     115.98547,
     -32.46573
    ]
   },
   "properties": {
    "name": "UNIT 8, 3607 SOUTH WESTERN HIGHWAY NORTH DANDALUP 6207",
    "locID": "LOC000148368670",
    "tech": "WIRELESS",
    "upgrade": "NULL_NA",
    "gnaf_pid": "GAWA_163348335",
    "ee": true,
    "tech_change_status": "Not Planned",
    "program_type": "Fixed Wireless and Satellite Upgrade Program",
    "target_eligibility_quarter": "NA"
   }
  },
  {
   "type": "Feature",
   "geometry": {
    "type": "Point",
    "coordinates": [
     116.0048253,
     -32.50795256
    ]
   },
   "properties": {
    "name": "341 HINES ROAD NORTH DANDALUP 6207",
    "locID": "LOC000132864967",
    "tech": "WIRELESS",
    "upgrade": "NULL_NA",
    "gnaf_pid": "GAWA_718297518",
    "ee": true,
    "tech_change_status": "Not Planned",
    "program_type": "Fixed Wireless and Satellite Upgrade Program",
    "target_eligibility_quarter": "NA"
   }
  },
  {
   "type": "Feature",
   "geometry": {
    "type": "Point",
    "coordinates": [
     116.0048006,
     -32.50617499
    ]
   },
   "properties": {
    "name": "375 HINES ROAD NORTH DANDALUP 6207",
    "locID": "LOC000132864979",
    "tech": "SATELLITE",
    "upgrade": "WIRELESS",
    "gnaf_pid": "GAWA_718297519",
    "ee": true,
    "tech_change_status": "Eligible to Order",
    "program_type": "Fixed Wireless and Satellite Upgrade Program",
    "target_eligibility_quarter": "NA"
   }
  },
  {
   "type": "Feature",
   "geometry": {
    "type": "Point",
    "coordinates": [
     116.00818609,
     -32.50591873
    ]
   },
   "properties": {
    "name": "390 HINES ROAD NORTH DANDALUP 6207",
    "locID": "LOC000132868298",
    "tech": "WIRELESS",
    "upgrade": "NULL_NA",
    "gnaf_pid": "GAWA_718297520",
    "ee": true,
    "tech_change_status": "Not Planned",
    "program_type": "Fixed Wireless and Satellite Upgrade Program",
    "target_eligibility_quarter": "NA"
   }
  },
  {
   "type": "Feature",
   "geometry": {
    "type": "Point",
    "coordinates": [
     115.91689654,
     -32.48543845
    ]
   },
   "properties": {
    "name": "1491 HOPELAND ROAD NORTH DANDALUP 6207",
    "locID": "LOC100076943218",
    "tech": "WIRELESS",
    "upgrade": "NULL_NA",
    "gnaf_pid": "GAWA_718297545",
    "ee": true,
    "tech_change_status": "Not Planned",
    "program_type": "Fixed Wireless and Satellite Upgrade Program",
    "target_eligibility_quarter": "NA"
   }
  },
  {
   "type": "Feature",
   "geometry": {
    "type": "Point",
    "coordinates": [
     115.91998322,
     -32.48833265
    ]
   },
   "properties": {
    "name": "1523 HOPELAND ROAD NORTH DANDALUP 6207",
    "locID": "LOC000132797844",
    "tech": "WIRELESS",
    "upgrade": "NULL_NA",
    "gnaf_pid": "GAWA_718297546",
    "ee": true,
    "tech_change_status": "Not Planned",
    "program_type": "Fixed Wireless and Satellite Upgrade Program",
    "target_eligibility_quarter": "NA"
   }
  },
  {
   "type": "Feature",
   "geometry": {
    "type": "Point",
    "coordinates": [
     115.95487065,
     -32.51687268
    ]
   },
   "properties": {
    "name": "2164 LAKES ROAD NORTH DANDALUP 6207",
    "locID": "LOC000132864933",
    "tech": "WIRELESS",
    "upgrade": "NULL_NA",
    "gnaf_pid": "GAWA_718298000",
    "ee": true,
    "tech_change_status": "Not Planned",
    "program_type": "Fixed Wireless and Satellite Upgrade Program",
    "target_eligibility_quarter": "NA"
   }
  },
  {
   "type": "Feature",
   "geometry": {
    "type": "Point",
    "coordinates": [
     115.9902756,
     -32.50099907
    ]
   },
   "properties": {
    "name": "90 REIDES ROAD NORTH DANDALUP 6207",
    "locID": "LOC000132868331",
    "tech": "WIRELESS",
    "upgrade": "NULL_NA",
    "gnaf_pid": "GAWA_718299635",
    "ee": true,
    "tech_change_status": "Not Planned",
    "program_type": "Fixed Wireless and Satellite Upgrade Program",
    "target_eligibility_quarter": "NA"
   }
  },
  {
   "type": "Feature",
   "geometry": {
    "type": "Point",
    "coordinates": [
     115.97285772,
     -32.51889263
    ]
   },
   "properties": {
    "name": "4209 SOUTH WESTERN HIGHWAY NORTH DANDALUP 6207",
    "locID": "LOC000132868308",
    "tech": "WIRELESS",
    "upgrade": "NULL_NA",
    "gnaf_pid": "GAWA_718300084",
    "ee": true,
    "tech_change_status": "Not Planned",
    "program_type": "Fixed Wireless and Satellite Upgrade Program",
    "target_eligibility_quarter": "NA"
   }
  },
  {
   "type": "Feature",
   "geometry": {
    "type": "Point",
    "coordinates": [
     115.93625602,
     -32.50781231
    ]
   },
   "properties": {
    "name": "LOT 90 MCMAHON ROAD NORTH DANDALUP 6207",
    "locID": "LOC000173728409",
    "tech": "WIRELESS",
    "upgrade": "NULL_NA",
    "gnaf_pid": "GAWA_718485600",
    "ee": true,
    "tech_change_status": "Not Planned",
    "program_type": "Fixed Wireless and Satellite Upgrade Program",
    "target_eligibility_quarter": "NA"
   }
  },
  {
   "type": "Feature",
   "geometry": {
    "type": "Point",
    "coordinates": [
     115.93542398,
     -32.50886647
    ]
   },
   "properties": {
    "name": "91 MCMAHON ROAD NORTH DANDALUP 6207",
    "locID": "LOC000174450984",
    "tech": "WIRELESS",
    "upgrade": "NULL_NA",
    "gnaf_pid": "GAWA_718511887",
    "ee": true,
    "tech_change_status": "Not Planned",
    "program_type": "Fixed Wireless and Satellite Upgrade Program",
    "target_eligibility_quarter": "NA"
   }
  },
  {
   "type": "Feature",
   "geometry": {
    "type": "Point",
    "coordinates": [
     115.94734036,
     -32.55234737
    ]
   },
   "properties": {
    "name": "62 MONEY ROAD NORTH DANDALUP 6207",
    "locID": "LOC000175396636",
    "tech": "SATELLITE",
    "upgrade": "NULL_NA",
    "gnaf_pid": "GAWA_718638287",
    "ee": true,
    "tech_change_status": "Not Planned"
   }
  },
  {
   "type": "Feature",
   "geometry": {
    "type": "Point",
    "coordinates": [
     115.93625602,
     -32.50781231
    ]
   },
   "properties": {
    "name": "LOT 89 MCMAHON ROAD NORTH DANDALUP 6207",
    "locID": "LOC000177523419",
    "tech": "WIRELESS",
    "upgrade": "NULL_NA",
    "gnaf_pid": "GAWA_718641073",
    "ee": true,
    "tech_change_status": "Not Planned",
    "program_type": "Fixed Wireless and Satellite Upgrade Program",
    "target_eligibility_quarter": "NA"
   }
  },
  {
   "type": "Feature",
   "geometry": {
    "type": "Point",
    "coordinates": [
     115.93544661,
     -32.49900166
    ]
   },
   "properties": {
    "name": "429 READHEADS ROAD NORTH DANDALUP 6207",
    "locID": "LOC000190754937",
    "tech": "SATELLITE",
    "upgrade": "NULL_NA",
    "gnaf_pid": "GAWA_718641165",
    "ee": true,
    "tech_change_status": "Not Planned"
   }
  },
  {
   "type": "Feature",
   "geometry": {
    "type": "Point",
    "coordinates": [
     115.93440419,
     -32.49934924
    ]
   },
   "properties": {
    "name": "441 READHEADS ROAD NORTH DANDALUP 6207",
    "locID": "LOC000140713849",
    "tech": "WIRELESS",
    "upgrade": "NULL_NA",
    "gnaf_pid": "GAWA_718641166",
    "ee": true,
    "tech_change_status": "Not Planned",
    "program_type": "Fixed Wireless and Satellite Upgrade Program",
    "target_eligibility_quarter": "NA"
   }
  },
  {
   "type": "Feature",
   "geometry": {
    "type": "Point",
    "coordinates": [
     115.93542445,
     -32.50666971
    ]
   },
   "properties": {
    "name": "115 MCMAHON ROAD NORTH DANDALUP 6207",
    "locID": "LOC000168389322",
    "tech": "WIRELESS",
    "upgrade": "NULL_NA",
    "gnaf_pid": "GAWA_718677045",
    "ee": true,
    "tech_change_status": "Not Planned",
    "program_type": "Fixed Wireless and Satellite Upgrade Program",
    "target_eligibility_quarter": "NA"
   }
  },
  {
   "type": "Feature",
   "geometry": {
    "type": "Point",
    "coordinates": [
     115.96958629,
     -32.52133035
    ]
   },
   "properties": {
    "name": "1 SOUTH STREET NORTH DANDALUP 6207",
    "locID": "LOC000042070855",
    "tech": "WIRELESS",
    "upgrade": "NULL_NA",
    "gnaf_pid": "GAWA_718718285",
    "ee": true,
    "tech_change_status": "Not Planned",
    "program_type": "Fixed Wireless and Satellite Upgrade Program",
    "target_eligibility_quarter": "NA"
   }
  },
  {
   "type": "Feature",
   "geometry": {
    "type": "Point",
    "coordinates": [
     115.96958629,
     -32.52133035
    ]
   },
   "properties": {
    "name": "2 SOUTH STREET NORTH DANDALUP 6207",
    "locID": "LOC000091426452",
    "tech": "WIRELESS",
    "upgrade": "NULL_NA",
    "gnaf_pid": "GAWA_718718286",
    "ee": true,
    "tech_change_status": "Not Planned",
    "program_type": "Fixed Wireless and Satellite Upgrade Program",
    "target_eligibility_quarter": "NA"
   }
  },
  {
   "type": "Feature",
   "geometry": {
    "type": "Point",
    "coordinates": [
     116.00507491,
     -32.51186866
    ]
   },
   "properties": {
    "name": "298 HINES ROAD NORTH DANDALUP 6207",
    "locID": "LOC100027078173",
    "tech": "NULL",
    "upgrade": "NULL_NA",
    "gnaf_pid": "GAWA_718735406",
    "ee": true,
    "tech_change_status": "Not Planned"
   }
  },
  {
   "type": "Feature",
   "geometry": {
    "type": "Point",
    "coordinates": [
     115.93402424,
     -32.50926279
    ]
   },
   "properties": {
    "name": "52 GILBERT ROAD NORTH DANDALUP 6207",
    "locID": "LOC000154645088",
    "tech": "WIRELESS",
    "upgrade": "NULL_NA",
    "gnaf_pid": "GAWA_718755848",
    "ee": true,
    "tech_change_status": "Not Planned",
    "program_type": "Fixed Wireless and Satellite Upgrade Program",
    "target_eligibility_quarter": "NA"
   }
  },
  {
   "type": "Feature",
   "geometry": {
    "type": "Point",
    "coordinates": [
     115.93454955,
     -32.50354882
    ]
   },
   "properties": {
    "name": "17 HAMELIN ROAD NORTH DANDALUP 6207",
    "locID": "LOC000179808082",
    "tech": "WIRELESS",
    "upgrade": "NULL_NA",
    "gnaf_pid": "GAWA_718756144",
    "ee": true,
    "tech_change_status": "Not Planned",
    "program_type": "Fixed Wireless and Satellite Upgrade Program",
    "target_eligibility_quarter": "NA"
   }
  },
  {
   "type": "Feature",
   "geometry": {
    "type": "Point",
    "coordinates": [
     115.98062314,
     -32.53393128
    ]
   },
   "properties": {
    "name": "137 DEL PARK ROAD NORTH DANDALUP 6207",
    "locID": "LOC100071956775",
    "tech": "WIRELESS",
    "upgrade": "NULL_NA",
    "gnaf_pid": "GAWA_718786618",
    "ee": true,
    "tech_change_status": "Not Planned",
    "program_type": "Fixed Wireless and Satellite Upgrade Program",
    "target_eligibility_quarter": "NA"
   }
  },
  {
   "type": "Feature",
   "geometry": {
    "type": "Point",
    "coordinates": [
     115.96456117,
     -32.51467205
    ]
   },
   "properties": {
    "name": "18 BEAU SOVEREIGN COURT NORTH DANDALUP 6207",
    "locID": "LOC100071956377",
    "tech": "WIRELESS",
    "upgrade": "NULL_NA",
    "gnaf_pid": "GAWA_718820903",
    "ee": true,
    "tech_change_status": "Not Planned",
    "program_type": "Fixed Wireless and Satellite Upgrade Program",
    "target_eligibility_quarter": "NA"
   }
  },
  {
   "type": "Feature",
   "geometry": {
    "type": "Point",
    "coordinates": [
     115.93374573,
     -32.50454387
    ]
   },
   "properties": {
    "name": "102 GILBERT ROAD NORTH DANDALUP 6207",
    "locID": "LOC100087572486",
    "tech": "WIRELESS",
    "upgrade": "NULL_NA",
    "gnaf_pid": "GAWA_718824133",
    "ee": true,
    "tech_change_status": "Not Planned",
    "program_type": "Fixed Wireless and Satellite Upgrade Program",
    "target_eligibility_quarter": "NA"
   }
  },
  {
   "type": "Feature",
   "geometry": {
    "type": "Point",
    "coordinates": [
     115.9354445,
     -32.51326855
    ]
   },
   "properties": {
    "name": "41 MCMAHON ROAD NORTH DANDALUP 6207",
    "locID": "LOC000173787419",
    "tech": "WIRELESS",
    "upgrade": "NULL_NA",
    "gnaf_pid": "GAWA_718826512",
    "ee": true,
    "tech_change_status": "Not Planned",
    "program_type": "Fixed Wireless and Satellite Upgrade Program",
    "target_eligibility_quarter": "NA"
   }
  },
  {
   "type": "Feature",
   "geometry": {
    "type": "Point",
    "coordinates": [
     115.93231515,
     -32.49935348
    ]
   },
   "properties": {
    "name": "457 READHEADS ROAD NORTH DANDALUP 6207",
    "locID": "LOC000180874475",
    "tech": "WIRELESS",
    "upgrade": "NULL_NA",
    "gnaf_pid": "GAWA_718827942",
    "ee": true,
    "tech_change_status": "Not Planned",
    "program_type": "Fixed Wireless and Satellite Upgrade Program",
    "target_eligibility_quarter": "NA"
   }
  },
  {
   "type": "Feature",
   "geometry": {
    "type": "Point",
    "coordinates": [
     115.96958629,
     -32.52133035
    ]
   },
   "properties": {
    "name": "UNIT 1, 5 SOUTH STREET NORTH DANDALUP 6207",
    "locID": "LOC000089575178",
    "tech": "WIRELESS",
    "upgrade": "NULL_NA",
    "gnaf_pid": "GAWA_718834622",
    "ee": true,
    "tech_change_status": "Not Planned",
    "program_type": "Fixed Wireless and Satellite Upgrade Program",
    "target_eligibility_quarter": "NA"
   }
  },
  {
   "type": "Feature",
   "geometry": {
    "type": "Point",
    "coordinates": [
     115.96958629,
     -32.52133035
    ]
   },
   "properties": {
    "name": "UNIT 2, 5 SOUTH STREET NORTH DANDALUP 6207",
    "locID": "LOC000089575178",
    "tech": "WIRELESS",
    "upgrade": "NULL_NA",
    "gnaf_pid": "GAWA_718834623",
    "ee": true,
    "tech_change_status": "Not Planned",
    "program_type": "Fixed Wireless and Satellite Upgrade Program",
    "target_eligibility_quarter": "NA"
   }
  },
  {
   "type": "Feature",
   "geometry": {
    "type": "Point",
    "coordinates": [
     115.96958629,
     -32.52133035
    ]
   },
   "properties": {
    "name": "UNIT 3, 5 SOUTH STREET NORTH DANDALUP 6207",
    "locID": "LOC000089575178",
    "tech": "WIRELESS",
    "upgrade": "NULL_NA",
    "gnaf_pid": "GAWA_718834624",
    "ee": true,
    "tech_change_status": "Not Planned",
    "program_type": "Fixed Wireless and Satellite Upgrade Program",
    "target_eligibility_quarter": "NA"
   }
  },
  {
   "type": "Feature",
   "geometry": {
    "type": "Point",
    "coordinates": [
     115.96958629,
     -32.52133035
    ]
   },
   "properties": {
    "name": "UNIT 4, 5 SOUTH STREET NORTH DANDALUP 6207",
    "locID": "LOC000089575178",
    "tech": "WIRELESS",
    "upgrade": "NULL_NA",
    "gnaf_pid": "GAWA_718834625",
    "ee": true,
    "tech_change_status": "Not Planned",
    "program_type": "Fixed Wireless and Satellite Upgrade Program",
    "target_eligibility_quarter": "NA"
   }
  },
  {
   "type": "Feature",
   "geometry": {
    "type": "Point",
    "coordinates": [
     115.93109018,
     -32.50045806
    ]
   },
   "properties": {
    "name": "22 CHELSEA ROAD NORTH DANDALUP 6207",
    "locID": "LOC000174597854",
    "tech": "WIRELESS",
    "upgrade": "NULL_NA",
    "gnaf_pid": "GAWA_718870102",
    "ee": true,
    "tech_change_status": "Not Planned",
    "program_type": "Fixed Wireless and Satellite Upgrade Program",
    "target_eligibility_quarter": "NA"
   }
  },
  {
   "type": "Feature",
   "geometry": {
    "type": "Point",
    "coordinates": [
     115.93326147,
     -32.51334992
    ]
   },
   "properties": {
    "name": "30 FRANKLIN DRIVE NORTH DANDALUP 6207",
    "locID": "LOC000152782224",
    "tech": "WIRELESS",
    "upgrade": "NULL_NA",
    "gnaf_pid": "GAWA_718871028",
    "ee": true,
    "tech_change_status": "Not Planned",
    "program_type": "Fixed Wireless and Satellite Upgrade Program",
    "target_eligibility_quarter": "NA"
   }
  },
  {
   "type": "Feature",
   "geometry": {
    "type": "Point",
    "coordinates": [
     115.9327027,
     -32.51481701
    ]
   },
   "properties": {
    "name": "33 FRANKLIN DRIVE NORTH DANDALUP 6207",
    "locID": "LOC000173965018",
    "tech": "WIRELESS",
    "upgrade": "NULL_NA",
    "gnaf_pid": "GAWA_718871029",
    "ee": true,
    "tech_change_status": "Not Planned",
    "program_type": "Fixed Wireless and Satellite Upgrade Program",
    "target_eligibility_quarter": "NA"
   }
  },
  {
   "type": "Feature",
   "geometry": {
    "type": "Point",
    "coordinates": [
     115.93182507,
     -32.51247363
    ]
   },
   "properties": {
    "name": "11 GILBERT ROAD NORTH DANDALUP 6207",
    "locID": "LOC000178083890",
    "tech": "WIRELESS",
    "upgrade": "NULL_NA",
    "gnaf_pid": "GAWA_718871179",
    "ee": true,
    "tech_change_status": "Not Planned",
    "program_type": "Fixed Wireless and Satellite Upgrade Program",
    "target_eligibility_quarter": "NA"
   }
  },
  {
   "type": "Feature",
   "geometry": {
    "type": "Point",
    "coordinates": [
     115.93568398,
     -32.50348411
    ]
   },
   "properties": {
    "name": "7 HAMELIN ROAD NORTH DANDALUP 6207",
    "locID": "LOC000177550827",
    "tech": "WIRELESS",
    "upgrade": "NULL_NA",
    "gnaf_pid": "GAWA_718871376",
    "ee": true,
    "tech_change_status": "Not Planned",
    "program_type": "Fixed Wireless and Satellite Upgrade Program",
    "target_eligibility_quarter": "NA"
   }
  },
  {
   "type": "Feature",
   "geometry": {
    "type": "Point",
    "coordinates": [
     115.93370619,
     -32.51260798
    ]
   },
   "properties": {
    "name": "14 GILBERT ROAD NORTH DANDALUP 6207",
    "locID": "LOC000169824736",
    "tech": "WIRELESS",
    "upgrade": "NULL_NA",
    "gnaf_pid": "GAWA_718912763",
    "ee": true,
    "tech_change_status": "Not Planned",
    "program_type": "Fixed Wireless and Satellite Upgrade Program",
    "target_eligibility_quarter": "NA"
   }
  },
  {
   "type": "Feature",
   "geometry": {
    "type": "Point",
    "coordinates": [
     115.93436103,
     -32.5135467
    ]
   },
   "properties": {
    "name": "22 FRANKLIN DRIVE NORTH DANDALUP 6207",
    "locID": "LOC000168392399",
    "tech": "WIRELESS",
    "upgrade": "NULL_NA",
    "gnaf_pid": "GAWA_718946555",
    "ee": true,
    "tech_change_status": "Not Planned",
    "program_type": "Fixed Wireless and Satellite Upgrade Program",
    "target_eligibility_quarter": "NA"
   }
  },
  {
   "type": "Feature",
   "geometry": {
    "type": "Point",
    "coordinates": [
     115.93179919,
     -32.5033322
    ]
   },
   "properties": {
    "name": "37 HAMELIN ROAD NORTH DANDALUP 6207",
    "locID": "LOC000172721327",
    "tech": "WIRELESS",
    "upgrade": "NULL_NA",
    "gnaf_pid": "GAWA_718946834",
    "ee": true,
    "tech_change_status": "Not Planned",
    "program_type": "Fixed Wireless and Satellite Upgrade Program",
    "target_eligibility_quarter": "NA"
   }
  },
  {
   "type": "Feature",
   "geometry": {
    "type": "Point",
    "coordinates": [
     115.93542553,
     -32.50514554
    ]
   },
   "properties": {
    "name": "129 MCMAHON ROAD NORTH DANDALUP 6207",
    "locID": "LOC000153070523",
    "tech": "WIRELESS",
    "upgrade": "NULL_NA",
    "gnaf_pid": "GAWA_718947778",
    "ee": true,
    "tech_change_status": "Not Planned",
    "program_type": "Fixed Wireless and Satellite Upgrade Program",
    "target_eligibility_quarter": "NA"
   }
  },
  {
   "type": "Feature",
   "geometry": {
    "type": "Point",
    "coordinates": [
     115.9301474,
     -32.50596252
    ]
   },
   "properties": {
    "name": "43 WANDERING DRIVE NORTH DANDALUP 6207",
    "locID": "LOC000178260224",
    "tech": "WIRELESS",
    "upgrade": "NULL_NA",
    "gnaf_pid": "GAWA_718949655",
    "ee": true,
    "tech_change_status": "Not Planned",
    "program_type": "Fixed Wireless and Satellite Upgrade Program",
    "target_eligibility_quarter": "NA"
   }
  },
  {
   "type": "Feature",
   "geometry": {
    "type": "Point",
    "coordinates": [
     115.93015764,
     -32.50649473
    ]
   },
   "properties": {
    "name": "47 WANDERING DRIVE NORTH DANDALUP 6207",
    "locID": "LOC000173765900",
    "tech": "WIRELESS",
    "upgrade": "NULL_NA",
    "gnaf_pid": "GAWA_718949656",
    "ee": true,
    "tech_change_status": "Not Planned",
    "program_type": "Fixed Wireless and Satellite Upgrade Program",
    "target_eligibility_quarter": "NA"
   }
  },
  {
   "type": "Feature",
   "geometry": {
    "type": "Point",
    "coordinates": [
     115.93370812,
     -32.49939995
    ]
   },
   "properties": {
    "name": "443 READHEADS ROAD NORTH DANDALUP 6207",
    "locID": "LOC000169031513",
    "tech": "WIRELESS",
    "upgrade": "NULL_NA",
    "gnaf_pid": "GAWA_718960381",
    "ee": true,
    "tech_change_status": "Not Planned",
    "program_type": "Fixed Wireless and Satellite Upgrade Program",
    "target_eligibility_quarter": "NA"
   }
  },
  {
   "type": "Feature",
   "geometry": {
    "type": "Point",
    "coordinates": [
     115.93370044,
     -32.51188311
    ]
   },
   "properties": {
    "name": "20 GILBERT ROAD NORTH DANDALUP 6207",
    "locID": "LOC000174111684",
    "tech": "WIRELESS",
    "upgrade": "NULL_NA",
    "gnaf_pid": "GAWA_718961275",
    "ee": true,
    "tech_change_status": "Not Planned",
    "program_type": "Fixed Wireless and Satellite Upgrade Program",
    "target_eligibility_quarter": "NA"
   }
  },
  {
   "type": "Feature",
   "geometry": {
    "type": "Point",
    "coordinates": [
     115.9346961,
     -32.51491905
    ]
   },
   "properties": {
    "name": "17 FRANKLIN DRIVE NORTH DANDALUP 6207",
    "locID": "LOC100071956396",
    "tech": "WIRELESS",
    "upgrade": "NULL_NA",
    "gnaf_pid": "GAWA_719034901",
    "ee": true,
    "tech_change_status": "Not Planned",
    "program_type": "Fixed Wireless and Satellite Upgrade Program",
    "target_eligibility_quarter": "NA"
   }
  },
  {
   "type": "Feature",
   "geometry": {
    "type": "Point",
    "coordinates": [
     115.93543522,
     -32.50444281
    ]
   },
   "properties": {
    "name": "137 MCMAHON ROAD NORTH DANDALUP 6207",
    "locID": "LOC000167200354",
    "tech": "WIRELESS",
    "upgrade": "NULL_NA",
    "gnaf_pid": "GAWA_719035852",
    "ee": true,
    "tech_change_status": "Not Planned",
    "program_type": "Fixed Wireless and Satellite Upgrade Program",
    "target_eligibility_quarter": "NA"
   }
  },
  {
   "type": "Feature",
   "geometry": {
    "type": "Point",
    "coordinates": [
     115.93183824,
     -32.51330265
    ]
   },
   "properties": {
    "name": "7 GILBERT ROAD NORTH DANDALUP 6207",
    "locID": "LOC000186928809",
    "tech": "WIRELESS",
    "upgrade": "NULL_NA",
    "gnaf_pid": "GAWA_719039032",
    "ee": true,
    "tech_change_status": "Not Planned",
    "program_type": "Fixed Wireless and Satellite Upgrade Program",
    "target_eligibility_quarter": "NA"
   }
  },
  {
   "type": "Feature",
   "geometry": {
    "type": "Point",
    "coordinates": [
     115.93325894,
     -32.50824997
    ]
   },
   "properties": {
    "name": "LOT 124 GILBERT ROAD NORTH DANDALUP 6207",
    "locID": "LOC100081092727",
    "tech": "WIRELESS",
    "upgrade": "NULL_NA",
    "gnaf_pid": "GAWA_719044980",
    "ee": true,
    "tech_change_status": "Not Planned",
    "program_type": "Fixed Wireless and Satellite Upgrade Program",
    "target_eligibility_quarter": "NA"
   }
  },
  {
   "type": "Feature",
   "geometry": {
    "type": "Point",
    "coordinates": [
     115.93625602,
     -32.50781231
    ]
   },
   "properties": {
    "name": "LOT 111 MCMAHON ROAD NORTH DANDALUP 6207",
    "locID": "LOC000186393315",
    "tech": "WIRELESS",
    "upgrade": "NULL_NA",
    "gnaf_pid": "GAWA_719045073",
    "ee": true,
    "tech_change_status": "Not Planned",
    "program_type": "Fixed Wireless and Satellite Upgrade Program",
    "target_eligibility_quarter": "NA"
   }
  },
  {
   "type": "Feature",
   "geometry": {
    "type": "Point",
    "coordinates": [
     115.92975931,
     -32.50213358
    ]
   },
   "properties": {
    "name": "LOT 88 HAMELIN ROAD NORTH DANDALUP 6207",
    "locID": "LOC000170930641",
    "tech": "WIRELESS",
    "upgrade": "NULL_NA",
    "gnaf_pid": "GAWA_719045459",
    "ee": true,
    "tech_change_status": "Not Planned",
    "program_type": "Fixed Wireless and Satellite Upgrade Program",
    "target_eligibility_quarter": "NA"
   }
  },
  {
   "type": "Feature",
   "geometry": {
    "type": "Point",
    "coordinates": [
     115.93625602,
     -32.50781231
    ]
   },
   "properties": {
    "name": "LOT 118 MCMAHON ROAD NORTH DANDALUP 6207",
    "locID": "LOC000185184476",
    "tech": "WIRELESS",
    "upgrade": "NULL_NA",
    "gnaf_pid": "GAWA_719045460",
    "ee": true,
    "tech_change_status": "Not Planned",
    "program_type": "Fixed Wireless and Satellite Upgrade Program",
    "target_eligibility_quarter": "NA"
   }
  },
  {
   "type": "Feature",
   "geometry": {
    "type": "Point",
    "coordinates": [
     115.93199711,
     -32.50668297
    ]
   },
   "properties": {
    "name": "81 GILBERT ROAD NORTH DANDALUP 6207",
    "locID": "LOC000154980353",
    "tech": "WIRELESS",
    "upgrade": "NULL_NA",
    "gnaf_pid": "GAWA_719055564",
    "ee": true,
    "tech_change_status": "Not Planned",
    "program_type": "Fixed Wireless and Satellite Upgrade Program",
    "target_eligibility_quarter": "NA"
   }
  },
  {
   "type": "Feature",
   "geometry": {
    "type": "Point",
    "coordinates": [
     115.93377557,
     -32.50568669
    ]
   },
   "properties": {
    "name": "92 GILBERT ROAD NORTH DANDALUP 6207",
    "locID": "LOC000154114103",
    "tech": "WIRELESS",
    "upgrade": "NULL_NA",
    "gnaf_pid": "GAWA_719146385",
    "ee": true,
    "tech_change_status": "Not Planned",
    "program_type": "Fixed Wireless and Satellite Upgrade Program",
    "target_eligibility_quarter": "NA"
   }
  },
  {
   "type": "Feature",
   "geometry": {
    "type": "Point",
    "coordinates": [
     115.92854632,
     -32.51474778
    ]
   },
   "properties": {
    "name": "LOT 15 LARKIN CLOSE NORTH DANDALUP 6207",
    "locID": "LOC100084898985",
    "tech": "WIRELESS",
    "upgrade": "NULL_NA",
    "gnaf_pid": "GAWA_719170289",
    "ee": true,
    "tech_change_status": "Not Planned",
    "program_type": "Fixed Wireless and Satellite Upgrade Program",
    "target_eligibility_quarter": "NA"
   }
  },
  {
   "type": "Feature",
   "geometry": {
    "type": "Point",
    "coordinates": [
     115.92854632,
     -32.51474778
    ]
   },
   "properties": {
    "name": "LOT 17 LARKIN CLOSE NORTH DANDALUP 6207",
    "locID": "LOC000165619538",
    "tech": "WIRELESS",
    "upgrade": "NULL_NA",
    "gnaf_pid": "GAWA_719170388",
    "ee": true,
    "tech_change_status": "Not Planned",
    "program_type": "Fixed Wireless and Satellite Upgrade Program",
    "target_eligibility_quarter": "NA"
   }
  },
  {
   "type": "Feature",
   "geometry": {
    "type": "Point",
    "coordinates": [
     115.93297908,
     -32.50042515
    ]
   },
   "properties": {
    "name": "19 CHELSEA ROAD NORTH DANDALUP 6207",
    "locID": "LOC100036484855",
    "tech": "WIRELESS",
    "upgrade": "NULL_NA",
    "gnaf_pid": "GAWA_719303640",
    "ee": true,
    "tech_change_status": "Not Planned",
    "program_type": "Fixed Wireless and Satellite Upgrade Program",
    "target_eligibility_quarter": "NA"
   }
  },
  {
   "type": "Feature",
   "geometry": {
    "type": "Point",
    "coordinates": [
     115.92931974,
     -32.51308342
    ]
   },
   "properties": {
    "name": "68 FRANKLIN DRIVE NORTH DANDALUP 6207",
    "locID": "LOC000168953808",
    "tech": "WIRELESS",
    "upgrade": "NULL_NA",
    "gnaf_pid": "GAWA_719306934",
    "ee": true,
    "tech_change_status": "Not Planned",
    "program_type": "Fixed Wireless and Satellite Upgrade Program",
    "target_eligibility_quarter": "NA"
   }
  },
  {
   "type": "Feature",
   "geometry": {
    "type": "Point",
    "coordinates": [
     115.93544761,
     -32.49969992
    ]
   },
   "properties": {
    "name": "191 MCMAHON ROAD NORTH DANDALUP 6207",
    "locID": "LOC000171208811",
    "tech": "WIRELESS",
    "upgrade": "NULL_NA",
    "gnaf_pid": "GAWA_719403378",
    "ee": true,
    "tech_change_status": "Not Planned",
    "program_type": "Fixed Wireless and Satellite Upgrade Program",
    "target_eligibility_quarter": "NA"
   }
  },
  {
   "type": "Feature",
   "geometry": {
    "type": "Point",
    "coordinates": [
     115.93086039,
     -32.5130904
    ]
   },
   "properties": {
    "name": "52 FRANKLIN DRIVE NORTH DANDALUP 6207",
    "locID": "LOC100056790905",
    "tech": "WIRELESS",
    "upgrade": "NULL_NA",
    "gnaf_pid": "GAWA_719404467",
    "ee": true,
    "tech_change_status": "Not Planned",
    "program_type": "Fixed Wireless and Satellite Upgrade Program",
    "target_eligibility_quarter": "NA"
   }
  },
  {
   "type": "Feature",
   "geometry": {
    "type": "Point",
    "coordinates": [
     115.95734635,
     -32.55345374
    ]
   },
   "properties": {
    "name": "57 WADES ROAD NORTH DANDALUP 6207",
    "locID": "LOC100057814067",
    "tech": "WIRELESS",
    "upgrade": "NULL_NA",
    "gnaf_pid": "GAWA_719404712",
    "ee": true,
    "tech_change_status": "Not Planned",
    "program_type": "Fixed Wireless and Satellite Upgrade Program",
    "target_eligibility_quarter": "NA"
   }
  },
  {
   "type": "Feature",
   "geometry": {
    "type": "Point",
    "coordinates": [
     115.93331072,
     -32.50356009
    ]
   },
   "properties": {
    "name": "116 GILBERT ROAD NORTH DANDALUP 6207",
    "locID": "LOC000173861829",
    "tech": "WIRELESS",
    "upgrade": "NULL_NA",
    "gnaf_pid": "GAWA_719404883",
    "ee": true,
    "tech_change_status": "Not Planned",
    "program_type": "Fixed Wireless and Satellite Upgrade Program",
    "target_eligibility_quarter": "NA"
   }
  },
  {
   "type": "Feature",
   "geometry": {
    "type": "Point",
    "coordinates": [
     115.92832153,
     -32.50487495
    ]
   },
   "properties": {
    "name": "30 WANDERING DRIVE NORTH DANDALUP 6207",
    "locID": "LOC000185088022",
    "tech": "WIRELESS",
    "upgrade": "NULL_NA",
    "gnaf_pid": "GAWA_719497702",
    "ee": true,
    "tech_change_status": "Not Planned",
    "program_type": "Fixed Wireless and Satellite Upgrade Program",
    "target_eligibility_quarter": "NA"
   }
  },
  {
   "type": "Feature",
   "geometry": {
    "type": "Point",
    "coordinates": [
     115.93083892,
     -32.51649672
    ]
   },
   "properties": {
    "name": "22 MOLLOY CLOSE NORTH DANDALUP 6207",
    "locID": "LOC000174898644",
    "tech": "WIRELESS",
    "upgrade": "NULL_NA",
    "gnaf_pid": "GAWA_719500785",
    "ee": true,
    "tech_change_status": "Not Planned",
    "program_type": "Fixed Wireless and Satellite Upgrade Program",
    "target_eligibility_quarter": "NA"
   }
  },
  {
   "type": "Feature",
   "geometry": {
    "type": "Point",
    "coordinates": [
     115.93182908,
     -32.50547644
    ]
   },
   "properties": {
    "name": "95 GILBERT ROAD NORTH DANDALUP 6207",
    "locID": "LOC000174359924",
    "tech": "WIRELESS",
    "upgrade": "NULL_NA",
    "gnaf_pid": "GAWA_719501382",
    "ee": true,
    "tech_change_status": "Not Planned",
    "program_type": "Fixed Wireless and Satellite Upgrade Program",
    "target_eligibility_quarter": "NA"
   }
  },
  {
   "type": "Feature",
   "geometry": {
    "type": "Point",
    "coordinates": [
     115.92992561,
     -32.514823
    ]
   },
   "properties": {
    "name": "61 FRANKLIN DRIVE NORTH DANDALUP 6207",
    "locID": "LOC100071956383",
    "tech": "WIRELESS",
    "upgrade": "NULL_NA",
    "gnaf_pid": "GAWA_719504920",
    "ee": true,
    "tech_change_status": "Not Planned",
    "program_type": "Fixed Wireless and Satellite Upgrade Program",
    "target_eligibility_quarter": "NA"
   }
  },
  {
   "type": "Feature",
   "geometry": {
    "type": "Point",
    "coordinates": [
     115.92807996,
     -32.50180976
    ]
   },
   "properties": {
    "name": "78 HAMELIN ROAD NORTH DANDALUP 6207",
    "locID": "LOC000184038181",
    "tech": "WIRELESS",
    "upgrade": "NULL_NA",
    "gnaf_pid": "GAWA_719505017",
    "ee": true,
    "tech_change_status": "Not Planned",
    "program_type": "Fixed Wireless and Satellite Upgrade Program",
    "target_eligibility_quarter": "NA"
   }
  },
  {
   "type": "Feature",
   "geometry": {
    "type": "Point",
    "coordinates": [
     115.93302216,
     -32.50111387
    ]
   },
   "properties": {
    "name": "27 CHELSEA ROAD NORTH DANDALUP 6207",
    "locID": "LOC000176875872",
    "tech": "WIRELESS",
    "upgrade": "NULL_NA",
    "gnaf_pid": "GAWA_719646307",
    "ee": true,
    "tech_change_status": "Not Planned",
    "program_type": "Fixed Wireless and Satellite Upgrade Program",
    "target_eligibility_quarter": "NA"
   }
  },
  {
   "type": "Feature",
   "geometry": {
    "type": "Point",
    "coordinates": [
     115.93383345,
     -32.5062584
    ]
   },
   "properties": {
    "name": "84 GILBERT ROAD NORTH DANDALUP 6207",
    "locID": "LOC000176171461",
    "tech": "WIRELESS",
    "upgrade": "NULL_NA",
    "gnaf_pid": "GAWA_719674983",
    "ee": true,
    "tech_change_status": "Not Planned",
    "program_type": "Fixed Wireless and Satellite Upgrade Program",
    "target_eligibility_quarter": "NA"
   }
  },
  {
   "type": "Feature",
   "geometry": {
    "type": "Point",
    "coordinates": [
     115.92865997,
     -32.51283858
    ]
   },
   "properties": {
    "name": "78 FRANKLIN DRIVE NORTH DANDALUP 6207",
    "locID": "LOC000177787089",
    "tech": "WIRELESS",
    "upgrade": "NULL_NA",
    "gnaf_pid": "GAWA_719675945",
    "ee": true,
    "tech_change_status": "Not Planned",
    "program_type": "Fixed Wireless and Satellite Upgrade Program",
    "target_eligibility_quarter": "NA"
   }
  },
  {
   "type": "Feature",
   "geometry": {
    "type": "Point",
    "coordinates": [
     115.92390852,
     -32.50629694
    ]
   },
   "properties": {
    "name": "120 AVOCA RETREAT NORTH DANDALUP 6207",
    "locID": "LOC000142808920",
    "tech": "SATELLITE",
    "upgrade": "WIRELESS",
    "gnaf_pid": "GAWA_719676036",
    "ee": true,
    "tech_change_status": "Eligible to Order",
    "program_type": "Fixed Wireless and Satellite Upgrade Program",
    "target_eligibility_quarter": "NA"
   }
  },
  {
   "type": "Feature",
   "geometry": {
    "type": "Point",
    "coordinates": [
     115.93542255,
     -32.50988222
    ]
   },
   "properties": {
    "name": "81 MCMAHON ROAD NORTH DANDALUP 6207",
    "locID": "LOC000176096117",
    "tech": "WIRELESS",
    "upgrade": "NULL_NA",
    "gnaf_pid": "GAWA_719676608",
    "ee": true,
    "tech_change_status": "Not Planned",
    "program_type": "Fixed Wireless and Satellite Upgrade Program",
    "target_eligibility_quarter": "NA"
   }
  },
  {
   "type": "Feature",
   "geometry": {
    "type": "Point",
    "coordinates": [
     115.93542476,
     -32.50852803
    ]
   },
   "properties": {
    "name": "95 MCMAHON ROAD NORTH DANDALUP 6207",
    "locID": "LOC000182435745",
    "tech": "WIRELESS",
    "upgrade": "NULL_NA",
    "gnaf_pid": "GAWA_719678541",
    "ee": true,
    "tech_change_status": "Not Planned",
    "program_type": "Fixed Wireless and Satellite Upgrade Program",
    "target_eligibility_quarter": "NA"
   }
  },
  {
   "type": "Feature",
   "geometry": {
    "type": "Point",
    "coordinates": [
     115.93377631,
     -32.51113048
    ]
   },
   "properties": {
    "name": "32 GILBERT ROAD NORTH DANDALUP 6207",
    "locID": "LOC000177365407",
    "tech": "WIRELESS",
    "upgrade": "NULL_NA",
    "gnaf_pid": "GAWA_719678572",
    "ee": true,
    "tech_change_status": "Not Planned",
    "program_type": "Fixed Wireless and Satellite Upgrade Program",
    "target_eligibility_quarter": "NA"
   }
  },
  {
   "type": "Feature",
   "geometry": {
    "type": "Point",
    "coordinates": [
     115.93001394,
     -32.5047872
    ]
   },
   "properties": {
    "name": "27 WANDERING DRIVE NORTH DANDALUP 6207",
    "locID": "LOC000179067730",
    "tech": "WIRELESS",
    "upgrade": "NULL_NA",
    "gnaf_pid": "GAWA_719779059",
    "ee": true,
    "tech_change_status": "Not Planned",
    "program_type": "Fixed Wireless and Satellite Upgrade Program",
    "target_eligibility_quarter": "NA"
   }
  },
  {
   "type": "Feature",
   "geometry": {
    "type": "Point",
    "coordinates": [
     115.92994158,
     -32.51379986
    ]
   },
   "properties": {
    "name": "LOT 19 FRANKLIN DRIVE NORTH DANDALUP 6207",
    "locID": "LOC000179701614",
    "tech": "WIRELESS",
    "upgrade": "NULL_NA",
    "gnaf_pid": "GAWA_719783077",
    "ee": true,
    "tech_change_status": "Not Planned",
    "program_type": "Fixed Wireless and Satellite Upgrade Program",
    "target_eligibility_quarter": "NA"
   }
  },
  {
   "type": "Feature",
   "geometry": {
    "type": "Point",
    "coordinates": [
     115.94507146,
     -32.49655218
    ]
   },
   "properties": {
    "name": "29 ST BLAISE GROVE NORTH DANDALUP 6207",
    "locID": "LOC000172890971",
    "tech": "WIRELESS",
    "upgrade": "NULL_NA",
    "gnaf_pid": "GAWA_719854165",
    "ee": true,
    "tech_change_status": "Not Planned",
    "program_type": "Fixed Wireless and Satellite Upgrade Program",
    "target_eligibility_quarter": "NA"
   }
  },
  {
   "type": "Feature",
   "geometry": {
    "type": "Point",
    "coordinates": [
     115.92800402,
     -32.51453933
    ]
   },
   "properties": {
    "name": "6 LARKIN CLOSE NORTH DANDALUP 6207",
    "locID": "LOC100071956365",
    "tech": "WIRELESS",
    "upgrade": "NULL_NA",
    "gnaf_pid": "GAWA_719857062",
    "ee": true,
    "tech_change_status": "Not Planned",
    "program_type": "Fixed Wireless and Satellite Upgrade Program",
    "target_eligibility_quarter": "NA"
   }
  },
  {
   "type": "Feature",
   "geometry": {
    "type": "Point",
    "coordinates": [
     115.92952635,
     -32.50287059
    ]
   },
   "properties": {
    "name": "9 WANDERING DRIVE NORTH DANDALUP 6207",
    "locID": "LOC000178238026",
    "tech": "WIRELESS",
    "upgrade": "NULL_NA",
    "gnaf_pid": "GAWA_719857119",
    "ee": true,
    "tech_change_status": "Not Planned",
    "program_type": "Fixed Wireless and Satellite Upgrade Program",
    "target_eligibility_quarter": "NA"
   }
  },
  {
   "type": "Feature",
   "geometry": {
    "type": "Point",
    "coordinates": [
     115.93542212,
     -32.51191282
    ]
   },
   "properties": {
    "name": "55 MCMAHON ROAD NORTH DANDALUP 6207",
    "locID": "LOC000185640837",
    "tech": "WIRELESS",
    "upgrade": "NULL_NA",
    "gnaf_pid": "GAWA_719857951",
    "ee": true,
    "tech_change_status": "Not Planned",
    "program_type": "Fixed Wireless and Satellite Upgrade Program",
    "target_eligibility_quarter": "NA"
   }
  },
  {
   "type": "Feature",
   "geometry": {
    "type": "Point",
    "coordinates": [
     115.93325894,
     -32.50824997
    ]
   },
   "properties": {
    "name": "LOT 65 GILBERT ROAD NORTH DANDALUP 6207",
    "locID": "LOC000177971547",
    "tech": "WIRELESS",
    "upgrade": "NULL_NA",
    "gnaf_pid": "GAWA_719864826",
    "ee": true,
    "tech_change_status": "Not Planned",
    "program_type": "Fixed Wireless and Satellite Upgrade Program",
    "target_eligibility_quarter": "NA"
   }
  },
  {
   "type": "Feature",
   "geometry": {
    "type": "Point",
    "coordinates": [
     115.93162118,
     -32.50487947
    ]
   },
   "properties": {
    "name": "97 GILBERT ROAD NORTH DANDALUP 6207",
    "locID": "LOC000183753933",
    "tech": "WIRELESS",
    "upgrade": "NULL_NA",
    "gnaf_pid": "GAWA_719967130",
    "ee": true,
    "tech_change_status": "Not Planned",
    "program_type": "Fixed Wireless and Satellite Upgrade Program",
    "target_eligibility_quarter": "NA"
   }
  },
  {
   "type": "Feature",
   "geometry": {
    "type": "Point",
    "coordinates": [
     115.92383615,
     -32.50994944
    ]
   },
   "properties": {
    "name": "76 AVOCA RETREAT NORTH DANDALUP 6207",
    "locID": "LOC000181503881",
    "tech": "WIRELESS",
    "upgrade": "NULL_NA",
    "gnaf_pid": "GAWA_720047492",
    "ee": true,
    "tech_change_status": "Not Planned",
    "program_type": "Fixed Wireless and Satellite Upgrade Program",
    "target_eligibility_quarter": "NA"
   }
  },
  {
   "type": "Feature",
   "geometry": {
    "type": "Point",
    "coordinates": [
     115.93008542,
     -32.51308087
    ]
   },
   "properties": {
    "name": "60 FRANKLIN DRIVE NORTH DANDALUP 6207",
    "locID": "LOC100056892809",
    "tech": "WIRELESS",
    "upgrade": "NULL_NA",
    "gnaf_pid": "GAWA_720047516",
    "ee": true,
    "tech_change_status": "Not Planned",
    "program_type": "Fixed Wireless and Satellite Upgrade Program",
    "target_eligibility_quarter": "NA"
   }
  },
  {
   "type": "Feature",
   "geometry": {
    "type": "Point",
    "coordinates": [
     115.92560521,
     -32.507342
    ]
   },
   "properties": {
    "name": "67 BOLLIONG GROVE NORTH DANDALUP 6207",
    "locID": "LOC000181115825",
    "tech": "WIRELESS",
    "upgrade": "NULL_NA",
    "gnaf_pid": "GAWA_720047609",
    "ee": true,
    "tech_change_status": "Not Planned",
    "program_type": "Fixed Wireless and Satellite Upgrade Program",
    "target_eligibility_quarter": "NA"
   }
  },
  {
   "type": "Feature",
   "geometry": {
    "type": "Point",
    "coordinates": [
     115.93138186,
     -32.49935093
    ]
   },
   "properties": {
    "name": "10 CHELSEA ROAD NORTH DANDALUP 6207",
    "locID": "LOC000181201898",
    "tech": "WIRELESS",
    "upgrade": "NULL_NA",
    "gnaf_pid": "GAWA_720106741",
    "ee": true,
    "tech_change_status": "Not Planned",
    "program_type": "Fixed Wireless and Satellite Upgrade Program",
    "target_eligibility_quarter": "NA"
   }
  },
  {
   "type": "Feature",
   "geometry": {
    "type": "Point",
    "coordinates": [
     115.9307757,
     -32.514825
    ]
   },
   "properties": {
    "name": "4 MOLLOY CLOSE NORTH DANDALUP 6207",
    "locID": "LOC100072917757",
    "tech": "WIRELESS",
    "upgrade": "NULL_NA",
    "gnaf_pid": "GAWA_720108033",
    "ee": true,
    "tech_change_status": "Not Planned",
    "program_type": "Fixed Wireless and Satellite Upgrade Program",
    "target_eligibility_quarter": "NA"
   }
  },
  {
   "type": "Feature",
   "geometry": {
    "type": "Point",
    "coordinates": [
     115.93016774,
     -32.50702651
    ]
   },
   "properties": {
    "name": "51 WANDERING DRIVE NORTH DANDALUP 6207",
    "locID": "LOC000181141104",
    "tech": "WIRELESS",
    "upgrade": "NULL_NA",
    "gnaf_pid": "GAWA_720108854",
    "ee": true,
    "tech_change_status": "Not Planned",
    "program_type": "Fixed Wireless and Satellite Upgrade Program",
    "target_eligibility_quarter": "NA"
   }
  },
  {
   "type": "Feature",
   "geometry": {
    "type": "Point",
    "coordinates": [
     115.92826054,
     -32.50644405
    ]
   },
   "properties": {
    "name": "46 WANDERING DRIVE NORTH DANDALUP 6207",
    "locID": "LOC000182460381",
    "tech": "WIRELESS",
    "upgrade": "NULL_NA",
    "gnaf_pid": "GAWA_720111037",
    "ee": true,
    "tech_change_status": "Not Planned",
    "program_type": "Fixed Wireless and Satellite Upgrade Program",
    "target_eligibility_quarter": "NA"
   }
  },
  {
   "type": "Feature",
   "geometry": {
    "type": "Point",
    "coordinates": [
     115.92293754,
     -32.50783328
    ]
   },
   "properties": {
    "name": "LOT 92 AVOCA RETREAT NORTH DANDALUP 6207",
    "locID": "LOC000185841829",
    "tech": "SATELLITE",
    "upgrade": "WIRELESS",
    "gnaf_pid": "GAWA_720111175",
    "ee": true,
    "tech_change_status": "Eligible to Order",
    "program_type": "Fixed Wireless and Satellite Upgrade Program",
    "target_eligibility_quarter": "NA"
   }
  },
  {
   "type": "Feature",
   "geometry": {
    "type": "Point",
    "coordinates": [
     115.92909394,
     -32.50674673
    ]
   },
   "properties": {
    "name": "LOT 41 WANDERING DRIVE NORTH DANDALUP 6207",
    "locID": "LOC000178701559",
    "tech": "WIRELESS",
    "upgrade": "NULL_NA",
    "gnaf_pid": "GAWA_720111194",
    "ee": true,
    "tech_change_status": "Not Planned",
    "program_type": "Fixed Wireless and Satellite Upgrade Program",
    "target_eligibility_quarter": "NA"
   }
  },
  {
   "type": "Feature",
   "geometry": {
    "type": "Point",
    "coordinates": [
     115.92994158,
     -32.51379986
    ]
   },
   "properties": {
    "name": "4 FRANKLIN DRIVE NORTH DANDALUP 6207",
    "locID": "LOC000187769084",
    "tech": "WIRELESS",
    "upgrade": "NULL_NA",
    "gnaf_pid": "GAWA_720164899",
    "ee": true,
    "tech_change_status": "Not Planned",
    "program_type": "Fixed Wireless and Satellite Upgrade Program",
    "target_eligibility_quarter": "NA"
   }
  },
  {
   "type": "Feature",
   "geometry": {
    "type": "Point",
    "coordinates": [
     115.93017312,
     -32.50755945
    ]
   },
   "properties": {
    "name": "59 WANDERING DRIVE NORTH DANDALUP 6207",
    "locID": "LOC000182909133",
    "tech": "WIRELESS",
    "upgrade": "NULL_NA",
    "gnaf_pid": "GAWA_720246270",
    "ee": true,
    "tech_change_status": "Not Planned",
    "program_type": "Fixed Wireless and Satellite Upgrade Program",
    "target_eligibility_quarter": "NA"
   }
  },
  {
   "type": "Feature",
   "geometry": {
    "type": "Point",
    "coordinates": [
     115.93325894,
     -32.50824997
    ]
   },
   "properties": {
    "name": "LOT 26 GILBERT ROAD NORTH DANDALUP 6207",
    "locID": "LOC000172567477",
    "tech": "WIRELESS",
    "upgrade": "NULL_NA",
    "gnaf_pid": "GAWA_720246978",
    "ee": true,
    "tech_change_status": "Not Planned",
    "program_type": "Fixed Wireless and Satellite Upgrade Program",
    "target_eligibility_quarter": "NA"
   }
  },
  {
   "type": "Feature",
   "geometry": {
    "type": "Point",
    "coordinates": [
     115.93542194,
     -32.51132056
    ]
   },
   "properties": {
    "name": "63 MCMAHON ROAD NORTH DANDALUP 6207",
    "locID": "LOC000153786300",
    "tech": "WIRELESS",
    "upgrade": "NULL_NA",
    "gnaf_pid": "GAWA_720247266",
    "ee": true,
    "tech_change_status": "Not Planned",
    "program_type": "Fixed Wireless and Satellite Upgrade Program",
    "target_eligibility_quarter": "NA"
   }
  },
  {
   "type": "Feature",
   "geometry": {
    "type": "Point",
    "coordinates": [
     116.00794318,
     -32.50859839
    ]
   },
   "properties": {
    "name": "80 BROOK LOOKOUT NORTH DANDALUP 6207",
    "locID": "LOC000110702696",
    "tech": "NULL",
    "upgrade": "NULL_NA",
    "gnaf_pid": "GAWA_720247321",
    "ee": true,
    "tech_change_status": "Not Planned"
   }
  },
  {
   "type": "Feature",
   "geometry": {
    "type": "Point",
    "coordinates": [
     115.92995438,
     -32.51179608
    ]
   },
   "properties": {
    "name": "100 WANDERING DRIVE NORTH DANDALUP 6207",
    "locID": "LOC000184016215",
    "tech": "WIRELESS",
    "upgrade": "NULL_NA",
    "gnaf_pid": "GAWA_720277273",
    "ee": true,
    "tech_change_status": "Not Planned",
    "program_type": "Fixed Wireless and Satellite Upgrade Program",
    "target_eligibility_quarter": "NA"
   }
  },
  {
   "type": "Feature",
   "geometry": {
    "type": "Point",
    "coordinates": [
     115.92239117,
     -32.51042455
    ]
   },
   "properties": {
    "name": "75 AVOCA RETREAT NORTH DANDALUP 6207",
    "locID": "LOC000185061658",
    "tech": "WIRELESS",
    "upgrade": "NULL_NA",
    "gnaf_pid": "GAWA_720277813",
    "ee": true,
    "tech_change_status": "Not Planned",
    "program_type": "Fixed Wireless and Satellite Upgrade Program",
    "target_eligibility_quarter": "NA"
   }
  },
  {
   "type": "Feature",
   "geometry": {
    "type": "Point",
    "coordinates": [
     115.96993674,
     -32.51959572
    ]
   },
   "properties": {
    "name": "18 CENTRAL AVENUE NORTH DANDALUP 6207",
    "locID": "LOC000184988100",
    "tech": "WIRELESS",
    "upgrade": "NULL_NA",
    "gnaf_pid": "GAWA_720277914",
    "ee": true,
    "tech_change_status": "Not Planned",
    "program_type": "Fixed Wireless and Satellite Upgrade Program",
    "target_eligibility_quarter": "NA"
   }
  },
  {
   "type": "Feature",
   "geometry": {
    "type": "Point",
    "coordinates": [
     115.96888134,
     -32.51614536
    ]
   },
   "properties": {
    "name": "2 CORAL PARK DRIVE NORTH DANDALUP 6207",
    "locID": "LOC000046145893",
    "tech": "WIRELESS",
    "upgrade": "NULL_NA",
    "gnaf_pid": "GAWA_720278865",
    "ee": true,
    "tech_change_status": "Not Planned",
    "program_type": "Fixed Wireless and Satellite Upgrade Program",
    "target_eligibility_quarter": "NA"
   }
  },
  {
   "type": "Feature",
   "geometry": {
    "type": "Point",
    "coordinates": [
     115.9283194,
     -32.51147295
    ]
   },
   "properties": {
    "name": "96 WANDERING DRIVE NORTH DANDALUP 6207",
    "locID": "LOC000185088022",
    "tech": "WIRELESS",
    "upgrade": "NULL_NA",
    "gnaf_pid": "GAWA_720279005",
    "ee": true,
    "tech_change_status": "Not Planned",
    "program_type": "Fixed Wireless and Satellite Upgrade Program",
    "target_eligibility_quarter": "NA"
   }
  },
  {
   "type": "Feature",
   "geometry": {
    "type": "Point",
    "coordinates": [
     115.92909394,
     -32.50674673
    ]
   },
   "properties": {
    "name": "LOT 54 WANDERING DRIVE NORTH DANDALUP 6207",
    "locID": "LOC100071549310",
    "tech": "WIRELESS",
    "upgrade": "NULL_NA",
    "gnaf_pid": "GAWA_720280252",
    "ee": true,
    "tech_change_status": "Not Planned",
    "program_type": "Fixed Wireless and Satellite Upgrade Program",
    "target_eligibility_quarter": "NA"
   }
  },
  {
   "type": "Feature",
   "geometry": {
    "type": "Point",
    "coordinates": [
     115.91834853,
     -32.51320853
    ]
   },
   "properties": {
    "name": "220 HASLUCK CIRCUIT NORTH DANDALUP 6207",
    "locID": "LOC100087567302",
    "tech": "WIRELESS",
    "upgrade": "NULL_NA",
    "gnaf_pid": "GAWA_720410456",
    "ee": true,
    "tech_change_status": "Not Planned",
    "program_type": "Fixed Wireless and Satellite Upgrade Program",
    "target_eligibility_quarter": "NA"
   }
  },
  {
   "type": "Feature",
   "geometry": {
    "type": "Point",
    "coordinates": [
     115.93016338,
     -32.50403462
    ]
   },
   "properties": {
    "name": "21 WANDERING DRIVE NORTH DANDALUP 6207",
    "locID": "LOC000184016215",
    "tech": "WIRELESS",
    "upgrade": "NULL_NA",
    "gnaf_pid": "GAWA_720410856",
    "ee": true,
    "tech_change_status": "Not Planned",
    "program_type": "Fixed Wireless and Satellite Upgrade Program",
    "target_eligibility_quarter": "NA"
   }
  },
  {
   "type": "Feature",
   "geometry": {
    "type": "Point",
    "coordinates": [
     115.9344449,
     -32.51572035
    ]
   },
   "properties": {
    "name": "21 FRANKLIN DRIVE NORTH DANDALUP 6207",
    "locID": "LOC000186363618",
    "tech": "WIRELESS",
    "upgrade": "NULL_NA",
    "gnaf_pid": "GAWA_720412404",
    "ee": true,
    "tech_change_status": "Not Planned",
    "program_type": "Fixed Wireless and Satellite Upgrade Program",
    "target_eligibility_quarter": "NA"
   }
  },
  {
   "type": "Feature",
   "geometry": {
    "type": "Point",
    "coordinates": [
     115.9301379,
     -32.5054295
    ]
   },
   "properties": {
    "name": "35 WANDERING DRIVE NORTH DANDALUP 6207",
    "locID": "LOC000181443361",
    "tech": "WIRELESS",
    "upgrade": "NULL_NA",
    "gnaf_pid": "GAWA_720413598",
    "ee": true,
    "tech_change_status": "Not Planned",
    "program_type": "Fixed Wireless and Satellite Upgrade Program",
    "target_eligibility_quarter": "NA"
   }
  },
  {
   "type": "Feature",
   "geometry": {
    "type": "Point",
    "coordinates": [
     115.91902072,
     -32.5117433
    ]
   },
   "properties": {
    "name": "LOT 186 TROT GLADE NORTH DANDALUP 6207",
    "locID": "LOC100076481121",
    "tech": "WIRELESS",
    "upgrade": "NULL_NA",
    "gnaf_pid": "GAWA_720417541",
    "ee": true,
    "tech_change_status": "Not Planned",
    "program_type": "Fixed Wireless and Satellite Upgrade Program",
    "target_eligibility_quarter": "NA"
   }
  },
  {
   "type": "Feature",
   "geometry": {
    "type": "Point",
    "coordinates": [
     115.93325894,
     -32.50824997
    ]
   },
   "properties": {
    "name": "LOT 59 GILBERT ROAD NORTH DANDALUP 6207",
    "locID": "LOC000172903687",
    "tech": "WIRELESS",
    "upgrade": "NULL_NA",
    "gnaf_pid": "GAWA_720417613",
    "ee": true,
    "tech_change_status": "Not Planned",
    "program_type": "Fixed Wireless and Satellite Upgrade Program",
    "target_eligibility_quarter": "NA"
   }
  },
  {
   "type": "Feature",
   "geometry": {
    "type": "Point",
    "coordinates": [
     115.93019887,
     -32.50808608
    ]
   },
   "properties": {
    "name": "69 WANDERING DRIVE NORTH DANDALUP 6207",
    "locID": "LOC000186929607",
    "tech": "WIRELESS",
    "upgrade": "NULL_NA",
    "gnaf_pid": "GAWA_720435663",
    "ee": true,
    "tech_change_status": "Not Planned",
    "program_type": "Fixed Wireless and Satellite Upgrade Program",
    "target_eligibility_quarter": "NA"
   }
  },
  {
   "type": "Feature",
   "geometry": {
    "type": "Point",
    "coordinates": [
     115.91820596,
     -32.51075662
    ]
   },
   "properties": {
    "name": "246 HASLUCK CIRCUIT NORTH DANDALUP 6207",
    "locID": "LOC000186469246",
    "tech": "WIRELESS",
    "upgrade": "NULL_NA",
    "gnaf_pid": "GAWA_720487308",
    "ee": true,
    "tech_change_status": "Not Planned",
    "program_type": "Fixed Wireless and Satellite Upgrade Program",
    "target_eligibility_quarter": "NA"
   }
  },
  {
   "type": "Feature",
   "geometry": {
    "type": "Point",
    "coordinates": [
     115.93025172,
     -32.50913868
    ]
   },
   "properties": {
    "name": "77 WANDERING DRIVE NORTH DANDALUP 6207",
    "locID": "LOC000185928826",
    "tech": "WIRELESS",
    "upgrade": "NULL_NA",
    "gnaf_pid": "GAWA_720487341",
    "ee": true,
    "tech_change_status": "Not Planned",
    "program_type": "Fixed Wireless and Satellite Upgrade Program",
    "target_eligibility_quarter": "NA"
   }
  },
  {
   "type": "Feature",
   "geometry": {
    "type": "Point",
    "coordinates": [
     115.91820775,
     -32.51014499
    ]
   },
   "properties": {
    "name": "248 HASLUCK CIRCUIT NORTH DANDALUP 6207",
    "locID": "LOC100087569108",
    "tech": "WIRELESS",
    "upgrade": "NULL_NA",
    "gnaf_pid": "GAWA_720487869",
    "ee": true,
    "tech_change_status": "Not Planned",
    "program_type": "Fixed Wireless and Satellite Upgrade Program",
    "target_eligibility_quarter": "NA"
   }
  },
  {
   "type": "Feature",
   "geometry": {
    "type": "Point",
    "coordinates": [
     115.93301044,
     -32.49935185
    ]
   },
   "properties": {
    "name": "451 READHEADS ROAD NORTH DANDALUP 6207",
    "locID": "LOC100079387785",
    "tech": "WIRELESS",
    "upgrade": "NULL_NA",
    "gnaf_pid": "GAWA_720487999",
    "ee": true,
    "tech_change_status": "Not Planned",
    "program_type": "Fixed Wireless and Satellite Upgrade Program",
    "target_eligibility_quarter": "NA"
   }
  },
  {
   "type": "Feature",
   "geometry": {
    "type": "Point",
    "coordinates": [
     115.91845222,
     -32.51588799
    ]
   },
   "properties": {
    "name": "17 ROLLINS RETREAT NORTH DANDALUP 6207",
    "locID": "LOC100079107694",
    "tech": "WIRELESS",
    "upgrade": "NULL_NA",
    "gnaf_pid": "GAWA_720488941",
    "ee": true,
    "tech_change_status": "Not Planned",
    "program_type": "Fixed Wireless and Satellite Upgrade Program",
    "target_eligibility_quarter": "NA"
   }
  },
  {
   "type": "Feature",
   "geometry": {
    "type": "Point",
    "coordinates": [
     115.9282788,
     -32.50623013
    ]
   },
   "properties": {
    "name": "42 WANDERING DRIVE NORTH DANDALUP 6207",
    "locID": "LOC000187350284",
    "tech": "WIRELESS",
    "upgrade": "NULL_NA",
    "gnaf_pid": "GAWA_720489094",
    "ee": true,
    "tech_change_status": "Not Planned",
    "program_type": "Fixed Wireless and Satellite Upgrade Program",
    "target_eligibility_quarter": "NA"
   }
  },
  {
   "type": "Feature",
   "geometry": {
    "type": "Point",
    "coordinates": [
     115.92860312,
     -32.51654129
    ]
   },
   "properties": {
    "name": "23 LARKIN CLOSE NORTH DANDALUP 6207",
    "locID": "LOC000187981269",
    "tech": "WIRELESS",
    "upgrade": "NULL_NA",
    "gnaf_pid": "GAWA_720489472",
    "ee": true,
    "tech_change_status": "Not Planned",
    "program_type": "Fixed Wireless and Satellite Upgrade Program",
    "target_eligibility_quarter": "NA"
   }
  },
  {
   "type": "Feature",
   "geometry": {
    "type": "Point",
    "coordinates": [
     115.92060731,
     -32.51063253
    ]
   },
   "properties": {
    "name": "9 COWCHER VIEW NORTH DANDALUP 6207",
    "locID": "LOC000184404785",
    "tech": "WIRELESS",
    "upgrade": "NULL_NA",
    "gnaf_pid": "GAWA_720496050",
    "ee": true,
    "tech_change_status": "Not Planned",
    "program_type": "Fixed Wireless and Satellite Upgrade Program",
    "target_eligibility_quarter": "NA"
   }
  },
  {
   "type": "Feature",
   "geometry": {
    "type": "Point",
    "coordinates": [
     115.96985069,
     -32.51975723
    ]
   },
   "properties": {
    "name": "16 CENTRAL AVENUE NORTH DANDALUP 6207",
    "locID": "LOC100084927235",
    "tech": "WIRELESS",
    "upgrade": "NULL_NA",
    "gnaf_pid": "GAWA_720496211",
    "ee": true,
    "tech_change_status": "Not Planned",
    "program_type": "Fixed Wireless and Satellite Upgrade Program",
    "target_eligibility_quarter": "NA"
   }
  },
  {
   "type": "Feature",
   "geometry": {
    "type": "Point",
    "coordinates": [
     115.91819047,
     -32.51139594
    ]
   },
   "properties": {
    "name": "3 TROT GLADE NORTH DANDALUP 6207",
    "locID": "LOC000186700847",
    "tech": "WIRELESS",
    "upgrade": "NULL_NA",
    "gnaf_pid": "GAWA_720562444",
    "ee": true,
    "tech_change_status": "Not Planned",
    "program_type": "Fixed Wireless and Satellite Upgrade Program",
    "target_eligibility_quarter": "NA"
   }
  },
  {
   "type": "Feature",
   "geometry": {
    "type": "Point",
    "coordinates": [
     115.9283206,
     -32.50826186
    ]
   },
   "properties": {
    "name": "70 WANDERING DRIVE NORTH DANDALUP 6207",
    "locID": "LOC000181443361",
    "tech": "WIRELESS",
    "upgrade": "NULL_NA",
    "gnaf_pid": "GAWA_720563149",
    "ee": true,
    "tech_change_status": "Not Planned",
    "program_type": "Fixed Wireless and Satellite Upgrade Program",
    "target_eligibility_quarter": "NA"
   }
  },
  {
   "type": "Feature",
   "geometry": {
    "type": "Point",
    "coordinates": [
     115.92060731,
     -32.51063253
    ]
   },
   "properties": {
    "name": "LOT 185 COWCHER VIEW NORTH DANDALUP 6207",
    "locID": "LOC000186045955",
    "tech": "WIRELESS",
    "upgrade": "NULL_NA",
    "gnaf_pid": "GAWA_720583243",
    "ee": true,
    "tech_change_status": "Not Planned",
    "program_type": "Fixed Wireless and Satellite Upgrade Program",
    "target_eligibility_quarter": "NA"
   }
  },
  {
   "type": "Feature",
   "geometry": {
    "type": "Point",
    "coordinates": [
     115.93130675,
     -32.51484141
    ]
   },
   "properties": {
    "name": "LOT 8 MOLLOY CLOSE NORTH DANDALUP 6207",
    "locID": "LOC100084642939",
    "tech": "WIRELESS",
    "upgrade": "NULL_NA",
    "gnaf_pid": "GAWA_720583284",
    "ee": true,
    "tech_change_status": "Not Planned",
    "program_type": "Fixed Wireless and Satellite Upgrade Program",
    "target_eligibility_quarter": "NA"
   }
  },
  {
   "type": "Feature",
   "geometry": {
    "type": "Point",
    "coordinates": [
     115.93325894,
     -32.50824997
    ]
   },
   "properties": {
    "name": "LOT 57 GILBERT ROAD NORTH DANDALUP 6207",
    "locID": "LOC000186172309",
    "tech": "WIRELESS",
    "upgrade": "NULL_NA",
    "gnaf_pid": "GAWA_720583494",
    "ee": true,
    "tech_change_status": "Not Planned",
    "program_type": "Fixed Wireless and Satellite Upgrade Program",
    "target_eligibility_quarter": "NA"
   }
  },
  {
   "type": "Feature",
   "geometry": {
    "type": "Point",
    "coordinates": [
     116.02169791,
     -32.48488153
    ]
   },
   "properties": {
    "name": "990 SCARP ROAD NORTH DANDALUP 6207",
    "locID": "LOC000081401910",
    "tech": "NULL",
    "upgrade": "NULL_NA",
    "gnaf_pid": "GAWA_720641376",
    "ee": true,
    "tech_change_status": "Not Planned"
   }
  },
  {
   "type": "Feature",
   "geometry": {
    "type": "Point",
    "coordinates": [
     115.93393974,
     -32.5068632
    ]
   },
   "properties": {
    "name": "78 GILBERT ROAD NORTH DANDALUP 6207",
    "locID": "LOC000186928809",
    "tech": "WIRELESS",
    "upgrade": "NULL_NA",
    "gnaf_pid": "GAWA_720643504",
    "ee": true,
    "tech_change_status": "Not Planned",
    "program_type": "Fixed Wireless and Satellite Upgrade Program",
    "target_eligibility_quarter": "NA"
   }
  },
  {
   "type": "Feature",
   "geometry": {
    "type": "Point",
    "coordinates": [
     115.9967015,
     -32.47615749
    ]
   },
   "properties": {
    "name": "117 MATTHEWS ROAD NORTH DANDALUP 6207",
    "locID": "LOC000142458672",
    "tech": "WIRELESS",
    "upgrade": "NULL_NA",
    "gnaf_pid": "GAWA_720643607",
    "ee": true,
    "tech_change_status": "Not Planned",
    "program_type": "Fixed Wireless and Satellite Upgrade Program",
    "target_eligibility_quarter": "NA"
   }
  },
  {
   "type": "Feature",
   "geometry": {
    "type": "Point",
    "coordinates": [
     115.92454985,
     -32.50021057
    ]
   },
   "properties": {
    "name": "118 HAMELIN ROAD NORTH DANDALUP 6207",
    "locID": "LOC100079660517",
    "tech": "WIRELESS",
    "upgrade": "NULL_NA",
    "gnaf_pid": "GAWA_720643922",
    "ee": true,
    "tech_change_status": "Not Planned",
    "program_type": "Fixed Wireless and Satellite Upgrade Program",
    "target_eligibility_quarter": "NA"
   }
  },
  {
   "type": "Feature",
   "geometry": {
    "type": "Point",
    "coordinates": [
     115.92354105,
     -32.50724283
    ]
   },
   "properties": {
    "name": "9 BEVERLEY WAY NORTH DANDALUP 6207",
    "locID": "LOC100078587089",
    "tech": "WIRELESS",
    "upgrade": "NULL_NA",
    "gnaf_pid": "GAWA_720644369",
    "ee": true,
    "tech_change_status": "Not Planned",
    "program_type": "Fixed Wireless and Satellite Upgrade Program",
    "target_eligibility_quarter": "NA"
   }
  },
  {
   "type": "Feature",
   "geometry": {
    "type": "Point",
    "coordinates": [
     115.92860525,
     -32.49934898
    ]
   },
   "properties": {
    "name": "489 READHEADS ROAD NORTH DANDALUP 6207",
    "locID": "LOC000188458864",
    "tech": "WIRELESS",
    "upgrade": "NULL_NA",
    "gnaf_pid": "GAWA_720644501",
    "ee": true,
    "tech_change_status": "Not Planned",
    "program_type": "Fixed Wireless and Satellite Upgrade Program",
    "target_eligibility_quarter": "NA"
   }
  },
  {
   "type": "Feature",
   "geometry": {
    "type": "Point",
    "coordinates": [
     115.92994158,
     -32.51379986
    ]
   },
   "properties": {
    "name": "LOT 7 FRANKLIN DRIVE NORTH DANDALUP 6207",
    "locID": "LOC000175501185",
    "tech": "WIRELESS",
    "upgrade": "NULL_NA",
    "gnaf_pid": "GAWA_720645867",
    "ee": true,
    "tech_change_status": "Not Planned",
    "program_type": "Fixed Wireless and Satellite Upgrade Program",
    "target_eligibility_quarter": "NA"
   }
  },
  {
   "type": "Feature",
   "geometry": {
    "type": "Point",
    "coordinates": [
     115.93325894,
     -32.50824997
    ]
   },
   "properties": {
    "name": "LOT 127 GILBERT ROAD NORTH DANDALUP 6207",
    "locID": "LOC000186928809",
    "tech": "WIRELESS",
    "upgrade": "NULL_NA",
    "gnaf_pid": "GAWA_720646059",
    "ee": true,
    "tech_change_status": "Not Planned",
    "program_type": "Fixed Wireless and Satellite Upgrade Program",
    "target_eligibility_quarter": "NA"
   }
  },
  {
   "type": "Feature",
   "geometry": {
    "type": "Point",
    "coordinates": [
     115.99542532,
     -32.51070495
    ]
   },
   "properties": {
    "name": "1 HINES ROAD NORTH DANDALUP 6207",
    "locID": "LOC000184462046",
    "tech": "WIRELESS",
    "upgrade": "NULL_NA",
    "gnaf_pid": "GAWA_720646880",
    "ee": true,
    "tech_change_status": "Not Planned",
    "program_type": "Fixed Wireless and Satellite Upgrade Program",
    "target_eligibility_quarter": "NA"
   }
  },
  {
   "type": "Feature",
   "geometry": {
    "type": "Point",
    "coordinates": [
     115.92670136,
     -32.51473863
    ]
   },
   "properties": {
    "name": "17 O'REILLY PLACE NORTH DANDALUP 6207",
    "locID": "LOC100080912295",
    "tech": "WIRELESS",
    "upgrade": "NULL_NA",
    "gnaf_pid": "GAWA_720715338",
    "ee": true,
    "tech_change_status": "Not Planned",
    "program_type": "Fixed Wireless and Satellite Upgrade Program",
    "target_eligibility_quarter": "NA"
   }
  },
  {
   "type": "Feature",
   "geometry": {
    "type": "Point",
    "coordinates": [
     116.00690327,
     -32.50677767
    ]
   },
   "properties": {
    "name": "376 HINES ROAD NORTH DANDALUP 6207",
    "locID": "LOC000112085872",
    "tech": "WIRELESS",
    "upgrade": "NULL_NA",
    "gnaf_pid": "GAWA_720716475",
    "ee": true,
    "tech_change_status": "Not Planned",
    "program_type": "Fixed Wireless and Satellite Upgrade Program",
    "target_eligibility_quarter": "NA"
   }
  },
  {
   "type": "Feature",
   "geometry": {
    "type": "Point",
    "coordinates": [
     115.91779377,
     -32.50124563
    ]
   },
   "properties": {
    "name": "5 HASLUCK CIRCUIT NORTH DANDALUP 6207",
    "locID": "LOC100081376886",
    "tech": "WIRELESS",
    "upgrade": "NULL_NA",
    "gnaf_pid": "GAWA_720716582",
    "ee": true,
    "tech_change_status": "Not Planned",
    "program_type": "Fixed Wireless and Satellite Upgrade Program",
    "target_eligibility_quarter": "NA"
   }
  },
  {
   "type": "Feature",
   "geometry": {
    "type": "Point",
    "coordinates": [
     115.92929283,
     -32.49934907
    ]
   },
   "properties": {
    "name": "485 READHEADS ROAD NORTH DANDALUP 6207",
    "locID": "LOC000186958241",
    "tech": "WIRELESS",
    "upgrade": "NULL_NA",
    "gnaf_pid": "GAWA_720716789",
    "ee": true,
    "tech_change_status": "Not Planned",
    "program_type": "Fixed Wireless and Satellite Upgrade Program",
    "target_eligibility_quarter": "NA"
   }
  },
  {
   "type": "Feature",
   "geometry": {
    "type": "Point",
    "coordinates": [
     115.9182075,
     -32.50707972
    ]
   },
   "properties": {
    "name": "282 HASLUCK CIRCUIT NORTH DANDALUP 6207",
    "locID": "LOC100078351046",
    "tech": "WIRELESS",
    "upgrade": "NULL_NA",
    "gnaf_pid": "GAWA_720718195",
    "ee": true,
    "tech_change_status": "Not Planned",
    "program_type": "Fixed Wireless and Satellite Upgrade Program",
    "target_eligibility_quarter": "NA"
   }
  },
  {
   "type": "Feature",
   "geometry": {
    "type": "Point",
    "coordinates": [
     115.93356454,
     -32.51483212
    ]
   },
   "properties": {
    "name": "25 FRANKLIN DRIVE NORTH DANDALUP 6207",
    "locID": "LOC000187769084",
    "tech": "WIRELESS",
    "upgrade": "NULL_NA",
    "gnaf_pid": "GAWA_720719331",
    "ee": true,
    "tech_change_status": "Not Planned",
    "program_type": "Fixed Wireless and Satellite Upgrade Program",
    "target_eligibility_quarter": "NA"
   }
  },
  {
   "type": "Feature",
   "geometry": {
    "type": "Point",
    "coordinates": [
     115.92536748,
     -32.50414888
    ]
   },
   "properties": {
    "name": "101 BOLLIONG GROVE NORTH DANDALUP 6207",
    "locID": "LOC000188040716",
    "tech": "WIRELESS",
    "upgrade": "NULL_NA",
    "gnaf_pid": "GAWA_720719486",
    "ee": true,
    "tech_change_status": "Not Planned",
    "program_type": "Fixed Wireless and Satellite Upgrade Program",
    "target_eligibility_quarter": "NA"
   }
  },
  {
   "type": "Feature",
   "geometry": {
    "type": "Point",
    "coordinates": [
     115.92834073,
     -32.50922475
    ]
   },
   "properties": {
    "name": "80 WANDERING DRIVE NORTH DANDALUP 6207",
    "locID": "LOC100071549310",
    "tech": "WIRELESS",
    "upgrade": "NULL_NA",
    "gnaf_pid": "GAWA_720725020",
    "ee": true,
    "tech_change_status": "Not Planned",
    "program_type": "Fixed Wireless and Satellite Upgrade Program",
    "target_eligibility_quarter": "NA"
   }
  },
  {
   "type": "Feature",
   "geometry": {
    "type": "Point",
    "coordinates": [
     115.96342982,
     -32.51672452
    ]
   },
   "properties": {
    "name": "3 BEAU SOVEREIGN COURT NORTH DANDALUP 6207",
    "locID": "LOC000191361907",
    "tech": "WIRELESS",
    "upgrade": "NULL_NA",
    "gnaf_pid": "GAWA_720816672",
    "ee": true,
    "tech_change_status": "Not Planned",
    "program_type": "Fixed Wireless and Satellite Upgrade Program",
    "target_eligibility_quarter": "NA"
   }
  },
  {
   "type": "Feature",
   "geometry": {
    "type": "Point",
    "coordinates": [
     115.96343152,
     -32.5161321
    ]
   },
   "properties": {
    "name": "7 BEAU SOVEREIGN COURT NORTH DANDALUP 6207",
    "locID": "LOC100084904947",
    "tech": "WIRELESS",
    "upgrade": "NULL_NA",
    "gnaf_pid": "GAWA_720816870",
    "ee": true,
    "tech_change_status": "Not Planned",
    "program_type": "Fixed Wireless and Satellite Upgrade Program",
    "target_eligibility_quarter": "NA"
   }
  },
  {
   "type": "Feature",
   "geometry": {
    "type": "Point",
    "coordinates": [
     115.96350712,
     -32.51706901
    ]
   },
   "properties": {
    "name": "1 BEAU SOVEREIGN COURT NORTH DANDALUP 6207",
    "locID": "LOC000006535031",
    "tech": "WIRELESS",
    "upgrade": "NULL_NA",
    "gnaf_pid": "GAWA_720817032",
    "ee": true,
    "tech_change_status": "Not Planned",
    "program_type": "Fixed Wireless and Satellite Upgrade Program",
    "target_eligibility_quarter": "NA"
   }
  },
  {
   "type": "Feature",
   "geometry": {
    "type": "Point",
    "coordinates": [
     115.92681318,
     -32.50553147
    ]
   },
   "properties": {
    "name": "88 BOLLIONG GROVE NORTH DANDALUP 6207",
    "locID": "LOC100079062327",
    "tech": "WIRELESS",
    "upgrade": "NULL_NA",
    "gnaf_pid": "GAWA_720817186",
    "ee": true,
    "tech_change_status": "Not Planned",
    "program_type": "Fixed Wireless and Satellite Upgrade Program",
    "target_eligibility_quarter": "NA"
   }
  },
  {
   "type": "Feature",
   "geometry": {
    "type": "Point",
    "coordinates": [
     115.91977337,
     -32.51039085
    ]
   },
   "properties": {
    "name": "58 COWCHER VIEW NORTH DANDALUP 6207",
    "locID": "LOC100078946412",
    "tech": "WIRELESS",
    "upgrade": "NULL_NA",
    "gnaf_pid": "GAWA_720817392",
    "ee": true,
    "tech_change_status": "Not Planned",
    "program_type": "Fixed Wireless and Satellite Upgrade Program",
    "target_eligibility_quarter": "NA"
   }
  },
  {
   "type": "Feature",
   "geometry": {
    "type": "Point",
    "coordinates": [
     115.96284433,
     -32.51647726
    ]
   },
   "properties": {
    "name": "51 DEWAR ROAD NORTH DANDALUP 6207",
    "locID": "LOC100087572562",
    "tech": "WIRELESS",
    "upgrade": "NULL_NA",
    "gnaf_pid": "GAWA_720817477",
    "ee": true,
    "tech_change_status": "Not Planned",
    "program_type": "Fixed Wireless and Satellite Upgrade Program",
    "target_eligibility_quarter": "NA"
   }
  },
  {
   "type": "Feature",
   "geometry": {
    "type": "Point",
    "coordinates": [
     115.92519809,
     -32.51075091
    ]
   },
   "properties": {
    "name": "31 BOLLIONG GROVE NORTH DANDALUP 6207",
    "locID": "LOC100079239573",
    "tech": "WIRELESS",
    "upgrade": "NULL_NA",
    "gnaf_pid": "GAWA_720817574",
    "ee": true,
    "tech_change_status": "Not Planned",
    "program_type": "Fixed Wireless and Satellite Upgrade Program",
    "target_eligibility_quarter": "NA"
   }
  },
  {
   "type": "Feature",
   "geometry": {
    "type": "Point",
    "coordinates": [
     115.92597171,
     -32.50299912
    ]
   },
   "properties": {
    "name": "110 BOLLIONG GROVE NORTH DANDALUP 6207",
    "locID": "LOC100084927545",
    "tech": "WIRELESS",
    "upgrade": "NULL_NA",
    "gnaf_pid": "GAWA_720817888",
    "ee": true,
    "tech_change_status": "Not Planned",
    "program_type": "Fixed Wireless and Satellite Upgrade Program",
    "target_eligibility_quarter": "NA"
   }
  },
  {
   "type": "Feature",
   "geometry": {
    "type": "Point",
    "coordinates": [
     115.92121231,
     -32.51177256
    ]
   },
   "properties": {
    "name": "79 COWCHER VIEW NORTH DANDALUP 6207",
    "locID": "LOC000184404785",
    "tech": "WIRELESS",
    "upgrade": "NULL_NA",
    "gnaf_pid": "GAWA_720817942",
    "ee": true,
    "tech_change_status": "Not Planned",
    "program_type": "Fixed Wireless and Satellite Upgrade Program",
    "target_eligibility_quarter": "NA"
   }
  },
  {
   "type": "Feature",
   "geometry": {
    "type": "Point",
    "coordinates": [
     115.96254654,
     -32.51601089
    ]
   },
   "properties": {
    "name": "55 DEWAR ROAD NORTH DANDALUP 6207",
    "locID": "LOC100087568535",
    "tech": "WIRELESS",
    "upgrade": "NULL_NA",
    "gnaf_pid": "GAWA_720818625",
    "ee": true,
    "tech_change_status": "Not Planned",
    "program_type": "Fixed Wireless and Satellite Upgrade Program",
    "target_eligibility_quarter": "NA"
   }
  },
  {
   "type": "Feature",
   "geometry": {
    "type": "Point",
    "coordinates": [
     115.96222493,
     -32.51603444
    ]
   },
   "properties": {
    "name": "57 DEWAR ROAD NORTH DANDALUP 6207",
    "locID": "LOC100087572472",
    "tech": "WIRELESS",
    "upgrade": "NULL_NA",
    "gnaf_pid": "GAWA_720818904",
    "ee": true,
    "tech_change_status": "Not Planned",
    "program_type": "Fixed Wireless and Satellite Upgrade Program",
    "target_eligibility_quarter": "NA"
   }
  },
  {
   "type": "Feature",
   "geometry": {
    "type": "Point",
    "coordinates": [
     115.92583354,
     -32.51626823
    ]
   },
   "properties": {
    "name": "24 O'REILLY PLACE NORTH DANDALUP 6207",
    "locID": "LOC100087566969",
    "tech": "WIRELESS",
    "upgrade": "NULL_NA",
    "gnaf_pid": "GAWA_720819107",
    "ee": true,
    "tech_change_status": "Not Planned",
    "program_type": "Fixed Wireless and Satellite Upgrade Program",
    "target_eligibility_quarter": "NA"
   }
  },
  {
   "type": "Feature",
   "geometry": {
    "type": "Point",
    "coordinates": [
     115.96343105,
     -32.51642776
    ]
   },
   "properties": {
    "name": "5 BEAU SOVEREIGN COURT NORTH DANDALUP 6207",
    "locID": "LOC100078827204",
    "tech": "WIRELESS",
    "upgrade": "NULL_NA",
    "gnaf_pid": "GAWA_720819815",
    "ee": true,
    "tech_change_status": "Not Planned",
    "program_type": "Fixed Wireless and Satellite Upgrade Program",
    "target_eligibility_quarter": "NA"
   }
  },
  {
   "type": "Feature",
   "geometry": {
    "type": "Point",
    "coordinates": [
     115.92675032,
     -32.51529361
    ]
   },
   "properties": {
    "name": "19 O'REILLY PLACE NORTH DANDALUP 6207",
    "locID": "LOC100084928351",
    "tech": "WIRELESS",
    "upgrade": "NULL_NA",
    "gnaf_pid": "GAWA_720819852",
    "ee": true,
    "tech_change_status": "Not Planned",
    "program_type": "Fixed Wireless and Satellite Upgrade Program",
    "target_eligibility_quarter": "NA"
   }
  },
  {
   "type": "Feature",
   "geometry": {
    "type": "Point",
    "coordinates": [
     115.96342859,
     -32.51583791
    ]
   },
   "properties": {
    "name": "9 BEAU SOVEREIGN COURT NORTH DANDALUP 6207",
    "locID": "LOC100087566832",
    "tech": "WIRELESS",
    "upgrade": "NULL_NA",
    "gnaf_pid": "GAWA_720819994",
    "ee": true,
    "tech_change_status": "Not Planned",
    "program_type": "Fixed Wireless and Satellite Upgrade Program",
    "target_eligibility_quarter": "NA"
   }
  },
  {
   "type": "Feature",
   "geometry": {
    "type": "Point",
    "coordinates": [
     115.92836115,
     -32.51016304
    ]
   },
   "properties": {
    "name": "88 WANDERING DRIVE NORTH DANDALUP 6207",
    "locID": "LOC000187778536",
    "tech": "WIRELESS",
    "upgrade": "NULL_NA",
    "gnaf_pid": "GAWA_720888552",
    "ee": true,
    "tech_change_status": "Not Planned",
    "program_type": "Fixed Wireless and Satellite Upgrade Program",
    "target_eligibility_quarter": "NA"
   }
  },
  {
   "type": "Feature",
   "geometry": {
    "type": "Point",
    "coordinates": [
     115.92513194,
     -32.51377996
    ]
   },
   "properties": {
    "name": "10 O'REILLY PLACE NORTH DANDALUP 6207",
    "locID": "LOC100084917223",
    "tech": "WIRELESS",
    "upgrade": "NULL_NA",
    "gnaf_pid": "GAWA_720889077",
    "ee": true,
    "tech_change_status": "Not Planned",
    "program_type": "Fixed Wireless and Satellite Upgrade Program",
    "target_eligibility_quarter": "NA"
   }
  },
  {
   "type": "Feature",
   "geometry": {
    "type": "Point",
    "coordinates": [
     115.92827618,
     -32.500381
    ]
   },
   "properties": {
    "name": "15 HESTER CLOSE NORTH DANDALUP 6207",
    "locID": "LOC100084927165",
    "tech": "WIRELESS",
    "upgrade": "NULL_NA",
    "gnaf_pid": "GAWA_720889911",
    "ee": true,
    "tech_change_status": "Not Planned",
    "program_type": "Fixed Wireless and Satellite Upgrade Program",
    "target_eligibility_quarter": "NA"
   }
  },
  {
   "type": "Feature",
   "geometry": {
    "type": "Point",
    "coordinates": [
     115.93052562,
     -32.50305102
    ]
   },
   "properties": {
    "name": "57 HAMELIN ROAD NORTH DANDALUP 6207",
    "locID": "LOC100078468319",
    "tech": "WIRELESS",
    "upgrade": "NULL_NA",
    "gnaf_pid": "GAWA_720890046",
    "ee": true,
    "tech_change_status": "Not Planned",
    "program_type": "Fixed Wireless and Satellite Upgrade Program",
    "target_eligibility_quarter": "NA"
   }
  },
  {
   "type": "Feature",
   "geometry": {
    "type": "Point",
    "coordinates": [
     115.92718247,
     -32.51630642
    ]
   },
   "properties": {
    "name": "21 O'REILLY PLACE NORTH DANDALUP 6207",
    "locID": "LOC100082819637",
    "tech": "WIRELESS",
    "upgrade": "NULL_NA",
    "gnaf_pid": "GAWA_720890383",
    "ee": true,
    "tech_change_status": "Not Planned",
    "program_type": "Fixed Wireless and Satellite Upgrade Program",
    "target_eligibility_quarter": "NA"
   }
  },
  {
   "type": "Feature",
   "geometry": {
    "type": "Point",
    "coordinates": [
     115.97214731,
     -32.51531984
    ]
   },
   "properties": {
    "name": "70 RAILWAY AVENUE NORTH DANDALUP 6207",
    "locID": "LOC100087568348",
    "tech": "WIRELESS",
    "upgrade": "NULL_NA",
    "gnaf_pid": "GAWA_720890744",
    "ee": true,
    "tech_change_status": "Not Planned",
    "program_type": "Fixed Wireless and Satellite Upgrade Program",
    "target_eligibility_quarter": "NA"
   }
  },
  {
   "type": "Feature",
   "geometry": {
    "type": "Point",
    "coordinates": [
     115.91820692,
     -32.50830385
    ]
   },
   "properties": {
    "name": "274 HASLUCK CIRCUIT NORTH DANDALUP 6207",
    "locID": "LOC100087566924",
    "tech": "WIRELESS",
    "upgrade": "NULL_NA",
    "gnaf_pid": "GAWA_720890909",
    "ee": true,
    "tech_change_status": "Not Planned",
    "program_type": "Fixed Wireless and Satellite Upgrade Program",
    "target_eligibility_quarter": "NA"
   }
  },
  {
   "type": "Feature",
   "geometry": {
    "type": "Point",
    "coordinates": [
     115.92683112,
     -32.50783378
    ]
   },
   "properties": {
    "name": "62 BOLLIONG GROVE NORTH DANDALUP 6207",
    "locID": "LOC100078069145",
    "tech": "WIRELESS",
    "upgrade": "NULL_NA",
    "gnaf_pid": "GAWA_720891390",
    "ee": true,
    "tech_change_status": "Not Planned",
    "program_type": "Fixed Wireless and Satellite Upgrade Program",
    "target_eligibility_quarter": "NA"
   }
  },
  {
   "type": "Feature",
   "geometry": {
    "type": "Point",
    "coordinates": [
     115.91820933,
     -32.50351389
    ]
   },
   "properties": {
    "name": "322 HASLUCK CIRCUIT NORTH DANDALUP 6207",
    "locID": "LOC100087568459",
    "tech": "WIRELESS",
    "upgrade": "NULL_NA",
    "gnaf_pid": "GAWA_720891581",
    "ee": true,
    "tech_change_status": "Not Planned",
    "program_type": "Fixed Wireless and Satellite Upgrade Program",
    "target_eligibility_quarter": "NA"
   }
  },
  {
   "type": "Feature",
   "geometry": {
    "type": "Point",
    "coordinates": [
     115.92975931,
     -32.50213358
    ]
   },
   "properties": {
    "name": "LOT 814 HAMELIN ROAD NORTH DANDALUP 6207",
    "locID": "LOC000170930641",
    "tech": "WIRELESS",
    "upgrade": "NULL_NA",
    "gnaf_pid": "GAWA_720892997",
    "ee": true,
    "tech_change_status": "Not Planned",
    "program_type": "Fixed Wireless and Satellite Upgrade Program",
    "target_eligibility_quarter": "NA"
   }
  },
  {
   "type": "Feature",
   "geometry": {
    "type": "Point",
    "coordinates": [
     115.92293754,
     -32.50783328
    ]
   },
   "properties": {
    "name": "LOT 105 AVOCA RETREAT NORTH DANDALUP 6207",
    "locID": "LOC100077902538",
    "tech": "WIRELESS",
    "upgrade": "NULL_NA",
    "gnaf_pid": "GAWA_720893138",
    "ee": true,
    "tech_change_status": "Not Planned",
    "program_type": "Fixed Wireless and Satellite Upgrade Program",
    "target_eligibility_quarter": "NA"
   }
  },
  {
   "type": "Feature",
   "geometry": {
    "type": "Point",
    "coordinates": [
     115.92579385,
     -32.508536
    ]
   },
   "properties": {
    "name": "11 BOLLIONG GROVE NORTH DANDALUP 6207",
    "locID": "LOC100079014515",
    "tech": "WIRELESS",
    "upgrade": "NULL_NA",
    "gnaf_pid": "GAWA_720894535",
    "ee": true,
    "tech_change_status": "Not Planned",
    "program_type": "Fixed Wireless and Satellite Upgrade Program",
    "target_eligibility_quarter": "NA"
   }
  },
  {
   "type": "Feature",
   "geometry": {
    "type": "Point",
    "coordinates": [
     115.91821988,
     -32.50535175
    ]
   },
   "properties": {
    "name": "308 HASLUCK CIRCUIT NORTH DANDALUP 6207",
    "locID": "LOC100079573432",
    "tech": "WIRELESS",
    "upgrade": "NULL_NA",
    "gnaf_pid": "GAWA_720972276",
    "ee": true,
    "tech_change_status": "Not Planned",
    "program_type": "Fixed Wireless and Satellite Upgrade Program",
    "target_eligibility_quarter": "NA"
   }
  },
  {
   "type": "Feature",
   "geometry": {
    "type": "Point",
    "coordinates": [
     115.9268284,
     -32.50423852
    ]
   },
   "properties": {
    "name": "102 BOLLIONG GROVE NORTH DANDALUP 6207",
    "locID": "LOC000189635566",
    "tech": "WIRELESS",
    "upgrade": "NULL_NA",
    "gnaf_pid": "GAWA_720972728",
    "ee": true,
    "tech_change_status": "Not Planned",
    "program_type": "Fixed Wireless and Satellite Upgrade Program",
    "target_eligibility_quarter": "NA"
   }
  },
  {
   "type": "Feature",
   "geometry": {
    "type": "Point",
    "coordinates": [
     115.92827531,
     -32.50554873
    ]
   },
   "properties": {
    "name": "40 WANDERING DRIVE NORTH DANDALUP 6207",
    "locID": "LOC000172353641",
    "tech": "WIRELESS",
    "upgrade": "NULL_NA",
    "gnaf_pid": "GAWA_720972856",
    "ee": true,
    "tech_change_status": "Not Planned",
    "program_type": "Fixed Wireless and Satellite Upgrade Program",
    "target_eligibility_quarter": "NA"
   }
  },
  {
   "type": "Feature",
   "geometry": {
    "type": "Point",
    "coordinates": [
     115.92446991,
     -32.51562562
    ]
   },
   "properties": {
    "name": "20 AVOCA RETREAT NORTH DANDALUP 6207",
    "locID": "LOC100077902538",
    "tech": "WIRELESS",
    "upgrade": "NULL_NA",
    "gnaf_pid": "GAWA_720973989",
    "ee": true,
    "tech_change_status": "Not Planned",
    "program_type": "Fixed Wireless and Satellite Upgrade Program",
    "target_eligibility_quarter": "NA"
   }
  },
  {
   "type": "Feature",
   "geometry": {
    "type": "Point",
    "coordinates": [
     115.92687048,
     -32.50620385
    ]
   },
   "properties": {
    "name": "78 BOLLIONG GROVE NORTH DANDALUP 6207",
    "locID": "LOC100087572591",
    "tech": "WIRELESS",
    "upgrade": "NULL_NA",
    "gnaf_pid": "GAWA_720974704",
    "ee": true,
    "tech_change_status": "Not Planned",
    "program_type": "Fixed Wireless and Satellite Upgrade Program",
    "target_eligibility_quarter": "NA"
   }
  },
  {
   "type": "Feature",
   "geometry": {
    "type": "Point",
    "coordinates": [
     115.97002288,
     -32.51943419
    ]
   },
   "properties": {
    "name": "20 CENTRAL AVENUE NORTH DANDALUP 6207",
    "locID": "LOC100080872919",
    "tech": "WIRELESS",
    "upgrade": "NULL_NA",
    "gnaf_pid": "GAWA_720975385",
    "ee": true,
    "tech_change_status": "Not Planned",
    "program_type": "Fixed Wireless and Satellite Upgrade Program",
    "target_eligibility_quarter": "NA"
   }
  },
  {
   "type": "Feature",
   "geometry": {
    "type": "Point",
    "coordinates": [
     115.92836491,
     -32.51076827
    ]
   },
   "properties": {
    "name": "94 WANDERING DRIVE NORTH DANDALUP 6207",
    "locID": "LOC000189774258",
    "tech": "WIRELESS",
    "upgrade": "NULL_NA",
    "gnaf_pid": "GAWA_720976160",
    "ee": true,
    "tech_change_status": "Not Planned",
    "program_type": "Fixed Wireless and Satellite Upgrade Program",
    "target_eligibility_quarter": "NA"
   }
  },
  {
   "type": "Feature",
   "geometry": {
    "type": "Point",
    "coordinates": [
     115.92899897,
     -32.50144198
    ]
   },
   "properties": {
    "name": "70 HESTER CLOSE NORTH DANDALUP 6207",
    "locID": "LOC000189256967",
    "tech": "WIRELESS",
    "upgrade": "NULL_NA",
    "gnaf_pid": "GAWA_720976184",
    "ee": true,
    "tech_change_status": "Not Planned",
    "program_type": "Fixed Wireless and Satellite Upgrade Program",
    "target_eligibility_quarter": "NA"
   }
  },
  {
   "type": "Feature",
   "geometry": {
    "type": "Point",
    "coordinates": [
     115.92579385,
     -32.508536
    ]
   },
   "properties": {
    "name": "111 BOLLIONG GROVE NORTH DANDALUP 6207",
    "locID": "LOC000189426387",
    "tech": "WIRELESS",
    "upgrade": "NULL_NA",
    "gnaf_pid": "GAWA_720976188",
    "ee": true,
    "tech_change_status": "Not Planned",
    "program_type": "Fixed Wireless and Satellite Upgrade Program",
    "target_eligibility_quarter": "NA"
   }
  },
  {
   "type": "Feature",
   "geometry": {
    "type": "Point",
    "coordinates": [
     115.94548664,
     -32.49856872
    ]
   },
   "properties": {
    "name": "LOT 80 READHEADS ROAD NORTH DANDALUP 6207",
    "locID": "LOC000091815793",
    "tech": "WIRELESS",
    "upgrade": "NULL_NA",
    "gnaf_pid": "GAWA_720976266",
    "ee": true,
    "tech_change_status": "Not Planned",
    "program_type": "Fixed Wireless and Satellite Upgrade Program",
    "target_eligibility_quarter": "NA"
   }
  },
  {
   "type": "Feature",
   "geometry": {
    "type": "Point",
    "coordinates": [
     116.00794318,
     -32.50859839
    ]
   },
   "properties": {
    "name": "802 BROOK LOOKOUT NORTH DANDALUP 6207",
    "locID": "LOC000110702696",
    "tech": "NULL",
    "upgrade": "NULL_NA",
    "gnaf_pid": "GAWA_720976293",
    "ee": true,
    "tech_change_status": "Not Planned"
   }
  },
  {
   "type": "Feature",
   "geometry": {
    "type": "Point",
    "coordinates": [
     115.91635638,
     -32.50378438
    ]
   },
   "properties": {
    "name": "319 HASLUCK CIRCUIT NORTH DANDALUP 6207",
    "locID": "LOC100087572429",
    "tech": "WIRELESS",
    "upgrade": "NULL_NA",
    "gnaf_pid": "GAWA_721013202",
    "ee": true,
    "tech_change_status": "Not Planned",
    "program_type": "Fixed Wireless and Satellite Upgrade Program",
    "target_eligibility_quarter": "NA"
   }
  },
  {
   "type": "Feature",
   "geometry": {
    "type": "Point",
    "coordinates": [
     115.92219733,
     -32.51679392
    ]
   },
   "properties": {
    "name": "5 AVOCA RETREAT NORTH DANDALUP 6207",
    "locID": "LOC000100724088",
    "tech": "WIRELESS",
    "upgrade": "NULL_NA",
    "gnaf_pid": "GAWA_721013263",
    "ee": true,
    "tech_change_status": "Not Planned",
    "program_type": "Fixed Wireless and Satellite Upgrade Program",
    "target_eligibility_quarter": "NA"
   }
  },
  {
   "type": "Feature",
   "geometry": {
    "type": "Point",
    "coordinates": [
     115.92626544,
     -32.50009367
    ]
   },
   "properties": {
    "name": "511 READHEADS ROAD NORTH DANDALUP 6207",
    "locID": "LOC100087572515",
    "tech": "WIRELESS",
    "upgrade": "NULL_NA",
    "gnaf_pid": "GAWA_721013351",
    "ee": true,
    "tech_change_status": "Not Planned",
    "program_type": "Fixed Wireless and Satellite Upgrade Program",
    "target_eligibility_quarter": "NA"
   }
  },
  {
   "type": "Feature",
   "geometry": {
    "type": "Point",
    "coordinates": [
     115.91846763,
     -32.49911226
    ]
   },
   "properties": {
    "name": "9 HARDMAN ENTRANCE NORTH DANDALUP 6207",
    "locID": "LOC100087567612",
    "tech": "WIRELESS",
    "upgrade": "NULL_NA",
    "gnaf_pid": "GAWA_721013393",
    "ee": true,
    "tech_change_status": "Not Planned",
    "program_type": "Fixed Wireless and Satellite Upgrade Program",
    "target_eligibility_quarter": "NA"
   }
  },
  {
   "type": "Feature",
   "geometry": {
    "type": "Point",
    "coordinates": [
     115.92710241,
     -32.51394083
    ]
   },
   "properties": {
    "name": "85 FRANKLIN DRIVE NORTH DANDALUP 6207",
    "locID": "LOC100079306038",
    "tech": "WIRELESS",
    "upgrade": "NULL_NA",
    "gnaf_pid": "GAWA_721013553",
    "ee": true,
    "tech_change_status": "Not Planned",
    "program_type": "Fixed Wireless and Satellite Upgrade Program",
    "target_eligibility_quarter": "NA"
   }
  },
  {
   "type": "Feature",
   "geometry": {
    "type": "Point",
    "coordinates": [
     115.92369556,
     -32.50906489
    ]
   },
   "properties": {
    "name": "94 AVOCA RETREAT NORTH DANDALUP 6207",
    "locID": "LOC000184121939",
    "tech": "WIRELESS",
    "upgrade": "NULL_NA",
    "gnaf_pid": "GAWA_721013873",
    "ee": true,
    "tech_change_status": "Not Planned",
    "program_type": "Fixed Wireless and Satellite Upgrade Program",
    "target_eligibility_quarter": "NA"
   }
  },
  {
   "type": "Feature",
   "geometry": {
    "type": "Point",
    "coordinates": [
     115.91974106,
     -32.5096832
    ]
   },
   "properties": {
    "name": "50 COWCHER VIEW NORTH DANDALUP 6207",
    "locID": "LOC100080236789",
    "tech": "WIRELESS",
    "upgrade": "NULL_NA",
    "gnaf_pid": "GAWA_721013939",
    "ee": true,
    "tech_change_status": "Not Planned",
    "program_type": "Fixed Wireless and Satellite Upgrade Program",
    "target_eligibility_quarter": "NA"
   }
  },
  {
   "type": "Feature",
   "geometry": {
    "type": "Point",
    "coordinates": [
     115.92603854,
     -32.49908968
    ]
   },
   "properties": {
    "name": "517 READHEADS ROAD NORTH DANDALUP 6207",
    "locID": "LOC100087567292",
    "tech": "WIRELESS",
    "upgrade": "NULL_NA",
    "gnaf_pid": "GAWA_721014065",
    "ee": true,
    "tech_change_status": "Not Planned",
    "program_type": "Fixed Wireless and Satellite Upgrade Program",
    "target_eligibility_quarter": "NA"
   }
  },
  {
   "type": "Feature",
   "geometry": {
    "type": "Point",
    "coordinates": [
     115.9222424,
     -32.51625573
    ]
   },
   "properties": {
    "name": "7 AVOCA RETREAT NORTH DANDALUP 6207",
    "locID": "LOC000181503881",
    "tech": "WIRELESS",
    "upgrade": "NULL_NA",
    "gnaf_pid": "GAWA_721014741",
    "ee": true,
    "tech_change_status": "Not Planned",
    "program_type": "Fixed Wireless and Satellite Upgrade Program",
    "target_eligibility_quarter": "NA"
   }
  },
  {
   "type": "Feature",
   "geometry": {
    "type": "Point",
    "coordinates": [
     115.91653443,
     -32.5023298
    ]
   },
   "properties": {
    "name": "333 HASLUCK CIRCUIT NORTH DANDALUP 6207",
    "locID": "LOC100087566976",
    "tech": "WIRELESS",
    "upgrade": "NULL_NA",
    "gnaf_pid": "GAWA_721014881",
    "ee": true,
    "tech_change_status": "Not Planned",
    "program_type": "Fixed Wireless and Satellite Upgrade Program",
    "target_eligibility_quarter": "NA"
   }
  },
  {
   "type": "Feature",
   "geometry": {
    "type": "Point",
    "coordinates": [
     115.91635611,
     -32.50442012
    ]
   },
   "properties": {
    "name": "317 HASLUCK CIRCUIT NORTH DANDALUP 6207",
    "locID": "LOC100087572455",
    "tech": "WIRELESS",
    "upgrade": "NULL_NA",
    "gnaf_pid": "GAWA_721015085",
    "ee": true,
    "tech_change_status": "Not Planned",
    "program_type": "Fixed Wireless and Satellite Upgrade Program",
    "target_eligibility_quarter": "NA"
   }
  },
  {
   "type": "Feature",
   "geometry": {
    "type": "Point",
    "coordinates": [
     115.92648722,
     -32.51634658
    ]
   },
   "properties": {
    "name": "23 O'REILLY PLACE NORTH DANDALUP 6207",
    "locID": "LOC000190694922",
    "tech": "WIRELESS",
    "upgrade": "NULL_NA",
    "gnaf_pid": "GAWA_721015514",
    "ee": true,
    "tech_change_status": "Not Planned",
    "program_type": "Fixed Wireless and Satellite Upgrade Program",
    "target_eligibility_quarter": "NA"
   }
  },
  {
   "type": "Feature",
   "geometry": {
    "type": "Point",
    "coordinates": [
     115.92669981,
     -32.5089086
    ]
   },
   "properties": {
    "name": "54 BOLLIONG GROVE NORTH DANDALUP 6207",
    "locID": "LOC100080252773",
    "tech": "WIRELESS",
    "upgrade": "NULL_NA",
    "gnaf_pid": "GAWA_721015668",
    "ee": true,
    "tech_change_status": "Not Planned",
    "program_type": "Fixed Wireless and Satellite Upgrade Program",
    "target_eligibility_quarter": "NA"
   }
  },
  {
   "type": "Feature",
   "geometry": {
    "type": "Point",
    "coordinates": [
     115.91635478,
     -32.50759881
    ]
   },
   "properties": {
    "name": "277 HASLUCK CIRCUIT NORTH DANDALUP 6207",
    "locID": "LOC100087569154",
    "tech": "WIRELESS",
    "upgrade": "NULL_NA",
    "gnaf_pid": "GAWA_721016091",
    "ee": true,
    "tech_change_status": "Not Planned",
    "program_type": "Fixed Wireless and Satellite Upgrade Program",
    "target_eligibility_quarter": "NA"
   }
  },
  {
   "type": "Feature",
   "geometry": {
    "type": "Point",
    "coordinates": [
     115.91820903,
     -32.50411067
    ]
   },
   "properties": {
    "name": "320 HASLUCK CIRCUIT NORTH DANDALUP 6207",
    "locID": "LOC100087568311",
    "tech": "WIRELESS",
    "upgrade": "NULL_NA",
    "gnaf_pid": "GAWA_721016893",
    "ee": true,
    "tech_change_status": "Not Planned",
    "program_type": "Fixed Wireless and Satellite Upgrade Program",
    "target_eligibility_quarter": "NA"
   }
  },
  {
   "type": "Feature",
   "geometry": {
    "type": "Point",
    "coordinates": [
     115.99542532,
     -32.51070495
    ]
   },
   "properties": {
    "name": "LOT 813 HINES ROAD NORTH DANDALUP 6207",
    "locID": "LOC000089326554",
    "tech": "WIRELESS",
    "upgrade": "NULL_NA",
    "gnaf_pid": "GAWA_721017345",
    "ee": true,
    "tech_change_status": "Not Planned",
    "program_type": "Fixed Wireless and Satellite Upgrade Program",
    "target_eligibility_quarter": "NA"
   }
  },
  {
   "type": "Feature",
   "geometry": {
    "type": "Point",
    "coordinates": [
     115.92060731,
     -32.51063253
    ]
   },
   "properties": {
    "name": "89 COWCHER VIEW NORTH DANDALUP 6207",
    "locID": "LOC100078878500",
    "tech": "WIRELESS",
    "upgrade": "NULL_NA",
    "gnaf_pid": "GAWA_721017515",
    "ee": true,
    "tech_change_status": "Not Planned",
    "program_type": "Fixed Wireless and Satellite Upgrade Program",
    "target_eligibility_quarter": "NA"
   }
  },
  {
   "type": "Feature",
   "geometry": {
    "type": "Point",
    "coordinates": [
     115.94548664,
     -32.49856872
    ]
   },
   "properties": {
    "name": "LOT 102 READHEADS ROAD NORTH DANDALUP 6207",
    "locID": "LOC000091815793",
    "tech": "WIRELESS",
    "upgrade": "NULL_NA",
    "gnaf_pid": "GAWA_721105426",
    "ee": true,
    "tech_change_status": "Not Planned",
    "program_type": "Fixed Wireless and Satellite Upgrade Program",
    "target_eligibility_quarter": "NA"
   }
  },
  {
   "type": "Feature",
   "geometry": {
    "type": "Point",
    "coordinates": [
     115.92121598,
     -32.50941113
    ]
   },
   "properties": {
    "name": "43 COWCHER VIEW NORTH DANDALUP 6207",
    "locID": "LOC100080640421",
    "tech": "WIRELESS",
    "upgrade": "NULL_NA",
    "gnaf_pid": "GAWA_721107760",
    "ee": true,
    "tech_change_status": "Not Planned",
    "program_type": "Fixed Wireless and Satellite Upgrade Program",
    "target_eligibility_quarter": "NA"
   }
  },
  {
   "type": "Feature",
   "geometry": {
    "type": "Point",
    "coordinates": [
     115.91635443,
     -32.50823428
    ]
   },
   "properties": {
    "name": "273 HASLUCK CIRCUIT NORTH DANDALUP 6207",
    "locID": "LOC100082872746",
    "tech": "WIRELESS",
    "upgrade": "NULL_NA",
    "gnaf_pid": "GAWA_721108215",
    "ee": true,
    "tech_change_status": "Not Planned",
    "program_type": "Fixed Wireless and Satellite Upgrade Program",
    "target_eligibility_quarter": "NA"
   }
  },
  {
   "type": "Feature",
   "geometry": {
    "type": "Point",
    "coordinates": [
     115.92373522,
     -32.50407503
    ]
   },
   "properties": {
    "name": "129 BOLLIONG GROVE NORTH DANDALUP 6207",
    "locID": "LOC100085889245",
    "tech": "WIRELESS",
    "upgrade": "NULL_NA",
    "gnaf_pid": "GAWA_721108836",
    "ee": true,
    "tech_change_status": "Not Planned",
    "program_type": "Fixed Wireless and Satellite Upgrade Program",
    "target_eligibility_quarter": "NA"
   }
  },
  {
   "type": "Feature",
   "geometry": {
    "type": "Point",
    "coordinates": [
     115.93019832,
     -32.52252089
    ]
   },
   "properties": {
    "name": "97 HILLMAN ROAD NORTH DANDALUP 6207",
    "locID": "LOC100087572589",
    "tech": "NULL",
    "upgrade": "NULL_NA",
    "gnaf_pid": "GAWA_721194162",
    "ee": true,
    "tech_change_status": "Not Planned",
    "program_type": "Fixed Wireless and Satellite Upgrade Program",
    "target_eligibility_quarter": "NA"
   }
  },
  {
   "type": "Feature",
   "geometry": {
    "type": "Point",
    "coordinates": [
     115.93010357,
     -32.51042083
    ]
   },
   "properties": {
    "name": "103 WANDERING DRIVE NORTH DANDALUP 6207",
    "locID": "LOC100080978990",
    "tech": "WIRELESS",
    "upgrade": "NULL_NA",
    "gnaf_pid": "GAWA_721194505",
    "ee": true,
    "tech_change_status": "Not Planned",
    "program_type": "Fixed Wireless and Satellite Upgrade Program",
    "target_eligibility_quarter": "NA"
   }
  },
  {
   "type": "Feature",
   "geometry": {
    "type": "Point",
    "coordinates": [
     115.92513965,
     -32.51481972
    ]
   },
   "properties": {
    "name": "14 O'REILLY PLACE NORTH DANDALUP 6207",
    "locID": "LOC000190953523",
    "tech": "WIRELESS",
    "upgrade": "NULL_NA",
    "gnaf_pid": "GAWA_721194596",
    "ee": true,
    "tech_change_status": "Not Planned",
    "program_type": "Fixed Wireless and Satellite Upgrade Program",
    "target_eligibility_quarter": "NA"
   }
  },
  {
   "type": "Feature",
   "geometry": {
    "type": "Point",
    "coordinates": [
     115.92487261,
     -32.50274502
    ]
   },
   "properties": {
    "name": "118 BOLLIONG GROVE NORTH DANDALUP 6207",
    "locID": "LOC100087572536",
    "tech": "WIRELESS",
    "upgrade": "NULL_NA",
    "gnaf_pid": "GAWA_721195847",
    "ee": true,
    "tech_change_status": "Not Planned",
    "program_type": "Fixed Wireless and Satellite Upgrade Program",
    "target_eligibility_quarter": "NA"
   }
  },
  {
   "type": "Feature",
   "geometry": {
    "type": "Point",
    "coordinates": [
     115.93122299,
     -32.52046986
    ]
   },
   "properties": {
    "name": "65 HILLMAN ROAD NORTH DANDALUP 6207",
    "locID": "LOC100087567791",
    "tech": "NULL",
    "upgrade": "NULL_NA",
    "gnaf_pid": "GAWA_721196357",
    "ee": true,
    "tech_change_status": "Not Planned",
    "program_type": "Fixed Wireless and Satellite Upgrade Program",
    "target_eligibility_quarter": "NA"
   }
  },
  {
   "type": "Feature",
   "geometry": {
    "type": "Point",
    "coordinates": [
     115.91497526,
     -32.51304001
    ]
   },
   "properties": {
    "name": "191 HASLUCK CIRCUIT NORTH DANDALUP 6207",
    "locID": "LOC000191468700",
    "tech": "WIRELESS",
    "upgrade": "NULL_NA",
    "gnaf_pid": "GAWA_721196611",
    "ee": true,
    "tech_change_status": "Not Planned",
    "program_type": "Fixed Wireless and Satellite Upgrade Program",
    "target_eligibility_quarter": "NA"
   }
  },
  {
   "type": "Feature",
   "geometry": {
    "type": "Point",
    "coordinates": [
     115.92718615,
     -32.51257442
    ]
   },
   "properties": {
    "name": "8 BOLLIONG GROVE NORTH DANDALUP 6207",
    "locID": "LOC100079062327",
    "tech": "WIRELESS",
    "upgrade": "NULL_NA",
    "gnaf_pid": "GAWA_721196960",
    "ee": true,
    "tech_change_status": "Not Planned",
    "program_type": "Fixed Wireless and Satellite Upgrade Program",
    "target_eligibility_quarter": "NA"
   }
  },
  {
   "type": "Feature",
   "geometry": {
    "type": "Point",
    "coordinates": [
     115.91782957,
     -32.50210633
    ]
   },
   "properties": {
    "name": "336 HASLUCK CIRCUIT NORTH DANDALUP 6207",
    "locID": "LOC100081587966",
    "tech": "WIRELESS",
    "upgrade": "NULL_NA",
    "gnaf_pid": "GAWA_721197134",
    "ee": true,
    "tech_change_status": "Not Planned",
    "program_type": "Fixed Wireless and Satellite Upgrade Program",
    "target_eligibility_quarter": "NA"
   }
  },
  {
   "type": "Feature",
   "geometry": {
    "type": "Point",
    "coordinates": [
     115.91820865,
     -32.50470717
    ]
   },
   "properties": {
    "name": "310 HASLUCK CIRCUIT NORTH DANDALUP 6207",
    "locID": "LOC100080623694",
    "tech": "WIRELESS",
    "upgrade": "NULL_NA",
    "gnaf_pid": "GAWA_721197419",
    "ee": true,
    "tech_change_status": "Not Planned",
    "program_type": "Fixed Wireless and Satellite Upgrade Program",
    "target_eligibility_quarter": "NA"
   }
  },
  {
   "type": "Feature",
   "geometry": {
    "type": "Point",
    "coordinates": [
     115.92845136,
     -32.50390629
    ]
   },
   "properties": {
    "name": "10 WANDERING DRIVE NORTH DANDALUP 6207",
    "locID": "LOC000178701559",
    "tech": "WIRELESS",
    "upgrade": "NULL_NA",
    "gnaf_pid": "GAWA_721197421",
    "ee": true,
    "tech_change_status": "Not Planned",
    "program_type": "Fixed Wireless and Satellite Upgrade Program",
    "target_eligibility_quarter": "NA"
   }
  },
  {
   "type": "Feature",
   "geometry": {
    "type": "Point",
    "coordinates": [
     115.9349915,
     -32.51829499
    ]
   },
   "properties": {
    "name": "16 HILLMAN ROAD NORTH DANDALUP 6207",
    "locID": "LOC100087568250",
    "tech": "WIRELESS",
    "upgrade": "NULL_NA",
    "gnaf_pid": "GAWA_721197554",
    "ee": true,
    "tech_change_status": "Not Planned",
    "program_type": "Fixed Wireless and Satellite Upgrade Program",
    "target_eligibility_quarter": "NA"
   }
  },
  {
   "type": "Feature",
   "geometry": {
    "type": "Point",
    "coordinates": [
     115.91656857,
     -32.50071608
    ]
   },
   "properties": {
    "name": "18 HARDMAN ENTRANCE NORTH DANDALUP 6207",
    "locID": "LOC100089840805",
    "tech": "WIRELESS",
    "upgrade": "NULL_NA",
    "gnaf_pid": "GAWA_721197664",
    "ee": true,
    "tech_change_status": "Not Planned",
    "program_type": "Fixed Wireless and Satellite Upgrade Program",
    "target_eligibility_quarter": "NA"
   }
  },
  {
   "type": "Feature",
   "geometry": {
    "type": "Point",
    "coordinates": [
     115.93019665,
     -32.52188968
    ]
   },
   "properties": {
    "name": "95 HILLMAN ROAD NORTH DANDALUP 6207",
    "locID": "LOC100087568574",
    "tech": "NULL",
    "upgrade": "NULL_NA",
    "gnaf_pid": "GAWA_721198355",
    "ee": true,
    "tech_change_status": "Not Planned",
    "program_type": "Fixed Wireless and Satellite Upgrade Program",
    "target_eligibility_quarter": "NA"
   }
  },
  {
   "type": "Feature",
   "geometry": {
    "type": "Point",
    "coordinates": [
     115.92623839,
     -32.51388639
    ]
   },
   "properties": {
    "name": "13 O'REILLY PLACE NORTH DANDALUP 6207",
    "locID": "LOC000192889066",
    "tech": "WIRELESS",
    "upgrade": "NULL_NA",
    "gnaf_pid": "GAWA_721198392",
    "ee": true,
    "tech_change_status": "Not Planned",
    "program_type": "Fixed Wireless and Satellite Upgrade Program",
    "target_eligibility_quarter": "NA"
   }
  },
  {
   "type": "Feature",
   "geometry": {
    "type": "Point",
    "coordinates": [
     115.91635199,
     -32.50568998
    ]
   },
   "properties": {
    "name": "303 HASLUCK CIRCUIT NORTH DANDALUP 6207",
    "locID": "LOC100087572504",
    "tech": "WIRELESS",
    "upgrade": "NULL_NA",
    "gnaf_pid": "GAWA_721198406",
    "ee": true,
    "tech_change_status": "Not Planned",
    "program_type": "Fixed Wireless and Satellite Upgrade Program",
    "target_eligibility_quarter": "NA"
   }
  },
  {
   "type": "Feature",
   "geometry": {
    "type": "Point",
    "coordinates": [
     115.92387636,
     -32.50277509
    ]
   },
   "properties": {
    "name": "128 BOLLIONG GROVE NORTH DANDALUP 6207",
    "locID": "LOC100087568557",
    "tech": "WIRELESS",
    "upgrade": "NULL_NA",
    "gnaf_pid": "GAWA_721204440",
    "ee": true,
    "tech_change_status": "Not Planned",
    "program_type": "Fixed Wireless and Satellite Upgrade Program",
    "target_eligibility_quarter": "NA"
   }
  },
  {
   "type": "Feature",
   "geometry": {
    "type": "Point",
    "coordinates": [
     115.92445931,
     -32.51619383
    ]
   },
   "properties": {
    "name": "12 AVOCA RETREAT NORTH DANDALUP 6207",
    "locID": "LOC000020453885",
    "tech": "WIRELESS",
    "upgrade": "NULL_NA",
    "gnaf_pid": "GAWA_721204580",
    "ee": true,
    "tech_change_status": "Not Planned",
    "program_type": "Fixed Wireless and Satellite Upgrade Program",
    "target_eligibility_quarter": "NA"
   }
  },
  {
   "type": "Feature",
   "geometry": {
    "type": "Point",
    "coordinates": [
     115.92714475,
     -32.49921317
    ]
   },
   "properties": {
    "name": "505 READHEADS ROAD NORTH DANDALUP 6207",
    "locID": "LOC100087092979",
    "tech": "WIRELESS",
    "upgrade": "NULL_NA",
    "gnaf_pid": "GAWA_721204653",
    "ee": true,
    "tech_change_status": "Not Planned",
    "program_type": "Fixed Wireless and Satellite Upgrade Program",
    "target_eligibility_quarter": "NA"
   }
  },
  {
   "type": "Feature",
   "geometry": {
    "type": "Point",
    "coordinates": [
     115.91469027,
     -32.50696146
    ]
   },
   "properties": {
    "name": "101 HASLUCK CIRCUIT NORTH DANDALUP 6207",
    "locID": "LOC100087569051",
    "tech": "WIRELESS",
    "upgrade": "NULL_NA",
    "gnaf_pid": "GAWA_721204663",
    "ee": true,
    "tech_change_status": "Not Planned",
    "program_type": "Fixed Wireless and Satellite Upgrade Program",
    "target_eligibility_quarter": "NA"
   }
  },
  {
   "type": "Feature",
   "geometry": {
    "type": "Point",
    "coordinates": [
     115.9280566,
     -32.50292528
    ]
   },
   "properties": {
    "name": "6 WANDERING DRIVE NORTH DANDALUP 6207",
    "locID": "LOC000186929607",
    "tech": "WIRELESS",
    "upgrade": "NULL_NA",
    "gnaf_pid": "GAWA_721204980",
    "ee": true,
    "tech_change_status": "Not Planned",
    "program_type": "Fixed Wireless and Satellite Upgrade Program",
    "target_eligibility_quarter": "NA"
   }
  },
  {
   "type": "Feature",
   "geometry": {
    "type": "Point",
    "coordinates": [
     115.93369326,
     -32.51909084
    ]
   },
   "properties": {
    "name": "23 HILLMAN ROAD NORTH DANDALUP 6207",
    "locID": "LOC100087572558",
    "tech": "NULL",
    "upgrade": "NULL_NA",
    "gnaf_pid": "GAWA_721205084",
    "ee": true,
    "tech_change_status": "Not Planned",
    "program_type": "Fixed Wireless and Satellite Upgrade Program",
    "target_eligibility_quarter": "NA"
   }
  },
  {
   "type": "Feature",
   "geometry": {
    "type": "Point",
    "coordinates": [
     115.91572348,
     -32.49945287
    ]
   },
   "properties": {
    "name": "611 READHEADS ROAD NORTH DANDALUP 6207",
    "locID": "LOC100087569131",
    "tech": "WIRELESS",
    "upgrade": "NULL_NA",
    "gnaf_pid": "GAWA_721205144",
    "ee": true,
    "tech_change_status": "Not Planned",
    "program_type": "Fixed Wireless and Satellite Upgrade Program",
    "target_eligibility_quarter": "NA"
   }
  },
  {
   "type": "Feature",
   "geometry": {
    "type": "Point",
    "coordinates": [
     115.91480482,
     -32.49947301
    ]
   },
   "properties": {
    "name": "623 READHEADS ROAD NORTH DANDALUP 6207",
    "locID": "LOC100087568232",
    "tech": "WIRELESS",
    "upgrade": "NULL_NA",
    "gnaf_pid": "GAWA_721205265",
    "ee": true,
    "tech_change_status": "Not Planned",
    "program_type": "Fixed Wireless and Satellite Upgrade Program",
    "target_eligibility_quarter": "NA"
   }
  },
  {
   "type": "Feature",
   "geometry": {
    "type": "Point",
    "coordinates": [
     115.91868642,
     -32.50162853
    ]
   },
   "properties": {
    "name": "3 HASLUCK CIRCUIT NORTH DANDALUP 6207",
    "locID": "LOC100079573432",
    "tech": "WIRELESS",
    "upgrade": "NULL_NA",
    "gnaf_pid": "GAWA_721205454",
    "ee": true,
    "tech_change_status": "Not Planned",
    "program_type": "Fixed Wireless and Satellite Upgrade Program",
    "target_eligibility_quarter": "NA"
   }
  },
  {
   "type": "Feature",
   "geometry": {
    "type": "Point",
    "coordinates": [
     115.91497546,
     -32.51613874
    ]
   },
   "properties": {
    "name": "19 YARLOOP MEWS NORTH DANDALUP 6207",
    "locID": "LOC100087567228",
    "tech": "WIRELESS",
    "upgrade": "NULL_NA",
    "gnaf_pid": "GAWA_721205675",
    "ee": true,
    "tech_change_status": "Not Planned",
    "program_type": "Fixed Wireless and Satellite Upgrade Program",
    "target_eligibility_quarter": "NA"
   }
  },
  {
   "type": "Feature",
   "geometry": {
    "type": "Point",
    "coordinates": [
     115.9146891,
     -32.50950441
    ]
   },
   "properties": {
    "name": "129 HASLUCK CIRCUIT NORTH DANDALUP 6207",
    "locID": "LOC100081376886",
    "tech": "WIRELESS",
    "upgrade": "NULL_NA",
    "gnaf_pid": "GAWA_721205974",
    "ee": true,
    "tech_change_status": "Not Planned",
    "program_type": "Fixed Wireless and Satellite Upgrade Program",
    "target_eligibility_quarter": "NA"
   }
  },
  {
   "type": "Feature",
   "geometry": {
    "type": "Point",
    "coordinates": [
     115.93288107,
     -32.51956475
    ]
   },
   "properties": {
    "name": "9 HERNE ROAD NORTH DANDALUP 6207",
    "locID": "LOC100087567620",
    "tech": "NULL",
    "upgrade": "NULL_NA",
    "gnaf_pid": "GAWA_721206538",
    "ee": true,
    "tech_change_status": "Not Planned",
    "program_type": "Fixed Wireless and Satellite Upgrade Program",
    "target_eligibility_quarter": "NA"
   }
  },
  {
   "type": "Feature",
   "geometry": {
    "type": "Point",
    "coordinates": [
     115.99718302,
     -32.51417991
    ]
   },
   "properties": {
    "name": "248 HINES ROAD NORTH DANDALUP 6207",
    "locID": "LOC100087572527",
    "tech": "WIRELESS",
    "upgrade": "NULL_NA",
    "gnaf_pid": "GAWA_721206729",
    "ee": true,
    "tech_change_status": "Not Planned",
    "program_type": "Fixed Wireless and Satellite Upgrade Program",
    "target_eligibility_quarter": "NA"
   }
  },
  {
   "type": "Feature",
   "geometry": {
    "type": "Point",
    "coordinates": [
     115.92833549,
     -32.50953407
    ]
   },
   "properties": {
    "name": "84 WANDERING DRIVE NORTH DANDALUP 6207",
    "locID": "LOC100081340885",
    "tech": "WIRELESS",
    "upgrade": "NULL_NA",
    "gnaf_pid": "GAWA_721206854",
    "ee": true,
    "tech_change_status": "Not Planned",
    "program_type": "Fixed Wireless and Satellite Upgrade Program",
    "target_eligibility_quarter": "NA"
   }
  },
  {
   "type": "Feature",
   "geometry": {
    "type": "Point",
    "coordinates": [
     115.92448732,
     -32.50167775
    ]
   },
   "properties": {
    "name": "119 HAMELIN ROAD NORTH DANDALUP 6207",
    "locID": "LOC100087562142",
    "tech": "WIRELESS",
    "upgrade": "NULL_NA",
    "gnaf_pid": "GAWA_721206959",
    "ee": true,
    "tech_change_status": "Not Planned",
    "program_type": "Fixed Wireless and Satellite Upgrade Program",
    "target_eligibility_quarter": "NA"
   }
  },
  {
   "type": "Feature",
   "geometry": {
    "type": "Point",
    "coordinates": [
     115.91947833,
     -32.51609458
    ]
   },
   "properties": {
    "name": "96 COWCHER VIEW NORTH DANDALUP 6207",
    "locID": "LOC000184404785",
    "tech": "WIRELESS",
    "upgrade": "NULL_NA",
    "gnaf_pid": "GAWA_721207013",
    "ee": true,
    "tech_change_status": "Not Planned",
    "program_type": "Fixed Wireless and Satellite Upgrade Program",
    "target_eligibility_quarter": "NA"
   }
  },
  {
   "type": "Feature",
   "geometry": {
    "type": "Point",
    "coordinates": [
     115.91698024,
     -32.49903352
    ]
   },
   "properties": {
    "name": "8 HARDMAN ENTRANCE NORTH DANDALUP 6207",
    "locID": "LOC100085858462",
    "tech": "WIRELESS",
    "upgrade": "NULL_NA",
    "gnaf_pid": "GAWA_721207096",
    "ee": true,
    "tech_change_status": "Not Planned",
    "program_type": "Fixed Wireless and Satellite Upgrade Program",
    "target_eligibility_quarter": "NA"
   }
  },
  {
   "type": "Feature",
   "geometry": {
    "type": "Point",
    "coordinates": [
     115.91468998,
     -32.5075972
    ]
   },
   "properties": {
    "name": "113 HASLUCK CIRCUIT NORTH DANDALUP 6207",
    "locID": "LOC100081608543",
    "tech": "WIRELESS",
    "upgrade": "NULL_NA",
    "gnaf_pid": "GAWA_721207706",
    "ee": true,
    "tech_change_status": "Not Planned",
    "program_type": "Fixed Wireless and Satellite Upgrade Program",
    "target_eligibility_quarter": "NA"
   }
  },
  {
   "type": "Feature",
   "geometry": {
    "type": "Point",
    "coordinates": [
     115.92121576,
     -32.51296262
    ]
   },
   "properties": {
    "name": "85 COWCHER VIEW NORTH DANDALUP 6207",
    "locID": "LOC100082712638",
    "tech": "WIRELESS",
    "upgrade": "NULL_NA",
    "gnaf_pid": "GAWA_721207766",
    "ee": true,
    "tech_change_status": "Not Planned",
    "program_type": "Fixed Wireless and Satellite Upgrade Program",
    "target_eligibility_quarter": "NA"
   }
  },
  {
   "type": "Feature",
   "geometry": {
    "type": "Point",
    "coordinates": [
     115.92975931,
     -32.50213358
    ]
   },
   "properties": {
    "name": "LOT 807 HAMELIN ROAD NORTH DANDALUP 6207",
    "locID": "LOC000170930641",
    "tech": "WIRELESS",
    "upgrade": "NULL_NA",
    "gnaf_pid": "GAWA_721209286",
    "ee": true,
    "tech_change_status": "Not Planned",
    "program_type": "Fixed Wireless and Satellite Upgrade Program",
    "target_eligibility_quarter": "NA"
   }
  },
  {
   "type": "Feature",
   "geometry": {
    "type": "Point",
    "coordinates": [
     115.91695005,
     -32.49976428
    ]
   },
   "properties": {
    "name": "10 HARDMAN ENTRANCE NORTH DANDALUP 6207",
    "locID": "LOC100082191269",
    "tech": "WIRELESS",
    "upgrade": "NULL_NA",
    "gnaf_pid": "GAWA_721279586",
    "ee": true,
    "tech_change_status": "Not Planned",
    "program_type": "Fixed Wireless and Satellite Upgrade Program",
    "target_eligibility_quarter": "NA"
   }
  },
  {
   "type": "Feature",
   "geometry": {
    "type": "Point",
    "coordinates": [
     115.91420882,
     -32.51622773
    ]
   },
   "properties": {
    "name": "21 YARLOOP MEWS NORTH DANDALUP 6207",
    "locID": "LOC100087567011",
    "tech": "WIRELESS",
    "upgrade": "NULL_NA",
    "gnaf_pid": "GAWA_721279963",
    "ee": true,
    "tech_change_status": "Not Planned",
    "program_type": "Fixed Wireless and Satellite Upgrade Program",
    "target_eligibility_quarter": "NA"
   }
  },
  {
   "type": "Feature",
   "geometry": {
    "type": "Point",
    "coordinates": [
     115.91635523,
     -32.50632706
    ]
   },
   "properties": {
    "name": "291 HASLUCK CIRCUIT NORTH DANDALUP 6207",
    "locID": "LOC100087568162",
    "tech": "WIRELESS",
    "upgrade": "NULL_NA",
    "gnaf_pid": "GAWA_721280025",
    "ee": true,
    "tech_change_status": "Not Planned",
    "program_type": "Fixed Wireless and Satellite Upgrade Program",
    "target_eligibility_quarter": "NA"
   }
  },
  {
   "type": "Feature",
   "geometry": {
    "type": "Point",
    "coordinates": [
     115.93417161,
     -32.51814569
    ]
   },
   "properties": {
    "name": "22 HILLMAN ROAD NORTH DANDALUP 6207",
    "locID": "LOC100082875282",
    "tech": "NULL",
    "upgrade": "NULL_NA",
    "gnaf_pid": "GAWA_721280089",
    "ee": true,
    "tech_change_status": "Not Planned",
    "program_type": "Fixed Wireless and Satellite Upgrade Program",
    "target_eligibility_quarter": "NA"
   }
  },
  {
   "type": "Feature",
   "geometry": {
    "type": "Point",
    "coordinates": [
     115.91657841,
     -32.51620892
    ]
   },
   "properties": {
    "name": "22 ROLLINS RETREAT NORTH DANDALUP 6207",
    "locID": "LOC100087566821",
    "tech": "WIRELESS",
    "upgrade": "NULL_NA",
    "gnaf_pid": "GAWA_721280118",
    "ee": true,
    "tech_change_status": "Not Planned",
    "program_type": "Fixed Wireless and Satellite Upgrade Program",
    "target_eligibility_quarter": "NA"
   }
  },
  {
   "type": "Feature",
   "geometry": {
    "type": "Point",
    "coordinates": [
     115.93056566,
     -32.52078292
    ]
   },
   "properties": {
    "name": "71 HILLMAN ROAD NORTH DANDALUP 6207",
    "locID": "LOC100087572543",
    "tech": "NULL",
    "upgrade": "NULL_NA",
    "gnaf_pid": "GAWA_721280815",
    "ee": true,
    "tech_change_status": "Not Planned",
    "program_type": "Fixed Wireless and Satellite Upgrade Program",
    "target_eligibility_quarter": "NA"
   }
  },
  {
   "type": "Feature",
   "geometry": {
    "type": "Point",
    "coordinates": [
     115.92454298,
     -32.51276341
    ]
   },
   "properties": {
    "name": "114 FRANKLIN DRIVE NORTH DANDALUP 6207",
    "locID": "LOC000193169060",
    "tech": "WIRELESS",
    "upgrade": "NULL_NA",
    "gnaf_pid": "GAWA_721280999",
    "ee": true,
    "tech_change_status": "Not Planned",
    "program_type": "Fixed Wireless and Satellite Upgrade Program",
    "target_eligibility_quarter": "NA"
   }
  },
  {
   "type": "Feature",
   "geometry": {
    "type": "Point",
    "coordinates": [
     115.96304762,
     -32.51281272
    ]
   },
   "properties": {
    "name": "29 BEAU SOVEREIGN COURT NORTH DANDALUP 6207",
    "locID": "LOC100087568158",
    "tech": "WIRELESS",
    "upgrade": "NULL_NA",
    "gnaf_pid": "GAWA_721281005",
    "ee": true,
    "tech_change_status": "Not Planned",
    "program_type": "Fixed Wireless and Satellite Upgrade Program",
    "target_eligibility_quarter": "NA"
   }
  },
  {
   "type": "Feature",
   "geometry": {
    "type": "Point",
    "coordinates": [
     115.92370171,
     -32.50012417
    ]
   },
   "properties": {
    "name": "120 HAMELIN ROAD NORTH DANDALUP 6207",
    "locID": "LOC100080080494",
    "tech": "WIRELESS",
    "upgrade": "NULL_NA",
    "gnaf_pid": "GAWA_721281099",
    "ee": true,
    "tech_change_status": "Not Planned",
    "program_type": "Fixed Wireless and Satellite Upgrade Program",
    "target_eligibility_quarter": "NA"
   }
  },
  {
   "type": "Feature",
   "geometry": {
    "type": "Point",
    "coordinates": [
     115.92827943,
     -32.50759569
    ]
   },
   "properties": {
    "name": "60 WANDERING DRIVE NORTH DANDALUP 6207",
    "locID": "LOC000183341320",
    "tech": "WIRELESS",
    "upgrade": "NULL_NA",
    "gnaf_pid": "GAWA_721281331",
    "ee": true,
    "tech_change_status": "Not Planned",
    "program_type": "Fixed Wireless and Satellite Upgrade Program",
    "target_eligibility_quarter": "NA"
   }
  },
  {
   "type": "Feature",
   "geometry": {
    "type": "Point",
    "coordinates": [
     115.92453134,
     -32.50407898
    ]
   },
   "properties": {
    "name": "121 BOLLIONG GROVE NORTH DANDALUP 6207",
    "locID": "LOC100085199531",
    "tech": "WIRELESS",
    "upgrade": "NULL_NA",
    "gnaf_pid": "GAWA_721281622",
    "ee": true,
    "tech_change_status": "Not Planned",
    "program_type": "Fixed Wireless and Satellite Upgrade Program",
    "target_eligibility_quarter": "NA"
   }
  },
  {
   "type": "Feature",
   "geometry": {
    "type": "Point",
    "coordinates": [
     115.92791757,
     -32.49934862
    ]
   },
   "properties": {
    "name": "497 READHEADS ROAD NORTH DANDALUP 6207",
    "locID": "LOC100087569120",
    "tech": "WIRELESS",
    "upgrade": "NULL_NA",
    "gnaf_pid": "GAWA_721282008",
    "ee": true,
    "tech_change_status": "Not Planned",
    "program_type": "Fixed Wireless and Satellite Upgrade Program",
    "target_eligibility_quarter": "NA"
   }
  },
  {
   "type": "Feature",
   "geometry": {
    "type": "Point",
    "coordinates": [
     115.91567335,
     -32.5130411
    ]
   },
   "properties": {
    "name": "193 HASLUCK CIRCUIT NORTH DANDALUP 6207",
    "locID": "LOC100087568353",
    "tech": "WIRELESS",
    "upgrade": "NULL_NA",
    "gnaf_pid": "GAWA_721343673",
    "ee": true,
    "tech_change_status": "Not Planned",
    "program_type": "Fixed Wireless and Satellite Upgrade Program",
    "target_eligibility_quarter": "NA"
   }
  },
  {
   "type": "Feature",
   "geometry": {
    "type": "Point",
    "coordinates": [
     115.9694931,
     -32.52042779
    ]
   },
   "properties": {
    "name": "6 CENTRAL AVENUE NORTH DANDALUP 6207",
    "locID": "LOC100084733599",
    "tech": "WIRELESS",
    "upgrade": "NULL_NA",
    "gnaf_pid": "GAWA_721344016",
    "ee": true,
    "tech_change_status": "Not Planned",
    "program_type": "Fixed Wireless and Satellite Upgrade Program",
    "target_eligibility_quarter": "NA"
   }
  },
  {
   "type": "Feature",
   "geometry": {
    "type": "Point",
    "coordinates": [
     115.92921397,
     -32.5115987
    ]
   },
   "properties": {
    "name": "98 WANDERING DRIVE NORTH DANDALUP 6207",
    "locID": "LOC100085221919",
    "tech": "WIRELESS",
    "upgrade": "NULL_NA",
    "gnaf_pid": "GAWA_721344411",
    "ee": true,
    "tech_change_status": "Not Planned",
    "program_type": "Fixed Wireless and Satellite Upgrade Program",
    "target_eligibility_quarter": "NA"
   }
  },
  {
   "type": "Feature",
   "geometry": {
    "type": "Point",
    "coordinates": [
     115.92286931,
     -32.51382189
    ]
   },
   "properties": {
    "name": "115 COWCHER VIEW NORTH DANDALUP 6207",
    "locID": "LOC100087568170",
    "tech": "WIRELESS",
    "upgrade": "NULL_NA",
    "gnaf_pid": "GAWA_721344533",
    "ee": true,
    "tech_change_status": "Not Planned",
    "program_type": "Fixed Wireless and Satellite Upgrade Program",
    "target_eligibility_quarter": "NA"
   }
  },
  {
   "type": "Feature",
   "geometry": {
    "type": "Point",
    "coordinates": [
     115.92716664,
     -32.5014936
    ]
   },
   "properties": {
    "name": "90 HAMELIN ROAD NORTH DANDALUP 6207",
    "locID": "LOC100086303880",
    "tech": "WIRELESS",
    "upgrade": "NULL_NA",
    "gnaf_pid": "GAWA_721344795",
    "ee": true,
    "tech_change_status": "Not Planned",
    "program_type": "Fixed Wireless and Satellite Upgrade Program",
    "target_eligibility_quarter": "NA"
   }
  },
  {
   "type": "Feature",
   "geometry": {
    "type": "Point",
    "coordinates": [
     115.92536374,
     -32.50529852
    ]
   },
   "properties": {
    "name": "91 BOLLIONG GROVE NORTH DANDALUP 6207",
    "locID": "LOC100086870374",
    "tech": "WIRELESS",
    "upgrade": "NULL_NA",
    "gnaf_pid": "GAWA_721344911",
    "ee": true,
    "tech_change_status": "Not Planned",
    "program_type": "Fixed Wireless and Satellite Upgrade Program",
    "target_eligibility_quarter": "NA"
   }
  },
  {
   "type": "Feature",
   "geometry": {
    "type": "Point",
    "coordinates": [
     115.9340372,
     -32.50807207
    ]
   },
   "properties": {
    "name": "60 GILBERT ROAD NORTH DANDALUP 6207",
    "locID": "LOC100070652273",
    "tech": "WIRELESS",
    "upgrade": "NULL_NA",
    "gnaf_pid": "GAWA_721345055",
    "ee": true,
    "tech_change_status": "Not Planned",
    "program_type": "Fixed Wireless and Satellite Upgrade Program",
    "target_eligibility_quarter": "NA"
   }
  },
  {
   "type": "Feature",
   "geometry": {
    "type": "Point",
    "coordinates": [
     115.92303553,
     -32.51290703
    ]
   },
   "properties": {
    "name": "47 AVOCA RETREAT NORTH DANDALUP 6207",
    "locID": "LOC000181899930",
    "tech": "WIRELESS",
    "upgrade": "NULL_NA",
    "gnaf_pid": "GAWA_721346296",
    "ee": true,
    "tech_change_status": "Not Planned",
    "program_type": "Fixed Wireless and Satellite Upgrade Program",
    "target_eligibility_quarter": "NA"
   }
  },
  {
   "type": "Feature",
   "geometry": {
    "type": "Point",
    "coordinates": [
     115.92151545,
     -32.51377558
    ]
   },
   "properties": {
    "name": "109 COWCHER VIEW NORTH DANDALUP 6207",
    "locID": "LOC100087567007",
    "tech": "WIRELESS",
    "upgrade": "NULL_NA",
    "gnaf_pid": "GAWA_721346579",
    "ee": true,
    "tech_change_status": "Not Planned",
    "program_type": "Fixed Wireless and Satellite Upgrade Program",
    "target_eligibility_quarter": "NA"
   }
  },
  {
   "type": "Feature",
   "geometry": {
    "type": "Point",
    "coordinates": [
     115.92682322,
     -32.50489127
    ]
   },
   "properties": {
    "name": "96 BOLLIONG GROVE NORTH DANDALUP 6207",
    "locID": "LOC100078434798",
    "tech": "WIRELESS",
    "upgrade": "NULL_NA",
    "gnaf_pid": "GAWA_721346637",
    "ee": true,
    "tech_change_status": "Not Planned",
    "program_type": "Fixed Wireless and Satellite Upgrade Program",
    "target_eligibility_quarter": "NA"
   }
  },
  {
   "type": "Feature",
   "geometry": {
    "type": "Point",
    "coordinates": [
     115.92215741,
     -32.5157256
    ]
   },
   "properties": {
    "name": "15 AVOCA RETREAT NORTH DANDALUP 6207",
    "locID": "LOC100083385160",
    "tech": "WIRELESS",
    "upgrade": "NULL_NA",
    "gnaf_pid": "GAWA_721346685",
    "ee": true,
    "tech_change_status": "Not Planned",
    "program_type": "Fixed Wireless and Satellite Upgrade Program",
    "target_eligibility_quarter": "NA"
   }
  },
  {
   "type": "Feature",
   "geometry": {
    "type": "Point",
    "coordinates": [
     115.93325894,
     -32.50824997
    ]
   },
   "properties": {
    "name": "LOT 63 GILBERT ROAD NORTH DANDALUP 6207",
    "locID": "LOC100079705027",
    "tech": "WIRELESS",
    "upgrade": "NULL_NA",
    "gnaf_pid": "GAWA_721347892",
    "ee": true,
    "tech_change_status": "Not Planned",
    "program_type": "Fixed Wireless and Satellite Upgrade Program",
    "target_eligibility_quarter": "NA"
   }
  },
  {
   "type": "Feature",
   "geometry": {
    "type": "Point",
    "coordinates": [
     115.92060731,
     -32.51063253
    ]
   },
   "properties": {
    "name": "18 COWCHER VIEW NORTH DANDALUP 6207",
    "locID": "LOC000187246325",
    "tech": "WIRELESS",
    "upgrade": "NULL_NA",
    "gnaf_pid": "GAWA_721351088",
    "ee": true,
    "tech_change_status": "Not Planned",
    "program_type": "Fixed Wireless and Satellite Upgrade Program",
    "target_eligibility_quarter": "NA"
   }
  },
  {
   "type": "Feature",
   "geometry": {
    "type": "Point",
    "coordinates": [
     115.9902756,
     -32.50099907
    ]
   },
   "properties": {
    "name": "38 REIDES ROAD NORTH DANDALUP 6207",
    "locID": "LOC000132868331",
    "tech": "WIRELESS",
    "upgrade": "NULL_NA",
    "gnaf_pid": "GAWA_721406301",
    "ee": true,
    "tech_change_status": "Not Planned",
    "program_type": "Fixed Wireless and Satellite Upgrade Program",
    "target_eligibility_quarter": "NA"
   }
  },
  {
   "type": "Feature",
   "geometry": {
    "type": "Point",
    "coordinates": [
     115.92229519,
     -32.50939899
    ]
   },
   "properties": {
    "name": "89 AVOCA RETREAT NORTH DANDALUP 6207",
    "locID": "LOC000190880345",
    "tech": "WIRELESS",
    "upgrade": "NULL_NA",
    "gnaf_pid": "GAWA_721406480",
    "ee": true,
    "tech_change_status": "Not Planned",
    "program_type": "Fixed Wireless and Satellite Upgrade Program",
    "target_eligibility_quarter": "NA"
   }
  },
  {
   "type": "Feature",
   "geometry": {
    "type": "Point",
    "coordinates": [
     115.92115746,
     -32.50091257
    ]
   },
   "properties": {
    "name": "1 HASLUCK CIRCUIT NORTH DANDALUP 6207",
    "locID": "LOC100081608543",
    "tech": "WIRELESS",
    "upgrade": "NULL_NA",
    "gnaf_pid": "GAWA_721406544",
    "ee": true,
    "tech_change_status": "Not Planned",
    "program_type": "Fixed Wireless and Satellite Upgrade Program",
    "target_eligibility_quarter": "NA"
   }
  },
  {
   "type": "Feature",
   "geometry": {
    "type": "Point",
    "coordinates": [
     115.93325894,
     -32.50824997
    ]
   },
   "properties": {
    "name": "LOT 60 GILBERT ROAD NORTH DANDALUP 6207",
    "locID": "LOC100070652273",
    "tech": "WIRELESS",
    "upgrade": "NULL_NA",
    "gnaf_pid": "GAWA_721409333",
    "ee": true,
    "tech_change_status": "Not Planned",
    "program_type": "Fixed Wireless and Satellite Upgrade Program",
    "target_eligibility_quarter": "NA"
   }
  },
  {
   "type": "Feature",
   "geometry": {
    "type": "Point",
    "coordinates": [
     115.92411491,
     -32.51091072
    ]
   },
   "properties": {
    "name": "68 AVOCA RETREAT NORTH DANDALUP 6207",
    "locID": "LOC100085232095",
    "tech": "WIRELESS",
    "upgrade": "NULL_NA",
    "gnaf_pid": "GAWA_721463453",
    "ee": true,
    "tech_change_status": "Not Planned",
    "program_type": "Fixed Wireless and Satellite Upgrade Program",
    "target_eligibility_quarter": "NA"
   }
  },
  {
   "type": "Feature",
   "geometry": {
    "type": "Point",
    "coordinates": [
     115.92682044,
     -32.51087398
    ]
   },
   "properties": {
    "name": "28 BOLLIONG GROVE NORTH DANDALUP 6207",
    "locID": "LOC100087566995",
    "tech": "WIRELESS",
    "upgrade": "NULL_NA",
    "gnaf_pid": "GAWA_721463552",
    "ee": true,
    "tech_change_status": "Not Planned",
    "program_type": "Fixed Wireless and Satellite Upgrade Program",
    "target_eligibility_quarter": "NA"
   }
  },
  {
   "type": "Feature",
   "geometry": {
    "type": "Point",
    "coordinates": [
     115.9788703,
     -32.50978625
    ]
   },
   "properties": {
    "name": "25 HINES ROAD NORTH DANDALUP 6207",
    "locID": "LOC100087572438",
    "tech": "WIRELESS",
    "upgrade": "NULL_NA",
    "gnaf_pid": "GAWA_721463635",
    "ee": true,
    "tech_change_status": "Not Planned",
    "program_type": "Fixed Wireless and Satellite Upgrade Program",
    "target_eligibility_quarter": "NA"
   }
  },
  {
   "type": "Feature",
   "geometry": {
    "type": "Point",
    "coordinates": [
     115.92501144,
     -32.5098788
    ]
   },
   "properties": {
    "name": "39 BOLLIONG GROVE NORTH DANDALUP 6207",
    "locID": "LOC100085099449",
    "tech": "WIRELESS",
    "upgrade": "NULL_NA",
    "gnaf_pid": "GAWA_721464478",
    "ee": true,
    "tech_change_status": "Not Planned",
    "program_type": "Fixed Wireless and Satellite Upgrade Program",
    "target_eligibility_quarter": "NA"
   }
  },
  {
   "type": "Feature",
   "geometry": {
    "type": "Point",
    "coordinates": [
     115.91468482,
     -32.51077634
    ]
   },
   "properties": {
    "name": "143 HASLUCK CIRCUIT NORTH DANDALUP 6207",
    "locID": "LOC100087562161",
    "tech": "WIRELESS",
    "upgrade": "NULL_NA",
    "gnaf_pid": "GAWA_721464504",
    "ee": true,
    "tech_change_status": "Not Planned",
    "program_type": "Fixed Wireless and Satellite Upgrade Program",
    "target_eligibility_quarter": "NA"
   }
  },
  {
   "type": "Feature",
   "geometry": {
    "type": "Point",
    "coordinates": [
     115.91955401,
     -32.49909756
    ]
   },
   "properties": {
    "name": "577 READHEADS ROAD NORTH DANDALUP 6207",
    "locID": "LOC100087572440",
    "tech": "WIRELESS",
    "upgrade": "NULL_NA",
    "gnaf_pid": "GAWA_721465281",
    "ee": true,
    "tech_change_status": "Not Planned",
    "program_type": "Fixed Wireless and Satellite Upgrade Program",
    "target_eligibility_quarter": "NA"
   }
  },
  {
   "type": "Feature",
   "geometry": {
    "type": "Point",
    "coordinates": [
     115.91426082,
     -32.5129813
    ]
   },
   "properties": {
    "name": "161 HASLUCK CIRCUIT NORTH DANDALUP 6207",
    "locID": "LOC100085806801",
    "tech": "WIRELESS",
    "upgrade": "NULL_NA",
    "gnaf_pid": "GAWA_721530636",
    "ee": true,
    "tech_change_status": "Not Planned",
    "program_type": "Fixed Wireless and Satellite Upgrade Program",
    "target_eligibility_quarter": "NA"
   }
  },
  {
   "type": "Feature",
   "geometry": {
    "type": "Point",
    "coordinates": [
     115.97071565,
     -32.52151448
    ]
   },
   "properties": {
    "name": "4255 SOUTH WESTERN HIGHWAY NORTH DANDALUP 6207",
    "locID": "LOC000019847919",
    "tech": "WIRELESS",
    "upgrade": "NULL_NA",
    "gnaf_pid": "GAWA_721530926",
    "ee": true,
    "tech_change_status": "Not Planned",
    "program_type": "Fixed Wireless and Satellite Upgrade Program",
    "target_eligibility_quarter": "NA"
   }
  },
  {
   "type": "Feature",
   "geometry": {
    "type": "Point",
    "coordinates": [
     115.92998035,
     -32.49934893
    ]
   },
   "properties": {
    "name": "481 READHEADS ROAD NORTH DANDALUP 6207",
    "locID": "LOC100087645425",
    "tech": "WIRELESS",
    "upgrade": "NULL_NA",
    "gnaf_pid": "GAWA_721533302",
    "ee": true,
    "tech_change_status": "Not Planned",
    "program_type": "Fixed Wireless and Satellite Upgrade Program",
    "target_eligibility_quarter": "NA"
   }
  },
  {
   "type": "Feature",
   "geometry": {
    "type": "Point",
    "coordinates": [
     115.92127929,
     -32.5064034
    ]
   },
   "properties": {
    "name": "12 MALLONE ROAD NORTH DANDALUP 6207",
    "locID": "LOC000181899003",
    "tech": "WIRELESS",
    "upgrade": "NULL_NA",
    "gnaf_pid": "GAWA_721533951",
    "ee": true,
    "tech_change_status": "Not Planned",
    "program_type": "Fixed Wireless and Satellite Upgrade Program",
    "target_eligibility_quarter": "NA"
   }
  },
  {
   "type": "Feature",
   "geometry": {
    "type": "Point",
    "coordinates": [
     115.92060731,
     -32.51063253
    ]
   },
   "properties": {
    "name": "LOT 23 COWCHER VIEW NORTH DANDALUP 6207",
    "locID": "LOC100087729770",
    "tech": "WIRELESS",
    "upgrade": "NULL_NA",
    "gnaf_pid": "GAWA_721554792",
    "ee": true,
    "tech_change_status": "Not Planned",
    "program_type": "Fixed Wireless and Satellite Upgrade Program",
    "target_eligibility_quarter": "NA"
   }
  }
 ]
}