{
 "type": "FeatureCollection",
 "generated": "2025-06-19T13:04:23.087302",
 "suburb": "PEMBERTON",
 "features": [
  {
   "type": "Feature",
   "geometry": {
    "type": "Point",
    "coordinates": [
     116.0344,
     -34.44596
    ]
   },
   "properties": {
    "name": "5 GUPPY STREET PEMBERTON 6260",
    "locID": "LOC000079579498",
    "tech": "FTTN",
    "upgrade": "NULL_NA",
    "gnaf_pid": "GAWA_146909204",
    "ee": true,
    "tech_change_status": "Not Planned"
   }
  },
  {
   "type": "Feature",
   "geometry": {
    "type": "Point",
    "coordinates": [
     116.03458,
     -34.44586
    ]
   },
   "properties": {
    "name": "7 GUPPY STREET PEMBERTON 6260",
    "locID": "LOC000065910635",
    "tech": "FTTN",
    "upgrade": "NULL_NA",
    "gnaf_pid": "GAWA_146909205",
    "ee": true,
    "tech_change_status": "Not Planned"
   }
  },
  {
   "type": "Feature",
   "geometry": {
    "type": "Point",
    "coordinates": [
     116.03476,
     -34.44575
    ]
   },
   "properties": {
    "name": "9 GUPPY STREET PEMBERTON 6260",
    "locID": "LOC000084649247",
    "tech": "FTTN",
    "upgrade": "NULL_NA",
    "gnaf_pid": "GAWA_146909206",
    "ee": true,
    "tech_change_status": "Not Planned"
   }
  },
  {
   "type": "Feature",
   "geometry": {
    "type": "Point",
    "coordinates": [
     116.03494,
     -34.44565
    ]
   },
   "properties": {
    "name": "11 GUPPY STREET PEMBERTON 6260",
    "locID": "LOC000181044012",
    "tech": "FTTN",
    "upgrade": "NULL_NA",
    "gnaf_pid": "GAWA_146909207",
    "ee": true,
    "tech_change_status": "Not Planned"
   }
  },
  {
   "type": "Feature",
   "geometry": {
    "type": "Point",
    "coordinates": [
     116.03511,
     -34.44555
    ]
   },
   "properties": {
    "name": "13 GUPPY STREET PEMBERTON 6260",
    "locID": "LOC000100091111",
    "tech": "FTTN",
    "upgrade": "NULL_NA",
    "gnaf_pid": "GAWA_146909208",
    "ee": true,
    "tech_change_status": "Not Planned"
   }
  },
  {
   "type": "Feature",
   "geometry": {
    "type": "Point",
    "coordinates": [
     116.03607,
     -34.44636
    ]
   },
   "properties": {
    "name": "15 JAMIESON STREET PEMBERTON 6260",
    "locID": "LOC000080181806",
    "tech": "FTTN",
    "upgrade": "NULL_NA",
    "gnaf_pid": "GAWA_146909209",
    "ee": true,
    "tech_change_status": "Not Planned"
   }
  },
  {
   "type": "Feature",
   "geometry": {
    "type": "Point",
    "coordinates": [
     116.03501,
     -34.447
    ]
   },
   "properties": {
    "name": "3 JAMIESON STREET PEMBERTON 6260",
    "locID": "LOC000092969106",
    "tech": "FTTN",
    "upgrade": "NULL_NA",
    "gnaf_pid": "GAWA_146909210",
    "ee": true,
    "tech_change_status": "Not Planned"
   }
  },
  {
   "type": "Feature",
   "geometry": {
    "type": "Point",
    "coordinates": [
     116.03519,
     -34.44689
    ]
   },
   "properties": {
    "name": "5 JAMIESON STREET PEMBERTON 6260",
    "locID": "LOC000108852619",
    "tech": "FTTN",
    "upgrade": "NULL_NA",
    "gnaf_pid": "GAWA_146909211",
    "ee": true,
    "tech_change_status": "Not Planned"
   }
  },
  {
   "type": "Feature",
   "geometry": {
    "type": "Point",
    "coordinates": [
     116.03537,
     -34.44679
    ]
   },
   "properties": {
    "name": "7 JAMIESON STREET PEMBERTON 6260",
    "locID": "LOC000082249045",
    "tech": "FTTN",
    "upgrade": "NULL_NA",
    "gnaf_pid": "GAWA_146909212",
    "ee": true,
    "tech_change_status": "Not Planned"
   }
  },
  {
   "type": "Feature",
   "geometry": {
    "type": "Point",
    "coordinates": [
     116.03554,
     -34.44668
    ]
   },
   "properties": {
    "name": "9 JAMIESON STREET PEMBERTON 6260",
    "locID": "LOC000081010981",
    "tech": "FTTN",
    "upgrade": "NULL_NA",
    "gnaf_pid": "GAWA_146909213",
    "ee": true,
    "tech_change_status": "Not Planned"
   }
  },
  {
   "type": "Feature",
   "geometry": {
    "type": "Point",
    "coordinates": [
     116.0387,
     -34.44284
    ]
   },
   "properties": {
    "name": "102 BROCKMAN STREET PEMBERTON 6260",
    "locID": "LOC000013723103",
    "tech": "FTTN",
    "upgrade": "NULL_NA",
    "gnaf_pid": "GAWA_146909215",
    "ee": true,
    "tech_change_status": "Not Planned"
   }
  },
  {
   "type": "Feature",
   "geometry": {
    "type": "Point",
    "coordinates": [
     116.03853,
     -34.44294
    ]
   },
   "properties": {
    "name": "100 BROCKMAN STREET PEMBERTON 6260",
    "locID": "LOC000022851475",
    "tech": "FTTN",
    "upgrade": "NULL_NA",
    "gnaf_pid": "GAWA_146910098",
    "ee": true,
    "tech_change_status": "Not Planned"
   }
  },
  {
   "type": "Feature",
   "geometry": {
    "type": "Point",
    "coordinates": [
     116.03888,
     -34.44273
    ]
   },
   "properties": {
    "name": "104 BROCKMAN STREET PEMBERTON 6260",
    "locID": "LOC000029552886",
    "tech": "FTTN",
    "upgrade": "NULL_NA",
    "gnaf_pid": "GAWA_146910099",
    "ee": true,
    "tech_change_status": "Not Planned"
   }
  },
  {
   "type": "Feature",
   "geometry": {
    "type": "Point",
    "coordinates": [
     116.03975963,
     -34.44753637
    ]
   },
   "properties": {
    "name": "5 ROBINSON STREET PEMBERTON 6260",
    "locID": "LOC000171624989",
    "tech": "FTTN",
    "upgrade": "FTTP",
    "gnaf_pid": "GAWA_146910746",
    "ee": true,
    "tech_change_status": "Eligible to Order"
   }
  },
  {
   "type": "Feature",
   "geometry": {
    "type": "Point",
    "coordinates": [
     116.04036,
     -34.44742
    ]
   },
   "properties": {
    "name": "38 GLEW STREET PEMBERTON 6260",
    "locID": "LOC000066559351",
    "tech": "FTTN",
    "upgrade": "FTTP",
    "gnaf_pid": "GAWA_146910752",
    "ee": true,
    "tech_change_status": "Eligible to Order"
   }
  },
  {
   "type": "Feature",
   "geometry": {
    "type": "Point",
    "coordinates": [
     116.04057,
     -34.4473
    ]
   },
   "properties": {
    "name": "40 GLEW STREET PEMBERTON 6260",
    "locID": "LOC000037015323",
    "tech": "FTTN",
    "upgrade": "FTTP",
    "gnaf_pid": "GAWA_146910753",
    "ee": true,
    "tech_change_status": "Eligible to Order"
   }
  },
  {
   "type": "Feature",
   "geometry": {
    "type": "Point",
    "coordinates": [
     116.04078,
     -34.44717
    ]
   },
   "properties": {
    "name": "42 GLEW STREET PEMBERTON 6260",
    "locID": "LOC000047911005",
    "tech": "FTTP",
    "upgrade": "NULL_NA",
    "gnaf_pid": "GAWA_146910754",
    "ee": true
   }
  },
  {
   "type": "Feature",
   "geometry": {
    "type": "Point",
    "coordinates": [
     116.04096,
     -34.44707
    ]
   },
   "properties": {
    "name": "44 GLEW STREET PEMBERTON 6260",
    "locID": "LOC000091466650",
    "tech": "FTTN",
    "upgrade": "FTTP",
    "gnaf_pid": "GAWA_146910755",
    "ee": true,
    "tech_change_status": "Eligible to Order"
   }
  },
  {
   "type": "Feature",
   "geometry": {
    "type": "Point",
    "coordinates": [
     116.04114,
     -34.44696
    ]
   },
   "properties": {
    "name": "46 GLEW STREET PEMBERTON 6260",
    "locID": "LOC000095981102",
    "tech": "FTTN",
    "upgrade": "FTTP",
    "gnaf_pid": "GAWA_146910756",
    "ee": true,
    "tech_change_status": "Eligible to Order"
   }
  },
  {
   "type": "Feature",
   "geometry": {
    "type": "Point",
    "coordinates": [
     116.03906,
     -34.44263
    ]
   },
   "properties": {
    "name": "106 BROCKMAN STREET PEMBERTON 6260",
    "locID": "LOC000023714253",
    "tech": "FTTN",
    "upgrade": "NULL_NA",
    "gnaf_pid": "GAWA_146910820",
    "ee": true,
    "tech_change_status": "Not Planned"
   }
  },
  {
   "type": "Feature",
   "geometry": {
    "type": "Point",
    "coordinates": [
     116.03924,
     -34.44252
    ]
   },
   "properties": {
    "name": "108 BROCKMAN STREET PEMBERTON 6260",
    "locID": "LOC000055579487",
    "tech": "FTTN",
    "upgrade": "NULL_NA",
    "gnaf_pid": "GAWA_146910821",
    "ee": true,
    "tech_change_status": "Not Planned"
   }
  },
  {
   "type": "Feature",
   "geometry": {
    "type": "Point",
    "coordinates": [
     116.03942,
     -34.44242
    ]
   },
   "properties": {
    "name": "110 BROCKMAN STREET PEMBERTON 6260",
    "locID": "LOC000064739155",
    "tech": "FTTN",
    "upgrade": "NULL_NA",
    "gnaf_pid": "GAWA_146910822",
    "ee": true,
    "tech_change_status": "Not Planned"
   }
  },
  {
   "type": "Feature",
   "geometry": {
    "type": "Point",
    "coordinates": [
     116.0396,
     -34.44232
    ]
   },
   "properties": {
    "name": "112 BROCKMAN STREET PEMBERTON 6260",
    "locID": "LOC000069785618",
    "tech": "FTTN",
    "upgrade": "NULL_NA",
    "gnaf_pid": "GAWA_146910823",
    "ee": true,
    "tech_change_status": "Not Planned"
   }
  },
  {
   "type": "Feature",
   "geometry": {
    "type": "Point",
    "coordinates": [
     116.03978,
     -34.44222
    ]
   },
   "properties": {
    "name": "114 BROCKMAN STREET PEMBERTON 6260",
    "locID": "LOC000102523776",
    "tech": "FTTN",
    "upgrade": "NULL_NA",
    "gnaf_pid": "GAWA_146910824",
    "ee": true,
    "tech_change_status": "Not Planned"
   }
  },
  {
   "type": "Feature",
   "geometry": {
    "type": "Point",
    "coordinates": [
     116.04113112,
     -34.4428041
    ]
   },
   "properties": {
    "name": "65 JAMIESON STREET PEMBERTON 6260",
    "locID": "LOC000060091983",
    "tech": "FTTN",
    "upgrade": "NULL_NA",
    "gnaf_pid": "GAWA_146910826",
    "ee": true,
    "tech_change_status": "Not Planned"
   }
  },
  {
   "type": "Feature",
   "geometry": {
    "type": "Point",
    "coordinates": [
     116.03887,
     -34.44335
    ]
   },
   "properties": {
    "name": "49 GUPPY STREET PEMBERTON 6260",
    "locID": "LOC000107919452",
    "tech": "FTTN",
    "upgrade": "NULL_NA",
    "gnaf_pid": "GAWA_146910827",
    "ee": true,
    "tech_change_status": "Not Planned"
   }
  },
  {
   "type": "Feature",
   "geometry": {
    "type": "Point",
    "coordinates": [
     116.03905,
     -34.44325
    ]
   },
   "properties": {
    "name": "51 GUPPY STREET PEMBERTON 6260",
    "locID": "LOC000019533139",
    "tech": "FTTN",
    "upgrade": "NULL_NA",
    "gnaf_pid": "GAWA_146910828",
    "ee": true,
    "tech_change_status": "Not Planned"
   }
  },
  {
   "type": "Feature",
   "geometry": {
    "type": "Point",
    "coordinates": [
     116.03923,
     -34.44314
    ]
   },
   "properties": {
    "name": "53 GUPPY STREET PEMBERTON 6260",
    "locID": "LOC000079579498",
    "tech": "FTTN",
    "upgrade": "NULL_NA",
    "gnaf_pid": "GAWA_146910829",
    "ee": true,
    "tech_change_status": "Not Planned"
   }
  },
  {
   "type": "Feature",
   "geometry": {
    "type": "Point",
    "coordinates": [
     116.03941,
     -34.44304
    ]
   },
   "properties": {
    "name": "55 GUPPY STREET PEMBERTON 6260",
    "locID": "LOC000045640289",
    "tech": "FTTN",
    "upgrade": "NULL_NA",
    "gnaf_pid": "GAWA_146910830",
    "ee": true,
    "tech_change_status": "Not Planned"
   }
  },
  {
   "type": "Feature",
   "geometry": {
    "type": "Point",
    "coordinates": [
     116.03344055,
     -34.44627989
    ]
   },
   "properties": {
    "name": "2 DEAN STREET PEMBERTON 6260",
    "locID": "LOC000016172219",
    "tech": "FTTN",
    "upgrade": "NULL_NA",
    "gnaf_pid": "GAWA_146912141",
    "ee": true,
    "tech_change_status": "Not Planned"
   }
  },
  {
   "type": "Feature",
   "geometry": {
    "type": "Point",
    "coordinates": [
     116.03745,
     -34.44357
    ]
   },
   "properties": {
    "name": "90 BROCKMAN STREET PEMBERTON 6260",
    "locID": "LOC000103578869",
    "tech": "FTTN",
    "upgrade": "NULL_NA",
    "gnaf_pid": "GAWA_146918829",
    "ee": true,
    "tech_change_status": "Not Planned"
   }
  },
  {
   "type": "Feature",
   "geometry": {
    "type": "Point",
    "coordinates": [
     116.03763,
     -34.44347
    ]
   },
   "properties": {
    "name": "92 BROCKMAN STREET PEMBERTON 6260",
    "locID": "LOC000019582517",
    "tech": "FTTN",
    "upgrade": "NULL_NA",
    "gnaf_pid": "GAWA_146918830",
    "ee": true,
    "tech_change_status": "Not Planned"
   }
  },
  {
   "type": "Feature",
   "geometry": {
    "type": "Point",
    "coordinates": [
     116.04024763,
     -34.44748994
    ]
   },
   "properties": {
    "name": "36 GLEW STREET PEMBERTON 6260",
    "locID": "LOC000054090169",
    "tech": "FTTP",
    "upgrade": "NULL_NA",
    "gnaf_pid": "GAWA_146923516",
    "ee": true,
    "tech_change_status": "Previous Tech Disconnected"
   }
  },
  {
   "type": "Feature",
   "geometry": {
    "type": "Point",
    "coordinates": [
     116.04038798,
     -34.45046423
    ]
   },
   "properties": {
    "name": "6 KENNEDY STREET PEMBERTON 6260",
    "locID": "LOC000005691160",
    "tech": "FTTP",
    "upgrade": "NULL_NA",
    "gnaf_pid": "GAWA_146923518",
    "ee": true
   }
  },
  {
   "type": "Feature",
   "geometry": {
    "type": "Point",
    "coordinates": [
     116.03929,
     -34.44668
    ]
   },
   "properties": {
    "name": "34 LEFROY STREET PEMBERTON 6260",
    "locID": "LOC000063902638",
    "tech": "FTTN",
    "upgrade": "NULL_NA",
    "gnaf_pid": "GAWA_146923584",
    "ee": true,
    "tech_change_status": "Not Planned"
   }
  },
  {
   "type": "Feature",
   "geometry": {
    "type": "Point",
    "coordinates": [
     116.03884,
     -34.44613
    ]
   },
   "properties": {
    "name": "33 LEFROY STREET PEMBERTON 6260",
    "locID": "LOC000100955996",
    "tech": "FTTN",
    "upgrade": "NULL_NA",
    "gnaf_pid": "GAWA_146923585",
    "ee": true,
    "tech_change_status": "Not Planned"
   }
  },
  {
   "type": "Feature",
   "geometry": {
    "type": "Point",
    "coordinates": [
     116.0385,
     -34.44574
    ]
   },
   "properties": {
    "name": "34 JAMIESON STREET PEMBERTON 6260",
    "locID": "LOC000037353278",
    "tech": "FTTN",
    "upgrade": "NULL_NA",
    "gnaf_pid": "GAWA_146923586",
    "ee": true,
    "tech_change_status": "Not Planned"
   }
  },
  {
   "type": "Feature",
   "geometry": {
    "type": "Point",
    "coordinates": [
     116.03975,
     -34.44502
    ]
   },
   "properties": {
    "name": "48 JAMIESON STREET PEMBERTON 6260",
    "locID": "LOC000047583342",
    "tech": "FTTN",
    "upgrade": "NULL_NA",
    "gnaf_pid": "GAWA_146923587",
    "ee": true,
    "tech_change_status": "Not Planned"
   }
  },
  {
   "type": "Feature",
   "geometry": {
    "type": "Point",
    "coordinates": [
     116.04008,
     -34.44541
    ]
   },
   "properties": {
    "name": "47 LEFROY STREET PEMBERTON 6260",
    "locID": "LOC000066143939",
    "tech": "FTTN",
    "upgrade": "NULL_NA",
    "gnaf_pid": "GAWA_146923588",
    "ee": true,
    "tech_change_status": "Not Planned"
   }
  },
  {
   "type": "Feature",
   "geometry": {
    "type": "Point",
    "coordinates": [
     116.04054,
     -34.44595
    ]
   },
   "properties": {
    "name": "48 LEFROY STREET PEMBERTON 6260",
    "locID": "LOC000066784173",
    "tech": "FTTN",
    "upgrade": "NULL_NA",
    "gnaf_pid": "GAWA_146923589",
    "ee": true,
    "tech_change_status": "Not Planned"
   }
  },
  {
   "type": "Feature",
   "geometry": {
    "type": "Point",
    "coordinates": [
     116.03929,
     -34.44448
    ]
   },
   "properties": {
    "name": "47 JAMIESON STREET PEMBERTON 6260",
    "locID": "LOC000038865106",
    "tech": "FTTN",
    "upgrade": "NULL_NA",
    "gnaf_pid": "GAWA_146923590",
    "ee": true,
    "tech_change_status": "Not Planned"
   }
  },
  {
   "type": "Feature",
   "geometry": {
    "type": "Point",
    "coordinates": [
     116.03896,
     -34.44409
    ]
   },
   "properties": {
    "name": "48 GUPPY STREET PEMBERTON 6260",
    "locID": "LOC000024760475",
    "tech": "FTTN",
    "upgrade": "NULL_NA",
    "gnaf_pid": "GAWA_146923591",
    "ee": true,
    "tech_change_status": "Not Planned"
   }
  },
  {
   "type": "Feature",
   "geometry": {
    "type": "Point",
    "coordinates": [
     116.03771,
     -34.44482
    ]
   },
   "properties": {
    "name": "34 GUPPY STREET PEMBERTON 6260",
    "locID": "LOC000040162789",
    "tech": "FTTN",
    "upgrade": "NULL_NA",
    "gnaf_pid": "GAWA_146923592",
    "ee": true,
    "tech_change_status": "Not Planned"
   }
  },
  {
   "type": "Feature",
   "geometry": {
    "type": "Point",
    "coordinates": [
     116.03805,
     -34.44521
    ]
   },
   "properties": {
    "name": "33 JAMIESON STREET PEMBERTON 6260",
    "locID": "LOC000012381151",
    "tech": "FTTN",
    "upgrade": "NULL_NA",
    "gnaf_pid": "GAWA_146923593",
    "ee": true,
    "tech_change_status": "Not Planned"
   }
  },
  {
   "type": "Feature",
   "geometry": {
    "type": "Point",
    "coordinates": [
     116.03947,
     -34.44657
    ]
   },
   "properties": {
    "name": "36 LEFROY STREET PEMBERTON 6260",
    "locID": "LOC000088775656",
    "tech": "FTTN",
    "upgrade": "NULL_NA",
    "gnaf_pid": "GAWA_146923594",
    "ee": true,
    "tech_change_status": "Not Planned"
   }
  },
  {
   "type": "Feature",
   "geometry": {
    "type": "Point",
    "coordinates": [
     116.03965,
     -34.44646
    ]
   },
   "properties": {
    "name": "38 LEFROY STREET PEMBERTON 6260",
    "locID": "LOC000084111898",
    "tech": "FTTN",
    "upgrade": "NULL_NA",
    "gnaf_pid": "GAWA_146923595",
    "ee": true,
    "tech_change_status": "Not Planned"
   }
  },
  {
   "type": "Feature",
   "geometry": {
    "type": "Point",
    "coordinates": [
     116.03983,
     -34.44636
    ]
   },
   "properties": {
    "name": "40 LEFROY STREET PEMBERTON 6260",
    "locID": "LOC000013717579",
    "tech": "FTTN",
    "upgrade": "NULL_NA",
    "gnaf_pid": "GAWA_146923596",
    "ee": true,
    "tech_change_status": "Not Planned"
   }
  },
  {
   "type": "Feature",
   "geometry": {
    "type": "Point",
    "coordinates": [
     116.03698,
     -34.44585
    ]
   },
   "properties": {
    "name": "23 JAMIESON STREET PEMBERTON 6260",
    "locID": "LOC000004598261",
    "tech": "FTTN",
    "upgrade": "NULL_NA",
    "gnaf_pid": "GAWA_146923757",
    "ee": true,
    "tech_change_status": "Not Planned"
   }
  },
  {
   "type": "Feature",
   "geometry": {
    "type": "Point",
    "coordinates": [
     116.03716,
     -34.44574
    ]
   },
   "properties": {
    "name": "25 JAMIESON STREET PEMBERTON 6260",
    "locID": "LOC000008675981",
    "tech": "FTTN",
    "upgrade": "NULL_NA",
    "gnaf_pid": "GAWA_146923758",
    "ee": true,
    "tech_change_status": "Not Planned"
   }
  },
  {
   "type": "Feature",
   "geometry": {
    "type": "Point",
    "coordinates": [
     116.03733,
     -34.44564
    ]
   },
   "properties": {
    "name": "27 JAMIESON STREET PEMBERTON 6260",
    "locID": "LOC000020331773",
    "tech": "FTTN",
    "upgrade": "NULL_NA",
    "gnaf_pid": "GAWA_146923759",
    "ee": true,
    "tech_change_status": "Not Planned"
   }
  },
  {
   "type": "Feature",
   "geometry": {
    "type": "Point",
    "coordinates": [
     116.04229,
     -34.44962
    ]
   },
   "properties": {
    "name": "22 FRENCH STREET PEMBERTON 6260",
    "locID": "LOC000032128807",
    "tech": "FTTP",
    "upgrade": "NULL_NA",
    "gnaf_pid": "GAWA_146924108",
    "ee": true
   }
  },
  {
   "type": "Feature",
   "geometry": {
    "type": "Point",
    "coordinates": [
     116.03482,
     -34.44709
    ]
   },
   "properties": {
    "name": "1 JAMIESON STREET PEMBERTON 6260",
    "locID": "LOC000071429241",
    "tech": "FTTN",
    "upgrade": "NULL_NA",
    "gnaf_pid": "GAWA_146924663",
    "ee": true,
    "tech_change_status": "Not Planned"
   }
  },
  {
   "type": "Feature",
   "geometry": {
    "type": "Point",
    "coordinates": [
     116.03528,
     -34.44543
    ]
   },
   "properties": {
    "name": "15 GUPPY STREET PEMBERTON 6260",
    "locID": "LOC000049414535",
    "tech": "FTTN",
    "upgrade": "NULL_NA",
    "gnaf_pid": "GAWA_146924739",
    "ee": true,
    "tech_change_status": "Not Planned"
   }
  },
  {
   "type": "Feature",
   "geometry": {
    "type": "Point",
    "coordinates": [
     116.03751,
     -34.44553
    ]
   },
   "properties": {
    "name": "29 JAMIESON STREET PEMBERTON 6260",
    "locID": "LOC000006959684",
    "tech": "FTTN",
    "upgrade": "NULL_NA",
    "gnaf_pid": "GAWA_146924793",
    "ee": true,
    "tech_change_status": "Not Planned"
   }
  },
  {
   "type": "Feature",
   "geometry": {
    "type": "Point",
    "coordinates": [
     116.03722,
     -34.44708
    ]
   },
   "properties": {
    "name": "17 LEFROY STREET PEMBERTON 6260",
    "locID": "LOC000003047072",
    "tech": "FTTN",
    "upgrade": "NULL_NA",
    "gnaf_pid": "GAWA_146924794",
    "ee": true,
    "tech_change_status": "Not Planned"
   }
  },
  {
   "type": "Feature",
   "geometry": {
    "type": "Point",
    "coordinates": [
     116.03741,
     -34.44698
    ]
   },
   "properties": {
    "name": "19 LEFROY STREET PEMBERTON 6260",
    "locID": "LOC000028797079",
    "tech": "FTTN",
    "upgrade": "NULL_NA",
    "gnaf_pid": "GAWA_146924795",
    "ee": true,
    "tech_change_status": "Not Planned"
   }
  },
  {
   "type": "Feature",
   "geometry": {
    "type": "Point",
    "coordinates": [
     116.03759,
     -34.44688
    ]
   },
   "properties": {
    "name": "21 LEFROY STREET PEMBERTON 6260",
    "locID": "LOC000043489012",
    "tech": "FTTN",
    "upgrade": "NULL_NA",
    "gnaf_pid": "GAWA_146924796",
    "ee": true,
    "tech_change_status": "Not Planned"
   }
  },
  {
   "type": "Feature",
   "geometry": {
    "type": "Point",
    "coordinates": [
     116.03777,
     -34.44677
    ]
   },
   "properties": {
    "name": "23 LEFROY STREET PEMBERTON 6260",
    "locID": "LOC000031911854",
    "tech": "FTTN",
    "upgrade": "NULL_NA",
    "gnaf_pid": "GAWA_146924797",
    "ee": true,
    "tech_change_status": "Not Planned"
   }
  },
  {
   "type": "Feature",
   "geometry": {
    "type": "Point",
    "coordinates": [
     116.03794,
     -34.44667
    ]
   },
   "properties": {
    "name": "25 LEFROY STREET PEMBERTON 6260",
    "locID": "LOC000023616481",
    "tech": "FTTN",
    "upgrade": "NULL_NA",
    "gnaf_pid": "GAWA_146924798",
    "ee": true,
    "tech_change_status": "Not Planned"
   }
  },
  {
   "type": "Feature",
   "geometry": {
    "type": "Point",
    "coordinates": [
     116.03812,
     -34.44656
    ]
   },
   "properties": {
    "name": "27 LEFROY STREET PEMBERTON 6260",
    "locID": "LOC000044548160",
    "tech": "FTTN",
    "upgrade": "NULL_NA",
    "gnaf_pid": "GAWA_146924799",
    "ee": true,
    "tech_change_status": "Not Planned"
   }
  },
  {
   "type": "Feature",
   "geometry": {
    "type": "Point",
    "coordinates": [
     116.0383,
     -34.44646
    ]
   },
   "properties": {
    "name": "29 LEFROY STREET PEMBERTON 6260",
    "locID": "LOC000050480127",
    "tech": "FTTN",
    "upgrade": "NULL_NA",
    "gnaf_pid": "GAWA_146924800",
    "ee": true,
    "tech_change_status": "Not Planned"
   }
  },
  {
   "type": "Feature",
   "geometry": {
    "type": "Point",
    "coordinates": [
     116.03781,
     -34.44336
    ]
   },
   "properties": {
    "name": "94 BROCKMAN STREET PEMBERTON 6260",
    "locID": "LOC000019002080",
    "tech": "FTTN",
    "upgrade": "NULL_NA",
    "gnaf_pid": "GAWA_146924819",
    "ee": true,
    "tech_change_status": "Not Planned"
   }
  },
  {
   "type": "Feature",
   "geometry": {
    "type": "Point",
    "coordinates": [
     116.03799,
     -34.44326
    ]
   },
   "properties": {
    "name": "96 BROCKMAN STREET PEMBERTON 6260",
    "locID": "LOC000046260278",
    "tech": "FTTN",
    "upgrade": "NULL_NA",
    "gnaf_pid": "GAWA_146924820",
    "ee": true,
    "tech_change_status": "Not Planned"
   }
  },
  {
   "type": "Feature",
   "geometry": {
    "type": "Point",
    "coordinates": [
     116.03817,
     -34.44316
    ]
   },
   "properties": {
    "name": "98 BROCKMAN STREET PEMBERTON 6260",
    "locID": "LOC000133211516",
    "tech": "FTTN",
    "upgrade": "NULL_NA",
    "gnaf_pid": "GAWA_146924821",
    "ee": true,
    "tech_change_status": "Not Planned"
   }
  },
  {
   "type": "Feature",
   "geometry": {
    "type": "Point",
    "coordinates": [
     116.03726,
     -34.44428
    ]
   },
   "properties": {
    "name": "33 GUPPY STREET PEMBERTON 6260",
    "locID": "LOC000034507461",
    "tech": "FTTN",
    "upgrade": "NULL_NA",
    "gnaf_pid": "GAWA_146924822",
    "ee": true,
    "tech_change_status": "Not Planned"
   }
  },
  {
   "type": "Feature",
   "geometry": {
    "type": "Point",
    "coordinates": [
     116.03744,
     -34.44419
    ]
   },
   "properties": {
    "name": "35 GUPPY STREET PEMBERTON 6260",
    "locID": "LOC000084073757",
    "tech": "FTTN",
    "upgrade": "NULL_NA",
    "gnaf_pid": "GAWA_146924823",
    "ee": true,
    "tech_change_status": "Not Planned"
   }
  },
  {
   "type": "Feature",
   "geometry": {
    "type": "Point",
    "coordinates": [
     116.03762,
     -34.44408
    ]
   },
   "properties": {
    "name": "37 GUPPY STREET PEMBERTON 6260",
    "locID": "LOC000012880730",
    "tech": "FTTN",
    "upgrade": "NULL_NA",
    "gnaf_pid": "GAWA_146924824",
    "ee": true,
    "tech_change_status": "Not Planned"
   }
  },
  {
   "type": "Feature",
   "geometry": {
    "type": "Point",
    "coordinates": [
     116.03921,
     -34.44532
    ]
   },
   "properties": {
    "name": "42 JAMIESON STREET PEMBERTON 6260",
    "locID": "LOC000102583947",
    "tech": "FTTN",
    "upgrade": "NULL_NA",
    "gnaf_pid": "GAWA_146924945",
    "ee": true,
    "tech_change_status": "Not Planned"
   }
  },
  {
   "type": "Feature",
   "geometry": {
    "type": "Point",
    "coordinates": [
     116.03939,
     -34.44521
    ]
   },
   "properties": {
    "name": "44 JAMIESON STREET PEMBERTON 6260",
    "locID": "LOC000054495195",
    "tech": "FTTN",
    "upgrade": "NULL_NA",
    "gnaf_pid": "GAWA_146924946",
    "ee": true,
    "tech_change_status": "Not Planned"
   }
  },
  {
   "type": "Feature",
   "geometry": {
    "type": "Point",
    "coordinates": [
     116.03957,
     -34.44511
    ]
   },
   "properties": {
    "name": "46 JAMIESON STREET PEMBERTON 6260",
    "locID": "LOC000051651168",
    "tech": "FTTN",
    "upgrade": "NULL_NA",
    "gnaf_pid": "GAWA_146924947",
    "ee": true,
    "tech_change_status": "Not Planned"
   }
  },
  {
   "type": "Feature",
   "geometry": {
    "type": "Point",
    "coordinates": [
     116.03788,
     -34.44471
    ]
   },
   "properties": {
    "name": "36 GUPPY STREET PEMBERTON 6260",
    "locID": "LOC000081413957",
    "tech": "FTTN",
    "upgrade": "NULL_NA",
    "gnaf_pid": "GAWA_146924948",
    "ee": true,
    "tech_change_status": "Not Planned"
   }
  },
  {
   "type": "Feature",
   "geometry": {
    "type": "Point",
    "coordinates": [
     116.03806,
     -34.4446
    ]
   },
   "properties": {
    "name": "38 GUPPY STREET PEMBERTON 6260",
    "locID": "LOC000080315614",
    "tech": "FTTN",
    "upgrade": "NULL_NA",
    "gnaf_pid": "GAWA_146924949",
    "ee": true,
    "tech_change_status": "Not Planned"
   }
  },
  {
   "type": "Feature",
   "geometry": {
    "type": "Point",
    "coordinates": [
     116.03824,
     -34.4445
    ]
   },
   "properties": {
    "name": "40 GUPPY STREET PEMBERTON 6260",
    "locID": "LOC000015378122",
    "tech": "FTTN",
    "upgrade": "NULL_NA",
    "gnaf_pid": "GAWA_146924950",
    "ee": true,
    "tech_change_status": "Not Planned"
   }
  },
  {
   "type": "Feature",
   "geometry": {
    "type": "Point",
    "coordinates": [
     116.03842,
     -34.44439
    ]
   },
   "properties": {
    "name": "42 GUPPY STREET PEMBERTON 6260",
    "locID": "LOC000049499650",
    "tech": "FTTN",
    "upgrade": "NULL_NA",
    "gnaf_pid": "GAWA_146924951",
    "ee": true,
    "tech_change_status": "Not Planned"
   }
  },
  {
   "type": "Feature",
   "geometry": {
    "type": "Point",
    "coordinates": [
     116.03895,
     -34.4447
    ]
   },
   "properties": {
    "name": "43 JAMIESON STREET PEMBERTON 6260",
    "locID": "LOC000079228692",
    "tech": "FTTN",
    "upgrade": "NULL_NA",
    "gnaf_pid": "GAWA_146924956",
    "ee": true,
    "tech_change_status": "Not Planned"
   }
  },
  {
   "type": "Feature",
   "geometry": {
    "type": "Point",
    "coordinates": [
     116.03912,
     -34.44459
    ]
   },
   "properties": {
    "name": "45 JAMIESON STREET PEMBERTON 6260",
    "locID": "LOC000002105195",
    "tech": "FTTN",
    "upgrade": "NULL_NA",
    "gnaf_pid": "GAWA_146924957",
    "ee": true,
    "tech_change_status": "Not Planned"
   }
  },
  {
   "type": "Feature",
   "geometry": {
    "type": "Point",
    "coordinates": [
     116.0418,
     -34.44952
    ]
   },
   "properties": {
    "name": "9 KENNEDY STREET PEMBERTON 6260",
    "locID": "LOC000195474397",
    "tech": "FTTN",
    "upgrade": "FTTP",
    "gnaf_pid": "GAWA_146924960",
    "ee": true,
    "tech_change_status": "Eligible to Order"
   }
  },
  {
   "type": "Feature",
   "geometry": {
    "type": "Point",
    "coordinates": [
     116.04327,
     -34.44962
    ]
   },
   "properties": {
    "name": "17 FRENCH STREET PEMBERTON 6260",
    "locID": "LOC000133203148",
    "tech": "FTTN",
    "upgrade": "NULL_NA",
    "gnaf_pid": "GAWA_146924961",
    "ee": true,
    "tech_change_status": "Not Planned"
   }
  },
  {
   "type": "Feature",
   "geometry": {
    "type": "Point",
    "coordinates": [
     116.04315,
     -34.44911
    ]
   },
   "properties": {
    "name": "16 FRENCH STREET PEMBERTON 6260",
    "locID": "LOC000049596222",
    "tech": "FTTN",
    "upgrade": "NULL_NA",
    "gnaf_pid": "GAWA_146924962",
    "ee": true,
    "tech_change_status": "Not Planned"
   }
  },
  {
   "type": "Feature",
   "geometry": {
    "type": "Point",
    "coordinates": [
     116.04351,
     -34.44949
    ]
   },
   "properties": {
    "name": "15 FRENCH STREET PEMBERTON 6260",
    "locID": "LOC000054476395",
    "tech": "FTTN",
    "upgrade": "NULL_NA",
    "gnaf_pid": "GAWA_146924963",
    "ee": true,
    "tech_change_status": "Not Planned"
   }
  },
  {
   "type": "Feature",
   "geometry": {
    "type": "Point",
    "coordinates": [
     116.0337879,
     -34.44571599
    ]
   },
   "properties": {
    "name": "40 BROCKMAN STREET PEMBERTON 6260",
    "locID": "LOC000011951179",
    "tech": "FTTN",
    "upgrade": "NULL_NA",
    "gnaf_pid": "GAWA_146925393",
    "ee": true,
    "tech_change_status": "Not Planned"
   }
  },
  {
   "type": "Feature",
   "geometry": {
    "type": "Point",
    "coordinates": [
     116.03414068,
     -34.44550371
    ]
   },
   "properties": {
    "name": "48 BROCKMAN STREET PEMBERTON 6260",
    "locID": "LOC000056899565",
    "tech": "FTTN",
    "upgrade": "NULL_NA",
    "gnaf_pid": "GAWA_146925394",
    "ee": true,
    "tech_change_status": "Not Planned"
   }
  },
  {
   "type": "Feature",
   "geometry": {
    "type": "Point",
    "coordinates": [
     116.03423016,
     -34.44545145
    ]
   },
   "properties": {
    "name": "50 BROCKMAN STREET PEMBERTON 6260",
    "locID": "LOC000026934380",
    "tech": "FTTN",
    "upgrade": "NULL_NA",
    "gnaf_pid": "GAWA_146925395",
    "ee": true,
    "tech_change_status": "Not Planned"
   }
  },
  {
   "type": "Feature",
   "geometry": {
    "type": "Point",
    "coordinates": [
     116.03435158,
     -34.44538534
    ]
   },
   "properties": {
    "name": "52 BROCKMAN STREET PEMBERTON 6260",
    "locID": "LOC000046159139",
    "tech": "FTTN",
    "upgrade": "NULL_NA",
    "gnaf_pid": "GAWA_146925396",
    "ee": true,
    "tech_change_status": "Not Planned"
   }
  },
  {
   "type": "Feature",
   "geometry": {
    "type": "Point",
    "coordinates": [
     116.03457808,
     -34.44518906
    ]
   },
   "properties": {
    "name": "56 BROCKMAN STREET PEMBERTON 6260",
    "locID": "LOC000133206334",
    "tech": "FTTN",
    "upgrade": "NULL_NA",
    "gnaf_pid": "GAWA_146925398",
    "ee": true,
    "tech_change_status": "Not Planned"
   }
  },
  {
   "type": "Feature",
   "geometry": {
    "type": "Point",
    "coordinates": [
     116.03470903,
     -34.4450545
    ]
   },
   "properties": {
    "name": "60 BROCKMAN STREET PEMBERTON 6260",
    "locID": "LOC000071331418",
    "tech": "FTTN",
    "upgrade": "NULL_NA",
    "gnaf_pid": "GAWA_146925399",
    "ee": true,
    "tech_change_status": "Not Planned"
   }
  },
  {
   "type": "Feature",
   "geometry": {
    "type": "Point",
    "coordinates": [
     116.04145883,
     -34.44241542
    ]
   },
   "properties": {
    "name": "71 JAMIESON STREET PEMBERTON 6260",
    "locID": "LOC000017942740",
    "tech": "FTTN",
    "upgrade": "NULL_NA",
    "gnaf_pid": "GAWA_146925530",
    "ee": true,
    "tech_change_status": "Not Planned"
   }
  },
  {
   "type": "Feature",
   "geometry": {
    "type": "Point",
    "coordinates": [
     116.04209,
     -34.44243
    ]
   },
   "properties": {
    "name": "75 JAMIESON STREET PEMBERTON 6260",
    "locID": "LOC000061327260",
    "tech": "FTTN",
    "upgrade": "NULL_NA",
    "gnaf_pid": "GAWA_146925531",
    "ee": true,
    "tech_change_status": "Not Planned"
   }
  },
  {
   "type": "Feature",
   "geometry": {
    "type": "Point",
    "coordinates": [
     116.04261,
     -34.44355
    ]
   },
   "properties": {
    "name": "72 JAMIESON STREET PEMBERTON 6260",
    "locID": "LOC000066236584",
    "tech": "FTTN",
    "upgrade": "NULL_NA",
    "gnaf_pid": "GAWA_146925532",
    "ee": true,
    "tech_change_status": "Not Planned"
   }
  },
  {
   "type": "Feature",
   "geometry": {
    "type": "Point",
    "coordinates": [
     116.03679866,
     -34.44391915
    ]
   },
   "properties": {
    "name": "78 BROCKMAN STREET PEMBERTON 6260",
    "locID": "LOC000050760519",
    "tech": "FTTN",
    "upgrade": "NULL_NA",
    "gnaf_pid": "GAWA_146925533",
    "ee": true,
    "tech_change_status": "Not Planned"
   }
  },
  {
   "type": "Feature",
   "geometry": {
    "type": "Point",
    "coordinates": [
     116.03689,
     -34.44449
    ]
   },
   "properties": {
    "name": "31 GUPPY STREET PEMBERTON 6260",
    "locID": "LOC000070616990",
    "tech": "FTTN",
    "upgrade": "NULL_NA",
    "gnaf_pid": "GAWA_146925534",
    "ee": true,
    "tech_change_status": "Not Planned"
   }
  },
  {
   "type": "Feature",
   "geometry": {
    "type": "Point",
    "coordinates": [
     116.03566189,
     -34.44461547
    ]
   },
   "properties": {
    "name": "68 BROCKMAN STREET PEMBERTON 6260",
    "locID": "LOC100065656255",
    "tech": "FTTN",
    "upgrade": "NULL_NA",
    "gnaf_pid": "GAWA_146925535",
    "ee": true,
    "tech_change_status": "Not Planned"
   }
  },
  {
   "type": "Feature",
   "geometry": {
    "type": "Point",
    "coordinates": [
     116.03548,
     -34.44472
    ]
   },
   "properties": {
    "name": "66 BROCKMAN STREET PEMBERTON 6260",
    "locID": "LOC000060322607",
    "tech": "FTTN",
    "upgrade": "NULL_NA",
    "gnaf_pid": "GAWA_146925536",
    "ee": true,
    "tech_change_status": "Not Planned"
   }
  },
  {
   "type": "Feature",
   "geometry": {
    "type": "Point",
    "coordinates": [
     116.03584,
     -34.44451
    ]
   },
   "properties": {
    "name": "70 BROCKMAN STREET PEMBERTON 6260",
    "locID": "LOC000059668606",
    "tech": "FTTN",
    "upgrade": "NULL_NA",
    "gnaf_pid": "GAWA_146925537",
    "ee": true,
    "tech_change_status": "Not Planned"
   }
  },
  {
   "type": "Feature",
   "geometry": {
    "type": "Point",
    "coordinates": [
     116.03599189,
     -34.4444449
    ]
   },
   "properties": {
    "name": "72 BROCKMAN STREET PEMBERTON 6260",
    "locID": "LOC000017194242",
    "tech": "FTTN",
    "upgrade": "NULL_NA",
    "gnaf_pid": "GAWA_146925538",
    "ee": true,
    "tech_change_status": "Not Planned"
   }
  },
  {
   "type": "Feature",
   "geometry": {
    "type": "Point",
    "coordinates": [
     116.0362558,
     -34.44428392
    ]
   },
   "properties": {
    "name": "74 BROCKMAN STREET PEMBERTON 6260",
    "locID": "LOC000060007465",
    "tech": "FTTN",
    "upgrade": "NULL_NA",
    "gnaf_pid": "GAWA_146926100",
    "ee": true,
    "tech_change_status": "Not Planned"
   }
  },
  {
   "type": "Feature",
   "geometry": {
    "type": "Point",
    "coordinates": [
     116.03652338,
     -34.44410723
    ]
   },
   "properties": {
    "name": "76 BROCKMAN STREET PEMBERTON 6260",
    "locID": "LOC000081097440",
    "tech": "FTTN",
    "upgrade": "NULL_NA",
    "gnaf_pid": "GAWA_146926101",
    "ee": true,
    "tech_change_status": "Not Planned"
   }
  },
  {
   "type": "Feature",
   "geometry": {
    "type": "Point",
    "coordinates": [
     116.03011237,
     -34.44784834
    ]
   },
   "properties": {
    "name": "12 BROCKMAN STREET PEMBERTON 6260",
    "locID": "LOC000055962309",
    "tech": "FTTN",
    "upgrade": "NULL_NA",
    "gnaf_pid": "GAWA_146926118",
    "ee": true,
    "tech_change_status": "Not Planned"
   }
  },
  {
   "type": "Feature",
   "geometry": {
    "type": "Point",
    "coordinates": [
     116.03976,
     -34.44283
    ]
   },
   "properties": {
    "name": "59 GUPPY STREET PEMBERTON 6260",
    "locID": "LOC000044926751",
    "tech": "FTTN",
    "upgrade": "NULL_NA",
    "gnaf_pid": "GAWA_146927117",
    "ee": true,
    "tech_change_status": "Not Planned"
   }
  },
  {
   "type": "Feature",
   "geometry": {
    "type": "Point",
    "coordinates": [
     116.03994,
     -34.442725
    ]
   },
   "properties": {
    "name": "61 GUPPY STREET PEMBERTON 6260",
    "locID": "LOC000058253666",
    "tech": "FTTN",
    "upgrade": "NULL_NA",
    "gnaf_pid": "GAWA_146927118",
    "ee": true,
    "tech_change_status": "Not Planned"
   }
  },
  {
   "type": "Feature",
   "geometry": {
    "type": "Point",
    "coordinates": [
     116.04012,
     -34.44262
    ]
   },
   "properties": {
    "name": "63 GUPPY STREET PEMBERTON 6260",
    "locID": "LOC000086518029",
    "tech": "FTTN",
    "upgrade": "NULL_NA",
    "gnaf_pid": "GAWA_146927119",
    "ee": true,
    "tech_change_status": "Not Planned"
   }
  },
  {
   "type": "Feature",
   "geometry": {
    "type": "Point",
    "coordinates": [
     116.04393,
     -34.44251
    ]
   },
   "properties": {
    "name": "91 JAMIESON STREET PEMBERTON 6260",
    "locID": "LOC000086796028",
    "tech": "FTTN",
    "upgrade": "NULL_NA",
    "gnaf_pid": "GAWA_146927120",
    "ee": true,
    "tech_change_status": "Not Planned"
   }
  },
  {
   "type": "Feature",
   "geometry": {
    "type": "Point",
    "coordinates": [
     116.03169,
     -34.44614
    ]
   },
   "properties": {
    "name": "27 BROCKMAN STREET PEMBERTON 6260",
    "locID": "LOC000089216378",
    "tech": "FTTN",
    "upgrade": "NULL_NA",
    "gnaf_pid": "GAWA_146927773",
    "ee": true,
    "tech_change_status": "Not Planned"
   }
  },
  {
   "type": "Feature",
   "geometry": {
    "type": "Point",
    "coordinates": [
     116.04,
     -34.44626
    ]
   },
   "properties": {
    "name": "42 LEFROY STREET PEMBERTON 6260",
    "locID": "LOC000081081106",
    "tech": "FTTN",
    "upgrade": "NULL_NA",
    "gnaf_pid": "GAWA_146927830",
    "ee": true,
    "tech_change_status": "Not Planned"
   }
  },
  {
   "type": "Feature",
   "geometry": {
    "type": "Point",
    "coordinates": [
     116.04018,
     -34.44615
    ]
   },
   "properties": {
    "name": "44 LEFROY STREET PEMBERTON 6260",
    "locID": "LOC000074923812",
    "tech": "FTTN",
    "upgrade": "NULL_NA",
    "gnaf_pid": "GAWA_146927831",
    "ee": true,
    "tech_change_status": "Not Planned"
   }
  },
  {
   "type": "Feature",
   "geometry": {
    "type": "Point",
    "coordinates": [
     116.04036,
     -34.44605
    ]
   },
   "properties": {
    "name": "46 LEFROY STREET PEMBERTON 6260",
    "locID": "LOC000063353704",
    "tech": "FTTN",
    "upgrade": "NULL_NA",
    "gnaf_pid": "GAWA_146927832",
    "ee": true,
    "tech_change_status": "Not Planned"
   }
  },
  {
   "type": "Feature",
   "geometry": {
    "type": "Point",
    "coordinates": [
     116.03902,
     -34.44604
    ]
   },
   "properties": {
    "name": "35 LEFROY STREET PEMBERTON 6260",
    "locID": "LOC000032775815",
    "tech": "FTTN",
    "upgrade": "NULL_NA",
    "gnaf_pid": "GAWA_146927833",
    "ee": true,
    "tech_change_status": "Not Planned"
   }
  },
  {
   "type": "Feature",
   "geometry": {
    "type": "Point",
    "coordinates": [
     116.0392,
     -34.44594
    ]
   },
   "properties": {
    "name": "37 LEFROY STREET PEMBERTON 6260",
    "locID": "LOC000031989900",
    "tech": "FTTN",
    "upgrade": "NULL_NA",
    "gnaf_pid": "GAWA_146927834",
    "ee": true,
    "tech_change_status": "Not Planned"
   }
  },
  {
   "type": "Feature",
   "geometry": {
    "type": "Point",
    "coordinates": [
     116.03938,
     -34.44583
    ]
   },
   "properties": {
    "name": "39 LEFROY STREET PEMBERTON 6260",
    "locID": "LOC000024524807",
    "tech": "FTTN",
    "upgrade": "NULL_NA",
    "gnaf_pid": "GAWA_146927835",
    "ee": true,
    "tech_change_status": "Not Planned"
   }
  },
  {
   "type": "Feature",
   "geometry": {
    "type": "Point",
    "coordinates": [
     116.03956,
     -34.44573
    ]
   },
   "properties": {
    "name": "41 LEFROY STREET PEMBERTON 6260",
    "locID": "LOC000047500077",
    "tech": "FTTN",
    "upgrade": "NULL_NA",
    "gnaf_pid": "GAWA_146927836",
    "ee": true,
    "tech_change_status": "Not Planned"
   }
  },
  {
   "type": "Feature",
   "geometry": {
    "type": "Point",
    "coordinates": [
     116.03973,
     -34.44562
    ]
   },
   "properties": {
    "name": "43 LEFROY STREET PEMBERTON 6260",
    "locID": "LOC000054515936",
    "tech": "FTTN",
    "upgrade": "NULL_NA",
    "gnaf_pid": "GAWA_146927837",
    "ee": true,
    "tech_change_status": "Not Planned"
   }
  },
  {
   "type": "Feature",
   "geometry": {
    "type": "Point",
    "coordinates": [
     116.03991,
     -34.44552
    ]
   },
   "properties": {
    "name": "45 LEFROY STREET PEMBERTON 6260",
    "locID": "LOC000063935608",
    "tech": "FTTN",
    "upgrade": "NULL_NA",
    "gnaf_pid": "GAWA_146927838",
    "ee": true,
    "tech_change_status": "Not Planned"
   }
  },
  {
   "type": "Feature",
   "geometry": {
    "type": "Point",
    "coordinates": [
     116.03867,
     -34.44563
    ]
   },
   "properties": {
    "name": "36 JAMIESON STREET PEMBERTON 6260",
    "locID": "LOC000080878716",
    "tech": "FTTN",
    "upgrade": "NULL_NA",
    "gnaf_pid": "GAWA_146927839",
    "ee": true,
    "tech_change_status": "Not Planned"
   }
  },
  {
   "type": "Feature",
   "geometry": {
    "type": "Point",
    "coordinates": [
     116.03885,
     -34.44553
    ]
   },
   "properties": {
    "name": "38 JAMIESON STREET PEMBERTON 6260",
    "locID": "LOC000077244981",
    "tech": "FTTN",
    "upgrade": "NULL_NA",
    "gnaf_pid": "GAWA_146927840",
    "ee": true,
    "tech_change_status": "Not Planned"
   }
  },
  {
   "type": "Feature",
   "geometry": {
    "type": "Point",
    "coordinates": [
     116.03903,
     -34.44542
    ]
   },
   "properties": {
    "name": "40 JAMIESON STREET PEMBERTON 6260",
    "locID": "LOC000090516133",
    "tech": "FTTN",
    "upgrade": "NULL_NA",
    "gnaf_pid": "GAWA_146927841",
    "ee": true,
    "tech_change_status": "Not Planned"
   }
  },
  {
   "type": "Feature",
   "geometry": {
    "type": "Point",
    "coordinates": [
     116.0386,
     -34.44429
    ]
   },
   "properties": {
    "name": "44 GUPPY STREET PEMBERTON 6260",
    "locID": "LOC000061515407",
    "tech": "FTTN",
    "upgrade": "NULL_NA",
    "gnaf_pid": "GAWA_146927861",
    "ee": true,
    "tech_change_status": "Not Planned"
   }
  },
  {
   "type": "Feature",
   "geometry": {
    "type": "Point",
    "coordinates": [
     116.03878,
     -34.44418
    ]
   },
   "properties": {
    "name": "46 GUPPY STREET PEMBERTON 6260",
    "locID": "LOC000104060839",
    "tech": "FTTN",
    "upgrade": "NULL_NA",
    "gnaf_pid": "GAWA_146927862",
    "ee": true,
    "tech_change_status": "Not Planned"
   }
  },
  {
   "type": "Feature",
   "geometry": {
    "type": "Point",
    "coordinates": [
     116.03823,
     -34.44511
    ]
   },
   "properties": {
    "name": "35 JAMIESON STREET PEMBERTON 6260",
    "locID": "LOC000087392293",
    "tech": "FTTN",
    "upgrade": "NULL_NA",
    "gnaf_pid": "GAWA_146927863",
    "ee": true,
    "tech_change_status": "Not Planned"
   }
  },
  {
   "type": "Feature",
   "geometry": {
    "type": "Point",
    "coordinates": [
     116.04205,
     -34.44937
    ]
   },
   "properties": {
    "name": "7 KENNEDY STREET PEMBERTON 6260",
    "locID": "LOC000194148080",
    "tech": "FTTP",
    "upgrade": "NULL_NA",
    "gnaf_pid": "GAWA_146928048",
    "ee": true
   }
  },
  {
   "type": "Feature",
   "geometry": {
    "type": "Point",
    "coordinates": [
     116.03877,
     -34.4448
    ]
   },
   "properties": {
    "name": "41 JAMIESON STREET PEMBERTON 6260",
    "locID": "LOC000031447270",
    "tech": "FTTN",
    "upgrade": "NULL_NA",
    "gnaf_pid": "GAWA_146928585",
    "ee": true,
    "tech_change_status": "Not Planned"
   }
  },
  {
   "type": "Feature",
   "geometry": {
    "type": "Point",
    "coordinates": [
     116.03841,
     -34.44501
    ]
   },
   "properties": {
    "name": "37 JAMIESON STREET PEMBERTON 6260",
    "locID": "LOC000011145969",
    "tech": "FTTN",
    "upgrade": "NULL_NA",
    "gnaf_pid": "GAWA_146928588",
    "ee": true,
    "tech_change_status": "Not Planned"
   }
  },
  {
   "type": "Feature",
   "geometry": {
    "type": "Point",
    "coordinates": [
     116.03859,
     -34.4449
    ]
   },
   "properties": {
    "name": "39 JAMIESON STREET PEMBERTON 6260",
    "locID": "LOC000094659265",
    "tech": "FTTN",
    "upgrade": "NULL_NA",
    "gnaf_pid": "GAWA_146928589",
    "ee": true,
    "tech_change_status": "Not Planned"
   }
  },
  {
   "type": "Feature",
   "geometry": {
    "type": "Point",
    "coordinates": [
     116.04286,
     -34.44928
    ]
   },
   "properties": {
    "name": "18 FRENCH STREET PEMBERTON 6260",
    "locID": "LOC000050051402",
    "tech": "FTTN",
    "upgrade": "NULL_NA",
    "gnaf_pid": "GAWA_146928720",
    "ee": true,
    "tech_change_status": "Not Planned"
   }
  },
  {
   "type": "Feature",
   "geometry": {
    "type": "Point",
    "coordinates": [
     116.04258,
     -34.44945
    ]
   },
   "properties": {
    "name": "20 FRENCH STREET PEMBERTON 6260",
    "locID": "LOC000016183933",
    "tech": "FTTN",
    "upgrade": "NULL_NA",
    "gnaf_pid": "GAWA_146928721",
    "ee": true,
    "tech_change_status": "Not Planned"
   }
  },
  {
   "type": "Feature",
   "geometry": {
    "type": "Point",
    "coordinates": [
     116.03691133,
     -34.44655126
    ]
   },
   "properties": {
    "name": "20 JAMIESON STREET PEMBERTON 6260",
    "locID": "LOC000004808759",
    "tech": "FTTN",
    "upgrade": "NULL_NA",
    "gnaf_pid": "GAWA_146929167",
    "ee": true,
    "tech_change_status": "Not Planned"
   }
  },
  {
   "type": "Feature",
   "geometry": {
    "type": "Point",
    "coordinates": [
     116.03662756,
     -34.44677381
    ]
   },
   "properties": {
    "name": "18 JAMIESON STREET PEMBERTON 6260",
    "locID": "LOC000057010603",
    "tech": "FTTN",
    "upgrade": "NULL_NA",
    "gnaf_pid": "GAWA_146929168",
    "ee": true,
    "tech_change_status": "Not Planned"
   }
  },
  {
   "type": "Feature",
   "geometry": {
    "type": "Point",
    "coordinates": [
     116.03724,
     -34.44647
    ]
   },
   "properties": {
    "name": "22 JAMIESON STREET PEMBERTON 6260",
    "locID": "LOC000016265722",
    "tech": "FTTN",
    "upgrade": "NULL_NA",
    "gnaf_pid": "GAWA_146929169",
    "ee": true,
    "tech_change_status": "Not Planned"
   }
  },
  {
   "type": "Feature",
   "geometry": {
    "type": "Point",
    "coordinates": [
     116.0345567,
     -34.44526042
    ]
   },
   "properties": {
    "name": "54 BROCKMAN STREET PEMBERTON 6260",
    "locID": "LOC000027094111",
    "tech": "FTTN",
    "upgrade": "NULL_NA",
    "gnaf_pid": "GAWA_146929464",
    "ee": true,
    "tech_change_status": "Not Planned"
   }
  },
  {
   "type": "Feature",
   "geometry": {
    "type": "Point",
    "coordinates": [
     116.03847,
     -34.44635
    ]
   },
   "properties": {
    "name": "31 LEFROY STREET PEMBERTON 6260",
    "locID": "LOC000102258809",
    "tech": "FTTN",
    "upgrade": "NULL_NA",
    "gnaf_pid": "GAWA_146929466",
    "ee": true,
    "tech_change_status": "Not Planned"
   }
  },
  {
   "type": "Feature",
   "geometry": {
    "type": "Point",
    "coordinates": [
     116.03814,
     -34.44596
    ]
   },
   "properties": {
    "name": "32 JAMIESON STREET PEMBERTON 6260",
    "locID": "LOC000079523301",
    "tech": "FTTN",
    "upgrade": "NULL_NA",
    "gnaf_pid": "GAWA_146929467",
    "ee": true,
    "tech_change_status": "Not Planned"
   }
  },
  {
   "type": "Feature",
   "geometry": {
    "type": "Point",
    "coordinates": [
     116.03735,
     -34.44503
    ]
   },
   "properties": {
    "name": "32 GUPPY STREET PEMBERTON 6260",
    "locID": "LOC000055864949",
    "tech": "FTTN",
    "upgrade": "NULL_NA",
    "gnaf_pid": "GAWA_146929468",
    "ee": true,
    "tech_change_status": "Not Planned"
   }
  },
  {
   "type": "Feature",
   "geometry": {
    "type": "Point",
    "coordinates": [
     116.03768,
     -34.44542
    ]
   },
   "properties": {
    "name": "31 JAMIESON STREET PEMBERTON 6260",
    "locID": "LOC000028590843",
    "tech": "FTTN",
    "upgrade": "NULL_NA",
    "gnaf_pid": "GAWA_146930030",
    "ee": true,
    "tech_change_status": "Not Planned"
   }
  },
  {
   "type": "Feature",
   "geometry": {
    "type": "Point",
    "coordinates": [
     116.03627,
     -34.44565
    ]
   },
   "properties": {
    "name": "20 GUPPY STREET PEMBERTON 6260",
    "locID": "LOC000093824789",
    "tech": "FTTN",
    "upgrade": "NULL_NA",
    "gnaf_pid": "GAWA_146930192",
    "ee": true,
    "tech_change_status": "Not Planned"
   }
  },
  {
   "type": "Feature",
   "geometry": {
    "type": "Point",
    "coordinates": [
     116.0361,
     -34.44576
    ]
   },
   "properties": {
    "name": "18 GUPPY STREET PEMBERTON 6260",
    "locID": "LOC000093981591",
    "tech": "FTTN",
    "upgrade": "NULL_NA",
    "gnaf_pid": "GAWA_146930193",
    "ee": true,
    "tech_change_status": "Not Planned"
   }
  },
  {
   "type": "Feature",
   "geometry": {
    "type": "Point",
    "coordinates": [
     116.03645,
     -34.44554
    ]
   },
   "properties": {
    "name": "22 GUPPY STREET PEMBERTON 6260",
    "locID": "LOC000046444897",
    "tech": "FTTN",
    "upgrade": "NULL_NA",
    "gnaf_pid": "GAWA_146930194",
    "ee": true,
    "tech_change_status": "Not Planned"
   }
  },
  {
   "type": "Feature",
   "geometry": {
    "type": "Point",
    "coordinates": [
     116.03663,
     -34.44544
    ]
   },
   "properties": {
    "name": "24 GUPPY STREET PEMBERTON 6260",
    "locID": "LOC000022017218",
    "tech": "FTTN",
    "upgrade": "NULL_NA",
    "gnaf_pid": "GAWA_146930195",
    "ee": true,
    "tech_change_status": "Not Planned"
   }
  },
  {
   "type": "Feature",
   "geometry": {
    "type": "Point",
    "coordinates": [
     116.03681,
     -34.44533
    ]
   },
   "properties": {
    "name": "26 GUPPY STREET PEMBERTON 6260",
    "locID": "LOC000071184925",
    "tech": "FTTN",
    "upgrade": "NULL_NA",
    "gnaf_pid": "GAWA_146930196",
    "ee": true,
    "tech_change_status": "Not Planned"
   }
  },
  {
   "type": "Feature",
   "geometry": {
    "type": "Point",
    "coordinates": [
     116.03699,
     -34.44523
    ]
   },
   "properties": {
    "name": "28 GUPPY STREET PEMBERTON 6260",
    "locID": "LOC000080431588",
    "tech": "FTTN",
    "upgrade": "NULL_NA",
    "gnaf_pid": "GAWA_146930197",
    "ee": true,
    "tech_change_status": "Not Planned"
   }
  },
  {
   "type": "Feature",
   "geometry": {
    "type": "Point",
    "coordinates": [
     116.03717,
     -34.44512
    ]
   },
   "properties": {
    "name": "30 GUPPY STREET PEMBERTON 6260",
    "locID": "LOC000044774293",
    "tech": "FTTN",
    "upgrade": "NULL_NA",
    "gnaf_pid": "GAWA_146930198",
    "ee": true,
    "tech_change_status": "Not Planned"
   }
  },
  {
   "type": "Feature",
   "geometry": {
    "type": "Point",
    "coordinates": [
     116.0378,
     -34.44398
    ]
   },
   "properties": {
    "name": "39 GUPPY STREET PEMBERTON 6260",
    "locID": "LOC000046610969",
    "tech": "FTTN",
    "upgrade": "NULL_NA",
    "gnaf_pid": "GAWA_146931425",
    "ee": true,
    "tech_change_status": "Not Planned"
   }
  },
  {
   "type": "Feature",
   "geometry": {
    "type": "Point",
    "coordinates": [
     116.03816,
     -34.44377
    ]
   },
   "properties": {
    "name": "43 GUPPY STREET PEMBERTON 6260",
    "locID": "LOC000068436951",
    "tech": "FTTN",
    "upgrade": "NULL_NA",
    "gnaf_pid": "GAWA_146931427",
    "ee": true,
    "tech_change_status": "Not Planned"
   }
  },
  {
   "type": "Feature",
   "geometry": {
    "type": "Point",
    "coordinates": [
     116.03833,
     -34.44366
    ]
   },
   "properties": {
    "name": "45 GUPPY STREET PEMBERTON 6260",
    "locID": "LOC000103768191",
    "tech": "FTTN",
    "upgrade": "NULL_NA",
    "gnaf_pid": "GAWA_146931428",
    "ee": true,
    "tech_change_status": "Not Planned"
   }
  },
  {
   "type": "Feature",
   "geometry": {
    "type": "Point",
    "coordinates": [
     116.0385,
     -34.44355
    ]
   },
   "properties": {
    "name": "47 GUPPY STREET PEMBERTON 6260",
    "locID": "LOC000097040120",
    "tech": "FTTN",
    "upgrade": "NULL_NA",
    "gnaf_pid": "GAWA_146931429",
    "ee": true,
    "tech_change_status": "Not Planned"
   }
  },
  {
   "type": "Feature",
   "geometry": {
    "type": "Point",
    "coordinates": [
     116.03531,
     -34.44483
    ]
   },
   "properties": {
    "name": "64 BROCKMAN STREET PEMBERTON 6260",
    "locID": "LOC000027740359",
    "tech": "FTTN",
    "upgrade": "NULL_NA",
    "gnaf_pid": "GAWA_146931430",
    "ee": true,
    "tech_change_status": "Not Planned"
   }
  },
  {
   "type": "Feature",
   "geometry": {
    "type": "Point",
    "coordinates": [
     116.03672,
     -34.44461
    ]
   },
   "properties": {
    "name": "29 GUPPY STREET PEMBERTON 6260",
    "locID": "LOC000057858677",
    "tech": "FTTN",
    "upgrade": "NULL_NA",
    "gnaf_pid": "GAWA_146931431",
    "ee": true,
    "tech_change_status": "Not Planned"
   }
  },
  {
   "type": "Feature",
   "geometry": {
    "type": "Point",
    "coordinates": [
     116.03601,
     -34.44502
    ]
   },
   "properties": {
    "name": "21 GUPPY STREET PEMBERTON 6260",
    "locID": "LOC000016946572",
    "tech": "FTTN",
    "upgrade": "NULL_NA",
    "gnaf_pid": "GAWA_146931432",
    "ee": true,
    "tech_change_status": "Not Planned"
   }
  },
  {
   "type": "Feature",
   "geometry": {
    "type": "Point",
    "coordinates": [
     116.03619,
     -34.44492
    ]
   },
   "properties": {
    "name": "23 GUPPY STREET PEMBERTON 6260",
    "locID": "LOC000032068333",
    "tech": "FTTN",
    "upgrade": "NULL_NA",
    "gnaf_pid": "GAWA_146931433",
    "ee": true,
    "tech_change_status": "Not Planned"
   }
  },
  {
   "type": "Feature",
   "geometry": {
    "type": "Point",
    "coordinates": [
     116.03655,
     -34.44471
    ]
   },
   "properties": {
    "name": "27 GUPPY STREET PEMBERTON 6260",
    "locID": "LOC000092511534",
    "tech": "FTTN",
    "upgrade": "NULL_NA",
    "gnaf_pid": "GAWA_146931435",
    "ee": true,
    "tech_change_status": "Not Planned"
   }
  },
  {
   "type": "Feature",
   "geometry": {
    "type": "Point",
    "coordinates": [
     116.04279,
     -34.4499
    ]
   },
   "properties": {
    "name": "21 FRENCH STREET PEMBERTON 6260",
    "locID": "LOC000022034375",
    "tech": "FTTN",
    "upgrade": "NULL_NA",
    "gnaf_pid": "GAWA_146931471",
    "ee": true,
    "tech_change_status": "Not Planned"
   }
  },
  {
   "type": "Feature",
   "geometry": {
    "type": "Point",
    "coordinates": [
     116.04303,
     -34.44976
    ]
   },
   "properties": {
    "name": "19 FRENCH STREET PEMBERTON 6260",
    "locID": "LOC000082532119",
    "tech": "FTTN",
    "upgrade": "NULL_NA",
    "gnaf_pid": "GAWA_146931472",
    "ee": true,
    "tech_change_status": "Not Planned"
   }
  },
  {
   "type": "Feature",
   "geometry": {
    "type": "Point",
    "coordinates": [
     116.03742,
     -34.44636
    ]
   },
   "properties": {
    "name": "24 JAMIESON STREET PEMBERTON 6260",
    "locID": "LOC000026954851",
    "tech": "FTTN",
    "upgrade": "NULL_NA",
    "gnaf_pid": "GAWA_146931513",
    "ee": true,
    "tech_change_status": "Not Planned"
   }
  },
  {
   "type": "Feature",
   "geometry": {
    "type": "Point",
    "coordinates": [
     116.0376,
     -34.44626
    ]
   },
   "properties": {
    "name": "26 JAMIESON STREET PEMBERTON 6260",
    "locID": "LOC000066633786",
    "tech": "FTTN",
    "upgrade": "NULL_NA",
    "gnaf_pid": "GAWA_146931514",
    "ee": true,
    "tech_change_status": "Not Planned"
   }
  },
  {
   "type": "Feature",
   "geometry": {
    "type": "Point",
    "coordinates": [
     116.03778,
     -34.44616
    ]
   },
   "properties": {
    "name": "28 JAMIESON STREET PEMBERTON 6260",
    "locID": "LOC000068329159",
    "tech": "FTTN",
    "upgrade": "NULL_NA",
    "gnaf_pid": "GAWA_146931515",
    "ee": true,
    "tech_change_status": "Not Planned"
   }
  },
  {
   "type": "Feature",
   "geometry": {
    "type": "Point",
    "coordinates": [
     116.03796,
     -34.44605
    ]
   },
   "properties": {
    "name": "30 JAMIESON STREET PEMBERTON 6260",
    "locID": "LOC000086568294",
    "tech": "FTTN",
    "upgrade": "NULL_NA",
    "gnaf_pid": "GAWA_146931516",
    "ee": true,
    "tech_change_status": "Not Planned"
   }
  },
  {
   "type": "Feature",
   "geometry": {
    "type": "Point",
    "coordinates": [
     116.03644,
     -34.44615
    ]
   },
   "properties": {
    "name": "17 JAMIESON STREET PEMBERTON 6260",
    "locID": "LOC000088728687",
    "tech": "FTTN",
    "upgrade": "NULL_NA",
    "gnaf_pid": "GAWA_146931517",
    "ee": true,
    "tech_change_status": "Not Planned"
   }
  },
  {
   "type": "Feature",
   "geometry": {
    "type": "Point",
    "coordinates": [
     116.03662,
     -34.44605
    ]
   },
   "properties": {
    "name": "19 JAMIESON STREET PEMBERTON 6260",
    "locID": "LOC000031444996",
    "tech": "FTTN",
    "upgrade": "NULL_NA",
    "gnaf_pid": "GAWA_146931518",
    "ee": true,
    "tech_change_status": "Not Planned"
   }
  },
  {
   "type": "Feature",
   "geometry": {
    "type": "Point",
    "coordinates": [
     116.0368,
     -34.44595
    ]
   },
   "properties": {
    "name": "21 JAMIESON STREET PEMBERTON 6260",
    "locID": "LOC000032642873",
    "tech": "FTTN",
    "upgrade": "NULL_NA",
    "gnaf_pid": "GAWA_146931519",
    "ee": true,
    "tech_change_status": "Not Planned"
   }
  },
  {
   "type": "Feature",
   "geometry": {
    "type": "Point",
    "coordinates": [
     116.03616,
     -34.44771
    ]
   },
   "properties": {
    "name": "7 LEFROY STREET PEMBERTON 6260",
    "locID": "LOC000106448087",
    "tech": "FTTN",
    "upgrade": "NULL_NA",
    "gnaf_pid": "GAWA_147086460",
    "ee": true,
    "tech_change_status": "Not Planned"
   }
  },
  {
   "type": "Feature",
   "geometry": {
    "type": "Point",
    "coordinates": [
     116.03598,
     -34.44781
    ]
   },
   "properties": {
    "name": "5 LEFROY STREET PEMBERTON 6260",
    "locID": "LOC000026988509",
    "tech": "FTTN",
    "upgrade": "NULL_NA",
    "gnaf_pid": "GAWA_147086461",
    "ee": true,
    "tech_change_status": "Not Planned"
   }
  },
  {
   "type": "Feature",
   "geometry": {
    "type": "Point",
    "coordinates": [
     116.0358,
     -34.44792
    ]
   },
   "properties": {
    "name": "3 LEFROY STREET PEMBERTON 6260",
    "locID": "LOC000038936930",
    "tech": "FTTN",
    "upgrade": "NULL_NA",
    "gnaf_pid": "GAWA_147086462",
    "ee": true,
    "tech_change_status": "Not Planned"
   }
  },
  {
   "type": "Feature",
   "geometry": {
    "type": "Point",
    "coordinates": [
     116.03562,
     -34.44802
    ]
   },
   "properties": {
    "name": "1 LEFROY STREET PEMBERTON 6260",
    "locID": "LOC000035174774",
    "tech": "FTTN",
    "upgrade": "NULL_NA",
    "gnaf_pid": "GAWA_147086463",
    "ee": true,
    "tech_change_status": "Not Planned"
   }
  },
  {
   "type": "Feature",
   "geometry": {
    "type": "Point",
    "coordinates": [
     116.03528,
     -34.44762
    ]
   },
   "properties": {
    "name": "2 JAMIESON STREET PEMBERTON 6260",
    "locID": "LOC000089659436",
    "tech": "FTTN",
    "upgrade": "NULL_NA",
    "gnaf_pid": "GAWA_147086464",
    "ee": true,
    "tech_change_status": "Not Planned"
   }
  },
  {
   "type": "Feature",
   "geometry": {
    "type": "Point",
    "coordinates": [
     116.03669,
     -34.4474
    ]
   },
   "properties": {
    "name": "13 LEFROY STREET PEMBERTON 6260",
    "locID": "LOC000092482654",
    "tech": "FTTN",
    "upgrade": "NULL_NA",
    "gnaf_pid": "GAWA_147089513",
    "ee": true,
    "tech_change_status": "Not Planned"
   }
  },
  {
   "type": "Feature",
   "geometry": {
    "type": "Point",
    "coordinates": [
     116.03651,
     -34.4475
    ]
   },
   "properties": {
    "name": "11 LEFROY STREET PEMBERTON 6260",
    "locID": "LOC000021150610",
    "tech": "FTTN",
    "upgrade": "NULL_NA",
    "gnaf_pid": "GAWA_147089514",
    "ee": true,
    "tech_change_status": "Not Planned"
   }
  },
  {
   "type": "Feature",
   "geometry": {
    "type": "Point",
    "coordinates": [
     116.03633,
     -34.44761
    ]
   },
   "properties": {
    "name": "9 LEFROY STREET PEMBERTON 6260",
    "locID": "LOC000019565056",
    "tech": "FTTN",
    "upgrade": "NULL_NA",
    "gnaf_pid": "GAWA_147089515",
    "ee": true,
    "tech_change_status": "Not Planned"
   }
  },
  {
   "type": "Feature",
   "geometry": {
    "type": "Point",
    "coordinates": [
     116.03687,
     -34.44729
    ]
   },
   "properties": {
    "name": "15 LEFROY STREET PEMBERTON 6260",
    "locID": "LOC000011389547",
    "tech": "FTTN",
    "upgrade": "NULL_NA",
    "gnaf_pid": "GAWA_147093145",
    "ee": true,
    "tech_change_status": "Not Planned"
   }
  },
  {
   "type": "Feature",
   "geometry": {
    "type": "Point",
    "coordinates": [
     116.04831,
     -34.44618
    ]
   },
   "properties": {
    "name": "40 FORESTRY GLEN PEMBERTON 6260",
    "locID": "LOC000026592344",
    "tech": "FTTN",
    "upgrade": "NULL_NA",
    "gnaf_pid": "GAWA_147094764",
    "ee": true,
    "tech_change_status": "Not Planned"
   }
  },
  {
   "type": "Feature",
   "geometry": {
    "type": "Point",
    "coordinates": [
     116.0480926,
     -34.44619593
    ]
   },
   "properties": {
    "name": "38 FORESTRY GLEN PEMBERTON 6260",
    "locID": "LOC000035544512",
    "tech": "FTTN",
    "upgrade": "NULL_NA",
    "gnaf_pid": "GAWA_147094765",
    "ee": true,
    "tech_change_status": "Not Planned"
   }
  },
  {
   "type": "Feature",
   "geometry": {
    "type": "Point",
    "coordinates": [
     116.04790535,
     -34.44627411
    ]
   },
   "properties": {
    "name": "36 FORESTRY GLEN PEMBERTON 6260",
    "locID": "LOC000108775193",
    "tech": "FTTN",
    "upgrade": "NULL_NA",
    "gnaf_pid": "GAWA_147094767",
    "ee": true,
    "tech_change_status": "Not Planned"
   }
  },
  {
   "type": "Feature",
   "geometry": {
    "type": "Point",
    "coordinates": [
     116.03125817,
     -34.4471289
    ]
   },
   "properties": {
    "name": "20 BROCKMAN STREET PEMBERTON 6260",
    "locID": "LOC000010445664",
    "tech": "FTTN",
    "upgrade": "NULL_NA",
    "gnaf_pid": "GAWA_147110733",
    "ee": true,
    "tech_change_status": "Not Planned"
   }
  },
  {
   "type": "Feature",
   "geometry": {
    "type": "Point",
    "coordinates": [
     116.04327,
     -34.44607
    ]
   },
   "properties": {
    "name": "4 FORESTRY GLEN PEMBERTON 6260",
    "locID": "LOC000104218525",
    "tech": "FTTN",
    "upgrade": "NULL_NA",
    "gnaf_pid": "GAWA_147126472",
    "ee": true,
    "tech_change_status": "Not Planned"
   }
  },
  {
   "type": "Feature",
   "geometry": {
    "type": "Point",
    "coordinates": [
     116.04351,
     -34.44628
    ]
   },
   "properties": {
    "name": "6 FORESTRY GLEN PEMBERTON 6260",
    "locID": "LOC000098694190",
    "tech": "FTTN",
    "upgrade": "NULL_NA",
    "gnaf_pid": "GAWA_147126473",
    "ee": true,
    "tech_change_status": "Not Planned"
   }
  },
  {
   "type": "Feature",
   "geometry": {
    "type": "Point",
    "coordinates": [
     116.04373,
     -34.44642
    ]
   },
   "properties": {
    "name": "8 FORESTRY GLEN PEMBERTON 6260",
    "locID": "LOC000090635965",
    "tech": "FTTN",
    "upgrade": "NULL_NA",
    "gnaf_pid": "GAWA_147126474",
    "ee": true,
    "tech_change_status": "Not Planned"
   }
  },
  {
   "type": "Feature",
   "geometry": {
    "type": "Point",
    "coordinates": [
     116.03106677,
     -34.44658952
    ]
   },
   "properties": {
    "name": "21 BROCKMAN STREET PEMBERTON 6260",
    "locID": "LOC000104802444",
    "tech": "FTTN",
    "upgrade": "NULL_NA",
    "gnaf_pid": "GAWA_147152195",
    "ee": true,
    "tech_change_status": "Not Planned"
   }
  },
  {
   "type": "Feature",
   "geometry": {
    "type": "Point",
    "coordinates": [
     116.03718281,
     -34.44372711
    ]
   },
   "properties": {
    "name": "84 BROCKMAN STREET PEMBERTON 6260",
    "locID": "LOC000133211456",
    "tech": "FTTN",
    "upgrade": "NULL_NA",
    "gnaf_pid": "GAWA_147156571",
    "ee": true,
    "tech_change_status": "Not Planned"
   }
  },
  {
   "type": "Feature",
   "geometry": {
    "type": "Point",
    "coordinates": [
     116.03729797,
     -34.44465629
    ]
   },
   "properties": {
    "name": "3 GUPPY STREET PEMBERTON 6260",
    "locID": "LOC000080315614",
    "tech": "FTTN",
    "upgrade": "NULL_NA",
    "gnaf_pid": "GAWA_147159753",
    "ee": true,
    "tech_change_status": "Not Planned"
   }
  },
  {
   "type": "Feature",
   "geometry": {
    "type": "Point",
    "coordinates": [
     116.03457,
     -34.44664
    ]
   },
   "properties": {
    "name": "2 GUPPY STREET PEMBERTON 6260",
    "locID": "LOC000057858677",
    "tech": "FTTN",
    "upgrade": "NULL_NA",
    "gnaf_pid": "GAWA_147187154",
    "ee": true,
    "tech_change_status": "Not Planned"
   }
  },
  {
   "type": "Feature",
   "geometry": {
    "type": "Point",
    "coordinates": [
     116.03579687,
     -34.44521507
    ]
   },
   "properties": {
    "name": "19 GUPPY STREET PEMBERTON 6260",
    "locID": "LOC000048521014",
    "tech": "FTTN",
    "upgrade": "NULL_NA",
    "gnaf_pid": "GAWA_147188866",
    "ee": true,
    "tech_change_status": "Not Planned"
   }
  },
  {
   "type": "Feature",
   "geometry": {
    "type": "Point",
    "coordinates": [
     116.04320912,
     -34.44242413
    ]
   },
   "properties": {
    "name": "83 JAMIESON STREET PEMBERTON 6260",
    "locID": "LOC000065525420",
    "tech": "FTTN",
    "upgrade": "NULL_NA",
    "gnaf_pid": "GAWA_147191671",
    "ee": true,
    "tech_change_status": "Not Planned"
   }
  },
  {
   "type": "Feature",
   "geometry": {
    "type": "Point",
    "coordinates": [
     116.02928371,
     -34.44811244
    ]
   },
   "properties": {
    "name": "8 BROCKMAN STREET PEMBERTON 6260",
    "locID": "LOC000009567545",
    "tech": "FTTN",
    "upgrade": "NULL_NA",
    "gnaf_pid": "GAWA_147240150",
    "ee": true,
    "tech_change_status": "Not Planned"
   }
  },
  {
   "type": "Feature",
   "geometry": {
    "type": "Point",
    "coordinates": [
     116.036344,
     -34.44699393
    ]
   },
   "properties": {
    "name": "12 JAMIESON STREET PEMBERTON 6260",
    "locID": "LOC000056478931",
    "tech": "FTTN",
    "upgrade": "NULL_NA",
    "gnaf_pid": "GAWA_147254729",
    "ee": true,
    "tech_change_status": "Not Planned"
   }
  },
  {
   "type": "Feature",
   "geometry": {
    "type": "Point",
    "coordinates": [
     116.04054964,
     -34.44692419
    ]
   },
   "properties": {
    "name": "5 GLEW STREET PEMBERTON 6260",
    "locID": "LOC000171622903",
    "tech": "FTTN",
    "upgrade": "NULL_NA",
    "gnaf_pid": "GAWA_147255331",
    "ee": true,
    "tech_change_status": "Not Planned"
   }
  },
  {
   "type": "Feature",
   "geometry": {
    "type": "Point",
    "coordinates": [
     116.03477292,
     -34.44475097
    ]
   },
   "properties": {
    "name": "2 BROCKMAN STREET PEMBERTON 6260",
    "locID": "LOC000103638616",
    "tech": "FTTN",
    "upgrade": "NULL_NA",
    "gnaf_pid": "GAWA_147255332",
    "ee": true,
    "tech_change_status": "Not Planned"
   }
  },
  {
   "type": "Feature",
   "geometry": {
    "type": "Point",
    "coordinates": [
     116.04139502,
     -34.4466363
    ]
   },
   "properties": {
    "name": "9 WIDDESON STREET PEMBERTON 6260",
    "locID": "LOC000192172117",
    "tech": "FTTP",
    "upgrade": "NULL_NA",
    "gnaf_pid": "GAWA_147259307",
    "ee": true
   }
  },
  {
   "type": "Feature",
   "geometry": {
    "type": "Point",
    "coordinates": [
     116.04069,
     -34.44644
    ]
   },
   "properties": {
    "name": "45 GLEW STREET PEMBERTON 6260",
    "locID": "LOC000089508048",
    "tech": "FTTN",
    "upgrade": "NULL_NA",
    "gnaf_pid": "GAWA_147259326",
    "ee": true,
    "tech_change_status": "Not Planned"
   }
  },
  {
   "type": "Feature",
   "geometry": {
    "type": "Point",
    "coordinates": [
     116.04051,
     -34.44654
    ]
   },
   "properties": {
    "name": "43 GLEW STREET PEMBERTON 6260",
    "locID": "LOC000018104777",
    "tech": "FTTN",
    "upgrade": "NULL_NA",
    "gnaf_pid": "GAWA_147259327",
    "ee": true,
    "tech_change_status": "Not Planned"
   }
  },
  {
   "type": "Feature",
   "geometry": {
    "type": "Point",
    "coordinates": [
     116.04034,
     -34.44665
    ]
   },
   "properties": {
    "name": "41 GLEW STREET PEMBERTON 6260",
    "locID": "LOC000007815928",
    "tech": "FTTN",
    "upgrade": "NULL_NA",
    "gnaf_pid": "GAWA_147259328",
    "ee": true,
    "tech_change_status": "Not Planned"
   }
  },
  {
   "type": "Feature",
   "geometry": {
    "type": "Point",
    "coordinates": [
     116.04016,
     -34.44675
    ]
   },
   "properties": {
    "name": "39 GLEW STREET PEMBERTON 6260",
    "locID": "LOC000091802333",
    "tech": "FTTN",
    "upgrade": "NULL_NA",
    "gnaf_pid": "GAWA_147259329",
    "ee": true,
    "tech_change_status": "Not Planned"
   }
  },
  {
   "type": "Feature",
   "geometry": {
    "type": "Point",
    "coordinates": [
     116.03998,
     -34.44685
    ]
   },
   "properties": {
    "name": "37 GLEW STREET PEMBERTON 6260",
    "locID": "LOC000078138204",
    "tech": "FTTN",
    "upgrade": "NULL_NA",
    "gnaf_pid": "GAWA_147259330",
    "ee": true,
    "tech_change_status": "Not Planned"
   }
  },
  {
   "type": "Feature",
   "geometry": {
    "type": "Point",
    "coordinates": [
     116.03502,
     -34.44638
    ]
   },
   "properties": {
    "name": "6 GUPPY STREET PEMBERTON 6260",
    "locID": "LOC000181044012",
    "tech": "FTTN",
    "upgrade": "NULL_NA",
    "gnaf_pid": "GAWA_147259484",
    "ee": true,
    "tech_change_status": "Not Planned"
   }
  },
  {
   "type": "Feature",
   "geometry": {
    "type": "Point",
    "coordinates": [
     116.03572,
     -34.44658
    ]
   },
   "properties": {
    "name": "11 JAMIESON STREET PEMBERTON 6260",
    "locID": "LOC000051971952",
    "tech": "FTTN",
    "upgrade": "NULL_NA",
    "gnaf_pid": "GAWA_147265465",
    "ee": true,
    "tech_change_status": "Not Planned"
   }
  },
  {
   "type": "Feature",
   "geometry": {
    "type": "Point",
    "coordinates": [
     116.04054964,
     -34.44692419
    ]
   },
   "properties": {
    "name": "6 GLEW STREET PEMBERTON 6260",
    "locID": "LOC000037015323",
    "tech": "FTTN",
    "upgrade": "FTTP",
    "gnaf_pid": "GAWA_147267580",
    "ee": true,
    "tech_change_status": "Eligible to Order"
   }
  },
  {
   "type": "Feature",
   "geometry": {
    "type": "Point",
    "coordinates": [
     116.04631469,
     -34.4465695
    ]
   },
   "properties": {
    "name": "22 FORESTRY GLEN PEMBERTON 6260",
    "locID": "LOC000133203182",
    "tech": "FTTN",
    "upgrade": "NULL_NA",
    "gnaf_pid": "GAWA_147268329",
    "ee": true,
    "tech_change_status": "Not Planned"
   }
  },
  {
   "type": "Feature",
   "geometry": {
    "type": "Point",
    "coordinates": [
     116.0398,
     -34.44696
    ]
   },
   "properties": {
    "name": "35 GLEW STREET PEMBERTON 6260",
    "locID": "LOC000033854380",
    "tech": "FTTN",
    "upgrade": "NULL_NA",
    "gnaf_pid": "GAWA_147268830",
    "ee": true,
    "tech_change_status": "Not Planned"
   }
  },
  {
   "type": "Feature",
   "geometry": {
    "type": "Point",
    "coordinates": [
     116.04678005,
     -34.44653912
    ]
   },
   "properties": {
    "name": "26 FORESTRY GLEN PEMBERTON 6260",
    "locID": "LOC000133203225",
    "tech": "FTTN",
    "upgrade": "NULL_NA",
    "gnaf_pid": "GAWA_147271313",
    "ee": true,
    "tech_change_status": "Not Planned"
   }
  },
  {
   "type": "Feature",
   "geometry": {
    "type": "Point",
    "coordinates": [
     116.04700366,
     -34.44653485
    ]
   },
   "properties": {
    "name": "28 FORESTRY GLEN PEMBERTON 6260",
    "locID": "LOC000133203256",
    "tech": "FTTN",
    "upgrade": "NULL_NA",
    "gnaf_pid": "GAWA_147271314",
    "ee": true,
    "tech_change_status": "Not Planned"
   }
  },
  {
   "type": "Feature",
   "geometry": {
    "type": "Point",
    "coordinates": [
     116.04770784,
     -34.44635475
    ]
   },
   "properties": {
    "name": "34 FORESTRY GLEN PEMBERTON 6260",
    "locID": "LOC000081386610",
    "tech": "FTTN",
    "upgrade": "NULL_NA",
    "gnaf_pid": "GAWA_147271316",
    "ee": true,
    "tech_change_status": "Not Planned"
   }
  },
  {
   "type": "Feature",
   "geometry": {
    "type": "Point",
    "coordinates": [
     116.04456,
     -34.4463
    ]
   },
   "properties": {
    "name": "12 FORESTRY GLEN PEMBERTON 6260",
    "locID": "LOC000133245454",
    "tech": "FTTN",
    "upgrade": "NULL_NA",
    "gnaf_pid": "GAWA_147271317",
    "ee": true,
    "tech_change_status": "Not Planned"
   }
  },
  {
   "type": "Feature",
   "geometry": {
    "type": "Point",
    "coordinates": [
     116.03962,
     -34.44706
    ]
   },
   "properties": {
    "name": "33 GLEW STREET PEMBERTON 6260",
    "locID": "LOC000073453886",
    "tech": "FTTN",
    "upgrade": "NULL_NA",
    "gnaf_pid": "GAWA_147271865",
    "ee": true,
    "tech_change_status": "Not Planned"
   }
  },
  {
   "type": "Feature",
   "geometry": {
    "type": "Point",
    "coordinates": [
     116.0359,
     -34.44647
    ]
   },
   "properties": {
    "name": "13 JAMIESON STREET PEMBERTON 6260",
    "locID": "LOC000064307928",
    "tech": "FTTN",
    "upgrade": "NULL_NA",
    "gnaf_pid": "GAWA_147273668",
    "ee": true,
    "tech_change_status": "Not Planned"
   }
  },
  {
   "type": "Feature",
   "geometry": {
    "type": "Point",
    "coordinates": [
     116.04139502,
     -34.4466363
    ]
   },
   "properties": {
    "name": "3 WIDDESON STREET PEMBERTON 6260",
    "locID": "LOC000171625499",
    "tech": "FTTP",
    "upgrade": "NULL_NA",
    "gnaf_pid": "GAWA_147273673",
    "ee": true,
    "tech_change_status": "Eligible to Order"
   }
  },
  {
   "type": "Feature",
   "geometry": {
    "type": "Point",
    "coordinates": [
     116.04139502,
     -34.4466363
    ]
   },
   "properties": {
    "name": "6 WIDDESON STREET PEMBERTON 6260",
    "locID": "LOC000171625468",
    "tech": "FTTP",
    "upgrade": "NULL_NA",
    "gnaf_pid": "GAWA_147273674",
    "ee": true
   }
  },
  {
   "type": "Feature",
   "geometry": {
    "type": "Point",
    "coordinates": [
     116.04525,
     -34.4463
    ]
   },
   "properties": {
    "name": "16 FORESTRY GLEN PEMBERTON 6260",
    "locID": "LOC000080118592",
    "tech": "FTTN",
    "upgrade": "NULL_NA",
    "gnaf_pid": "GAWA_147274362",
    "ee": true,
    "tech_change_status": "Not Planned"
   }
  },
  {
   "type": "Feature",
   "geometry": {
    "type": "Point",
    "coordinates": [
     116.04564,
     -34.44642
    ]
   },
   "properties": {
    "name": "18 FORESTRY GLEN PEMBERTON 6260",
    "locID": "LOC000133203153",
    "tech": "FTTN",
    "upgrade": "NULL_NA",
    "gnaf_pid": "GAWA_147274363",
    "ee": true,
    "tech_change_status": "Not Planned"
   }
  },
  {
   "type": "Feature",
   "geometry": {
    "type": "Point",
    "coordinates": [
     116.0460161,
     -34.446518
    ]
   },
   "properties": {
    "name": "20 FORESTRY GLEN PEMBERTON 6260",
    "locID": "LOC000038743330",
    "tech": "FTTN",
    "upgrade": "NULL_NA",
    "gnaf_pid": "GAWA_147274364",
    "ee": true,
    "tech_change_status": "Not Planned"
   }
  },
  {
   "type": "Feature",
   "geometry": {
    "type": "Point",
    "coordinates": [
     116.04654816,
     -34.44654972
    ]
   },
   "properties": {
    "name": "24 FORESTRY GLEN PEMBERTON 6260",
    "locID": "LOC000071274920",
    "tech": "FTTN",
    "upgrade": "NULL_NA",
    "gnaf_pid": "GAWA_147282261",
    "ee": true,
    "tech_change_status": "Not Planned"
   }
  },
  {
   "type": "Feature",
   "geometry": {
    "type": "Point",
    "coordinates": [
     116.03484,
     -34.44648
    ]
   },
   "properties": {
    "name": "4 GUPPY STREET PEMBERTON 6260",
    "locID": "LOC000024760475",
    "tech": "FTTN",
    "upgrade": "NULL_NA",
    "gnaf_pid": "GAWA_147322335",
    "ee": true,
    "tech_change_status": "Not Planned"
   }
  },
  {
   "type": "Feature",
   "geometry": {
    "type": "Point",
    "coordinates": [
     116.03538,
     -34.44617
    ]
   },
   "properties": {
    "name": "8 GUPPY STREET PEMBERTON 6260",
    "locID": "LOC000043369121",
    "tech": "FTTP",
    "upgrade": "NULL_NA",
    "gnaf_pid": "GAWA_147329005",
    "ee": true
   }
  },
  {
   "type": "Feature",
   "geometry": {
    "type": "Point",
    "coordinates": [
     116.03377861,
     -34.44667439
    ]
   },
   "properties": {
    "name": "8 DEAN STREET PEMBERTON 6260",
    "locID": "LOC000076770522",
    "tech": "FTTN",
    "upgrade": "NULL_NA",
    "gnaf_pid": "GAWA_147335205",
    "ee": true,
    "tech_change_status": "Not Planned"
   }
  },
  {
   "type": "Feature",
   "geometry": {
    "type": "Point",
    "coordinates": [
     116.03256977,
     -34.44689061
    ]
   },
   "properties": {
    "name": "6 KELLY STREET PEMBERTON 6260",
    "locID": "LOC000005730290",
    "tech": "FTTN",
    "upgrade": "NULL_NA",
    "gnaf_pid": "GAWA_147335206",
    "ee": true,
    "tech_change_status": "Not Planned"
   }
  },
  {
   "type": "Feature",
   "geometry": {
    "type": "Point",
    "coordinates": [
     116.032729,
     -34.44707729
    ]
   },
   "properties": {
    "name": "8 KELLY STREET PEMBERTON 6260",
    "locID": "LOC000076500032",
    "tech": "FTTN",
    "upgrade": "NULL_NA",
    "gnaf_pid": "GAWA_147335207",
    "ee": true,
    "tech_change_status": "Not Planned"
   }
  },
  {
   "type": "Feature",
   "geometry": {
    "type": "Point",
    "coordinates": [
     116.03288498,
     -34.44726014
    ]
   },
   "properties": {
    "name": "10 KELLY STREET PEMBERTON 6260",
    "locID": "LOC000002131742",
    "tech": "FTTN",
    "upgrade": "NULL_NA",
    "gnaf_pid": "GAWA_147335208",
    "ee": true,
    "tech_change_status": "Not Planned"
   }
  },
  {
   "type": "Feature",
   "geometry": {
    "type": "Point",
    "coordinates": [
     116.0329327,
     -34.4464181
    ]
   },
   "properties": {
    "name": "3 KELLY STREET PEMBERTON 6260",
    "locID": "LOC000065723882",
    "tech": "FTTN",
    "upgrade": "NULL_NA",
    "gnaf_pid": "GAWA_147335209",
    "ee": true,
    "tech_change_status": "Not Planned"
   }
  },
  {
   "type": "Feature",
   "geometry": {
    "type": "Point",
    "coordinates": [
     116.03308063,
     -34.44658961
    ]
   },
   "properties": {
    "name": "5 KELLY STREET PEMBERTON 6260",
    "locID": "LOC000030537999",
    "tech": "FTTN",
    "upgrade": "NULL_NA",
    "gnaf_pid": "GAWA_147335210",
    "ee": true,
    "tech_change_status": "Not Planned"
   }
  },
  {
   "type": "Feature",
   "geometry": {
    "type": "Point",
    "coordinates": [
     116.03468062,
     -34.44846858
    ]
   },
   "properties": {
    "name": "25 KELLY STREET PEMBERTON 6260",
    "locID": "LOC000107927173",
    "tech": "FTTN",
    "upgrade": "NULL_NA",
    "gnaf_pid": "GAWA_147335214",
    "ee": true,
    "tech_change_status": "Not Planned"
   }
  },
  {
   "type": "Feature",
   "geometry": {
    "type": "Point",
    "coordinates": [
     116.03457744,
     -34.44834232
    ]
   },
   "properties": {
    "name": "23 KELLY STREET PEMBERTON 6260",
    "locID": "LOC000046560628",
    "tech": "FTTN",
    "upgrade": "NULL_NA",
    "gnaf_pid": "GAWA_147335215",
    "ee": true,
    "tech_change_status": "Not Planned"
   }
  },
  {
   "type": "Feature",
   "geometry": {
    "type": "Point",
    "coordinates": [
     116.03445953,
     -34.44820839
    ]
   },
   "properties": {
    "name": "21 KELLY STREET PEMBERTON 6260",
    "locID": "LOC000071840239",
    "tech": "FTTN",
    "upgrade": "NULL_NA",
    "gnaf_pid": "GAWA_147335216",
    "ee": true,
    "tech_change_status": "Not Planned"
   }
  },
  {
   "type": "Feature",
   "geometry": {
    "type": "Point",
    "coordinates": [
     116.03434352,
     -34.44807111
    ]
   },
   "properties": {
    "name": "19 KELLY STREET PEMBERTON 6260",
    "locID": "LOC000054125726",
    "tech": "FTTN",
    "upgrade": "NULL_NA",
    "gnaf_pid": "GAWA_147335217",
    "ee": true,
    "tech_change_status": "Not Planned"
   }
  },
  {
   "type": "Feature",
   "geometry": {
    "type": "Point",
    "coordinates": [
     116.03422488,
     -34.44793535
    ]
   },
   "properties": {
    "name": "17 KELLY STREET PEMBERTON 6260",
    "locID": "LOC000050769347",
    "tech": "FTTN",
    "upgrade": "NULL_NA",
    "gnaf_pid": "GAWA_147335218",
    "ee": true,
    "tech_change_status": "Not Planned"
   }
  },
  {
   "type": "Feature",
   "geometry": {
    "type": "Point",
    "coordinates": [
     116.03480655,
     -34.44859536
    ]
   },
   "properties": {
    "name": "27 KELLY STREET PEMBERTON 6260",
    "locID": "LOC000007067260",
    "tech": "FTTN",
    "upgrade": "NULL_NA",
    "gnaf_pid": "GAWA_147335220",
    "ee": true,
    "tech_change_status": "Not Planned"
   }
  },
  {
   "type": "Feature",
   "geometry": {
    "type": "Point",
    "coordinates": [
     116.03487864,
     -34.44796123
    ]
   },
   "properties": {
    "name": "24 DEAN STREET PEMBERTON 6260",
    "locID": "LOC000036224256",
    "tech": "FTTN",
    "upgrade": "NULL_NA",
    "gnaf_pid": "GAWA_147335221",
    "ee": true,
    "tech_change_status": "Not Planned"
   }
  },
  {
   "type": "Feature",
   "geometry": {
    "type": "Point",
    "coordinates": [
     116.03476016,
     -34.44782616
    ]
   },
   "properties": {
    "name": "22 DEAN STREET PEMBERTON 6260",
    "locID": "LOC000020371102",
    "tech": "FTTN",
    "upgrade": "NULL_NA",
    "gnaf_pid": "GAWA_147338256",
    "ee": true,
    "tech_change_status": "Not Planned"
   }
  },
  {
   "type": "Feature",
   "geometry": {
    "type": "Point",
    "coordinates": [
     116.03233655,
     -34.44646314
    ]
   },
   "properties": {
    "name": "28 BROCKMAN STREET PEMBERTON 6260",
    "locID": "LOC000028690425",
    "tech": "FTTN",
    "upgrade": "NULL_NA",
    "gnaf_pid": "GAWA_147339689",
    "ee": true,
    "tech_change_status": "Not Planned"
   }
  },
  {
   "type": "Feature",
   "geometry": {
    "type": "Point",
    "coordinates": [
     116.0352435,
     -34.4483939
    ]
   },
   "properties": {
    "name": "30 DEAN STREET PEMBERTON 6260",
    "locID": "LOC000024460229",
    "tech": "FTTN",
    "upgrade": "NULL_NA",
    "gnaf_pid": "GAWA_147341965",
    "ee": true,
    "tech_change_status": "Not Planned"
   }
  },
  {
   "type": "Feature",
   "geometry": {
    "type": "Point",
    "coordinates": [
     116.03511089,
     -34.44823579
    ]
   },
   "properties": {
    "name": "28 DEAN STREET PEMBERTON 6260",
    "locID": "LOC000079811225",
    "tech": "FTTN",
    "upgrade": "NULL_NA",
    "gnaf_pid": "GAWA_147341966",
    "ee": true,
    "tech_change_status": "Not Planned"
   }
  },
  {
   "type": "Feature",
   "geometry": {
    "type": "Point",
    "coordinates": [
     116.03499341,
     -34.44809545
    ]
   },
   "properties": {
    "name": "26 DEAN STREET PEMBERTON 6260",
    "locID": "LOC000012736545",
    "tech": "FTTN",
    "upgrade": "NULL_NA",
    "gnaf_pid": "GAWA_147341967",
    "ee": true,
    "tech_change_status": "Not Planned"
   }
  },
  {
   "type": "Feature",
   "geometry": {
    "type": "Point",
    "coordinates": [
     116.03324005,
     -34.44677292
    ]
   },
   "properties": {
    "name": "7 KELLY STREET PEMBERTON 6260",
    "locID": "LOC000006528997",
    "tech": "FTTN",
    "upgrade": "NULL_NA",
    "gnaf_pid": "GAWA_147347546",
    "ee": true,
    "tech_change_status": "Not Planned"
   }
  },
  {
   "type": "Feature",
   "geometry": {
    "type": "Point",
    "coordinates": [
     116.03339641,
     -34.44696037
    ]
   },
   "properties": {
    "name": "9 KELLY STREET PEMBERTON 6260",
    "locID": "LOC000064637445",
    "tech": "FTTN",
    "upgrade": "NULL_NA",
    "gnaf_pid": "GAWA_147347547",
    "ee": true,
    "tech_change_status": "Not Planned"
   }
  },
  {
   "type": "Feature",
   "geometry": {
    "type": "Point",
    "coordinates": [
     116.03453203,
     -34.44755636
    ]
   },
   "properties": {
    "name": "18 DEAN STREET PEMBERTON 6260",
    "locID": "LOC000019475443",
    "tech": "FTTN",
    "upgrade": "NULL_NA",
    "gnaf_pid": "GAWA_147347548",
    "ee": true,
    "tech_change_status": "Not Planned"
   }
  },
  {
   "type": "Feature",
   "geometry": {
    "type": "Point",
    "coordinates": [
     116.03305762,
     -34.44746169
    ]
   },
   "properties": {
    "name": "12 KELLY STREET PEMBERTON 6260",
    "locID": "LOC000101717168",
    "tech": "FTTN",
    "upgrade": "NULL_NA",
    "gnaf_pid": "GAWA_147347551",
    "ee": true,
    "tech_change_status": "Not Planned"
   }
  },
  {
   "type": "Feature",
   "geometry": {
    "type": "Point",
    "coordinates": [
     116.03357615,
     -34.44716744
    ]
   },
   "properties": {
    "name": "11 KELLY STREET PEMBERTON 6260",
    "locID": "LOC000100978702",
    "tech": "FTTN",
    "upgrade": "NULL_NA",
    "gnaf_pid": "GAWA_147347552",
    "ee": true,
    "tech_change_status": "Not Planned"
   }
  },
  {
   "type": "Feature",
   "geometry": {
    "type": "Point",
    "coordinates": [
     116.03390153,
     -34.44681978
    ]
   },
   "properties": {
    "name": "10 DEAN STREET PEMBERTON 6260",
    "locID": "LOC000018155872",
    "tech": "FTTN",
    "upgrade": "NULL_NA",
    "gnaf_pid": "GAWA_147357426",
    "ee": true,
    "tech_change_status": "Not Planned"
   }
  },
  {
   "type": "Feature",
   "geometry": {
    "type": "Point",
    "coordinates": [
     116.03402818,
     -34.44696906
    ]
   },
   "properties": {
    "name": "12 DEAN STREET PEMBERTON 6260",
    "locID": "LOC000024799135",
    "tech": "FTTN",
    "upgrade": "NULL_NA",
    "gnaf_pid": "GAWA_147357470",
    "ee": true,
    "tech_change_status": "Not Planned"
   }
  },
  {
   "type": "Feature",
   "geometry": {
    "type": "Point",
    "coordinates": [
     116.03284769,
     -34.44616667
    ]
   },
   "properties": {
    "name": "32 BROCKMAN STREET PEMBERTON 6260",
    "locID": "LOC000027037425",
    "tech": "FTTN",
    "upgrade": "NULL_NA",
    "gnaf_pid": "GAWA_147357471",
    "ee": true,
    "tech_change_status": "Not Planned"
   }
  },
  {
   "type": "Feature",
   "geometry": {
    "type": "Point",
    "coordinates": [
     116.03266843,
     -34.44626964
    ]
   },
   "properties": {
    "name": "30 BROCKMAN STREET PEMBERTON 6260",
    "locID": "LOC000180016381",
    "tech": "FTTN",
    "upgrade": "NULL_NA",
    "gnaf_pid": "GAWA_147357473",
    "ee": true,
    "tech_change_status": "Not Planned"
   }
  },
  {
   "type": "Feature",
   "geometry": {
    "type": "Point",
    "coordinates": [
     116.0340838,
     -34.4512012
    ]
   },
   "properties": {
    "name": "15 DICKINSON STREET PEMBERTON 6260",
    "locID": "LOC000133203130",
    "tech": "FTTN",
    "upgrade": "NULL_NA",
    "gnaf_pid": "GAWA_147370575",
    "ee": true,
    "tech_change_status": "Not Planned"
   }
  },
  {
   "type": "Feature",
   "geometry": {
    "type": "Point",
    "coordinates": [
     116.0338836,
     -34.4510762
    ]
   },
   "properties": {
    "name": "13 DICKINSON STREET PEMBERTON 6260",
    "locID": "LOC000133245465",
    "tech": "FTTN",
    "upgrade": "NULL_NA",
    "gnaf_pid": "GAWA_147370576",
    "ee": true,
    "tech_change_status": "Not Planned"
   }
  },
  {
   "type": "Feature",
   "geometry": {
    "type": "Point",
    "coordinates": [
     116.0337183,
     -34.4509312
    ]
   },
   "properties": {
    "name": "11 DICKINSON STREET PEMBERTON 6260",
    "locID": "LOC000133245408",
    "tech": "FTTN",
    "upgrade": "NULL_NA",
    "gnaf_pid": "GAWA_147370579",
    "ee": true,
    "tech_change_status": "Not Planned"
   }
  },
  {
   "type": "Feature",
   "geometry": {
    "type": "Point",
    "coordinates": [
     116.0338072,
     -34.4518922
    ]
   },
   "properties": {
    "name": "14 DICKINSON STREET PEMBERTON 6260",
    "locID": "LOC000133203111",
    "tech": "FTTN",
    "upgrade": "NULL_NA",
    "gnaf_pid": "GAWA_147370582",
    "ee": true,
    "tech_change_status": "Not Planned"
   }
  },
  {
   "type": "Feature",
   "geometry": {
    "type": "Point",
    "coordinates": [
     116.0327203,
     -34.4506186
    ]
   },
   "properties": {
    "name": "2 DICKINSON STREET PEMBERTON 6260",
    "locID": "LOC000171622341",
    "tech": "FTTN",
    "upgrade": "NULL_NA",
    "gnaf_pid": "GAWA_147370587",
    "ee": true,
    "tech_change_status": "Not Planned"
   }
  },
  {
   "type": "Feature",
   "geometry": {
    "type": "Point",
    "coordinates": [
     116.0332394,
     -34.4511811
    ]
   },
   "properties": {
    "name": "8 DICKINSON STREET PEMBERTON 6260",
    "locID": "LOC000133208984",
    "tech": "FTTN",
    "upgrade": "NULL_NA",
    "gnaf_pid": "GAWA_147370588",
    "ee": true,
    "tech_change_status": "Not Planned"
   }
  },
  {
   "type": "Feature",
   "geometry": {
    "type": "Point",
    "coordinates": [
     116.0334348,
     -34.4513759
    ]
   },
   "properties": {
    "name": "10 DICKINSON STREET PEMBERTON 6260",
    "locID": "LOC000133242698",
    "tech": "FTTN",
    "upgrade": "NULL_NA",
    "gnaf_pid": "GAWA_147370590",
    "ee": true,
    "tech_change_status": "Not Planned"
   }
  },
  {
   "type": "Feature",
   "geometry": {
    "type": "Point",
    "coordinates": [
     116.0330554,
     -34.4510089
    ]
   },
   "properties": {
    "name": "6 DICKINSON STREET PEMBERTON 6260",
    "locID": "LOC000049421245",
    "tech": "FTTN",
    "upgrade": "NULL_NA",
    "gnaf_pid": "GAWA_147370591",
    "ee": true,
    "tech_change_status": "Not Planned"
   }
  },
  {
   "type": "Feature",
   "geometry": {
    "type": "Point",
    "coordinates": [
     116.0449007,
     -34.4462536
    ]
   },
   "properties": {
    "name": "14 FORESTRY GLEN PEMBERTON 6260",
    "locID": "LOC000090301080",
    "tech": "FTTN",
    "upgrade": "NULL_NA",
    "gnaf_pid": "GAWA_147385909",
    "ee": true,
    "tech_change_status": "Not Planned"
   }
  },
  {
   "type": "Feature",
   "geometry": {
    "type": "Point",
    "coordinates": [
     116.0328729,
     -34.4493871
    ]
   },
   "properties": {
    "name": "9 DICKINSON STREET PEMBERTON 6260",
    "locID": "LOC000100919665",
    "tech": "FTTN",
    "upgrade": "NULL_NA",
    "gnaf_pid": "GAWA_147392299",
    "ee": true,
    "tech_change_status": "Not Planned"
   }
  },
  {
   "type": "Feature",
   "geometry": {
    "type": "Point",
    "coordinates": [
     116.03761164,
     -34.44930659
    ]
   },
   "properties": {
    "name": "12 WATTLEBIRD GROVE PEMBERTON 6260",
    "locID": "LOC000083235097",
    "tech": "FTTN",
    "upgrade": "NULL_NA",
    "gnaf_pid": "GAWA_148000076",
    "ee": true,
    "tech_change_status": "Not Planned"
   }
  },
  {
   "type": "Feature",
   "geometry": {
    "type": "Point",
    "coordinates": [
     116.03761164,
     -34.44930659
    ]
   },
   "properties": {
    "name": "4 WATTLEBIRD GROVE PEMBERTON 6260",
    "locID": "LOC000046502885",
    "tech": "FTTN",
    "upgrade": "NULL_NA",
    "gnaf_pid": "GAWA_148000781",
    "ee": true,
    "tech_change_status": "Not Planned"
   }
  },
  {
   "type": "Feature",
   "geometry": {
    "type": "Point",
    "coordinates": [
     116.04051,
     -34.44654
    ]
   },
   "properties": {
    "name": "43B GLEW STREET PEMBERTON 6260",
    "locID": "LOC000018104777",
    "tech": "FTTN",
    "upgrade": "NULL_NA",
    "gnaf_pid": "GAWA_148004622",
    "ee": true,
    "tech_change_status": "Not Planned"
   }
  },
  {
   "type": "Feature",
   "geometry": {
    "type": "Point",
    "coordinates": [
     116.04139502,
     -34.4466363
    ]
   },
   "properties": {
    "name": "177C WIDDESON STREET PEMBERTON 6260",
    "locID": "LOC000171625468",
    "tech": "FTTP",
    "upgrade": "NULL_NA",
    "gnaf_pid": "GAWA_148005574",
    "ee": true
   }
  },
  {
   "type": "Feature",
   "geometry": {
    "type": "Point",
    "coordinates": [
     116.04139502,
     -34.4466363
    ]
   },
   "properties": {
    "name": "665 WIDDESON STREET PEMBERTON 6260",
    "locID": "LOC000171625468",
    "tech": "FTTP",
    "upgrade": "NULL_NA",
    "gnaf_pid": "GAWA_148005575",
    "ee": true
   }
  },
  {
   "type": "Feature",
   "geometry": {
    "type": "Point",
    "coordinates": [
     116.04,
     -34.44626
    ]
   },
   "properties": {
    "name": "42B LEFROY STREET PEMBERTON 6260",
    "locID": "LOC000081008402",
    "tech": "FTTN",
    "upgrade": "NULL_NA",
    "gnaf_pid": "GAWA_148005580",
    "ee": true,
    "tech_change_status": "Not Planned"
   }
  },
  {
   "type": "Feature",
   "geometry": {
    "type": "Point",
    "coordinates": [
     116.03313029,
     -34.4481316
    ]
   },
   "properties": {
    "name": "8 KARRI RISE PEMBERTON 6260",
    "locID": "LOC000025338951",
    "tech": "FTTN",
    "upgrade": "NULL_NA",
    "gnaf_pid": "GAWA_148005582",
    "ee": true,
    "tech_change_status": "Not Planned"
   }
  },
  {
   "type": "Feature",
   "geometry": {
    "type": "Point",
    "coordinates": [
     116.03089016,
     -34.44635526
    ]
   },
   "properties": {
    "name": "3 RAILWAY CRESCENT PEMBERTON 6260",
    "locID": "LOC000030563864",
    "tech": "FTTN",
    "upgrade": "NULL_NA",
    "gnaf_pid": "GAWA_148005695",
    "ee": true,
    "tech_change_status": "Not Planned"
   }
  },
  {
   "type": "Feature",
   "geometry": {
    "type": "Point",
    "coordinates": [
     116.03215198,
     -34.4466019
    ]
   },
   "properties": {
    "name": "26 BROCKMAN STREET PEMBERTON 6260",
    "locID": "LOC000079779837",
    "tech": "FTTN",
    "upgrade": "NULL_NA",
    "gnaf_pid": "GAWA_148005699",
    "ee": true,
    "tech_change_status": "Not Planned"
   }
  },
  {
   "type": "Feature",
   "geometry": {
    "type": "Point",
    "coordinates": [
     116.03263513,
     -34.44771099
    ]
   },
   "properties": {
    "name": "11 PINE STREET PEMBERTON 6260",
    "locID": "LOC000095903720",
    "tech": "FTTN",
    "upgrade": "NULL_NA",
    "gnaf_pid": "GAWA_148005701",
    "ee": true,
    "tech_change_status": "Not Planned"
   }
  },
  {
   "type": "Feature",
   "geometry": {
    "type": "Point",
    "coordinates": [
     116.03123523,
     -34.44588649
    ]
   },
   "properties": {
    "name": "8 RAILWAY CRESCENT PEMBERTON 6260",
    "locID": "LOC000108195459",
    "tech": "FTTN",
    "upgrade": "NULL_NA",
    "gnaf_pid": "GAWA_148005704",
    "ee": true,
    "tech_change_status": "Not Planned"
   }
  },
  {
   "type": "Feature",
   "geometry": {
    "type": "Point",
    "coordinates": [
     116.03203725,
     -34.44329285
    ]
   },
   "properties": {
    "name": "6 SWIMMING POOL ROAD PEMBERTON 6260",
    "locID": "LOC100076747830",
    "tech": "FTTN",
    "upgrade": "NULL_NA",
    "gnaf_pid": "GAWA_148008140",
    "ee": true,
    "tech_change_status": "Not Planned"
   }
  },
  {
   "type": "Feature",
   "geometry": {
    "type": "Point",
    "coordinates": [
     116.03381163,
     -34.44759565
    ]
   },
   "properties": {
    "name": "14 KARRI RISE PEMBERTON 6260",
    "locID": "LOC000087448974",
    "tech": "FTTN",
    "upgrade": "NULL_NA",
    "gnaf_pid": "GAWA_148008141",
    "ee": true,
    "tech_change_status": "Not Planned"
   }
  },
  {
   "type": "Feature",
   "geometry": {
    "type": "Point",
    "coordinates": [
     116.04,
     -34.44626
    ]
   },
   "properties": {
    "name": "42A LEFROY STREET PEMBERTON 6260",
    "locID": "LOC000081343938",
    "tech": "FTTN",
    "upgrade": "NULL_NA",
    "gnaf_pid": "GAWA_148012153",
    "ee": true,
    "tech_change_status": "Not Planned"
   }
  },
  {
   "type": "Feature",
   "geometry": {
    "type": "Point",
    "coordinates": [
     116.04069,
     -34.44644
    ]
   },
   "properties": {
    "name": "45A GLEW STREET PEMBERTON 6260",
    "locID": "LOC000089830912",
    "tech": "FTTN",
    "upgrade": "NULL_NA",
    "gnaf_pid": "GAWA_148014613",
    "ee": true,
    "tech_change_status": "Not Planned"
   }
  },
  {
   "type": "Feature",
   "geometry": {
    "type": "Point",
    "coordinates": [
     116.03243874,
     -34.44671723
    ]
   },
   "properties": {
    "name": "4 KELLY STREET PEMBERTON 6260",
    "locID": "LOC000073519521",
    "tech": "FTTN",
    "upgrade": "NULL_NA",
    "gnaf_pid": "GAWA_148014617",
    "ee": true,
    "tech_change_status": "Not Planned"
   }
  },
  {
   "type": "Feature",
   "geometry": {
    "type": "Point",
    "coordinates": [
     116.04139502,
     -34.4466363
    ]
   },
   "properties": {
    "name": "177A WIDDESON STREET PEMBERTON 6260",
    "locID": "LOC000171625468",
    "tech": "FTTP",
    "upgrade": "NULL_NA",
    "gnaf_pid": "GAWA_148014619",
    "ee": true
   }
  },
  {
   "type": "Feature",
   "geometry": {
    "type": "Point",
    "coordinates": [
     116.04272115,
     -34.44964259
    ]
   },
   "properties": {
    "name": "2 FRENCH STREET PEMBERTON 6260",
    "locID": "LOC000022034375",
    "tech": "FTTN",
    "upgrade": "NULL_NA",
    "gnaf_pid": "GAWA_148014620",
    "ee": true,
    "tech_change_status": "Not Planned"
   }
  },
  {
   "type": "Feature",
   "geometry": {
    "type": "Point",
    "coordinates": [
     116.04139502,
     -34.4466363
    ]
   },
   "properties": {
    "name": "177B WIDDESON STREET PEMBERTON 6260",
    "locID": "LOC000171625468",
    "tech": "FTTP",
    "upgrade": "NULL_NA",
    "gnaf_pid": "GAWA_148015811",
    "ee": true
   }
  },
  {
   "type": "Feature",
   "geometry": {
    "type": "Point",
    "coordinates": [
     116.03117484,
     -34.4458932
    ]
   },
   "properties": {
    "name": "4 RAILWAY CRESCENT PEMBERTON 6260",
    "locID": "LOC000027091072",
    "tech": "FTTN",
    "upgrade": "NULL_NA",
    "gnaf_pid": "GAWA_148015819",
    "ee": true,
    "tech_change_status": "Not Planned"
   }
  },
  {
   "type": "Feature",
   "geometry": {
    "type": "Point",
    "coordinates": [
     116.03975963,
     -34.44753637
    ]
   },
   "properties": {
    "name": "6 ROBINSON STREET PEMBERTON 6260",
    "locID": "LOC000171624621",
    "tech": "FTTN",
    "upgrade": "NULL_NA",
    "gnaf_pid": "GAWA_148016851",
    "ee": true,
    "tech_change_status": "Not Planned"
   }
  },
  {
   "type": "Feature",
   "geometry": {
    "type": "Point",
    "coordinates": [
     116.04167406,
     -34.44397823
    ]
   },
   "properties": {
    "name": "62 JAMIESON STREET PEMBERTON 6260",
    "locID": "LOC000089659436",
    "tech": "FTTN",
    "upgrade": "NULL_NA",
    "gnaf_pid": "GAWA_148019713",
    "ee": true,
    "tech_change_status": "Not Planned"
   }
  },
  {
   "type": "Feature",
   "geometry": {
    "type": "Point",
    "coordinates": [
     116.04,
     -34.44626
    ]
   },
   "properties": {
    "name": "42C LEFROY STREET PEMBERTON 6260",
    "locID": "LOC000081081106",
    "tech": "FTTN",
    "upgrade": "NULL_NA",
    "gnaf_pid": "GAWA_148022448",
    "ee": true,
    "tech_change_status": "Not Planned"
   }
  },
  {
   "type": "Feature",
   "geometry": {
    "type": "Point",
    "coordinates": [
     116.03420867,
     -34.44736463
    ]
   },
   "properties": {
    "name": "18 KARRI RISE PEMBERTON 6260",
    "locID": "LOC000048030827",
    "tech": "FTTN",
    "upgrade": "NULL_NA",
    "gnaf_pid": "GAWA_148023288",
    "ee": true,
    "tech_change_status": "Not Planned"
   }
  },
  {
   "type": "Feature",
   "geometry": {
    "type": "Point",
    "coordinates": [
     116.03181067,
     -34.44675206
    ]
   },
   "properties": {
    "name": "24 BROCKMAN STREET PEMBERTON 6260",
    "locID": "LOC000171623812",
    "tech": "FTTN",
    "upgrade": "NULL_NA",
    "gnaf_pid": "GAWA_148023290",
    "ee": true,
    "tech_change_status": "Not Planned"
   }
  },
  {
   "type": "Feature",
   "geometry": {
    "type": "Point",
    "coordinates": [
     116.03411072,
     -34.44780149
    ]
   },
   "properties": {
    "name": "15 KELLY STREET PEMBERTON 6260",
    "locID": "LOC000088576473",
    "tech": "FTTN",
    "upgrade": "NULL_NA",
    "gnaf_pid": "GAWA_148023292",
    "ee": true,
    "tech_change_status": "Not Planned"
   }
  },
  {
   "type": "Feature",
   "geometry": {
    "type": "Point",
    "coordinates": [
     116.03246618,
     -34.44751577
    ]
   },
   "properties": {
    "name": "9 PINE STREET PEMBERTON 6260",
    "locID": "LOC000067642944",
    "tech": "FTTN",
    "upgrade": "NULL_NA",
    "gnaf_pid": "GAWA_148024334",
    "ee": true,
    "tech_change_status": "Not Planned"
   }
  },
  {
   "type": "Feature",
   "geometry": {
    "type": "Point",
    "coordinates": [
     116.04069,
     -34.44644
    ]
   },
   "properties": {
    "name": "45B GLEW STREET PEMBERTON 6260",
    "locID": "LOC000089508048",
    "tech": "FTTN",
    "upgrade": "NULL_NA",
    "gnaf_pid": "GAWA_148025134",
    "ee": true,
    "tech_change_status": "Not Planned"
   }
  },
  {
   "type": "Feature",
   "geometry": {
    "type": "Point",
    "coordinates": [
     116.03761164,
     -34.44930659
    ]
   },
   "properties": {
    "name": "13 WATTLEBIRD GROVE PEMBERTON 6260",
    "locID": "LOC000088452013",
    "tech": "FTTN",
    "upgrade": "NULL_NA",
    "gnaf_pid": "GAWA_148026135",
    "ee": true,
    "tech_change_status": "Not Planned"
   }
  },
  {
   "type": "Feature",
   "geometry": {
    "type": "Point",
    "coordinates": [
     116.03230395,
     -34.4473273
    ]
   },
   "properties": {
    "name": "7 PINE STREET PEMBERTON 6260",
    "locID": "LOC000093857596",
    "tech": "FTTN",
    "upgrade": "NULL_NA",
    "gnaf_pid": "GAWA_148028002",
    "ee": true,
    "tech_change_status": "Not Planned"
   }
  },
  {
   "type": "Feature",
   "geometry": {
    "type": "Point",
    "coordinates": [
     116.03214491,
     -34.44713906
    ]
   },
   "properties": {
    "name": "5 PINE STREET PEMBERTON 6260",
    "locID": "LOC000084144843",
    "tech": "FTTN",
    "upgrade": "NULL_NA",
    "gnaf_pid": "GAWA_148029570",
    "ee": true,
    "tech_change_status": "Not Planned"
   }
  },
  {
   "type": "Feature",
   "geometry": {
    "type": "Point",
    "coordinates": [
     116.03400844,
     -34.44748228
    ]
   },
   "properties": {
    "name": "16 KARRI RISE PEMBERTON 6260",
    "locID": "LOC000102234266",
    "tech": "FTTN",
    "upgrade": "NULL_NA",
    "gnaf_pid": "GAWA_148029571",
    "ee": true,
    "tech_change_status": "Not Planned"
   }
  },
  {
   "type": "Feature",
   "geometry": {
    "type": "Point",
    "coordinates": [
     116.03109055,
     -34.44728156
    ]
   },
   "properties": {
    "name": "18 BROCKMAN STREET PEMBERTON 6260",
    "locID": "LOC000027960889",
    "tech": "FTTN",
    "upgrade": "NULL_NA",
    "gnaf_pid": "GAWA_148029574",
    "ee": true,
    "tech_change_status": "Not Planned"
   }
  },
  {
   "type": "Feature",
   "geometry": {
    "type": "Point",
    "coordinates": [
     116.03761164,
     -34.44930659
    ]
   },
   "properties": {
    "name": "9 WATTLEBIRD GROVE PEMBERTON 6260",
    "locID": "LOC000055007328",
    "tech": "FTTN",
    "upgrade": "NULL_NA",
    "gnaf_pid": "GAWA_148029579",
    "ee": true,
    "tech_change_status": "Not Planned"
   }
  },
  {
   "type": "Feature",
   "geometry": {
    "type": "Point",
    "coordinates": [
     116.03761164,
     -34.44930659
    ]
   },
   "properties": {
    "name": "2 WATTLEBIRD GROVE PEMBERTON 6260",
    "locID": "LOC000003685920",
    "tech": "FTTN",
    "upgrade": "NULL_NA",
    "gnaf_pid": "GAWA_148030651",
    "ee": true,
    "tech_change_status": "Not Planned"
   }
  },
  {
   "type": "Feature",
   "geometry": {
    "type": "Point",
    "coordinates": [
     116.03011075,
     -34.44715053
    ]
   },
   "properties": {
    "name": "13 BROCKMAN STREET PEMBERTON 6260",
    "locID": "LOC000098524470",
    "tech": "FTTN",
    "upgrade": "NULL_NA",
    "gnaf_pid": "GAWA_148032689",
    "ee": true,
    "tech_change_status": "Not Planned"
   }
  },
  {
   "type": "Feature",
   "geometry": {
    "type": "Point",
    "coordinates": [
     116.03761164,
     -34.44930659
    ]
   },
   "properties": {
    "name": "15 WATTLEBIRD GROVE PEMBERTON 6260",
    "locID": "LOC000105953740",
    "tech": "FTTN",
    "upgrade": "NULL_NA",
    "gnaf_pid": "GAWA_148033566",
    "ee": true,
    "tech_change_status": "Not Planned"
   }
  },
  {
   "type": "Feature",
   "geometry": {
    "type": "Point",
    "coordinates": [
     116.02996653,
     -34.4472588
    ]
   },
   "properties": {
    "name": "2 SWIMMING POOL ROAD PEMBERTON 6260",
    "locID": "LOC000171625084",
    "tech": "FTTN",
    "upgrade": "NULL_NA",
    "gnaf_pid": "GAWA_148033571",
    "ee": true,
    "tech_change_status": "Not Planned"
   }
  },
  {
   "type": "Feature",
   "geometry": {
    "type": "Point",
    "coordinates": [
     116.03203067,
     -34.44777174
    ]
   },
   "properties": {
    "name": "10 PINE STREET PEMBERTON 6260",
    "locID": "LOC000038015897",
    "tech": "FTTN",
    "upgrade": "NULL_NA",
    "gnaf_pid": "GAWA_148033574",
    "ee": true,
    "tech_change_status": "Not Planned"
   }
  },
  {
   "type": "Feature",
   "geometry": {
    "type": "Point",
    "coordinates": [
     116.03331397,
     -34.44790377
    ]
   },
   "properties": {
    "name": "10 KARRI RISE PEMBERTON 6260",
    "locID": "LOC000090165785",
    "tech": "FTTN",
    "upgrade": "NULL_NA",
    "gnaf_pid": "GAWA_148034350",
    "ee": true,
    "tech_change_status": "Not Planned"
   }
  },
  {
   "type": "Feature",
   "geometry": {
    "type": "Point",
    "coordinates": [
     116.04051,
     -34.44654
    ]
   },
   "properties": {
    "name": "43A GLEW STREET PEMBERTON 6260",
    "locID": "LOC000018140734",
    "tech": "FTTN",
    "upgrade": "NULL_NA",
    "gnaf_pid": "GAWA_148037731",
    "ee": true,
    "tech_change_status": "Not Planned"
   }
  },
  {
   "type": "Feature",
   "geometry": {
    "type": "Point",
    "coordinates": [
     116.04054964,
     -34.44692419
    ]
   },
   "properties": {
    "name": "149 GLEW STREET PEMBERTON 6260",
    "locID": "LOC100064214007",
    "tech": "FTTN",
    "upgrade": "NULL_NA",
    "gnaf_pid": "GAWA_148037733",
    "ee": true,
    "tech_change_status": "Not Planned"
   }
  },
  {
   "type": "Feature",
   "geometry": {
    "type": "Point",
    "coordinates": [
     116.03198636,
     -34.44695485
    ]
   },
   "properties": {
    "name": "3 PINE STREET PEMBERTON 6260",
    "locID": "LOC000077747993",
    "tech": "FTTN",
    "upgrade": "NULL_NA",
    "gnaf_pid": "GAWA_148043492",
    "ee": true,
    "tech_change_status": "Not Planned"
   }
  },
  {
   "type": "Feature",
   "geometry": {
    "type": "Point",
    "coordinates": [
     116.03298923,
     -34.44821166
    ]
   },
   "properties": {
    "name": "6 KARRI RISE PEMBERTON 6260",
    "locID": "LOC000133211494",
    "tech": "FTTN",
    "upgrade": "NULL_NA",
    "gnaf_pid": "GAWA_148043496",
    "ee": true,
    "tech_change_status": "Not Planned"
   }
  },
  {
   "type": "Feature",
   "geometry": {
    "type": "Point",
    "coordinates": [
     116.03440759,
     -34.44725318
    ]
   },
   "properties": {
    "name": "20 KARRI RISE PEMBERTON 6260",
    "locID": "LOC000078418127",
    "tech": "FTTN",
    "upgrade": "NULL_NA",
    "gnaf_pid": "GAWA_148043497",
    "ee": true,
    "tech_change_status": "Not Planned"
   }
  },
  {
   "type": "Feature",
   "geometry": {
    "type": "Point",
    "coordinates": [
     116.033657,
     -34.44653434
    ]
   },
   "properties": {
    "name": "6 DEAN STREET PEMBERTON 6260",
    "locID": "LOC000067982776",
    "tech": "FTTN",
    "upgrade": "NULL_NA",
    "gnaf_pid": "GAWA_148043501",
    "ee": true,
    "tech_change_status": "Not Planned"
   }
  },
  {
   "type": "Feature",
   "geometry": {
    "type": "Point",
    "coordinates": [
     116.03127222,
     -34.44612349
    ]
   },
   "properties": {
    "name": "6 RAILWAY CRESCENT PEMBERTON 6260",
    "locID": "LOC000026439932",
    "tech": "FTTN",
    "upgrade": "NULL_NA",
    "gnaf_pid": "GAWA_148045050",
    "ee": true,
    "tech_change_status": "Not Planned"
   }
  },
  {
   "type": "Feature",
   "geometry": {
    "type": "Point",
    "coordinates": [
     116.03159616,
     -34.44723346
    ]
   },
   "properties": {
    "name": "4 PINE STREET PEMBERTON 6260",
    "locID": "LOC000073000576",
    "tech": "FTTN",
    "upgrade": "NULL_NA",
    "gnaf_pid": "GAWA_148045312",
    "ee": true,
    "tech_change_status": "Not Planned"
   }
  },
  {
   "type": "Feature",
   "geometry": {
    "type": "Point",
    "coordinates": [
     116.03761164,
     -34.44930659
    ]
   },
   "properties": {
    "name": "16 WATTLEBIRD GROVE PEMBERTON 6260",
    "locID": "LOC000003045406",
    "tech": "FTTN",
    "upgrade": "NULL_NA",
    "gnaf_pid": "GAWA_148046551",
    "ee": true,
    "tech_change_status": "Not Planned"
   }
  },
  {
   "type": "Feature",
   "geometry": {
    "type": "Point",
    "coordinates": [
     116.03203725,
     -34.44329285
    ]
   },
   "properties": {
    "name": "1 SWIMMING POOL ROAD PEMBERTON 6260",
    "locID": "LOC000171625176",
    "tech": "FTTN",
    "upgrade": "NULL_NA",
    "gnaf_pid": "GAWA_148046556",
    "ee": true,
    "tech_change_status": "Not Planned"
   }
  },
  {
   "type": "Feature",
   "geometry": {
    "type": "Point",
    "coordinates": [
     116.03464666,
     -34.44769007
    ]
   },
   "properties": {
    "name": "20 DEAN STREET PEMBERTON 6260",
    "locID": "LOC000023679715",
    "tech": "FTTN",
    "upgrade": "NULL_NA",
    "gnaf_pid": "GAWA_148054403",
    "ee": true,
    "tech_change_status": "Not Planned"
   }
  },
  {
   "type": "Feature",
   "geometry": {
    "type": "Point",
    "coordinates": [
     116.0335432,
     -34.44640234
    ]
   },
   "properties": {
    "name": "4 DEAN STREET PEMBERTON 6260",
    "locID": "LOC000010701539",
    "tech": "FTTN",
    "upgrade": "NULL_NA",
    "gnaf_pid": "GAWA_148054404",
    "ee": true,
    "tech_change_status": "Not Planned"
   }
  },
  {
   "type": "Feature",
   "geometry": {
    "type": "Point",
    "coordinates": [
     116.03643937,
     -34.44694115
    ]
   },
   "properties": {
    "name": "14 JAMIESON STREET PEMBERTON 6260",
    "locID": "LOC000024537723",
    "tech": "FTTN",
    "upgrade": "NULL_NA",
    "gnaf_pid": "GAWA_149024173",
    "ee": true,
    "tech_change_status": "Not Planned"
   }
  },
  {
   "type": "Feature",
   "geometry": {
    "type": "Point",
    "coordinates": [
     116.04058563,
     -34.4503489
    ]
   },
   "properties": {
    "name": "UNIT 8, 8 KENNEDY STREET PEMBERTON 6260",
    "locID": "LOC100065693353",
    "tech": "FTTP",
    "upgrade": "NULL_NA",
    "gnaf_pid": "GAWA_149024194",
    "ee": true
   }
  },
  {
   "type": "Feature",
   "geometry": {
    "type": "Point",
    "coordinates": [
     116.04058563,
     -34.4503489
    ]
   },
   "properties": {
    "name": "UNIT 9, 8 KENNEDY STREET PEMBERTON 6260",
    "locID": "LOC100060955683",
    "tech": "FTTN",
    "upgrade": "NULL_NA",
    "gnaf_pid": "GAWA_149024195",
    "ee": true,
    "tech_change_status": "Not Planned"
   }
  },
  {
   "type": "Feature",
   "geometry": {
    "type": "Point",
    "coordinates": [
     116.04058563,
     -34.4503489
    ]
   },
   "properties": {
    "name": "UNIT 11, 8 KENNEDY STREET PEMBERTON 6260",
    "locID": "LOC100060955683",
    "tech": "FTTN",
    "upgrade": "NULL_NA",
    "gnaf_pid": "GAWA_149024198",
    "ee": true,
    "tech_change_status": "Not Planned"
   }
  },
  {
   "type": "Feature",
   "geometry": {
    "type": "Point",
    "coordinates": [
     116.04058563,
     -34.4503489
    ]
   },
   "properties": {
    "name": "UNIT 12, 8 KENNEDY STREET PEMBERTON 6260",
    "locID": "LOC100060955683",
    "tech": "FTTN",
    "upgrade": "NULL_NA",
    "gnaf_pid": "GAWA_149024199",
    "ee": true,
    "tech_change_status": "Not Planned"
   }
  },
  {
   "type": "Feature",
   "geometry": {
    "type": "Point",
    "coordinates": [
     116.04158766,
     -34.4485071
    ]
   },
   "properties": {
    "name": "19 KENNEDY STREET PEMBERTON 6260",
    "locID": "LOC000014518372",
    "tech": "FTTP",
    "upgrade": "NULL_NA",
    "gnaf_pid": "GAWA_149024204",
    "ee": true
   }
  },
  {
   "type": "Feature",
   "geometry": {
    "type": "Point",
    "coordinates": [
     116.04187224,
     -34.44834102
    ]
   },
   "properties": {
    "name": "21 KENNEDY STREET PEMBERTON 6260",
    "locID": "LOC000019522267",
    "tech": "FTTP",
    "upgrade": "NULL_NA",
    "gnaf_pid": "GAWA_149024205",
    "ee": true,
    "tech_change_status": "Eligible to Order"
   }
  },
  {
   "type": "Feature",
   "geometry": {
    "type": "Point",
    "coordinates": [
     116.0408827,
     -34.45039684
    ]
   },
   "properties": {
    "name": "12 KENNEDY STREET PEMBERTON 6260",
    "locID": "LOC000179956428",
    "tech": "FTTN",
    "upgrade": "FTTP",
    "gnaf_pid": "GAWA_149024208",
    "ee": true,
    "tech_change_status": "Eligible to Order"
   }
  },
  {
   "type": "Feature",
   "geometry": {
    "type": "Point",
    "coordinates": [
     116.04132497,
     -34.44687063
    ]
   },
   "properties": {
    "name": "48 GLEW STREET PEMBERTON 6260",
    "locID": "LOC000038910495",
    "tech": "FTTN",
    "upgrade": "FTTP",
    "gnaf_pid": "GAWA_149025659",
    "ee": true,
    "tech_change_status": "Eligible to Order"
   }
  },
  {
   "type": "Feature",
   "geometry": {
    "type": "Point",
    "coordinates": [
     116.03370359,
     -34.44577154
    ]
   },
   "properties": {
    "name": "38 BROCKMAN STREET PEMBERTON 6260",
    "locID": "LOC000018530599",
    "tech": "FTTN",
    "upgrade": "NULL_NA",
    "gnaf_pid": "GAWA_149029468",
    "ee": true,
    "tech_change_status": "Not Planned"
   }
  },
  {
   "type": "Feature",
   "geometry": {
    "type": "Point",
    "coordinates": [
     116.02723201,
     -34.44738597
    ]
   },
   "properties": {
    "name": "5 BROCKMAN STREET PEMBERTON 6260",
    "locID": "LOC000087448244",
    "tech": "FTTN",
    "upgrade": "NULL_NA",
    "gnaf_pid": "GAWA_149029470",
    "ee": true,
    "tech_change_status": "Not Planned"
   }
  },
  {
   "type": "Feature",
   "geometry": {
    "type": "Point",
    "coordinates": [
     116.04054964,
     -34.44692419
    ]
   },
   "properties": {
    "name": "734 GLEW STREET PEMBERTON 6260",
    "locID": "LOC000037015323",
    "tech": "FTTN",
    "upgrade": "FTTP",
    "gnaf_pid": "GAWA_149030322",
    "ee": true,
    "tech_change_status": "Eligible to Order"
   }
  },
  {
   "type": "Feature",
   "geometry": {
    "type": "Point",
    "coordinates": [
     116.04058563,
     -34.4503489
    ]
   },
   "properties": {
    "name": "UNIT 1, 8 KENNEDY STREET PEMBERTON 6260",
    "locID": "LOC100065693353",
    "tech": "FTTP",
    "upgrade": "NULL_NA",
    "gnaf_pid": "GAWA_149030506",
    "ee": true
   }
  },
  {
   "type": "Feature",
   "geometry": {
    "type": "Point",
    "coordinates": [
     116.04058563,
     -34.4503489
    ]
   },
   "properties": {
    "name": "UNIT 2, 8 KENNEDY STREET PEMBERTON 6260",
    "locID": "LOC100060955683",
    "tech": "FTTN",
    "upgrade": "NULL_NA",
    "gnaf_pid": "GAWA_149030507",
    "ee": true,
    "tech_change_status": "Not Planned"
   }
  },
  {
   "type": "Feature",
   "geometry": {
    "type": "Point",
    "coordinates": [
     116.04058563,
     -34.4503489
    ]
   },
   "properties": {
    "name": "UNIT 3, 8 KENNEDY STREET PEMBERTON 6260",
    "locID": "LOC100060955683",
    "tech": "FTTN",
    "upgrade": "NULL_NA",
    "gnaf_pid": "GAWA_149030508",
    "ee": true,
    "tech_change_status": "Not Planned"
   }
  },
  {
   "type": "Feature",
   "geometry": {
    "type": "Point",
    "coordinates": [
     116.04058563,
     -34.4503489
    ]
   },
   "properties": {
    "name": "UNIT 4, 8 KENNEDY STREET PEMBERTON 6260",
    "locID": "LOC100060955683",
    "tech": "FTTN",
    "upgrade": "NULL_NA",
    "gnaf_pid": "GAWA_149030509",
    "ee": true,
    "tech_change_status": "Not Planned"
   }
  },
  {
   "type": "Feature",
   "geometry": {
    "type": "Point",
    "coordinates": [
     116.04058563,
     -34.4503489
    ]
   },
   "properties": {
    "name": "UNIT 5, 8 KENNEDY STREET PEMBERTON 6260",
    "locID": "LOC100060955683",
    "tech": "FTTN",
    "upgrade": "NULL_NA",
    "gnaf_pid": "GAWA_149030510",
    "ee": true,
    "tech_change_status": "Not Planned"
   }
  },
  {
   "type": "Feature",
   "geometry": {
    "type": "Point",
    "coordinates": [
     116.04058563,
     -34.4503489
    ]
   },
   "properties": {
    "name": "UNIT 6, 8 KENNEDY STREET PEMBERTON 6260",
    "locID": "LOC100065693353",
    "tech": "FTTP",
    "upgrade": "NULL_NA",
    "gnaf_pid": "GAWA_149030511",
    "ee": true
   }
  },
  {
   "type": "Feature",
   "geometry": {
    "type": "Point",
    "coordinates": [
     116.04058563,
     -34.4503489
    ]
   },
   "properties": {
    "name": "UNIT 7, 8 KENNEDY STREET PEMBERTON 6260",
    "locID": "LOC100060955683",
    "tech": "FTTN",
    "upgrade": "NULL_NA",
    "gnaf_pid": "GAWA_149030512",
    "ee": true,
    "tech_change_status": "Not Planned"
   }
  },
  {
   "type": "Feature",
   "geometry": {
    "type": "Point",
    "coordinates": [
     116.04058563,
     -34.4503489
    ]
   },
   "properties": {
    "name": "UNIT 10, 8 KENNEDY STREET PEMBERTON 6260",
    "locID": "LOC100060955683",
    "tech": "FTTN",
    "upgrade": "NULL_NA",
    "gnaf_pid": "GAWA_149030516",
    "ee": true,
    "tech_change_status": "Not Planned"
   }
  },
  {
   "type": "Feature",
   "geometry": {
    "type": "Point",
    "coordinates": [
     116.03102034,
     -34.44571953
    ]
   },
   "properties": {
    "name": "10 RAILWAY CRESCENT PEMBERTON 6260",
    "locID": "LOC000008760954",
    "tech": "FTTN",
    "upgrade": "NULL_NA",
    "gnaf_pid": "GAWA_149032082",
    "ee": true,
    "tech_change_status": "Not Planned"
   }
  },
  {
   "type": "Feature",
   "geometry": {
    "type": "Point",
    "coordinates": [
     116.04139502,
     -34.4466363
    ]
   },
   "properties": {
    "name": "2 WIDDESON STREET PEMBERTON 6260",
    "locID": "LOC000171625468",
    "tech": "FTTP",
    "upgrade": "NULL_NA",
    "gnaf_pid": "GAWA_149032123",
    "ee": true
   }
  },
  {
   "type": "Feature",
   "geometry": {
    "type": "Point",
    "coordinates": [
     116.04139502,
     -34.4466363
    ]
   },
   "properties": {
    "name": "1 WIDDESON STREET PEMBERTON 6260",
    "locID": "LOC000171625410",
    "tech": "FTTN",
    "upgrade": "NULL_NA",
    "gnaf_pid": "GAWA_149032130",
    "ee": true,
    "tech_change_status": "Not Planned"
   }
  },
  {
   "type": "Feature",
   "geometry": {
    "type": "Point",
    "coordinates": [
     116.03348731,
     -34.44751439
    ]
   },
   "properties": {
    "name": "1 KELLY STREET PEMBERTON 6260",
    "locID": "LOC000101717168",
    "tech": "FTTN",
    "upgrade": "NULL_NA",
    "gnaf_pid": "GAWA_149035170",
    "ee": true,
    "tech_change_status": "Not Planned"
   }
  },
  {
   "type": "Feature",
   "geometry": {
    "type": "Point",
    "coordinates": [
     116.03348731,
     -34.44751439
    ]
   },
   "properties": {
    "name": "2 KELLY STREET PEMBERTON 6260",
    "locID": "LOC000046560628",
    "tech": "FTTN",
    "upgrade": "NULL_NA",
    "gnaf_pid": "GAWA_149035171",
    "ee": true,
    "tech_change_status": "Not Planned"
   }
  },
  {
   "type": "Feature",
   "geometry": {
    "type": "Point",
    "coordinates": [
     116.03761164,
     -34.44930659
    ]
   },
   "properties": {
    "name": "38 ELLIS STREET PEMBERTON 6260",
    "locID": "LOC000106388451",
    "tech": "FTTN",
    "upgrade": "NULL_NA",
    "gnaf_pid": "GAWA_149038465",
    "ee": true,
    "tech_change_status": "Not Planned"
   }
  },
  {
   "type": "Feature",
   "geometry": {
    "type": "Point",
    "coordinates": [
     116.03495006,
     -34.44504379
    ]
   },
   "properties": {
    "name": "UNIT 1, 62 BROCKMAN STREET PEMBERTON 6260",
    "locID": "LOC000103457807",
    "tech": "FTTN",
    "upgrade": "NULL_NA",
    "gnaf_pid": "GAWA_149056768",
    "ee": true,
    "tech_change_status": "Not Planned"
   }
  },
  {
   "type": "Feature",
   "geometry": {
    "type": "Point",
    "coordinates": [
     116.03405119,
     -34.44555596
    ]
   },
   "properties": {
    "name": "46 BROCKMAN STREET PEMBERTON 6260",
    "locID": "LOC000031462272",
    "tech": "FTTN",
    "upgrade": "NULL_NA",
    "gnaf_pid": "GAWA_149056769",
    "ee": true,
    "tech_change_status": "Not Planned"
   }
  },
  {
   "type": "Feature",
   "geometry": {
    "type": "Point",
    "coordinates": [
     116.03495006,
     -34.44504379
    ]
   },
   "properties": {
    "name": "62 BROCKMAN STREET PEMBERTON 6260",
    "locID": "LOC000103457807",
    "tech": "FTTN",
    "upgrade": "NULL_NA",
    "gnaf_pid": "GAWA_149061432",
    "ee": true,
    "tech_change_status": "Not Planned"
   }
  },
  {
   "type": "Feature",
   "geometry": {
    "type": "Point",
    "coordinates": [
     116.03495006,
     -34.44504379
    ]
   },
   "properties": {
    "name": "UNIT 2, 62 BROCKMAN STREET PEMBERTON 6260",
    "locID": "LOC000103638616",
    "tech": "FTTN",
    "upgrade": "NULL_NA",
    "gnaf_pid": "GAWA_149061433",
    "ee": true,
    "tech_change_status": "Not Planned"
   }
  },
  {
   "type": "Feature",
   "geometry": {
    "type": "Point",
    "coordinates": [
     116.03146945,
     -34.44635868
    ]
   },
   "properties": {
    "name": "23 BROCKMAN STREET PEMBERTON 6260",
    "locID": "LOC000024401476",
    "tech": "FTTN",
    "upgrade": "NULL_NA",
    "gnaf_pid": "GAWA_149061444",
    "ee": true,
    "tech_change_status": "Not Planned"
   }
  },
  {
   "type": "Feature",
   "geometry": {
    "type": "Point",
    "coordinates": [
     116.02755413,
     -34.45064198
    ]
   },
   "properties": {
    "name": "6 BROADWAY STREET PEMBERTON 6260",
    "locID": "LOC000020299258",
    "tech": "FTTN",
    "upgrade": "NULL_NA",
    "gnaf_pid": "GAWA_160641032",
    "ee": true,
    "tech_change_status": "Not Planned"
   }
  },
  {
   "type": "Feature",
   "geometry": {
    "type": "Point",
    "coordinates": [
     116.03148947,
     -34.4478983
    ]
   },
   "properties": {
    "name": "9 BROADWAY STREET PEMBERTON 6260",
    "locID": "LOC000085330377",
    "tech": "FTTN",
    "upgrade": "NULL_NA",
    "gnaf_pid": "GAWA_160641863",
    "ee": true,
    "tech_change_status": "Not Planned"
   }
  },
  {
   "type": "Feature",
   "geometry": {
    "type": "Point",
    "coordinates": [
     116.03129631,
     -34.44756488
    ]
   },
   "properties": {
    "name": "5 BROADWAY STREET PEMBERTON 6260",
    "locID": "LOC000087324087",
    "tech": "FTTN",
    "upgrade": "NULL_NA",
    "gnaf_pid": "GAWA_160641864",
    "ee": true,
    "tech_change_status": "Not Planned"
   }
  },
  {
   "type": "Feature",
   "geometry": {
    "type": "Point",
    "coordinates": [
     116.03159297,
     -34.44811788
    ]
   },
   "properties": {
    "name": "11 BROADWAY STREET PEMBERTON 6260",
    "locID": "LOC000020299258",
    "tech": "FTTN",
    "upgrade": "NULL_NA",
    "gnaf_pid": "GAWA_160641865",
    "ee": true,
    "tech_change_status": "Not Planned"
   }
  },
  {
   "type": "Feature",
   "geometry": {
    "type": "Point",
    "coordinates": [
     116.0313989,
     -34.44773331
    ]
   },
   "properties": {
    "name": "7 BROADWAY STREET PEMBERTON 6260",
    "locID": "LOC000041811415",
    "tech": "FTTN",
    "upgrade": "NULL_NA",
    "gnaf_pid": "GAWA_160651491",
    "ee": true,
    "tech_change_status": "Not Planned"
   }
  },
  {
   "type": "Feature",
   "geometry": {
    "type": "Point",
    "coordinates": [
     116.03761164,
     -34.44930659
    ]
   },
   "properties": {
    "name": "1 WATTLEBIRD GROVE PEMBERTON 6260",
    "locID": "LOC000028576789",
    "tech": "FTTN",
    "upgrade": "NULL_NA",
    "gnaf_pid": "GAWA_160652395",
    "ee": true,
    "tech_change_status": "Not Planned"
   }
  },
  {
   "type": "Feature",
   "geometry": {
    "type": "Point",
    "coordinates": [
     116.02945555,
     -34.44745851
    ]
   },
   "properties": {
    "name": "7 BROCKMAN STREET PEMBERTON 6260",
    "locID": "LOC000002153065",
    "tech": "FTTN",
    "upgrade": "NULL_NA",
    "gnaf_pid": "GAWA_160931840",
    "ee": true,
    "tech_change_status": "Not Planned"
   }
  },
  {
   "type": "Feature",
   "geometry": {
    "type": "Point",
    "coordinates": [
     116.03637,
     -34.44481
    ]
   },
   "properties": {
    "name": "25 GUPPY STREET PEMBERTON 6260",
    "locID": "LOC000080909564",
    "tech": "FTTN",
    "upgrade": "NULL_NA",
    "gnaf_pid": "GAWA_160934265",
    "ee": true,
    "tech_change_status": "Not Planned"
   }
  },
  {
   "type": "Feature",
   "geometry": {
    "type": "Point",
    "coordinates": [
     116.03563,
     -34.44741
    ]
   },
   "properties": {
    "name": "6 JAMIESON STREET PEMBERTON 6260",
    "locID": "LOC000048781328",
    "tech": "FTTN",
    "upgrade": "NULL_NA",
    "gnaf_pid": "GAWA_160934892",
    "ee": true,
    "tech_change_status": "Not Planned"
   }
  },
  {
   "type": "Feature",
   "geometry": {
    "type": "Point",
    "coordinates": [
     116.03581,
     -34.44731
    ]
   },
   "properties": {
    "name": "8 JAMIESON STREET PEMBERTON 6260",
    "locID": "LOC000039015235",
    "tech": "FTTN",
    "upgrade": "NULL_NA",
    "gnaf_pid": "GAWA_160934893",
    "ee": true,
    "tech_change_status": "Not Planned"
   }
  },
  {
   "type": "Feature",
   "geometry": {
    "type": "Point",
    "coordinates": [
     116.04228,
     -34.44923
    ]
   },
   "properties": {
    "name": "5 KENNEDY STREET PEMBERTON 6260",
    "locID": "LOC000192172070",
    "tech": "FTTP",
    "upgrade": "NULL_NA",
    "gnaf_pid": "GAWA_160935116",
    "ee": true
   }
  },
  {
   "type": "Feature",
   "geometry": {
    "type": "Point",
    "coordinates": [
     116.03975963,
     -34.44753637
    ]
   },
   "properties": {
    "name": "3 ROBINSON STREET PEMBERTON 6260",
    "locID": "LOC100065684982",
    "tech": "FTTN",
    "upgrade": "FTTP",
    "gnaf_pid": "GAWA_160938364",
    "ee": true,
    "tech_change_status": "Eligible to Order"
   }
  },
  {
   "type": "Feature",
   "geometry": {
    "type": "Point",
    "coordinates": [
     116.04752,
     -34.44644
    ]
   },
   "properties": {
    "name": "32 FORESTRY GLEN PEMBERTON 6260",
    "locID": "LOC000059933065",
    "tech": "FTTN",
    "upgrade": "NULL_NA",
    "gnaf_pid": "GAWA_161029530",
    "ee": true,
    "tech_change_status": "Not Planned"
   }
  },
  {
   "type": "Feature",
   "geometry": {
    "type": "Point",
    "coordinates": [
     116.03761164,
     -34.44930659
    ]
   },
   "properties": {
    "name": "4 ELLIS STREET PEMBERTON 6260",
    "locID": "LOC000183051843",
    "tech": "FTTN",
    "upgrade": "NULL_NA",
    "gnaf_pid": "GAWA_161035433",
    "ee": true,
    "tech_change_status": "Not Planned"
   }
  },
  {
   "type": "Feature",
   "geometry": {
    "type": "Point",
    "coordinates": [
     116.03599,
     -34.4472
    ]
   },
   "properties": {
    "name": "10 JAMIESON STREET PEMBERTON 6260",
    "locID": "LOC000099159852",
    "tech": "FTTN",
    "upgrade": "NULL_NA",
    "gnaf_pid": "GAWA_161036284",
    "ee": true,
    "tech_change_status": "Not Planned"
   }
  },
  {
   "type": "Feature",
   "geometry": {
    "type": "Point",
    "coordinates": [
     116.03545,
     -34.44751
    ]
   },
   "properties": {
    "name": "4 JAMIESON STREET PEMBERTON 6260",
    "locID": "LOC000066046604",
    "tech": "FTTN",
    "upgrade": "NULL_NA",
    "gnaf_pid": "GAWA_161036285",
    "ee": true,
    "tech_change_status": "Not Planned"
   }
  },
  {
   "type": "Feature",
   "geometry": {
    "type": "Point",
    "coordinates": [
     116.03761164,
     -34.44930659
    ]
   },
   "properties": {
    "name": "14 WATTLEBIRD GROVE PEMBERTON 6260",
    "locID": "LOC000021220763",
    "tech": "FTTN",
    "upgrade": "NULL_NA",
    "gnaf_pid": "GAWA_161038629",
    "ee": true,
    "tech_change_status": "Not Planned"
   }
  },
  {
   "type": "Feature",
   "geometry": {
    "type": "Point",
    "coordinates": [
     116.03761164,
     -34.44930659
    ]
   },
   "properties": {
    "name": "11 WATTLEBIRD GROVE PEMBERTON 6260",
    "locID": "LOC000028576789",
    "tech": "FTTN",
    "upgrade": "NULL_NA",
    "gnaf_pid": "GAWA_161486014",
    "ee": true,
    "tech_change_status": "Not Planned"
   }
  },
  {
   "type": "Feature",
   "geometry": {
    "type": "Point",
    "coordinates": [
     116.04139502,
     -34.4466363
    ]
   },
   "properties": {
    "name": "664 WIDDESON STREET PEMBERTON 6260",
    "locID": "LOC000171625468",
    "tech": "FTTP",
    "upgrade": "NULL_NA",
    "gnaf_pid": "GAWA_161486086",
    "ee": true
   }
  },
  {
   "type": "Feature",
   "geometry": {
    "type": "Point",
    "coordinates": [
     116.0331352,
     -34.44338147
    ]
   },
   "properties": {
    "name": "11115 RAILWAY CRESCENT PEMBERTON 6260",
    "locID": "LOC000171624134",
    "tech": "FTTN",
    "upgrade": "NULL_NA",
    "gnaf_pid": "GAWA_161608714",
    "ee": true,
    "tech_change_status": "Not Planned"
   }
  },
  {
   "type": "Feature",
   "geometry": {
    "type": "Point",
    "coordinates": [
     116.03975963,
     -34.44753637
    ]
   },
   "properties": {
    "name": "11553 ROBINSON STREET PEMBERTON 6260",
    "locID": "LOC000171624621",
    "tech": "FTTN",
    "upgrade": "NULL_NA",
    "gnaf_pid": "GAWA_161609452",
    "ee": true,
    "tech_change_status": "Not Planned"
   }
  },
  {
   "type": "Feature",
   "geometry": {
    "type": "Point",
    "coordinates": [
     116.04139502,
     -34.4466363
    ]
   },
   "properties": {
    "name": "667 WIDDESON STREET PEMBERTON 6260",
    "locID": "LOC000171625468",
    "tech": "FTTP",
    "upgrade": "NULL_NA",
    "gnaf_pid": "GAWA_161613555",
    "ee": true
   }
  },
  {
   "type": "Feature",
   "geometry": {
    "type": "Point",
    "coordinates": [
     116.04413721,
     -34.45076728
    ]
   },
   "properties": {
    "name": "2 ABBOTT STREET PEMBERTON 6260",
    "locID": "LOC000171621305",
    "tech": "FTTN",
    "upgrade": "NULL_NA",
    "gnaf_pid": "GAWA_161930549",
    "ee": true,
    "tech_change_status": "Not Planned"
   }
  },
  {
   "type": "Feature",
   "geometry": {
    "type": "Point",
    "coordinates": [
     116.04413721,
     -34.45076728
    ]
   },
   "properties": {
    "name": "6 ABBOTT STREET PEMBERTON 6260",
    "locID": "LOC000171621333",
    "tech": "FTTN",
    "upgrade": "NULL_NA",
    "gnaf_pid": "GAWA_161930551",
    "ee": true,
    "tech_change_status": "Not Planned"
   }
  },
  {
   "type": "Feature",
   "geometry": {
    "type": "Point",
    "coordinates": [
     116.04139502,
     -34.4466363
    ]
   },
   "properties": {
    "name": "1061 WIDDESON STREET PEMBERTON 6260",
    "locID": "LOC000171625468",
    "tech": "FTTP",
    "upgrade": "NULL_NA",
    "gnaf_pid": "GAWA_162254192",
    "ee": true
   }
  },
  {
   "type": "Feature",
   "geometry": {
    "type": "Point",
    "coordinates": [
     116.03761164,
     -34.44930659
    ]
   },
   "properties": {
    "name": "6 ELLIS STREET PEMBERTON 6260",
    "locID": "LOC000101535896",
    "tech": "FTTN",
    "upgrade": "NULL_NA",
    "gnaf_pid": "GAWA_162403733",
    "ee": true,
    "tech_change_status": "Not Planned"
   }
  },
  {
   "type": "Feature",
   "geometry": {
    "type": "Point",
    "coordinates": [
     116.04058563,
     -34.4503489
    ]
   },
   "properties": {
    "name": "8 KENNEDY STREET PEMBERTON 6260",
    "locID": "LOC100060955683",
    "tech": "FTTN",
    "upgrade": "NULL_NA",
    "gnaf_pid": "GAWA_162408633",
    "ee": true,
    "tech_change_status": "Not Planned"
   }
  },
  {
   "type": "Feature",
   "geometry": {
    "type": "Point",
    "coordinates": [
     116.03113697,
     -34.44785174
    ]
   },
   "properties": {
    "name": "62 BROADWAY STREET PEMBERTON 6260",
    "locID": "LOC000020299258",
    "tech": "FTTN",
    "upgrade": "NULL_NA",
    "gnaf_pid": "GAWA_162493552",
    "ee": true,
    "tech_change_status": "Not Planned"
   }
  },
  {
   "type": "Feature",
   "geometry": {
    "type": "Point",
    "coordinates": [
     116.0341299,
     -34.44611772
    ]
   },
   "properties": {
    "name": "3 DEAN STREET PEMBERTON 6260",
    "locID": "LOC000022750277",
    "tech": "FTTN",
    "upgrade": "NULL_NA",
    "gnaf_pid": "GAWA_162562703",
    "ee": true,
    "tech_change_status": "Not Planned"
   }
  },
  {
   "type": "Feature",
   "geometry": {
    "type": "Point",
    "coordinates": [
     116.03397601,
     -34.45156494
    ]
   },
   "properties": {
    "name": "1 DICKINSON STREET PEMBERTON 6260",
    "locID": "LOC000133245408",
    "tech": "FTTN",
    "upgrade": "NULL_NA",
    "gnaf_pid": "GAWA_162595937",
    "ee": true,
    "tech_change_status": "Not Planned"
   }
  },
  {
   "type": "Feature",
   "geometry": {
    "type": "Point",
    "coordinates": [
     116.02722772,
     -34.44553508
    ]
   },
   "properties": {
    "name": "LOT 2 PUMP HILL ROAD PEMBERTON 6260",
    "locID": "LOC000171623981",
    "tech": "FTTN",
    "upgrade": "NULL_NA",
    "gnaf_pid": "GAWA_162804037",
    "ee": true,
    "tech_change_status": "Not Planned"
   }
  },
  {
   "type": "Feature",
   "geometry": {
    "type": "Point",
    "coordinates": [
     116.03806875,
     -34.44020976
    ]
   },
   "properties": {
    "name": "LOT 119 VASSE HIGHWAY PEMBERTON 6260",
    "locID": "LOC000109605419",
    "tech": "FTTN",
    "upgrade": "NULL_NA",
    "gnaf_pid": "GAWA_162812440",
    "ee": true,
    "tech_change_status": "Not Planned"
   }
  },
  {
   "type": "Feature",
   "geometry": {
    "type": "Point",
    "coordinates": [
     116.03761164,
     -34.44930659
    ]
   },
   "properties": {
    "name": "7 WATTLEBIRD GROVE PEMBERTON 6260",
    "locID": "LOC000080856659",
    "tech": "FTTN",
    "upgrade": "NULL_NA",
    "gnaf_pid": "GAWA_162988245",
    "ee": true,
    "tech_change_status": "Not Planned"
   }
  },
  {
   "type": "Feature",
   "geometry": {
    "type": "Point",
    "coordinates": [
     116.03761164,
     -34.44930659
    ]
   },
   "properties": {
    "name": "8 WATTLEBIRD GROVE PEMBERTON 6260",
    "locID": "LOC000068137984",
    "tech": "FTTN",
    "upgrade": "NULL_NA",
    "gnaf_pid": "GAWA_162988246",
    "ee": true,
    "tech_change_status": "Not Planned"
   }
  },
  {
   "type": "Feature",
   "geometry": {
    "type": "Point",
    "coordinates": [
     116.04265196,
     -34.44246577
    ]
   },
   "properties": {
    "name": "81 JAMIESON STREET PEMBERTON 6260",
    "locID": "LOC000107704795",
    "tech": "FTTN",
    "upgrade": "NULL_NA",
    "gnaf_pid": "GAWA_163090401",
    "ee": true,
    "tech_change_status": "Not Planned"
   }
  },
  {
   "type": "Feature",
   "geometry": {
    "type": "Point",
    "coordinates": [
     116.03761164,
     -34.44930659
    ]
   },
   "properties": {
    "name": "10 WATTLEBIRD GROVE PEMBERTON 6260",
    "locID": "LOC000133242701",
    "tech": "FTTN",
    "upgrade": "NULL_NA",
    "gnaf_pid": "GAWA_163205133",
    "ee": true,
    "tech_change_status": "Not Planned"
   }
  },
  {
   "type": "Feature",
   "geometry": {
    "type": "Point",
    "coordinates": [
     116.03761164,
     -34.44930659
    ]
   },
   "properties": {
    "name": "3 WATTLEBIRD GROVE PEMBERTON 6260",
    "locID": "LOC000042223570",
    "tech": "FTTN",
    "upgrade": "NULL_NA",
    "gnaf_pid": "GAWA_163205134",
    "ee": true,
    "tech_change_status": "Not Planned"
   }
  },
  {
   "type": "Feature",
   "geometry": {
    "type": "Point",
    "coordinates": [
     116.03761164,
     -34.44930659
    ]
   },
   "properties": {
    "name": "5 WATTLEBIRD GROVE PEMBERTON 6260",
    "locID": "LOC000133206296",
    "tech": "FTTN",
    "upgrade": "NULL_NA",
    "gnaf_pid": "GAWA_163205135",
    "ee": true,
    "tech_change_status": "Not Planned"
   }
  },
  {
   "type": "Feature",
   "geometry": {
    "type": "Point",
    "coordinates": [
     116.03761164,
     -34.44930659
    ]
   },
   "properties": {
    "name": "6 WATTLEBIRD GROVE PEMBERTON 6260",
    "locID": "LOC000046502885",
    "tech": "FTTN",
    "upgrade": "NULL_NA",
    "gnaf_pid": "GAWA_163205136",
    "ee": true,
    "tech_change_status": "Not Planned"
   }
  },
  {
   "type": "Feature",
   "geometry": {
    "type": "Point",
    "coordinates": [
     116.03423016,
     -34.44545145
    ]
   },
   "properties": {
    "name": "50A BROCKMAN STREET PEMBERTON 6260",
    "locID": "LOC000133206306",
    "tech": "FTTN",
    "upgrade": "NULL_NA",
    "gnaf_pid": "GAWA_163270704",
    "ee": true,
    "tech_change_status": "Not Planned"
   }
  },
  {
   "type": "Feature",
   "geometry": {
    "type": "Point",
    "coordinates": [
     116.03423016,
     -34.44545145
    ]
   },
   "properties": {
    "name": "50B BROCKMAN STREET PEMBERTON 6260",
    "locID": "LOC000133206310",
    "tech": "FTTN",
    "upgrade": "NULL_NA",
    "gnaf_pid": "GAWA_163270705",
    "ee": true,
    "tech_change_status": "Not Planned"
   }
  },
  {
   "type": "Feature",
   "geometry": {
    "type": "Point",
    "coordinates": [
     116.03423016,
     -34.44545145
    ]
   },
   "properties": {
    "name": "50C BROCKMAN STREET PEMBERTON 6260",
    "locID": "LOC000133206323",
    "tech": "FTTN",
    "upgrade": "NULL_NA",
    "gnaf_pid": "GAWA_163270706",
    "ee": true,
    "tech_change_status": "Not Planned"
   }
  },
  {
   "type": "Feature",
   "geometry": {
    "type": "Point",
    "coordinates": [
     116.06921077,
     -34.4275389
    ]
   },
   "properties": {
    "name": "20 BARRONHURST COURT PEMBERTON 6260",
    "locID": "LOC000113943062",
    "tech": "NULL",
    "upgrade": "NULL_NA",
    "gnaf_pid": "GAWA_163376855",
    "ee": true,
    "tech_change_status": "Not Planned"
   }
  },
  {
   "type": "Feature",
   "geometry": {
    "type": "Point",
    "coordinates": [
     116.07115204,
     -34.42873561
    ]
   },
   "properties": {
    "name": "21 BARRONHURST COURT PEMBERTON 6260",
    "locID": "LOC000110947642",
    "tech": "SATELLITE",
    "upgrade": "NULL_NA",
    "gnaf_pid": "GAWA_163376856",
    "ee": true,
    "tech_change_status": "Not Planned"
   }
  },
  {
   "type": "Feature",
   "geometry": {
    "type": "Point",
    "coordinates": [
     116.06827209,
     -34.4285127
    ]
   },
   "properties": {
    "name": "32 BARRONHURST COURT PEMBERTON 6260",
    "locID": "LOC000111537978",
    "tech": "NULL",
    "upgrade": "NULL_NA",
    "gnaf_pid": "GAWA_163376857",
    "ee": true,
    "tech_change_status": "Not Planned"
   }
  },
  {
   "type": "Feature",
   "geometry": {
    "type": "Point",
    "coordinates": [
     116.07099464,
     -34.42984791
    ]
   },
   "properties": {
    "name": "33 BARRONHURST COURT PEMBERTON 6260",
    "locID": "LOC000110842844",
    "tech": "SATELLITE",
    "upgrade": "NULL_NA",
    "gnaf_pid": "GAWA_163376858",
    "ee": true,
    "tech_change_status": "Not Planned"
   }
  },
  {
   "type": "Feature",
   "geometry": {
    "type": "Point",
    "coordinates": [
     116.06778656,
     -34.43011147
    ]
   },
   "properties": {
    "name": "38 BARRONHURST COURT PEMBERTON 6260",
    "locID": "LOC000113365168",
    "tech": "NULL",
    "upgrade": "NULL_NA",
    "gnaf_pid": "GAWA_163376859",
    "ee": true,
    "tech_change_status": "Not Planned"
   }
  },
  {
   "type": "Feature",
   "geometry": {
    "type": "Point",
    "coordinates": [
     116.06863971,
     -34.43057644
    ]
   },
   "properties": {
    "name": "40 BARRONHURST COURT PEMBERTON 6260",
    "locID": "LOC000110561135",
    "tech": "NULL",
    "upgrade": "NULL_NA",
    "gnaf_pid": "GAWA_163376860",
    "ee": true,
    "tech_change_status": "Not Planned"
   }
  },
  {
   "type": "Feature",
   "geometry": {
    "type": "Point",
    "coordinates": [
     116.07063419,
     -34.42810052
    ]
   },
   "properties": {
    "name": "6 BARRONHURST COURT PEMBERTON 6260",
    "locID": "LOC000111537978",
    "tech": "NULL",
    "upgrade": "NULL_NA",
    "gnaf_pid": "GAWA_163376861",
    "ee": true,
    "tech_change_status": "Not Planned"
   }
  },
  {
   "type": "Feature",
   "geometry": {
    "type": "Point",
    "coordinates": [
     116.05918444,
     -34.43919458
    ]
   },
   "properties": {
    "name": "12 BENDOTTI COURT PEMBERTON 6260",
    "locID": "LOC000111477986",
    "tech": "SATELLITE",
    "upgrade": "NULL_NA",
    "gnaf_pid": "GAWA_163377102",
    "ee": true,
    "tech_change_status": "Not Planned"
   }
  },
  {
   "type": "Feature",
   "geometry": {
    "type": "Point",
    "coordinates": [
     116.05969465,
     -34.43804006
    ]
   },
   "properties": {
    "name": "13 BENDOTTI COURT PEMBERTON 6260",
    "locID": "LOC000112477466",
    "tech": "NULL",
    "upgrade": "NULL_NA",
    "gnaf_pid": "GAWA_163377103",
    "ee": true,
    "tech_change_status": "Not Planned"
   }
  },
  {
   "type": "Feature",
   "geometry": {
    "type": "Point",
    "coordinates": [
     116.06157653,
     -34.43780565
    ]
   },
   "properties": {
    "name": "21 BENDOTTI COURT PEMBERTON 6260",
    "locID": "LOC000110224735",
    "tech": "NULL",
    "upgrade": "NULL_NA",
    "gnaf_pid": "GAWA_163377104",
    "ee": true,
    "tech_change_status": "Not Planned"
   }
  },
  {
   "type": "Feature",
   "geometry": {
    "type": "Point",
    "coordinates": [
     116.06093532,
     -34.43975399
    ]
   },
   "properties": {
    "name": "24 BENDOTTI COURT PEMBERTON 6260",
    "locID": "LOC000110391739",
    "tech": "SATELLITE",
    "upgrade": "NULL_NA",
    "gnaf_pid": "GAWA_163377105",
    "ee": true,
    "tech_change_status": "Not Planned"
   }
  },
  {
   "type": "Feature",
   "geometry": {
    "type": "Point",
    "coordinates": [
     116.06226374,
     -34.43880421
    ]
   },
   "properties": {
    "name": "26 BENDOTTI COURT PEMBERTON 6260",
    "locID": "LOC000112654617",
    "tech": "NULL",
    "upgrade": "NULL_NA",
    "gnaf_pid": "GAWA_163377106",
    "ee": true,
    "tech_change_status": "Not Planned"
   }
  },
  {
   "type": "Feature",
   "geometry": {
    "type": "Point",
    "coordinates": [
     116.07758231,
     -34.42978623
    ]
   },
   "properties": {
    "name": "17 BLUE WREN COURT PEMBERTON 6260",
    "locID": "LOC000112348889",
    "tech": "SATELLITE",
    "upgrade": "NULL_NA",
    "gnaf_pid": "GAWA_163377204",
    "ee": true,
    "tech_change_status": "Not Planned"
   }
  },
  {
   "type": "Feature",
   "geometry": {
    "type": "Point",
    "coordinates": [
     116.07703627,
     -34.43159248
    ]
   },
   "properties": {
    "name": "19 BLUE WREN COURT PEMBERTON 6260",
    "locID": "LOC000110628187",
    "tech": "NULL",
    "upgrade": "NULL_NA",
    "gnaf_pid": "GAWA_163377205",
    "ee": true,
    "tech_change_status": "Not Planned"
   }
  },
  {
   "type": "Feature",
   "geometry": {
    "type": "Point",
    "coordinates": [
     116.07487672,
     -34.43161488
    ]
   },
   "properties": {
    "name": "20 BLUE WREN COURT PEMBERTON 6260",
    "locID": "LOC000111806165",
    "tech": "NULL",
    "upgrade": "NULL_NA",
    "gnaf_pid": "GAWA_163377206",
    "ee": true,
    "tech_change_status": "Not Planned"
   }
  },
  {
   "type": "Feature",
   "geometry": {
    "type": "Point",
    "coordinates": [
     116.07578745,
     -34.4331203
    ]
   },
   "properties": {
    "name": "22 BLUE WREN COURT PEMBERTON 6260",
    "locID": "LOC000113715127",
    "tech": "SATELLITE",
    "upgrade": "NULL_NA",
    "gnaf_pid": "GAWA_163377207",
    "ee": true,
    "tech_change_status": "Not Planned"
   }
  },
  {
   "type": "Feature",
   "geometry": {
    "type": "Point",
    "coordinates": [
     116.07690457,
     -34.43331902
    ]
   },
   "properties": {
    "name": "34 BLUE WREN COURT PEMBERTON 6260",
    "locID": "LOC000112761743",
    "tech": "NULL",
    "upgrade": "NULL_NA",
    "gnaf_pid": "GAWA_163377208",
    "ee": true,
    "tech_change_status": "Not Planned"
   }
  },
  {
   "type": "Feature",
   "geometry": {
    "type": "Point",
    "coordinates": [
     116.07807921,
     -34.43340085
    ]
   },
   "properties": {
    "name": "36 BLUE WREN COURT PEMBERTON 6260",
    "locID": "LOC000110709656",
    "tech": "NULL",
    "upgrade": "NULL_NA",
    "gnaf_pid": "GAWA_163377209",
    "ee": true,
    "tech_change_status": "Not Planned"
   }
  },
  {
   "type": "Feature",
   "geometry": {
    "type": "Point",
    "coordinates": [
     116.07828737,
     -34.43110448
    ]
   },
   "properties": {
    "name": "43 BLUE WREN COURT PEMBERTON 6260",
    "locID": "LOC000111143287",
    "tech": "NULL",
    "upgrade": "NULL_NA",
    "gnaf_pid": "GAWA_163377210",
    "ee": true,
    "tech_change_status": "Not Planned"
   }
  },
  {
   "type": "Feature",
   "geometry": {
    "type": "Point",
    "coordinates": [
     116.07911073,
     -34.43234548
    ]
   },
   "properties": {
    "name": "44 BLUE WREN COURT PEMBERTON 6260",
    "locID": "LOC000111075786",
    "tech": "SATELLITE",
    "upgrade": "NULL_NA",
    "gnaf_pid": "GAWA_163377211",
    "ee": true,
    "tech_change_status": "Not Planned"
   }
  },
  {
   "type": "Feature",
   "geometry": {
    "type": "Point",
    "coordinates": [
     116.06492064,
     -34.43504682
    ]
   },
   "properties": {
    "name": "104 BROWNS ROAD PEMBERTON 6260",
    "locID": "LOC000110631247",
    "tech": "NULL",
    "upgrade": "NULL_NA",
    "gnaf_pid": "GAWA_163377511",
    "ee": true,
    "tech_change_status": "Not Planned"
   }
  },
  {
   "type": "Feature",
   "geometry": {
    "type": "Point",
    "coordinates": [
     116.06587097,
     -34.43449599
    ]
   },
   "properties": {
    "name": "114 BROWNS ROAD PEMBERTON 6260",
    "locID": "LOC000111103494",
    "tech": "NULL",
    "upgrade": "NULL_NA",
    "gnaf_pid": "GAWA_163377512",
    "ee": true,
    "tech_change_status": "Not Planned"
   }
  },
  {
   "type": "Feature",
   "geometry": {
    "type": "Point",
    "coordinates": [
     116.0669971,
     -34.43421688
    ]
   },
   "properties": {
    "name": "132 BROWNS ROAD PEMBERTON 6260",
    "locID": "LOC000113848583",
    "tech": "SATELLITE",
    "upgrade": "NULL_NA",
    "gnaf_pid": "GAWA_163377513",
    "ee": true,
    "tech_change_status": "Not Planned"
   }
  },
  {
   "type": "Feature",
   "geometry": {
    "type": "Point",
    "coordinates": [
     116.06763891,
     -34.43226729
    ]
   },
   "properties": {
    "name": "133 BROWNS ROAD PEMBERTON 6260",
    "locID": "LOC000112328543",
    "tech": "NULL",
    "upgrade": "NULL_NA",
    "gnaf_pid": "GAWA_163377514",
    "ee": true,
    "tech_change_status": "Not Planned"
   }
  },
  {
   "type": "Feature",
   "geometry": {
    "type": "Point",
    "coordinates": [
     116.06813752,
     -34.43422798
    ]
   },
   "properties": {
    "name": "138 BROWNS ROAD PEMBERTON 6260",
    "locID": "LOC000111235568",
    "tech": "NULL",
    "upgrade": "NULL_NA",
    "gnaf_pid": "GAWA_163377515",
    "ee": true,
    "tech_change_status": "Not Planned"
   }
  },
  {
   "type": "Feature",
   "geometry": {
    "type": "Point",
    "coordinates": [
     116.06877277,
     -34.4321678
    ]
   },
   "properties": {
    "name": "147 BROWNS ROAD PEMBERTON 6260",
    "locID": "LOC000112336743",
    "tech": "NULL",
    "upgrade": "NULL_NA",
    "gnaf_pid": "GAWA_163377516",
    "ee": true,
    "tech_change_status": "Not Planned"
   }
  },
  {
   "type": "Feature",
   "geometry": {
    "type": "Point",
    "coordinates": [
     116.06984906,
     -34.43207639
    ]
   },
   "properties": {
    "name": "155 BROWNS ROAD PEMBERTON 6260",
    "locID": "LOC000113626351",
    "tech": "NULL",
    "upgrade": "NULL_NA",
    "gnaf_pid": "GAWA_163377517",
    "ee": true,
    "tech_change_status": "Not Planned"
   }
  },
  {
   "type": "Feature",
   "geometry": {
    "type": "Point",
    "coordinates": [
     116.0709097,
     -34.43198693
    ]
   },
   "properties": {
    "name": "161 BROWNS ROAD PEMBERTON 6260",
    "locID": "LOC000112242890",
    "tech": "NULL",
    "upgrade": "NULL_NA",
    "gnaf_pid": "GAWA_163377518",
    "ee": true,
    "tech_change_status": "Not Planned"
   }
  },
  {
   "type": "Feature",
   "geometry": {
    "type": "Point",
    "coordinates": [
     116.07239603,
     -34.43337009
    ]
   },
   "properties": {
    "name": "174 BROWNS ROAD PEMBERTON 6260",
    "locID": "LOC000110618021",
    "tech": "NULL",
    "upgrade": "NULL_NA",
    "gnaf_pid": "GAWA_163377520",
    "ee": true,
    "tech_change_status": "Not Planned"
   }
  },
  {
   "type": "Feature",
   "geometry": {
    "type": "Point",
    "coordinates": [
     116.07258457,
     -34.4314931
    ]
   },
   "properties": {
    "name": "201 BROWNS ROAD PEMBERTON 6260",
    "locID": "LOC000110916149",
    "tech": "SATELLITE",
    "upgrade": "NULL_NA",
    "gnaf_pid": "GAWA_163377521",
    "ee": true,
    "tech_change_status": "Not Planned"
   }
  },
  {
   "type": "Feature",
   "geometry": {
    "type": "Point",
    "coordinates": [
     116.07250441,
     -34.43069954
    ]
   },
   "properties": {
    "name": "207 BROWNS ROAD PEMBERTON 6260",
    "locID": "LOC000111949263",
    "tech": "NULL",
    "upgrade": "NULL_NA",
    "gnaf_pid": "GAWA_163377522",
    "ee": true,
    "tech_change_status": "Not Planned"
   }
  },
  {
   "type": "Feature",
   "geometry": {
    "type": "Point",
    "coordinates": [
     116.07565404,
     -34.43050453
    ]
   },
   "properties": {
    "name": "214 BROWNS ROAD PEMBERTON 6260",
    "locID": "LOC000111828108",
    "tech": "NULL",
    "upgrade": "NULL_NA",
    "gnaf_pid": "GAWA_163377523",
    "ee": true,
    "tech_change_status": "Not Planned"
   }
  },
  {
   "type": "Feature",
   "geometry": {
    "type": "Point",
    "coordinates": [
     116.07381734,
     -34.42954128
    ]
   },
   "properties": {
    "name": "219 BROWNS ROAD PEMBERTON 6260",
    "locID": "LOC000113400983",
    "tech": "NULL",
    "upgrade": "NULL_NA",
    "gnaf_pid": "GAWA_163377524",
    "ee": true,
    "tech_change_status": "Not Planned"
   }
  },
  {
   "type": "Feature",
   "geometry": {
    "type": "Point",
    "coordinates": [
     116.07588362,
     -34.4295746
    ]
   },
   "properties": {
    "name": "226 BROWNS ROAD PEMBERTON 6260",
    "locID": "LOC000111474953",
    "tech": "NULL",
    "upgrade": "NULL_NA",
    "gnaf_pid": "GAWA_163377525",
    "ee": true,
    "tech_change_status": "Not Planned"
   }
  },
  {
   "type": "Feature",
   "geometry": {
    "type": "Point",
    "coordinates": [
     116.07624189,
     -34.42866889
    ]
   },
   "properties": {
    "name": "238 BROWNS ROAD PEMBERTON 6260",
    "locID": "LOC000111150700",
    "tech": "NULL",
    "upgrade": "NULL_NA",
    "gnaf_pid": "GAWA_163377526",
    "ee": true,
    "tech_change_status": "Not Planned"
   }
  },
  {
   "type": "Feature",
   "geometry": {
    "type": "Point",
    "coordinates": [
     116.07628694,
     -34.42743438
    ]
   },
   "properties": {
    "name": "240 BROWNS ROAD PEMBERTON 6260",
    "locID": "LOC000110679816",
    "tech": "SATELLITE",
    "upgrade": "NULL_NA",
    "gnaf_pid": "GAWA_163377527",
    "ee": true,
    "tech_change_status": "Not Planned"
   }
  },
  {
   "type": "Feature",
   "geometry": {
    "type": "Point",
    "coordinates": [
     116.07465377,
     -34.4260205
    ]
   },
   "properties": {
    "name": "256 BROWNS ROAD PEMBERTON 6260",
    "locID": "LOC000112283076",
    "tech": "NULL",
    "upgrade": "NULL_NA",
    "gnaf_pid": "GAWA_163377528",
    "ee": true,
    "tech_change_status": "Not Planned"
   }
  },
  {
   "type": "Feature",
   "geometry": {
    "type": "Point",
    "coordinates": [
     116.0733634,
     -34.42569523
    ]
   },
   "properties": {
    "name": "268 BROWNS ROAD PEMBERTON 6260",
    "locID": "LOC000112178648",
    "tech": "NULL",
    "upgrade": "NULL_NA",
    "gnaf_pid": "GAWA_163377529",
    "ee": true,
    "tech_change_status": "Not Planned"
   }
  },
  {
   "type": "Feature",
   "geometry": {
    "type": "Point",
    "coordinates": [
     116.05645296,
     -34.43672279
    ]
   },
   "properties": {
    "name": "26 BROWNS ROAD PEMBERTON 6260",
    "locID": "LOC000111782058",
    "tech": "NULL",
    "upgrade": "NULL_NA",
    "gnaf_pid": "GAWA_163377530",
    "ee": true,
    "tech_change_status": "Not Planned"
   }
  },
  {
   "type": "Feature",
   "geometry": {
    "type": "Point",
    "coordinates": [
     116.07181703,
     -34.42552346
    ]
   },
   "properties": {
    "name": "276 BROWNS ROAD PEMBERTON 6260",
    "locID": "LOC000111196474",
    "tech": "NULL",
    "upgrade": "NULL_NA",
    "gnaf_pid": "GAWA_163377531",
    "ee": true,
    "tech_change_status": "Not Planned"
   }
  },
  {
   "type": "Feature",
   "geometry": {
    "type": "Point",
    "coordinates": [
     116.05943388,
     -34.43678922
    ]
   },
   "properties": {
    "name": "52 BROWNS ROAD PEMBERTON 6260",
    "locID": "LOC000112030524",
    "tech": "NULL",
    "upgrade": "NULL_NA",
    "gnaf_pid": "GAWA_163377532",
    "ee": true,
    "tech_change_status": "Not Planned"
   }
  },
  {
   "type": "Feature",
   "geometry": {
    "type": "Point",
    "coordinates": [
     116.06061696,
     -34.43651551
    ]
   },
   "properties": {
    "name": "56 BROWNS ROAD PEMBERTON 6260",
    "locID": "LOC000111774879",
    "tech": "NULL",
    "upgrade": "NULL_NA",
    "gnaf_pid": "GAWA_163377533",
    "ee": true,
    "tech_change_status": "Not Planned"
   }
  },
  {
   "type": "Feature",
   "geometry": {
    "type": "Point",
    "coordinates": [
     116.06163527,
     -34.43599658
    ]
   },
   "properties": {
    "name": "78 BROWNS ROAD PEMBERTON 6260",
    "locID": "LOC000112237709",
    "tech": "NULL",
    "upgrade": "NULL_NA",
    "gnaf_pid": "GAWA_163377534",
    "ee": true,
    "tech_change_status": "Not Planned"
   }
  },
  {
   "type": "Feature",
   "geometry": {
    "type": "Point",
    "coordinates": [
     116.06288523,
     -34.43575484
    ]
   },
   "properties": {
    "name": "88 BROWNS ROAD PEMBERTON 6260",
    "locID": "LOC000111177707",
    "tech": "NULL",
    "upgrade": "NULL_NA",
    "gnaf_pid": "GAWA_163377535",
    "ee": true,
    "tech_change_status": "Not Planned"
   }
  },
  {
   "type": "Feature",
   "geometry": {
    "type": "Point",
    "coordinates": [
     116.06387429,
     -34.4353366
    ]
   },
   "properties": {
    "name": "90 BROWNS ROAD PEMBERTON 6260",
    "locID": "LOC000113868618",
    "tech": "SATELLITE",
    "upgrade": "NULL_NA",
    "gnaf_pid": "GAWA_163377536",
    "ee": true,
    "tech_change_status": "Not Planned"
   }
  },
  {
   "type": "Feature",
   "geometry": {
    "type": "Point",
    "coordinates": [
     116.0515355,
     -34.45024864
    ]
   },
   "properties": {
    "name": "105 BURMA ROAD PEMBERTON 6260",
    "locID": "LOC000111567364",
    "tech": "FTTN",
    "upgrade": "NULL_NA",
    "gnaf_pid": "GAWA_163377598",
    "ee": true,
    "tech_change_status": "Not Planned"
   }
  },
  {
   "type": "Feature",
   "geometry": {
    "type": "Point",
    "coordinates": [
     116.05224743,
     -34.44782132
    ]
   },
   "properties": {
    "name": "107 BURMA ROAD PEMBERTON 6260",
    "locID": "LOC000111110131",
    "tech": "FTTN",
    "upgrade": "NULL_NA",
    "gnaf_pid": "GAWA_163377599",
    "ee": true,
    "tech_change_status": "Not Planned"
   }
  },
  {
   "type": "Feature",
   "geometry": {
    "type": "Point",
    "coordinates": [
     116.05427317,
     -34.44113604
    ]
   },
   "properties": {
    "name": "27 CLARRIE JONES PLACE PEMBERTON 6260",
    "locID": "LOC000110986028",
    "tech": "NULL",
    "upgrade": "NULL_NA",
    "gnaf_pid": "GAWA_163378058",
    "ee": true,
    "tech_change_status": "Not Planned"
   }
  },
  {
   "type": "Feature",
   "geometry": {
    "type": "Point",
    "coordinates": [
     116.05478724,
     -34.43973017
    ]
   },
   "properties": {
    "name": "30 CLARRIE JONES PLACE PEMBERTON 6260",
    "locID": "LOC000110591918",
    "tech": "NULL",
    "upgrade": "NULL_NA",
    "gnaf_pid": "GAWA_163378059",
    "ee": true,
    "tech_change_status": "Not Planned"
   }
  },
  {
   "type": "Feature",
   "geometry": {
    "type": "Point",
    "coordinates": [
     116.05384732,
     -34.43935001
    ]
   },
   "properties": {
    "name": "42 CLARRIE JONES PLACE PEMBERTON 6260",
    "locID": "LOC000110835386",
    "tech": "NULL",
    "upgrade": "NULL_NA",
    "gnaf_pid": "GAWA_163378060",
    "ee": true,
    "tech_change_status": "Not Planned"
   }
  },
  {
   "type": "Feature",
   "geometry": {
    "type": "Point",
    "coordinates": [
     116.05209338,
     -34.44111267
    ]
   },
   "properties": {
    "name": "43 CLARRIE JONES PLACE PEMBERTON 6260",
    "locID": "LOC000111256793",
    "tech": "NULL",
    "upgrade": "NULL_NA",
    "gnaf_pid": "GAWA_163378061",
    "ee": true,
    "tech_change_status": "Not Planned"
   }
  },
  {
   "type": "Feature",
   "geometry": {
    "type": "Point",
    "coordinates": [
     116.05239296,
     -34.43912565
    ]
   },
   "properties": {
    "name": "44 CLARRIE JONES PLACE PEMBERTON 6260",
    "locID": "LOC000110573462",
    "tech": "NULL",
    "upgrade": "NULL_NA",
    "gnaf_pid": "GAWA_163378062",
    "ee": true,
    "tech_change_status": "Not Planned"
   }
  },
  {
   "type": "Feature",
   "geometry": {
    "type": "Point",
    "coordinates": [
     116.05164529,
     -34.4402985
    ]
   },
   "properties": {
    "name": "45 CLARRIE JONES PLACE PEMBERTON 6260",
    "locID": "LOC000110767275",
    "tech": "NULL",
    "upgrade": "NULL_NA",
    "gnaf_pid": "GAWA_163378063",
    "ee": true,
    "tech_change_status": "Not Planned"
   }
  },
  {
   "type": "Feature",
   "geometry": {
    "type": "Point",
    "coordinates": [
     116.05130294,
     -34.43853196
    ]
   },
   "properties": {
    "name": "46 CLARRIE JONES PLACE PEMBERTON 6260",
    "locID": "LOC000112411094",
    "tech": "NULL",
    "upgrade": "NULL_NA",
    "gnaf_pid": "GAWA_163378064",
    "ee": true,
    "tech_change_status": "Not Planned"
   }
  },
  {
   "type": "Feature",
   "geometry": {
    "type": "Point",
    "coordinates": [
     116.0565253,
     -34.44100226
    ]
   },
   "properties": {
    "name": "7 CLARRIE JONES PLACE PEMBERTON 6260",
    "locID": "LOC000113794058",
    "tech": "NULL",
    "upgrade": "NULL_NA",
    "gnaf_pid": "GAWA_163378065",
    "ee": true,
    "tech_change_status": "Not Planned"
   }
  },
  {
   "type": "Feature",
   "geometry": {
    "type": "Point",
    "coordinates": [
     116.0669381,
     -34.43752022
    ]
   },
   "properties": {
    "name": "16 DITRI COURT PEMBERTON 6260",
    "locID": "LOC000110983943",
    "tech": "NULL",
    "upgrade": "NULL_NA",
    "gnaf_pid": "GAWA_163378593",
    "ee": true,
    "tech_change_status": "Not Planned"
   }
  },
  {
   "type": "Feature",
   "geometry": {
    "type": "Point",
    "coordinates": [
     116.06570633,
     -34.43815592
    ]
   },
   "properties": {
    "name": "17 DITRI COURT PEMBERTON 6260",
    "locID": "LOC000112619959",
    "tech": "NULL",
    "upgrade": "NULL_NA",
    "gnaf_pid": "GAWA_163378594",
    "ee": true,
    "tech_change_status": "Not Planned"
   }
  },
  {
   "type": "Feature",
   "geometry": {
    "type": "Point",
    "coordinates": [
     116.06370579,
     -34.43714981
    ]
   },
   "properties": {
    "name": "21 DITRI COURT PEMBERTON 6260",
    "locID": "LOC000113444283",
    "tech": "NULL",
    "upgrade": "NULL_NA",
    "gnaf_pid": "GAWA_163378595",
    "ee": true,
    "tech_change_status": "Not Planned"
   }
  },
  {
   "type": "Feature",
   "geometry": {
    "type": "Point",
    "coordinates": [
     116.0655353,
     -34.43627536
    ]
   },
   "properties": {
    "name": "22 DITRI COURT PEMBERTON 6260",
    "locID": "LOC000113812360",
    "tech": "SATELLITE",
    "upgrade": "NULL_NA",
    "gnaf_pid": "GAWA_163378596",
    "ee": true,
    "tech_change_status": "Not Planned"
   }
  },
  {
   "type": "Feature",
   "geometry": {
    "type": "Point",
    "coordinates": [
     116.03502708,
     -34.43450302
    ]
   },
   "properties": {
    "name": "126 GOLF LINKS ROAD PEMBERTON 6260",
    "locID": "LOC000111900572",
    "tech": "NULL",
    "upgrade": "NULL_NA",
    "gnaf_pid": "GAWA_163379561",
    "ee": true,
    "tech_change_status": "Not Planned"
   }
  },
  {
   "type": "Feature",
   "geometry": {
    "type": "Point",
    "coordinates": [
     116.03783772,
     -34.43253435
    ]
   },
   "properties": {
    "name": "184 GOLF LINKS ROAD PEMBERTON 6260",
    "locID": "LOC000110819439",
    "tech": "NULL",
    "upgrade": "NULL_NA",
    "gnaf_pid": "GAWA_163379562",
    "ee": true,
    "tech_change_status": "Not Planned"
   }
  },
  {
   "type": "Feature",
   "geometry": {
    "type": "Point",
    "coordinates": [
     116.05683498,
     -34.42707976
    ]
   },
   "properties": {
    "name": "334 GOLF LINKS ROAD PEMBERTON 6260",
    "locID": "LOC000113892262",
    "tech": "NULL",
    "upgrade": "NULL_NA",
    "gnaf_pid": "GAWA_163379563",
    "ee": true,
    "tech_change_status": "Not Planned"
   }
  },
  {
   "type": "Feature",
   "geometry": {
    "type": "Point",
    "coordinates": [
     116.03575583,
     -34.43725207
    ]
   },
   "properties": {
    "name": "59 GOLF LINKS ROAD PEMBERTON 6260",
    "locID": "LOC000111409327",
    "tech": "NULL",
    "upgrade": "NULL_NA",
    "gnaf_pid": "GAWA_163379564",
    "ee": true,
    "tech_change_status": "Not Planned"
   }
  },
  {
   "type": "Feature",
   "geometry": {
    "type": "Point",
    "coordinates": [
     116.02380248,
     -34.4345621
    ]
   },
   "properties": {
    "name": "64 KEMP ROAD PEMBERTON 6260",
    "locID": "LOC100078104017",
    "tech": "NULL",
    "upgrade": "NULL_NA",
    "gnaf_pid": "GAWA_163380901",
    "ee": true,
    "tech_change_status": "Not Planned"
   }
  },
  {
   "type": "Feature",
   "geometry": {
    "type": "Point",
    "coordinates": [
     116.04746837,
     -34.43243013
    ]
   },
   "properties": {
    "name": "31 PEMBERTON ROAD NORTH PEMBERTON 6260",
    "locID": "LOC000110516426",
    "tech": "NULL",
    "upgrade": "NULL_NA",
    "gnaf_pid": "GAWA_163383192",
    "ee": true,
    "tech_change_status": "Not Planned"
   }
  },
  {
   "type": "Feature",
   "geometry": {
    "type": "Point",
    "coordinates": [
     116.06193411,
     -34.44357583
    ]
   },
   "properties": {
    "name": "102 PLACKETT DRIVE PEMBERTON 6260",
    "locID": "LOC000111044187",
    "tech": "SATELLITE",
    "upgrade": "NULL_NA",
    "gnaf_pid": "GAWA_163383348",
    "ee": true,
    "tech_change_status": "Not Planned"
   }
  },
  {
   "type": "Feature",
   "geometry": {
    "type": "Point",
    "coordinates": [
     116.06159827,
     -34.44146348
    ]
   },
   "properties": {
    "name": "107 PLACKETT DRIVE PEMBERTON 6260",
    "locID": "LOC000111366279",
    "tech": "NULL",
    "upgrade": "NULL_NA",
    "gnaf_pid": "GAWA_163383349",
    "ee": true,
    "tech_change_status": "Not Planned"
   }
  },
  {
   "type": "Feature",
   "geometry": {
    "type": "Point",
    "coordinates": [
     116.06251727,
     -34.44096947
    ]
   },
   "properties": {
    "name": "113 PLACKETT DRIVE PEMBERTON 6260",
    "locID": "LOC000113383071",
    "tech": "NULL",
    "upgrade": "NULL_NA",
    "gnaf_pid": "GAWA_163383350",
    "ee": true,
    "tech_change_status": "Not Planned"
   }
  },
  {
   "type": "Feature",
   "geometry": {
    "type": "Point",
    "coordinates": [
     116.06495112,
     -34.44180899
    ]
   },
   "properties": {
    "name": "124 PLACKETT DRIVE PEMBERTON 6260",
    "locID": "LOC000111923073",
    "tech": "NULL",
    "upgrade": "NULL_NA",
    "gnaf_pid": "GAWA_163383351",
    "ee": true,
    "tech_change_status": "Not Planned"
   }
  },
  {
   "type": "Feature",
   "geometry": {
    "type": "Point",
    "coordinates": [
     116.06333391,
     -34.44029037
    ]
   },
   "properties": {
    "name": "133 PLACKETT DRIVE PEMBERTON 6260",
    "locID": "LOC000110872615",
    "tech": "NULL",
    "upgrade": "NULL_NA",
    "gnaf_pid": "GAWA_163383352",
    "ee": true,
    "tech_change_status": "Not Planned"
   }
  },
  {
   "type": "Feature",
   "geometry": {
    "type": "Point",
    "coordinates": [
     116.06403922,
     -34.43954853
    ]
   },
   "properties": {
    "name": "139 PLACKETT DRIVE PEMBERTON 6260",
    "locID": "LOC000111922497",
    "tech": "NULL",
    "upgrade": "NULL_NA",
    "gnaf_pid": "GAWA_163383353",
    "ee": true,
    "tech_change_status": "Not Planned"
   }
  },
  {
   "type": "Feature",
   "geometry": {
    "type": "Point",
    "coordinates": [
     116.06460273,
     -34.43868741
    ]
   },
   "properties": {
    "name": "155 PLACKETT DRIVE PEMBERTON 6260",
    "locID": "LOC000111058850",
    "tech": "NULL",
    "upgrade": "NULL_NA",
    "gnaf_pid": "GAWA_163383354",
    "ee": true,
    "tech_change_status": "Not Planned"
   }
  },
  {
   "type": "Feature",
   "geometry": {
    "type": "Point",
    "coordinates": [
     116.06676835,
     -34.43989769
    ]
   },
   "properties": {
    "name": "166 PLACKETT DRIVE PEMBERTON 6260",
    "locID": "LOC000110807903",
    "tech": "NULL",
    "upgrade": "NULL_NA",
    "gnaf_pid": "GAWA_163383355",
    "ee": true,
    "tech_change_status": "Not Planned"
   }
  },
  {
   "type": "Feature",
   "geometry": {
    "type": "Point",
    "coordinates": [
     116.07014662,
     -34.44110723
    ]
   },
   "properties": {
    "name": "172 PLACKETT DRIVE PEMBERTON 6260",
    "locID": "LOC000110993072",
    "tech": "NULL",
    "upgrade": "NULL_NA",
    "gnaf_pid": "GAWA_163383356",
    "ee": true,
    "tech_change_status": "Not Planned"
   }
  },
  {
   "type": "Feature",
   "geometry": {
    "type": "Point",
    "coordinates": [
     116.06839677,
     -34.43900533
    ]
   },
   "properties": {
    "name": "174 PLACKETT DRIVE PEMBERTON 6260",
    "locID": "LOC000111904793",
    "tech": "NULL",
    "upgrade": "NULL_NA",
    "gnaf_pid": "GAWA_163383357",
    "ee": true,
    "tech_change_status": "Not Planned"
   }
  },
  {
   "type": "Feature",
   "geometry": {
    "type": "Point",
    "coordinates": [
     116.06934032,
     -34.43825577
    ]
   },
   "properties": {
    "name": "180 PLACKETT DRIVE PEMBERTON 6260",
    "locID": "LOC000112659736",
    "tech": "NULL",
    "upgrade": "NULL_NA",
    "gnaf_pid": "GAWA_163383358",
    "ee": true,
    "tech_change_status": "Not Planned"
   }
  },
  {
   "type": "Feature",
   "geometry": {
    "type": "Point",
    "coordinates": [
     116.07005846,
     -34.43751313
    ]
   },
   "properties": {
    "name": "188 PLACKETT DRIVE PEMBERTON 6260",
    "locID": "LOC000111665257",
    "tech": "SATELLITE",
    "upgrade": "NULL_NA",
    "gnaf_pid": "GAWA_163383359",
    "ee": true,
    "tech_change_status": "Not Planned"
   }
  },
  {
   "type": "Feature",
   "geometry": {
    "type": "Point",
    "coordinates": [
     116.07003999,
     -34.43649193
    ]
   },
   "properties": {
    "name": "198 PLACKETT DRIVE PEMBERTON 6260",
    "locID": "LOC000110314713",
    "tech": "NULL",
    "upgrade": "NULL_NA",
    "gnaf_pid": "GAWA_163383360",
    "ee": true,
    "tech_change_status": "Not Planned"
   }
  },
  {
   "type": "Feature",
   "geometry": {
    "type": "Point",
    "coordinates": [
     116.0675659,
     -34.43663201
    ]
   },
   "properties": {
    "name": "199 PLACKETT DRIVE PEMBERTON 6260",
    "locID": "LOC000111911123",
    "tech": "NULL",
    "upgrade": "NULL_NA",
    "gnaf_pid": "GAWA_163383361",
    "ee": true,
    "tech_change_status": "Not Planned"
   }
  },
  {
   "type": "Feature",
   "geometry": {
    "type": "Point",
    "coordinates": [
     116.07000917,
     -34.43555992
    ]
   },
   "properties": {
    "name": "206 PLACKETT DRIVE PEMBERTON 6260",
    "locID": "LOC000110956069",
    "tech": "SATELLITE",
    "upgrade": "NULL_NA",
    "gnaf_pid": "GAWA_163383362",
    "ee": true,
    "tech_change_status": "Not Planned"
   }
  },
  {
   "type": "Feature",
   "geometry": {
    "type": "Point",
    "coordinates": [
     116.06759083,
     -34.43566033
    ]
   },
   "properties": {
    "name": "209 PLACKETT DRIVE PEMBERTON 6260",
    "locID": "LOC000113373281",
    "tech": "NULL",
    "upgrade": "NULL_NA",
    "gnaf_pid": "GAWA_163383363",
    "ee": true,
    "tech_change_status": "Not Planned"
   }
  },
  {
   "type": "Feature",
   "geometry": {
    "type": "Point",
    "coordinates": [
     116.05717056,
     -34.43793166
    ]
   },
   "properties": {
    "name": "20 PLACKETT DRIVE PEMBERTON 6260",
    "locID": "LOC000111924451",
    "tech": "NULL",
    "upgrade": "NULL_NA",
    "gnaf_pid": "GAWA_163383364",
    "ee": true,
    "tech_change_status": "Not Planned"
   }
  },
  {
   "type": "Feature",
   "geometry": {
    "type": "Point",
    "coordinates": [
     116.06999576,
     -34.43464115
    ]
   },
   "properties": {
    "name": "216 PLACKETT DRIVE PEMBERTON 6260",
    "locID": "LOC000112318510",
    "tech": "NULL",
    "upgrade": "NULL_NA",
    "gnaf_pid": "GAWA_163383365",
    "ee": true,
    "tech_change_status": "Not Planned"
   }
  },
  {
   "type": "Feature",
   "geometry": {
    "type": "Point",
    "coordinates": [
     116.07002706,
     -34.43369086
    ]
   },
   "properties": {
    "name": "226 PLACKETT DRIVE PEMBERTON 6260",
    "locID": "LOC000111569176",
    "tech": "NULL",
    "upgrade": "NULL_NA",
    "gnaf_pid": "GAWA_163383366",
    "ee": true,
    "tech_change_status": "Not Planned"
   }
  },
  {
   "type": "Feature",
   "geometry": {
    "type": "Point",
    "coordinates": [
     116.05657911,
     -34.43880935
    ]
   },
   "properties": {
    "name": "40 PLACKETT DRIVE PEMBERTON 6260",
    "locID": "LOC000113967450",
    "tech": "NULL",
    "upgrade": "NULL_NA",
    "gnaf_pid": "GAWA_163383367",
    "ee": true,
    "tech_change_status": "Not Planned"
   }
  },
  {
   "type": "Feature",
   "geometry": {
    "type": "Point",
    "coordinates": [
     116.05876519,
     -34.44010103
    ]
   },
   "properties": {
    "name": "49 PLACKETT DRIVE PEMBERTON 6260",
    "locID": "LOC000111878919",
    "tech": "NULL",
    "upgrade": "NULL_NA",
    "gnaf_pid": "GAWA_163383368",
    "ee": true,
    "tech_change_status": "Not Planned"
   }
  },
  {
   "type": "Feature",
   "geometry": {
    "type": "Point",
    "coordinates": [
     116.05656597,
     -34.44198423
    ]
   },
   "properties": {
    "name": "68 PLACKETT DRIVE PEMBERTON 6260",
    "locID": "LOC000110985212",
    "tech": "NULL",
    "upgrade": "NULL_NA",
    "gnaf_pid": "GAWA_163383369",
    "ee": true,
    "tech_change_status": "Not Planned"
   }
  },
  {
   "type": "Feature",
   "geometry": {
    "type": "Point",
    "coordinates": [
     116.05765348,
     -34.44268083
    ]
   },
   "properties": {
    "name": "74 PLACKETT DRIVE PEMBERTON 6260",
    "locID": "LOC000113774054",
    "tech": "NULL",
    "upgrade": "NULL_NA",
    "gnaf_pid": "GAWA_163383370",
    "ee": true,
    "tech_change_status": "Not Planned"
   }
  },
  {
   "type": "Feature",
   "geometry": {
    "type": "Point",
    "coordinates": [
     116.05624662,
     -34.4437599
    ]
   },
   "properties": {
    "name": "78 PLACKETT DRIVE PEMBERTON 6260",
    "locID": "LOC000113650589",
    "tech": "NULL",
    "upgrade": "NULL_NA",
    "gnaf_pid": "GAWA_163383371",
    "ee": true,
    "tech_change_status": "Not Planned"
   }
  },
  {
   "type": "Feature",
   "geometry": {
    "type": "Point",
    "coordinates": [
     116.05745098,
     -34.44456632
    ]
   },
   "properties": {
    "name": "80 PLACKETT DRIVE PEMBERTON 6260",
    "locID": "LOC000111454371",
    "tech": "NULL",
    "upgrade": "NULL_NA",
    "gnaf_pid": "GAWA_163383372",
    "ee": true,
    "tech_change_status": "Not Planned"
   }
  },
  {
   "type": "Feature",
   "geometry": {
    "type": "Point",
    "coordinates": [
     116.05913863,
     -34.44344862
    ]
   },
   "properties": {
    "name": "82 PLACKETT DRIVE PEMBERTON 6260",
    "locID": "LOC000111783819",
    "tech": "NULL",
    "upgrade": "NULL_NA",
    "gnaf_pid": "GAWA_163383373",
    "ee": true,
    "tech_change_status": "Not Planned"
   }
  },
  {
   "type": "Feature",
   "geometry": {
    "type": "Point",
    "coordinates": [
     116.06039813,
     -34.44144058
    ]
   },
   "properties": {
    "name": "89 PLACKETT DRIVE PEMBERTON 6260",
    "locID": "LOC000112410628",
    "tech": "NULL",
    "upgrade": "NULL_NA",
    "gnaf_pid": "GAWA_163383374",
    "ee": true,
    "tech_change_status": "Not Planned"
   }
  },
  {
   "type": "Feature",
   "geometry": {
    "type": "Point",
    "coordinates": [
     116.06049312,
     -34.443341
    ]
   },
   "properties": {
    "name": "92 PLACKETT DRIVE PEMBERTON 6260",
    "locID": "LOC000110670476",
    "tech": "NULL",
    "upgrade": "NULL_NA",
    "gnaf_pid": "GAWA_163383375",
    "ee": true,
    "tech_change_status": "Not Planned"
   }
  },
  {
   "type": "Feature",
   "geometry": {
    "type": "Point",
    "coordinates": [
     116.0401466,
     -34.43650061
    ]
   },
   "properties": {
    "name": "13517 VASSE HIGHWAY PEMBERTON 6260",
    "locID": "LOC000111807671",
    "tech": "FTTN",
    "upgrade": "NULL_NA",
    "gnaf_pid": "GAWA_163385637",
    "ee": true,
    "tech_change_status": "Not Planned"
   }
  },
  {
   "type": "Feature",
   "geometry": {
    "type": "Point",
    "coordinates": [
     116.04898381,
     -34.43984425
    ]
   },
   "properties": {
    "name": "13556 VASSE HIGHWAY PEMBERTON 6260",
    "locID": "LOC000111168607",
    "tech": "SATELLITE",
    "upgrade": "NULL_NA",
    "gnaf_pid": "GAWA_163385638",
    "ee": true,
    "tech_change_status": "Not Planned"
   }
  },
  {
   "type": "Feature",
   "geometry": {
    "type": "Point",
    "coordinates": [
     116.05425361,
     -34.4378413
    ]
   },
   "properties": {
    "name": "13626 VASSE HIGHWAY PEMBERTON 6260",
    "locID": "LOC000111763785",
    "tech": "NULL",
    "upgrade": "NULL_NA",
    "gnaf_pid": "GAWA_163385639",
    "ee": true,
    "tech_change_status": "Not Planned"
   }
  },
  {
   "type": "Feature",
   "geometry": {
    "type": "Point",
    "coordinates": [
     116.0737815,
     -34.42323842
    ]
   },
   "properties": {
    "name": "13888 VASSE HIGHWAY PEMBERTON 6260",
    "locID": "LOC000110610780",
    "tech": "NULL",
    "upgrade": "NULL_NA",
    "gnaf_pid": "GAWA_163385640",
    "ee": true,
    "tech_change_status": "Not Planned"
   }
  },
  {
   "type": "Feature",
   "geometry": {
    "type": "Point",
    "coordinates": [
     116.06417241,
     -34.44254592
    ]
   },
   "properties": {
    "name": "11 WELLBURN PLACE PEMBERTON 6260",
    "locID": "LOC000113618031",
    "tech": "SATELLITE",
    "upgrade": "NULL_NA",
    "gnaf_pid": "GAWA_163385930",
    "ee": true,
    "tech_change_status": "Not Planned"
   }
  },
  {
   "type": "Feature",
   "geometry": {
    "type": "Point",
    "coordinates": [
     116.06308377,
     -34.44310231
    ]
   },
   "properties": {
    "name": "12 WELLBURN PLACE PEMBERTON 6260",
    "locID": "LOC000110906574",
    "tech": "NULL",
    "upgrade": "NULL_NA",
    "gnaf_pid": "GAWA_163385931",
    "ee": true,
    "tech_change_status": "Not Planned"
   }
  },
  {
   "type": "Feature",
   "geometry": {
    "type": "Point",
    "coordinates": [
     116.06349946,
     -34.44460717
    ]
   },
   "properties": {
    "name": "22 WELLBURN PLACE PEMBERTON 6260",
    "locID": "LOC000111396361",
    "tech": "NULL",
    "upgrade": "NULL_NA",
    "gnaf_pid": "GAWA_163385932",
    "ee": true,
    "tech_change_status": "Not Planned"
   }
  },
  {
   "type": "Feature",
   "geometry": {
    "type": "Point",
    "coordinates": [
     116.06493174,
     -34.445112
    ]
   },
   "properties": {
    "name": "24 WELLBURN PLACE PEMBERTON 6260",
    "locID": "LOC000112503080",
    "tech": "NULL",
    "upgrade": "NULL_NA",
    "gnaf_pid": "GAWA_163385933",
    "ee": true,
    "tech_change_status": "Not Planned"
   }
  },
  {
   "type": "Feature",
   "geometry": {
    "type": "Point",
    "coordinates": [
     116.06608277,
     -34.44358501
    ]
   },
   "properties": {
    "name": "25 WELLBURN PLACE PEMBERTON 6260",
    "locID": "LOC000112589791",
    "tech": "NULL",
    "upgrade": "NULL_NA",
    "gnaf_pid": "GAWA_163385934",
    "ee": true,
    "tech_change_status": "Not Planned"
   }
  },
  {
   "type": "Feature",
   "geometry": {
    "type": "Point",
    "coordinates": [
     116.06617163,
     -34.4445524
    ]
   },
   "properties": {
    "name": "27 WELLBURN PLACE PEMBERTON 6260",
    "locID": "LOC000111423994",
    "tech": "NULL",
    "upgrade": "NULL_NA",
    "gnaf_pid": "GAWA_163385935",
    "ee": true,
    "tech_change_status": "Not Planned"
   }
  },
  {
   "type": "Feature",
   "geometry": {
    "type": "Point",
    "coordinates": [
     116.04413721,
     -34.45076728
    ]
   },
   "properties": {
    "name": "11553 ABBOTT STREET PEMBERTON 6260",
    "locID": "LOC000171621333",
    "tech": "FTTN",
    "upgrade": "NULL_NA",
    "gnaf_pid": "GAWA_163386545",
    "ee": true,
    "tech_change_status": "Not Planned"
   }
  },
  {
   "type": "Feature",
   "geometry": {
    "type": "Point",
    "coordinates": [
     116.04413721,
     -34.45076728
    ]
   },
   "properties": {
    "name": "11557 ABBOTT STREET PEMBERTON 6260",
    "locID": "LOC000171621367",
    "tech": "FTTN",
    "upgrade": "NULL_NA",
    "gnaf_pid": "GAWA_163386546",
    "ee": true,
    "tech_change_status": "Not Planned"
   }
  },
  {
   "type": "Feature",
   "geometry": {
    "type": "Point",
    "coordinates": [
     116.0704946,
     -34.42695844
    ]
   },
   "properties": {
    "name": "287 BROWNS ROAD PEMBERTON 6260",
    "locID": "LOC000133203260",
    "tech": "NULL",
    "upgrade": "NULL_NA",
    "gnaf_pid": "GAWA_718295766",
    "ee": true,
    "tech_change_status": "Not Planned"
   }
  },
  {
   "type": "Feature",
   "geometry": {
    "type": "Point",
    "coordinates": [
     116.06567526,
     -34.44104031
    ]
   },
   "properties": {
    "name": "138 PLACKETT DRIVE PEMBERTON 6260",
    "locID": "LOC000133203107",
    "tech": "NULL",
    "upgrade": "NULL_NA",
    "gnaf_pid": "GAWA_718299398",
    "ee": true,
    "tech_change_status": "Not Planned"
   }
  },
  {
   "type": "Feature",
   "geometry": {
    "type": "Point",
    "coordinates": [
     116.05650429,
     -34.43980539
    ]
   },
   "properties": {
    "name": "44 PLACKETT DRIVE PEMBERTON 6260",
    "locID": "LOC000133206254",
    "tech": "NULL",
    "upgrade": "NULL_NA",
    "gnaf_pid": "GAWA_718342180",
    "ee": true,
    "tech_change_status": "Not Planned"
   }
  },
  {
   "type": "Feature",
   "geometry": {
    "type": "Point",
    "coordinates": [
     116.03937761,
     -34.44789999
    ]
   },
   "properties": {
    "name": "36 ROBINSON STREET PEMBERTON 6260",
    "locID": "LOC000171624621",
    "tech": "FTTN",
    "upgrade": "NULL_NA",
    "gnaf_pid": "GAWA_718452200",
    "ee": true,
    "tech_change_status": "Not Planned"
   }
  },
  {
   "type": "Feature",
   "geometry": {
    "type": "Point",
    "coordinates": [
     116.0396387,
     -34.44792684
    ]
   },
   "properties": {
    "name": "38 ROBINSON STREET PEMBERTON 6260",
    "locID": "LOC000171624645",
    "tech": "FTTN",
    "upgrade": "NULL_NA",
    "gnaf_pid": "GAWA_718452201",
    "ee": true,
    "tech_change_status": "Not Planned"
   }
  },
  {
   "type": "Feature",
   "geometry": {
    "type": "Point",
    "coordinates": [
     116.04043195,
     -34.44776049
    ]
   },
   "properties": {
    "name": "39 ROBINSON STREET PEMBERTON 6260",
    "locID": "LOC000171624666",
    "tech": "FTTP",
    "upgrade": "NULL_NA",
    "gnaf_pid": "GAWA_718452202",
    "ee": true
   }
  },
  {
   "type": "Feature",
   "geometry": {
    "type": "Point",
    "coordinates": [
     116.03966734,
     -34.44814305
    ]
   },
   "properties": {
    "name": "40 ROBINSON STREET PEMBERTON 6260",
    "locID": "LOC000171624697",
    "tech": "FTTN",
    "upgrade": "NULL_NA",
    "gnaf_pid": "GAWA_718452203",
    "ee": true,
    "tech_change_status": "Not Planned"
   }
  },
  {
   "type": "Feature",
   "geometry": {
    "type": "Point",
    "coordinates": [
     116.04055022,
     -34.44789944
    ]
   },
   "properties": {
    "name": "41 ROBINSON STREET PEMBERTON 6260",
    "locID": "LOC000171624716",
    "tech": "FTTP",
    "upgrade": "NULL_NA",
    "gnaf_pid": "GAWA_718452204",
    "ee": true,
    "tech_change_status": "Eligible to Order"
   }
  },
  {
   "type": "Feature",
   "geometry": {
    "type": "Point",
    "coordinates": [
     116.03979599,
     -34.44829422
    ]
   },
   "properties": {
    "name": "42 ROBINSON STREET PEMBERTON 6260",
    "locID": "LOC000171624744",
    "tech": "FTTN",
    "upgrade": "NULL_NA",
    "gnaf_pid": "GAWA_718452205",
    "ee": true,
    "tech_change_status": "Not Planned"
   }
  },
  {
   "type": "Feature",
   "geometry": {
    "type": "Point",
    "coordinates": [
     116.04066849,
     -34.4480384
    ]
   },
   "properties": {
    "name": "43 ROBINSON STREET PEMBERTON 6260",
    "locID": "LOC000171624759",
    "tech": "FTTN",
    "upgrade": "FTTP",
    "gnaf_pid": "GAWA_718452206",
    "ee": true,
    "tech_change_status": "Eligible to Order"
   }
  },
  {
   "type": "Feature",
   "geometry": {
    "type": "Point",
    "coordinates": [
     116.03992463,
     -34.44844538
    ]
   },
   "properties": {
    "name": "44 ROBINSON STREET PEMBERTON 6260",
    "locID": "LOC000171624792",
    "tech": "FTTN",
    "upgrade": "NULL_NA",
    "gnaf_pid": "GAWA_718452207",
    "ee": true,
    "tech_change_status": "Not Planned"
   }
  },
  {
   "type": "Feature",
   "geometry": {
    "type": "Point",
    "coordinates": [
     116.04078674,
     -34.44817736
    ]
   },
   "properties": {
    "name": "45 ROBINSON STREET PEMBERTON 6260",
    "locID": "LOC000171624818",
    "tech": "FTTN",
    "upgrade": "FTTP",
    "gnaf_pid": "GAWA_718452208",
    "ee": true,
    "tech_change_status": "Eligible to Order"
   }
  },
  {
   "type": "Feature",
   "geometry": {
    "type": "Point",
    "coordinates": [
     116.04005348,
     -34.4485968
    ]
   },
   "properties": {
    "name": "46 ROBINSON STREET PEMBERTON 6260",
    "locID": "LOC000171624856",
    "tech": "FTTN",
    "upgrade": "NULL_NA",
    "gnaf_pid": "GAWA_718452209",
    "ee": true,
    "tech_change_status": "Not Planned"
   }
  },
  {
   "type": "Feature",
   "geometry": {
    "type": "Point",
    "coordinates": [
     116.0408908,
     -34.44833594
    ]
   },
   "properties": {
    "name": "47 ROBINSON STREET PEMBERTON 6260",
    "locID": "LOC000171624873",
    "tech": "FTTP",
    "upgrade": "NULL_NA",
    "gnaf_pid": "GAWA_718452210",
    "ee": true
   }
  },
  {
   "type": "Feature",
   "geometry": {
    "type": "Point",
    "coordinates": [
     116.04102191,
     -34.44849003
    ]
   },
   "properties": {
    "name": "49 ROBINSON STREET PEMBERTON 6260",
    "locID": "LOC000171624894",
    "tech": "FTTP",
    "upgrade": "NULL_NA",
    "gnaf_pid": "GAWA_718452211",
    "ee": true
   }
  },
  {
   "type": "Feature",
   "geometry": {
    "type": "Point",
    "coordinates": [
     116.04115305,
     -34.4486441
    ]
   },
   "properties": {
    "name": "51 ROBINSON STREET PEMBERTON 6260",
    "locID": "LOC000171624958",
    "tech": "FTTN",
    "upgrade": "FTTP",
    "gnaf_pid": "GAWA_718452212",
    "ee": true,
    "tech_change_status": "Eligible to Order"
   }
  },
  {
   "type": "Feature",
   "geometry": {
    "type": "Point",
    "coordinates": [
     116.04128419,
     -34.44879819
    ]
   },
   "properties": {
    "name": "53 ROBINSON STREET PEMBERTON 6260",
    "locID": "LOC100065684982",
    "tech": "FTTN",
    "upgrade": "FTTP",
    "gnaf_pid": "GAWA_718452213",
    "ee": true,
    "tech_change_status": "Eligible to Order"
   }
  },
  {
   "type": "Feature",
   "geometry": {
    "type": "Point",
    "coordinates": [
     116.04141531,
     -34.44895197
    ]
   },
   "properties": {
    "name": "55 ROBINSON STREET PEMBERTON 6260",
    "locID": "LOC000171624989",
    "tech": "FTTN",
    "upgrade": "FTTP",
    "gnaf_pid": "GAWA_718452214",
    "ee": true,
    "tech_change_status": "Eligible to Order"
   }
  },
  {
   "type": "Feature",
   "geometry": {
    "type": "Point",
    "coordinates": [
     116.04155432,
     -34.44909864
    ]
   },
   "properties": {
    "name": "57 ROBINSON STREET PEMBERTON 6260",
    "locID": "LOC000171625013",
    "tech": "FTTN",
    "upgrade": "FTTP",
    "gnaf_pid": "GAWA_718452215",
    "ee": true,
    "tech_change_status": "Eligible to Order"
   }
  },
  {
   "type": "Feature",
   "geometry": {
    "type": "Point",
    "coordinates": [
     116.04115305,
     -34.4486441
    ]
   },
   "properties": {
    "name": "51B ROBINSON STREET PEMBERTON 6260",
    "locID": "LOC000171624958",
    "tech": "FTTN",
    "upgrade": "FTTP",
    "gnaf_pid": "GAWA_718512165",
    "ee": true,
    "tech_change_status": "Eligible to Order"
   }
  },
  {
   "type": "Feature",
   "geometry": {
    "type": "Point",
    "coordinates": [
     116.0420372,
     -34.44388641
    ]
   },
   "properties": {
    "name": "66 JAMIESON STREET PEMBERTON 6260",
    "locID": "LOC000171623250",
    "tech": "FTTN",
    "upgrade": "NULL_NA",
    "gnaf_pid": "GAWA_718572386",
    "ee": true,
    "tech_change_status": "Not Planned"
   }
  },
  {
   "type": "Feature",
   "geometry": {
    "type": "Point",
    "coordinates": [
     116.04299162,
     -34.44332729
    ]
   },
   "properties": {
    "name": "78 JAMIESON STREET PEMBERTON 6260",
    "locID": "LOC000171623284",
    "tech": "FTTN",
    "upgrade": "NULL_NA",
    "gnaf_pid": "GAWA_718572387",
    "ee": true,
    "tech_change_status": "Not Planned"
   }
  },
  {
   "type": "Feature",
   "geometry": {
    "type": "Point",
    "coordinates": [
     116.04319704,
     -34.44318468
    ]
   },
   "properties": {
    "name": "80 JAMIESON STREET PEMBERTON 6260",
    "locID": "LOC000171623307",
    "tech": "FTTN",
    "upgrade": "NULL_NA",
    "gnaf_pid": "GAWA_718572388",
    "ee": true,
    "tech_change_status": "Not Planned"
   }
  },
  {
   "type": "Feature",
   "geometry": {
    "type": "Point",
    "coordinates": [
     116.0435432,
     -34.44330495
    ]
   },
   "properties": {
    "name": "84 JAMIESON STREET PEMBERTON 6260",
    "locID": "LOC000171623330",
    "tech": "FTTN",
    "upgrade": "NULL_NA",
    "gnaf_pid": "GAWA_718572389",
    "ee": true,
    "tech_change_status": "Not Planned"
   }
  },
  {
   "type": "Feature",
   "geometry": {
    "type": "Point",
    "coordinates": [
     116.04395113,
     -34.44319349
    ]
   },
   "properties": {
    "name": "88 JAMIESON STREET PEMBERTON 6260",
    "locID": "LOC000171623369",
    "tech": "FTTN",
    "upgrade": "NULL_NA",
    "gnaf_pid": "GAWA_718572390",
    "ee": true,
    "tech_change_status": "Not Planned"
   }
  },
  {
   "type": "Feature",
   "geometry": {
    "type": "Point",
    "coordinates": [
     116.04370922,
     -34.44235903
    ]
   },
   "properties": {
    "name": "89 JAMIESON STREET PEMBERTON 6260",
    "locID": "LOC100025898479",
    "tech": "FTTN",
    "upgrade": "NULL_NA",
    "gnaf_pid": "GAWA_718572391",
    "ee": true,
    "tech_change_status": "Not Planned"
   }
  },
  {
   "type": "Feature",
   "geometry": {
    "type": "Point",
    "coordinates": [
     116.06978079,
     -34.439625
    ]
   },
   "properties": {
    "name": "172B PLACKETT DRIVE PEMBERTON 6260",
    "locID": "LOC000150798220",
    "tech": "SATELLITE",
    "upgrade": "NULL_NA",
    "gnaf_pid": "GAWA_718630802",
    "ee": true,
    "tech_change_status": "Not Planned"
   }
  },
  {
   "type": "Feature",
   "geometry": {
    "type": "Point",
    "coordinates": [
     116.03605745,
     -34.43959672
    ]
   },
   "properties": {
    "name": "38 GOLF LINKS ROAD PEMBERTON 6260",
    "locID": "LOC100071999511",
    "tech": "NULL",
    "upgrade": "NULL_NA",
    "gnaf_pid": "GAWA_718755892",
    "ee": true,
    "tech_change_status": "Not Planned"
   }
  },
  {
   "type": "Feature",
   "geometry": {
    "type": "Point",
    "coordinates": [
     116.0450336,
     -34.44949065
    ]
   },
   "properties": {
    "name": "25 ABBOTT STREET PEMBERTON 6260",
    "locID": "LOC000171621305",
    "tech": "FTTN",
    "upgrade": "NULL_NA",
    "gnaf_pid": "GAWA_718760799",
    "ee": true,
    "tech_change_status": "Not Planned"
   }
  },
  {
   "type": "Feature",
   "geometry": {
    "type": "Point",
    "coordinates": [
     116.03566189,
     -34.44461547
    ]
   },
   "properties": {
    "name": "UNIT 1, 68 BROCKMAN STREET PEMBERTON 6260",
    "locID": "LOC100065656255",
    "tech": "FTTN",
    "upgrade": "NULL_NA",
    "gnaf_pid": "GAWA_718785806",
    "ee": true,
    "tech_change_status": "Not Planned"
   }
  },
  {
   "type": "Feature",
   "geometry": {
    "type": "Point",
    "coordinates": [
     116.03566189,
     -34.44461547
    ]
   },
   "properties": {
    "name": "UNIT 2, 68 BROCKMAN STREET PEMBERTON 6260",
    "locID": "LOC100065656255",
    "tech": "FTTN",
    "upgrade": "NULL_NA",
    "gnaf_pid": "GAWA_718785807",
    "ee": true,
    "tech_change_status": "Not Planned"
   }
  },
  {
   "type": "Feature",
   "geometry": {
    "type": "Point",
    "coordinates": [
     116.03566189,
     -34.44461547
    ]
   },
   "properties": {
    "name": "UNIT 3, 68 BROCKMAN STREET PEMBERTON 6260",
    "locID": "LOC100065656255",
    "tech": "FTTN",
    "upgrade": "NULL_NA",
    "gnaf_pid": "GAWA_718785808",
    "ee": true,
    "tech_change_status": "Not Planned"
   }
  },
  {
   "type": "Feature",
   "geometry": {
    "type": "Point",
    "coordinates": [
     116.03566189,
     -34.44461547
    ]
   },
   "properties": {
    "name": "UNIT 4, 68 BROCKMAN STREET PEMBERTON 6260",
    "locID": "LOC100065656255",
    "tech": "FTTN",
    "upgrade": "NULL_NA",
    "gnaf_pid": "GAWA_718785809",
    "ee": true,
    "tech_change_status": "Not Planned"
   }
  },
  {
   "type": "Feature",
   "geometry": {
    "type": "Point",
    "coordinates": [
     116.03566189,
     -34.44461547
    ]
   },
   "properties": {
    "name": "UNIT 5, 68 BROCKMAN STREET PEMBERTON 6260",
    "locID": "LOC000087448244",
    "tech": "FTTN",
    "upgrade": "NULL_NA",
    "gnaf_pid": "GAWA_718785810",
    "ee": true,
    "tech_change_status": "Not Planned"
   }
  },
  {
   "type": "Feature",
   "geometry": {
    "type": "Point",
    "coordinates": [
     116.03387221,
     -34.44566043
    ]
   },
   "properties": {
    "name": "42 BROCKMAN STREET PEMBERTON 6260",
    "locID": "LOC000133206249",
    "tech": "FTTN",
    "upgrade": "NULL_NA",
    "gnaf_pid": "GAWA_718785811",
    "ee": true,
    "tech_change_status": "Not Planned"
   }
  },
  {
   "type": "Feature",
   "geometry": {
    "type": "Point",
    "coordinates": [
     116.02795511,
     -34.44733513
    ]
   },
   "properties": {
    "name": "1 CLUB ROAD PEMBERTON 6260",
    "locID": "LOC000133211487",
    "tech": "FTTN",
    "upgrade": "NULL_NA",
    "gnaf_pid": "GAWA_718786318",
    "ee": true,
    "tech_change_status": "Not Planned"
   }
  },
  {
   "type": "Feature",
   "geometry": {
    "type": "Point",
    "coordinates": [
     116.03873795,
     -34.4510796
    ]
   },
   "properties": {
    "name": "78 DEAN STREET PEMBERTON 6260",
    "locID": "LOC000171622179",
    "tech": "FTTN",
    "upgrade": "NULL_NA",
    "gnaf_pid": "GAWA_718786614",
    "ee": true,
    "tech_change_status": "Not Planned"
   }
  },
  {
   "type": "Feature",
   "geometry": {
    "type": "Point",
    "coordinates": [
     116.03983431,
     -34.45222776
    ]
   },
   "properties": {
    "name": "82 DEAN STREET PEMBERTON 6260",
    "locID": "LOC000171622133",
    "tech": "FTTN",
    "upgrade": "NULL_NA",
    "gnaf_pid": "GAWA_718786615",
    "ee": true,
    "tech_change_status": "Not Planned"
   }
  },
  {
   "type": "Feature",
   "geometry": {
    "type": "Point",
    "coordinates": [
     116.0472805,
     -34.44653057
    ]
   },
   "properties": {
    "name": "30 FORESTRY GLEN PEMBERTON 6260",
    "locID": "LOC000171622727",
    "tech": "FTTN",
    "upgrade": "NULL_NA",
    "gnaf_pid": "GAWA_718787052",
    "ee": true,
    "tech_change_status": "Not Planned"
   }
  },
  {
   "type": "Feature",
   "geometry": {
    "type": "Point",
    "coordinates": [
     116.04200239,
     -34.44976742
    ]
   },
   "properties": {
    "name": "24 FRENCH STREET PEMBERTON 6260",
    "locID": "LOC000171622762",
    "tech": "FTTN",
    "upgrade": "FTTP",
    "gnaf_pid": "GAWA_718787117",
    "ee": true,
    "tech_change_status": "Eligible to Order"
   }
  },
  {
   "type": "Feature",
   "geometry": {
    "type": "Point",
    "coordinates": [
     116.04335344,
     -34.44689012
    ]
   },
   "properties": {
    "name": "13 RASPI PLACE PEMBERTON 6260",
    "locID": "LOC000171624530",
    "tech": "FTTN",
    "upgrade": "NULL_NA",
    "gnaf_pid": "GAWA_718790066",
    "ee": true,
    "tech_change_status": "Not Planned"
   }
  },
  {
   "type": "Feature",
   "geometry": {
    "type": "Point",
    "coordinates": [
     116.04132498,
     -34.44755113
    ]
   },
   "properties": {
    "name": "20 WIDDESON STREET PEMBERTON 6260",
    "locID": "LOC000171625362",
    "tech": "FTTN",
    "upgrade": "FTTP",
    "gnaf_pid": "GAWA_718791221",
    "ee": true,
    "tech_change_status": "Eligible to Order"
   }
  },
  {
   "type": "Feature",
   "geometry": {
    "type": "Point",
    "coordinates": [
     116.04189095,
     -34.44775193
    ]
   },
   "properties": {
    "name": "28 WIDDESON STREET PEMBERTON 6260",
    "locID": "LOC000171625468",
    "tech": "FTTP",
    "upgrade": "NULL_NA",
    "gnaf_pid": "GAWA_718791222",
    "ee": true
   }
  },
  {
   "type": "Feature",
   "geometry": {
    "type": "Point",
    "coordinates": [
     116.04202206,
     -34.447906
    ]
   },
   "properties": {
    "name": "30 WIDDESON STREET PEMBERTON 6260",
    "locID": "LOC000171625475",
    "tech": "FTTN",
    "upgrade": "FTTP",
    "gnaf_pid": "GAWA_718791223",
    "ee": true,
    "tech_change_status": "Eligible to Order"
   }
  },
  {
   "type": "Feature",
   "geometry": {
    "type": "Point",
    "coordinates": [
     116.04215318,
     -34.44806009
    ]
   },
   "properties": {
    "name": "32 WIDDESON STREET PEMBERTON 6260",
    "locID": "LOC000171625481",
    "tech": "FTTP",
    "upgrade": "NULL_NA",
    "gnaf_pid": "GAWA_718791224",
    "ee": true
   }
  },
  {
   "type": "Feature",
   "geometry": {
    "type": "Point",
    "coordinates": [
     116.04241542,
     -34.44836824
    ]
   },
   "properties": {
    "name": "36 WIDDESON STREET PEMBERTON 6260",
    "locID": "LOC000171625508",
    "tech": "FTTN",
    "upgrade": "FTTP",
    "gnaf_pid": "GAWA_718791225",
    "ee": true,
    "tech_change_status": "Eligible to Order"
   }
  },
  {
   "type": "Feature",
   "geometry": {
    "type": "Point",
    "coordinates": [
     116.04253554,
     -34.44852628
    ]
   },
   "properties": {
    "name": "38 WIDDESON STREET PEMBERTON 6260",
    "locID": "LOC000171625512",
    "tech": "FTTP",
    "upgrade": "NULL_NA",
    "gnaf_pid": "GAWA_718791226",
    "ee": true
   }
  },
  {
   "type": "Feature",
   "geometry": {
    "type": "Point",
    "coordinates": [
     116.03175047,
     -34.44741953
    ]
   },
   "properties": {
    "name": "6 PINE STREET PEMBERTON 6260",
    "locID": "LOC000171623831",
    "tech": "FTTN",
    "upgrade": "NULL_NA",
    "gnaf_pid": "GAWA_718827628",
    "ee": true,
    "tech_change_status": "Not Planned"
   }
  },
  {
   "type": "Feature",
   "geometry": {
    "type": "Point",
    "coordinates": [
     116.0318891,
     -34.44758573
    ]
   },
   "properties": {
    "name": "8 PINE STREET PEMBERTON 6260",
    "locID": "LOC000171623854",
    "tech": "FTTN",
    "upgrade": "NULL_NA",
    "gnaf_pid": "GAWA_718827629",
    "ee": true,
    "tech_change_status": "Not Planned"
   }
  },
  {
   "type": "Feature",
   "geometry": {
    "type": "Point",
    "coordinates": [
     116.04320905,
     -34.44672248
    ]
   },
   "properties": {
    "name": "11 RASPI PLACE PEMBERTON 6260",
    "locID": "LOC000171624507",
    "tech": "FTTN",
    "upgrade": "NULL_NA",
    "gnaf_pid": "GAWA_718873177",
    "ee": true,
    "tech_change_status": "Not Planned"
   }
  },
  {
   "type": "Feature",
   "geometry": {
    "type": "Point",
    "coordinates": [
     116.04234526,
     -34.44662263
    ]
   },
   "properties": {
    "name": "3 RASPI PLACE PEMBERTON 6260",
    "locID": "LOC000171624548",
    "tech": "FTTN",
    "upgrade": "NULL_NA",
    "gnaf_pid": "GAWA_718873178",
    "ee": true,
    "tech_change_status": "Not Planned"
   }
  },
  {
   "type": "Feature",
   "geometry": {
    "type": "Point",
    "coordinates": [
     116.04281702,
     -34.44633254
    ]
   },
   "properties": {
    "name": "7 RASPI PLACE PEMBERTON 6260",
    "locID": "LOC000171624576",
    "tech": "FTTN",
    "upgrade": "NULL_NA",
    "gnaf_pid": "GAWA_718873179",
    "ee": true,
    "tech_change_status": "Not Planned"
   }
  },
  {
   "type": "Feature",
   "geometry": {
    "type": "Point",
    "coordinates": [
     116.04305576,
     -34.44654266
    ]
   },
   "properties": {
    "name": "9 RASPI PLACE PEMBERTON 6260",
    "locID": "LOC000171624595",
    "tech": "FTTN",
    "upgrade": "NULL_NA",
    "gnaf_pid": "GAWA_718873180",
    "ee": true,
    "tech_change_status": "Not Planned"
   }
  },
  {
   "type": "Feature",
   "geometry": {
    "type": "Point",
    "coordinates": [
     116.03047509,
     -34.44757336
    ]
   },
   "properties": {
    "name": "16 BROCKMAN STREET PEMBERTON 6260",
    "locID": "LOC000171621765",
    "tech": "FTTN",
    "upgrade": "NULL_NA",
    "gnaf_pid": "GAWA_718911268",
    "ee": true,
    "tech_change_status": "Not Planned"
   }
  },
  {
   "type": "Feature",
   "geometry": {
    "type": "Point",
    "coordinates": [
     116.03470903,
     -34.4450545
    ]
   },
   "properties": {
    "name": "60A BROCKMAN STREET PEMBERTON 6260",
    "locID": "LOC100066309553",
    "tech": "FTTN",
    "upgrade": "NULL_NA",
    "gnaf_pid": "GAWA_718911269",
    "ee": true,
    "tech_change_status": "Not Planned"
   }
  },
  {
   "type": "Feature",
   "geometry": {
    "type": "Point",
    "coordinates": [
     116.03482955,
     -34.44522858
    ]
   },
   "properties": {
    "name": "60B BROCKMAN STREET PEMBERTON 6260",
    "locID": "LOC000071331418",
    "tech": "FTTN",
    "upgrade": "NULL_NA",
    "gnaf_pid": "GAWA_718911270",
    "ee": true,
    "tech_change_status": "Not Planned"
   }
  },
  {
   "type": "Feature",
   "geometry": {
    "type": "Point",
    "coordinates": [
     116.07414421,
     -34.43302584
    ]
   },
   "properties": {
    "name": "192 BROWNS ROAD PEMBERTON 6260",
    "locID": "LOC100071999390",
    "tech": "NULL",
    "upgrade": "NULL_NA",
    "gnaf_pid": "GAWA_718945508",
    "ee": true,
    "tech_change_status": "Not Planned"
   }
  },
  {
   "type": "Feature",
   "geometry": {
    "type": "Point",
    "coordinates": [
     116.04264984,
     -34.44182489
    ]
   },
   "properties": {
    "name": "140 BROCKMAN STREET PEMBERTON 6260",
    "locID": "LOC000153852524",
    "tech": "SATELLITE",
    "upgrade": "NULL_NA",
    "gnaf_pid": "GAWA_719037253",
    "ee": true,
    "tech_change_status": "Not Planned"
   }
  },
  {
   "type": "Feature",
   "geometry": {
    "type": "Point",
    "coordinates": [
     116.04149146,
     -34.44178861
    ]
   },
   "properties": {
    "name": "128 BROCKMAN STREET PEMBERTON 6260",
    "locID": "LOC000171621731",
    "tech": "FTTN",
    "upgrade": "NULL_NA",
    "gnaf_pid": "GAWA_719037578",
    "ee": true,
    "tech_change_status": "Not Planned"
   }
  },
  {
   "type": "Feature",
   "geometry": {
    "type": "Point",
    "coordinates": [
     116.04337096,
     -34.44178507
    ]
   },
   "properties": {
    "name": "144 BROCKMAN STREET PEMBERTON 6260",
    "locID": "LOC100056485515",
    "tech": "FTTN",
    "upgrade": "NULL_NA",
    "gnaf_pid": "GAWA_719037763",
    "ee": true,
    "tech_change_status": "Not Planned"
   }
  },
  {
   "type": "Feature",
   "geometry": {
    "type": "Point",
    "coordinates": [
     116.04211039,
     -34.44178702
    ]
   },
   "properties": {
    "name": "134 BROCKMAN STREET PEMBERTON 6260",
    "locID": "LOC100065656991",
    "tech": "FTTN",
    "upgrade": "NULL_NA",
    "gnaf_pid": "GAWA_719041570",
    "ee": true,
    "tech_change_status": "Not Planned"
   }
  },
  {
   "type": "Feature",
   "geometry": {
    "type": "Point",
    "coordinates": [
     116.07385223,
     -34.42454029
    ]
   },
   "properties": {
    "name": "262 BROWNS ROAD PEMBERTON 6260",
    "locID": "LOC000108140841",
    "tech": "NULL",
    "upgrade": "NULL_NA",
    "gnaf_pid": "GAWA_719041667",
    "ee": true,
    "tech_change_status": "Not Planned"
   }
  },
  {
   "type": "Feature",
   "geometry": {
    "type": "Point",
    "coordinates": [
     116.06033283,
     -34.43786837
    ]
   },
   "properties": {
    "name": "17 BENDOTTI COURT PEMBERTON 6260",
    "locID": "LOC100071999467",
    "tech": "NULL",
    "upgrade": "NULL_NA",
    "gnaf_pid": "GAWA_719044903",
    "ee": true,
    "tech_change_status": "Not Planned"
   }
  },
  {
   "type": "Feature",
   "geometry": {
    "type": "Point",
    "coordinates": [
     116.05389682,
     -34.44988797
    ]
   },
   "properties": {
    "name": "LOT 235 BURMA ROAD PEMBERTON 6260",
    "locID": "LOC000171621881",
    "tech": "FTTN",
    "upgrade": "NULL_NA",
    "gnaf_pid": "GAWA_719170641",
    "ee": true,
    "tech_change_status": "Not Planned"
   }
  },
  {
   "type": "Feature",
   "geometry": {
    "type": "Point",
    "coordinates": [
     116.04158766,
     -34.4485071
    ]
   },
   "properties": {
    "name": "UNIT 1, 19 KENNEDY STREET PEMBERTON 6260",
    "locID": "LOC000178811269",
    "tech": "FTTN",
    "upgrade": "FTTP",
    "gnaf_pid": "GAWA_719402526",
    "ee": true,
    "tech_change_status": "Eligible to Order"
   }
  },
  {
   "type": "Feature",
   "geometry": {
    "type": "Point",
    "coordinates": [
     116.04249221,
     -34.44611084
    ]
   },
   "properties": {
    "name": "58 GLEW STREET PEMBERTON 6260",
    "locID": "LOC000171623039",
    "tech": "FTTN",
    "upgrade": "NULL_NA",
    "gnaf_pid": "GAWA_719402895",
    "ee": true,
    "tech_change_status": "Not Planned"
   }
  },
  {
   "type": "Feature",
   "geometry": {
    "type": "Point",
    "coordinates": [
     116.04086839,
     -34.44632963
    ]
   },
   "properties": {
    "name": "16A WIDDESON STREET PEMBERTON 6260",
    "locID": "LOC000171625391",
    "tech": "FTTN",
    "upgrade": "NULL_NA",
    "gnaf_pid": "GAWA_719402934",
    "ee": true,
    "tech_change_status": "Not Planned"
   }
  },
  {
   "type": "Feature",
   "geometry": {
    "type": "Point",
    "coordinates": [
     116.04258367,
     -34.4475544
    ]
   },
   "properties": {
    "name": "27 WIDDESON STREET PEMBERTON 6260",
    "locID": "LOC000171625452",
    "tech": "FTTN",
    "upgrade": "NULL_NA",
    "gnaf_pid": "GAWA_719403042",
    "ee": true,
    "tech_change_status": "Not Planned"
   }
  },
  {
   "type": "Feature",
   "geometry": {
    "type": "Point",
    "coordinates": [
     116.04158766,
     -34.4485071
    ]
   },
   "properties": {
    "name": "UNIT 2, 19 KENNEDY STREET PEMBERTON 6260",
    "locID": "LOC100065693324",
    "tech": "FTTP",
    "upgrade": "NULL_NA",
    "gnaf_pid": "GAWA_719403154",
    "ee": true
   }
  },
  {
   "type": "Feature",
   "geometry": {
    "type": "Point",
    "coordinates": [
     116.04158766,
     -34.4485071
    ]
   },
   "properties": {
    "name": "UNIT 5, 19 KENNEDY STREET PEMBERTON 6260",
    "locID": "LOC000178811269",
    "tech": "FTTN",
    "upgrade": "FTTP",
    "gnaf_pid": "GAWA_719403155",
    "ee": true,
    "tech_change_status": "Eligible to Order"
   }
  },
  {
   "type": "Feature",
   "geometry": {
    "type": "Point",
    "coordinates": [
     116.04158766,
     -34.4485071
    ]
   },
   "properties": {
    "name": "UNIT 3, 19 KENNEDY STREET PEMBERTON 6260",
    "locID": "LOC100065693330",
    "tech": "FTTP",
    "upgrade": "NULL_NA",
    "gnaf_pid": "GAWA_719403172",
    "ee": true
   }
  },
  {
   "type": "Feature",
   "geometry": {
    "type": "Point",
    "coordinates": [
     116.04086839,
     -34.44632963
    ]
   },
   "properties": {
    "name": "16 WIDDESON STREET PEMBERTON 6260",
    "locID": "LOC000171625391",
    "tech": "FTTN",
    "upgrade": "NULL_NA",
    "gnaf_pid": "GAWA_719403394",
    "ee": true,
    "tech_change_status": "Not Planned"
   }
  },
  {
   "type": "Feature",
   "geometry": {
    "type": "Point",
    "coordinates": [
     116.04158766,
     -34.4485071
    ]
   },
   "properties": {
    "name": "UNIT 12, 19 KENNEDY STREET PEMBERTON 6260",
    "locID": "LOC000179956428",
    "tech": "FTTN",
    "upgrade": "FTTP",
    "gnaf_pid": "GAWA_719403508",
    "ee": true,
    "tech_change_status": "Eligible to Order"
   }
  },
  {
   "type": "Feature",
   "geometry": {
    "type": "Point",
    "coordinates": [
     116.04021073,
     -34.45057998
    ]
   },
   "properties": {
    "name": "4 KENNEDY STREET PEMBERTON 6260",
    "locID": "LOC000171623733",
    "tech": "FTTN",
    "upgrade": "NULL_NA",
    "gnaf_pid": "GAWA_719403509",
    "ee": true,
    "tech_change_status": "Not Planned"
   }
  },
  {
   "type": "Feature",
   "geometry": {
    "type": "Point",
    "coordinates": [
     116.04158766,
     -34.4485071
    ]
   },
   "properties": {
    "name": "UNIT 10, 19 KENNEDY STREET PEMBERTON 6260",
    "locID": "LOC000014518372",
    "tech": "FTTP",
    "upgrade": "NULL_NA",
    "gnaf_pid": "GAWA_719403536",
    "ee": true
   }
  },
  {
   "type": "Feature",
   "geometry": {
    "type": "Point",
    "coordinates": [
     116.04158766,
     -34.4485071
    ]
   },
   "properties": {
    "name": "UNIT 7, 19 KENNEDY STREET PEMBERTON 6260",
    "locID": "LOC000014518372",
    "tech": "FTTP",
    "upgrade": "NULL_NA",
    "gnaf_pid": "GAWA_719403802",
    "ee": true
   }
  },
  {
   "type": "Feature",
   "geometry": {
    "type": "Point",
    "coordinates": [
     116.0425075,
     -34.44910188
    ]
   },
   "properties": {
    "name": "24 KENNEDY STREET PEMBERTON 6260",
    "locID": "LOC000171623590",
    "tech": "FTTN",
    "upgrade": "FTTP",
    "gnaf_pid": "GAWA_719403919",
    "ee": true,
    "tech_change_status": "Eligible to Order"
   }
  },
  {
   "type": "Feature",
   "geometry": {
    "type": "Point",
    "coordinates": [
     116.04192767,
     -34.4467418
    ]
   },
   "properties": {
    "name": "19 WIDDESON STREET PEMBERTON 6260",
    "locID": "LOC000171625410",
    "tech": "FTTN",
    "upgrade": "NULL_NA",
    "gnaf_pid": "GAWA_719404054",
    "ee": true,
    "tech_change_status": "Not Planned"
   }
  },
  {
   "type": "Feature",
   "geometry": {
    "type": "Point",
    "coordinates": [
     116.04242002,
     -34.44736172
    ]
   },
   "properties": {
    "name": "25 WIDDESON STREET PEMBERTON 6260",
    "locID": "LOC000171625447",
    "tech": "FTTN",
    "upgrade": "NULL_NA",
    "gnaf_pid": "GAWA_719404055",
    "ee": true,
    "tech_change_status": "Not Planned"
   }
  },
  {
   "type": "Feature",
   "geometry": {
    "type": "Point",
    "coordinates": [
     116.04228429,
     -34.44821416
    ]
   },
   "properties": {
    "name": "34 WIDDESON STREET PEMBERTON 6260",
    "locID": "LOC000171625499",
    "tech": "FTTP",
    "upgrade": "NULL_NA",
    "gnaf_pid": "GAWA_719404056",
    "ee": true,
    "tech_change_status": "Eligible to Order"
   }
  },
  {
   "type": "Feature",
   "geometry": {
    "type": "Point",
    "coordinates": [
     116.04228094,
     -34.44923405
    ]
   },
   "properties": {
    "name": "22 KENNEDY STREET PEMBERTON 6260",
    "locID": "LOC000171623561",
    "tech": "FTTN",
    "upgrade": "FTTP",
    "gnaf_pid": "GAWA_719404187",
    "ee": true,
    "tech_change_status": "Eligible to Order"
   }
  },
  {
   "type": "Feature",
   "geometry": {
    "type": "Point",
    "coordinates": [
     116.04411386,
     -34.4485156
    ]
   },
   "properties": {
    "name": "30 KENNEDY STREET PEMBERTON 6260",
    "locID": "LOC000171623705",
    "tech": "FTTN",
    "upgrade": "NULL_NA",
    "gnaf_pid": "GAWA_719404211",
    "ee": true,
    "tech_change_status": "Not Planned"
   }
  },
  {
   "type": "Feature",
   "geometry": {
    "type": "Point",
    "coordinates": [
     116.04204621,
     -34.44689938
    ]
   },
   "properties": {
    "name": "21 WIDDESON STREET PEMBERTON 6260",
    "locID": "LOC000171625423",
    "tech": "FTTN",
    "upgrade": "NULL_NA",
    "gnaf_pid": "GAWA_719404240",
    "ee": true,
    "tech_change_status": "Not Planned"
   }
  },
  {
   "type": "Feature",
   "geometry": {
    "type": "Point",
    "coordinates": [
     116.04296389,
     -34.44884502
    ]
   },
   "properties": {
    "name": "28 KENNEDY STREET PEMBERTON 6260",
    "locID": "LOC000171623672",
    "tech": "FTTN",
    "upgrade": "NULL_NA",
    "gnaf_pid": "GAWA_719404241",
    "ee": true,
    "tech_change_status": "Not Planned"
   }
  },
  {
   "type": "Feature",
   "geometry": {
    "type": "Point",
    "coordinates": [
     116.04205433,
     -34.44936622
    ]
   },
   "properties": {
    "name": "20 KENNEDY STREET PEMBERTON 6260",
    "locID": "LOC000171623526",
    "tech": "FTTP",
    "upgrade": "NULL_NA",
    "gnaf_pid": "GAWA_719404242",
    "ee": true
   }
  },
  {
   "type": "Feature",
   "geometry": {
    "type": "Point",
    "coordinates": [
     116.04158766,
     -34.4485071
    ]
   },
   "properties": {
    "name": "UNIT 9, 19 KENNEDY STREET PEMBERTON 6260",
    "locID": "LOC000014518372",
    "tech": "FTTP",
    "upgrade": "NULL_NA",
    "gnaf_pid": "GAWA_719404456",
    "ee": true
   }
  },
  {
   "type": "Feature",
   "geometry": {
    "type": "Point",
    "coordinates": [
     116.04158766,
     -34.4485071
    ]
   },
   "properties": {
    "name": "UNIT 4, 19 KENNEDY STREET PEMBERTON 6260",
    "locID": "LOC100065693348",
    "tech": "FTTP",
    "upgrade": "NULL_NA",
    "gnaf_pid": "GAWA_719404503",
    "ee": true
   }
  },
  {
   "type": "Feature",
   "geometry": {
    "type": "Point",
    "coordinates": [
     116.04158766,
     -34.4485071
    ]
   },
   "properties": {
    "name": "UNIT 8, 19 KENNEDY STREET PEMBERTON 6260",
    "locID": "LOC100065693353",
    "tech": "FTTP",
    "upgrade": "NULL_NA",
    "gnaf_pid": "GAWA_719404504",
    "ee": true
   }
  },
  {
   "type": "Feature",
   "geometry": {
    "type": "Point",
    "coordinates": [
     116.04227533,
     -34.44718471
    ]
   },
   "properties": {
    "name": "23 WIDDESON STREET PEMBERTON 6260",
    "locID": "LOC000171625434",
    "tech": "FTTN",
    "upgrade": "NULL_NA",
    "gnaf_pid": "GAWA_719404790",
    "ee": true,
    "tech_change_status": "Not Planned"
   }
  },
  {
   "type": "Feature",
   "geometry": {
    "type": "Point",
    "coordinates": [
     116.042109,
     -34.44633354
    ]
   },
   "properties": {
    "name": "54 GLEW STREET PEMBERTON 6260",
    "locID": "LOC000171623002",
    "tech": "FTTN",
    "upgrade": "NULL_NA",
    "gnaf_pid": "GAWA_719404830",
    "ee": true,
    "tech_change_status": "Not Planned"
   }
  },
  {
   "type": "Feature",
   "geometry": {
    "type": "Point",
    "coordinates": [
     116.04086839,
     -34.44632963
    ]
   },
   "properties": {
    "name": "16C WIDDESON STREET PEMBERTON 6260",
    "locID": "LOC000171625406",
    "tech": "FTTN",
    "upgrade": "NULL_NA",
    "gnaf_pid": "GAWA_719405325",
    "ee": true,
    "tech_change_status": "Not Planned"
   }
  },
  {
   "type": "Feature",
   "geometry": {
    "type": "Point",
    "coordinates": [
     116.04158766,
     -34.4485071
    ]
   },
   "properties": {
    "name": "UNIT 6, 19 KENNEDY STREET PEMBERTON 6260",
    "locID": "LOC100065693369",
    "tech": "FTTP",
    "upgrade": "NULL_NA",
    "gnaf_pid": "GAWA_719405479",
    "ee": true
   }
  },
  {
   "type": "Feature",
   "geometry": {
    "type": "Point",
    "coordinates": [
     116.04273406,
     -34.44896974
    ]
   },
   "properties": {
    "name": "26 KENNEDY STREET PEMBERTON 6260",
    "locID": "LOC000171623638",
    "tech": "FTTN",
    "upgrade": "FTTP",
    "gnaf_pid": "GAWA_719405935",
    "ee": true,
    "tech_change_status": "Eligible to Order"
   }
  },
  {
   "type": "Feature",
   "geometry": {
    "type": "Point",
    "coordinates": [
     116.04158766,
     -34.4485071
    ]
   },
   "properties": {
    "name": "UNIT 11, 19 KENNEDY STREET PEMBERTON 6260",
    "locID": "LOC000014518372",
    "tech": "FTTP",
    "upgrade": "NULL_NA",
    "gnaf_pid": "GAWA_719406240",
    "ee": true
   }
  },
  {
   "type": "Feature",
   "geometry": {
    "type": "Point",
    "coordinates": [
     116.04288078,
     -34.44588077
    ]
   },
   "properties": {
    "name": "60 GLEW STREET PEMBERTON 6260",
    "locID": "LOC000171623060",
    "tech": "FTTN",
    "upgrade": "NULL_NA",
    "gnaf_pid": "GAWA_719406597",
    "ee": true,
    "tech_change_status": "Not Planned"
   }
  },
  {
   "type": "Feature",
   "geometry": {
    "type": "Point",
    "coordinates": [
     116.04179564,
     -34.44951514
    ]
   },
   "properties": {
    "name": "18 KENNEDY STREET PEMBERTON 6260",
    "locID": "LOC000171623503",
    "tech": "FTTN",
    "upgrade": "FTTP",
    "gnaf_pid": "GAWA_719406598",
    "ee": true,
    "tech_change_status": "Eligible to Order"
   }
  },
  {
   "type": "Feature",
   "geometry": {
    "type": "Point",
    "coordinates": [
     116.0433857,
     -34.44756813
    ]
   },
   "properties": {
    "name": "25 KENNEDY STREET PEMBERTON 6260",
    "locID": "LOC000107937681",
    "tech": "FTTN",
    "upgrade": "NULL_NA",
    "gnaf_pid": "GAWA_719406599",
    "ee": true,
    "tech_change_status": "Not Planned"
   }
  },
  {
   "type": "Feature",
   "geometry": {
    "type": "Point",
    "coordinates": [
     116.03261348,
     -34.45100168
    ]
   },
   "properties": {
    "name": "3 CAREY STREET PEMBERTON 6260",
    "locID": "LOC100022366403",
    "tech": "FTTN",
    "upgrade": "NULL_NA",
    "gnaf_pid": "GAWA_719501701",
    "ee": true,
    "tech_change_status": "Not Planned"
   }
  },
  {
   "type": "Feature",
   "geometry": {
    "type": "Point",
    "coordinates": [
     116.04115305,
     -34.4486441
    ]
   },
   "properties": {
    "name": "51A ROBINSON STREET PEMBERTON 6260",
    "locID": "LOC000171624927",
    "tech": "FTTP",
    "upgrade": "NULL_NA",
    "gnaf_pid": "GAWA_719648274",
    "ee": true
   }
  },
  {
   "type": "Feature",
   "geometry": {
    "type": "Point",
    "coordinates": [
     116.03323049,
     -34.44604036
    ]
   },
   "properties": {
    "name": "34 BROCKMAN STREET PEMBERTON 6260",
    "locID": "LOC000133203315",
    "tech": "FTTN",
    "upgrade": "NULL_NA",
    "gnaf_pid": "GAWA_719648367",
    "ee": true,
    "tech_change_status": "Not Planned"
   }
  },
  {
   "type": "Feature",
   "geometry": {
    "type": "Point",
    "coordinates": [
     116.05389682,
     -34.44988797
    ]
   },
   "properties": {
    "name": "LOT 244 BURMA ROAD PEMBERTON 6260",
    "locID": "LOC000171621950",
    "tech": "FTTN",
    "upgrade": "NULL_NA",
    "gnaf_pid": "GAWA_719681411",
    "ee": true,
    "tech_change_status": "Not Planned"
   }
  },
  {
   "type": "Feature",
   "geometry": {
    "type": "Point",
    "coordinates": [
     116.03176426,
     -34.44506726
    ]
   },
   "properties": {
    "name": "12 RAILWAY CRESCENT PEMBERTON 6260",
    "locID": "LOC000171624106",
    "tech": "FTTN",
    "upgrade": "NULL_NA",
    "gnaf_pid": "GAWA_719779683",
    "ee": true,
    "tech_change_status": "Not Planned"
   }
  },
  {
   "type": "Feature",
   "geometry": {
    "type": "Point",
    "coordinates": [
     116.05785197,
     -34.43666682
    ]
   },
   "properties": {
    "name": "2 PLACKETT DRIVE PEMBERTON 6260",
    "locID": "LOC100079389483",
    "tech": "NULL",
    "upgrade": "NULL_NA",
    "gnaf_pid": "GAWA_719857166",
    "ee": true,
    "tech_change_status": "Not Planned"
   }
  },
  {
   "type": "Feature",
   "geometry": {
    "type": "Point",
    "coordinates": [
     116.02876979,
     -34.44447985
    ]
   },
   "properties": {
    "name": "29 SWIMMING POOL ROAD PEMBERTON 6260",
    "locID": "LOC100076747830",
    "tech": "FTTN",
    "upgrade": "NULL_NA",
    "gnaf_pid": "GAWA_719857973",
    "ee": true,
    "tech_change_status": "Not Planned"
   }
  },
  {
   "type": "Feature",
   "geometry": {
    "type": "Point",
    "coordinates": [
     116.04401869,
     -34.44402155
    ]
   },
   "properties": {
    "name": "73 GLEW STREET PEMBERTON 6260",
    "locID": "LOC000171622801",
    "tech": "FTTN",
    "upgrade": "NULL_NA",
    "gnaf_pid": "GAWA_719967453",
    "ee": true,
    "tech_change_status": "Not Planned"
   }
  },
  {
   "type": "Feature",
   "geometry": {
    "type": "Point",
    "coordinates": [
     116.0433932,
     -34.44446428
    ]
   },
   "properties": {
    "name": "69 GLEW STREET PEMBERTON 6260",
    "locID": "LOC000171622838",
    "tech": "FTTN",
    "upgrade": "NULL_NA",
    "gnaf_pid": "GAWA_719968766",
    "ee": true,
    "tech_change_status": "Not Planned"
   }
  },
  {
   "type": "Feature",
   "geometry": {
    "type": "Point",
    "coordinates": [
     116.03935838,
     -34.44931566
    ]
   },
   "properties": {
    "name": "49 ELLIS STREET PEMBERTON 6260",
    "locID": "LOC000171622665",
    "tech": "FTTN",
    "upgrade": "NULL_NA",
    "gnaf_pid": "GAWA_720276865",
    "ee": true,
    "tech_change_status": "Not Planned"
   }
  },
  {
   "type": "Feature",
   "geometry": {
    "type": "Point",
    "coordinates": [
     116.0391598,
     -34.44912043
    ]
   },
   "properties": {
    "name": "47 ELLIS STREET PEMBERTON 6260",
    "locID": "LOC000090817183",
    "tech": "FTTN",
    "upgrade": "NULL_NA",
    "gnaf_pid": "GAWA_720276918",
    "ee": true,
    "tech_change_status": "Not Planned"
   }
  },
  {
   "type": "Feature",
   "geometry": {
    "type": "Point",
    "coordinates": [
     116.03840329,
     -34.44933063
    ]
   },
   "properties": {
    "name": "44 ELLIS STREET PEMBERTON 6260",
    "locID": "LOC000024514148",
    "tech": "FTTN",
    "upgrade": "NULL_NA",
    "gnaf_pid": "GAWA_720277867",
    "ee": true,
    "tech_change_status": "Not Planned"
   }
  },
  {
   "type": "Feature",
   "geometry": {
    "type": "Point",
    "coordinates": [
     116.03835137,
     -34.44994826
    ]
   },
   "properties": {
    "name": "46 ELLIS STREET PEMBERTON 6260",
    "locID": "LOC100066309582",
    "tech": "FTTN",
    "upgrade": "NULL_NA",
    "gnaf_pid": "GAWA_720278101",
    "ee": true,
    "tech_change_status": "Not Planned"
   }
  },
  {
   "type": "Feature",
   "geometry": {
    "type": "Point",
    "coordinates": [
     116.03905156,
     -34.45034164
    ]
   },
   "properties": {
    "name": "52 ELLIS STREET PEMBERTON 6260",
    "locID": "LOC000087494203",
    "tech": "FTTN",
    "upgrade": "NULL_NA",
    "gnaf_pid": "GAWA_720278775",
    "ee": true,
    "tech_change_status": "Not Planned"
   }
  },
  {
   "type": "Feature",
   "geometry": {
    "type": "Point",
    "coordinates": [
     116.03917748,
     -34.44855102
    ]
   },
   "properties": {
    "name": "43 ELLIS STREET PEMBERTON 6260",
    "locID": "LOC000064329433",
    "tech": "FTTN",
    "upgrade": "NULL_NA",
    "gnaf_pid": "GAWA_720278837",
    "ee": true,
    "tech_change_status": "Not Planned"
   }
  },
  {
   "type": "Feature",
   "geometry": {
    "type": "Point",
    "coordinates": [
     116.03851825,
     -34.44835106
    ]
   },
   "properties": {
    "name": "37 ELLIS STREET PEMBERTON 6260",
    "locID": "LOC000002999107",
    "tech": "FTTN",
    "upgrade": "NULL_NA",
    "gnaf_pid": "GAWA_720278962",
    "ee": true,
    "tech_change_status": "Not Planned"
   }
  },
  {
   "type": "Feature",
   "geometry": {
    "type": "Point",
    "coordinates": [
     116.03557631,
     -34.44505376
    ]
   },
   "properties": {
    "name": "5 ELLIS STREET PEMBERTON 6260",
    "locID": "LOC000171622696",
    "tech": "FTTN",
    "upgrade": "NULL_NA",
    "gnaf_pid": "GAWA_720279566",
    "ee": true,
    "tech_change_status": "Not Planned"
   }
  },
  {
   "type": "Feature",
   "geometry": {
    "type": "Point",
    "coordinates": [
     116.03835137,
     -34.44994826
    ]
   },
   "properties": {
    "name": "UNIT 4, 46 ELLIS STREET PEMBERTON 6260",
    "locID": "LOC100066309582",
    "tech": "FTTN",
    "upgrade": "NULL_NA",
    "gnaf_pid": "GAWA_720299244",
    "ee": true,
    "tech_change_status": "Not Planned"
   }
  },
  {
   "type": "Feature",
   "geometry": {
    "type": "Point",
    "coordinates": [
     116.03835137,
     -34.44994826
    ]
   },
   "properties": {
    "name": "UNIT 3, 46 ELLIS STREET PEMBERTON 6260",
    "locID": "LOC100066309582",
    "tech": "FTTN",
    "upgrade": "NULL_NA",
    "gnaf_pid": "GAWA_720299346",
    "ee": true,
    "tech_change_status": "Not Planned"
   }
  },
  {
   "type": "Feature",
   "geometry": {
    "type": "Point",
    "coordinates": [
     116.03835137,
     -34.44994826
    ]
   },
   "properties": {
    "name": "UNIT 1, 46 ELLIS STREET PEMBERTON 6260",
    "locID": "LOC100066309582",
    "tech": "FTTN",
    "upgrade": "NULL_NA",
    "gnaf_pid": "GAWA_720299562",
    "ee": true,
    "tech_change_status": "Not Planned"
   }
  },
  {
   "type": "Feature",
   "geometry": {
    "type": "Point",
    "coordinates": [
     116.03835137,
     -34.44994826
    ]
   },
   "properties": {
    "name": "UNIT 2, 46 ELLIS STREET PEMBERTON 6260",
    "locID": "LOC100066309582",
    "tech": "FTTN",
    "upgrade": "NULL_NA",
    "gnaf_pid": "GAWA_720299779",
    "ee": true,
    "tech_change_status": "Not Planned"
   }
  },
  {
   "type": "Feature",
   "geometry": {
    "type": "Point",
    "coordinates": [
     116.03304768,
     -34.44458362
    ]
   },
   "properties": {
    "name": "UNIT 11, 9 DOC RYAN CLOSE PEMBERTON 6260",
    "locID": "LOC000184209436",
    "tech": "FTTN",
    "upgrade": "NULL_NA",
    "gnaf_pid": "GAWA_720409018",
    "ee": true,
    "tech_change_status": "Not Planned"
   }
  },
  {
   "type": "Feature",
   "geometry": {
    "type": "Point",
    "coordinates": [
     116.03400116,
     -34.44447539
    ]
   },
   "properties": {
    "name": "6 DOC RYAN CLOSE PEMBERTON 6260",
    "locID": "LOC000178698356",
    "tech": "FTTN",
    "upgrade": "NULL_NA",
    "gnaf_pid": "GAWA_720409796",
    "ee": true,
    "tech_change_status": "Not Planned"
   }
  },
  {
   "type": "Feature",
   "geometry": {
    "type": "Point",
    "coordinates": [
     116.03304768,
     -34.44458362
    ]
   },
   "properties": {
    "name": "UNIT 9, 9 DOC RYAN CLOSE PEMBERTON 6260",
    "locID": "LOC000188034905",
    "tech": "FTTN",
    "upgrade": "NULL_NA",
    "gnaf_pid": "GAWA_720410193",
    "ee": true,
    "tech_change_status": "Not Planned"
   }
  },
  {
   "type": "Feature",
   "geometry": {
    "type": "Point",
    "coordinates": [
     116.03304768,
     -34.44458362
    ]
   },
   "properties": {
    "name": "UNIT 1, 9 DOC RYAN CLOSE PEMBERTON 6260",
    "locID": "LOC000188034905",
    "tech": "FTTN",
    "upgrade": "NULL_NA",
    "gnaf_pid": "GAWA_720411307",
    "ee": true,
    "tech_change_status": "Not Planned"
   }
  },
  {
   "type": "Feature",
   "geometry": {
    "type": "Point",
    "coordinates": [
     116.03304768,
     -34.44458362
    ]
   },
   "properties": {
    "name": "UNIT 12, 9 DOC RYAN CLOSE PEMBERTON 6260",
    "locID": "LOC000188034905",
    "tech": "FTTN",
    "upgrade": "NULL_NA",
    "gnaf_pid": "GAWA_720411759",
    "ee": true,
    "tech_change_status": "Not Planned"
   }
  },
  {
   "type": "Feature",
   "geometry": {
    "type": "Point",
    "coordinates": [
     116.03304768,
     -34.44458362
    ]
   },
   "properties": {
    "name": "9 DOC RYAN CLOSE PEMBERTON 6260",
    "locID": "LOC100019719616",
    "tech": "FTTN",
    "upgrade": "NULL_NA",
    "gnaf_pid": "GAWA_720411815",
    "ee": true,
    "tech_change_status": "Not Planned"
   }
  },
  {
   "type": "Feature",
   "geometry": {
    "type": "Point",
    "coordinates": [
     116.03304768,
     -34.44458362
    ]
   },
   "properties": {
    "name": "UNIT 6, 9 DOC RYAN CLOSE PEMBERTON 6260",
    "locID": "LOC000188034905",
    "tech": "FTTN",
    "upgrade": "NULL_NA",
    "gnaf_pid": "GAWA_720413527",
    "ee": true,
    "tech_change_status": "Not Planned"
   }
  },
  {
   "type": "Feature",
   "geometry": {
    "type": "Point",
    "coordinates": [
     116.02980105,
     -34.44796382
    ]
   },
   "properties": {
    "name": "10 BROCKMAN STREET PEMBERTON 6260",
    "locID": "LOC000171621712",
    "tech": "FTTN",
    "upgrade": "NULL_NA",
    "gnaf_pid": "GAWA_720562366",
    "ee": true,
    "tech_change_status": "Not Planned"
   }
  },
  {
   "type": "Feature",
   "geometry": {
    "type": "Point",
    "coordinates": [
     116.04706165,
     -34.4272097
    ]
   },
   "properties": {
    "name": "270 GOLF LINKS ROAD PEMBERTON 6260",
    "locID": "LOC100086638532",
    "tech": "NULL",
    "upgrade": "NULL_NA",
    "gnaf_pid": "GAWA_720819073",
    "ee": true,
    "tech_change_status": "Not Planned"
   }
  },
  {
   "type": "Feature",
   "geometry": {
    "type": "Point",
    "coordinates": [
     116.03387589,
     -34.44385837
    ]
   },
   "properties": {
    "name": "9 HEPPLE PLACE PEMBERTON 6260",
    "locID": "LOC000171623143",
    "tech": "FTTN",
    "upgrade": "NULL_NA",
    "gnaf_pid": "GAWA_721105351",
    "ee": true,
    "tech_change_status": "Not Planned"
   }
  },
  {
   "type": "Feature",
   "geometry": {
    "type": "Point",
    "coordinates": [
     116.03408913,
     -34.44410615
    ]
   },
   "properties": {
    "name": "7 HEPPLE PLACE PEMBERTON 6260",
    "locID": "LOC000171623170",
    "tech": "FTTN",
    "upgrade": "NULL_NA",
    "gnaf_pid": "GAWA_721105663",
    "ee": true,
    "tech_change_status": "Not Planned"
   }
  },
  {
   "type": "Feature",
   "geometry": {
    "type": "Point",
    "coordinates": [
     116.03426977,
     -34.44431849
    ]
   },
   "properties": {
    "name": "5 HEPPLE PLACE PEMBERTON 6260",
    "locID": "LOC000171623127",
    "tech": "FTTN",
    "upgrade": "NULL_NA",
    "gnaf_pid": "GAWA_721105727",
    "ee": true,
    "tech_change_status": "Not Planned"
   }
  },
  {
   "type": "Feature",
   "geometry": {
    "type": "Point",
    "coordinates": [
     116.03435512,
     -34.44465394
    ]
   },
   "properties": {
    "name": "61 BROCKMAN STREET PEMBERTON 6260",
    "locID": "LOC000191386631",
    "tech": "FTTP",
    "upgrade": "NULL_NA",
    "gnaf_pid": "GAWA_721105771",
    "ee": true
   }
  },
  {
   "type": "Feature",
   "geometry": {
    "type": "Point",
    "coordinates": [
     116.02982211,
     -34.44709023
    ]
   },
   "properties": {
    "name": "4 BROCKMAN STREET PEMBERTON 6260",
    "locID": "LOC000183770764",
    "tech": "FTTN",
    "upgrade": "NULL_NA",
    "gnaf_pid": "GAWA_721196487",
    "ee": true,
    "tech_change_status": "Not Planned"
   }
  },
  {
   "type": "Feature",
   "geometry": {
    "type": "Point",
    "coordinates": [
     116.04490192,
     -34.44855321
    ]
   },
   "properties": {
    "name": "10 BURMA ROAD PEMBERTON 6260",
    "locID": "LOC000111567364",
    "tech": "FTTN",
    "upgrade": "NULL_NA",
    "gnaf_pid": "GAWA_721345353",
    "ee": true,
    "tech_change_status": "Not Planned"
   }
  },
  {
   "type": "Feature",
   "geometry": {
    "type": "Point",
    "coordinates": [
     116.0447987,
     -34.44826421
    ]
   },
   "properties": {
    "name": "6 BURMA ROAD PEMBERTON 6260",
    "locID": "LOC000192172089",
    "tech": "FTTP",
    "upgrade": "NULL_NA",
    "gnaf_pid": "GAWA_721346702",
    "ee": true
   }
  },
  {
   "type": "Feature",
   "geometry": {
    "type": "Point",
    "coordinates": [
     116.03211753,
     -34.44587234
    ]
   },
   "properties": {
    "name": "29 BROCKMAN STREET PEMBERTON 6260",
    "locID": "LOC000171621823",
    "tech": "FTTN",
    "upgrade": "NULL_NA",
    "gnaf_pid": "GAWA_721529906",
    "ee": true,
    "tech_change_status": "Not Planned"
   }
  }
 ]
}