{
 "type": "FeatureCollection",
 "generated": "2025-06-15T12:46:04.550565",
 "suburb": "EDITHBURGH",
 "features": [
  {
   "type": "Feature",
   "geometry": {
    "type": "Point",
    "coordinates": [
     137.73945333,
     -35.07262222
    ]
   },
   "properties": {
    "name": "LOT 31 PERRY STREET EDITHBURGH 5583",
    "locID": "LOC100087516358",
    "tech": "WIRELESS",
    "upgrade": "NULL_NA",
    "gnaf_pid": "GASA_414932846",
    "ee": true,
    "tech_change_status": "Not Planned",
    "program_type": "Fixed Wireless and Satellite Upgrade Program",
    "target_eligibility_quarter": "NA"
   }
  },
  {
   "type": "Feature",
   "geometry": {
    "type": "Point",
    "coordinates": [
     137.74396938,
     -35.092269
    ]
   },
   "properties": {
    "name": "6 TUNA AVENUE EDITHBURGH 5583",
    "locID": "LOC000003529403",
    "tech": "WIRELESS",
    "upgrade": "NULL_NA",
    "gnaf_pid": "GASA_414935723",
    "ee": true,
    "tech_change_status": "Not Planned",
    "program_type": "Fixed Wireless and Satellite Upgrade Program",
    "target_eligibility_quarter": "NA"
   }
  },
  {
   "type": "Feature",
   "geometry": {
    "type": "Point",
    "coordinates": [
     137.74397151,
     -35.0924702
    ]
   },
   "properties": {
    "name": "4 TUNA AVENUE EDITHBURGH 5583",
    "locID": "LOC000105731655",
    "tech": "WIRELESS",
    "upgrade": "NULL_NA",
    "gnaf_pid": "GASA_414935724",
    "ee": true,
    "tech_change_status": "Not Planned",
    "program_type": "Fixed Wireless and Satellite Upgrade Program",
    "target_eligibility_quarter": "NA"
   }
  },
  {
   "type": "Feature",
   "geometry": {
    "type": "Point",
    "coordinates": [
     137.74391533,
     -35.09298858
    ]
   },
   "properties": {
    "name": "4 WHITING DRIVE EDITHBURGH 5583",
    "locID": "LOC000035306869",
    "tech": "WIRELESS",
    "upgrade": "NULL_NA",
    "gnaf_pid": "GASA_414935726",
    "ee": true,
    "tech_change_status": "Not Planned",
    "program_type": "Fixed Wireless and Satellite Upgrade Program",
    "target_eligibility_quarter": "NA"
   }
  },
  {
   "type": "Feature",
   "geometry": {
    "type": "Point",
    "coordinates": [
     137.74452495,
     -35.09347915
    ]
   },
   "properties": {
    "name": "1 WHITING DRIVE EDITHBURGH 5583",
    "locID": "LOC000074043184",
    "tech": "WIRELESS",
    "upgrade": "NULL_NA",
    "gnaf_pid": "GASA_414935727",
    "ee": true,
    "tech_change_status": "Not Planned",
    "program_type": "Fixed Wireless and Satellite Upgrade Program",
    "target_eligibility_quarter": "NA"
   }
  },
  {
   "type": "Feature",
   "geometry": {
    "type": "Point",
    "coordinates": [
     137.74426776,
     -35.09267
    ]
   },
   "properties": {
    "name": "3 SCHNAPPER COURT EDITHBURGH 5583",
    "locID": "LOC000009308193",
    "tech": "WIRELESS",
    "upgrade": "NULL_NA",
    "gnaf_pid": "GASA_414935728",
    "ee": true,
    "tech_change_status": "Not Planned",
    "program_type": "Fixed Wireless and Satellite Upgrade Program",
    "target_eligibility_quarter": "NA"
   }
  },
  {
   "type": "Feature",
   "geometry": {
    "type": "Point",
    "coordinates": [
     137.74428819,
     -35.09239149
    ]
   },
   "properties": {
    "name": "5 SCHNAPPER COURT EDITHBURGH 5583",
    "locID": "LOC000018649895",
    "tech": "WIRELESS",
    "upgrade": "NULL_NA",
    "gnaf_pid": "GASA_414935729",
    "ee": true,
    "tech_change_status": "Not Planned",
    "program_type": "Fixed Wireless and Satellite Upgrade Program",
    "target_eligibility_quarter": "NA"
   }
  },
  {
   "type": "Feature",
   "geometry": {
    "type": "Point",
    "coordinates": [
     137.74404963,
     -35.093481
    ]
   },
   "properties": {
    "name": "5 WHITING DRIVE EDITHBURGH 5583",
    "locID": "LOC000022456742",
    "tech": "WIRELESS",
    "upgrade": "NULL_NA",
    "gnaf_pid": "GASA_414937621",
    "ee": true,
    "tech_change_status": "Not Planned",
    "program_type": "Fixed Wireless and Satellite Upgrade Program",
    "target_eligibility_quarter": "NA"
   }
  },
  {
   "type": "Feature",
   "geometry": {
    "type": "Point",
    "coordinates": [
     137.74358263,
     -35.0934828
    ]
   },
   "properties": {
    "name": "9 WHITING DRIVE EDITHBURGH 5583",
    "locID": "LOC000131634335",
    "tech": "WIRELESS",
    "upgrade": "NULL_NA",
    "gnaf_pid": "GASA_414937623",
    "ee": true,
    "tech_change_status": "Not Planned",
    "program_type": "Fixed Wireless and Satellite Upgrade Program",
    "target_eligibility_quarter": "NA"
   }
  },
  {
   "type": "Feature",
   "geometry": {
    "type": "Point",
    "coordinates": [
     137.74334588,
     -35.0934838
    ]
   },
   "properties": {
    "name": "11 WHITING DRIVE EDITHBURGH 5583",
    "locID": "LOC000074043184",
    "tech": "WIRELESS",
    "upgrade": "NULL_NA",
    "gnaf_pid": "GASA_414937624",
    "ee": true,
    "tech_change_status": "Not Planned",
    "program_type": "Fixed Wireless and Satellite Upgrade Program",
    "target_eligibility_quarter": "NA"
   }
  },
  {
   "type": "Feature",
   "geometry": {
    "type": "Point",
    "coordinates": [
     137.74030006,
     -35.08162983
    ]
   },
   "properties": {
    "name": "8 PARK TERRACE EDITHBURGH 5583",
    "locID": "LOC000095259043",
    "tech": "WIRELESS",
    "upgrade": "NULL_NA",
    "gnaf_pid": "GASA_414946230",
    "ee": true,
    "tech_change_status": "Not Planned",
    "program_type": "Fixed Wireless and Satellite Upgrade Program",
    "target_eligibility_quarter": "NA"
   }
  },
  {
   "type": "Feature",
   "geometry": {
    "type": "Point",
    "coordinates": [
     137.74070948,
     -35.08631811
    ]
   },
   "properties": {
    "name": "9 PARK TERRACE EDITHBURGH 5583",
    "locID": "LOC100035780521",
    "tech": "WIRELESS",
    "upgrade": "NULL_NA",
    "gnaf_pid": "GASA_414946231",
    "ee": true,
    "tech_change_status": "Not Planned",
    "program_type": "Fixed Wireless and Satellite Upgrade Program",
    "target_eligibility_quarter": "NA"
   }
  },
  {
   "type": "Feature",
   "geometry": {
    "type": "Point",
    "coordinates": [
     137.74448388,
     -35.0810123
    ]
   },
   "properties": {
    "name": "1 ANSTEY TERRACE EDITHBURGH 5583",
    "locID": "LOC000025814894",
    "tech": "WIRELESS",
    "upgrade": "NULL_NA",
    "gnaf_pid": "GASA_414946633",
    "ee": true,
    "tech_change_status": "Not Planned",
    "program_type": "Fixed Wireless and Satellite Upgrade Program",
    "target_eligibility_quarter": "NA"
   }
  },
  {
   "type": "Feature",
   "geometry": {
    "type": "Point",
    "coordinates": [
     137.73778942,
     -35.08574051
    ]
   },
   "properties": {
    "name": "14 MARY STREET EDITHBURGH 5583",
    "locID": "LOC000051340869",
    "tech": "WIRELESS",
    "upgrade": "NULL_NA",
    "gnaf_pid": "GASA_414960376",
    "ee": true,
    "tech_change_status": "Not Planned",
    "program_type": "Fixed Wireless and Satellite Upgrade Program",
    "target_eligibility_quarter": "NA"
   }
  },
  {
   "type": "Feature",
   "geometry": {
    "type": "Point",
    "coordinates": [
     137.73884888,
     -35.0857365
    ]
   },
   "properties": {
    "name": "8 MARY STREET EDITHBURGH 5583",
    "locID": "LOC000109729766",
    "tech": "WIRELESS",
    "upgrade": "NULL_NA",
    "gnaf_pid": "GASA_414960379",
    "ee": true,
    "tech_change_status": "Not Planned",
    "program_type": "Fixed Wireless and Satellite Upgrade Program",
    "target_eligibility_quarter": "NA"
   }
  },
  {
   "type": "Feature",
   "geometry": {
    "type": "Point",
    "coordinates": [
     137.73919201,
     -35.0857352
    ]
   },
   "properties": {
    "name": "6 MARY STREET EDITHBURGH 5583",
    "locID": "LOC000030273286",
    "tech": "WIRELESS",
    "upgrade": "NULL_NA",
    "gnaf_pid": "GASA_414960380",
    "ee": true,
    "tech_change_status": "Not Planned",
    "program_type": "Fixed Wireless and Satellite Upgrade Program",
    "target_eligibility_quarter": "NA"
   }
  },
  {
   "type": "Feature",
   "geometry": {
    "type": "Point",
    "coordinates": [
     137.73953351,
     -35.085734
    ]
   },
   "properties": {
    "name": "4 MARY STREET EDITHBURGH 5583",
    "locID": "LOC000036759079",
    "tech": "WIRELESS",
    "upgrade": "NULL_NA",
    "gnaf_pid": "GASA_414960381",
    "ee": true,
    "tech_change_status": "Not Planned",
    "program_type": "Fixed Wireless and Satellite Upgrade Program",
    "target_eligibility_quarter": "NA"
   }
  },
  {
   "type": "Feature",
   "geometry": {
    "type": "Point",
    "coordinates": [
     137.73919638,
     -35.0865806
    ]
   },
   "properties": {
    "name": "5 MARY STREET EDITHBURGH 5583",
    "locID": "LOC000041382742",
    "tech": "WIRELESS",
    "upgrade": "NULL_NA",
    "gnaf_pid": "GASA_414960520",
    "ee": true,
    "tech_change_status": "Not Planned",
    "program_type": "Fixed Wireless and Satellite Upgrade Program",
    "target_eligibility_quarter": "NA"
   }
  },
  {
   "type": "Feature",
   "geometry": {
    "type": "Point",
    "coordinates": [
     137.73885551,
     -35.0865816
    ]
   },
   "properties": {
    "name": "7 MARY STREET EDITHBURGH 5583",
    "locID": "LOC000024271340",
    "tech": "WIRELESS",
    "upgrade": "NULL_NA",
    "gnaf_pid": "GASA_414960521",
    "ee": true,
    "tech_change_status": "Not Planned",
    "program_type": "Fixed Wireless and Satellite Upgrade Program",
    "target_eligibility_quarter": "NA"
   }
  },
  {
   "type": "Feature",
   "geometry": {
    "type": "Point",
    "coordinates": [
     137.73850838,
     -35.0865825
    ]
   },
   "properties": {
    "name": "9 MARY STREET EDITHBURGH 5583",
    "locID": "LOC000001874080",
    "tech": "WIRELESS",
    "upgrade": "NULL_NA",
    "gnaf_pid": "GASA_414960522",
    "ee": true,
    "tech_change_status": "Not Planned",
    "program_type": "Fixed Wireless and Satellite Upgrade Program",
    "target_eligibility_quarter": "NA"
   }
  },
  {
   "type": "Feature",
   "geometry": {
    "type": "Point",
    "coordinates": [
     137.73815738,
     -35.0865836
    ]
   },
   "properties": {
    "name": "11 MARY STREET EDITHBURGH 5583",
    "locID": "LOC000054158705",
    "tech": "WIRELESS",
    "upgrade": "NULL_NA",
    "gnaf_pid": "GASA_414960523",
    "ee": true,
    "tech_change_status": "Not Planned",
    "program_type": "Fixed Wireless and Satellite Upgrade Program",
    "target_eligibility_quarter": "NA"
   }
  },
  {
   "type": "Feature",
   "geometry": {
    "type": "Point",
    "coordinates": [
     137.73779313,
     -35.0865846
    ]
   },
   "properties": {
    "name": "13 MARY STREET EDITHBURGH 5583",
    "locID": "LOC000041020956",
    "tech": "WIRELESS",
    "upgrade": "NULL_NA",
    "gnaf_pid": "GASA_414960524",
    "ee": true,
    "tech_change_status": "Not Planned",
    "program_type": "Fixed Wireless and Satellite Upgrade Program",
    "target_eligibility_quarter": "NA"
   }
  },
  {
   "type": "Feature",
   "geometry": {
    "type": "Point",
    "coordinates": [
     137.73883763,
     -35.0851461
    ]
   },
   "properties": {
    "name": "11 GILLERTON TERRACE EDITHBURGH 5583",
    "locID": "LOC000016112143",
    "tech": "WIRELESS",
    "upgrade": "NULL_NA",
    "gnaf_pid": "GASA_414960525",
    "ee": true,
    "tech_change_status": "Not Planned",
    "program_type": "Fixed Wireless and Satellite Upgrade Program",
    "target_eligibility_quarter": "NA"
   }
  },
  {
   "type": "Feature",
   "geometry": {
    "type": "Point",
    "coordinates": [
     137.73742826,
     -35.0865856
    ]
   },
   "properties": {
    "name": "15 MARY STREET EDITHBURGH 5583",
    "locID": "LOC000057419422",
    "tech": "WIRELESS",
    "upgrade": "NULL_NA",
    "gnaf_pid": "GASA_414960526",
    "ee": true,
    "tech_change_status": "Not Planned",
    "program_type": "Fixed Wireless and Satellite Upgrade Program",
    "target_eligibility_quarter": "NA"
   }
  },
  {
   "type": "Feature",
   "geometry": {
    "type": "Point",
    "coordinates": [
     137.73706263,
     -35.0865866
    ]
   },
   "properties": {
    "name": "17 MARY STREET EDITHBURGH 5583",
    "locID": "LOC000049694105",
    "tech": "WIRELESS",
    "upgrade": "NULL_NA",
    "gnaf_pid": "GASA_414960527",
    "ee": true,
    "tech_change_status": "Not Planned",
    "program_type": "Fixed Wireless and Satellite Upgrade Program",
    "target_eligibility_quarter": "NA"
   }
  },
  {
   "type": "Feature",
   "geometry": {
    "type": "Point",
    "coordinates": [
     137.73592976,
     -35.086801
    ]
   },
   "properties": {
    "name": "13 GRACE STREET EDITHBURGH 5583",
    "locID": "LOC000051432894",
    "tech": "WIRELESS",
    "upgrade": "NULL_NA",
    "gnaf_pid": "GASA_414960528",
    "ee": true,
    "tech_change_status": "Not Planned",
    "program_type": "Fixed Wireless and Satellite Upgrade Program",
    "target_eligibility_quarter": "NA"
   }
  },
  {
   "type": "Feature",
   "geometry": {
    "type": "Point",
    "coordinates": [
     137.73574213,
     -35.085154
    ]
   },
   "properties": {
    "name": "27 GILLERTON TERRACE EDITHBURGH 5583",
    "locID": "LOC000073571073",
    "tech": "WIRELESS",
    "upgrade": "NULL_NA",
    "gnaf_pid": "GASA_414960529",
    "ee": true,
    "tech_change_status": "Not Planned",
    "program_type": "Fixed Wireless and Satellite Upgrade Program",
    "target_eligibility_quarter": "NA"
   }
  },
  {
   "type": "Feature",
   "geometry": {
    "type": "Point",
    "coordinates": [
     137.73850301,
     -35.0851472
    ]
   },
   "properties": {
    "name": "13 GILLERTON TERRACE EDITHBURGH 5583",
    "locID": "LOC100078122192",
    "tech": "WIRELESS",
    "upgrade": "NULL_NA",
    "gnaf_pid": "GASA_414960530",
    "ee": true,
    "tech_change_status": "Not Planned",
    "program_type": "Fixed Wireless and Satellite Upgrade Program",
    "target_eligibility_quarter": "NA"
   }
  },
  {
   "type": "Feature",
   "geometry": {
    "type": "Point",
    "coordinates": [
     137.73537501,
     -35.085155
    ]
   },
   "properties": {
    "name": "29 GILLERTON TERRACE EDITHBURGH 5583",
    "locID": "LOC000035099890",
    "tech": "WIRELESS",
    "upgrade": "NULL_NA",
    "gnaf_pid": "GASA_414960531",
    "ee": true,
    "tech_change_status": "Not Planned",
    "program_type": "Fixed Wireless and Satellite Upgrade Program",
    "target_eligibility_quarter": "NA"
   }
  },
  {
   "type": "Feature",
   "geometry": {
    "type": "Point",
    "coordinates": [
     137.73815013,
     -35.0851482
    ]
   },
   "properties": {
    "name": "15 GILLERTON TERRACE EDITHBURGH 5583",
    "locID": "LOC000131777128",
    "tech": "WIRELESS",
    "upgrade": "NULL_NA",
    "gnaf_pid": "GASA_414960532",
    "ee": true,
    "tech_change_status": "Not Planned",
    "program_type": "Fixed Wireless and Satellite Upgrade Program",
    "target_eligibility_quarter": "NA"
   }
  },
  {
   "type": "Feature",
   "geometry": {
    "type": "Point",
    "coordinates": [
     137.74525777,
     -35.08229702
    ]
   },
   "properties": {
    "name": "10 BLANCHE STREET EDITHBURGH 5583",
    "locID": "LOC000082656066",
    "tech": "WIRELESS",
    "upgrade": "NULL_NA",
    "gnaf_pid": "GASA_414968850",
    "ee": true,
    "tech_change_status": "Not Planned",
    "program_type": "Fixed Wireless and Satellite Upgrade Program",
    "target_eligibility_quarter": "NA"
   }
  },
  {
   "type": "Feature",
   "geometry": {
    "type": "Point",
    "coordinates": [
     137.74667538,
     -35.0810435
    ]
   },
   "properties": {
    "name": "2 GILES TERRACE EDITHBURGH 5583",
    "locID": "LOC000044988035",
    "tech": "WIRELESS",
    "upgrade": "NULL_NA",
    "gnaf_pid": "GASA_414969374",
    "ee": true,
    "tech_change_status": "Not Planned",
    "program_type": "Fixed Wireless and Satellite Upgrade Program",
    "target_eligibility_quarter": "NA"
   }
  },
  {
   "type": "Feature",
   "geometry": {
    "type": "Point",
    "coordinates": [
     137.74696961,
     -35.08095558
    ]
   },
   "properties": {
    "name": "1 O'HALLORAN PARADE EDITHBURGH 5583",
    "locID": "LOC000057341646",
    "tech": "WIRELESS",
    "upgrade": "NULL_NA",
    "gnaf_pid": "GASA_414969375",
    "ee": true,
    "tech_change_status": "Not Planned",
    "program_type": "Fixed Wireless and Satellite Upgrade Program",
    "target_eligibility_quarter": "NA"
   }
  },
  {
   "type": "Feature",
   "geometry": {
    "type": "Point",
    "coordinates": [
     137.74699558,
     -35.08114454
    ]
   },
   "properties": {
    "name": "2 O'HALLORAN PARADE EDITHBURGH 5583",
    "locID": "LOC000039271688",
    "tech": "WIRELESS",
    "upgrade": "NULL_NA",
    "gnaf_pid": "GASA_414969376",
    "ee": true,
    "tech_change_status": "Not Planned",
    "program_type": "Fixed Wireless and Satellite Upgrade Program",
    "target_eligibility_quarter": "NA"
   }
  },
  {
   "type": "Feature",
   "geometry": {
    "type": "Point",
    "coordinates": [
     137.73778588,
     -35.0851495
    ]
   },
   "properties": {
    "name": "17 GILLERTON TERRACE EDITHBURGH 5583",
    "locID": "LOC000095499345",
    "tech": "WIRELESS",
    "upgrade": "NULL_NA",
    "gnaf_pid": "GASA_414971945",
    "ee": true,
    "tech_change_status": "Not Planned",
    "program_type": "Fixed Wireless and Satellite Upgrade Program",
    "target_eligibility_quarter": "NA"
   }
  },
  {
   "type": "Feature",
   "geometry": {
    "type": "Point",
    "coordinates": [
     137.73742088,
     -35.0851506
    ]
   },
   "properties": {
    "name": "19 GILLERTON TERRACE EDITHBURGH 5583",
    "locID": "LOC000043717625",
    "tech": "WIRELESS",
    "upgrade": "NULL_NA",
    "gnaf_pid": "GASA_414971946",
    "ee": true,
    "tech_change_status": "Not Planned",
    "program_type": "Fixed Wireless and Satellite Upgrade Program",
    "target_eligibility_quarter": "NA"
   }
  },
  {
   "type": "Feature",
   "geometry": {
    "type": "Point",
    "coordinates": [
     137.73898812,
     -35.08399887
    ]
   },
   "properties": {
    "name": "14 GILLERTON TERRACE EDITHBURGH 5583",
    "locID": "LOC000010914218",
    "tech": "WIRELESS",
    "upgrade": "NULL_NA",
    "gnaf_pid": "GASA_414972621",
    "ee": true,
    "tech_change_status": "Not Planned",
    "program_type": "Fixed Wireless and Satellite Upgrade Program",
    "target_eligibility_quarter": "NA"
   }
  },
  {
   "type": "Feature",
   "geometry": {
    "type": "Point",
    "coordinates": [
     137.73890863,
     -35.0844546
    ]
   },
   "properties": {
    "name": "16 GILLERTON TERRACE EDITHBURGH 5583",
    "locID": "LOC000029246862",
    "tech": "WIRELESS",
    "upgrade": "NULL_NA",
    "gnaf_pid": "GASA_414972622",
    "ee": true,
    "tech_change_status": "Not Planned",
    "program_type": "Fixed Wireless and Satellite Upgrade Program",
    "target_eligibility_quarter": "NA"
   }
  },
  {
   "type": "Feature",
   "geometry": {
    "type": "Point",
    "coordinates": [
     137.73705623,
     -35.08534457
    ]
   },
   "properties": {
    "name": "2 GRACE STREET EDITHBURGH 5583",
    "locID": "LOC000008428989",
    "tech": "WIRELESS",
    "upgrade": "NULL_NA",
    "gnaf_pid": "GASA_414977475",
    "ee": true,
    "tech_change_status": "Not Planned",
    "program_type": "Fixed Wireless and Satellite Upgrade Program",
    "target_eligibility_quarter": "NA"
   }
  },
  {
   "type": "Feature",
   "geometry": {
    "type": "Point",
    "coordinates": [
     137.73705754,
     -35.08554071
    ]
   },
   "properties": {
    "name": "4 GRACE STREET EDITHBURGH 5583",
    "locID": "LOC000027521162",
    "tech": "WIRELESS",
    "upgrade": "NULL_NA",
    "gnaf_pid": "GASA_414977476",
    "ee": true,
    "tech_change_status": "Not Planned",
    "program_type": "Fixed Wireless and Satellite Upgrade Program",
    "target_eligibility_quarter": "NA"
   }
  },
  {
   "type": "Feature",
   "geometry": {
    "type": "Point",
    "coordinates": [
     137.73705885,
     -35.0857448
    ]
   },
   "properties": {
    "name": "6 GRACE STREET EDITHBURGH 5583",
    "locID": "LOC000043594258",
    "tech": "WIRELESS",
    "upgrade": "NULL_NA",
    "gnaf_pid": "GASA_414977477",
    "ee": true,
    "tech_change_status": "Not Planned",
    "program_type": "Fixed Wireless and Satellite Upgrade Program",
    "target_eligibility_quarter": "NA"
   }
  },
  {
   "type": "Feature",
   "geometry": {
    "type": "Point",
    "coordinates": [
     137.74628754,
     -35.08446829
    ]
   },
   "properties": {
    "name": "14 EDITH STREET EDITHBURGH 5583",
    "locID": "LOC000032538472",
    "tech": "WIRELESS",
    "upgrade": "NULL_NA",
    "gnaf_pid": "GASA_414983400",
    "ee": true,
    "tech_change_status": "Not Planned",
    "program_type": "Fixed Wireless and Satellite Upgrade Program",
    "target_eligibility_quarter": "NA"
   }
  },
  {
   "type": "Feature",
   "geometry": {
    "type": "Point",
    "coordinates": [
     137.74287602,
     -35.09666209
    ]
   },
   "properties": {
    "name": "64 SULTANA POINT ROAD EDITHBURGH 5583",
    "locID": "LOC000005406857",
    "tech": "WIRELESS",
    "upgrade": "NULL_NA",
    "gnaf_pid": "GASA_415001578",
    "ee": true,
    "tech_change_status": "Not Planned",
    "program_type": "Fixed Wireless and Satellite Upgrade Program",
    "target_eligibility_quarter": "NA"
   }
  },
  {
   "type": "Feature",
   "geometry": {
    "type": "Point",
    "coordinates": [
     137.73714637,
     -35.08505644
    ]
   },
   "properties": {
    "name": "21 GILLERTON TERRACE EDITHBURGH 5583",
    "locID": "LOC000085013962",
    "tech": "WIRELESS",
    "upgrade": "NULL_NA",
    "gnaf_pid": "GASA_415002511",
    "ee": true,
    "tech_change_status": "Not Planned",
    "program_type": "Fixed Wireless and Satellite Upgrade Program",
    "target_eligibility_quarter": "NA"
   }
  },
  {
   "type": "Feature",
   "geometry": {
    "type": "Point",
    "coordinates": [
     137.73653113,
     -35.0850727
    ]
   },
   "properties": {
    "name": "23 GILLERTON TERRACE EDITHBURGH 5583",
    "locID": "LOC000007625072",
    "tech": "WIRELESS",
    "upgrade": "NULL_NA",
    "gnaf_pid": "GASA_415005177",
    "ee": true,
    "tech_change_status": "Not Planned",
    "program_type": "Fixed Wireless and Satellite Upgrade Program",
    "target_eligibility_quarter": "NA"
   }
  },
  {
   "type": "Feature",
   "geometry": {
    "type": "Point",
    "coordinates": [
     137.73604575,
     -35.08515321
    ]
   },
   "properties": {
    "name": "25 GILLERTON TERRACE EDITHBURGH 5583",
    "locID": "LOC000019217999",
    "tech": "WIRELESS",
    "upgrade": "NULL_NA",
    "gnaf_pid": "GASA_415005178",
    "ee": true,
    "tech_change_status": "Not Planned",
    "program_type": "Fixed Wireless and Satellite Upgrade Program",
    "target_eligibility_quarter": "NA"
   }
  },
  {
   "type": "Feature",
   "geometry": {
    "type": "Point",
    "coordinates": [
     137.74463588,
     -35.0812552
    ]
   },
   "properties": {
    "name": "2 ANSTEY TERRACE EDITHBURGH 5583",
    "locID": "LOC000051214344",
    "tech": "WIRELESS",
    "upgrade": "NULL_NA",
    "gnaf_pid": "GASA_415009756",
    "ee": true,
    "tech_change_status": "Not Planned",
    "program_type": "Fixed Wireless and Satellite Upgrade Program",
    "target_eligibility_quarter": "NA"
   }
  },
  {
   "type": "Feature",
   "geometry": {
    "type": "Point",
    "coordinates": [
     137.74534798,
     -35.0815107
    ]
   },
   "properties": {
    "name": "6 BLANCHE STREET EDITHBURGH 5583",
    "locID": "LOC000051142516",
    "tech": "WIRELESS",
    "upgrade": "NULL_NA",
    "gnaf_pid": "GASA_415020676",
    "ee": true,
    "tech_change_status": "Not Planned",
    "program_type": "Fixed Wireless and Satellite Upgrade Program",
    "target_eligibility_quarter": "NA"
   }
  },
  {
   "type": "Feature",
   "geometry": {
    "type": "Point",
    "coordinates": [
     137.74506001,
     -35.083041
    ]
   },
   "properties": {
    "name": "10 HENRY STREET EDITHBURGH 5583",
    "locID": "LOC000015079991",
    "tech": "WIRELESS",
    "upgrade": "NULL_NA",
    "gnaf_pid": "GASA_415086328",
    "ee": true,
    "tech_change_status": "Not Planned",
    "program_type": "Fixed Wireless and Satellite Upgrade Program",
    "target_eligibility_quarter": "NA"
   }
  },
  {
   "type": "Feature",
   "geometry": {
    "type": "Point",
    "coordinates": [
     137.74523151,
     -35.0830411
    ]
   },
   "properties": {
    "name": "8 HENRY STREET EDITHBURGH 5583",
    "locID": "LOC000008383527",
    "tech": "WIRELESS",
    "upgrade": "NULL_NA",
    "gnaf_pid": "GASA_415086329",
    "ee": true,
    "tech_change_status": "Not Planned",
    "program_type": "Fixed Wireless and Satellite Upgrade Program",
    "target_eligibility_quarter": "NA"
   }
  },
  {
   "type": "Feature",
   "geometry": {
    "type": "Point",
    "coordinates": [
     137.74470696,
     -35.08171214
    ]
   },
   "properties": {
    "name": "10 GEORGE STREET EDITHBURGH 5583",
    "locID": "LOC000009490934",
    "tech": "WIRELESS",
    "upgrade": "NULL_NA",
    "gnaf_pid": "GASA_415098927",
    "ee": true,
    "tech_change_status": "Not Planned",
    "program_type": "Fixed Wireless and Satellite Upgrade Program",
    "target_eligibility_quarter": "NA"
   }
  },
  {
   "type": "Feature",
   "geometry": {
    "type": "Point",
    "coordinates": [
     137.74499955,
     -35.08787838
    ]
   },
   "properties": {
    "name": "5-7 THOMAS STREET EDITHBURGH 5583",
    "locID": "LOC000036504985",
    "tech": "WIRELESS",
    "upgrade": "NULL_NA",
    "gnaf_pid": "GASA_415100072",
    "ee": true,
    "tech_change_status": "Not Planned",
    "program_type": "Fixed Wireless and Satellite Upgrade Program",
    "target_eligibility_quarter": "NA"
   }
  },
  {
   "type": "Feature",
   "geometry": {
    "type": "Point",
    "coordinates": [
     137.74533611,
     -35.08564792
    ]
   },
   "properties": {
    "name": "28 BLANCHE STREET EDITHBURGH 5583",
    "locID": "LOC000003591863",
    "tech": "WIRELESS",
    "upgrade": "NULL_NA",
    "gnaf_pid": "GASA_415130256",
    "ee": true,
    "tech_change_status": "Not Planned",
    "program_type": "Fixed Wireless and Satellite Upgrade Program",
    "target_eligibility_quarter": "NA"
   }
  },
  {
   "type": "Feature",
   "geometry": {
    "type": "Point",
    "coordinates": [
     137.74663213,
     -35.0836808
    ]
   },
   "properties": {
    "name": "5 HENRY STREET EDITHBURGH 5583",
    "locID": "LOC000006300919",
    "tech": "WIRELESS",
    "upgrade": "NULL_NA",
    "gnaf_pid": "GASA_415133863",
    "ee": true,
    "tech_change_status": "Not Planned",
    "program_type": "Fixed Wireless and Satellite Upgrade Program",
    "target_eligibility_quarter": "NA"
   }
  },
  {
   "type": "Feature",
   "geometry": {
    "type": "Point",
    "coordinates": [
     137.74532983,
     -35.09216302
    ]
   },
   "properties": {
    "name": "3 SULTANA POINT ROAD EDITHBURGH 5583",
    "locID": "LOC000060814263",
    "tech": "WIRELESS",
    "upgrade": "NULL_NA",
    "gnaf_pid": "GASA_415208229",
    "ee": true,
    "tech_change_status": "Not Planned",
    "program_type": "Fixed Wireless and Satellite Upgrade Program",
    "target_eligibility_quarter": "NA"
   }
  },
  {
   "type": "Feature",
   "geometry": {
    "type": "Point",
    "coordinates": [
     137.7429858,
     -35.09658606
    ]
   },
   "properties": {
    "name": "33 SULTANA POINT ROAD EDITHBURGH 5583",
    "locID": "LOC100085216423",
    "tech": "WIRELESS",
    "upgrade": "NULL_NA",
    "gnaf_pid": "GASA_415220997",
    "ee": true,
    "tech_change_status": "Not Planned",
    "program_type": "Fixed Wireless and Satellite Upgrade Program",
    "target_eligibility_quarter": "NA"
   }
  },
  {
   "type": "Feature",
   "geometry": {
    "type": "Point",
    "coordinates": [
     137.74359181,
     -35.09522785
    ]
   },
   "properties": {
    "name": "19 SULTANA POINT ROAD EDITHBURGH 5583",
    "locID": "LOC000131769780",
    "tech": "WIRELESS",
    "upgrade": "NULL_NA",
    "gnaf_pid": "GASA_415221004",
    "ee": true,
    "tech_change_status": "Not Planned",
    "program_type": "Fixed Wireless and Satellite Upgrade Program",
    "target_eligibility_quarter": "NA"
   }
  },
  {
   "type": "Feature",
   "geometry": {
    "type": "Point",
    "coordinates": [
     137.74450582,
     -35.09387972
    ]
   },
   "properties": {
    "name": "11 SULTANA POINT ROAD EDITHBURGH 5583",
    "locID": "LOC000131761473",
    "tech": "WIRELESS",
    "upgrade": "NULL_NA",
    "gnaf_pid": "GASA_415221008",
    "ee": true,
    "tech_change_status": "Not Planned",
    "program_type": "Fixed Wireless and Satellite Upgrade Program",
    "target_eligibility_quarter": "NA"
   }
  },
  {
   "type": "Feature",
   "geometry": {
    "type": "Point",
    "coordinates": [
     137.74477094,
     -35.09348169
    ]
   },
   "properties": {
    "name": "9 SULTANA POINT ROAD EDITHBURGH 5583",
    "locID": "LOC000116366311",
    "tech": "WIRELESS",
    "upgrade": "NULL_NA",
    "gnaf_pid": "GASA_415221009",
    "ee": true,
    "tech_change_status": "Not Planned",
    "program_type": "Fixed Wireless and Satellite Upgrade Program",
    "target_eligibility_quarter": "NA"
   }
  },
  {
   "type": "Feature",
   "geometry": {
    "type": "Point",
    "coordinates": [
     137.74504316,
     -35.09294502
    ]
   },
   "properties": {
    "name": "7 SULTANA POINT ROAD EDITHBURGH 5583",
    "locID": "LOC000116365163",
    "tech": "WIRELESS",
    "upgrade": "NULL_NA",
    "gnaf_pid": "GASA_415221010",
    "ee": true,
    "tech_change_status": "Not Planned",
    "program_type": "Fixed Wireless and Satellite Upgrade Program",
    "target_eligibility_quarter": "NA"
   }
  },
  {
   "type": "Feature",
   "geometry": {
    "type": "Point",
    "coordinates": [
     137.73783976,
     -35.0844036
    ]
   },
   "properties": {
    "name": "24 GILLERTON TERRACE EDITHBURGH 5583",
    "locID": "LOC000107160486",
    "tech": "WIRELESS",
    "upgrade": "NULL_NA",
    "gnaf_pid": "GASA_415351126",
    "ee": true,
    "tech_change_status": "Not Planned",
    "program_type": "Fixed Wireless and Satellite Upgrade Program",
    "target_eligibility_quarter": "NA"
   }
  },
  {
   "type": "Feature",
   "geometry": {
    "type": "Point",
    "coordinates": [
     137.73596526,
     -35.0844097
    ]
   },
   "properties": {
    "name": "40 GILLERTON TERRACE EDITHBURGH 5583",
    "locID": "LOC000087211419",
    "tech": "WIRELESS",
    "upgrade": "NULL_NA",
    "gnaf_pid": "GASA_415359939",
    "ee": true,
    "tech_change_status": "Not Planned",
    "program_type": "Fixed Wireless and Satellite Upgrade Program",
    "target_eligibility_quarter": "NA"
   }
  },
  {
   "type": "Feature",
   "geometry": {
    "type": "Point",
    "coordinates": [
     137.73640359,
     -35.08431744
    ]
   },
   "properties": {
    "name": "36 GILLERTON TERRACE EDITHBURGH 5583",
    "locID": "LOC000019266380",
    "tech": "WIRELESS",
    "upgrade": "NULL_NA",
    "gnaf_pid": "GASA_415359940",
    "ee": true,
    "tech_change_status": "Not Planned",
    "program_type": "Fixed Wireless and Satellite Upgrade Program",
    "target_eligibility_quarter": "NA"
   }
  },
  {
   "type": "Feature",
   "geometry": {
    "type": "Point",
    "coordinates": [
     137.73662451,
     -35.0844067
    ]
   },
   "properties": {
    "name": "34 GILLERTON TERRACE EDITHBURGH 5583",
    "locID": "LOC000072025031",
    "tech": "WIRELESS",
    "upgrade": "NULL_NA",
    "gnaf_pid": "GASA_415359941",
    "ee": true,
    "tech_change_status": "Not Planned",
    "program_type": "Fixed Wireless and Satellite Upgrade Program",
    "target_eligibility_quarter": "NA"
   }
  },
  {
   "type": "Feature",
   "geometry": {
    "type": "Point",
    "coordinates": [
     137.73739788,
     -35.0844047
    ]
   },
   "properties": {
    "name": "26 GILLERTON TERRACE EDITHBURGH 5583",
    "locID": "LOC000048367994",
    "tech": "WIRELESS",
    "upgrade": "NULL_NA",
    "gnaf_pid": "GASA_415359942",
    "ee": true,
    "tech_change_status": "Not Planned",
    "program_type": "Fixed Wireless and Satellite Upgrade Program",
    "target_eligibility_quarter": "NA"
   }
  },
  {
   "type": "Feature",
   "geometry": {
    "type": "Point",
    "coordinates": [
     137.7397625,
     -35.0845142
    ]
   },
   "properties": {
    "name": "8 GILLERTON TERRACE EDITHBURGH 5583",
    "locID": "LOC000087240975",
    "tech": "WIRELESS",
    "upgrade": "NULL_NA",
    "gnaf_pid": "GASA_415378087",
    "ee": true,
    "tech_change_status": "Not Planned",
    "program_type": "Fixed Wireless and Satellite Upgrade Program",
    "target_eligibility_quarter": "NA"
   }
  },
  {
   "type": "Feature",
   "geometry": {
    "type": "Point",
    "coordinates": [
     137.73998413,
     -35.0845141
    ]
   },
   "properties": {
    "name": "6 GILLERTON TERRACE EDITHBURGH 5583",
    "locID": "LOC000001828068",
    "tech": "WIRELESS",
    "upgrade": "NULL_NA",
    "gnaf_pid": "GASA_415378088",
    "ee": true,
    "tech_change_status": "Not Planned",
    "program_type": "Fixed Wireless and Satellite Upgrade Program",
    "target_eligibility_quarter": "NA"
   }
  },
  {
   "type": "Feature",
   "geometry": {
    "type": "Point",
    "coordinates": [
     137.74545824,
     -35.08640288
    ]
   },
   "properties": {
    "name": "32 BLANCHE STREET EDITHBURGH 5583",
    "locID": "LOC000025339679",
    "tech": "WIRELESS",
    "upgrade": "NULL_NA",
    "gnaf_pid": "GASA_415389730",
    "ee": true,
    "tech_change_status": "Not Planned",
    "program_type": "Fixed Wireless and Satellite Upgrade Program",
    "target_eligibility_quarter": "NA"
   }
  },
  {
   "type": "Feature",
   "geometry": {
    "type": "Point",
    "coordinates": [
     137.74579664,
     -35.08622293
    ]
   },
   "properties": {
    "name": "1 BLANCHE STREET EDITHBURGH 5583",
    "locID": "LOC000053087773",
    "tech": "WIRELESS",
    "upgrade": "NULL_NA",
    "gnaf_pid": "GASA_415390107",
    "ee": true,
    "tech_change_status": "Not Planned",
    "program_type": "Fixed Wireless and Satellite Upgrade Program",
    "target_eligibility_quarter": "NA"
   }
  },
  {
   "type": "Feature",
   "geometry": {
    "type": "Point",
    "coordinates": [
     137.74622438,
     -35.0811398
    ]
   },
   "properties": {
    "name": "3 BLANCHE STREET EDITHBURGH 5583",
    "locID": "LOC000078533864",
    "tech": "WIRELESS",
    "upgrade": "NULL_NA",
    "gnaf_pid": "GASA_415390108",
    "ee": true,
    "tech_change_status": "Not Planned",
    "program_type": "Fixed Wireless and Satellite Upgrade Program",
    "target_eligibility_quarter": "NA"
   }
  },
  {
   "type": "Feature",
   "geometry": {
    "type": "Point",
    "coordinates": [
     137.74544176,
     -35.0880238
    ]
   },
   "properties": {
    "name": "46 BLANCHE STREET EDITHBURGH 5583",
    "locID": "LOC000131672233",
    "tech": "WIRELESS",
    "upgrade": "NULL_NA",
    "gnaf_pid": "GASA_415390720",
    "ee": true,
    "tech_change_status": "Not Planned",
    "program_type": "Fixed Wireless and Satellite Upgrade Program",
    "target_eligibility_quarter": "NA"
   }
  },
  {
   "type": "Feature",
   "geometry": {
    "type": "Point",
    "coordinates": [
     137.74444638,
     -35.08153714
    ]
   },
   "properties": {
    "name": "3 ANSTEY TERRACE EDITHBURGH 5583",
    "locID": "LOC000114362162",
    "tech": "WIRELESS",
    "upgrade": "NULL_NA",
    "gnaf_pid": "GASA_415391745",
    "ee": true,
    "tech_change_status": "Not Planned",
    "program_type": "Fixed Wireless and Satellite Upgrade Program",
    "target_eligibility_quarter": "NA"
   }
  },
  {
   "type": "Feature",
   "geometry": {
    "type": "Point",
    "coordinates": [
     137.73965813,
     -35.0926858
    ]
   },
   "properties": {
    "name": "9 OLD HONITON ROAD EDITHBURGH 5583",
    "locID": "LOC000067975455",
    "tech": "WIRELESS",
    "upgrade": "NULL_NA",
    "gnaf_pid": "GASA_415392159",
    "ee": true,
    "tech_change_status": "Not Planned",
    "program_type": "Fixed Wireless and Satellite Upgrade Program",
    "target_eligibility_quarter": "NA"
   }
  },
  {
   "type": "Feature",
   "geometry": {
    "type": "Point",
    "coordinates": [
     137.74638513,
     -35.0877793
    ]
   },
   "properties": {
    "name": "3 THOMAS STREET EDITHBURGH 5583",
    "locID": "LOC000103941576",
    "tech": "WIRELESS",
    "upgrade": "NULL_NA",
    "gnaf_pid": "GASA_415393852",
    "ee": true,
    "tech_change_status": "Not Planned",
    "program_type": "Fixed Wireless and Satellite Upgrade Program",
    "target_eligibility_quarter": "NA"
   }
  },
  {
   "type": "Feature",
   "geometry": {
    "type": "Point",
    "coordinates": [
     137.74001738,
     -35.0916085
    ]
   },
   "properties": {
    "name": "6 OLD HONITON ROAD EDITHBURGH 5583",
    "locID": "LOC000067137087",
    "tech": "WIRELESS",
    "upgrade": "NULL_NA",
    "gnaf_pid": "GASA_415395765",
    "ee": true,
    "tech_change_status": "Not Planned",
    "program_type": "Fixed Wireless and Satellite Upgrade Program",
    "target_eligibility_quarter": "NA"
   }
  },
  {
   "type": "Feature",
   "geometry": {
    "type": "Point",
    "coordinates": [
     137.74687675,
     -35.0824645
    ]
   },
   "properties": {
    "name": "1 GEORGE STREET EDITHBURGH 5583",
    "locID": "LOC000072122389",
    "tech": "WIRELESS",
    "upgrade": "NULL_NA",
    "gnaf_pid": "GASA_415398938",
    "ee": true,
    "tech_change_status": "Not Planned",
    "program_type": "Fixed Wireless and Satellite Upgrade Program",
    "target_eligibility_quarter": "NA"
   }
  },
  {
   "type": "Feature",
   "geometry": {
    "type": "Point",
    "coordinates": [
     137.74533813,
     -35.0867548
    ]
   },
   "properties": {
    "name": "36 BLANCHE STREET EDITHBURGH 5583",
    "locID": "LOC000004298391",
    "tech": "WIRELESS",
    "upgrade": "NULL_NA",
    "gnaf_pid": "GASA_415403211",
    "ee": true,
    "tech_change_status": "Not Planned",
    "program_type": "Fixed Wireless and Satellite Upgrade Program",
    "target_eligibility_quarter": "NA"
   }
  },
  {
   "type": "Feature",
   "geometry": {
    "type": "Point",
    "coordinates": [
     137.7446255,
     -35.0825342
    ]
   },
   "properties": {
    "name": "5 ANSTEY TERRACE EDITHBURGH 5583",
    "locID": "LOC000078543257",
    "tech": "WIRELESS",
    "upgrade": "NULL_NA",
    "gnaf_pid": "GASA_415408118",
    "ee": true,
    "tech_change_status": "Not Planned",
    "program_type": "Fixed Wireless and Satellite Upgrade Program",
    "target_eligibility_quarter": "NA"
   }
  },
  {
   "type": "Feature",
   "geometry": {
    "type": "Point",
    "coordinates": [
     137.74534745,
     -35.08823816
    ]
   },
   "properties": {
    "name": "48 BLANCHE STREET EDITHBURGH 5583",
    "locID": "LOC100087516260",
    "tech": "WIRELESS",
    "upgrade": "NULL_NA",
    "gnaf_pid": "GASA_415411912",
    "ee": true,
    "tech_change_status": "Not Planned",
    "program_type": "Fixed Wireless and Satellite Upgrade Program",
    "target_eligibility_quarter": "NA"
   }
  },
  {
   "type": "Feature",
   "geometry": {
    "type": "Point",
    "coordinates": [
     137.74491288,
     -35.0884533
    ]
   },
   "properties": {
    "name": "2 SOUTH TERRACE EDITHBURGH 5583",
    "locID": "LOC000078089097",
    "tech": "WIRELESS",
    "upgrade": "NULL_NA",
    "gnaf_pid": "GASA_415411913",
    "ee": true,
    "tech_change_status": "Not Planned",
    "program_type": "Fixed Wireless and Satellite Upgrade Program",
    "target_eligibility_quarter": "NA"
   }
  },
  {
   "type": "Feature",
   "geometry": {
    "type": "Point",
    "coordinates": [
     137.74464551,
     -35.0872543
    ]
   },
   "properties": {
    "name": "6 THOMAS STREET EDITHBURGH 5583",
    "locID": "LOC000131683523",
    "tech": "WIRELESS",
    "upgrade": "NULL_NA",
    "gnaf_pid": "GASA_415414809",
    "ee": true,
    "tech_change_status": "Not Planned",
    "program_type": "Fixed Wireless and Satellite Upgrade Program",
    "target_eligibility_quarter": "NA"
   }
  },
  {
   "type": "Feature",
   "geometry": {
    "type": "Point",
    "coordinates": [
     137.74645544,
     -35.08446926
    ]
   },
   "properties": {
    "name": "12 EDITH STREET EDITHBURGH 5583",
    "locID": "LOC000075745811",
    "tech": "WIRELESS",
    "upgrade": "NULL_NA",
    "gnaf_pid": "GASA_415422540",
    "ee": true,
    "tech_change_status": "Not Planned",
    "program_type": "Fixed Wireless and Satellite Upgrade Program",
    "target_eligibility_quarter": "NA"
   }
  },
  {
   "type": "Feature",
   "geometry": {
    "type": "Point",
    "coordinates": [
     137.74619913,
     -35.0869321
    ]
   },
   "properties": {
    "name": "49 BLANCHE STREET EDITHBURGH 5583",
    "locID": "LOC000058457215",
    "tech": "WIRELESS",
    "upgrade": "NULL_NA",
    "gnaf_pid": "GASA_415426407",
    "ee": true,
    "tech_change_status": "Not Planned",
    "program_type": "Fixed Wireless and Satellite Upgrade Program",
    "target_eligibility_quarter": "NA"
   }
  },
  {
   "type": "Feature",
   "geometry": {
    "type": "Point",
    "coordinates": [
     137.74620863,
     -35.0884505
    ]
   },
   "properties": {
    "name": "63 BLANCHE STREET EDITHBURGH 5583",
    "locID": "LOC000131683599",
    "tech": "WIRELESS",
    "upgrade": "NULL_NA",
    "gnaf_pid": "GASA_415433450",
    "ee": true,
    "tech_change_status": "Not Planned",
    "program_type": "Fixed Wireless and Satellite Upgrade Program",
    "target_eligibility_quarter": "NA"
   }
  },
  {
   "type": "Feature",
   "geometry": {
    "type": "Point",
    "coordinates": [
     137.74331638,
     -35.0920261
    ]
   },
   "properties": {
    "name": "7 PANFRY TERRACE EDITHBURGH 5583",
    "locID": "LOC000039789730",
    "tech": "WIRELESS",
    "upgrade": "NULL_NA",
    "gnaf_pid": "GASA_415437658",
    "ee": true,
    "tech_change_status": "Not Planned",
    "program_type": "Fixed Wireless and Satellite Upgrade Program",
    "target_eligibility_quarter": "NA"
   }
  },
  {
   "type": "Feature",
   "geometry": {
    "type": "Point",
    "coordinates": [
     137.7398713,
     -35.08405866
    ]
   },
   "properties": {
    "name": "32 PARK TERRACE EDITHBURGH 5583",
    "locID": "LOC000089009327",
    "tech": "WIRELESS",
    "upgrade": "NULL_NA",
    "gnaf_pid": "GASA_415438348",
    "ee": true,
    "tech_change_status": "Not Planned",
    "program_type": "Fixed Wireless and Satellite Upgrade Program",
    "target_eligibility_quarter": "NA"
   }
  },
  {
   "type": "Feature",
   "geometry": {
    "type": "Point",
    "coordinates": [
     137.74205988,
     -35.0921361
    ]
   },
   "properties": {
    "name": "11 PANFRY TERRACE EDITHBURGH 5583",
    "locID": "LOC000055449045",
    "tech": "WIRELESS",
    "upgrade": "NULL_NA",
    "gnaf_pid": "GASA_415440267",
    "ee": true,
    "tech_change_status": "Not Planned",
    "program_type": "Fixed Wireless and Satellite Upgrade Program",
    "target_eligibility_quarter": "NA"
   }
  },
  {
   "type": "Feature",
   "geometry": {
    "type": "Point",
    "coordinates": [
     137.74342163,
     -35.0930925
    ]
   },
   "properties": {
    "name": "1 TUNA AVENUE EDITHBURGH 5583",
    "locID": "LOC000025294222",
    "tech": "WIRELESS",
    "upgrade": "NULL_NA",
    "gnaf_pid": "GASA_415440391",
    "ee": true,
    "tech_change_status": "Not Planned",
    "program_type": "Fixed Wireless and Satellite Upgrade Program",
    "target_eligibility_quarter": "NA"
   }
  },
  {
   "type": "Feature",
   "geometry": {
    "type": "Point",
    "coordinates": [
     137.7434205,
     -35.0928985
    ]
   },
   "properties": {
    "name": "3 TUNA AVENUE EDITHBURGH 5583",
    "locID": "LOC000180905634",
    "tech": "WIRELESS",
    "upgrade": "NULL_NA",
    "gnaf_pid": "GASA_415440392",
    "ee": true,
    "tech_change_status": "Not Planned",
    "program_type": "Fixed Wireless and Satellite Upgrade Program",
    "target_eligibility_quarter": "NA"
   }
  },
  {
   "type": "Feature",
   "geometry": {
    "type": "Point",
    "coordinates": [
     137.74341951,
     -35.0927061
    ]
   },
   "properties": {
    "name": "5 TUNA AVENUE EDITHBURGH 5583",
    "locID": "LOC000061835016",
    "tech": "WIRELESS",
    "upgrade": "NULL_NA",
    "gnaf_pid": "GASA_415440393",
    "ee": true,
    "tech_change_status": "Not Planned",
    "program_type": "Fixed Wireless and Satellite Upgrade Program",
    "target_eligibility_quarter": "NA"
   }
  },
  {
   "type": "Feature",
   "geometry": {
    "type": "Point",
    "coordinates": [
     137.74341838,
     -35.0925118
    ]
   },
   "properties": {
    "name": "7 TUNA AVENUE EDITHBURGH 5583",
    "locID": "LOC000061835016",
    "tech": "WIRELESS",
    "upgrade": "NULL_NA",
    "gnaf_pid": "GASA_415440394",
    "ee": true,
    "tech_change_status": "Not Planned",
    "program_type": "Fixed Wireless and Satellite Upgrade Program",
    "target_eligibility_quarter": "NA"
   }
  },
  {
   "type": "Feature",
   "geometry": {
    "type": "Point",
    "coordinates": [
     137.74544494,
     -35.08484708
    ]
   },
   "properties": {
    "name": "24 BLANCHE STREET EDITHBURGH 5583",
    "locID": "LOC000048450708",
    "tech": "WIRELESS",
    "upgrade": "NULL_NA",
    "gnaf_pid": "GASA_415451359",
    "ee": true,
    "tech_change_status": "Not Planned",
    "program_type": "Fixed Wireless and Satellite Upgrade Program",
    "target_eligibility_quarter": "NA"
   }
  },
  {
   "type": "Feature",
   "geometry": {
    "type": "Point",
    "coordinates": [
     137.74533488,
     -35.0853311
    ]
   },
   "properties": {
    "name": "26 BLANCHE STREET EDITHBURGH 5583",
    "locID": "LOC000011143242",
    "tech": "WIRELESS",
    "upgrade": "NULL_NA",
    "gnaf_pid": "GASA_415451361",
    "ee": true,
    "tech_change_status": "Not Planned",
    "program_type": "Fixed Wireless and Satellite Upgrade Program",
    "target_eligibility_quarter": "NA"
   }
  },
  {
   "type": "Feature",
   "geometry": {
    "type": "Point",
    "coordinates": [
     137.74073014,
     -35.09214175
    ]
   },
   "properties": {
    "name": "15 PANFRY TERRACE EDITHBURGH 5583",
    "locID": "LOC000003455395",
    "tech": "WIRELESS",
    "upgrade": "NULL_NA",
    "gnaf_pid": "GASA_415461897",
    "ee": true,
    "tech_change_status": "Not Planned",
    "program_type": "Fixed Wireless and Satellite Upgrade Program",
    "target_eligibility_quarter": "NA"
   }
  },
  {
   "type": "Feature",
   "geometry": {
    "type": "Point",
    "coordinates": [
     137.74611713,
     -35.0857928
    ]
   },
   "properties": {
    "name": "39 BLANCHE STREET EDITHBURGH 5583",
    "locID": "LOC000085750265",
    "tech": "WIRELESS",
    "upgrade": "NULL_NA",
    "gnaf_pid": "GASA_415464879",
    "ee": true,
    "tech_change_status": "Not Planned",
    "program_type": "Fixed Wireless and Satellite Upgrade Program",
    "target_eligibility_quarter": "NA"
   }
  },
  {
   "type": "Feature",
   "geometry": {
    "type": "Point",
    "coordinates": [
     137.74549363,
     -35.0828077
    ]
   },
   "properties": {
    "name": "14 BLANCHE STREET EDITHBURGH 5583",
    "locID": "LOC000060549575",
    "tech": "WIRELESS",
    "upgrade": "NULL_NA",
    "gnaf_pid": "GASA_415479598",
    "ee": true,
    "tech_change_status": "Not Planned",
    "program_type": "Fixed Wireless and Satellite Upgrade Program",
    "target_eligibility_quarter": "NA"
   }
  },
  {
   "type": "Feature",
   "geometry": {
    "type": "Point",
    "coordinates": [
     137.745425,
     -35.0871201
    ]
   },
   "properties": {
    "name": "40 BLANCHE STREET EDITHBURGH 5583",
    "locID": "LOC000103967090",
    "tech": "WIRELESS",
    "upgrade": "NULL_NA",
    "gnaf_pid": "GASA_415480307",
    "ee": true,
    "tech_change_status": "Not Planned",
    "program_type": "Fixed Wireless and Satellite Upgrade Program",
    "target_eligibility_quarter": "NA"
   }
  },
  {
   "type": "Feature",
   "geometry": {
    "type": "Point",
    "coordinates": [
     137.74027256,
     -35.08528945
    ]
   },
   "properties": {
    "name": "38 PARK TERRACE EDITHBURGH 5583",
    "locID": "LOC000173790607",
    "tech": "WIRELESS",
    "upgrade": "NULL_NA",
    "gnaf_pid": "GASA_415485004",
    "ee": true,
    "tech_change_status": "Not Planned",
    "program_type": "Fixed Wireless and Satellite Upgrade Program",
    "target_eligibility_quarter": "NA"
   }
  },
  {
   "type": "Feature",
   "geometry": {
    "type": "Point",
    "coordinates": [
     137.7444053,
     -35.08453321
    ]
   },
   "properties": {
    "name": "26 EDITH STREET EDITHBURGH 5583",
    "locID": "LOC000011143242",
    "tech": "WIRELESS",
    "upgrade": "NULL_NA",
    "gnaf_pid": "GASA_415498825",
    "ee": true,
    "tech_change_status": "Not Planned",
    "program_type": "Fixed Wireless and Satellite Upgrade Program",
    "target_eligibility_quarter": "NA"
   }
  },
  {
   "type": "Feature",
   "geometry": {
    "type": "Point",
    "coordinates": [
     137.74465175,
     -35.08452258
    ]
   },
   "properties": {
    "name": "24 EDITH STREET EDITHBURGH 5583",
    "locID": "LOC000048450708",
    "tech": "WIRELESS",
    "upgrade": "NULL_NA",
    "gnaf_pid": "GASA_415498826",
    "ee": true,
    "tech_change_status": "Not Planned",
    "program_type": "Fixed Wireless and Satellite Upgrade Program",
    "target_eligibility_quarter": "NA"
   }
  },
  {
   "type": "Feature",
   "geometry": {
    "type": "Point",
    "coordinates": [
     137.74511726,
     -35.0859338
    ]
   },
   "properties": {
    "name": "8 CROSS STREET EDITHBURGH 5583",
    "locID": "LOC000028414710",
    "tech": "WIRELESS",
    "upgrade": "NULL_NA",
    "gnaf_pid": "GASA_415510150",
    "ee": true,
    "tech_change_status": "Not Planned",
    "program_type": "Fixed Wireless and Satellite Upgrade Program",
    "target_eligibility_quarter": "NA"
   }
  },
  {
   "type": "Feature",
   "geometry": {
    "type": "Point",
    "coordinates": [
     137.74737702,
     -35.08446613
    ]
   },
   "properties": {
    "name": "17 O'HALLORAN PARADE EDITHBURGH 5583",
    "locID": "LOC000095594743",
    "tech": "WIRELESS",
    "upgrade": "NULL_NA",
    "gnaf_pid": "GASA_415517200",
    "ee": true,
    "tech_change_status": "Not Planned",
    "program_type": "Fixed Wireless and Satellite Upgrade Program",
    "target_eligibility_quarter": "NA"
   }
  },
  {
   "type": "Feature",
   "geometry": {
    "type": "Point",
    "coordinates": [
     137.74689369,
     -35.08446737
    ]
   },
   "properties": {
    "name": "6 EDITH STREET EDITHBURGH 5583",
    "locID": "LOC000002682219",
    "tech": "WIRELESS",
    "upgrade": "NULL_NA",
    "gnaf_pid": "GASA_415517201",
    "ee": true,
    "tech_change_status": "Not Planned",
    "program_type": "Fixed Wireless and Satellite Upgrade Program",
    "target_eligibility_quarter": "NA"
   }
  },
  {
   "type": "Feature",
   "geometry": {
    "type": "Point",
    "coordinates": [
     137.74671539,
     -35.08446813
    ]
   },
   "properties": {
    "name": "8 EDITH STREET EDITHBURGH 5583",
    "locID": "LOC000028414710",
    "tech": "WIRELESS",
    "upgrade": "NULL_NA",
    "gnaf_pid": "GASA_415517202",
    "ee": true,
    "tech_change_status": "Not Planned",
    "program_type": "Fixed Wireless and Satellite Upgrade Program",
    "target_eligibility_quarter": "NA"
   }
  },
  {
   "type": "Feature",
   "geometry": {
    "type": "Point",
    "coordinates": [
     137.74606788,
     -35.0844696
    ]
   },
   "properties": {
    "name": "16 EDITH STREET EDITHBURGH 5583",
    "locID": "LOC000065939247",
    "tech": "WIRELESS",
    "upgrade": "NULL_NA",
    "gnaf_pid": "GASA_415517204",
    "ee": true,
    "tech_change_status": "Not Planned",
    "program_type": "Fixed Wireless and Satellite Upgrade Program",
    "target_eligibility_quarter": "NA"
   }
  },
  {
   "type": "Feature",
   "geometry": {
    "type": "Point",
    "coordinates": [
     137.74550213,
     -35.0835981
    ]
   },
   "properties": {
    "name": "11 HENRY STREET EDITHBURGH 5583",
    "locID": "LOC000037242774",
    "tech": "WIRELESS",
    "upgrade": "NULL_NA",
    "gnaf_pid": "GASA_415517205",
    "ee": true,
    "tech_change_status": "Not Planned",
    "program_type": "Fixed Wireless and Satellite Upgrade Program",
    "target_eligibility_quarter": "NA"
   }
  },
  {
   "type": "Feature",
   "geometry": {
    "type": "Point",
    "coordinates": [
     137.74550188,
     -35.0837952
    ]
   },
   "properties": {
    "name": "16 BLANCHE STREET EDITHBURGH 5583",
    "locID": "LOC000057353771",
    "tech": "WIRELESS",
    "upgrade": "NULL_NA",
    "gnaf_pid": "GASA_415517206",
    "ee": true,
    "tech_change_status": "Not Planned",
    "program_type": "Fixed Wireless and Satellite Upgrade Program",
    "target_eligibility_quarter": "NA"
   }
  },
  {
   "type": "Feature",
   "geometry": {
    "type": "Point",
    "coordinates": [
     137.74727005,
     -35.0824199
    ]
   },
   "properties": {
    "name": "8 O'HALLORAN PARADE EDITHBURGH 5583",
    "locID": "LOC000102737964",
    "tech": "WIRELESS",
    "upgrade": "NULL_NA",
    "gnaf_pid": "GASA_415517223",
    "ee": true,
    "tech_change_status": "Not Planned",
    "program_type": "Fixed Wireless and Satellite Upgrade Program",
    "target_eligibility_quarter": "NA"
   }
  },
  {
   "type": "Feature",
   "geometry": {
    "type": "Point",
    "coordinates": [
     137.74740681,
     -35.08299844
    ]
   },
   "properties": {
    "name": "11 O'HALLORAN PARADE EDITHBURGH 5583",
    "locID": "LOC000087065835",
    "tech": "WIRELESS",
    "upgrade": "NULL_NA",
    "gnaf_pid": "GASA_415517225",
    "ee": true,
    "tech_change_status": "Not Planned",
    "program_type": "Fixed Wireless and Satellite Upgrade Program",
    "target_eligibility_quarter": "NA"
   }
  },
  {
   "type": "Feature",
   "geometry": {
    "type": "Point",
    "coordinates": [
     137.7461225,
     -35.0853967
    ]
   },
   "properties": {
    "name": "35 BLANCHE STREET EDITHBURGH 5583",
    "locID": "LOC000054099756",
    "tech": "WIRELESS",
    "upgrade": "NULL_NA",
    "gnaf_pid": "GASA_415517237",
    "ee": true,
    "tech_change_status": "Not Planned",
    "program_type": "Fixed Wireless and Satellite Upgrade Program",
    "target_eligibility_quarter": "NA"
   }
  },
  {
   "type": "Feature",
   "geometry": {
    "type": "Point",
    "coordinates": [
     137.74661763,
     -35.08511999
    ]
   },
   "properties": {
    "name": "7 EDITH STREET EDITHBURGH 5583",
    "locID": "LOC000060593957",
    "tech": "WIRELESS",
    "upgrade": "NULL_NA",
    "gnaf_pid": "GASA_415517241",
    "ee": true,
    "tech_change_status": "Not Planned",
    "program_type": "Fixed Wireless and Satellite Upgrade Program",
    "target_eligibility_quarter": "NA"
   }
  },
  {
   "type": "Feature",
   "geometry": {
    "type": "Point",
    "coordinates": [
     137.73942351,
     -35.0800195
    ]
   },
   "properties": {
    "name": "5 YORKETOWN ROAD EDITHBURGH 5583",
    "locID": "LOC000131675766",
    "tech": "WIRELESS",
    "upgrade": "NULL_NA",
    "gnaf_pid": "GASA_415519886",
    "ee": true,
    "tech_change_status": "Not Planned",
    "program_type": "Fixed Wireless and Satellite Upgrade Program",
    "target_eligibility_quarter": "NA"
   }
  },
  {
   "type": "Feature",
   "geometry": {
    "type": "Point",
    "coordinates": [
     137.73913801,
     -35.0799897
    ]
   },
   "properties": {
    "name": "7 YORKETOWN ROAD EDITHBURGH 5583",
    "locID": "LOC000131687238",
    "tech": "WIRELESS",
    "upgrade": "NULL_NA",
    "gnaf_pid": "GASA_415519887",
    "ee": true,
    "tech_change_status": "Not Planned",
    "program_type": "Fixed Wireless and Satellite Upgrade Program",
    "target_eligibility_quarter": "NA"
   }
  },
  {
   "type": "Feature",
   "geometry": {
    "type": "Point",
    "coordinates": [
     137.74643901,
     -35.0818035
    ]
   },
   "properties": {
    "name": "4 GEORGE STREET EDITHBURGH 5583",
    "locID": "LOC000059603504",
    "tech": "WIRELESS",
    "upgrade": "NULL_NA",
    "gnaf_pid": "GASA_415520572",
    "ee": true,
    "tech_change_status": "Not Planned",
    "program_type": "Fixed Wireless and Satellite Upgrade Program",
    "target_eligibility_quarter": "NA"
   }
  },
  {
   "type": "Feature",
   "geometry": {
    "type": "Point",
    "coordinates": [
     137.74610801,
     -35.0818978
    ]
   },
   "properties": {
    "name": "11 BLANCHE STREET EDITHBURGH 5583",
    "locID": "LOC000097750781",
    "tech": "WIRELESS",
    "upgrade": "NULL_NA",
    "gnaf_pid": "GASA_415520573",
    "ee": true,
    "tech_change_status": "Not Planned",
    "program_type": "Fixed Wireless and Satellite Upgrade Program",
    "target_eligibility_quarter": "NA"
   }
  },
  {
   "type": "Feature",
   "geometry": {
    "type": "Point",
    "coordinates": [
     137.74610763,
     -35.0817102
    ]
   },
   "properties": {
    "name": "9 BLANCHE STREET EDITHBURGH 5583",
    "locID": "LOC000037686985",
    "tech": "WIRELESS",
    "upgrade": "NULL_NA",
    "gnaf_pid": "GASA_415520574",
    "ee": true,
    "tech_change_status": "Not Planned",
    "program_type": "Fixed Wireless and Satellite Upgrade Program",
    "target_eligibility_quarter": "NA"
   }
  },
  {
   "type": "Feature",
   "geometry": {
    "type": "Point",
    "coordinates": [
     137.74622538,
     -35.0815226
    ]
   },
   "properties": {
    "name": "7 BLANCHE STREET EDITHBURGH 5583",
    "locID": "LOC000011693718",
    "tech": "WIRELESS",
    "upgrade": "NULL_NA",
    "gnaf_pid": "GASA_415520575",
    "ee": true,
    "tech_change_status": "Not Planned",
    "program_type": "Fixed Wireless and Satellite Upgrade Program",
    "target_eligibility_quarter": "NA"
   }
  },
  {
   "type": "Feature",
   "geometry": {
    "type": "Point",
    "coordinates": [
     137.74622488,
     -35.0813321
    ]
   },
   "properties": {
    "name": "5 BLANCHE STREET EDITHBURGH 5583",
    "locID": "LOC000083115143",
    "tech": "WIRELESS",
    "upgrade": "NULL_NA",
    "gnaf_pid": "GASA_415520576",
    "ee": true,
    "tech_change_status": "Not Planned",
    "program_type": "Fixed Wireless and Satellite Upgrade Program",
    "target_eligibility_quarter": "NA"
   }
  },
  {
   "type": "Feature",
   "geometry": {
    "type": "Point",
    "coordinates": [
     137.74690186,
     -35.0813321
    ]
   },
   "properties": {
    "name": "3 O'HALLORAN PARADE EDITHBURGH 5583",
    "locID": "LOC000005391943",
    "tech": "WIRELESS",
    "upgrade": "NULL_NA",
    "gnaf_pid": "GASA_415520577",
    "ee": true,
    "tech_change_status": "Not Planned",
    "program_type": "Fixed Wireless and Satellite Upgrade Program",
    "target_eligibility_quarter": "NA"
   }
  },
  {
   "type": "Feature",
   "geometry": {
    "type": "Point",
    "coordinates": [
     137.74531913,
     -35.08099
    ]
   },
   "properties": {
    "name": "2 BLANCHE STREET EDITHBURGH 5583",
    "locID": "LOC000103848713",
    "tech": "WIRELESS",
    "upgrade": "NULL_NA",
    "gnaf_pid": "GASA_415520579",
    "ee": true,
    "tech_change_status": "Not Planned",
    "program_type": "Fixed Wireless and Satellite Upgrade Program",
    "target_eligibility_quarter": "NA"
   }
  },
  {
   "type": "Feature",
   "geometry": {
    "type": "Point",
    "coordinates": [
     137.74531963,
     -35.0812787
    ]
   },
   "properties": {
    "name": "4 BLANCHE STREET EDITHBURGH 5583",
    "locID": "LOC000022508438",
    "tech": "WIRELESS",
    "upgrade": "NULL_NA",
    "gnaf_pid": "GASA_415520580",
    "ee": true,
    "tech_change_status": "Not Planned",
    "program_type": "Fixed Wireless and Satellite Upgrade Program",
    "target_eligibility_quarter": "NA"
   }
  },
  {
   "type": "Feature",
   "geometry": {
    "type": "Point",
    "coordinates": [
     137.7454355,
     -35.0818823
    ]
   },
   "properties": {
    "name": "8 BLANCHE STREET EDITHBURGH 5583",
    "locID": "LOC000031685265",
    "tech": "WIRELESS",
    "upgrade": "NULL_NA",
    "gnaf_pid": "GASA_415520581",
    "ee": true,
    "tech_change_status": "Not Planned",
    "program_type": "Fixed Wireless and Satellite Upgrade Program",
    "target_eligibility_quarter": "NA"
   }
  },
  {
   "type": "Feature",
   "geometry": {
    "type": "Point",
    "coordinates": [
     137.74448637,
     -35.08186609
    ]
   },
   "properties": {
    "name": "12 GEORGE STREET EDITHBURGH 5583",
    "locID": "LOC000087622076",
    "tech": "WIRELESS",
    "upgrade": "NULL_NA",
    "gnaf_pid": "GASA_415520583",
    "ee": true,
    "tech_change_status": "Not Planned",
    "program_type": "Fixed Wireless and Satellite Upgrade Program",
    "target_eligibility_quarter": "NA"
   }
  },
  {
   "type": "Feature",
   "geometry": {
    "type": "Point",
    "coordinates": [
     137.74616863,
     -35.0832351
    ]
   },
   "properties": {
    "name": "21 BLANCHE STREET EDITHBURGH 5583",
    "locID": "LOC000093470356",
    "tech": "WIRELESS",
    "upgrade": "NULL_NA",
    "gnaf_pid": "GASA_415520585",
    "ee": true,
    "tech_change_status": "Not Planned",
    "program_type": "Fixed Wireless and Satellite Upgrade Program",
    "target_eligibility_quarter": "NA"
   }
  },
  {
   "type": "Feature",
   "geometry": {
    "type": "Point",
    "coordinates": [
     137.74622963,
     -35.0830465
    ]
   },
   "properties": {
    "name": "19 BLANCHE STREET EDITHBURGH 5583",
    "locID": "LOC000073560163",
    "tech": "WIRELESS",
    "upgrade": "NULL_NA",
    "gnaf_pid": "GASA_415520586",
    "ee": true,
    "tech_change_status": "Not Planned",
    "program_type": "Fixed Wireless and Satellite Upgrade Program",
    "target_eligibility_quarter": "NA"
   }
  },
  {
   "type": "Feature",
   "geometry": {
    "type": "Point",
    "coordinates": [
     137.74622901,
     -35.0828531
    ]
   },
   "properties": {
    "name": "17 BLANCHE STREET EDITHBURGH 5583",
    "locID": "LOC000020854632",
    "tech": "WIRELESS",
    "upgrade": "NULL_NA",
    "gnaf_pid": "GASA_415520587",
    "ee": true,
    "tech_change_status": "Not Planned",
    "program_type": "Fixed Wireless and Satellite Upgrade Program",
    "target_eligibility_quarter": "NA"
   }
  },
  {
   "type": "Feature",
   "geometry": {
    "type": "Point",
    "coordinates": [
     137.74616526,
     -35.0822863
    ]
   },
   "properties": {
    "name": "13 BLANCHE STREET EDITHBURGH 5583",
    "locID": "LOC000046853797",
    "tech": "WIRELESS",
    "upgrade": "NULL_NA",
    "gnaf_pid": "GASA_415520590",
    "ee": true,
    "tech_change_status": "Not Planned",
    "program_type": "Fixed Wireless and Satellite Upgrade Program",
    "target_eligibility_quarter": "NA"
   }
  },
  {
   "type": "Feature",
   "geometry": {
    "type": "Point",
    "coordinates": [
     137.74549588,
     -35.0830961
    ]
   },
   "properties": {
    "name": "6 HENRY STREET EDITHBURGH 5583",
    "locID": "LOC000022491527",
    "tech": "WIRELESS",
    "upgrade": "NULL_NA",
    "gnaf_pid": "GASA_415520639",
    "ee": true,
    "tech_change_status": "Not Planned",
    "program_type": "Fixed Wireless and Satellite Upgrade Program",
    "target_eligibility_quarter": "NA"
   }
  },
  {
   "type": "Feature",
   "geometry": {
    "type": "Point",
    "coordinates": [
     137.74462613,
     -35.0826848
    ]
   },
   "properties": {
    "name": "6 ANSTEY TERRACE EDITHBURGH 5583",
    "locID": "LOC000084244540",
    "tech": "WIRELESS",
    "upgrade": "NULL_NA",
    "gnaf_pid": "GASA_415520640",
    "ee": true,
    "tech_change_status": "Not Planned",
    "program_type": "Fixed Wireless and Satellite Upgrade Program",
    "target_eligibility_quarter": "NA"
   }
  },
  {
   "type": "Feature",
   "geometry": {
    "type": "Point",
    "coordinates": [
     137.74462476,
     -35.0823147
    ]
   },
   "properties": {
    "name": "4 ANSTEY TERRACE EDITHBURGH 5583",
    "locID": "LOC000039313630",
    "tech": "WIRELESS",
    "upgrade": "NULL_NA",
    "gnaf_pid": "GASA_415520641",
    "ee": true,
    "tech_change_status": "Not Planned",
    "program_type": "Fixed Wireless and Satellite Upgrade Program",
    "target_eligibility_quarter": "NA"
   }
  },
  {
   "type": "Feature",
   "geometry": {
    "type": "Point",
    "coordinates": [
     137.74508451,
     -35.0823952
    ]
   },
   "properties": {
    "name": "5 GEORGE STREET EDITHBURGH 5583",
    "locID": "LOC000081544403",
    "tech": "WIRELESS",
    "upgrade": "NULL_NA",
    "gnaf_pid": "GASA_415520643",
    "ee": true,
    "tech_change_status": "Not Planned",
    "program_type": "Fixed Wireless and Satellite Upgrade Program",
    "target_eligibility_quarter": "NA"
   }
  },
  {
   "type": "Feature",
   "geometry": {
    "type": "Point",
    "coordinates": [
     137.74551446,
     -35.08453511
    ]
   },
   "properties": {
    "name": "18 EDITH STREET EDITHBURGH 5583",
    "locID": "LOC000036153001",
    "tech": "WIRELESS",
    "upgrade": "NULL_NA",
    "gnaf_pid": "GASA_415520659",
    "ee": true,
    "tech_change_status": "Not Planned",
    "program_type": "Fixed Wireless and Satellite Upgrade Program",
    "target_eligibility_quarter": "NA"
   }
  },
  {
   "type": "Feature",
   "geometry": {
    "type": "Point",
    "coordinates": [
     137.74463126,
     -35.0841611
    ]
   },
   "properties": {
    "name": "12 ANSTEY TERRACE EDITHBURGH 5583",
    "locID": "LOC000075605250",
    "tech": "WIRELESS",
    "upgrade": "NULL_NA",
    "gnaf_pid": "GASA_415520660",
    "ee": true,
    "tech_change_status": "Not Planned",
    "program_type": "Fixed Wireless and Satellite Upgrade Program",
    "target_eligibility_quarter": "NA"
   }
  },
  {
   "type": "Feature",
   "geometry": {
    "type": "Point",
    "coordinates": [
     137.74463013,
     -35.0839405
    ]
   },
   "properties": {
    "name": "11 ANSTEY TERRACE EDITHBURGH 5583",
    "locID": "LOC000077276263",
    "tech": "WIRELESS",
    "upgrade": "NULL_NA",
    "gnaf_pid": "GASA_415520661",
    "ee": true,
    "tech_change_status": "Not Planned",
    "program_type": "Fixed Wireless and Satellite Upgrade Program",
    "target_eligibility_quarter": "NA"
   }
  },
  {
   "type": "Feature",
   "geometry": {
    "type": "Point",
    "coordinates": [
     137.74506713,
     -35.0837116
    ]
   },
   "properties": {
    "name": "15 HENRY STREET EDITHBURGH 5583",
    "locID": "LOC000033289302",
    "tech": "WIRELESS",
    "upgrade": "NULL_NA",
    "gnaf_pid": "GASA_415520663",
    "ee": true,
    "tech_change_status": "Not Planned",
    "program_type": "Fixed Wireless and Satellite Upgrade Program",
    "target_eligibility_quarter": "NA"
   }
  },
  {
   "type": "Feature",
   "geometry": {
    "type": "Point",
    "coordinates": [
     137.74524226,
     -35.0837115
    ]
   },
   "properties": {
    "name": "13 HENRY STREET EDITHBURGH 5583",
    "locID": "LOC000093749865",
    "tech": "WIRELESS",
    "upgrade": "NULL_NA",
    "gnaf_pid": "GASA_415520664",
    "ee": true,
    "tech_change_status": "Not Planned",
    "program_type": "Fixed Wireless and Satellite Upgrade Program",
    "target_eligibility_quarter": "NA"
   }
  },
  {
   "type": "Feature",
   "geometry": {
    "type": "Point",
    "coordinates": [
     137.74719656,
     -35.08570877
    ]
   },
   "properties": {
    "name": "21 O'HALLORAN PARADE EDITHBURGH 5583",
    "locID": "LOC000064014503",
    "tech": "WIRELESS",
    "upgrade": "NULL_NA",
    "gnaf_pid": "GASA_415520666",
    "ee": true,
    "tech_change_status": "Not Planned",
    "program_type": "Fixed Wireless and Satellite Upgrade Program",
    "target_eligibility_quarter": "NA"
   }
  },
  {
   "type": "Feature",
   "geometry": {
    "type": "Point",
    "coordinates": [
     137.74715393,
     -35.08593555
    ]
   },
   "properties": {
    "name": "22 O'HALLORAN PARADE EDITHBURGH 5583",
    "locID": "LOC000104125619",
    "tech": "WIRELESS",
    "upgrade": "NULL_NA",
    "gnaf_pid": "GASA_415520667",
    "ee": true,
    "tech_change_status": "Not Planned",
    "program_type": "Fixed Wireless and Satellite Upgrade Program",
    "target_eligibility_quarter": "NA"
   }
  },
  {
   "type": "Feature",
   "geometry": {
    "type": "Point",
    "coordinates": [
     137.74689113,
     -35.0858847
    ]
   },
   "properties": {
    "name": "2 CROSS STREET EDITHBURGH 5583",
    "locID": "LOC000060497859",
    "tech": "WIRELESS",
    "upgrade": "NULL_NA",
    "gnaf_pid": "GASA_415520668",
    "ee": true,
    "tech_change_status": "Not Planned",
    "program_type": "Fixed Wireless and Satellite Upgrade Program",
    "target_eligibility_quarter": "NA"
   }
  },
  {
   "type": "Feature",
   "geometry": {
    "type": "Point",
    "coordinates": [
     137.74668926,
     -35.0858856
    ]
   },
   "properties": {
    "name": "4 CROSS STREET EDITHBURGH 5583",
    "locID": "LOC000031786698",
    "tech": "WIRELESS",
    "upgrade": "NULL_NA",
    "gnaf_pid": "GASA_415520671",
    "ee": true,
    "tech_change_status": "Not Planned",
    "program_type": "Fixed Wireless and Satellite Upgrade Program",
    "target_eligibility_quarter": "NA"
   }
  },
  {
   "type": "Feature",
   "geometry": {
    "type": "Point",
    "coordinates": [
     137.74645776,
     -35.0858867
    ]
   },
   "properties": {
    "name": "6 CROSS STREET EDITHBURGH 5583",
    "locID": "LOC000027528569",
    "tech": "WIRELESS",
    "upgrade": "NULL_NA",
    "gnaf_pid": "GASA_415520672",
    "ee": true,
    "tech_change_status": "Not Planned",
    "program_type": "Fixed Wireless and Satellite Upgrade Program",
    "target_eligibility_quarter": "NA"
   }
  },
  {
   "type": "Feature",
   "geometry": {
    "type": "Point",
    "coordinates": [
     137.74611941,
     -35.08598312
    ]
   },
   "properties": {
    "name": "41 BLANCHE STREET EDITHBURGH 5583",
    "locID": "LOC000009219397",
    "tech": "WIRELESS",
    "upgrade": "NULL_NA",
    "gnaf_pid": "GASA_415520673",
    "ee": true,
    "tech_change_status": "Not Planned",
    "program_type": "Fixed Wireless and Satellite Upgrade Program",
    "target_eligibility_quarter": "NA"
   }
  },
  {
   "type": "Feature",
   "geometry": {
    "type": "Point",
    "coordinates": [
     137.74446251,
     -35.0853495
    ]
   },
   "properties": {
    "name": "15 ANSTEY TERRACE EDITHBURGH 5583",
    "locID": "LOC000104775301",
    "tech": "WIRELESS",
    "upgrade": "NULL_NA",
    "gnaf_pid": "GASA_415521465",
    "ee": true,
    "tech_change_status": "Not Planned",
    "program_type": "Fixed Wireless and Satellite Upgrade Program",
    "target_eligibility_quarter": "NA"
   }
  },
  {
   "type": "Feature",
   "geometry": {
    "type": "Point",
    "coordinates": [
     137.74446001,
     -35.0850625
    ]
   },
   "properties": {
    "name": "23 EDITH STREET EDITHBURGH 5583",
    "locID": "LOC000004181126",
    "tech": "WIRELESS",
    "upgrade": "NULL_NA",
    "gnaf_pid": "GASA_415521466",
    "ee": true,
    "tech_change_status": "Not Planned",
    "program_type": "Fixed Wireless and Satellite Upgrade Program",
    "target_eligibility_quarter": "NA"
   }
  },
  {
   "type": "Feature",
   "geometry": {
    "type": "Point",
    "coordinates": [
     137.74472313,
     -35.0852212
    ]
   },
   "properties": {
    "name": "21 EDITH STREET EDITHBURGH 5583",
    "locID": "LOC000046815546",
    "tech": "WIRELESS",
    "upgrade": "NULL_NA",
    "gnaf_pid": "GASA_415521467",
    "ee": true,
    "tech_change_status": "Not Planned",
    "program_type": "Fixed Wireless and Satellite Upgrade Program",
    "target_eligibility_quarter": "NA"
   }
  },
  {
   "type": "Feature",
   "geometry": {
    "type": "Point",
    "coordinates": [
     137.74489763,
     -35.0852207
    ]
   },
   "properties": {
    "name": "19 EDITH STREET EDITHBURGH 5583",
    "locID": "LOC000098895542",
    "tech": "WIRELESS",
    "upgrade": "NULL_NA",
    "gnaf_pid": "GASA_415521468",
    "ee": true,
    "tech_change_status": "Not Planned",
    "program_type": "Fixed Wireless and Satellite Upgrade Program",
    "target_eligibility_quarter": "NA"
   }
  },
  {
   "type": "Feature",
   "geometry": {
    "type": "Point",
    "coordinates": [
     137.74677645,
     -35.08712043
    ]
   },
   "properties": {
    "name": "26 O'HALLORAN PARADE EDITHBURGH 5583",
    "locID": "LOC000106910382",
    "tech": "WIRELESS",
    "upgrade": "NULL_NA",
    "gnaf_pid": "GASA_415521470",
    "ee": true,
    "tech_change_status": "Not Planned",
    "program_type": "Fixed Wireless and Satellite Upgrade Program",
    "target_eligibility_quarter": "NA"
   }
  },
  {
   "type": "Feature",
   "geometry": {
    "type": "Point",
    "coordinates": [
     137.74676036,
     -35.08726634
    ]
   },
   "properties": {
    "name": "27 O'HALLORAN PARADE EDITHBURGH 5583",
    "locID": "LOC000094620675",
    "tech": "WIRELESS",
    "upgrade": "NULL_NA",
    "gnaf_pid": "GASA_415521471",
    "ee": true,
    "tech_change_status": "Not Planned",
    "program_type": "Fixed Wireless and Satellite Upgrade Program",
    "target_eligibility_quarter": "NA"
   }
  },
  {
   "type": "Feature",
   "geometry": {
    "type": "Point",
    "coordinates": [
     137.74679608,
     -35.08735742
    ]
   },
   "properties": {
    "name": "28 O'HALLORAN PARADE EDITHBURGH 5583",
    "locID": "LOC000104948261",
    "tech": "WIRELESS",
    "upgrade": "NULL_NA",
    "gnaf_pid": "GASA_415521472",
    "ee": true,
    "tech_change_status": "Not Planned",
    "program_type": "Fixed Wireless and Satellite Upgrade Program",
    "target_eligibility_quarter": "NA"
   }
  },
  {
   "type": "Feature",
   "geometry": {
    "type": "Point",
    "coordinates": [
     137.7462015,
     -35.087313
    ]
   },
   "properties": {
    "name": "53 BLANCHE STREET EDITHBURGH 5583",
    "locID": "LOC000017864980",
    "tech": "WIRELESS",
    "upgrade": "NULL_NA",
    "gnaf_pid": "GASA_415521473",
    "ee": true,
    "tech_change_status": "Not Planned",
    "program_type": "Fixed Wireless and Satellite Upgrade Program",
    "target_eligibility_quarter": "NA"
   }
  },
  {
   "type": "Feature",
   "geometry": {
    "type": "Point",
    "coordinates": [
     137.74620026,
     -35.0871237
    ]
   },
   "properties": {
    "name": "51 BLANCHE STREET EDITHBURGH 5583",
    "locID": "LOC000030764309",
    "tech": "WIRELESS",
    "upgrade": "NULL_NA",
    "gnaf_pid": "GASA_415521474",
    "ee": true,
    "tech_change_status": "Not Planned",
    "program_type": "Fixed Wireless and Satellite Upgrade Program",
    "target_eligibility_quarter": "NA"
   }
  },
  {
   "type": "Feature",
   "geometry": {
    "type": "Point",
    "coordinates": [
     137.74637347,
     -35.08645276
    ]
   },
   "properties": {
    "name": "5 CROSS STREET EDITHBURGH 5583",
    "locID": "LOC000031882381",
    "tech": "WIRELESS",
    "upgrade": "NULL_NA",
    "gnaf_pid": "GASA_415521477",
    "ee": true,
    "tech_change_status": "Not Planned",
    "program_type": "Fixed Wireless and Satellite Upgrade Program",
    "target_eligibility_quarter": "NA"
   }
  },
  {
   "type": "Feature",
   "geometry": {
    "type": "Point",
    "coordinates": [
     137.74664738,
     -35.0863695
    ]
   },
   "properties": {
    "name": "3 CROSS STREET EDITHBURGH 5583",
    "locID": "LOC000131659418",
    "tech": "WIRELESS",
    "upgrade": "NULL_NA",
    "gnaf_pid": "GASA_415521478",
    "ee": true,
    "tech_change_status": "Not Planned",
    "program_type": "Fixed Wireless and Satellite Upgrade Program",
    "target_eligibility_quarter": "NA"
   }
  },
  {
   "type": "Feature",
   "geometry": {
    "type": "Point",
    "coordinates": [
     137.74542388,
     -35.0869308
    ]
   },
   "properties": {
    "name": "38 BLANCHE STREET EDITHBURGH 5583",
    "locID": "LOC000083704934",
    "tech": "WIRELESS",
    "upgrade": "NULL_NA",
    "gnaf_pid": "GASA_415524094",
    "ee": true,
    "tech_change_status": "Not Planned",
    "program_type": "Fixed Wireless and Satellite Upgrade Program",
    "target_eligibility_quarter": "NA"
   }
  },
  {
   "type": "Feature",
   "geometry": {
    "type": "Point",
    "coordinates": [
     137.74542601,
     -35.0873121
    ]
   },
   "properties": {
    "name": "42 BLANCHE STREET EDITHBURGH 5583",
    "locID": "LOC000043004507",
    "tech": "WIRELESS",
    "upgrade": "NULL_NA",
    "gnaf_pid": "GASA_415524095",
    "ee": true,
    "tech_change_status": "Not Planned",
    "program_type": "Fixed Wireless and Satellite Upgrade Program",
    "target_eligibility_quarter": "NA"
   }
  },
  {
   "type": "Feature",
   "geometry": {
    "type": "Point",
    "coordinates": [
     137.74507513,
     -35.0871238
    ]
   },
   "properties": {
    "name": "2 THOMAS STREET EDITHBURGH 5583",
    "locID": "LOC000021795816",
    "tech": "WIRELESS",
    "upgrade": "NULL_NA",
    "gnaf_pid": "GASA_415524096",
    "ee": true,
    "tech_change_status": "Not Planned",
    "program_type": "Fixed Wireless and Satellite Upgrade Program",
    "target_eligibility_quarter": "NA"
   }
  },
  {
   "type": "Feature",
   "geometry": {
    "type": "Point",
    "coordinates": [
     137.74487901,
     -35.0872537
    ]
   },
   "properties": {
    "name": "4 THOMAS STREET EDITHBURGH 5583",
    "locID": "LOC000015330631",
    "tech": "WIRELESS",
    "upgrade": "NULL_NA",
    "gnaf_pid": "GASA_415524097",
    "ee": true,
    "tech_change_status": "Not Planned",
    "program_type": "Fixed Wireless and Satellite Upgrade Program",
    "target_eligibility_quarter": "NA"
   }
  },
  {
   "type": "Feature",
   "geometry": {
    "type": "Point",
    "coordinates": [
     137.74441175,
     -35.0872551
    ]
   },
   "properties": {
    "name": "8 THOMAS STREET EDITHBURGH 5583",
    "locID": "LOC000052805340",
    "tech": "WIRELESS",
    "upgrade": "NULL_NA",
    "gnaf_pid": "GASA_415524098",
    "ee": true,
    "tech_change_status": "Not Planned",
    "program_type": "Fixed Wireless and Satellite Upgrade Program",
    "target_eligibility_quarter": "NA"
   }
  },
  {
   "type": "Feature",
   "geometry": {
    "type": "Point",
    "coordinates": [
     137.74464263,
     -35.0869676
    ]
   },
   "properties": {
    "name": "19 ANSTEY TERRACE EDITHBURGH 5583",
    "locID": "LOC000028307998",
    "tech": "WIRELESS",
    "upgrade": "NULL_NA",
    "gnaf_pid": "GASA_415524099",
    "ee": true,
    "tech_change_status": "Not Planned",
    "program_type": "Fixed Wireless and Satellite Upgrade Program",
    "target_eligibility_quarter": "NA"
   }
  },
  {
   "type": "Feature",
   "geometry": {
    "type": "Point",
    "coordinates": [
     137.74464088,
     -35.0867645
    ]
   },
   "properties": {
    "name": "18 ANSTEY TERRACE EDITHBURGH 5583",
    "locID": "LOC000109237083",
    "tech": "WIRELESS",
    "upgrade": "NULL_NA",
    "gnaf_pid": "GASA_415524100",
    "ee": true,
    "tech_change_status": "Not Planned",
    "program_type": "Fixed Wireless and Satellite Upgrade Program",
    "target_eligibility_quarter": "NA"
   }
  },
  {
   "type": "Feature",
   "geometry": {
    "type": "Point",
    "coordinates": [
     137.74678534,
     -35.0886357
    ]
   },
   "properties": {
    "name": "33 O'HALLORAN PARADE EDITHBURGH 5583",
    "locID": "LOC000037697633",
    "tech": "WIRELESS",
    "upgrade": "NULL_NA",
    "gnaf_pid": "GASA_415524118",
    "ee": true,
    "tech_change_status": "Not Planned",
    "program_type": "Fixed Wireless and Satellite Upgrade Program",
    "target_eligibility_quarter": "NA"
   }
  },
  {
   "type": "Feature",
   "geometry": {
    "type": "Point",
    "coordinates": [
     137.74620938,
     -35.0886411
    ]
   },
   "properties": {
    "name": "65 BLANCHE STREET EDITHBURGH 5583",
    "locID": "LOC000019276376",
    "tech": "WIRELESS",
    "upgrade": "NULL_NA",
    "gnaf_pid": "GASA_415524119",
    "ee": true,
    "tech_change_status": "Not Planned",
    "program_type": "Fixed Wireless and Satellite Upgrade Program",
    "target_eligibility_quarter": "NA"
   }
  },
  {
   "type": "Feature",
   "geometry": {
    "type": "Point",
    "coordinates": [
     137.74620788,
     -35.0882596
    ]
   },
   "properties": {
    "name": "61 BLANCHE STREET EDITHBURGH 5583",
    "locID": "LOC000039157470",
    "tech": "WIRELESS",
    "upgrade": "NULL_NA",
    "gnaf_pid": "GASA_415524131",
    "ee": true,
    "tech_change_status": "Not Planned",
    "program_type": "Fixed Wireless and Satellite Upgrade Program",
    "target_eligibility_quarter": "NA"
   }
  },
  {
   "type": "Feature",
   "geometry": {
    "type": "Point",
    "coordinates": [
     137.74620701,
     -35.0880681
    ]
   },
   "properties": {
    "name": "59 BLANCHE STREET EDITHBURGH 5583",
    "locID": "LOC000049865850",
    "tech": "WIRELESS",
    "upgrade": "NULL_NA",
    "gnaf_pid": "GASA_415524132",
    "ee": true,
    "tech_change_status": "Not Planned",
    "program_type": "Fixed Wireless and Satellite Upgrade Program",
    "target_eligibility_quarter": "NA"
   }
  },
  {
   "type": "Feature",
   "geometry": {
    "type": "Point",
    "coordinates": [
     137.7466515,
     -35.0877835
    ]
   },
   "properties": {
    "name": "1 THOMAS STREET EDITHBURGH 5583",
    "locID": "LOC000016949715",
    "tech": "WIRELESS",
    "upgrade": "NULL_NA",
    "gnaf_pid": "GASA_415524133",
    "ee": true,
    "tech_change_status": "Not Planned",
    "program_type": "Fixed Wireless and Satellite Upgrade Program",
    "target_eligibility_quarter": "NA"
   }
  },
  {
   "type": "Feature",
   "geometry": {
    "type": "Point",
    "coordinates": [
     137.74552313,
     -35.0877353
    ]
   },
   "properties": {
    "name": "44 BLANCHE STREET EDITHBURGH 5583",
    "locID": "LOC000028265169",
    "tech": "WIRELESS",
    "upgrade": "NULL_NA",
    "gnaf_pid": "GASA_415524134",
    "ee": true,
    "tech_change_status": "Not Planned",
    "program_type": "Fixed Wireless and Satellite Upgrade Program",
    "target_eligibility_quarter": "NA"
   }
  },
  {
   "type": "Feature",
   "geometry": {
    "type": "Point",
    "coordinates": [
     137.74552513,
     -35.0885973
    ]
   },
   "properties": {
    "name": "50 BLANCHE STREET EDITHBURGH 5583",
    "locID": "LOC000013394311",
    "tech": "WIRELESS",
    "upgrade": "NULL_NA",
    "gnaf_pid": "GASA_415524135",
    "ee": true,
    "tech_change_status": "Not Planned",
    "program_type": "Fixed Wireless and Satellite Upgrade Program",
    "target_eligibility_quarter": "NA"
   }
  },
  {
   "type": "Feature",
   "geometry": {
    "type": "Point",
    "coordinates": [
     137.74456313,
     -35.0885981
    ]
   },
   "properties": {
    "name": "22 ANSTEY TERRACE EDITHBURGH 5583",
    "locID": "LOC000096804708",
    "tech": "WIRELESS",
    "upgrade": "NULL_NA",
    "gnaf_pid": "GASA_415524136",
    "ee": true,
    "tech_change_status": "Not Planned",
    "program_type": "Fixed Wireless and Satellite Upgrade Program",
    "target_eligibility_quarter": "NA"
   }
  },
  {
   "type": "Feature",
   "geometry": {
    "type": "Point",
    "coordinates": [
     137.74456101,
     -35.0883096
    ]
   },
   "properties": {
    "name": "21 ANSTEY TERRACE EDITHBURGH 5583",
    "locID": "LOC000083099774",
    "tech": "WIRELESS",
    "upgrade": "NULL_NA",
    "gnaf_pid": "GASA_415524137",
    "ee": true,
    "tech_change_status": "Not Planned",
    "program_type": "Fixed Wireless and Satellite Upgrade Program",
    "target_eligibility_quarter": "NA"
   }
  },
  {
   "type": "Feature",
   "geometry": {
    "type": "Point",
    "coordinates": [
     137.74447088,
     -35.0880227
    ]
   },
   "properties": {
    "name": "20 ANSTEY TERRACE EDITHBURGH 5583",
    "locID": "LOC000106736350",
    "tech": "WIRELESS",
    "upgrade": "NULL_NA",
    "gnaf_pid": "GASA_415524138",
    "ee": true,
    "tech_change_status": "Not Planned",
    "program_type": "Fixed Wireless and Satellite Upgrade Program",
    "target_eligibility_quarter": "NA"
   }
  },
  {
   "type": "Feature",
   "geometry": {
    "type": "Point",
    "coordinates": [
     137.74446963,
     -35.0877366
    ]
   },
   "properties": {
    "name": "9 THOMAS STREET EDITHBURGH 5583",
    "locID": "LOC000095517306",
    "tech": "WIRELESS",
    "upgrade": "NULL_NA",
    "gnaf_pid": "GASA_415524139",
    "ee": true,
    "tech_change_status": "Not Planned",
    "program_type": "Fixed Wireless and Satellite Upgrade Program",
    "target_eligibility_quarter": "NA"
   }
  },
  {
   "type": "Feature",
   "geometry": {
    "type": "Point",
    "coordinates": [
     137.74559213,
     -35.0920833
    ]
   },
   "properties": {
    "name": "2 SULTANA POINT ROAD EDITHBURGH 5583",
    "locID": "LOC000026191132",
    "tech": "WIRELESS",
    "upgrade": "NULL_NA",
    "gnaf_pid": "GASA_415524140",
    "ee": true,
    "tech_change_status": "Not Planned",
    "program_type": "Fixed Wireless and Satellite Upgrade Program",
    "target_eligibility_quarter": "NA"
   }
  },
  {
   "type": "Feature",
   "geometry": {
    "type": "Point",
    "coordinates": [
     137.74440263,
     -35.0919966
    ]
   },
   "properties": {
    "name": "3 PANFRY TERRACE EDITHBURGH 5583",
    "locID": "LOC000116329422",
    "tech": "WIRELESS",
    "upgrade": "NULL_NA",
    "gnaf_pid": "GASA_415524434",
    "ee": true,
    "tech_change_status": "Not Planned",
    "program_type": "Fixed Wireless and Satellite Upgrade Program",
    "target_eligibility_quarter": "NA"
   }
  },
  {
   "type": "Feature",
   "geometry": {
    "type": "Point",
    "coordinates": [
     137.74036365,
     -35.09220643
    ]
   },
   "properties": {
    "name": "1 OLD HONITON ROAD EDITHBURGH 5583",
    "locID": "LOC000014349526",
    "tech": "WIRELESS",
    "upgrade": "NULL_NA",
    "gnaf_pid": "GASA_415528721",
    "ee": true,
    "tech_change_status": "Not Planned",
    "program_type": "Fixed Wireless and Satellite Upgrade Program",
    "target_eligibility_quarter": "NA"
   }
  },
  {
   "type": "Feature",
   "geometry": {
    "type": "Point",
    "coordinates": [
     137.74173501,
     -35.0921372
    ]
   },
   "properties": {
    "name": "12 PANFRY TERRACE EDITHBURGH 5583",
    "locID": "LOC000003421248",
    "tech": "WIRELESS",
    "upgrade": "NULL_NA",
    "gnaf_pid": "GASA_415528725",
    "ee": true,
    "tech_change_status": "Not Planned",
    "program_type": "Fixed Wireless and Satellite Upgrade Program",
    "target_eligibility_quarter": "NA"
   }
  },
  {
   "type": "Feature",
   "geometry": {
    "type": "Point",
    "coordinates": [
     137.74033533,
     -35.0863085
    ]
   },
   "properties": {
    "name": "46 PARK TERRACE EDITHBURGH 5583",
    "locID": "LOC000097290381",
    "tech": "WIRELESS",
    "upgrade": "NULL_NA",
    "gnaf_pid": "GASA_415528734",
    "ee": true,
    "tech_change_status": "Not Planned",
    "program_type": "Fixed Wireless and Satellite Upgrade Program",
    "target_eligibility_quarter": "NA"
   }
  },
  {
   "type": "Feature",
   "geometry": {
    "type": "Point",
    "coordinates": [
     137.74023663,
     -35.0915458
    ]
   },
   "properties": {
    "name": "4 OLD HONITON ROAD EDITHBURGH 5583",
    "locID": "LOC000060404167",
    "tech": "WIRELESS",
    "upgrade": "NULL_NA",
    "gnaf_pid": "GASA_415528735",
    "ee": true,
    "tech_change_status": "Not Planned",
    "program_type": "Fixed Wireless and Satellite Upgrade Program",
    "target_eligibility_quarter": "NA"
   }
  },
  {
   "type": "Feature",
   "geometry": {
    "type": "Point",
    "coordinates": [
     137.73635413,
     -35.0855531
    ]
   },
   "properties": {
    "name": "3 GRACE STREET EDITHBURGH 5583",
    "locID": "LOC000011847343",
    "tech": "WIRELESS",
    "upgrade": "NULL_NA",
    "gnaf_pid": "GASA_415528736",
    "ee": true,
    "tech_change_status": "Not Planned",
    "program_type": "Fixed Wireless and Satellite Upgrade Program",
    "target_eligibility_quarter": "NA"
   }
  },
  {
   "type": "Feature",
   "geometry": {
    "type": "Point",
    "coordinates": [
     137.73625951,
     -35.0864978
    ]
   },
   "properties": {
    "name": "11 GRACE STREET EDITHBURGH 5583",
    "locID": "LOC000078170761",
    "tech": "WIRELESS",
    "upgrade": "NULL_NA",
    "gnaf_pid": "GASA_415528737",
    "ee": true,
    "tech_change_status": "Not Planned",
    "program_type": "Fixed Wireless and Satellite Upgrade Program",
    "target_eligibility_quarter": "NA"
   }
  },
  {
   "type": "Feature",
   "geometry": {
    "type": "Point",
    "coordinates": [
     137.73917851,
     -35.085145
    ]
   },
   "properties": {
    "name": "9 GILLERTON TERRACE EDITHBURGH 5583",
    "locID": "LOC000011747600",
    "tech": "WIRELESS",
    "upgrade": "NULL_NA",
    "gnaf_pid": "GASA_415528738",
    "ee": true,
    "tech_change_status": "Not Planned",
    "program_type": "Fixed Wireless and Satellite Upgrade Program",
    "target_eligibility_quarter": "NA"
   }
  },
  {
   "type": "Feature",
   "geometry": {
    "type": "Point",
    "coordinates": [
     137.73943501,
     -35.0929107
    ]
   },
   "properties": {
    "name": "11 OLD HONITON ROAD EDITHBURGH 5583",
    "locID": "LOC000031783040",
    "tech": "WIRELESS",
    "upgrade": "NULL_NA",
    "gnaf_pid": "GASA_415531317",
    "ee": true,
    "tech_change_status": "Not Planned",
    "program_type": "Fixed Wireless and Satellite Upgrade Program",
    "target_eligibility_quarter": "NA"
   }
  },
  {
   "type": "Feature",
   "geometry": {
    "type": "Point",
    "coordinates": [
     137.74000451,
     -35.0924841
    ]
   },
   "properties": {
    "name": "5 OLD HONITON ROAD EDITHBURGH 5583",
    "locID": "LOC000031783040",
    "tech": "WIRELESS",
    "upgrade": "NULL_NA",
    "gnaf_pid": "GASA_415531319",
    "ee": true,
    "tech_change_status": "Not Planned",
    "program_type": "Fixed Wireless and Satellite Upgrade Program",
    "target_eligibility_quarter": "NA"
   }
  },
  {
   "type": "Feature",
   "geometry": {
    "type": "Point",
    "coordinates": [
     137.74089975,
     -35.0926253
    ]
   },
   "properties": {
    "name": "13 PANFRY TERRACE EDITHBURGH 5583",
    "locID": "LOC000018795462",
    "tech": "WIRELESS",
    "upgrade": "NULL_NA",
    "gnaf_pid": "GASA_415531320",
    "ee": true,
    "tech_change_status": "Not Planned",
    "program_type": "Fixed Wireless and Satellite Upgrade Program",
    "target_eligibility_quarter": "NA"
   }
  },
  {
   "type": "Feature",
   "geometry": {
    "type": "Point",
    "coordinates": [
     137.74014126,
     -35.0924095
    ]
   },
   "properties": {
    "name": "3 OLD HONITON ROAD EDITHBURGH 5583",
    "locID": "LOC000116329467",
    "tech": "WIRELESS",
    "upgrade": "NULL_NA",
    "gnaf_pid": "GASA_415531325",
    "ee": true,
    "tech_change_status": "Not Planned",
    "program_type": "Fixed Wireless and Satellite Upgrade Program",
    "target_eligibility_quarter": "NA"
   }
  },
  {
   "type": "Feature",
   "geometry": {
    "type": "Point",
    "coordinates": [
     137.73952976,
     -35.0851438
    ]
   },
   "properties": {
    "name": "7 GILLERTON TERRACE EDITHBURGH 5583",
    "locID": "LOC000039304225",
    "tech": "WIRELESS",
    "upgrade": "NULL_NA",
    "gnaf_pid": "GASA_415531352",
    "ee": true,
    "tech_change_status": "Not Planned",
    "program_type": "Fixed Wireless and Satellite Upgrade Program",
    "target_eligibility_quarter": "NA"
   }
  },
  {
   "type": "Feature",
   "geometry": {
    "type": "Point",
    "coordinates": [
     137.73985551,
     -35.0851428
    ]
   },
   "properties": {
    "name": "5 GILLERTON TERRACE EDITHBURGH 5583",
    "locID": "LOC000082254572",
    "tech": "WIRELESS",
    "upgrade": "NULL_NA",
    "gnaf_pid": "GASA_415531353",
    "ee": true,
    "tech_change_status": "Not Planned",
    "program_type": "Fixed Wireless and Satellite Upgrade Program",
    "target_eligibility_quarter": "NA"
   }
  },
  {
   "type": "Feature",
   "geometry": {
    "type": "Point",
    "coordinates": [
     137.74030015,
     -35.08140632
    ]
   },
   "properties": {
    "name": "6 PARK TERRACE EDITHBURGH 5583",
    "locID": "LOC000064620276",
    "tech": "WIRELESS",
    "upgrade": "NULL_NA",
    "gnaf_pid": "GASA_415531355",
    "ee": true,
    "tech_change_status": "Not Planned",
    "program_type": "Fixed Wireless and Satellite Upgrade Program",
    "target_eligibility_quarter": "NA"
   }
  },
  {
   "type": "Feature",
   "geometry": {
    "type": "Point",
    "coordinates": [
     137.74070948,
     -35.08631811
    ]
   },
   "properties": {
    "name": "7 PARK TERRACE EDITHBURGH 5583",
    "locID": "LOC100077369694",
    "tech": "WIRELESS",
    "upgrade": "NULL_NA",
    "gnaf_pid": "GASA_415531357",
    "ee": true,
    "tech_change_status": "Not Planned",
    "program_type": "Fixed Wireless and Satellite Upgrade Program",
    "target_eligibility_quarter": "NA"
   }
  },
  {
   "type": "Feature",
   "geometry": {
    "type": "Point",
    "coordinates": [
     137.73706601,
     -35.0844056
    ]
   },
   "properties": {
    "name": "30 GILLERTON TERRACE EDITHBURGH 5583",
    "locID": "LOC000065687076",
    "tech": "WIRELESS",
    "upgrade": "NULL_NA",
    "gnaf_pid": "GASA_415531364",
    "ee": true,
    "tech_change_status": "Not Planned",
    "program_type": "Fixed Wireless and Satellite Upgrade Program",
    "target_eligibility_quarter": "NA"
   }
  },
  {
   "type": "Feature",
   "geometry": {
    "type": "Point",
    "coordinates": [
     137.7467938,
     -35.08672404
    ]
   },
   "properties": {
    "name": "25 O'HALLORAN PARADE EDITHBURGH 5583",
    "locID": "LOC000131815941",
    "tech": "WIRELESS",
    "upgrade": "NULL_NA",
    "gnaf_pid": "GASA_415533455",
    "ee": true,
    "tech_change_status": "Not Planned",
    "program_type": "Fixed Wireless and Satellite Upgrade Program",
    "target_eligibility_quarter": "NA"
   }
  },
  {
   "type": "Feature",
   "geometry": {
    "type": "Point",
    "coordinates": [
     137.74009075,
     -35.0836492
    ]
   },
   "properties": {
    "name": "26 PARK TERRACE EDITHBURGH 5583",
    "locID": "LOC000037615997",
    "tech": "WIRELESS",
    "upgrade": "NULL_NA",
    "gnaf_pid": "GASA_415540246",
    "ee": true,
    "tech_change_status": "Not Planned",
    "program_type": "Fixed Wireless and Satellite Upgrade Program",
    "target_eligibility_quarter": "NA"
   }
  },
  {
   "type": "Feature",
   "geometry": {
    "type": "Point",
    "coordinates": [
     137.74009112,
     -35.083421
    ]
   },
   "properties": {
    "name": "24 PARK TERRACE EDITHBURGH 5583",
    "locID": "LOC000077039907",
    "tech": "WIRELESS",
    "upgrade": "NULL_NA",
    "gnaf_pid": "GASA_415540248",
    "ee": true,
    "tech_change_status": "Not Planned",
    "program_type": "Fixed Wireless and Satellite Upgrade Program",
    "target_eligibility_quarter": "NA"
   }
  },
  {
   "type": "Feature",
   "geometry": {
    "type": "Point",
    "coordinates": [
     137.74732476,
     -35.08274021
    ]
   },
   "properties": {
    "name": "10 O'HALLORAN PARADE EDITHBURGH 5583",
    "locID": "LOC000052950646",
    "tech": "WIRELESS",
    "upgrade": "NULL_NA",
    "gnaf_pid": "GASA_415540518",
    "ee": true,
    "tech_change_status": "Not Planned",
    "program_type": "Fixed Wireless and Satellite Upgrade Program",
    "target_eligibility_quarter": "NA"
   }
  },
  {
   "type": "Feature",
   "geometry": {
    "type": "Point",
    "coordinates": [
     137.74535463,
     -35.0924236
    ]
   },
   "properties": {
    "name": "4 SULTANA POINT ROAD EDITHBURGH 5583",
    "locID": "LOC000030273272",
    "tech": "WIRELESS",
    "upgrade": "NULL_NA",
    "gnaf_pid": "GASA_415555893",
    "ee": true,
    "tech_change_status": "Not Planned",
    "program_type": "Fixed Wireless and Satellite Upgrade Program",
    "target_eligibility_quarter": "NA"
   }
  },
  {
   "type": "Feature",
   "geometry": {
    "type": "Point",
    "coordinates": [
     137.74525034,
     -35.09259821
    ]
   },
   "properties": {
    "name": "5 SULTANA POINT ROAD EDITHBURGH 5583",
    "locID": "LOC000057384675",
    "tech": "WIRELESS",
    "upgrade": "NULL_NA",
    "gnaf_pid": "GASA_415555894",
    "ee": true,
    "tech_change_status": "Not Planned",
    "program_type": "Fixed Wireless and Satellite Upgrade Program",
    "target_eligibility_quarter": "NA"
   }
  },
  {
   "type": "Feature",
   "geometry": {
    "type": "Point",
    "coordinates": [
     137.74029975,
     -35.08122579
    ]
   },
   "properties": {
    "name": "4 PARK TERRACE EDITHBURGH 5583",
    "locID": "LOC000026693891",
    "tech": "WIRELESS",
    "upgrade": "NULL_NA",
    "gnaf_pid": "GASA_415558674",
    "ee": true,
    "tech_change_status": "Not Planned",
    "program_type": "Fixed Wireless and Satellite Upgrade Program",
    "target_eligibility_quarter": "NA"
   }
  },
  {
   "type": "Feature",
   "geometry": {
    "type": "Point",
    "coordinates": [
     137.74014851,
     -35.0850025
    ]
   },
   "properties": {
    "name": "3 GILLERTON TERRACE EDITHBURGH 5583",
    "locID": "LOC000010842926",
    "tech": "WIRELESS",
    "upgrade": "NULL_NA",
    "gnaf_pid": "GASA_415559970",
    "ee": true,
    "tech_change_status": "Not Planned",
    "program_type": "Fixed Wireless and Satellite Upgrade Program",
    "target_eligibility_quarter": "NA"
   }
  },
  {
   "type": "Feature",
   "geometry": {
    "type": "Point",
    "coordinates": [
     137.74041488,
     -35.0850018
    ]
   },
   "properties": {
    "name": "1 GILLERTON TERRACE EDITHBURGH 5583",
    "locID": "LOC000037884605",
    "tech": "WIRELESS",
    "upgrade": "NULL_NA",
    "gnaf_pid": "GASA_415559971",
    "ee": true,
    "tech_change_status": "Not Planned",
    "program_type": "Fixed Wireless and Satellite Upgrade Program",
    "target_eligibility_quarter": "NA"
   }
  },
  {
   "type": "Feature",
   "geometry": {
    "type": "Point",
    "coordinates": [
     137.74455013,
     -35.0855851
    ]
   },
   "properties": {
    "name": "16 ANSTEY TERRACE EDITHBURGH 5583",
    "locID": "LOC000075169918",
    "tech": "WIRELESS",
    "upgrade": "NULL_NA",
    "gnaf_pid": "GASA_415560146",
    "ee": true,
    "tech_change_status": "Not Planned",
    "program_type": "Fixed Wireless and Satellite Upgrade Program",
    "target_eligibility_quarter": "NA"
   }
  },
  {
   "type": "Feature",
   "geometry": {
    "type": "Point",
    "coordinates": [
     137.74455088,
     -35.0857351
    ]
   },
   "properties": {
    "name": "17 ANSTEY TERRACE EDITHBURGH 5583",
    "locID": "LOC000048607486",
    "tech": "WIRELESS",
    "upgrade": "NULL_NA",
    "gnaf_pid": "GASA_415560147",
    "ee": true,
    "tech_change_status": "Not Planned",
    "program_type": "Fixed Wireless and Satellite Upgrade Program",
    "target_eligibility_quarter": "NA"
   }
  },
  {
   "type": "Feature",
   "geometry": {
    "type": "Point",
    "coordinates": [
     137.74468213,
     -35.085944
    ]
   },
   "properties": {
    "name": "12 CROSS STREET EDITHBURGH 5583",
    "locID": "LOC000028455457",
    "tech": "WIRELESS",
    "upgrade": "NULL_NA",
    "gnaf_pid": "GASA_415560149",
    "ee": true,
    "tech_change_status": "Not Planned",
    "program_type": "Fixed Wireless and Satellite Upgrade Program",
    "target_eligibility_quarter": "NA"
   }
  },
  {
   "type": "Feature",
   "geometry": {
    "type": "Point",
    "coordinates": [
     137.74452963,
     -35.0843093
    ]
   },
   "properties": {
    "name": "13 ANSTEY TERRACE EDITHBURGH 5583",
    "locID": "LOC000016241540",
    "tech": "WIRELESS",
    "upgrade": "NULL_NA",
    "gnaf_pid": "GASA_415560754",
    "ee": true,
    "tech_change_status": "Not Planned",
    "program_type": "Fixed Wireless and Satellite Upgrade Program",
    "target_eligibility_quarter": "NA"
   }
  },
  {
   "type": "Feature",
   "geometry": {
    "type": "Point",
    "coordinates": [
     137.74250429,
     -35.09741173
    ]
   },
   "properties": {
    "name": "72 SULTANA POINT ROAD EDITHBURGH 5583",
    "locID": "LOC000116365163",
    "tech": "WIRELESS",
    "upgrade": "NULL_NA",
    "gnaf_pid": "GASA_415562777",
    "ee": true,
    "tech_change_status": "Not Planned",
    "program_type": "Fixed Wireless and Satellite Upgrade Program",
    "target_eligibility_quarter": "NA"
   }
  },
  {
   "type": "Feature",
   "geometry": {
    "type": "Point",
    "coordinates": [
     137.74070948,
     -35.08631811
    ]
   },
   "properties": {
    "name": "29 PARK TERRACE EDITHBURGH 5583",
    "locID": "LOC000016164217",
    "tech": "WIRELESS",
    "upgrade": "NULL_NA",
    "gnaf_pid": "GASA_415563366",
    "ee": true,
    "tech_change_status": "Not Planned",
    "program_type": "Fixed Wireless and Satellite Upgrade Program",
    "target_eligibility_quarter": "NA"
   }
  },
  {
   "type": "Feature",
   "geometry": {
    "type": "Point",
    "coordinates": [
     137.74445288,
     -35.0832252
    ]
   },
   "properties": {
    "name": "9 ANSTEY TERRACE EDITHBURGH 5583",
    "locID": "LOC000131629764",
    "tech": "WIRELESS",
    "upgrade": "NULL_NA",
    "gnaf_pid": "GASA_415565468",
    "ee": true,
    "tech_change_status": "Not Planned",
    "program_type": "Fixed Wireless and Satellite Upgrade Program",
    "target_eligibility_quarter": "NA"
   }
  },
  {
   "type": "Feature",
   "geometry": {
    "type": "Point",
    "coordinates": [
     137.74445163,
     -35.0830208
    ]
   },
   "properties": {
    "name": "8 ANSTEY TERRACE EDITHBURGH 5583",
    "locID": "LOC000018693347",
    "tech": "WIRELESS",
    "upgrade": "NULL_NA",
    "gnaf_pid": "GASA_415565469",
    "ee": true,
    "tech_change_status": "Not Planned",
    "program_type": "Fixed Wireless and Satellite Upgrade Program",
    "target_eligibility_quarter": "NA"
   }
  },
  {
   "type": "Feature",
   "geometry": {
    "type": "Point",
    "coordinates": [
     137.74449476,
     -35.0828363
    ]
   },
   "properties": {
    "name": "7 ANSTEY TERRACE EDITHBURGH 5583",
    "locID": "LOC000103432925",
    "tech": "WIRELESS",
    "upgrade": "NULL_NA",
    "gnaf_pid": "GASA_415565470",
    "ee": true,
    "tech_change_status": "Not Planned",
    "program_type": "Fixed Wireless and Satellite Upgrade Program",
    "target_eligibility_quarter": "NA"
   }
  },
  {
   "type": "Feature",
   "geometry": {
    "type": "Point",
    "coordinates": [
     137.74517542,
     -35.08859899
    ]
   },
   "properties": {
    "name": "1 SOUTH TERRACE EDITHBURGH 5583",
    "locID": "LOC000064092313",
    "tech": "WIRELESS",
    "upgrade": "NULL_NA",
    "gnaf_pid": "GASA_415570245",
    "ee": true,
    "tech_change_status": "Not Planned",
    "program_type": "Fixed Wireless and Satellite Upgrade Program",
    "target_eligibility_quarter": "NA"
   }
  },
  {
   "type": "Feature",
   "geometry": {
    "type": "Point",
    "coordinates": [
     137.73954076,
     -35.0842186
    ]
   },
   "properties": {
    "name": "10 GILLERTON TERRACE EDITHBURGH 5583",
    "locID": "LOC000020002441",
    "tech": "WIRELESS",
    "upgrade": "NULL_NA",
    "gnaf_pid": "GASA_415573264",
    "ee": true,
    "tech_change_status": "Not Planned",
    "program_type": "Fixed Wireless and Satellite Upgrade Program",
    "target_eligibility_quarter": "NA"
   }
  },
  {
   "type": "Feature",
   "geometry": {
    "type": "Point",
    "coordinates": [
     137.74389888,
     -35.0919995
    ]
   },
   "properties": {
    "name": "5 PANFRY TERRACE EDITHBURGH 5583",
    "locID": "LOC000061792448",
    "tech": "WIRELESS",
    "upgrade": "NULL_NA",
    "gnaf_pid": "GASA_415574306",
    "ee": true,
    "tech_change_status": "Not Planned",
    "program_type": "Fixed Wireless and Satellite Upgrade Program",
    "target_eligibility_quarter": "NA"
   }
  },
  {
   "type": "Feature",
   "geometry": {
    "type": "Point",
    "coordinates": [
     137.74467263,
     -35.0919951
    ]
   },
   "properties": {
    "name": "2 PANFRY TERRACE EDITHBURGH 5583",
    "locID": "LOC000040587180",
    "tech": "WIRELESS",
    "upgrade": "NULL_NA",
    "gnaf_pid": "GASA_415574307",
    "ee": true,
    "tech_change_status": "Not Planned",
    "program_type": "Fixed Wireless and Satellite Upgrade Program",
    "target_eligibility_quarter": "NA"
   }
  },
  {
   "type": "Feature",
   "geometry": {
    "type": "Point",
    "coordinates": [
     137.74495213,
     -35.09197232
    ]
   },
   "properties": {
    "name": "1 PANFRY TERRACE EDITHBURGH 5583",
    "locID": "LOC000015105419",
    "tech": "WIRELESS",
    "upgrade": "NULL_NA",
    "gnaf_pid": "GASA_415574308",
    "ee": true,
    "tech_change_status": "Not Planned",
    "program_type": "Fixed Wireless and Satellite Upgrade Program",
    "target_eligibility_quarter": "NA"
   }
  },
  {
   "type": "Feature",
   "geometry": {
    "type": "Point",
    "coordinates": [
     137.74414638,
     -35.0919981
    ]
   },
   "properties": {
    "name": "4 PANFRY TERRACE EDITHBURGH 5583",
    "locID": "LOC000064291253",
    "tech": "WIRELESS",
    "upgrade": "NULL_NA",
    "gnaf_pid": "GASA_415574309",
    "ee": true,
    "tech_change_status": "Not Planned",
    "program_type": "Fixed Wireless and Satellite Upgrade Program",
    "target_eligibility_quarter": "NA"
   }
  },
  {
   "type": "Feature",
   "geometry": {
    "type": "Point",
    "coordinates": [
     137.74688294,
     -35.08283517
    ]
   },
   "properties": {
    "name": "UNIT 5, 2 HENRY STREET EDITHBURGH 5583",
    "locID": "LOC000069540220",
    "tech": "WIRELESS",
    "upgrade": "NULL_NA",
    "gnaf_pid": "GASA_415604439",
    "ee": true,
    "tech_change_status": "Not Planned",
    "program_type": "Fixed Wireless and Satellite Upgrade Program",
    "target_eligibility_quarter": "NA"
   }
  },
  {
   "type": "Feature",
   "geometry": {
    "type": "Point",
    "coordinates": [
     137.74696289,
     -35.08283534
    ]
   },
   "properties": {
    "name": "UNIT 6, 2 HENRY STREET EDITHBURGH 5583",
    "locID": "LOC000069904843",
    "tech": "WIRELESS",
    "upgrade": "NULL_NA",
    "gnaf_pid": "GASA_415604440",
    "ee": true,
    "tech_change_status": "Not Planned",
    "program_type": "Fixed Wireless and Satellite Upgrade Program",
    "target_eligibility_quarter": "NA"
   }
  },
  {
   "type": "Feature",
   "geometry": {
    "type": "Point",
    "coordinates": [
     137.74704284,
     -35.08283467
    ]
   },
   "properties": {
    "name": "UNIT 7, 2 HENRY STREET EDITHBURGH 5583",
    "locID": "LOC000069540220",
    "tech": "WIRELESS",
    "upgrade": "NULL_NA",
    "gnaf_pid": "GASA_415604441",
    "ee": true,
    "tech_change_status": "Not Planned",
    "program_type": "Fixed Wireless and Satellite Upgrade Program",
    "target_eligibility_quarter": "NA"
   }
  },
  {
   "type": "Feature",
   "geometry": {
    "type": "Point",
    "coordinates": [
     137.74683729,
     -35.08323945
    ]
   },
   "properties": {
    "name": "UNIT 1, 2 HENRY STREET EDITHBURGH 5583",
    "locID": "LOC000069572866",
    "tech": "WIRELESS",
    "upgrade": "NULL_NA",
    "gnaf_pid": "GASA_415616957",
    "ee": true,
    "tech_change_status": "Not Planned",
    "program_type": "Fixed Wireless and Satellite Upgrade Program",
    "target_eligibility_quarter": "NA"
   }
  },
  {
   "type": "Feature",
   "geometry": {
    "type": "Point",
    "coordinates": [
     137.74683688,
     -35.08317242
    ]
   },
   "properties": {
    "name": "UNIT 2, 2 HENRY STREET EDITHBURGH 5583",
    "locID": "LOC000069540220",
    "tech": "WIRELESS",
    "upgrade": "NULL_NA",
    "gnaf_pid": "GASA_415616958",
    "ee": true,
    "tech_change_status": "Not Planned",
    "program_type": "Fixed Wireless and Satellite Upgrade Program",
    "target_eligibility_quarter": "NA"
   }
  },
  {
   "type": "Feature",
   "geometry": {
    "type": "Point",
    "coordinates": [
     137.74682063,
     -35.08310535
    ]
   },
   "properties": {
    "name": "UNIT 3, 2 HENRY STREET EDITHBURGH 5583",
    "locID": "LOC000069657970",
    "tech": "WIRELESS",
    "upgrade": "NULL_NA",
    "gnaf_pid": "GASA_415616959",
    "ee": true,
    "tech_change_status": "Not Planned",
    "program_type": "Fixed Wireless and Satellite Upgrade Program",
    "target_eligibility_quarter": "NA"
   }
  },
  {
   "type": "Feature",
   "geometry": {
    "type": "Point",
    "coordinates": [
     137.74682511,
     -35.0830408
    ]
   },
   "properties": {
    "name": "UNIT 4, 2 HENRY STREET EDITHBURGH 5583",
    "locID": "LOC000069540220",
    "tech": "WIRELESS",
    "upgrade": "NULL_NA",
    "gnaf_pid": "GASA_415616960",
    "ee": true,
    "tech_change_status": "Not Planned",
    "program_type": "Fixed Wireless and Satellite Upgrade Program",
    "target_eligibility_quarter": "NA"
   }
  },
  {
   "type": "Feature",
   "geometry": {
    "type": "Point",
    "coordinates": [
     137.74713064,
     -35.0828323
    ]
   },
   "properties": {
    "name": "UNIT 8, 2 HENRY STREET EDITHBURGH 5583",
    "locID": "LOC000069540220",
    "tech": "WIRELESS",
    "upgrade": "NULL_NA",
    "gnaf_pid": "GASA_415620367",
    "ee": true,
    "tech_change_status": "Not Planned",
    "program_type": "Fixed Wireless and Satellite Upgrade Program",
    "target_eligibility_quarter": "NA"
   }
  },
  {
   "type": "Feature",
   "geometry": {
    "type": "Point",
    "coordinates": [
     137.74707585,
     -35.08319012
    ]
   },
   "properties": {
    "name": "UNIT 9, 2 HENRY STREET EDITHBURGH 5583",
    "locID": "LOC000069540220",
    "tech": "WIRELESS",
    "upgrade": "NULL_NA",
    "gnaf_pid": "GASA_415620368",
    "ee": true,
    "tech_change_status": "Not Planned",
    "program_type": "Fixed Wireless and Satellite Upgrade Program",
    "target_eligibility_quarter": "NA"
   }
  },
  {
   "type": "Feature",
   "geometry": {
    "type": "Point",
    "coordinates": [
     137.74690176,
     -35.0837037
    ]
   },
   "properties": {
    "name": "3 HENRY STREET EDITHBURGH 5583",
    "locID": "LOC000097767901",
    "tech": "WIRELESS",
    "upgrade": "NULL_NA",
    "gnaf_pid": "GASA_415687011",
    "ee": true,
    "tech_change_status": "Not Planned",
    "program_type": "Fixed Wireless and Satellite Upgrade Program",
    "target_eligibility_quarter": "NA"
   }
  },
  {
   "type": "Feature",
   "geometry": {
    "type": "Point",
    "coordinates": [
     137.74678698,
     -35.08655761
    ]
   },
   "properties": {
    "name": "24 O'HALLORAN PARADE EDITHBURGH 5583",
    "locID": "LOC000074106612",
    "tech": "WIRELESS",
    "upgrade": "NULL_NA",
    "gnaf_pid": "GASA_415689797",
    "ee": true,
    "tech_change_status": "Not Planned",
    "program_type": "Fixed Wireless and Satellite Upgrade Program",
    "target_eligibility_quarter": "NA"
   }
  },
  {
   "type": "Feature",
   "geometry": {
    "type": "Point",
    "coordinates": [
     137.74534263,
     -35.08419609
    ]
   },
   "properties": {
    "name": "20 BLANCHE STREET EDITHBURGH 5583",
    "locID": "LOC000052190272",
    "tech": "WIRELESS",
    "upgrade": "NULL_NA",
    "gnaf_pid": "GASA_415689798",
    "ee": true,
    "tech_change_status": "Not Planned",
    "program_type": "Fixed Wireless and Satellite Upgrade Program",
    "target_eligibility_quarter": "NA"
   }
  },
  {
   "type": "Feature",
   "geometry": {
    "type": "Point",
    "coordinates": [
     137.74748256,
     -35.08379632
    ]
   },
   "properties": {
    "name": "14 O'HALLORAN PARADE EDITHBURGH 5583",
    "locID": "LOC000062503894",
    "tech": "WIRELESS",
    "upgrade": "NULL_NA",
    "gnaf_pid": "GASA_415689802",
    "ee": true,
    "tech_change_status": "Not Planned",
    "program_type": "Fixed Wireless and Satellite Upgrade Program",
    "target_eligibility_quarter": "NA"
   }
  },
  {
   "type": "Feature",
   "geometry": {
    "type": "Point",
    "coordinates": [
     137.7474725,
     -35.08360452
    ]
   },
   "properties": {
    "name": "13 O'HALLORAN PARADE EDITHBURGH 5583",
    "locID": "LOC000087031511",
    "tech": "WIRELESS",
    "upgrade": "NULL_NA",
    "gnaf_pid": "GASA_415689803",
    "ee": true,
    "tech_change_status": "Not Planned",
    "program_type": "Fixed Wireless and Satellite Upgrade Program",
    "target_eligibility_quarter": "NA"
   }
  },
  {
   "type": "Feature",
   "geometry": {
    "type": "Point",
    "coordinates": [
     137.74714426,
     -35.0837027
    ]
   },
   "properties": {
    "name": "1 HENRY STREET EDITHBURGH 5583",
    "locID": "LOC000006300919",
    "tech": "WIRELESS",
    "upgrade": "NULL_NA",
    "gnaf_pid": "GASA_415689804",
    "ee": true,
    "tech_change_status": "Not Planned",
    "program_type": "Fixed Wireless and Satellite Upgrade Program",
    "target_eligibility_quarter": "NA"
   }
  },
  {
   "type": "Feature",
   "geometry": {
    "type": "Point",
    "coordinates": [
     137.74487901,
     -35.08444925
    ]
   },
   "properties": {
    "name": "22 EDITH STREET EDITHBURGH 5583",
    "locID": "LOC000022492005",
    "tech": "WIRELESS",
    "upgrade": "NULL_NA",
    "gnaf_pid": "GASA_415940559",
    "ee": true,
    "tech_change_status": "Not Planned",
    "program_type": "Fixed Wireless and Satellite Upgrade Program",
    "target_eligibility_quarter": "NA"
   }
  },
  {
   "type": "Feature",
   "geometry": {
    "type": "Point",
    "coordinates": [
     137.74576267,
     -35.08179182
    ]
   },
   "properties": {
    "name": "6 GEORGE STREET EDITHBURGH 5583",
    "locID": "LOC000009272253",
    "tech": "WIRELESS",
    "upgrade": "NULL_NA",
    "gnaf_pid": "GASA_415940644",
    "ee": true,
    "tech_change_status": "Not Planned",
    "program_type": "Fixed Wireless and Satellite Upgrade Program",
    "target_eligibility_quarter": "NA"
   }
  },
  {
   "type": "Feature",
   "geometry": {
    "type": "Point",
    "coordinates": [
     137.7452582,
     -35.0822964
    ]
   },
   "properties": {
    "name": "UNIT 1, 3A GEORGE STREET EDITHBURGH 5583",
    "locID": "LOC000009266921",
    "tech": "WIRELESS",
    "upgrade": "NULL_NA",
    "gnaf_pid": "GASA_415940646",
    "ee": true,
    "tech_change_status": "Not Planned",
    "program_type": "Fixed Wireless and Satellite Upgrade Program",
    "target_eligibility_quarter": "NA"
   }
  },
  {
   "type": "Feature",
   "geometry": {
    "type": "Point",
    "coordinates": [
     137.74622387,
     -35.08094836
    ]
   },
   "properties": {
    "name": "3 GILES TERRACE EDITHBURGH 5583",
    "locID": "LOC000099145432",
    "tech": "WIRELESS",
    "upgrade": "NULL_NA",
    "gnaf_pid": "GASA_415943685",
    "ee": true,
    "tech_change_status": "Not Planned",
    "program_type": "Fixed Wireless and Satellite Upgrade Program",
    "target_eligibility_quarter": "NA"
   }
  },
  {
   "type": "Feature",
   "geometry": {
    "type": "Point",
    "coordinates": [
     137.73898812,
     -35.08399887
    ]
   },
   "properties": {
    "name": "UNIT 3, 14 GILLERTON TERRACE EDITHBURGH 5583",
    "locID": "LOC000010914218",
    "tech": "WIRELESS",
    "upgrade": "NULL_NA",
    "gnaf_pid": "GASA_415944125",
    "ee": true,
    "tech_change_status": "Not Planned",
    "program_type": "Fixed Wireless and Satellite Upgrade Program",
    "target_eligibility_quarter": "NA"
   }
  },
  {
   "type": "Feature",
   "geometry": {
    "type": "Point",
    "coordinates": [
     137.7452582,
     -35.0822964
    ]
   },
   "properties": {
    "name": "UNIT 4, 3A GEORGE STREET EDITHBURGH 5583",
    "locID": "LOC000009266921",
    "tech": "WIRELESS",
    "upgrade": "NULL_NA",
    "gnaf_pid": "GASA_415944869",
    "ee": true,
    "tech_change_status": "Not Planned",
    "program_type": "Fixed Wireless and Satellite Upgrade Program",
    "target_eligibility_quarter": "NA"
   }
  },
  {
   "type": "Feature",
   "geometry": {
    "type": "Point",
    "coordinates": [
     137.74707585,
     -35.08319012
    ]
   },
   "properties": {
    "name": "2 HENRY STREET EDITHBURGH 5583",
    "locID": "LOC000069540220",
    "tech": "WIRELESS",
    "upgrade": "NULL_NA",
    "gnaf_pid": "GASA_415946401",
    "ee": true,
    "tech_change_status": "Not Planned",
    "program_type": "Fixed Wireless and Satellite Upgrade Program",
    "target_eligibility_quarter": "NA"
   }
  },
  {
   "type": "Feature",
   "geometry": {
    "type": "Point",
    "coordinates": [
     137.73641066,
     -35.08536171
    ]
   },
   "properties": {
    "name": "1 GRACE STREET EDITHBURGH 5583",
    "locID": "LOC000061790561",
    "tech": "WIRELESS",
    "upgrade": "NULL_NA",
    "gnaf_pid": "GASA_415948471",
    "ee": true,
    "tech_change_status": "Not Planned",
    "program_type": "Fixed Wireless and Satellite Upgrade Program",
    "target_eligibility_quarter": "NA"
   }
  },
  {
   "type": "Feature",
   "geometry": {
    "type": "Point",
    "coordinates": [
     137.73898812,
     -35.08399887
    ]
   },
   "properties": {
    "name": "UNIT 2, 14 GILLERTON TERRACE EDITHBURGH 5583",
    "locID": "LOC000011200329",
    "tech": "WIRELESS",
    "upgrade": "NULL_NA",
    "gnaf_pid": "GASA_415954106",
    "ee": true,
    "tech_change_status": "Not Planned",
    "program_type": "Fixed Wireless and Satellite Upgrade Program",
    "target_eligibility_quarter": "NA"
   }
  },
  {
   "type": "Feature",
   "geometry": {
    "type": "Point",
    "coordinates": [
     137.74628307,
     -35.08483795
    ]
   },
   "properties": {
    "name": "2 EDITH STREET EDITHBURGH 5583",
    "locID": "LOC000016121103",
    "tech": "WIRELESS",
    "upgrade": "NULL_NA",
    "gnaf_pid": "GASA_415954107",
    "ee": true,
    "tech_change_status": "Not Planned",
    "program_type": "Fixed Wireless and Satellite Upgrade Program",
    "target_eligibility_quarter": "NA"
   }
  },
  {
   "type": "Feature",
   "geometry": {
    "type": "Point",
    "coordinates": [
     137.74693853,
     -35.08778366
    ]
   },
   "properties": {
    "name": "29 O'HALLORAN PARADE EDITHBURGH 5583",
    "locID": "LOC000025778227",
    "tech": "WIRELESS",
    "upgrade": "NULL_NA",
    "gnaf_pid": "GASA_415960206",
    "ee": true,
    "tech_change_status": "Not Planned",
    "program_type": "Fixed Wireless and Satellite Upgrade Program",
    "target_eligibility_quarter": "NA"
   }
  },
  {
   "type": "Feature",
   "geometry": {
    "type": "Point",
    "coordinates": [
     137.74105814,
     -35.09213988
    ]
   },
   "properties": {
    "name": "14 PANFRY TERRACE EDITHBURGH 5583",
    "locID": "LOC000004180881",
    "tech": "WIRELESS",
    "upgrade": "NULL_NA",
    "gnaf_pid": "GASA_415960235",
    "ee": true,
    "tech_change_status": "Not Planned",
    "program_type": "Fixed Wireless and Satellite Upgrade Program",
    "target_eligibility_quarter": "NA"
   }
  },
  {
   "type": "Feature",
   "geometry": {
    "type": "Point",
    "coordinates": [
     137.74711757,
     -35.08169153
    ]
   },
   "properties": {
    "name": "5 O'HALLORAN PARADE EDITHBURGH 5583",
    "locID": "LOC000002600276",
    "tech": "WIRELESS",
    "upgrade": "NULL_NA",
    "gnaf_pid": "GASA_415961055",
    "ee": true,
    "tech_change_status": "Not Planned",
    "program_type": "Fixed Wireless and Satellite Upgrade Program",
    "target_eligibility_quarter": "NA"
   }
  },
  {
   "type": "Feature",
   "geometry": {
    "type": "Point",
    "coordinates": [
     137.7471437,
     -35.08188035
    ]
   },
   "properties": {
    "name": "6 O'HALLORAN PARADE EDITHBURGH 5583",
    "locID": "LOC000094366737",
    "tech": "WIRELESS",
    "upgrade": "NULL_NA",
    "gnaf_pid": "GASA_415961056",
    "ee": true,
    "tech_change_status": "Not Planned",
    "program_type": "Fixed Wireless and Satellite Upgrade Program",
    "target_eligibility_quarter": "NA"
   }
  },
  {
   "type": "Feature",
   "geometry": {
    "type": "Point",
    "coordinates": [
     137.74243153,
     -35.08432324
    ]
   },
   "properties": {
    "name": "11 PARK TERRACE EDITHBURGH 5583",
    "locID": "LOC000005371017",
    "tech": "WIRELESS",
    "upgrade": "NULL_NA",
    "gnaf_pid": "GASA_415962150",
    "ee": true,
    "tech_change_status": "Not Planned",
    "program_type": "Fixed Wireless and Satellite Upgrade Program",
    "target_eligibility_quarter": "NA"
   }
  },
  {
   "type": "Feature",
   "geometry": {
    "type": "Point",
    "coordinates": [
     137.73898812,
     -35.08399887
    ]
   },
   "properties": {
    "name": "UNIT 1, 14 GILLERTON TERRACE EDITHBURGH 5583",
    "locID": "LOC000010914218",
    "tech": "WIRELESS",
    "upgrade": "NULL_NA",
    "gnaf_pid": "GASA_415967443",
    "ee": true,
    "tech_change_status": "Not Planned",
    "program_type": "Fixed Wireless and Satellite Upgrade Program",
    "target_eligibility_quarter": "NA"
   }
  },
  {
   "type": "Feature",
   "geometry": {
    "type": "Point",
    "coordinates": [
     137.73618694,
     -35.0844086
    ]
   },
   "properties": {
    "name": "38 GILLERTON TERRACE EDITHBURGH 5583",
    "locID": "LOC000036954134",
    "tech": "WIRELESS",
    "upgrade": "NULL_NA",
    "gnaf_pid": "GASA_415968292",
    "ee": true,
    "tech_change_status": "Not Planned",
    "program_type": "Fixed Wireless and Satellite Upgrade Program",
    "target_eligibility_quarter": "NA"
   }
  },
  {
   "type": "Feature",
   "geometry": {
    "type": "Point",
    "coordinates": [
     137.74628307,
     -35.08483795
    ]
   },
   "properties": {
    "name": "1 EDITH STREET EDITHBURGH 5583",
    "locID": "LOC000032538472",
    "tech": "WIRELESS",
    "upgrade": "NULL_NA",
    "gnaf_pid": "GASA_415968298",
    "ee": true,
    "tech_change_status": "Not Planned",
    "program_type": "Fixed Wireless and Satellite Upgrade Program",
    "target_eligibility_quarter": "NA"
   }
  },
  {
   "type": "Feature",
   "geometry": {
    "type": "Point",
    "coordinates": [
     137.73997403,
     -35.08185824
    ]
   },
   "properties": {
    "name": "10 PARK TERRACE EDITHBURGH 5583",
    "locID": "LOC000187389422",
    "tech": "WIRELESS",
    "upgrade": "NULL_NA",
    "gnaf_pid": "GASA_415968499",
    "ee": true,
    "tech_change_status": "Not Planned",
    "program_type": "Fixed Wireless and Satellite Upgrade Program",
    "target_eligibility_quarter": "NA"
   }
  },
  {
   "type": "Feature",
   "geometry": {
    "type": "Point",
    "coordinates": [
     137.73625882,
     -35.08596898
    ]
   },
   "properties": {
    "name": "7 GRACE STREET EDITHBURGH 5583",
    "locID": "LOC000067249454",
    "tech": "WIRELESS",
    "upgrade": "NULL_NA",
    "gnaf_pid": "GASA_415968503",
    "ee": true,
    "tech_change_status": "Not Planned",
    "program_type": "Fixed Wireless and Satellite Upgrade Program",
    "target_eligibility_quarter": "NA"
   }
  },
  {
   "type": "Feature",
   "geometry": {
    "type": "Point",
    "coordinates": [
     137.745261,
     -35.08248983
    ]
   },
   "properties": {
    "name": "UNIT 5, 3A GEORGE STREET EDITHBURGH 5583",
    "locID": "LOC000009266921",
    "tech": "WIRELESS",
    "upgrade": "NULL_NA",
    "gnaf_pid": "GASA_415968506",
    "ee": true,
    "tech_change_status": "Not Planned",
    "program_type": "Fixed Wireless and Satellite Upgrade Program",
    "target_eligibility_quarter": "NA"
   }
  },
  {
   "type": "Feature",
   "geometry": {
    "type": "Point",
    "coordinates": [
     137.74528255,
     -35.08237778
    ]
   },
   "properties": {
    "name": "UNIT 2, 3A GEORGE STREET EDITHBURGH 5583",
    "locID": "LOC000009266921",
    "tech": "WIRELESS",
    "upgrade": "NULL_NA",
    "gnaf_pid": "GASA_415968508",
    "ee": true,
    "tech_change_status": "Not Planned",
    "program_type": "Fixed Wireless and Satellite Upgrade Program",
    "target_eligibility_quarter": "NA"
   }
  },
  {
   "type": "Feature",
   "geometry": {
    "type": "Point",
    "coordinates": [
     137.74609693,
     -35.08778083
    ]
   },
   "properties": {
    "name": "55 BLANCHE STREET EDITHBURGH 5583",
    "locID": "LOC000068116110",
    "tech": "WIRELESS",
    "upgrade": "NULL_NA",
    "gnaf_pid": "GASA_417098590",
    "ee": true,
    "tech_change_status": "Not Planned",
    "program_type": "Fixed Wireless and Satellite Upgrade Program",
    "target_eligibility_quarter": "NA"
   }
  },
  {
   "type": "Feature",
   "geometry": {
    "type": "Point",
    "coordinates": [
     137.74024348,
     -35.07105883
    ]
   },
   "properties": {
    "name": "1 FIELDING STREET EDITHBURGH 5583",
    "locID": "LOC000008446640",
    "tech": "WIRELESS",
    "upgrade": "NULL_NA",
    "gnaf_pid": "GASA_417099372",
    "ee": true,
    "tech_change_status": "Not Planned",
    "program_type": "Fixed Wireless and Satellite Upgrade Program",
    "target_eligibility_quarter": "NA"
   }
  },
  {
   "type": "Feature",
   "geometry": {
    "type": "Point",
    "coordinates": [
     137.74688043,
     -35.08548597
    ]
   },
   "properties": {
    "name": "20 O'HALLORAN PARADE EDITHBURGH 5583",
    "locID": "LOC000090758632",
    "tech": "WIRELESS",
    "upgrade": "NULL_NA",
    "gnaf_pid": "GASA_417103893",
    "ee": true,
    "tech_change_status": "Not Planned",
    "program_type": "Fixed Wireless and Satellite Upgrade Program",
    "target_eligibility_quarter": "NA"
   }
  },
  {
   "type": "Feature",
   "geometry": {
    "type": "Point",
    "coordinates": [
     137.7453108,
     -35.08254857
    ]
   },
   "properties": {
    "name": "UNIT 6, 3A GEORGE STREET EDITHBURGH 5583",
    "locID": "LOC000009272253",
    "tech": "WIRELESS",
    "upgrade": "NULL_NA",
    "gnaf_pid": "GASA_421962322",
    "ee": true,
    "tech_change_status": "Not Planned",
    "program_type": "Fixed Wireless and Satellite Upgrade Program",
    "target_eligibility_quarter": "NA"
   }
  },
  {
   "type": "Feature",
   "geometry": {
    "type": "Point",
    "coordinates": [
     137.74070948,
     -35.08631811
    ]
   },
   "properties": {
    "name": "1 PARK TERRACE EDITHBURGH 5583",
    "locID": "LOC000091903358",
    "tech": "WIRELESS",
    "upgrade": "NULL_NA",
    "gnaf_pid": "GASA_422069252",
    "ee": true,
    "tech_change_status": "Not Planned",
    "program_type": "Fixed Wireless and Satellite Upgrade Program",
    "target_eligibility_quarter": "NA"
   }
  },
  {
   "type": "Feature",
   "geometry": {
    "type": "Point",
    "coordinates": [
     137.74532452,
     -35.08268318
    ]
   },
   "properties": {
    "name": "12 BLANCHE STREET EDITHBURGH 5583",
    "locID": "LOC000053087773",
    "tech": "WIRELESS",
    "upgrade": "NULL_NA",
    "gnaf_pid": "GASA_422259651",
    "ee": true,
    "tech_change_status": "Not Planned",
    "program_type": "Fixed Wireless and Satellite Upgrade Program",
    "target_eligibility_quarter": "NA"
   }
  },
  {
   "type": "Feature",
   "geometry": {
    "type": "Point",
    "coordinates": [
     137.74660578,
     -35.08446862
    ]
   },
   "properties": {
    "name": "10 EDITH STREET EDITHBURGH 5583",
    "locID": "LOC000131757290",
    "tech": "WIRELESS",
    "upgrade": "NULL_NA",
    "gnaf_pid": "GASA_422261980",
    "ee": true,
    "tech_change_status": "Not Planned",
    "program_type": "Fixed Wireless and Satellite Upgrade Program",
    "target_eligibility_quarter": "NA"
   }
  },
  {
   "type": "Feature",
   "geometry": {
    "type": "Point",
    "coordinates": [
     137.74661147,
     -35.08323244
    ]
   },
   "properties": {
    "name": "4 HENRY STREET EDITHBURGH 5583",
    "locID": "LOC000097698103",
    "tech": "WIRELESS",
    "upgrade": "NULL_NA",
    "gnaf_pid": "GASA_422264263",
    "ee": true,
    "tech_change_status": "Not Planned",
    "program_type": "Fixed Wireless and Satellite Upgrade Program",
    "target_eligibility_quarter": "NA"
   }
  },
  {
   "type": "Feature",
   "geometry": {
    "type": "Point",
    "coordinates": [
     137.73986552,
     -35.09256029
    ]
   },
   "properties": {
    "name": "7 OLD HONITON ROAD EDITHBURGH 5583",
    "locID": "LOC000022560612",
    "tech": "WIRELESS",
    "upgrade": "NULL_NA",
    "gnaf_pid": "GASA_422267716",
    "ee": true,
    "tech_change_status": "Not Planned",
    "program_type": "Fixed Wireless and Satellite Upgrade Program",
    "target_eligibility_quarter": "NA"
   }
  },
  {
   "type": "Feature",
   "geometry": {
    "type": "Point",
    "coordinates": [
     137.74299717,
     -35.09213297
    ]
   },
   "properties": {
    "name": "8 PANFRY TERRACE EDITHBURGH 5583",
    "locID": "LOC000020927066",
    "tech": "WIRELESS",
    "upgrade": "NULL_NA",
    "gnaf_pid": "GASA_422267901",
    "ee": true,
    "tech_change_status": "Not Planned",
    "program_type": "Fixed Wireless and Satellite Upgrade Program",
    "target_eligibility_quarter": "NA"
   }
  },
  {
   "type": "Feature",
   "geometry": {
    "type": "Point",
    "coordinates": [
     137.73916581,
     -35.08326005
    ]
   },
   "properties": {
    "name": "20 PARK TERRACE EDITHBURGH 5583",
    "locID": "LOC100078122163",
    "tech": "WIRELESS",
    "upgrade": "NULL_NA",
    "gnaf_pid": "GASA_422267931",
    "ee": true,
    "tech_change_status": "Not Planned",
    "program_type": "Fixed Wireless and Satellite Upgrade Program",
    "target_eligibility_quarter": "NA"
   }
  },
  {
   "type": "Feature",
   "geometry": {
    "type": "Point",
    "coordinates": [
     137.74070948,
     -35.08631811
    ]
   },
   "properties": {
    "name": "21 PARK TERRACE EDITHBURGH 5583",
    "locID": "LOC000005263284",
    "tech": "WIRELESS",
    "upgrade": "NULL_NA",
    "gnaf_pid": "GASA_422267932",
    "ee": true,
    "tech_change_status": "Not Planned",
    "program_type": "Fixed Wireless and Satellite Upgrade Program",
    "target_eligibility_quarter": "NA"
   }
  },
  {
   "type": "Feature",
   "geometry": {
    "type": "Point",
    "coordinates": [
     137.74026439,
     -35.0809988
    ]
   },
   "properties": {
    "name": "2 PARK TERRACE EDITHBURGH 5583",
    "locID": "LOC000016164217",
    "tech": "WIRELESS",
    "upgrade": "NULL_NA",
    "gnaf_pid": "GASA_422267934",
    "ee": true,
    "tech_change_status": "Not Planned",
    "program_type": "Fixed Wireless and Satellite Upgrade Program",
    "target_eligibility_quarter": "NA"
   }
  },
  {
   "type": "Feature",
   "geometry": {
    "type": "Point",
    "coordinates": [
     137.74070948,
     -35.08631811
    ]
   },
   "properties": {
    "name": "5 PARK TERRACE EDITHBURGH 5583",
    "locID": "LOC000043591821",
    "tech": "WIRELESS",
    "upgrade": "NULL_NA",
    "gnaf_pid": "GASA_422267936",
    "ee": true,
    "tech_change_status": "Not Planned",
    "program_type": "Fixed Wireless and Satellite Upgrade Program",
    "target_eligibility_quarter": "NA"
   }
  },
  {
   "type": "Feature",
   "geometry": {
    "type": "Point",
    "coordinates": [
     137.74036873,
     -35.08018674
    ]
   },
   "properties": {
    "name": "1 PARK TERRACE NORTH EDITHBURGH 5583",
    "locID": "LOC000091903358",
    "tech": "WIRELESS",
    "upgrade": "NULL_NA",
    "gnaf_pid": "GASA_422366554",
    "ee": true,
    "tech_change_status": "Not Planned",
    "program_type": "Fixed Wireless and Satellite Upgrade Program",
    "target_eligibility_quarter": "NA"
   }
  },
  {
   "type": "Feature",
   "geometry": {
    "type": "Point",
    "coordinates": [
     137.74459211,
     -35.09305455
    ]
   },
   "properties": {
    "name": "2 SCHNAPPER COURT EDITHBURGH 5583",
    "locID": "LOC000004257444",
    "tech": "WIRELESS",
    "upgrade": "NULL_NA",
    "gnaf_pid": "GASA_423119057",
    "ee": true,
    "tech_change_status": "Not Planned",
    "program_type": "Fixed Wireless and Satellite Upgrade Program",
    "target_eligibility_quarter": "NA"
   }
  },
  {
   "type": "Feature",
   "geometry": {
    "type": "Point",
    "coordinates": [
     137.73563243,
     -35.08441064
    ]
   },
   "properties": {
    "name": "42 GILLERTON TERRACE EDITHBURGH 5583",
    "locID": "LOC000016181101",
    "tech": "WIRELESS",
    "upgrade": "NULL_NA",
    "gnaf_pid": "GASA_423415640",
    "ee": true,
    "tech_change_status": "Not Planned",
    "program_type": "Fixed Wireless and Satellite Upgrade Program",
    "target_eligibility_quarter": "NA"
   }
  },
  {
   "type": "Feature",
   "geometry": {
    "type": "Point",
    "coordinates": [
     137.74514764,
     -35.09277171
    ]
   },
   "properties": {
    "name": "6 SULTANA POINT ROAD EDITHBURGH 5583",
    "locID": "LOC000033202586",
    "tech": "WIRELESS",
    "upgrade": "NULL_NA",
    "gnaf_pid": "GASA_423420027",
    "ee": true,
    "tech_change_status": "Not Planned",
    "program_type": "Fixed Wireless and Satellite Upgrade Program",
    "target_eligibility_quarter": "NA"
   }
  },
  {
   "type": "Feature",
   "geometry": {
    "type": "Point",
    "coordinates": [
     137.7449243,
     -35.0931251
    ]
   },
   "properties": {
    "name": "8 SULTANA POINT ROAD EDITHBURGH 5583",
    "locID": "LOC000051038879",
    "tech": "WIRELESS",
    "upgrade": "NULL_NA",
    "gnaf_pid": "GASA_423420028",
    "ee": true,
    "tech_change_status": "Not Planned",
    "program_type": "Fixed Wireless and Satellite Upgrade Program",
    "target_eligibility_quarter": "NA"
   }
  },
  {
   "type": "Feature",
   "geometry": {
    "type": "Point",
    "coordinates": [
     137.74525777,
     -35.08229702
    ]
   },
   "properties": {
    "name": "UNIT 1, 10 BLANCHE STREET EDITHBURGH 5583",
    "locID": "LOC000082656066",
    "tech": "WIRELESS",
    "upgrade": "NULL_NA",
    "gnaf_pid": "GASA_423421314",
    "ee": true,
    "tech_change_status": "Not Planned",
    "program_type": "Fixed Wireless and Satellite Upgrade Program",
    "target_eligibility_quarter": "NA"
   }
  },
  {
   "type": "Feature",
   "geometry": {
    "type": "Point",
    "coordinates": [
     137.74525777,
     -35.08229702
    ]
   },
   "properties": {
    "name": "UNIT 2, 10 BLANCHE STREET EDITHBURGH 5583",
    "locID": "LOC000082656066",
    "tech": "WIRELESS",
    "upgrade": "NULL_NA",
    "gnaf_pid": "GASA_423421315",
    "ee": true,
    "tech_change_status": "Not Planned",
    "program_type": "Fixed Wireless and Satellite Upgrade Program",
    "target_eligibility_quarter": "NA"
   }
  },
  {
   "type": "Feature",
   "geometry": {
    "type": "Point",
    "coordinates": [
     137.74545425,
     -35.08251499
    ]
   },
   "properties": {
    "name": "UNIT 3, 10 BLANCHE STREET EDITHBURGH 5583",
    "locID": "LOC000082656066",
    "tech": "WIRELESS",
    "upgrade": "NULL_NA",
    "gnaf_pid": "GASA_423421316",
    "ee": true,
    "tech_change_status": "Not Planned",
    "program_type": "Fixed Wireless and Satellite Upgrade Program",
    "target_eligibility_quarter": "NA"
   }
  },
  {
   "type": "Feature",
   "geometry": {
    "type": "Point",
    "coordinates": [
     137.73947098,
     -35.07115359
    ]
   },
   "properties": {
    "name": "7 FIELDING STREET EDITHBURGH 5583",
    "locID": "LOC000071499721",
    "tech": "WIRELESS",
    "upgrade": "NULL_NA",
    "gnaf_pid": "GASA_423422141",
    "ee": true,
    "tech_change_status": "Not Planned",
    "program_type": "Fixed Wireless and Satellite Upgrade Program",
    "target_eligibility_quarter": "NA"
   }
  },
  {
   "type": "Feature",
   "geometry": {
    "type": "Point",
    "coordinates": [
     137.73991191,
     -35.07115249
    ]
   },
   "properties": {
    "name": "3 FIELDING STREET EDITHBURGH 5583",
    "locID": "LOC000047012072",
    "tech": "WIRELESS",
    "upgrade": "NULL_NA",
    "gnaf_pid": "GASA_423428241",
    "ee": true,
    "tech_change_status": "Not Planned",
    "program_type": "Fixed Wireless and Satellite Upgrade Program",
    "target_eligibility_quarter": "NA"
   }
  },
  {
   "type": "Feature",
   "geometry": {
    "type": "Point",
    "coordinates": [
     137.73969145,
     -35.07115304
    ]
   },
   "properties": {
    "name": "5 FIELDING STREET EDITHBURGH 5583",
    "locID": "LOC000006242575",
    "tech": "WIRELESS",
    "upgrade": "NULL_NA",
    "gnaf_pid": "GASA_423428243",
    "ee": true,
    "tech_change_status": "Not Planned",
    "program_type": "Fixed Wireless and Satellite Upgrade Program",
    "target_eligibility_quarter": "NA"
   }
  },
  {
   "type": "Feature",
   "geometry": {
    "type": "Point",
    "coordinates": [
     137.73981736,
     -35.09181586
    ]
   },
   "properties": {
    "name": "8 OLD HONITON ROAD EDITHBURGH 5583",
    "locID": "LOC000062498675",
    "tech": "WIRELESS",
    "upgrade": "NULL_NA",
    "gnaf_pid": "GASA_423431591",
    "ee": true,
    "tech_change_status": "Not Planned",
    "program_type": "Fixed Wireless and Satellite Upgrade Program",
    "target_eligibility_quarter": "NA"
   }
  },
  {
   "type": "Feature",
   "geometry": {
    "type": "Point",
    "coordinates": [
     137.74012498,
     -35.08553359
    ]
   },
   "properties": {
    "name": "40 PARK TERRACE EDITHBURGH 5583",
    "locID": "LOC000092272857",
    "tech": "WIRELESS",
    "upgrade": "NULL_NA",
    "gnaf_pid": "GASA_423431820",
    "ee": true,
    "tech_change_status": "Not Planned",
    "program_type": "Fixed Wireless and Satellite Upgrade Program",
    "target_eligibility_quarter": "NA"
   }
  },
  {
   "type": "Feature",
   "geometry": {
    "type": "Point",
    "coordinates": [
     137.74407193,
     -35.09448503
    ]
   },
   "properties": {
    "name": "12 SULTANA POINT ROAD EDITHBURGH 5583",
    "locID": "LOC000116343821",
    "tech": "WIRELESS",
    "upgrade": "NULL_NA",
    "gnaf_pid": "GASA_423433876",
    "ee": true,
    "tech_change_status": "Not Planned",
    "program_type": "Fixed Wireless and Satellite Upgrade Program",
    "target_eligibility_quarter": "NA"
   }
  },
  {
   "type": "Feature",
   "geometry": {
    "type": "Point",
    "coordinates": [
     137.74533254,
     -35.0850445
    ]
   },
   "properties": {
    "name": "17 EDITH STREET EDITHBURGH 5583",
    "locID": "LOC100079010789",
    "tech": "WIRELESS",
    "upgrade": "NULL_NA",
    "gnaf_pid": "GASA_423591943",
    "ee": true,
    "tech_change_status": "Not Planned",
    "program_type": "Fixed Wireless and Satellite Upgrade Program",
    "target_eligibility_quarter": "NA"
   }
  },
  {
   "type": "Feature",
   "geometry": {
    "type": "Point",
    "coordinates": [
     137.74061655,
     -35.07598389
    ]
   },
   "properties": {
    "name": "466 PARK TERRACE NORTH EDITHBURGH 5583",
    "locID": "LOC000091903358",
    "tech": "WIRELESS",
    "upgrade": "NULL_NA",
    "gnaf_pid": "GASA_423594043",
    "ee": true,
    "tech_change_status": "Not Planned",
    "program_type": "Fixed Wireless and Satellite Upgrade Program",
    "target_eligibility_quarter": "NA"
   }
  },
  {
   "type": "Feature",
   "geometry": {
    "type": "Point",
    "coordinates": [
     137.74061655,
     -35.07598389
    ]
   },
   "properties": {
    "name": "467 PARK TERRACE NORTH EDITHBURGH 5583",
    "locID": "LOC000091903358",
    "tech": "WIRELESS",
    "upgrade": "NULL_NA",
    "gnaf_pid": "GASA_423594044",
    "ee": true,
    "tech_change_status": "Not Planned",
    "program_type": "Fixed Wireless and Satellite Upgrade Program",
    "target_eligibility_quarter": "NA"
   }
  },
  {
   "type": "Feature",
   "geometry": {
    "type": "Point",
    "coordinates": [
     137.74415805,
     -35.09299136
    ]
   },
   "properties": {
    "name": "1 SCHNAPPER COURT EDITHBURGH 5583",
    "locID": "LOC000077092955",
    "tech": "WIRELESS",
    "upgrade": "NULL_NA",
    "gnaf_pid": "GASA_423695596",
    "ee": true,
    "tech_change_status": "Not Planned",
    "program_type": "Fixed Wireless and Satellite Upgrade Program",
    "target_eligibility_quarter": "NA"
   }
  },
  {
   "type": "Feature",
   "geometry": {
    "type": "Point",
    "coordinates": [
     137.74516638,
     -35.0844736
    ]
   },
   "properties": {
    "name": "20 EDITH STREET EDITHBURGH 5583",
    "locID": "LOC000016121103",
    "tech": "WIRELESS",
    "upgrade": "NULL_NA",
    "gnaf_pid": "GASA_423696695",
    "ee": true,
    "tech_change_status": "Not Planned",
    "program_type": "Fixed Wireless and Satellite Upgrade Program",
    "target_eligibility_quarter": "NA"
   }
  },
  {
   "type": "Feature",
   "geometry": {
    "type": "Point",
    "coordinates": [
     137.74724777,
     -35.08398944
    ]
   },
   "properties": {
    "name": "15 O'HALLORAN PARADE EDITHBURGH 5583",
    "locID": "LOC000059856100",
    "tech": "WIRELESS",
    "upgrade": "NULL_NA",
    "gnaf_pid": "GASA_423954015",
    "ee": true,
    "tech_change_status": "Not Planned",
    "program_type": "Fixed Wireless and Satellite Upgrade Program",
    "target_eligibility_quarter": "NA"
   }
  },
  {
   "type": "Feature",
   "geometry": {
    "type": "Point",
    "coordinates": [
     137.7472569,
     -35.08417936
    ]
   },
   "properties": {
    "name": "16 O'HALLORAN PARADE EDITHBURGH 5583",
    "locID": "LOC000075394948",
    "tech": "WIRELESS",
    "upgrade": "NULL_NA",
    "gnaf_pid": "GASA_423954016",
    "ee": true,
    "tech_change_status": "Not Planned",
    "program_type": "Fixed Wireless and Satellite Upgrade Program",
    "target_eligibility_quarter": "NA"
   }
  },
  {
   "type": "Feature",
   "geometry": {
    "type": "Point",
    "coordinates": [
     137.74734202,
     -35.08501549
    ]
   },
   "properties": {
    "name": "18 O'HALLORAN PARADE EDITHBURGH 5583",
    "locID": "LOC000131769664",
    "tech": "WIRELESS",
    "upgrade": "NULL_NA",
    "gnaf_pid": "GASA_423954017",
    "ee": true,
    "tech_change_status": "Not Planned",
    "program_type": "Fixed Wireless and Satellite Upgrade Program",
    "target_eligibility_quarter": "NA"
   }
  },
  {
   "type": "Feature",
   "geometry": {
    "type": "Point",
    "coordinates": [
     137.74692895,
     -35.08152215
    ]
   },
   "properties": {
    "name": "4 O'HALLORAN PARADE EDITHBURGH 5583",
    "locID": "LOC100078122116",
    "tech": "WIRELESS",
    "upgrade": "NULL_NA",
    "gnaf_pid": "GASA_423954022",
    "ee": true,
    "tech_change_status": "Not Planned",
    "program_type": "Fixed Wireless and Satellite Upgrade Program",
    "target_eligibility_quarter": "NA"
   }
  },
  {
   "type": "Feature",
   "geometry": {
    "type": "Point",
    "coordinates": [
     137.74723673,
     -35.08226071
    ]
   },
   "properties": {
    "name": "7 O'HALLORAN PARADE EDITHBURGH 5583",
    "locID": "LOC000131816024",
    "tech": "WIRELESS",
    "upgrade": "NULL_NA",
    "gnaf_pid": "GASA_423954023",
    "ee": true,
    "tech_change_status": "Not Planned",
    "program_type": "Fixed Wireless and Satellite Upgrade Program",
    "target_eligibility_quarter": "NA"
   }
  },
  {
   "type": "Feature",
   "geometry": {
    "type": "Point",
    "coordinates": [
     137.74728242,
     -35.08258135
    ]
   },
   "properties": {
    "name": "9 O'HALLORAN PARADE EDITHBURGH 5583",
    "locID": "LOC000131816048",
    "tech": "WIRELESS",
    "upgrade": "NULL_NA",
    "gnaf_pid": "GASA_423954024",
    "ee": true,
    "tech_change_status": "Not Planned",
    "program_type": "Fixed Wireless and Satellite Upgrade Program",
    "target_eligibility_quarter": "NA"
   }
  },
  {
   "type": "Feature",
   "geometry": {
    "type": "Point",
    "coordinates": [
     137.73815341,
     -35.08573915
    ]
   },
   "properties": {
    "name": "12 MARY STREET EDITHBURGH 5583",
    "locID": "LOC000116343781",
    "tech": "WIRELESS",
    "upgrade": "NULL_NA",
    "gnaf_pid": "GASA_423998135",
    "ee": true,
    "tech_change_status": "Not Planned",
    "program_type": "Fixed Wireless and Satellite Upgrade Program",
    "target_eligibility_quarter": "NA"
   }
  },
  {
   "type": "Feature",
   "geometry": {
    "type": "Point",
    "coordinates": [
     137.74980405,
     -35.08482371
    ]
   },
   "properties": {
    "name": "LOT 10 EDITH STREET EDITHBURGH 5583",
    "locID": "LOC000131757290",
    "tech": "WIRELESS",
    "upgrade": "NULL_NA",
    "gnaf_pid": "GASA_424011228",
    "ee": true,
    "tech_change_status": "Not Planned",
    "program_type": "Fixed Wireless and Satellite Upgrade Program",
    "target_eligibility_quarter": "NA"
   }
  },
  {
   "type": "Feature",
   "geometry": {
    "type": "Point",
    "coordinates": [
     137.74443226,
     -35.08372099
    ]
   },
   "properties": {
    "name": "10 ANSTEY TERRACE EDITHBURGH 5583",
    "locID": "LOC000131757242",
    "tech": "WIRELESS",
    "upgrade": "NULL_NA",
    "gnaf_pid": "GASA_424048582",
    "ee": true,
    "tech_change_status": "Not Planned",
    "program_type": "Fixed Wireless and Satellite Upgrade Program",
    "target_eligibility_quarter": "NA"
   }
  },
  {
   "type": "Feature",
   "geometry": {
    "type": "Point",
    "coordinates": [
     137.74669098,
     -35.0823713
    ]
   },
   "properties": {
    "name": "1A GEORGE STREET EDITHBURGH 5583",
    "locID": "LOC000183211003",
    "tech": "WIRELESS",
    "upgrade": "NULL_NA",
    "gnaf_pid": "GASA_424050755",
    "ee": true,
    "tech_change_status": "Not Planned",
    "program_type": "Fixed Wireless and Satellite Upgrade Program",
    "target_eligibility_quarter": "NA"
   }
  },
  {
   "type": "Feature",
   "geometry": {
    "type": "Point",
    "coordinates": [
     137.74652334,
     -35.08237229
    ]
   },
   "properties": {
    "name": "3 GEORGE STREET EDITHBURGH 5583",
    "locID": "LOC000009266921",
    "tech": "WIRELESS",
    "upgrade": "NULL_NA",
    "gnaf_pid": "GASA_424050756",
    "ee": true,
    "tech_change_status": "Not Planned",
    "program_type": "Fixed Wireless and Satellite Upgrade Program",
    "target_eligibility_quarter": "NA"
   }
  },
  {
   "type": "Feature",
   "geometry": {
    "type": "Point",
    "coordinates": [
     137.74460371,
     -35.08365412
    ]
   },
   "properties": {
    "name": "21 HENRY STREET EDITHBURGH 5583",
    "locID": "LOC000116329342",
    "tech": "WIRELESS",
    "upgrade": "NULL_NA",
    "gnaf_pid": "GASA_424051241",
    "ee": true,
    "tech_change_status": "Not Planned",
    "program_type": "Fixed Wireless and Satellite Upgrade Program",
    "target_eligibility_quarter": "NA"
   }
  },
  {
   "type": "Feature",
   "geometry": {
    "type": "Point",
    "coordinates": [
     137.73991944,
     -35.08630836
    ]
   },
   "properties": {
    "name": "1 MARY STREET EDITHBURGH 5583",
    "locID": "LOC000002639078",
    "tech": "WIRELESS",
    "upgrade": "NULL_NA",
    "gnaf_pid": "GASA_424052346",
    "ee": true,
    "tech_change_status": "Not Planned",
    "program_type": "Fixed Wireless and Satellite Upgrade Program",
    "target_eligibility_quarter": "NA"
   }
  },
  {
   "type": "Feature",
   "geometry": {
    "type": "Point",
    "coordinates": [
     137.7402549,
     -35.07931933
    ]
   },
   "properties": {
    "name": "3 PARK TERRACE NORTH EDITHBURGH 5583",
    "locID": "LOC100028895005",
    "tech": "WIRELESS",
    "upgrade": "NULL_NA",
    "gnaf_pid": "GASA_424053237",
    "ee": true,
    "tech_change_status": "Not Planned",
    "program_type": "Fixed Wireless and Satellite Upgrade Program",
    "target_eligibility_quarter": "NA"
   }
  },
  {
   "type": "Feature",
   "geometry": {
    "type": "Point",
    "coordinates": [
     137.73692471,
     -35.08785864
    ]
   },
   "properties": {
    "name": "LOT 250 BRAMLEY ROAD EDITHBURGH 5583",
    "locID": "LOC100078122280",
    "tech": "WIRELESS",
    "upgrade": "NULL_NA",
    "gnaf_pid": "GASA_424101140",
    "ee": true,
    "tech_change_status": "Not Planned",
    "program_type": "Fixed Wireless and Satellite Upgrade Program",
    "target_eligibility_quarter": "NA"
   }
  },
  {
   "type": "Feature",
   "geometry": {
    "type": "Point",
    "coordinates": [
     137.73860991,
     -35.08917094
    ]
   },
   "properties": {
    "name": "13 BRAMLEY ROAD EDITHBURGH 5583",
    "locID": "LOC000060730257",
    "tech": "WIRELESS",
    "upgrade": "NULL_NA",
    "gnaf_pid": "GASA_424143297",
    "ee": true,
    "tech_change_status": "Not Planned",
    "program_type": "Fixed Wireless and Satellite Upgrade Program",
    "target_eligibility_quarter": "NA"
   }
  },
  {
   "type": "Feature",
   "geometry": {
    "type": "Point",
    "coordinates": [
     137.73938888,
     -35.07088752
    ]
   },
   "properties": {
    "name": "LOT 7 FIELDING STREET EDITHBURGH 5583",
    "locID": "LOC000071499721",
    "tech": "WIRELESS",
    "upgrade": "NULL_NA",
    "gnaf_pid": "GASA_424170589",
    "ee": true,
    "tech_change_status": "Not Planned",
    "program_type": "Fixed Wireless and Satellite Upgrade Program",
    "target_eligibility_quarter": "NA"
   }
  },
  {
   "type": "Feature",
   "geometry": {
    "type": "Point",
    "coordinates": [
     137.69691347,
     -35.13456787
    ]
   },
   "properties": {
    "name": "LOT 155 GOLDSMITH BEACH ROAD EDITHBURGH 5583",
    "locID": "LOC000116366324",
    "tech": "WIRELESS",
    "upgrade": "NULL_NA",
    "gnaf_pid": "GASA_424174418",
    "ee": true,
    "tech_change_status": "Not Planned",
    "program_type": "Fixed Wireless and Satellite Upgrade Program",
    "target_eligibility_quarter": "NA"
   }
  },
  {
   "type": "Feature",
   "geometry": {
    "type": "Point",
    "coordinates": [
     137.69688222,
     -35.12647714
    ]
   },
   "properties": {
    "name": "LOT 162 GOLDSMITH BEACH ROAD EDITHBURGH 5583",
    "locID": "LOC000116366324",
    "tech": "WIRELESS",
    "upgrade": "NULL_NA",
    "gnaf_pid": "GASA_424174420",
    "ee": true,
    "tech_change_status": "Not Planned",
    "program_type": "Fixed Wireless and Satellite Upgrade Program",
    "target_eligibility_quarter": "NA"
   }
  },
  {
   "type": "Feature",
   "geometry": {
    "type": "Point",
    "coordinates": [
     137.73944347,
     -35.07178154
    ]
   },
   "properties": {
    "name": "LOT 14 NEYLER STREET EDITHBURGH 5583",
    "locID": "LOC000131777035",
    "tech": "WIRELESS",
    "upgrade": "NULL_NA",
    "gnaf_pid": "GASA_424195475",
    "ee": true,
    "tech_change_status": "Not Planned",
    "program_type": "Fixed Wireless and Satellite Upgrade Program",
    "target_eligibility_quarter": "NA"
   }
  },
  {
   "type": "Feature",
   "geometry": {
    "type": "Point",
    "coordinates": [
     137.74382118,
     -35.08357303
    ]
   },
   "properties": {
    "name": "LOT 645 ANSTEY TERRACE EDITHBURGH 5583",
    "locID": "LOC000039304605",
    "tech": "WIRELESS",
    "upgrade": "NULL_NA",
    "gnaf_pid": "GASA_424287306",
    "ee": true,
    "tech_change_status": "Not Planned",
    "program_type": "Fixed Wireless and Satellite Upgrade Program",
    "target_eligibility_quarter": "NA"
   }
  },
  {
   "type": "Feature",
   "geometry": {
    "type": "Point",
    "coordinates": [
     137.74239556,
     -35.08776115
    ]
   },
   "properties": {
    "name": "LOT 647 ANSTEY TERRACE EDITHBURGH 5583",
    "locID": "LOC000039304605",
    "tech": "WIRELESS",
    "upgrade": "NULL_NA",
    "gnaf_pid": "GASA_424287307",
    "ee": true,
    "tech_change_status": "Not Planned",
    "program_type": "Fixed Wireless and Satellite Upgrade Program",
    "target_eligibility_quarter": "NA"
   }
  },
  {
   "type": "Feature",
   "geometry": {
    "type": "Point",
    "coordinates": [
     137.74466885,
     -35.08912537
    ]
   },
   "properties": {
    "name": "LOT 648 ANSTEY TERRACE EDITHBURGH 5583",
    "locID": "LOC000039304605",
    "tech": "WIRELESS",
    "upgrade": "NULL_NA",
    "gnaf_pid": "GASA_424287308",
    "ee": true,
    "tech_change_status": "Not Planned",
    "program_type": "Fixed Wireless and Satellite Upgrade Program",
    "target_eligibility_quarter": "NA"
   }
  },
  {
   "type": "Feature",
   "geometry": {
    "type": "Point",
    "coordinates": [
     137.74415773,
     -35.09069549
    ]
   },
   "properties": {
    "name": "LOT 649 BLANCHE STREET EDITHBURGH 5583",
    "locID": "LOC000103848713",
    "tech": "WIRELESS",
    "upgrade": "NULL_NA",
    "gnaf_pid": "GASA_424290087",
    "ee": true,
    "tech_change_status": "Not Planned",
    "program_type": "Fixed Wireless and Satellite Upgrade Program",
    "target_eligibility_quarter": "NA"
   }
  },
  {
   "type": "Feature",
   "geometry": {
    "type": "Point",
    "coordinates": [
     137.74845695,
     -35.08464227
    ]
   },
   "properties": {
    "name": "LOT 668 EDITH STREET EDITHBURGH 5583",
    "locID": "LOC000046815546",
    "tech": "WIRELESS",
    "upgrade": "NULL_NA",
    "gnaf_pid": "GASA_424299265",
    "ee": true,
    "tech_change_status": "Not Planned",
    "program_type": "Fixed Wireless and Satellite Upgrade Program",
    "target_eligibility_quarter": "NA"
   }
  },
  {
   "type": "Feature",
   "geometry": {
    "type": "Point",
    "coordinates": [
     137.73099847,
     -35.07257831
    ]
   },
   "properties": {
    "name": "LOT 445 FIELDING STREET EDITHBURGH 5583",
    "locID": "LOC000006242575",
    "tech": "WIRELESS",
    "upgrade": "NULL_NA",
    "gnaf_pid": "GASA_424300738",
    "ee": true,
    "tech_change_status": "Not Planned",
    "program_type": "Fixed Wireless and Satellite Upgrade Program",
    "target_eligibility_quarter": "NA"
   }
  },
  {
   "type": "Feature",
   "geometry": {
    "type": "Point",
    "coordinates": [
     137.7440411,
     -35.08021689
    ]
   },
   "properties": {
    "name": "LOT 615 GILES TERRACE EDITHBURGH 5583",
    "locID": "LOC000099145432",
    "tech": "WIRELESS",
    "upgrade": "NULL_NA",
    "gnaf_pid": "GASA_424303462",
    "ee": true,
    "tech_change_status": "Not Planned",
    "program_type": "Fixed Wireless and Satellite Upgrade Program",
    "target_eligibility_quarter": "NA"
   }
  },
  {
   "type": "Feature",
   "geometry": {
    "type": "Point",
    "coordinates": [
     137.74204283,
     -35.07961535
    ]
   },
   "properties": {
    "name": "LOT 644 GILES TERRACE EDITHBURGH 5583",
    "locID": "LOC000099145432",
    "tech": "WIRELESS",
    "upgrade": "NULL_NA",
    "gnaf_pid": "GASA_424303463",
    "ee": true,
    "tech_change_status": "Not Planned",
    "program_type": "Fixed Wireless and Satellite Upgrade Program",
    "target_eligibility_quarter": "NA"
   }
  },
  {
   "type": "Feature",
   "geometry": {
    "type": "Point",
    "coordinates": [
     137.69681886,
     -35.11406931
    ]
   },
   "properties": {
    "name": "LOT 231 GOLDSMITH BEACH ROAD EDITHBURGH 5583",
    "locID": "LOC000116366324",
    "tech": "WIRELESS",
    "upgrade": "NULL_NA",
    "gnaf_pid": "GASA_424304141",
    "ee": true,
    "tech_change_status": "Not Planned",
    "program_type": "Fixed Wireless and Satellite Upgrade Program",
    "target_eligibility_quarter": "NA"
   }
  },
  {
   "type": "Feature",
   "geometry": {
    "type": "Point",
    "coordinates": [
     137.69145732,
     -35.0860736
    ]
   },
   "properties": {
    "name": "LOT 598 NEW HONITON ROAD EDITHBURGH 5583",
    "locID": "LOC000116329414",
    "tech": "WIRELESS",
    "upgrade": "NULL_NA",
    "gnaf_pid": "GASA_424320929",
    "ee": true,
    "tech_change_status": "Not Planned",
    "program_type": "Fixed Wireless and Satellite Upgrade Program",
    "target_eligibility_quarter": "NA"
   }
  },
  {
   "type": "Feature",
   "geometry": {
    "type": "Point",
    "coordinates": [
     137.74793882,
     -35.08570481
    ]
   },
   "properties": {
    "name": "LOT 618 O'HALLORAN PARADE EDITHBURGH 5583",
    "locID": "LOC000037697633",
    "tech": "WIRELESS",
    "upgrade": "NULL_NA",
    "gnaf_pid": "GASA_424322562",
    "ee": true,
    "tech_change_status": "Not Planned",
    "program_type": "Fixed Wireless and Satellite Upgrade Program",
    "target_eligibility_quarter": "NA"
   }
  },
  {
   "type": "Feature",
   "geometry": {
    "type": "Point",
    "coordinates": [
     137.74632686,
     -35.07947761
    ]
   },
   "properties": {
    "name": "LOT 643 O'HALLORAN PARADE EDITHBURGH 5583",
    "locID": "LOC000037697633",
    "tech": "WIRELESS",
    "upgrade": "NULL_NA",
    "gnaf_pid": "GASA_424322563",
    "ee": true,
    "tech_change_status": "Not Planned",
    "program_type": "Fixed Wireless and Satellite Upgrade Program",
    "target_eligibility_quarter": "NA"
   }
  },
  {
   "type": "Feature",
   "geometry": {
    "type": "Point",
    "coordinates": [
     137.74761846,
     -35.08797755
    ]
   },
   "properties": {
    "name": "LOT 651 O'HALLORAN PARADE EDITHBURGH 5583",
    "locID": "LOC000037697633",
    "tech": "WIRELESS",
    "upgrade": "NULL_NA",
    "gnaf_pid": "GASA_424322564",
    "ee": true,
    "tech_change_status": "Not Planned",
    "program_type": "Fixed Wireless and Satellite Upgrade Program",
    "target_eligibility_quarter": "NA"
   }
  },
  {
   "type": "Feature",
   "geometry": {
    "type": "Point",
    "coordinates": [
     137.7464026,
     -35.09205155
    ]
   },
   "properties": {
    "name": "LOT 667 SULTANA POINT ROAD EDITHBURGH 5583",
    "locID": "LOC000131683581",
    "tech": "WIRELESS",
    "upgrade": "NULL_NA",
    "gnaf_pid": "GASA_424334890",
    "ee": true,
    "tech_change_status": "Not Planned",
    "program_type": "Fixed Wireless and Satellite Upgrade Program",
    "target_eligibility_quarter": "NA"
   }
  },
  {
   "type": "Feature",
   "geometry": {
    "type": "Point",
    "coordinates": [
     137.74203018,
     -35.09876826
    ]
   },
   "properties": {
    "name": "LOT 717 SULTANA POINT ROAD EDITHBURGH 5583",
    "locID": "LOC000131683581",
    "tech": "WIRELESS",
    "upgrade": "NULL_NA",
    "gnaf_pid": "GASA_424334891",
    "ee": true,
    "tech_change_status": "Not Planned",
    "program_type": "Fixed Wireless and Satellite Upgrade Program",
    "target_eligibility_quarter": "NA"
   }
  },
  {
   "type": "Feature",
   "geometry": {
    "type": "Point",
    "coordinates": [
     137.74656083,
     -35.08406344
    ]
   },
   "properties": {
    "name": "25 BLANCHE STREET EDITHBURGH 5583",
    "locID": "LOC000131659234",
    "tech": "WIRELESS",
    "upgrade": "NULL_NA",
    "gnaf_pid": "GASA_424380476",
    "ee": true,
    "tech_change_status": "Not Planned",
    "program_type": "Fixed Wireless and Satellite Upgrade Program",
    "target_eligibility_quarter": "NA"
   }
  },
  {
   "type": "Feature",
   "geometry": {
    "type": "Point",
    "coordinates": [
     137.74691468,
     -35.08511886
    ]
   },
   "properties": {
    "name": "3 EDITH STREET EDITHBURGH 5583",
    "locID": "LOC000078533864",
    "tech": "WIRELESS",
    "upgrade": "NULL_NA",
    "gnaf_pid": "GASA_424385757",
    "ee": true,
    "tech_change_status": "Not Planned",
    "program_type": "Fixed Wireless and Satellite Upgrade Program",
    "target_eligibility_quarter": "NA"
   }
  },
  {
   "type": "Feature",
   "geometry": {
    "type": "Point",
    "coordinates": [
     137.736581,
     -35.07191877
    ]
   },
   "properties": {
    "name": "LOT 333 FIELDING STREET EDITHBURGH 5583",
    "locID": "LOC000006242575",
    "tech": "WIRELESS",
    "upgrade": "NULL_NA",
    "gnaf_pid": "GASA_424386661",
    "ee": true,
    "tech_change_status": "Not Planned",
    "program_type": "Fixed Wireless and Satellite Upgrade Program",
    "target_eligibility_quarter": "NA"
   }
  },
  {
   "type": "Feature",
   "geometry": {
    "type": "Point",
    "coordinates": [
     137.73938888,
     -35.07088752
    ]
   },
   "properties": {
    "name": "LOT 334 FIELDING STREET EDITHBURGH 5583",
    "locID": "LOC000006242575",
    "tech": "WIRELESS",
    "upgrade": "NULL_NA",
    "gnaf_pid": "GASA_424386662",
    "ee": true,
    "tech_change_status": "Not Planned",
    "program_type": "Fixed Wireless and Satellite Upgrade Program",
    "target_eligibility_quarter": "NA"
   }
  },
  {
   "type": "Feature",
   "geometry": {
    "type": "Point",
    "coordinates": [
     137.6925617,
     -35.13800214
    ]
   },
   "properties": {
    "name": "LOT 223 GOLDSMITH BEACH ROAD EDITHBURGH 5583",
    "locID": "LOC000116366324",
    "tech": "WIRELESS",
    "upgrade": "NULL_NA",
    "gnaf_pid": "GASA_424388397",
    "ee": true,
    "tech_change_status": "Not Planned",
    "program_type": "Fixed Wireless and Satellite Upgrade Program",
    "target_eligibility_quarter": "NA"
   }
  },
  {
   "type": "Feature",
   "geometry": {
    "type": "Point",
    "coordinates": [
     137.73963503,
     -35.09187004
    ]
   },
   "properties": {
    "name": "10 OLD HONITON ROAD EDITHBURGH 5583",
    "locID": "LOC000095289329",
    "tech": "WIRELESS",
    "upgrade": "NULL_NA",
    "gnaf_pid": "GASA_424398384",
    "ee": true,
    "tech_change_status": "Not Planned",
    "program_type": "Fixed Wireless and Satellite Upgrade Program",
    "target_eligibility_quarter": "NA"
   }
  },
  {
   "type": "Feature",
   "geometry": {
    "type": "Point",
    "coordinates": [
     137.73680378,
     -35.07463532
    ]
   },
   "properties": {
    "name": "LOT 458 PARK TERRACE NORTH EDITHBURGH 5583",
    "locID": "LOC000091903358",
    "tech": "WIRELESS",
    "upgrade": "NULL_NA",
    "gnaf_pid": "GASA_424399114",
    "ee": true,
    "tech_change_status": "Not Planned",
    "program_type": "Fixed Wireless and Satellite Upgrade Program",
    "target_eligibility_quarter": "NA"
   }
  },
  {
   "type": "Feature",
   "geometry": {
    "type": "Point",
    "coordinates": [
     137.7452582,
     -35.0822964
    ]
   },
   "properties": {
    "name": "3A GEORGE STREET EDITHBURGH 5583",
    "locID": "LOC000009266921",
    "tech": "WIRELESS",
    "upgrade": "NULL_NA",
    "gnaf_pid": "GASA_424413954",
    "ee": true,
    "tech_change_status": "Not Planned",
    "program_type": "Fixed Wireless and Satellite Upgrade Program",
    "target_eligibility_quarter": "NA"
   }
  },
  {
   "type": "Feature",
   "geometry": {
    "type": "Point",
    "coordinates": [
     137.74643993,
     -35.08362508
    ]
   },
   "properties": {
    "name": "7 HENRY STREET EDITHBURGH 5583",
    "locID": "LOC000069540220",
    "tech": "WIRELESS",
    "upgrade": "NULL_NA",
    "gnaf_pid": "GASA_424414307",
    "ee": true,
    "tech_change_status": "Not Planned",
    "program_type": "Fixed Wireless and Satellite Upgrade Program",
    "target_eligibility_quarter": "NA"
   }
  },
  {
   "type": "Feature",
   "geometry": {
    "type": "Point",
    "coordinates": [
     137.7365538,
     -35.0773997
    ]
   },
   "properties": {
    "name": "LOT 123 YORKETOWN ROAD EDITHBURGH 5583",
    "locID": "LOC000131675766",
    "tech": "WIRELESS",
    "upgrade": "NULL_NA",
    "gnaf_pid": "GASA_424430635",
    "ee": true,
    "tech_change_status": "Not Planned",
    "program_type": "Fixed Wireless and Satellite Upgrade Program",
    "target_eligibility_quarter": "NA"
   }
  },
  {
   "type": "Feature",
   "geometry": {
    "type": "Point",
    "coordinates": [
     137.74439487,
     -35.08126298
    ]
   },
   "properties": {
    "name": "UNIT 1, 2 ANSTEY TERRACE EDITHBURGH 5583",
    "locID": "LOC000050891555",
    "tech": "WIRELESS",
    "upgrade": "NULL_NA",
    "gnaf_pid": "GASA_424430670",
    "ee": true,
    "tech_change_status": "Not Planned",
    "program_type": "Fixed Wireless and Satellite Upgrade Program",
    "target_eligibility_quarter": "NA"
   }
  },
  {
   "type": "Feature",
   "geometry": {
    "type": "Point",
    "coordinates": [
     137.73938745,
     -35.09075275
    ]
   },
   "properties": {
    "name": "19 DEV PATTERSON DRIVE EDITHBURGH 5583",
    "locID": "LOC000036970702",
    "tech": "WIRELESS",
    "upgrade": "NULL_NA",
    "gnaf_pid": "GASA_424431120",
    "ee": true,
    "tech_change_status": "Not Planned",
    "program_type": "Fixed Wireless and Satellite Upgrade Program",
    "target_eligibility_quarter": "NA"
   }
  },
  {
   "type": "Feature",
   "geometry": {
    "type": "Point",
    "coordinates": [
     137.74542394,
     -35.08168639
    ]
   },
   "properties": {
    "name": "6A BLANCHE STREET EDITHBURGH 5583",
    "locID": "LOC000050804731",
    "tech": "WIRELESS",
    "upgrade": "NULL_NA",
    "gnaf_pid": "GASA_424567748",
    "ee": true,
    "tech_change_status": "Not Planned",
    "program_type": "Fixed Wireless and Satellite Upgrade Program",
    "target_eligibility_quarter": "NA"
   }
  },
  {
   "type": "Feature",
   "geometry": {
    "type": "Point",
    "coordinates": [
     137.73696193,
     -35.08505721
    ]
   },
   "properties": {
    "name": "21A GILLERTON TERRACE EDITHBURGH 5583",
    "locID": "LOC000085013962",
    "tech": "WIRELESS",
    "upgrade": "NULL_NA",
    "gnaf_pid": "GASA_424601488",
    "ee": true,
    "tech_change_status": "Not Planned",
    "program_type": "Fixed Wireless and Satellite Upgrade Program",
    "target_eligibility_quarter": "NA"
   }
  },
  {
   "type": "Feature",
   "geometry": {
    "type": "Point",
    "coordinates": [
     137.73628717,
     -35.08507312
    ]
   },
   "properties": {
    "name": "23A GILLERTON TERRACE EDITHBURGH 5583",
    "locID": "LOC000131655154",
    "tech": "WIRELESS",
    "upgrade": "NULL_NA",
    "gnaf_pid": "GASA_424601489",
    "ee": true,
    "tech_change_status": "Not Planned",
    "program_type": "Fixed Wireless and Satellite Upgrade Program",
    "target_eligibility_quarter": "NA"
   }
  },
  {
   "type": "Feature",
   "geometry": {
    "type": "Point",
    "coordinates": [
     137.73555741,
     -35.08604652
    ]
   },
   "properties": {
    "name": "5 GRACE STREET EDITHBURGH 5583",
    "locID": "LOC000061790561",
    "tech": "WIRELESS",
    "upgrade": "NULL_NA",
    "gnaf_pid": "GASA_424601578",
    "ee": true,
    "tech_change_status": "Not Planned",
    "program_type": "Fixed Wireless and Satellite Upgrade Program",
    "target_eligibility_quarter": "NA"
   }
  },
  {
   "type": "Feature",
   "geometry": {
    "type": "Point",
    "coordinates": [
     137.74002079,
     -35.08583659
    ]
   },
   "properties": {
    "name": "2 MARY STREET EDITHBURGH 5583",
    "locID": "LOC000131659384",
    "tech": "WIRELESS",
    "upgrade": "NULL_NA",
    "gnaf_pid": "GASA_424602806",
    "ee": true,
    "tech_change_status": "Not Planned",
    "program_type": "Fixed Wireless and Satellite Upgrade Program",
    "target_eligibility_quarter": "NA"
   }
  },
  {
   "type": "Feature",
   "geometry": {
    "type": "Point",
    "coordinates": [
     137.73981428,
     -35.0858371
    ]
   },
   "properties": {
    "name": "2A MARY STREET EDITHBURGH 5583",
    "locID": "LOC000131659384",
    "tech": "WIRELESS",
    "upgrade": "NULL_NA",
    "gnaf_pid": "GASA_424602807",
    "ee": true,
    "tech_change_status": "Not Planned",
    "program_type": "Fixed Wireless and Satellite Upgrade Program",
    "target_eligibility_quarter": "NA"
   }
  },
  {
   "type": "Feature",
   "geometry": {
    "type": "Point",
    "coordinates": [
     137.74635936,
     -35.09207131
    ]
   },
   "properties": {
    "name": "LOT 10 SULTANA POINT ROAD EDITHBURGH 5583",
    "locID": "LOC000116343706",
    "tech": "WIRELESS",
    "upgrade": "NULL_NA",
    "gnaf_pid": "GASA_424604357",
    "ee": true,
    "tech_change_status": "Not Planned",
    "program_type": "Fixed Wireless and Satellite Upgrade Program",
    "target_eligibility_quarter": "NA"
   }
  },
  {
   "type": "Feature",
   "geometry": {
    "type": "Point",
    "coordinates": [
     137.73939126,
     -35.09058965
    ]
   },
   "properties": {
    "name": "17 DEV PATTERSON DRIVE EDITHBURGH 5583",
    "locID": "LOC000110367998",
    "tech": "WIRELESS",
    "upgrade": "NULL_NA",
    "gnaf_pid": "GASA_424641300",
    "ee": true,
    "tech_change_status": "Not Planned",
    "program_type": "Fixed Wireless and Satellite Upgrade Program",
    "target_eligibility_quarter": "NA"
   }
  },
  {
   "type": "Feature",
   "geometry": {
    "type": "Point",
    "coordinates": [
     137.73863955,
     -35.09058648
    ]
   },
   "properties": {
    "name": "18 DEV PATTERSON DRIVE EDITHBURGH 5583",
    "locID": "LOC000131769617",
    "tech": "WIRELESS",
    "upgrade": "NULL_NA",
    "gnaf_pid": "GASA_424641301",
    "ee": true,
    "tech_change_status": "Not Planned",
    "program_type": "Fixed Wireless and Satellite Upgrade Program",
    "target_eligibility_quarter": "NA"
   }
  },
  {
   "type": "Feature",
   "geometry": {
    "type": "Point",
    "coordinates": [
     137.73864166,
     -35.09074965
    ]
   },
   "properties": {
    "name": "20 DEV PATTERSON DRIVE EDITHBURGH 5583",
    "locID": "LOC000177218811",
    "tech": "WIRELESS",
    "upgrade": "NULL_NA",
    "gnaf_pid": "GASA_424641302",
    "ee": true,
    "tech_change_status": "Not Planned",
    "program_type": "Fixed Wireless and Satellite Upgrade Program",
    "target_eligibility_quarter": "NA"
   }
  },
  {
   "type": "Feature",
   "geometry": {
    "type": "Point",
    "coordinates": [
     137.73859725,
     -35.0914637
    ]
   },
   "properties": {
    "name": "28 DEV PATTERSON DRIVE EDITHBURGH 5583",
    "locID": "LOC000175090224",
    "tech": "WIRELESS",
    "upgrade": "NULL_NA",
    "gnaf_pid": "GASA_424641306",
    "ee": true,
    "tech_change_status": "Not Planned",
    "program_type": "Fixed Wireless and Satellite Upgrade Program",
    "target_eligibility_quarter": "NA"
   }
  },
  {
   "type": "Feature",
   "geometry": {
    "type": "Point",
    "coordinates": [
     137.73860075,
     -35.09165447
    ]
   },
   "properties": {
    "name": "30 DEV PATTERSON DRIVE EDITHBURGH 5583",
    "locID": "LOC000131663372",
    "tech": "WIRELESS",
    "upgrade": "NULL_NA",
    "gnaf_pid": "GASA_424641307",
    "ee": true,
    "tech_change_status": "Not Planned",
    "program_type": "Fixed Wireless and Satellite Upgrade Program",
    "target_eligibility_quarter": "NA"
   }
  },
  {
   "type": "Feature",
   "geometry": {
    "type": "Point",
    "coordinates": [
     137.7386242,
     -35.08948003
    ]
   },
   "properties": {
    "name": "4 DEV PATTERSON DRIVE EDITHBURGH 5583",
    "locID": "LOC000116329507",
    "tech": "WIRELESS",
    "upgrade": "NULL_NA",
    "gnaf_pid": "GASA_424641311",
    "ee": true,
    "tech_change_status": "Not Planned",
    "program_type": "Fixed Wireless and Satellite Upgrade Program",
    "target_eligibility_quarter": "NA"
   }
  },
  {
   "type": "Feature",
   "geometry": {
    "type": "Point",
    "coordinates": [
     137.73862625,
     -35.0896389
    ]
   },
   "properties": {
    "name": "6 DEV PATTERSON DRIVE EDITHBURGH 5583",
    "locID": "LOC000131679840",
    "tech": "WIRELESS",
    "upgrade": "NULL_NA",
    "gnaf_pid": "GASA_424641312",
    "ee": true,
    "tech_change_status": "Not Planned",
    "program_type": "Fixed Wireless and Satellite Upgrade Program",
    "target_eligibility_quarter": "NA"
   }
  },
  {
   "type": "Feature",
   "geometry": {
    "type": "Point",
    "coordinates": [
     137.73917854,
     -35.09220389
    ]
   },
   "properties": {
    "name": "14 OLD HONITON ROAD EDITHBURGH 5583",
    "locID": "LOC000007465445",
    "tech": "WIRELESS",
    "upgrade": "NULL_NA",
    "gnaf_pid": "GASA_424645847",
    "ee": true,
    "tech_change_status": "Not Planned",
    "program_type": "Fixed Wireless and Satellite Upgrade Program",
    "target_eligibility_quarter": "NA"
   }
  },
  {
   "type": "Feature",
   "geometry": {
    "type": "Point",
    "coordinates": [
     137.74463588,
     -35.0812552
    ]
   },
   "properties": {
    "name": "UNIT 2, 2 ANSTEY TERRACE EDITHBURGH 5583",
    "locID": "LOC000051214344",
    "tech": "WIRELESS",
    "upgrade": "NULL_NA",
    "gnaf_pid": "GASA_424653518",
    "ee": true,
    "tech_change_status": "Not Planned",
    "program_type": "Fixed Wireless and Satellite Upgrade Program",
    "target_eligibility_quarter": "NA"
   }
  },
  {
   "type": "Feature",
   "geometry": {
    "type": "Point",
    "coordinates": [
     137.7465521,
     -35.08694026
    ]
   },
   "properties": {
    "name": "UNIT 10, 25 O'HALLORAN PARADE EDITHBURGH 5583",
    "locID": "LOC000131815941",
    "tech": "WIRELESS",
    "upgrade": "NULL_NA",
    "gnaf_pid": "GASA_424692470",
    "ee": true,
    "tech_change_status": "Not Planned",
    "program_type": "Fixed Wireless and Satellite Upgrade Program",
    "target_eligibility_quarter": "NA"
   }
  },
  {
   "type": "Feature",
   "geometry": {
    "type": "Point",
    "coordinates": [
     137.74693229,
     -35.08693032
    ]
   },
   "properties": {
    "name": "UNIT 11, 25 O'HALLORAN PARADE EDITHBURGH 5583",
    "locID": "LOC000131815941",
    "tech": "WIRELESS",
    "upgrade": "NULL_NA",
    "gnaf_pid": "GASA_424692471",
    "ee": true,
    "tech_change_status": "Not Planned",
    "program_type": "Fixed Wireless and Satellite Upgrade Program",
    "target_eligibility_quarter": "NA"
   }
  },
  {
   "type": "Feature",
   "geometry": {
    "type": "Point",
    "coordinates": [
     137.74697233,
     -35.08671544
    ]
   },
   "properties": {
    "name": "UNIT 1, 25 O'HALLORAN PARADE EDITHBURGH 5583",
    "locID": "LOC000131815941",
    "tech": "WIRELESS",
    "upgrade": "NULL_NA",
    "gnaf_pid": "GASA_424692472",
    "ee": true,
    "tech_change_status": "Not Planned",
    "program_type": "Fixed Wireless and Satellite Upgrade Program",
    "target_eligibility_quarter": "NA"
   }
  },
  {
   "type": "Feature",
   "geometry": {
    "type": "Point",
    "coordinates": [
     137.74686305,
     -35.08672384
    ]
   },
   "properties": {
    "name": "UNIT 2, 25 O'HALLORAN PARADE EDITHBURGH 5583",
    "locID": "LOC000131815941",
    "tech": "WIRELESS",
    "upgrade": "NULL_NA",
    "gnaf_pid": "GASA_424692473",
    "ee": true,
    "tech_change_status": "Not Planned",
    "program_type": "Fixed Wireless and Satellite Upgrade Program",
    "target_eligibility_quarter": "NA"
   }
  },
  {
   "type": "Feature",
   "geometry": {
    "type": "Point",
    "coordinates": [
     137.7467938,
     -35.08672404
    ]
   },
   "properties": {
    "name": "UNIT 3, 25 O'HALLORAN PARADE EDITHBURGH 5583",
    "locID": "LOC000131815941",
    "tech": "WIRELESS",
    "upgrade": "NULL_NA",
    "gnaf_pid": "GASA_424692474",
    "ee": true,
    "tech_change_status": "Not Planned",
    "program_type": "Fixed Wireless and Satellite Upgrade Program",
    "target_eligibility_quarter": "NA"
   }
  },
  {
   "type": "Feature",
   "geometry": {
    "type": "Point",
    "coordinates": [
     137.74672456,
     -35.08672425
    ]
   },
   "properties": {
    "name": "UNIT 4, 25 O'HALLORAN PARADE EDITHBURGH 5583",
    "locID": "LOC100082172909",
    "tech": "WIRELESS",
    "upgrade": "NULL_NA",
    "gnaf_pid": "GASA_424692475",
    "ee": true,
    "tech_change_status": "Not Planned",
    "program_type": "Fixed Wireless and Satellite Upgrade Program",
    "target_eligibility_quarter": "NA"
   }
  },
  {
   "type": "Feature",
   "geometry": {
    "type": "Point",
    "coordinates": [
     137.74665529,
     -35.08672444
    ]
   },
   "properties": {
    "name": "UNIT 5, 25 O'HALLORAN PARADE EDITHBURGH 5583",
    "locID": "LOC000131816007",
    "tech": "WIRELESS",
    "upgrade": "NULL_NA",
    "gnaf_pid": "GASA_424692476",
    "ee": true,
    "tech_change_status": "Not Planned",
    "program_type": "Fixed Wireless and Satellite Upgrade Program",
    "target_eligibility_quarter": "NA"
   }
  },
  {
   "type": "Feature",
   "geometry": {
    "type": "Point",
    "coordinates": [
     137.74658591,
     -35.08671338
    ]
   },
   "properties": {
    "name": "UNIT 6, 25 O'HALLORAN PARADE EDITHBURGH 5583",
    "locID": "LOC000131816011",
    "tech": "WIRELESS",
    "upgrade": "NULL_NA",
    "gnaf_pid": "GASA_424692477",
    "ee": true,
    "tech_change_status": "Not Planned",
    "program_type": "Fixed Wireless and Satellite Upgrade Program",
    "target_eligibility_quarter": "NA"
   }
  },
  {
   "type": "Feature",
   "geometry": {
    "type": "Point",
    "coordinates": [
     137.74676146,
     -35.08694017
    ]
   },
   "properties": {
    "name": "UNIT 7, 25 O'HALLORAN PARADE EDITHBURGH 5583",
    "locID": "LOC000131815941",
    "tech": "WIRELESS",
    "upgrade": "NULL_NA",
    "gnaf_pid": "GASA_424692478",
    "ee": true,
    "tech_change_status": "Not Planned",
    "program_type": "Fixed Wireless and Satellite Upgrade Program",
    "target_eligibility_quarter": "NA"
   }
  },
  {
   "type": "Feature",
   "geometry": {
    "type": "Point",
    "coordinates": [
     137.74669181,
     -35.0869397
    ]
   },
   "properties": {
    "name": "UNIT 8, 25 O'HALLORAN PARADE EDITHBURGH 5583",
    "locID": "LOC000131815941",
    "tech": "WIRELESS",
    "upgrade": "NULL_NA",
    "gnaf_pid": "GASA_424692479",
    "ee": true,
    "tech_change_status": "Not Planned",
    "program_type": "Fixed Wireless and Satellite Upgrade Program",
    "target_eligibility_quarter": "NA"
   }
  },
  {
   "type": "Feature",
   "geometry": {
    "type": "Point",
    "coordinates": [
     137.74662247,
     -35.08693998
    ]
   },
   "properties": {
    "name": "UNIT 9, 25 O'HALLORAN PARADE EDITHBURGH 5583",
    "locID": "LOC000131815941",
    "tech": "WIRELESS",
    "upgrade": "NULL_NA",
    "gnaf_pid": "GASA_424692480",
    "ee": true,
    "tech_change_status": "Not Planned",
    "program_type": "Fixed Wireless and Satellite Upgrade Program",
    "target_eligibility_quarter": "NA"
   }
  },
  {
   "type": "Feature",
   "geometry": {
    "type": "Point",
    "coordinates": [
     137.74485171,
     -35.08135381
    ]
   },
   "properties": {
    "name": "UNIT 3, 2 ANSTEY TERRACE EDITHBURGH 5583",
    "locID": "LOC000051214344",
    "tech": "WIRELESS",
    "upgrade": "NULL_NA",
    "gnaf_pid": "GASA_424694107",
    "ee": true,
    "tech_change_status": "Not Planned",
    "program_type": "Fixed Wireless and Satellite Upgrade Program",
    "target_eligibility_quarter": "NA"
   }
  },
  {
   "type": "Feature",
   "geometry": {
    "type": "Point",
    "coordinates": [
     137.73881577,
     -35.08917012
    ]
   },
   "properties": {
    "name": "11 BRAMLEY ROAD EDITHBURGH 5583",
    "locID": "LOC100078122280",
    "tech": "WIRELESS",
    "upgrade": "NULL_NA",
    "gnaf_pid": "GASA_424800699",
    "ee": true,
    "tech_change_status": "Not Planned",
    "program_type": "Fixed Wireless and Satellite Upgrade Program",
    "target_eligibility_quarter": "NA"
   }
  },
  {
   "type": "Feature",
   "geometry": {
    "type": "Point",
    "coordinates": [
     137.73859918,
     -35.09108927
    ]
   },
   "properties": {
    "name": "24 DEV PATTERSON DRIVE EDITHBURGH 5583",
    "locID": "LOC000131655177",
    "tech": "WIRELESS",
    "upgrade": "NULL_NA",
    "gnaf_pid": "GASA_424801562",
    "ee": true,
    "tech_change_status": "Not Planned",
    "program_type": "Fixed Wireless and Satellite Upgrade Program",
    "target_eligibility_quarter": "NA"
   }
  },
  {
   "type": "Feature",
   "geometry": {
    "type": "Point",
    "coordinates": [
     137.73859506,
     -35.09127528
    ]
   },
   "properties": {
    "name": "26 DEV PATTERSON DRIVE EDITHBURGH 5583",
    "locID": "LOC100079010838",
    "tech": "WIRELESS",
    "upgrade": "NULL_NA",
    "gnaf_pid": "GASA_424801563",
    "ee": true,
    "tech_change_status": "Not Planned",
    "program_type": "Fixed Wireless and Satellite Upgrade Program",
    "target_eligibility_quarter": "NA"
   }
  },
  {
   "type": "Feature",
   "geometry": {
    "type": "Point",
    "coordinates": [
     137.73841589,
     -35.0891717
    ]
   },
   "properties": {
    "name": "15 BRAMLEY ROAD EDITHBURGH 5583",
    "locID": "LOC000113238003",
    "tech": "WIRELESS",
    "upgrade": "NULL_NA",
    "gnaf_pid": "GASA_424807752",
    "ee": true,
    "tech_change_status": "Not Planned",
    "program_type": "Fixed Wireless and Satellite Upgrade Program",
    "target_eligibility_quarter": "NA"
   }
  },
  {
   "type": "Feature",
   "geometry": {
    "type": "Point",
    "coordinates": [
     137.74230895,
     -35.09475203
    ]
   },
   "properties": {
    "name": "9 CHARLES CARTER WAY EDITHBURGH 5583",
    "locID": "LOC000116366284",
    "tech": "WIRELESS",
    "upgrade": "NULL_NA",
    "gnaf_pid": "GASA_424830685",
    "ee": true,
    "tech_change_status": "Not Planned",
    "program_type": "Fixed Wireless and Satellite Upgrade Program",
    "target_eligibility_quarter": "NA"
   }
  },
  {
   "type": "Feature",
   "geometry": {
    "type": "Point",
    "coordinates": [
     137.74458811,
     -35.09371626
    ]
   },
   "properties": {
    "name": "10 SULTANA POINT ROAD EDITHBURGH 5583",
    "locID": "LOC000116343706",
    "tech": "WIRELESS",
    "upgrade": "NULL_NA",
    "gnaf_pid": "GASA_424832543",
    "ee": true,
    "tech_change_status": "Not Planned",
    "program_type": "Fixed Wireless and Satellite Upgrade Program",
    "target_eligibility_quarter": "NA"
   }
  },
  {
   "type": "Feature",
   "geometry": {
    "type": "Point",
    "coordinates": [
     137.73468182,
     -35.08888974
    ]
   },
   "properties": {
    "name": "55 BRAMLEY ROAD EDITHBURGH 5583",
    "locID": "LOC000116360106",
    "tech": "WIRELESS",
    "upgrade": "NULL_NA",
    "gnaf_pid": "GASA_424833565",
    "ee": true,
    "tech_change_status": "Not Planned",
    "program_type": "Fixed Wireless and Satellite Upgrade Program",
    "target_eligibility_quarter": "NA"
   }
  },
  {
   "type": "Feature",
   "geometry": {
    "type": "Point",
    "coordinates": [
     137.6879214,
     -35.09468887
    ]
   },
   "properties": {
    "name": "1195 GOLDSMITH BEACH ROAD EDITHBURGH 5583",
    "locID": "LOC000116343775",
    "tech": "WIRELESS",
    "upgrade": "NULL_NA",
    "gnaf_pid": "GASA_424835089",
    "ee": true,
    "tech_change_status": "Not Planned",
    "program_type": "Fixed Wireless and Satellite Upgrade Program",
    "target_eligibility_quarter": "NA"
   }
  },
  {
   "type": "Feature",
   "geometry": {
    "type": "Point",
    "coordinates": [
     137.6879538,
     -35.10832102
    ]
   },
   "properties": {
    "name": "1345 GOLDSMITH BEACH ROAD EDITHBURGH 5583",
    "locID": "LOC000116343832",
    "tech": "WIRELESS",
    "upgrade": "NULL_NA",
    "gnaf_pid": "GASA_424835090",
    "ee": true,
    "tech_change_status": "Not Planned",
    "program_type": "Fixed Wireless and Satellite Upgrade Program",
    "target_eligibility_quarter": "NA"
   }
  },
  {
   "type": "Feature",
   "geometry": {
    "type": "Point",
    "coordinates": [
     137.68781836,
     -35.0581457
    ]
   },
   "properties": {
    "name": "789 GOLDSMITH BEACH ROAD EDITHBURGH 5583",
    "locID": "LOC000116366232",
    "tech": "WIRELESS",
    "upgrade": "NULL_NA",
    "gnaf_pid": "GASA_424835093",
    "ee": true,
    "tech_change_status": "Not Planned",
    "program_type": "Fixed Wireless and Satellite Upgrade Program",
    "target_eligibility_quarter": "NA"
   }
  },
  {
   "type": "Feature",
   "geometry": {
    "type": "Point",
    "coordinates": [
     137.71984603,
     -35.08489784
    ]
   },
   "properties": {
    "name": "141 NEW HONITON ROAD EDITHBURGH 5583",
    "locID": "LOC000116343850",
    "tech": "WIRELESS",
    "upgrade": "NULL_NA",
    "gnaf_pid": "GASA_424836813",
    "ee": true,
    "tech_change_status": "Not Planned",
    "program_type": "Fixed Wireless and Satellite Upgrade Program",
    "target_eligibility_quarter": "NA"
   }
  },
  {
   "type": "Feature",
   "geometry": {
    "type": "Point",
    "coordinates": [
     137.73263794,
     -35.0847356
    ]
   },
   "properties": {
    "name": "24 NEW HONITON ROAD EDITHBURGH 5583",
    "locID": "LOC000116329361",
    "tech": "WIRELESS",
    "upgrade": "NULL_NA",
    "gnaf_pid": "GASA_424836814",
    "ee": true,
    "tech_change_status": "Not Planned",
    "program_type": "Fixed Wireless and Satellite Upgrade Program",
    "target_eligibility_quarter": "NA"
   }
  },
  {
   "type": "Feature",
   "geometry": {
    "type": "Point",
    "coordinates": [
     137.70344647,
     -35.08674338
    ]
   },
   "properties": {
    "name": "294 NEW HONITON ROAD EDITHBURGH 5583",
    "locID": "LOC000116329414",
    "tech": "WIRELESS",
    "upgrade": "NULL_NA",
    "gnaf_pid": "GASA_424836815",
    "ee": true,
    "tech_change_status": "Not Planned",
    "program_type": "Fixed Wireless and Satellite Upgrade Program",
    "target_eligibility_quarter": "NA"
   }
  },
  {
   "type": "Feature",
   "geometry": {
    "type": "Point",
    "coordinates": [
     137.73529833,
     -35.09459116
    ]
   },
   "properties": {
    "name": "116 OLD HONITON ROAD EDITHBURGH 5583",
    "locID": "LOC000116343768",
    "tech": "WIRELESS",
    "upgrade": "NULL_NA",
    "gnaf_pid": "GASA_424837078",
    "ee": true,
    "tech_change_status": "Not Planned",
    "program_type": "Fixed Wireless and Satellite Upgrade Program",
    "target_eligibility_quarter": "NA"
   }
  },
  {
   "type": "Feature",
   "geometry": {
    "type": "Point",
    "coordinates": [
     137.71251531,
     -35.10302052
    ]
   },
   "properties": {
    "name": "353 OLD HONITON ROAD EDITHBURGH 5583",
    "locID": "LOC000116329467",
    "tech": "WIRELESS",
    "upgrade": "NULL_NA",
    "gnaf_pid": "GASA_424837079",
    "ee": true,
    "tech_change_status": "Not Planned",
    "program_type": "Fixed Wireless and Satellite Upgrade Program",
    "target_eligibility_quarter": "NA"
   }
  },
  {
   "type": "Feature",
   "geometry": {
    "type": "Point",
    "coordinates": [
     137.7368509,
     -35.09375094
    ]
   },
   "properties": {
    "name": "98 OLD HONITON ROAD EDITHBURGH 5583",
    "locID": "LOC000116366376",
    "tech": "WIRELESS",
    "upgrade": "NULL_NA",
    "gnaf_pid": "GASA_424837080",
    "ee": true,
    "tech_change_status": "Not Planned",
    "program_type": "Fixed Wireless and Satellite Upgrade Program",
    "target_eligibility_quarter": "NA"
   }
  },
  {
   "type": "Feature",
   "geometry": {
    "type": "Point",
    "coordinates": [
     137.7208815,
     -35.10211901
    ]
   },
   "properties": {
    "name": "281 SHEOAK BEACH ROAD EDITHBURGH 5583",
    "locID": "LOC000116329390",
    "tech": "WIRELESS",
    "upgrade": "NULL_NA",
    "gnaf_pid": "GASA_424838325",
    "ee": true,
    "tech_change_status": "Not Planned",
    "program_type": "Fixed Wireless and Satellite Upgrade Program",
    "target_eligibility_quarter": "NA"
   }
  },
  {
   "type": "Feature",
   "geometry": {
    "type": "Point",
    "coordinates": [
     137.741962,
     -35.072271
    ]
   },
   "properties": {
    "name": "6450 ST VINCENT HIGHWAY EDITHBURGH 5583",
    "locID": "LOC000116361228",
    "tech": "WIRELESS",
    "upgrade": "NULL_NA",
    "gnaf_pid": "GASA_424838670",
    "ee": true,
    "tech_change_status": "Not Planned",
    "program_type": "Fixed Wireless and Satellite Upgrade Program",
    "target_eligibility_quarter": "NA"
   }
  },
  {
   "type": "Feature",
   "geometry": {
    "type": "Point",
    "coordinates": [
     137.74205051,
     -35.07238365
    ]
   },
   "properties": {
    "name": "6452 ST VINCENT HIGHWAY EDITHBURGH 5583",
    "locID": "LOC000116361237",
    "tech": "WIRELESS",
    "upgrade": "NULL_NA",
    "gnaf_pid": "GASA_424838671",
    "ee": true,
    "tech_change_status": "Not Planned",
    "program_type": "Fixed Wireless and Satellite Upgrade Program",
    "target_eligibility_quarter": "NA"
   }
  },
  {
   "type": "Feature",
   "geometry": {
    "type": "Point",
    "coordinates": [
     137.743233,
     -35.073602
    ]
   },
   "properties": {
    "name": "6468 ST VINCENT HIGHWAY EDITHBURGH 5583",
    "locID": "LOC000116361244",
    "tech": "WIRELESS",
    "upgrade": "NULL_NA",
    "gnaf_pid": "GASA_424838672",
    "ee": true,
    "tech_change_status": "Not Planned",
    "program_type": "Fixed Wireless and Satellite Upgrade Program",
    "target_eligibility_quarter": "NA"
   }
  },
  {
   "type": "Feature",
   "geometry": {
    "type": "Point",
    "coordinates": [
     137.743476,
     -35.073868
    ]
   },
   "properties": {
    "name": "6472 ST VINCENT HIGHWAY EDITHBURGH 5583",
    "locID": "LOC000116361259",
    "tech": "WIRELESS",
    "upgrade": "NULL_NA",
    "gnaf_pid": "GASA_424838673",
    "ee": true,
    "tech_change_status": "Not Planned",
    "program_type": "Fixed Wireless and Satellite Upgrade Program",
    "target_eligibility_quarter": "NA"
   }
  },
  {
   "type": "Feature",
   "geometry": {
    "type": "Point",
    "coordinates": [
     137.74388429,
     -35.07426571
    ]
   },
   "properties": {
    "name": "6478 ST VINCENT HIGHWAY EDITHBURGH 5583",
    "locID": "LOC000116361263",
    "tech": "WIRELESS",
    "upgrade": "NULL_NA",
    "gnaf_pid": "GASA_424838674",
    "ee": true,
    "tech_change_status": "Not Planned",
    "program_type": "Fixed Wireless and Satellite Upgrade Program",
    "target_eligibility_quarter": "NA"
   }
  },
  {
   "type": "Feature",
   "geometry": {
    "type": "Point",
    "coordinates": [
     137.74503947,
     -35.07570751
    ]
   },
   "properties": {
    "name": "6496 ST VINCENT HIGHWAY EDITHBURGH 5583",
    "locID": "LOC000116361271",
    "tech": "WIRELESS",
    "upgrade": "NULL_NA",
    "gnaf_pid": "GASA_424838675",
    "ee": true,
    "tech_change_status": "Not Planned",
    "program_type": "Fixed Wireless and Satellite Upgrade Program",
    "target_eligibility_quarter": "NA"
   }
  },
  {
   "type": "Feature",
   "geometry": {
    "type": "Point",
    "coordinates": [
     137.73230703,
     -35.07912186
    ]
   },
   "properties": {
    "name": "6747 ST VINCENT HIGHWAY EDITHBURGH 5583",
    "locID": "LOC000116361292",
    "tech": "WIRELESS",
    "upgrade": "NULL_NA",
    "gnaf_pid": "GASA_424838677",
    "ee": true,
    "tech_change_status": "Not Planned",
    "program_type": "Fixed Wireless and Satellite Upgrade Program",
    "target_eligibility_quarter": "NA"
   }
  },
  {
   "type": "Feature",
   "geometry": {
    "type": "Point",
    "coordinates": [
     137.73190835,
     -35.07887637
    ]
   },
   "properties": {
    "name": "6750 ST VINCENT HIGHWAY EDITHBURGH 5583",
    "locID": "LOC000116361302",
    "tech": "WIRELESS",
    "upgrade": "NULL_NA",
    "gnaf_pid": "GASA_424838678",
    "ee": true,
    "tech_change_status": "Not Planned",
    "program_type": "Fixed Wireless and Satellite Upgrade Program",
    "target_eligibility_quarter": "NA"
   }
  },
  {
   "type": "Feature",
   "geometry": {
    "type": "Point",
    "coordinates": [
     137.73147862,
     -35.07881262
    ]
   },
   "properties": {
    "name": "6754 ST VINCENT HIGHWAY EDITHBURGH 5583",
    "locID": "LOC000116361318",
    "tech": "WIRELESS",
    "upgrade": "NULL_NA",
    "gnaf_pid": "GASA_424838679",
    "ee": true,
    "tech_change_status": "Not Planned",
    "program_type": "Fixed Wireless and Satellite Upgrade Program",
    "target_eligibility_quarter": "NA"
   }
  },
  {
   "type": "Feature",
   "geometry": {
    "type": "Point",
    "coordinates": [
     137.73028369,
     -35.07854565
    ]
   },
   "properties": {
    "name": "6766 ST VINCENT HIGHWAY EDITHBURGH 5583",
    "locID": "LOC000116361325",
    "tech": "WIRELESS",
    "upgrade": "NULL_NA",
    "gnaf_pid": "GASA_424838680",
    "ee": true,
    "tech_change_status": "Not Planned",
    "program_type": "Fixed Wireless and Satellite Upgrade Program",
    "target_eligibility_quarter": "NA"
   }
  },
  {
   "type": "Feature",
   "geometry": {
    "type": "Point",
    "coordinates": [
     137.72963842,
     -35.07841739
    ]
   },
   "properties": {
    "name": "6772 ST VINCENT HIGHWAY EDITHBURGH 5583",
    "locID": "LOC000116361339",
    "tech": "WIRELESS",
    "upgrade": "NULL_NA",
    "gnaf_pid": "GASA_424838681",
    "ee": true,
    "tech_change_status": "Not Planned",
    "program_type": "Fixed Wireless and Satellite Upgrade Program",
    "target_eligibility_quarter": "NA"
   }
  },
  {
   "type": "Feature",
   "geometry": {
    "type": "Point",
    "coordinates": [
     137.72781753,
     -35.07803569
    ]
   },
   "properties": {
    "name": "6788 ST VINCENT HIGHWAY EDITHBURGH 5583",
    "locID": "LOC000116361356",
    "tech": "WIRELESS",
    "upgrade": "NULL_NA",
    "gnaf_pid": "GASA_424838682",
    "ee": true,
    "tech_change_status": "Not Planned",
    "program_type": "Fixed Wireless and Satellite Upgrade Program",
    "target_eligibility_quarter": "NA"
   }
  },
  {
   "type": "Feature",
   "geometry": {
    "type": "Point",
    "coordinates": [
     137.71800751,
     -35.07660742
    ]
   },
   "properties": {
    "name": "6880 ST VINCENT HIGHWAY EDITHBURGH 5583",
    "locID": "LOC000116361373",
    "tech": "WIRELESS",
    "upgrade": "NULL_NA",
    "gnaf_pid": "GASA_424838683",
    "ee": true,
    "tech_change_status": "Not Planned",
    "program_type": "Fixed Wireless and Satellite Upgrade Program",
    "target_eligibility_quarter": "NA"
   }
  },
  {
   "type": "Feature",
   "geometry": {
    "type": "Point",
    "coordinates": [
     137.71377085,
     -35.07647276
    ]
   },
   "properties": {
    "name": "6919 ST VINCENT HIGHWAY EDITHBURGH 5583",
    "locID": "LOC000116365128",
    "tech": "WIRELESS",
    "upgrade": "NULL_NA",
    "gnaf_pid": "GASA_424838684",
    "ee": true,
    "tech_change_status": "Not Planned",
    "program_type": "Fixed Wireless and Satellite Upgrade Program",
    "target_eligibility_quarter": "NA"
   }
  },
  {
   "type": "Feature",
   "geometry": {
    "type": "Point",
    "coordinates": [
     137.70627823,
     -35.07599188
    ]
   },
   "properties": {
    "name": "6987 ST VINCENT HIGHWAY EDITHBURGH 5583",
    "locID": "LOC000116365137",
    "tech": "WIRELESS",
    "upgrade": "NULL_NA",
    "gnaf_pid": "GASA_424838685",
    "ee": true,
    "tech_change_status": "Not Planned",
    "program_type": "Fixed Wireless and Satellite Upgrade Program",
    "target_eligibility_quarter": "NA"
   }
  },
  {
   "type": "Feature",
   "geometry": {
    "type": "Point",
    "coordinates": [
     137.69786256,
     -35.07549199
    ]
   },
   "properties": {
    "name": "7065 ST VINCENT HIGHWAY EDITHBURGH 5583",
    "locID": "LOC000116365159",
    "tech": "WIRELESS",
    "upgrade": "NULL_NA",
    "gnaf_pid": "GASA_424838686",
    "ee": true,
    "tech_change_status": "Not Planned",
    "program_type": "Fixed Wireless and Satellite Upgrade Program",
    "target_eligibility_quarter": "NA"
   }
  },
  {
   "type": "Feature",
   "geometry": {
    "type": "Point",
    "coordinates": [
     137.74226443,
     -35.10029863
    ]
   },
   "properties": {
    "name": "104 SULTANA POINT ROAD EDITHBURGH 5583",
    "locID": "LOC000116343723",
    "tech": "WIRELESS",
    "upgrade": "NULL_NA",
    "gnaf_pid": "GASA_424838913",
    "ee": true,
    "tech_change_status": "Not Planned",
    "program_type": "Fixed Wireless and Satellite Upgrade Program",
    "target_eligibility_quarter": "NA"
   }
  },
  {
   "type": "Feature",
   "geometry": {
    "type": "Point",
    "coordinates": [
     137.742278,
     -35.100502
    ]
   },
   "properties": {
    "name": "106 SULTANA POINT ROAD EDITHBURGH 5583",
    "locID": "LOC000116343734",
    "tech": "WIRELESS",
    "upgrade": "NULL_NA",
    "gnaf_pid": "GASA_424838914",
    "ee": true,
    "tech_change_status": "Not Planned",
    "program_type": "Fixed Wireless and Satellite Upgrade Program",
    "target_eligibility_quarter": "NA"
   }
  },
  {
   "type": "Feature",
   "geometry": {
    "type": "Point",
    "coordinates": [
     137.74279808,
     -35.10248151
    ]
   },
   "properties": {
    "name": "128 SULTANA POINT ROAD EDITHBURGH 5583",
    "locID": "LOC000116343821",
    "tech": "WIRELESS",
    "upgrade": "NULL_NA",
    "gnaf_pid": "GASA_424838915",
    "ee": true,
    "tech_change_status": "Not Planned",
    "program_type": "Fixed Wireless and Satellite Upgrade Program",
    "target_eligibility_quarter": "NA"
   }
  },
  {
   "type": "Feature",
   "geometry": {
    "type": "Point",
    "coordinates": [
     137.74233608,
     -35.09905165
    ]
   },
   "properties": {
    "name": "90 SULTANA POINT ROAD EDITHBURGH 5583",
    "locID": "LOC000116366297",
    "tech": "WIRELESS",
    "upgrade": "NULL_NA",
    "gnaf_pid": "GASA_424838917",
    "ee": true,
    "tech_change_status": "Not Planned",
    "program_type": "Fixed Wireless and Satellite Upgrade Program",
    "target_eligibility_quarter": "NA"
   }
  },
  {
   "type": "Feature",
   "geometry": {
    "type": "Point",
    "coordinates": [
     137.742336,
     -35.099262
    ]
   },
   "properties": {
    "name": "92 SULTANA POINT ROAD EDITHBURGH 5583",
    "locID": "LOC000116366311",
    "tech": "WIRELESS",
    "upgrade": "NULL_NA",
    "gnaf_pid": "GASA_424838918",
    "ee": true,
    "tech_change_status": "Not Planned",
    "program_type": "Fixed Wireless and Satellite Upgrade Program",
    "target_eligibility_quarter": "NA"
   }
  },
  {
   "type": "Feature",
   "geometry": {
    "type": "Point",
    "coordinates": [
     137.74610107,
     -35.08416091
    ]
   },
   "properties": {
    "name": "27 BLANCHE STREET EDITHBURGH 5583",
    "locID": "LOC000131659234",
    "tech": "WIRELESS",
    "upgrade": "NULL_NA",
    "gnaf_pid": "GASA_424899969",
    "ee": true,
    "tech_change_status": "Not Planned",
    "program_type": "Fixed Wireless and Satellite Upgrade Program",
    "target_eligibility_quarter": "NA"
   }
  },
  {
   "type": "Feature",
   "geometry": {
    "type": "Point",
    "coordinates": [
     137.74464153,
     -35.08647534
    ]
   },
   "properties": {
    "name": "9A CROSS STREET EDITHBURGH 5583",
    "locID": "LOC000131634433",
    "tech": "WIRELESS",
    "upgrade": "NULL_NA",
    "gnaf_pid": "GASA_424900723",
    "ee": true,
    "tech_change_status": "Not Planned",
    "program_type": "Fixed Wireless and Satellite Upgrade Program",
    "target_eligibility_quarter": "NA"
   }
  },
  {
   "type": "Feature",
   "geometry": {
    "type": "Point",
    "coordinates": [
     137.74661763,
     -35.08511999
    ]
   },
   "properties": {
    "name": "5 EDITH STREET EDITHBURGH 5583",
    "locID": "LOC000032538472",
    "tech": "WIRELESS",
    "upgrade": "NULL_NA",
    "gnaf_pid": "GASA_424900893",
    "ee": true,
    "tech_change_status": "Not Planned",
    "program_type": "Fixed Wireless and Satellite Upgrade Program",
    "target_eligibility_quarter": "NA"
   }
  },
  {
   "type": "Feature",
   "geometry": {
    "type": "Point",
    "coordinates": [
     137.71131044,
     -35.13482012
    ]
   },
   "properties": {
    "name": "48 HEEL ROAD EDITHBURGH 5583",
    "locID": "LOC000131672279",
    "tech": "WIRELESS",
    "upgrade": "NULL_NA",
    "gnaf_pid": "GASA_424901436",
    "ee": true,
    "tech_change_status": "Not Planned",
    "program_type": "Fixed Wireless and Satellite Upgrade Program",
    "target_eligibility_quarter": "NA"
   }
  },
  {
   "type": "Feature",
   "geometry": {
    "type": "Point",
    "coordinates": [
     137.74752612,
     -35.08324496
    ]
   },
   "properties": {
    "name": "UNIT 1, 2A HENRY STREET EDITHBURGH 5583",
    "locID": "LOC000131816053",
    "tech": "WIRELESS",
    "upgrade": "NULL_NA",
    "gnaf_pid": "GASA_424901465",
    "ee": true,
    "tech_change_status": "Not Planned",
    "program_type": "Fixed Wireless and Satellite Upgrade Program",
    "target_eligibility_quarter": "NA"
   }
  },
  {
   "type": "Feature",
   "geometry": {
    "type": "Point",
    "coordinates": [
     137.74729764,
     -35.0832453
    ]
   },
   "properties": {
    "name": "UNIT 2, 2A HENRY STREET EDITHBURGH 5583",
    "locID": "LOC000131816069",
    "tech": "WIRELESS",
    "upgrade": "NULL_NA",
    "gnaf_pid": "GASA_424901466",
    "ee": true,
    "tech_change_status": "Not Planned",
    "program_type": "Fixed Wireless and Satellite Upgrade Program",
    "target_eligibility_quarter": "NA"
   }
  },
  {
   "type": "Feature",
   "geometry": {
    "type": "Point",
    "coordinates": [
     137.73945073,
     -35.09205019
    ]
   },
   "properties": {
    "name": "12 OLD HONITON ROAD EDITHBURGH 5583",
    "locID": "LOC100079010840",
    "tech": "WIRELESS",
    "upgrade": "NULL_NA",
    "gnaf_pid": "GASA_424903499",
    "ee": true,
    "tech_change_status": "Not Planned",
    "program_type": "Fixed Wireless and Satellite Upgrade Program",
    "target_eligibility_quarter": "NA"
   }
  },
  {
   "type": "Feature",
   "geometry": {
    "type": "Point",
    "coordinates": [
     137.74677659,
     -35.0901026
    ]
   },
   "properties": {
    "name": "LOT 650 SOUTH TERRACE EDITHBURGH 5583",
    "locID": "LOC000078089097",
    "tech": "WIRELESS",
    "upgrade": "NULL_NA",
    "gnaf_pid": "GASA_424904751",
    "ee": true,
    "tech_change_status": "Not Planned",
    "program_type": "Fixed Wireless and Satellite Upgrade Program",
    "target_eligibility_quarter": "NA"
   }
  },
  {
   "type": "Feature",
   "geometry": {
    "type": "Point",
    "coordinates": [
     137.7457294,
     -35.09193507
    ]
   },
   "properties": {
    "name": "1A SULTANA POINT ROAD EDITHBURGH 5583",
    "locID": "LOC000116343821",
    "tech": "WIRELESS",
    "upgrade": "NULL_NA",
    "gnaf_pid": "GASA_424904949",
    "ee": true,
    "tech_change_status": "Not Planned",
    "program_type": "Fixed Wireless and Satellite Upgrade Program",
    "target_eligibility_quarter": "NA"
   }
  },
  {
   "type": "Feature",
   "geometry": {
    "type": "Point",
    "coordinates": [
     137.72775035,
     -35.0759692
    ]
   },
   "properties": {
    "name": "24 WILKEY ROAD EDITHBURGH 5583",
    "locID": "LOC000131655242",
    "tech": "WIRELESS",
    "upgrade": "NULL_NA",
    "gnaf_pid": "GASA_424905490",
    "ee": true,
    "tech_change_status": "Not Planned",
    "program_type": "Fixed Wireless and Satellite Upgrade Program",
    "target_eligibility_quarter": "NA"
   }
  },
  {
   "type": "Feature",
   "geometry": {
    "type": "Point",
    "coordinates": [
     137.7276569,
     -35.07753773
    ]
   },
   "properties": {
    "name": "7 WILKEY ROAD EDITHBURGH 5583",
    "locID": "LOC000131687229",
    "tech": "WIRELESS",
    "upgrade": "NULL_NA",
    "gnaf_pid": "GASA_424905491",
    "ee": true,
    "tech_change_status": "Not Planned",
    "program_type": "Fixed Wireless and Satellite Upgrade Program",
    "target_eligibility_quarter": "NA"
   }
  },
  {
   "type": "Feature",
   "geometry": {
    "type": "Point",
    "coordinates": [
     137.74752612,
     -35.08324496
    ]
   },
   "properties": {
    "name": "2A HENRY STREET EDITHBURGH 5583",
    "locID": "LOC000131816069",
    "tech": "WIRELESS",
    "upgrade": "NULL_NA",
    "gnaf_pid": "GASA_424931941",
    "ee": true,
    "tech_change_status": "Not Planned",
    "program_type": "Fixed Wireless and Satellite Upgrade Program",
    "target_eligibility_quarter": "NA"
   }
  },
  {
   "type": "Feature",
   "geometry": {
    "type": "Point",
    "coordinates": [
     137.74487314,
     -35.0864742
    ]
   },
   "properties": {
    "name": "9 CROSS STREET EDITHBURGH 5583",
    "locID": "LOC000131634433",
    "tech": "WIRELESS",
    "upgrade": "NULL_NA",
    "gnaf_pid": "GASA_424948128",
    "ee": true,
    "tech_change_status": "Not Planned",
    "program_type": "Fixed Wireless and Satellite Upgrade Program",
    "target_eligibility_quarter": "NA"
   }
  },
  {
   "type": "Feature",
   "geometry": {
    "type": "Point",
    "coordinates": [
     137.73838748,
     -35.07202175
    ]
   },
   "properties": {
    "name": "17 NEYLER STREET EDITHBURGH 5583",
    "locID": "LOC000131765650",
    "tech": "WIRELESS",
    "upgrade": "NULL_NA",
    "gnaf_pid": "GASA_424953441",
    "ee": true,
    "tech_change_status": "Not Planned",
    "program_type": "Fixed Wireless and Satellite Upgrade Program",
    "target_eligibility_quarter": "NA"
   }
  },
  {
   "type": "Feature",
   "geometry": {
    "type": "Point",
    "coordinates": [
     137.74225355,
     -35.09431731
    ]
   },
   "properties": {
    "name": "10 CHARLES CARTER WAY EDITHBURGH 5583",
    "locID": "LOC000131757261",
    "tech": "WIRELESS",
    "upgrade": "NULL_NA",
    "gnaf_pid": "GASA_425061995",
    "ee": true,
    "tech_change_status": "Not Planned",
    "program_type": "Fixed Wireless and Satellite Upgrade Program",
    "target_eligibility_quarter": "NA"
   }
  },
  {
   "type": "Feature",
   "geometry": {
    "type": "Point",
    "coordinates": [
     137.74209446,
     -35.09475276
    ]
   },
   "properties": {
    "name": "11 CHARLES CARTER WAY EDITHBURGH 5583",
    "locID": "LOC000131761402",
    "tech": "WIRELESS",
    "upgrade": "NULL_NA",
    "gnaf_pid": "GASA_425061996",
    "ee": true,
    "tech_change_status": "Not Planned",
    "program_type": "Fixed Wireless and Satellite Upgrade Program",
    "target_eligibility_quarter": "NA"
   }
  },
  {
   "type": "Feature",
   "geometry": {
    "type": "Point",
    "coordinates": [
     137.74166547,
     -35.09475422
    ]
   },
   "properties": {
    "name": "15 CHARLES CARTER WAY EDITHBURGH 5583",
    "locID": "LOC100056777361",
    "tech": "WIRELESS",
    "upgrade": "NULL_NA",
    "gnaf_pid": "GASA_425062000",
    "ee": true,
    "tech_change_status": "Not Planned",
    "program_type": "Fixed Wireless and Satellite Upgrade Program",
    "target_eligibility_quarter": "NA"
   }
  },
  {
   "type": "Feature",
   "geometry": {
    "type": "Point",
    "coordinates": [
     137.74123642,
     -35.0947554
    ]
   },
   "properties": {
    "name": "19 CHARLES CARTER WAY EDITHBURGH 5583",
    "locID": "LOC000131769714",
    "tech": "WIRELESS",
    "upgrade": "NULL_NA",
    "gnaf_pid": "GASA_425062002",
    "ee": true,
    "tech_change_status": "Not Planned",
    "program_type": "Fixed Wireless and Satellite Upgrade Program",
    "target_eligibility_quarter": "NA"
   }
  },
  {
   "type": "Feature",
   "geometry": {
    "type": "Point",
    "coordinates": [
     137.74330716,
     -35.09465829
    ]
   },
   "properties": {
    "name": "1 CHARLES CARTER WAY EDITHBURGH 5583",
    "locID": "LOC000131761402",
    "tech": "WIRELESS",
    "upgrade": "NULL_NA",
    "gnaf_pid": "GASA_425062003",
    "ee": true,
    "tech_change_status": "Not Planned",
    "program_type": "Fixed Wireless and Satellite Upgrade Program",
    "target_eligibility_quarter": "NA"
   }
  },
  {
   "type": "Feature",
   "geometry": {
    "type": "Point",
    "coordinates": [
     137.74273789,
     -35.0947506
    ]
   },
   "properties": {
    "name": "5 CHARLES CARTER WAY EDITHBURGH 5583",
    "locID": "LOC000131672320",
    "tech": "WIRELESS",
    "upgrade": "NULL_NA",
    "gnaf_pid": "GASA_425062005",
    "ee": true,
    "tech_change_status": "Not Planned",
    "program_type": "Fixed Wireless and Satellite Upgrade Program",
    "target_eligibility_quarter": "NA"
   }
  },
  {
   "type": "Feature",
   "geometry": {
    "type": "Point",
    "coordinates": [
     137.7434898,
     -35.09402172
    ]
   },
   "properties": {
    "name": "12 CLAN RANALD AVENUE EDITHBURGH 5583",
    "locID": "LOC000131773234",
    "tech": "WIRELESS",
    "upgrade": "NULL_NA",
    "gnaf_pid": "GASA_425062103",
    "ee": true,
    "tech_change_status": "Not Planned",
    "program_type": "Fixed Wireless and Satellite Upgrade Program",
    "target_eligibility_quarter": "NA"
   }
  },
  {
   "type": "Feature",
   "geometry": {
    "type": "Point",
    "coordinates": [
     137.74352581,
     -35.09419773
    ]
   },
   "properties": {
    "name": "14 CLAN RANALD AVENUE EDITHBURGH 5583",
    "locID": "LOC100079010886",
    "tech": "WIRELESS",
    "upgrade": "NULL_NA",
    "gnaf_pid": "GASA_425062104",
    "ee": true,
    "tech_change_status": "Not Planned",
    "program_type": "Fixed Wireless and Satellite Upgrade Program",
    "target_eligibility_quarter": "NA"
   }
  },
  {
   "type": "Feature",
   "geometry": {
    "type": "Point",
    "coordinates": [
     137.74351094,
     -35.09436299
    ]
   },
   "properties": {
    "name": "16 CLAN RANALD AVENUE EDITHBURGH 5583",
    "locID": "LOC000131765480",
    "tech": "WIRELESS",
    "upgrade": "NULL_NA",
    "gnaf_pid": "GASA_425062105",
    "ee": true,
    "tech_change_status": "Not Planned",
    "program_type": "Fixed Wireless and Satellite Upgrade Program",
    "target_eligibility_quarter": "NA"
   }
  },
  {
   "type": "Feature",
   "geometry": {
    "type": "Point",
    "coordinates": [
     137.74314374,
     -35.09413641
    ]
   },
   "properties": {
    "name": "4 DART CLOSE EDITHBURGH 5583",
    "locID": "LOC000131667886",
    "tech": "WIRELESS",
    "upgrade": "NULL_NA",
    "gnaf_pid": "GASA_425062615",
    "ee": true,
    "tech_change_status": "Not Planned",
    "program_type": "Fixed Wireless and Satellite Upgrade Program",
    "target_eligibility_quarter": "NA"
   }
  },
  {
   "type": "Feature",
   "geometry": {
    "type": "Point",
    "coordinates": [
     137.74262472,
     -35.0939015
    ]
   },
   "properties": {
    "name": "5 DART CLOSE EDITHBURGH 5583",
    "locID": "LOC000131672331",
    "tech": "WIRELESS",
    "upgrade": "NULL_NA",
    "gnaf_pid": "GASA_425062616",
    "ee": true,
    "tech_change_status": "Not Planned",
    "program_type": "Fixed Wireless and Satellite Upgrade Program",
    "target_eligibility_quarter": "NA"
   }
  },
  {
   "type": "Feature",
   "geometry": {
    "type": "Point",
    "coordinates": [
     137.74320098,
     -35.09391948
    ]
   },
   "properties": {
    "name": "6 DART CLOSE EDITHBURGH 5583",
    "locID": "LOC000131679838",
    "tech": "WIRELESS",
    "upgrade": "NULL_NA",
    "gnaf_pid": "GASA_425062617",
    "ee": true,
    "tech_change_status": "Not Planned",
    "program_type": "Fixed Wireless and Satellite Upgrade Program",
    "target_eligibility_quarter": "NA"
   }
  },
  {
   "type": "Feature",
   "geometry": {
    "type": "Point",
    "coordinates": [
     137.74269513,
     -35.09372159
    ]
   },
   "properties": {
    "name": "7 DART CLOSE EDITHBURGH 5583",
    "locID": "LOC000131687110",
    "tech": "WIRELESS",
    "upgrade": "NULL_NA",
    "gnaf_pid": "GASA_425062618",
    "ee": true,
    "tech_change_status": "Not Planned",
    "program_type": "Fixed Wireless and Satellite Upgrade Program",
    "target_eligibility_quarter": "NA"
   }
  },
  {
   "type": "Feature",
   "geometry": {
    "type": "Point",
    "coordinates": [
     137.73903007,
     -35.07115469
    ]
   },
   "properties": {
    "name": "11 FIELDING STREET EDITHBURGH 5583",
    "locID": "LOC000131761439",
    "tech": "WIRELESS",
    "upgrade": "NULL_NA",
    "gnaf_pid": "GASA_425063447",
    "ee": true,
    "tech_change_status": "Not Planned",
    "program_type": "Fixed Wireless and Satellite Upgrade Program",
    "target_eligibility_quarter": "NA"
   }
  },
  {
   "type": "Feature",
   "geometry": {
    "type": "Point",
    "coordinates": [
     137.73880961,
     -35.07115524
    ]
   },
   "properties": {
    "name": "13 FIELDING STREET EDITHBURGH 5583",
    "locID": "LOC000131773456",
    "tech": "WIRELESS",
    "upgrade": "NULL_NA",
    "gnaf_pid": "GASA_425063448",
    "ee": true,
    "tech_change_status": "Not Planned",
    "program_type": "Fixed Wireless and Satellite Upgrade Program",
    "target_eligibility_quarter": "NA"
   }
  },
  {
   "type": "Feature",
   "geometry": {
    "type": "Point",
    "coordinates": [
     137.73766634,
     -35.07122539
    ]
   },
   "properties": {
    "name": "19 FIELDING STREET EDITHBURGH 5583",
    "locID": "LOC000131769722",
    "tech": "WIRELESS",
    "upgrade": "NULL_NA",
    "gnaf_pid": "GASA_425063451",
    "ee": true,
    "tech_change_status": "Not Planned",
    "program_type": "Fixed Wireless and Satellite Upgrade Program",
    "target_eligibility_quarter": "NA"
   }
  },
  {
   "type": "Feature",
   "geometry": {
    "type": "Point",
    "coordinates": [
     137.73753475,
     -35.08166653
    ]
   },
   "properties": {
    "name": "8 LAWRENCE LANE EDITHBURGH 5583",
    "locID": "LOC000131626039",
    "tech": "WIRELESS",
    "upgrade": "NULL_NA",
    "gnaf_pid": "GASA_425065358",
    "ee": true,
    "tech_change_status": "Not Planned",
    "program_type": "Fixed Wireless and Satellite Upgrade Program",
    "target_eligibility_quarter": "NA"
   }
  },
  {
   "type": "Feature",
   "geometry": {
    "type": "Point",
    "coordinates": [
     137.73849178,
     -35.09319323
    ]
   },
   "properties": {
    "name": "1 LEHMANN ROAD EDITHBURGH 5583",
    "locID": "LOC000131757177",
    "tech": "WIRELESS",
    "upgrade": "NULL_NA",
    "gnaf_pid": "GASA_425065384",
    "ee": true,
    "tech_change_status": "Not Planned",
    "program_type": "Fixed Wireless and Satellite Upgrade Program",
    "target_eligibility_quarter": "NA"
   }
  },
  {
   "type": "Feature",
   "geometry": {
    "type": "Point",
    "coordinates": [
     137.73825392,
     -35.09492353
    ]
   },
   "properties": {
    "name": "22 LEHMANN ROAD EDITHBURGH 5583",
    "locID": "LOC000131655046",
    "tech": "WIRELESS",
    "upgrade": "NULL_NA",
    "gnaf_pid": "GASA_425065385",
    "ee": true,
    "tech_change_status": "Not Planned",
    "program_type": "Fixed Wireless and Satellite Upgrade Program",
    "target_eligibility_quarter": "NA"
   }
  },
  {
   "type": "Feature",
   "geometry": {
    "type": "Point",
    "coordinates": [
     137.7385583,
     -35.0933884
    ]
   },
   "properties": {
    "name": "3 LEHMANN ROAD EDITHBURGH 5583",
    "locID": "LOC000131659473",
    "tech": "WIRELESS",
    "upgrade": "NULL_NA",
    "gnaf_pid": "GASA_425065386",
    "ee": true,
    "tech_change_status": "Not Planned",
    "program_type": "Fixed Wireless and Satellite Upgrade Program",
    "target_eligibility_quarter": "NA"
   }
  },
  {
   "type": "Feature",
   "geometry": {
    "type": "Point",
    "coordinates": [
     137.7386049,
     -35.09352452
    ]
   },
   "properties": {
    "name": "5 LEHMANN ROAD EDITHBURGH 5583",
    "locID": "LOC000131659473",
    "tech": "WIRELESS",
    "upgrade": "NULL_NA",
    "gnaf_pid": "GASA_425065387",
    "ee": true,
    "tech_change_status": "Not Planned",
    "program_type": "Fixed Wireless and Satellite Upgrade Program",
    "target_eligibility_quarter": "NA"
   }
  },
  {
   "type": "Feature",
   "geometry": {
    "type": "Point",
    "coordinates": [
     137.73903302,
     -35.07151719
    ]
   },
   "properties": {
    "name": "10 NEYLER STREET EDITHBURGH 5583",
    "locID": "LOC000131761275",
    "tech": "WIRELESS",
    "upgrade": "NULL_NA",
    "gnaf_pid": "GASA_425066677",
    "ee": true,
    "tech_change_status": "Not Planned",
    "program_type": "Fixed Wireless and Satellite Upgrade Program",
    "target_eligibility_quarter": "NA"
   }
  },
  {
   "type": "Feature",
   "geometry": {
    "type": "Point",
    "coordinates": [
     137.7385921,
     -35.07151829
    ]
   },
   "properties": {
    "name": "14 NEYLER STREET EDITHBURGH 5583",
    "locID": "LOC000131777035",
    "tech": "WIRELESS",
    "upgrade": "NULL_NA",
    "gnaf_pid": "GASA_425066681",
    "ee": true,
    "tech_change_status": "Not Planned",
    "program_type": "Fixed Wireless and Satellite Upgrade Program",
    "target_eligibility_quarter": "NA"
   }
  },
  {
   "type": "Feature",
   "geometry": {
    "type": "Point",
    "coordinates": [
     137.73837806,
     -35.07151887
    ]
   },
   "properties": {
    "name": "16 NEYLER STREET EDITHBURGH 5583",
    "locID": "LOC000131765548",
    "tech": "WIRELESS",
    "upgrade": "NULL_NA",
    "gnaf_pid": "GASA_425066682",
    "ee": true,
    "tech_change_status": "Not Planned",
    "program_type": "Fixed Wireless and Satellite Upgrade Program",
    "target_eligibility_quarter": "NA"
   }
  },
  {
   "type": "Feature",
   "geometry": {
    "type": "Point",
    "coordinates": [
     137.73991487,
     -35.07151498
    ]
   },
   "properties": {
    "name": "2 NEYLER STREET EDITHBURGH 5583",
    "locID": "LOC000131650529",
    "tech": "WIRELESS",
    "upgrade": "NULL_NA",
    "gnaf_pid": "GASA_425066683",
    "ee": true,
    "tech_change_status": "Not Planned",
    "program_type": "Fixed Wireless and Satellite Upgrade Program",
    "target_eligibility_quarter": "NA"
   }
  },
  {
   "type": "Feature",
   "geometry": {
    "type": "Point",
    "coordinates": [
     137.73970942,
     -35.07201855
    ]
   },
   "properties": {
    "name": "5 NEYLER STREET EDITHBURGH 5583",
    "locID": "LOC100078121929",
    "tech": "WIRELESS",
    "upgrade": "NULL_NA",
    "gnaf_pid": "GASA_425066686",
    "ee": true,
    "tech_change_status": "Not Planned",
    "program_type": "Fixed Wireless and Satellite Upgrade Program",
    "target_eligibility_quarter": "NA"
   }
  },
  {
   "type": "Feature",
   "geometry": {
    "type": "Point",
    "coordinates": [
     137.73948896,
     -35.07201904
    ]
   },
   "properties": {
    "name": "7 NEYLER STREET EDITHBURGH 5583",
    "locID": "LOC000131687152",
    "tech": "WIRELESS",
    "upgrade": "NULL_NA",
    "gnaf_pid": "GASA_425066688",
    "ee": true,
    "tech_change_status": "Not Planned",
    "program_type": "Fixed Wireless and Satellite Upgrade Program",
    "target_eligibility_quarter": "NA"
   }
  },
  {
   "type": "Feature",
   "geometry": {
    "type": "Point",
    "coordinates": [
     137.7392685,
     -35.07201952
    ]
   },
   "properties": {
    "name": "9 NEYLER STREET EDITHBURGH 5583",
    "locID": "LOC100077369641",
    "tech": "WIRELESS",
    "upgrade": "NULL_NA",
    "gnaf_pid": "GASA_425066690",
    "ee": true,
    "tech_change_status": "Not Planned",
    "program_type": "Fixed Wireless and Satellite Upgrade Program",
    "target_eligibility_quarter": "NA"
   }
  },
  {
   "type": "Feature",
   "geometry": {
    "type": "Point",
    "coordinates": [
     137.74026215,
     -35.0724767
    ]
   },
   "properties": {
    "name": "61 PARK TERRACE NORTH EDITHBURGH 5583",
    "locID": "LOC000131683552",
    "tech": "WIRELESS",
    "upgrade": "NULL_NA",
    "gnaf_pid": "GASA_425067332",
    "ee": true,
    "tech_change_status": "Not Planned",
    "program_type": "Fixed Wireless and Satellite Upgrade Program",
    "target_eligibility_quarter": "NA"
   }
  },
  {
   "type": "Feature",
   "geometry": {
    "type": "Point",
    "coordinates": [
     137.74025811,
     -35.07229275
    ]
   },
   "properties": {
    "name": "63 PARK TERRACE NORTH EDITHBURGH 5583",
    "locID": "LOC000131683608",
    "tech": "WIRELESS",
    "upgrade": "NULL_NA",
    "gnaf_pid": "GASA_425067333",
    "ee": true,
    "tech_change_status": "Not Planned",
    "program_type": "Fixed Wireless and Satellite Upgrade Program",
    "target_eligibility_quarter": "NA"
   }
  },
  {
   "type": "Feature",
   "geometry": {
    "type": "Point",
    "coordinates": [
     137.74025564,
     -35.07192592
    ]
   },
   "properties": {
    "name": "67 PARK TERRACE NORTH EDITHBURGH 5583",
    "locID": "LOC000131683696",
    "tech": "WIRELESS",
    "upgrade": "NULL_NA",
    "gnaf_pid": "GASA_425067335",
    "ee": true,
    "tech_change_status": "Not Planned",
    "program_type": "Fixed Wireless and Satellite Upgrade Program",
    "target_eligibility_quarter": "NA"
   }
  },
  {
   "type": "Feature",
   "geometry": {
    "type": "Point",
    "coordinates": [
     137.7402502,
     -35.07161382
    ]
   },
   "properties": {
    "name": "69 PARK TERRACE NORTH EDITHBURGH 5583",
    "locID": "LOC000131683736",
    "tech": "WIRELESS",
    "upgrade": "NULL_NA",
    "gnaf_pid": "GASA_425067336",
    "ee": true,
    "tech_change_status": "Not Planned",
    "program_type": "Fixed Wireless and Satellite Upgrade Program",
    "target_eligibility_quarter": "NA"
   }
  },
  {
   "type": "Feature",
   "geometry": {
    "type": "Point",
    "coordinates": [
     137.74024421,
     -35.07142243
    ]
   },
   "properties": {
    "name": "71 PARK TERRACE NORTH EDITHBURGH 5583",
    "locID": "LOC000131687264",
    "tech": "WIRELESS",
    "upgrade": "NULL_NA",
    "gnaf_pid": "GASA_425067337",
    "ee": true,
    "tech_change_status": "Not Planned",
    "program_type": "Fixed Wireless and Satellite Upgrade Program",
    "target_eligibility_quarter": "NA"
   }
  },
  {
   "type": "Feature",
   "geometry": {
    "type": "Point",
    "coordinates": [
     137.74024195,
     -35.07124004
    ]
   },
   "properties": {
    "name": "73 PARK TERRACE NORTH EDITHBURGH 5583",
    "locID": "LOC000131687319",
    "tech": "WIRELESS",
    "upgrade": "NULL_NA",
    "gnaf_pid": "GASA_425067338",
    "ee": true,
    "tech_change_status": "Not Planned",
    "program_type": "Fixed Wireless and Satellite Upgrade Program",
    "target_eligibility_quarter": "NA"
   }
  },
  {
   "type": "Feature",
   "geometry": {
    "type": "Point",
    "coordinates": [
     137.73883085,
     -35.07238697
    ]
   },
   "properties": {
    "name": "10 PERRY STREET EDITHBURGH 5583",
    "locID": "LOC000131761309",
    "tech": "WIRELESS",
    "upgrade": "NULL_NA",
    "gnaf_pid": "GASA_425067525",
    "ee": true,
    "tech_change_status": "Not Planned",
    "program_type": "Fixed Wireless and Satellite Upgrade Program",
    "target_eligibility_quarter": "NA"
   }
  },
  {
   "type": "Feature",
   "geometry": {
    "type": "Point",
    "coordinates": [
     137.73971265,
     -35.0723858
    ]
   },
   "properties": {
    "name": "4 PERRY STREET EDITHBURGH 5583",
    "locID": "LOC000131672090",
    "tech": "WIRELESS",
    "upgrade": "NULL_NA",
    "gnaf_pid": "GASA_425067528",
    "ee": true,
    "tech_change_status": "Not Planned",
    "program_type": "Fixed Wireless and Satellite Upgrade Program",
    "target_eligibility_quarter": "NA"
   }
  },
  {
   "type": "Feature",
   "geometry": {
    "type": "Point",
    "coordinates": [
     137.73938205,
     -35.07238624
    ]
   },
   "properties": {
    "name": "6 PERRY STREET EDITHBURGH 5583",
    "locID": "LOC000131679935",
    "tech": "WIRELESS",
    "upgrade": "NULL_NA",
    "gnaf_pid": "GASA_425067529",
    "ee": true,
    "tech_change_status": "Not Planned",
    "program_type": "Fixed Wireless and Satellite Upgrade Program",
    "target_eligibility_quarter": "NA"
   }
  },
  {
   "type": "Feature",
   "geometry": {
    "type": "Point",
    "coordinates": [
     137.7390513,
     -35.07238668
    ]
   },
   "properties": {
    "name": "8 PERRY STREET EDITHBURGH 5583",
    "locID": "LOC000131626060",
    "tech": "WIRELESS",
    "upgrade": "NULL_NA",
    "gnaf_pid": "GASA_425067530",
    "ee": true,
    "tech_change_status": "Not Planned",
    "program_type": "Fixed Wireless and Satellite Upgrade Program",
    "target_eligibility_quarter": "NA"
   }
  },
  {
   "type": "Feature",
   "geometry": {
    "type": "Point",
    "coordinates": [
     137.74308244,
     -35.09592766
    ]
   },
   "properties": {
    "name": "24 SULTANA POINT ROAD EDITHBURGH 5583",
    "locID": "LOC000131655235",
    "tech": "WIRELESS",
    "upgrade": "NULL_NA",
    "gnaf_pid": "GASA_425069563",
    "ee": true,
    "tech_change_status": "Not Planned",
    "program_type": "Fixed Wireless and Satellite Upgrade Program",
    "target_eligibility_quarter": "NA"
   }
  },
  {
   "type": "Feature",
   "geometry": {
    "type": "Point",
    "coordinates": [
     137.73414144,
     -35.11056536
    ]
   },
   "properties": {
    "name": "158 WATTLE POINT ROAD EDITHBURGH 5583",
    "locID": "LOC100079010903",
    "tech": "WIRELESS",
    "upgrade": "NULL_NA",
    "gnaf_pid": "GASA_425070255",
    "ee": true,
    "tech_change_status": "Not Planned",
    "program_type": "Fixed Wireless and Satellite Upgrade Program",
    "target_eligibility_quarter": "NA"
   }
  },
  {
   "type": "Feature",
   "geometry": {
    "type": "Point",
    "coordinates": [
     137.73497709,
     -35.08087723
    ]
   },
   "properties": {
    "name": "10 WEST STREET EDITHBURGH 5583",
    "locID": "LOC000131761321",
    "tech": "WIRELESS",
    "upgrade": "NULL_NA",
    "gnaf_pid": "GASA_425070341",
    "ee": true,
    "tech_change_status": "Not Planned",
    "program_type": "Fixed Wireless and Satellite Upgrade Program",
    "target_eligibility_quarter": "NA"
   }
  },
  {
   "type": "Feature",
   "geometry": {
    "type": "Point",
    "coordinates": [
     137.73497778,
     -35.08112035
    ]
   },
   "properties": {
    "name": "12 WEST STREET EDITHBURGH 5583",
    "locID": "LOC000131773384",
    "tech": "WIRELESS",
    "upgrade": "NULL_NA",
    "gnaf_pid": "GASA_425070343",
    "ee": true,
    "tech_change_status": "Not Planned",
    "program_type": "Fixed Wireless and Satellite Upgrade Program",
    "target_eligibility_quarter": "NA"
   }
  },
  {
   "type": "Feature",
   "geometry": {
    "type": "Point",
    "coordinates": [
     137.7356135,
     -35.08304608
    ]
   },
   "properties": {
    "name": "29 WEST STREET EDITHBURGH 5583",
    "locID": "LOC100078122159",
    "tech": "WIRELESS",
    "upgrade": "NULL_NA",
    "gnaf_pid": "GASA_425070349",
    "ee": true,
    "tech_change_status": "Not Planned",
    "program_type": "Fixed Wireless and Satellite Upgrade Program",
    "target_eligibility_quarter": "NA"
   }
  },
  {
   "type": "Feature",
   "geometry": {
    "type": "Point",
    "coordinates": [
     137.73573657,
     -35.08325502
    ]
   },
   "properties": {
    "name": "31 WEST STREET EDITHBURGH 5583",
    "locID": "LOC000131663477",
    "tech": "WIRELESS",
    "upgrade": "NULL_NA",
    "gnaf_pid": "GASA_425070351",
    "ee": true,
    "tech_change_status": "Not Planned",
    "program_type": "Fixed Wireless and Satellite Upgrade Program",
    "target_eligibility_quarter": "NA"
   }
  },
  {
   "type": "Feature",
   "geometry": {
    "type": "Point",
    "coordinates": [
     137.73573775,
     -35.08367389
    ]
   },
   "properties": {
    "name": "35 WEST STREET EDITHBURGH 5583",
    "locID": "LOC000131667762",
    "tech": "WIRELESS",
    "upgrade": "NULL_NA",
    "gnaf_pid": "GASA_425070353",
    "ee": true,
    "tech_change_status": "Not Planned",
    "program_type": "Fixed Wireless and Satellite Upgrade Program",
    "target_eligibility_quarter": "NA"
   }
  },
  {
   "type": "Feature",
   "geometry": {
    "type": "Point",
    "coordinates": [
     137.7349764,
     -35.0806209
    ]
   },
   "properties": {
    "name": "8 WEST STREET EDITHBURGH 5583",
    "locID": "LOC000131629614",
    "tech": "WIRELESS",
    "upgrade": "NULL_NA",
    "gnaf_pid": "GASA_425070355",
    "ee": true,
    "tech_change_status": "Not Planned",
    "program_type": "Fixed Wireless and Satellite Upgrade Program",
    "target_eligibility_quarter": "NA"
   }
  },
  {
   "type": "Feature",
   "geometry": {
    "type": "Point",
    "coordinates": [
     137.73830148,
     -35.09593533
    ]
   },
   "properties": {
    "name": "2 LEHMANN ROAD EDITHBURGH 5583",
    "locID": "LOC000131655046",
    "tech": "WIRELESS",
    "upgrade": "NULL_NA",
    "gnaf_pid": "GASA_425071698",
    "ee": true,
    "tech_change_status": "Not Planned",
    "program_type": "Fixed Wireless and Satellite Upgrade Program",
    "target_eligibility_quarter": "NA"
   }
  },
  {
   "type": "Feature",
   "geometry": {
    "type": "Point",
    "coordinates": [
     137.74174407,
     -35.07605279
    ]
   },
   "properties": {
    "name": "10-26 PARK TERRACE NORTH EDITHBURGH 5583",
    "locID": "LOC000131761332",
    "tech": "WIRELESS",
    "upgrade": "NULL_NA",
    "gnaf_pid": "GASA_425071920",
    "ee": true,
    "tech_change_status": "Not Planned",
    "program_type": "Fixed Wireless and Satellite Upgrade Program",
    "target_eligibility_quarter": "NA"
   }
  },
  {
   "type": "Feature",
   "geometry": {
    "type": "Point",
    "coordinates": [
     137.74434746,
     -35.08186633
    ]
   },
   "properties": {
    "name": "14 GEORGE STREET EDITHBURGH 5583",
    "locID": "LOC100087444024",
    "tech": "WIRELESS",
    "upgrade": "NULL_NA",
    "gnaf_pid": "GASA_425107768",
    "ee": true,
    "tech_change_status": "Not Planned",
    "program_type": "Fixed Wireless and Satellite Upgrade Program",
    "target_eligibility_quarter": "NA"
   }
  },
  {
   "type": "Feature",
   "geometry": {
    "type": "Point",
    "coordinates": [
     137.73973416,
     -35.09147832
    ]
   },
   "properties": {
    "name": "6 SUNSET COURT EDITHBURGH 5583",
    "locID": "LOC000177753826",
    "tech": "WIRELESS",
    "upgrade": "NULL_NA",
    "gnaf_pid": "GASA_425195472",
    "ee": true,
    "tech_change_status": "Not Planned",
    "program_type": "Fixed Wireless and Satellite Upgrade Program",
    "target_eligibility_quarter": "NA"
   }
  },
  {
   "type": "Feature",
   "geometry": {
    "type": "Point",
    "coordinates": [
     137.74550171,
     -35.08256229
    ]
   },
   "properties": {
    "name": "UNIT 4, 10 BLANCHE STREET EDITHBURGH 5583",
    "locID": "LOC000082656066",
    "tech": "WIRELESS",
    "upgrade": "NULL_NA",
    "gnaf_pid": "GASA_425396085",
    "ee": true,
    "tech_change_status": "Not Planned",
    "program_type": "Fixed Wireless and Satellite Upgrade Program",
    "target_eligibility_quarter": "NA"
   }
  },
  {
   "type": "Feature",
   "geometry": {
    "type": "Point",
    "coordinates": [
     137.74661763,
     -35.08511999
    ]
   },
   "properties": {
    "name": "5-7 EDITH STREET EDITHBURGH 5583",
    "locID": "LOC000060593957",
    "tech": "WIRELESS",
    "upgrade": "NULL_NA",
    "gnaf_pid": "GASA_425436169",
    "ee": true,
    "tech_change_status": "Not Planned",
    "program_type": "Fixed Wireless and Satellite Upgrade Program",
    "target_eligibility_quarter": "NA"
   }
  },
  {
   "type": "Feature",
   "geometry": {
    "type": "Point",
    "coordinates": [
     137.74045089,
     -35.09148329
    ]
   },
   "properties": {
    "name": "100 PARK TERRACE EDITHBURGH 5583",
    "locID": "LOC000187389422",
    "tech": "WIRELESS",
    "upgrade": "NULL_NA",
    "gnaf_pid": "GASA_425447380",
    "ee": true,
    "tech_change_status": "Not Planned",
    "program_type": "Fixed Wireless and Satellite Upgrade Program",
    "target_eligibility_quarter": "NA"
   }
  },
  {
   "type": "Feature",
   "geometry": {
    "type": "Point",
    "coordinates": [
     137.74033082,
     -35.08573755
    ]
   },
   "properties": {
    "name": "42 PARK TERRACE EDITHBURGH 5583",
    "locID": "LOC100072009876",
    "tech": "WIRELESS",
    "upgrade": "NULL_NA",
    "gnaf_pid": "GASA_425447383",
    "ee": true,
    "tech_change_status": "Not Planned",
    "program_type": "Fixed Wireless and Satellite Upgrade Program",
    "target_eligibility_quarter": "NA"
   }
  },
  {
   "type": "Feature",
   "geometry": {
    "type": "Point",
    "coordinates": [
     137.74012856,
     -35.08666816
    ]
   },
   "properties": {
    "name": "50 PARK TERRACE EDITHBURGH 5583",
    "locID": "LOC000043591821",
    "tech": "WIRELESS",
    "upgrade": "NULL_NA",
    "gnaf_pid": "GASA_425447385",
    "ee": true,
    "tech_change_status": "Not Planned",
    "program_type": "Fixed Wireless and Satellite Upgrade Program",
    "target_eligibility_quarter": "NA"
   }
  },
  {
   "type": "Feature",
   "geometry": {
    "type": "Point",
    "coordinates": [
     137.74027211,
     -35.08721225
    ]
   },
   "properties": {
    "name": "56 PARK TERRACE EDITHBURGH 5583",
    "locID": "LOC000183063224",
    "tech": "WIRELESS",
    "upgrade": "NULL_NA",
    "gnaf_pid": "GASA_425447387",
    "ee": true,
    "tech_change_status": "Not Planned",
    "program_type": "Fixed Wireless and Satellite Upgrade Program",
    "target_eligibility_quarter": "NA"
   }
  },
  {
   "type": "Feature",
   "geometry": {
    "type": "Point",
    "coordinates": [
     137.74027302,
     -35.08739209
    ]
   },
   "properties": {
    "name": "58 PARK TERRACE EDITHBURGH 5583",
    "locID": "LOC100072009922",
    "tech": "WIRELESS",
    "upgrade": "NULL_NA",
    "gnaf_pid": "GASA_425447388",
    "ee": true,
    "tech_change_status": "Not Planned",
    "program_type": "Fixed Wireless and Satellite Upgrade Program",
    "target_eligibility_quarter": "NA"
   }
  },
  {
   "type": "Feature",
   "geometry": {
    "type": "Point",
    "coordinates": [
     137.74027357,
     -35.08757183
    ]
   },
   "properties": {
    "name": "60 PARK TERRACE EDITHBURGH 5583",
    "locID": "LOC100077369673",
    "tech": "WIRELESS",
    "upgrade": "NULL_NA",
    "gnaf_pid": "GASA_425447389",
    "ee": true,
    "tech_change_status": "Not Planned",
    "program_type": "Fixed Wireless and Satellite Upgrade Program",
    "target_eligibility_quarter": "NA"
   }
  },
  {
   "type": "Feature",
   "geometry": {
    "type": "Point",
    "coordinates": [
     137.7402761,
     -35.08792951
    ]
   },
   "properties": {
    "name": "64 PARK TERRACE EDITHBURGH 5583",
    "locID": "LOC100078861991",
    "tech": "WIRELESS",
    "upgrade": "NULL_NA",
    "gnaf_pid": "GASA_425447390",
    "ee": true,
    "tech_change_status": "Not Planned",
    "program_type": "Fixed Wireless and Satellite Upgrade Program",
    "target_eligibility_quarter": "NA"
   }
  },
  {
   "type": "Feature",
   "geometry": {
    "type": "Point",
    "coordinates": [
     137.74027525,
     -35.08809899
    ]
   },
   "properties": {
    "name": "66 PARK TERRACE EDITHBURGH 5583",
    "locID": "LOC000189986535",
    "tech": "WIRELESS",
    "upgrade": "NULL_NA",
    "gnaf_pid": "GASA_425447391",
    "ee": true,
    "tech_change_status": "Not Planned",
    "program_type": "Fixed Wireless and Satellite Upgrade Program",
    "target_eligibility_quarter": "NA"
   }
  },
  {
   "type": "Feature",
   "geometry": {
    "type": "Point",
    "coordinates": [
     137.74027746,
     -35.08863657
    ]
   },
   "properties": {
    "name": "72 PARK TERRACE EDITHBURGH 5583",
    "locID": "LOC100078122251",
    "tech": "WIRELESS",
    "upgrade": "NULL_NA",
    "gnaf_pid": "GASA_425447393",
    "ee": true,
    "tech_change_status": "Not Planned",
    "program_type": "Fixed Wireless and Satellite Upgrade Program",
    "target_eligibility_quarter": "NA"
   }
  },
  {
   "type": "Feature",
   "geometry": {
    "type": "Point",
    "coordinates": [
     137.74035688,
     -35.08902463
    ]
   },
   "properties": {
    "name": "74 PARK TERRACE EDITHBURGH 5583",
    "locID": "LOC100078122279",
    "tech": "WIRELESS",
    "upgrade": "NULL_NA",
    "gnaf_pid": "GASA_425447394",
    "ee": true,
    "tech_change_status": "Not Planned",
    "program_type": "Fixed Wireless and Satellite Upgrade Program",
    "target_eligibility_quarter": "NA"
   }
  },
  {
   "type": "Feature",
   "geometry": {
    "type": "Point",
    "coordinates": [
     137.74035968,
     -35.08920495
    ]
   },
   "properties": {
    "name": "76 PARK TERRACE EDITHBURGH 5583",
    "locID": "LOC100077369694",
    "tech": "WIRELESS",
    "upgrade": "NULL_NA",
    "gnaf_pid": "GASA_425447395",
    "ee": true,
    "tech_change_status": "Not Planned",
    "program_type": "Fixed Wireless and Satellite Upgrade Program",
    "target_eligibility_quarter": "NA"
   }
  },
  {
   "type": "Feature",
   "geometry": {
    "type": "Point",
    "coordinates": [
     137.74036119,
     -35.08946438
    ]
   },
   "properties": {
    "name": "78-80 PARK TERRACE EDITHBURGH 5583",
    "locID": "LOC100078122298",
    "tech": "WIRELESS",
    "upgrade": "NULL_NA",
    "gnaf_pid": "GASA_425447396",
    "ee": true,
    "tech_change_status": "Not Planned",
    "program_type": "Fixed Wireless and Satellite Upgrade Program",
    "target_eligibility_quarter": "NA"
   }
  },
  {
   "type": "Feature",
   "geometry": {
    "type": "Point",
    "coordinates": [
     137.74011505,
     -35.08973087
    ]
   },
   "properties": {
    "name": "82 PARK TERRACE EDITHBURGH 5583",
    "locID": "LOC100072009980",
    "tech": "WIRELESS",
    "upgrade": "NULL_NA",
    "gnaf_pid": "GASA_425447397",
    "ee": true,
    "tech_change_status": "Not Planned",
    "program_type": "Fixed Wireless and Satellite Upgrade Program",
    "target_eligibility_quarter": "NA"
   }
  },
  {
   "type": "Feature",
   "geometry": {
    "type": "Point",
    "coordinates": [
     137.74012122,
     -35.09024496
    ]
   },
   "properties": {
    "name": "88 PARK TERRACE EDITHBURGH 5583",
    "locID": "LOC100078648566",
    "tech": "WIRELESS",
    "upgrade": "NULL_NA",
    "gnaf_pid": "GASA_425447399",
    "ee": true,
    "tech_change_status": "Not Planned",
    "program_type": "Fixed Wireless and Satellite Upgrade Program",
    "target_eligibility_quarter": "NA"
   }
  },
  {
   "type": "Feature",
   "geometry": {
    "type": "Point",
    "coordinates": [
     137.74012264,
     -35.09041697
    ]
   },
   "properties": {
    "name": "90 PARK TERRACE EDITHBURGH 5583",
    "locID": "LOC100078862001",
    "tech": "WIRELESS",
    "upgrade": "NULL_NA",
    "gnaf_pid": "GASA_425447400",
    "ee": true,
    "tech_change_status": "Not Planned",
    "program_type": "Fixed Wireless and Satellite Upgrade Program",
    "target_eligibility_quarter": "NA"
   }
  },
  {
   "type": "Feature",
   "geometry": {
    "type": "Point",
    "coordinates": [
     137.74012196,
     -35.09091355
    ]
   },
   "properties": {
    "name": "94 PARK TERRACE EDITHBURGH 5583",
    "locID": "LOC100035780521",
    "tech": "WIRELESS",
    "upgrade": "NULL_NA",
    "gnaf_pid": "GASA_425447401",
    "ee": true,
    "tech_change_status": "Not Planned",
    "program_type": "Fixed Wireless and Satellite Upgrade Program",
    "target_eligibility_quarter": "NA"
   }
  },
  {
   "type": "Feature",
   "geometry": {
    "type": "Point",
    "coordinates": [
     137.74023254,
     -35.09114344
    ]
   },
   "properties": {
    "name": "96-98 PARK TERRACE EDITHBURGH 5583",
    "locID": "LOC100072010023",
    "tech": "WIRELESS",
    "upgrade": "NULL_NA",
    "gnaf_pid": "GASA_425447402",
    "ee": true,
    "tech_change_status": "Not Planned",
    "program_type": "Fixed Wireless and Satellite Upgrade Program",
    "target_eligibility_quarter": "NA"
   }
  },
  {
   "type": "Feature",
   "geometry": {
    "type": "Point",
    "coordinates": [
     137.73850086,
     -35.07238756
    ]
   },
   "properties": {
    "name": "12-14 PERRY STREET EDITHBURGH 5583",
    "locID": "LOC100087516358",
    "tech": "WIRELESS",
    "upgrade": "NULL_NA",
    "gnaf_pid": "GASA_425447863",
    "ee": true,
    "tech_change_status": "Not Planned",
    "program_type": "Fixed Wireless and Satellite Upgrade Program",
    "target_eligibility_quarter": "NA"
   }
  },
  {
   "type": "Feature",
   "geometry": {
    "type": "Point",
    "coordinates": [
     137.73607089,
     -35.08155002
    ]
   },
   "properties": {
    "name": "11-21 WEST STREET EDITHBURGH 5583",
    "locID": "LOC100078122128",
    "tech": "WIRELESS",
    "upgrade": "NULL_NA",
    "gnaf_pid": "GASA_425455154",
    "ee": true,
    "tech_change_status": "Not Planned",
    "program_type": "Fixed Wireless and Satellite Upgrade Program",
    "target_eligibility_quarter": "NA"
   }
  },
  {
   "type": "Feature",
   "geometry": {
    "type": "Point",
    "coordinates": [
     137.73361733,
     -35.08146708
    ]
   },
   "properties": {
    "name": "14-16 WEST STREET EDITHBURGH 5583",
    "locID": "LOC100077369656",
    "tech": "WIRELESS",
    "upgrade": "NULL_NA",
    "gnaf_pid": "GASA_425455155",
    "ee": true,
    "tech_change_status": "Not Planned",
    "program_type": "Fixed Wireless and Satellite Upgrade Program",
    "target_eligibility_quarter": "NA"
   }
  },
  {
   "type": "Feature",
   "geometry": {
    "type": "Point",
    "coordinates": [
     137.73358763,
     -35.08192299
    ]
   },
   "properties": {
    "name": "18-20 WEST STREET EDITHBURGH 5583",
    "locID": "LOC100072009830",
    "tech": "WIRELESS",
    "upgrade": "NULL_NA",
    "gnaf_pid": "GASA_425455156",
    "ee": true,
    "tech_change_status": "Not Planned",
    "program_type": "Fixed Wireless and Satellite Upgrade Program",
    "target_eligibility_quarter": "NA"
   }
  },
  {
   "type": "Feature",
   "geometry": {
    "type": "Point",
    "coordinates": [
     137.73603407,
     -35.08043817
    ]
   },
   "properties": {
    "name": "1-9 WEST STREET EDITHBURGH 5583",
    "locID": "LOC100078122074",
    "tech": "WIRELESS",
    "upgrade": "NULL_NA",
    "gnaf_pid": "GASA_425455157",
    "ee": true,
    "tech_change_status": "Not Planned",
    "program_type": "Fixed Wireless and Satellite Upgrade Program",
    "target_eligibility_quarter": "NA"
   }
  },
  {
   "type": "Feature",
   "geometry": {
    "type": "Point",
    "coordinates": [
     137.74027437,
     -35.08775316
    ]
   },
   "properties": {
    "name": "62 PARK TERRACE EDITHBURGH 5583",
    "locID": "LOC100072009933",
    "tech": "WIRELESS",
    "upgrade": "NULL_NA",
    "gnaf_pid": "GASA_425457124",
    "ee": true,
    "tech_change_status": "Not Planned",
    "program_type": "Fixed Wireless and Satellite Upgrade Program",
    "target_eligibility_quarter": "NA"
   }
  },
  {
   "type": "Feature",
   "geometry": {
    "type": "Point",
    "coordinates": [
     137.73519661,
     -35.09478779
    ]
   },
   "properties": {
    "name": "117 OLD HONITON ROAD EDITHBURGH 5583",
    "locID": "LOC000176462299",
    "tech": "WIRELESS",
    "upgrade": "NULL_NA",
    "gnaf_pid": "GASA_425534226",
    "ee": true,
    "tech_change_status": "Not Planned",
    "program_type": "Fixed Wireless and Satellite Upgrade Program",
    "target_eligibility_quarter": "NA"
   }
  },
  {
   "type": "Feature",
   "geometry": {
    "type": "Point",
    "coordinates": [
     137.74027138,
     -35.08702987
    ]
   },
   "properties": {
    "name": "54 PARK TERRACE EDITHBURGH 5583",
    "locID": "LOC100078122233",
    "tech": "WIRELESS",
    "upgrade": "NULL_NA",
    "gnaf_pid": "GASA_425583274",
    "ee": true,
    "tech_change_status": "Not Planned",
    "program_type": "Fixed Wireless and Satellite Upgrade Program",
    "target_eligibility_quarter": "NA"
   }
  },
  {
   "type": "Feature",
   "geometry": {
    "type": "Point",
    "coordinates": [
     137.74011817,
     -35.08991123
    ]
   },
   "properties": {
    "name": "84 PARK TERRACE EDITHBURGH 5583",
    "locID": "LOC100078122312",
    "tech": "WIRELESS",
    "upgrade": "NULL_NA",
    "gnaf_pid": "GASA_425583275",
    "ee": true,
    "tech_change_status": "Not Planned",
    "program_type": "Fixed Wireless and Satellite Upgrade Program",
    "target_eligibility_quarter": "NA"
   }
  },
  {
   "type": "Feature",
   "geometry": {
    "type": "Point",
    "coordinates": [
     137.70139915,
     -35.13980627
    ]
   },
   "properties": {
    "name": "LOT 679 HEEL ROAD EDITHBURGH 5583",
    "locID": "LOC000131672279",
    "tech": "WIRELESS",
    "upgrade": "NULL_NA",
    "gnaf_pid": "GASA_425629085",
    "ee": true,
    "tech_change_status": "Not Planned",
    "program_type": "Fixed Wireless and Satellite Upgrade Program",
    "target_eligibility_quarter": "NA"
   }
  },
  {
   "type": "Feature",
   "geometry": {
    "type": "Point",
    "coordinates": [
     137.71085883,
     -35.13551054
    ]
   },
   "properties": {
    "name": "LOT 680 HEEL ROAD EDITHBURGH 5583",
    "locID": "LOC000131672279",
    "tech": "WIRELESS",
    "upgrade": "NULL_NA",
    "gnaf_pid": "GASA_425629086",
    "ee": true,
    "tech_change_status": "Not Planned",
    "program_type": "Fixed Wireless and Satellite Upgrade Program",
    "target_eligibility_quarter": "NA"
   }
  },
  {
   "type": "Feature",
   "geometry": {
    "type": "Point",
    "coordinates": [
     137.70265812,
     -35.13868843
    ]
   },
   "properties": {
    "name": "LOT 727 HEEL ROAD EDITHBURGH 5583",
    "locID": "LOC000131672279",
    "tech": "WIRELESS",
    "upgrade": "NULL_NA",
    "gnaf_pid": "GASA_425629087",
    "ee": true,
    "tech_change_status": "Not Planned",
    "program_type": "Fixed Wireless and Satellite Upgrade Program",
    "target_eligibility_quarter": "NA"
   }
  },
  {
   "type": "Feature",
   "geometry": {
    "type": "Point",
    "coordinates": [
     137.69594308,
     -35.14183238
    ]
   },
   "properties": {
    "name": "LOT 728 HEEL ROAD EDITHBURGH 5583",
    "locID": "LOC000131672279",
    "tech": "WIRELESS",
    "upgrade": "NULL_NA",
    "gnaf_pid": "GASA_425629088",
    "ee": true,
    "tech_change_status": "Not Planned",
    "program_type": "Fixed Wireless and Satellite Upgrade Program",
    "target_eligibility_quarter": "NA"
   }
  },
  {
   "type": "Feature",
   "geometry": {
    "type": "Point",
    "coordinates": [
     137.69414127,
     -35.14328291
    ]
   },
   "properties": {
    "name": "LOT 740 HEEL ROAD EDITHBURGH 5583",
    "locID": "LOC000131672279",
    "tech": "WIRELESS",
    "upgrade": "NULL_NA",
    "gnaf_pid": "GASA_425629089",
    "ee": true,
    "tech_change_status": "Not Planned",
    "program_type": "Fixed Wireless and Satellite Upgrade Program",
    "target_eligibility_quarter": "NA"
   }
  },
  {
   "type": "Feature",
   "geometry": {
    "type": "Point",
    "coordinates": [
     137.74224774,
     -35.09390316
    ]
   },
   "properties": {
    "name": "6 PARSEE STREET EDITHBURGH 5583",
    "locID": "LOC000185448318",
    "tech": "WIRELESS",
    "upgrade": "NULL_NA",
    "gnaf_pid": "GASA_425713351",
    "ee": true,
    "tech_change_status": "Not Planned",
    "program_type": "Fixed Wireless and Satellite Upgrade Program",
    "target_eligibility_quarter": "NA"
   }
  },
  {
   "type": "Feature",
   "geometry": {
    "type": "Point",
    "coordinates": [
     137.73957411,
     -35.08916628
    ]
   },
   "properties": {
    "name": "5 BRAMLEY ROAD EDITHBURGH 5583",
    "locID": "LOC000131642512",
    "tech": "WIRELESS",
    "upgrade": "NULL_NA",
    "gnaf_pid": "GASA_425719265",
    "ee": true,
    "tech_change_status": "Not Planned",
    "program_type": "Fixed Wireless and Satellite Upgrade Program",
    "target_eligibility_quarter": "NA"
   }
  },
  {
   "type": "Feature",
   "geometry": {
    "type": "Point",
    "coordinates": [
     137.73938419,
     -35.0894761
    ]
   },
   "properties": {
    "name": "3 DEV PATTERSON DRIVE EDITHBURGH 5583",
    "locID": "LOC000131663372",
    "tech": "WIRELESS",
    "upgrade": "NULL_NA",
    "gnaf_pid": "GASA_425720221",
    "ee": true,
    "tech_change_status": "Not Planned",
    "program_type": "Fixed Wireless and Satellite Upgrade Program",
    "target_eligibility_quarter": "NA"
   }
  },
  {
   "type": "Feature",
   "geometry": {
    "type": "Point",
    "coordinates": [
     137.73938547,
     -35.08963395
    ]
   },
   "properties": {
    "name": "5 DEV PATTERSON DRIVE EDITHBURGH 5583",
    "locID": "LOC100072009979",
    "tech": "WIRELESS",
    "upgrade": "NULL_NA",
    "gnaf_pid": "GASA_425720222",
    "ee": true,
    "tech_change_status": "Not Planned",
    "program_type": "Fixed Wireless and Satellite Upgrade Program",
    "target_eligibility_quarter": "NA"
   }
  },
  {
   "type": "Feature",
   "geometry": {
    "type": "Point",
    "coordinates": [
     137.73938676,
     -35.0897924
    ]
   },
   "properties": {
    "name": "7 DEV PATTERSON DRIVE EDITHBURGH 5583",
    "locID": "LOC000192594164",
    "tech": "WIRELESS",
    "upgrade": "NULL_NA",
    "gnaf_pid": "GASA_425720223",
    "ee": true,
    "tech_change_status": "Not Planned",
    "program_type": "Fixed Wireless and Satellite Upgrade Program",
    "target_eligibility_quarter": "NA"
   }
  },
  {
   "type": "Feature",
   "geometry": {
    "type": "Point",
    "coordinates": [
     137.70597248,
     -35.13694823
    ]
   },
   "properties": {
    "name": "LOT 623 HEEL ROAD EDITHBURGH 5583",
    "locID": "LOC000131672279",
    "tech": "WIRELESS",
    "upgrade": "NULL_NA",
    "gnaf_pid": "GASA_425721287",
    "ee": true,
    "tech_change_status": "Not Planned",
    "program_type": "Fixed Wireless and Satellite Upgrade Program",
    "target_eligibility_quarter": "NA"
   }
  },
  {
   "type": "Feature",
   "geometry": {
    "type": "Point",
    "coordinates": [
     137.71318872,
     -35.11405346
    ]
   },
   "properties": {
    "name": "LOT 617 SHEOAK BEACH ROAD EDITHBURGH 5583",
    "locID": "LOC000150223425",
    "tech": "WIRELESS",
    "upgrade": "NULL_NA",
    "gnaf_pid": "GASA_425724553",
    "ee": true,
    "tech_change_status": "Not Planned",
    "program_type": "Fixed Wireless and Satellite Upgrade Program",
    "target_eligibility_quarter": "NA"
   }
  },
  {
   "type": "Feature",
   "geometry": {
    "type": "Point",
    "coordinates": [
     137.74012207,
     -35.09066953
    ]
   },
   "properties": {
    "name": "92 PARK TERRACE EDITHBURGH 5583",
    "locID": "LOC100072010006",
    "tech": "WIRELESS",
    "upgrade": "NULL_NA",
    "gnaf_pid": "GASA_425806062",
    "ee": true,
    "tech_change_status": "Not Planned",
    "program_type": "Fixed Wireless and Satellite Upgrade Program",
    "target_eligibility_quarter": "NA"
   }
  },
  {
   "type": "Feature",
   "geometry": {
    "type": "Point",
    "coordinates": [
     137.73860711,
     -35.07202097
    ]
   },
   "properties": {
    "name": "15 NEYLER STREET EDITHBURGH 5583",
    "locID": "LOC100078121929",
    "tech": "WIRELESS",
    "upgrade": "NULL_NA",
    "gnaf_pid": "GASA_425852604",
    "ee": true,
    "tech_change_status": "Not Planned",
    "program_type": "Fixed Wireless and Satellite Upgrade Program",
    "target_eligibility_quarter": "NA"
   }
  },
  {
   "type": "Feature",
   "geometry": {
    "type": "Point",
    "coordinates": [
     137.74012693,
     -35.08648774
    ]
   },
   "properties": {
    "name": "48 PARK TERRACE EDITHBURGH 5583",
    "locID": "LOC100077369687",
    "tech": "WIRELESS",
    "upgrade": "NULL_NA",
    "gnaf_pid": "GASA_719045568",
    "ee": true,
    "tech_change_status": "Not Planned",
    "program_type": "Fixed Wireless and Satellite Upgrade Program",
    "target_eligibility_quarter": "NA"
   }
  },
  {
   "type": "Feature",
   "geometry": {
    "type": "Point",
    "coordinates": [
     137.74533611,
     -35.08564792
    ]
   },
   "properties": {
    "name": "UNIT 2, 28 BLANCHE STREET EDITHBURGH 5583",
    "locID": "LOC000003591863",
    "tech": "WIRELESS",
    "upgrade": "NULL_NA",
    "gnaf_pid": "GASA_719184122",
    "ee": true,
    "tech_change_status": "Not Planned",
    "program_type": "Fixed Wireless and Satellite Upgrade Program",
    "target_eligibility_quarter": "NA"
   }
  },
  {
   "type": "Feature",
   "geometry": {
    "type": "Point",
    "coordinates": [
     137.74533611,
     -35.08564792
    ]
   },
   "properties": {
    "name": "UNIT 1, 28 BLANCHE STREET EDITHBURGH 5583",
    "locID": "LOC000003591863",
    "tech": "WIRELESS",
    "upgrade": "NULL_NA",
    "gnaf_pid": "GASA_719185316",
    "ee": true,
    "tech_change_status": "Not Planned",
    "program_type": "Fixed Wireless and Satellite Upgrade Program",
    "target_eligibility_quarter": "NA"
   }
  },
  {
   "type": "Feature",
   "geometry": {
    "type": "Point",
    "coordinates": [
     137.74070948,
     -35.08631811
    ]
   },
   "properties": {
    "name": "69 PARK TERRACE EDITHBURGH 5583",
    "locID": "LOC000131683736",
    "tech": "WIRELESS",
    "upgrade": "NULL_NA",
    "gnaf_pid": "GASA_719253336",
    "ee": true,
    "tech_change_status": "Not Planned",
    "program_type": "Fixed Wireless and Satellite Upgrade Program",
    "target_eligibility_quarter": "NA"
   }
  },
  {
   "type": "Feature",
   "geometry": {
    "type": "Point",
    "coordinates": [
     137.74070948,
     -35.08631811
    ]
   },
   "properties": {
    "name": "63 PARK TERRACE EDITHBURGH 5583",
    "locID": "LOC000131683608",
    "tech": "WIRELESS",
    "upgrade": "NULL_NA",
    "gnaf_pid": "GASA_719253931",
    "ee": true,
    "tech_change_status": "Not Planned",
    "program_type": "Fixed Wireless and Satellite Upgrade Program",
    "target_eligibility_quarter": "NA"
   }
  },
  {
   "type": "Feature",
   "geometry": {
    "type": "Point",
    "coordinates": [
     137.74070948,
     -35.08631811
    ]
   },
   "properties": {
    "name": "61 PARK TERRACE EDITHBURGH 5583",
    "locID": "LOC000131683552",
    "tech": "WIRELESS",
    "upgrade": "NULL_NA",
    "gnaf_pid": "GASA_719253950",
    "ee": true,
    "tech_change_status": "Not Planned",
    "program_type": "Fixed Wireless and Satellite Upgrade Program",
    "target_eligibility_quarter": "NA"
   }
  },
  {
   "type": "Feature",
   "geometry": {
    "type": "Point",
    "coordinates": [
     137.74628463,
     -35.08512156
    ]
   },
   "properties": {
    "name": "11 EDITH STREET EDITHBURGH 5583",
    "locID": "LOC100078122185",
    "tech": "WIRELESS",
    "upgrade": "NULL_NA",
    "gnaf_pid": "GASA_719394807",
    "ee": true,
    "tech_change_status": "Not Planned",
    "program_type": "Fixed Wireless and Satellite Upgrade Program",
    "target_eligibility_quarter": "NA"
   }
  },
  {
   "type": "Feature",
   "geometry": {
    "type": "Point",
    "coordinates": [
     137.73974919,
     -35.09118353
    ]
   },
   "properties": {
    "name": "5 SUNSET COURT EDITHBURGH 5583",
    "locID": "LOC000177753826",
    "tech": "WIRELESS",
    "upgrade": "NULL_NA",
    "gnaf_pid": "GASA_719394841",
    "ee": true,
    "tech_change_status": "Not Planned",
    "program_type": "Fixed Wireless and Satellite Upgrade Program",
    "target_eligibility_quarter": "NA"
   }
  },
  {
   "type": "Feature",
   "geometry": {
    "type": "Point",
    "coordinates": [
     137.74534799,
     -35.08838349
    ]
   },
   "properties": {
    "name": "48A BLANCHE STREET EDITHBURGH 5583",
    "locID": "LOC100087516260",
    "tech": "WIRELESS",
    "upgrade": "NULL_NA",
    "gnaf_pid": "GASA_719394842",
    "ee": true,
    "tech_change_status": "Not Planned",
    "program_type": "Fixed Wireless and Satellite Upgrade Program",
    "target_eligibility_quarter": "NA"
   }
  },
  {
   "type": "Feature",
   "geometry": {
    "type": "Point",
    "coordinates": [
     137.73941675,
     -35.09168209
    ]
   },
   "properties": {
    "name": "4 SUNSET COURT EDITHBURGH 5583",
    "locID": "LOC000181122572",
    "tech": "WIRELESS",
    "upgrade": "NULL_NA",
    "gnaf_pid": "GASA_719394847",
    "ee": true,
    "tech_change_status": "Not Planned",
    "program_type": "Fixed Wireless and Satellite Upgrade Program",
    "target_eligibility_quarter": "NA"
   }
  },
  {
   "type": "Feature",
   "geometry": {
    "type": "Point",
    "coordinates": [
     137.73138261,
     -35.08691285
    ]
   },
   "properties": {
    "name": "LOT 142 GILLERTON TERRACE EDITHBURGH 5583",
    "locID": "LOC000071281166",
    "tech": "WIRELESS",
    "upgrade": "NULL_NA",
    "gnaf_pid": "GASA_719395310",
    "ee": true,
    "tech_change_status": "Not Planned",
    "program_type": "Fixed Wireless and Satellite Upgrade Program",
    "target_eligibility_quarter": "NA"
   }
  },
  {
   "type": "Feature",
   "geometry": {
    "type": "Point",
    "coordinates": [
     137.73915228,
     -35.09159676
    ]
   },
   "properties": {
    "name": "2 SUNSET COURT EDITHBURGH 5583",
    "locID": "LOC100078648578",
    "tech": "WIRELESS",
    "upgrade": "NULL_NA",
    "gnaf_pid": "GASA_719395600",
    "ee": true,
    "tech_change_status": "Not Planned",
    "program_type": "Fixed Wireless and Satellite Upgrade Program",
    "target_eligibility_quarter": "NA"
   }
  },
  {
   "type": "Feature",
   "geometry": {
    "type": "Point",
    "coordinates": [
     137.74028821,
     -35.07992878
    ]
   },
   "properties": {
    "name": "2 PARK TERRACE NORTH EDITHBURGH 5583",
    "locID": "LOC000131761332",
    "tech": "WIRELESS",
    "upgrade": "NULL_NA",
    "gnaf_pid": "GASA_719396166",
    "ee": true,
    "tech_change_status": "Not Planned",
    "program_type": "Fixed Wireless and Satellite Upgrade Program",
    "target_eligibility_quarter": "NA"
   }
  },
  {
   "type": "Feature",
   "geometry": {
    "type": "Point",
    "coordinates": [
     137.74027698,
     -35.08835373
    ]
   },
   "properties": {
    "name": "68 PARK TERRACE EDITHBURGH 5583",
    "locID": "LOC000175457668",
    "tech": "WIRELESS",
    "upgrade": "NULL_NA",
    "gnaf_pid": "GASA_719396936",
    "ee": true,
    "tech_change_status": "Not Planned",
    "program_type": "Fixed Wireless and Satellite Upgrade Program",
    "target_eligibility_quarter": "NA"
   }
  },
  {
   "type": "Feature",
   "geometry": {
    "type": "Point",
    "coordinates": [
     137.74608665,
     -35.08645201
    ]
   },
   "properties": {
    "name": "43-45 BLANCHE STREET EDITHBURGH 5583",
    "locID": "LOC000041299888",
    "tech": "WIRELESS",
    "upgrade": "NULL_NA",
    "gnaf_pid": "GASA_719396987",
    "ee": true,
    "tech_change_status": "Not Planned",
    "program_type": "Fixed Wireless and Satellite Upgrade Program",
    "target_eligibility_quarter": "NA"
   }
  },
  {
   "type": "Feature",
   "geometry": {
    "type": "Point",
    "coordinates": [
     137.73944322,
     -35.09112896
    ]
   },
   "properties": {
    "name": "3 SUNSET COURT EDITHBURGH 5583",
    "locID": "LOC000181122572",
    "tech": "WIRELESS",
    "upgrade": "NULL_NA",
    "gnaf_pid": "GASA_719397361",
    "ee": true,
    "tech_change_status": "Not Planned",
    "program_type": "Fixed Wireless and Satellite Upgrade Program",
    "target_eligibility_quarter": "NA"
   }
  },
  {
   "type": "Feature",
   "geometry": {
    "type": "Point",
    "coordinates": [
     137.74028747,
     -35.0797063
    ]
   },
   "properties": {
    "name": "2A PARK TERRACE NORTH EDITHBURGH 5583",
    "locID": "LOC000131761332",
    "tech": "WIRELESS",
    "upgrade": "NULL_NA",
    "gnaf_pid": "GASA_719397653",
    "ee": true,
    "tech_change_status": "Not Planned",
    "program_type": "Fixed Wireless and Satellite Upgrade Program",
    "target_eligibility_quarter": "NA"
   }
  },
  {
   "type": "Feature",
   "geometry": {
    "type": "Point",
    "coordinates": [
     137.73359485,
     -35.07525116
    ]
   },
   "properties": {
    "name": "LOT 228 PARK TERRACE NORTH EDITHBURGH 5583",
    "locID": "LOC000091903358",
    "tech": "WIRELESS",
    "upgrade": "NULL_NA",
    "gnaf_pid": "GASA_719397670",
    "ee": true,
    "tech_change_status": "Not Planned",
    "program_type": "Fixed Wireless and Satellite Upgrade Program",
    "target_eligibility_quarter": "NA"
   }
  },
  {
   "type": "Feature",
   "geometry": {
    "type": "Point",
    "coordinates": [
     137.7457294,
     -35.09193507
    ]
   },
   "properties": {
    "name": "1 SULTANA POINT ROAD EDITHBURGH 5583",
    "locID": "LOC000116343821",
    "tech": "WIRELESS",
    "upgrade": "NULL_NA",
    "gnaf_pid": "GASA_719398240",
    "ee": true,
    "tech_change_status": "Not Planned",
    "program_type": "Fixed Wireless and Satellite Upgrade Program",
    "target_eligibility_quarter": "NA"
   }
  },
  {
   "type": "Feature",
   "geometry": {
    "type": "Point",
    "coordinates": [
     137.7452582,
     -35.0822964
    ]
   },
   "properties": {
    "name": "UNIT 3, 3A GEORGE STREET EDITHBURGH 5583",
    "locID": "LOC000009266921",
    "tech": "WIRELESS",
    "upgrade": "NULL_NA",
    "gnaf_pid": "GASA_719652776",
    "ee": true,
    "tech_change_status": "Not Planned",
    "program_type": "Fixed Wireless and Satellite Upgrade Program",
    "target_eligibility_quarter": "NA"
   }
  },
  {
   "type": "Feature",
   "geometry": {
    "type": "Point",
    "coordinates": [
     137.74256511,
     -35.07348573
    ]
   },
   "properties": {
    "name": "LOT 7 ST VINCENT HIGHWAY EDITHBURGH 5583",
    "locID": "LOC000116365159",
    "tech": "WIRELESS",
    "upgrade": "NULL_NA",
    "gnaf_pid": "GASA_720186740",
    "ee": true,
    "tech_change_status": "Not Planned",
    "program_type": "Fixed Wireless and Satellite Upgrade Program",
    "target_eligibility_quarter": "NA"
   }
  },
  {
   "type": "Feature",
   "geometry": {
    "type": "Point",
    "coordinates": [
     137.69693131,
     -35.12136854
    ]
   },
   "properties": {
    "name": "LOT 10 GOLDSMITH BEACH ROAD EDITHBURGH 5583",
    "locID": "LOC000116366324",
    "tech": "WIRELESS",
    "upgrade": "NULL_NA",
    "gnaf_pid": "GASA_720237104",
    "ee": true,
    "tech_change_status": "Not Planned",
    "program_type": "Fixed Wireless and Satellite Upgrade Program",
    "target_eligibility_quarter": "NA"
   }
  },
  {
   "type": "Feature",
   "geometry": {
    "type": "Point",
    "coordinates": [
     137.74077151,
     -35.09482795
    ]
   },
   "properties": {
    "name": "14 COMPASS ROAD EDITHBURGH 5583",
    "locID": "LOC100087516294",
    "tech": "WIRELESS",
    "upgrade": "NULL_NA",
    "gnaf_pid": "GASA_720414387",
    "ee": true,
    "tech_change_status": "Not Planned",
    "program_type": "Fixed Wireless and Satellite Upgrade Program",
    "target_eligibility_quarter": "NA"
   }
  },
  {
   "type": "Feature",
   "geometry": {
    "type": "Point",
    "coordinates": [
     137.74077139,
     -35.09464785
    ]
   },
   "properties": {
    "name": "12 COMPASS ROAD EDITHBURGH 5583",
    "locID": "LOC100087516370",
    "tech": "WIRELESS",
    "upgrade": "NULL_NA",
    "gnaf_pid": "GASA_720414419",
    "ee": true,
    "tech_change_status": "Not Planned",
    "program_type": "Fixed Wireless and Satellite Upgrade Program",
    "target_eligibility_quarter": "NA"
   }
  },
  {
   "type": "Feature",
   "geometry": {
    "type": "Point",
    "coordinates": [
     137.74131596,
     -35.09374198
    ]
   },
   "properties": {
    "name": "1 COMPASS ROAD EDITHBURGH 5583",
    "locID": "LOC100087516294",
    "tech": "WIRELESS",
    "upgrade": "NULL_NA",
    "gnaf_pid": "GASA_720414880",
    "ee": true,
    "tech_change_status": "Not Planned",
    "program_type": "Fixed Wireless and Satellite Upgrade Program",
    "target_eligibility_quarter": "NA"
   }
  },
  {
   "type": "Feature",
   "geometry": {
    "type": "Point",
    "coordinates": [
     137.74076705,
     -35.09374428
    ]
   },
   "properties": {
    "name": "2 COMPASS ROAD EDITHBURGH 5583",
    "locID": "LOC100080571666",
    "tech": "WIRELESS",
    "upgrade": "NULL_NA",
    "gnaf_pid": "GASA_720415733",
    "ee": true,
    "tech_change_status": "Not Planned",
    "program_type": "Fixed Wireless and Satellite Upgrade Program",
    "target_eligibility_quarter": "NA"
   }
  },
  {
   "type": "Feature",
   "geometry": {
    "type": "Point",
    "coordinates": [
     137.74077039,
     -35.09428556
    ]
   },
   "properties": {
    "name": "8 COMPASS ROAD EDITHBURGH 5583",
    "locID": "LOC100087444007",
    "tech": "WIRELESS",
    "upgrade": "NULL_NA",
    "gnaf_pid": "GASA_720417251",
    "ee": true,
    "tech_change_status": "Not Planned",
    "program_type": "Fixed Wireless and Satellite Upgrade Program",
    "target_eligibility_quarter": "NA"
   }
  },
  {
   "type": "Feature",
   "geometry": {
    "type": "Point",
    "coordinates": [
     137.742426,
     -35.100925
    ]
   },
   "properties": {
    "name": "112 SULTANA POINT ROAD EDITHBURGH 5583",
    "locID": "LOC100085216423",
    "tech": "WIRELESS",
    "upgrade": "NULL_NA",
    "gnaf_pid": "GASA_720417344",
    "ee": true,
    "tech_change_status": "Not Planned",
    "program_type": "Fixed Wireless and Satellite Upgrade Program",
    "target_eligibility_quarter": "NA"
   }
  },
  {
   "type": "Feature",
   "geometry": {
    "type": "Point",
    "coordinates": [
     137.69201379,
     -35.07885092
    ]
   },
   "properties": {
    "name": "LOT 204 ST VINCENT HIGHWAY EDITHBURGH 5583",
    "locID": "LOC000116361228",
    "tech": "WIRELESS",
    "upgrade": "NULL_NA",
    "gnaf_pid": "GASA_720703528",
    "ee": true,
    "tech_change_status": "Not Planned",
    "program_type": "Fixed Wireless and Satellite Upgrade Program",
    "target_eligibility_quarter": "NA"
   }
  },
  {
   "type": "Feature",
   "geometry": {
    "type": "Point",
    "coordinates": [
     137.72976577,
     -35.08172488
    ]
   },
   "properties": {
    "name": "LOT 145 ST VINCENT HIGHWAY EDITHBURGH 5583",
    "locID": "LOC000116361228",
    "tech": "WIRELESS",
    "upgrade": "NULL_NA",
    "gnaf_pid": "GASA_720703537",
    "ee": true,
    "tech_change_status": "Not Planned",
    "program_type": "Fixed Wireless and Satellite Upgrade Program",
    "target_eligibility_quarter": "NA"
   }
  },
  {
   "type": "Feature",
   "geometry": {
    "type": "Point",
    "coordinates": [
     137.71781746,
     -35.0809586
    ]
   },
   "properties": {
    "name": "LOT 150E ST VINCENT HIGHWAY EDITHBURGH 5583",
    "locID": "LOC000116361228",
    "tech": "WIRELESS",
    "upgrade": "NULL_NA",
    "gnaf_pid": "GASA_720704038",
    "ee": true,
    "tech_change_status": "Not Planned",
    "program_type": "Fixed Wireless and Satellite Upgrade Program",
    "target_eligibility_quarter": "NA"
   }
  },
  {
   "type": "Feature",
   "geometry": {
    "type": "Point",
    "coordinates": [
     137.70030869,
     -35.07102876
    ]
   },
   "properties": {
    "name": "LOT 206 ST VINCENT HIGHWAY EDITHBURGH 5583",
    "locID": "LOC000116361228",
    "tech": "WIRELESS",
    "upgrade": "NULL_NA",
    "gnaf_pid": "GASA_720704430",
    "ee": true,
    "tech_change_status": "Not Planned",
    "program_type": "Fixed Wireless and Satellite Upgrade Program",
    "target_eligibility_quarter": "NA"
   }
  },
  {
   "type": "Feature",
   "geometry": {
    "type": "Point",
    "coordinates": [
     137.72412398,
     -35.08122863
    ]
   },
   "properties": {
    "name": "LOT 146 ST VINCENT HIGHWAY EDITHBURGH 5583",
    "locID": "LOC000116361228",
    "tech": "WIRELESS",
    "upgrade": "NULL_NA",
    "gnaf_pid": "GASA_720705120",
    "ee": true,
    "tech_change_status": "Not Planned",
    "program_type": "Fixed Wireless and Satellite Upgrade Program",
    "target_eligibility_quarter": "NA"
   }
  },
  {
   "type": "Feature",
   "geometry": {
    "type": "Point",
    "coordinates": [
     137.73685271,
     -35.0791178
    ]
   },
   "properties": {
    "name": "13 YORKETOWN ROAD EDITHBURGH 5583",
    "locID": "LOC000131642646",
    "tech": "WIRELESS",
    "upgrade": "NULL_NA",
    "gnaf_pid": "GASA_720706418",
    "ee": true,
    "tech_change_status": "Not Planned",
    "program_type": "Fixed Wireless and Satellite Upgrade Program",
    "target_eligibility_quarter": "NA"
   }
  },
  {
   "type": "Feature",
   "geometry": {
    "type": "Point",
    "coordinates": [
     137.73898595,
     -35.08784047
    ]
   },
   "properties": {
    "name": "6-8 BRAMLEY ROAD EDITHBURGH 5583",
    "locID": "LOC000189604592",
    "tech": "WIRELESS",
    "upgrade": "NULL_NA",
    "gnaf_pid": "GASA_720721734",
    "ee": true,
    "tech_change_status": "Not Planned",
    "program_type": "Fixed Wireless and Satellite Upgrade Program",
    "target_eligibility_quarter": "NA"
   }
  },
  {
   "type": "Feature",
   "geometry": {
    "type": "Point",
    "coordinates": [
     137.73966305,
     -35.08784244
    ]
   },
   "properties": {
    "name": "2-4 BRAMLEY ROAD EDITHBURGH 5583",
    "locID": "LOC000131642520",
    "tech": "WIRELESS",
    "upgrade": "NULL_NA",
    "gnaf_pid": "GASA_720721788",
    "ee": true,
    "tech_change_status": "Not Planned",
    "program_type": "Fixed Wireless and Satellite Upgrade Program",
    "target_eligibility_quarter": "NA"
   }
  },
  {
   "type": "Feature",
   "geometry": {
    "type": "Point",
    "coordinates": [
     137.73861471,
     -35.09251549
    ]
   },
   "properties": {
    "name": "16-18 OLD HONITON ROAD EDITHBURGH 5583",
    "locID": "LOC000131765553",
    "tech": "WIRELESS",
    "upgrade": "NULL_NA",
    "gnaf_pid": "GASA_720724299",
    "ee": true,
    "tech_change_status": "Not Planned",
    "program_type": "Fixed Wireless and Satellite Upgrade Program",
    "target_eligibility_quarter": "NA"
   }
  },
  {
   "type": "Feature",
   "geometry": {
    "type": "Point",
    "coordinates": [
     137.74019232,
     -35.07321655
    ]
   },
   "properties": {
    "name": "55 PARK TERRACE NORTH EDITHBURGH 5583",
    "locID": "LOC000091903358",
    "tech": "WIRELESS",
    "upgrade": "NULL_NA",
    "gnaf_pid": "GASA_720847761",
    "ee": true,
    "tech_change_status": "Not Planned",
    "program_type": "Fixed Wireless and Satellite Upgrade Program",
    "target_eligibility_quarter": "NA"
   }
  },
  {
   "type": "Feature",
   "geometry": {
    "type": "Point",
    "coordinates": [
     137.74131682,
     -35.09392035
    ]
   },
   "properties": {
    "name": "LOT 29 COMPASS ROAD EDITHBURGH 5583",
    "locID": "LOC100080571666",
    "tech": "WIRELESS",
    "upgrade": "NULL_NA",
    "gnaf_pid": "GASA_721002370",
    "ee": true,
    "tech_change_status": "Not Planned",
    "program_type": "Fixed Wireless and Satellite Upgrade Program",
    "target_eligibility_quarter": "NA"
   }
  },
  {
   "type": "Feature",
   "geometry": {
    "type": "Point",
    "coordinates": [
     137.74711729,
     -35.08168733
    ]
   },
   "properties": {
    "name": "LOT 11 O'HALLORAN PARADE EDITHBURGH 5583",
    "locID": "LOC000087065835",
    "tech": "WIRELESS",
    "upgrade": "NULL_NA",
    "gnaf_pid": "GASA_721200218",
    "ee": true,
    "tech_change_status": "Not Planned",
    "program_type": "Fixed Wireless and Satellite Upgrade Program",
    "target_eligibility_quarter": "NA"
   }
  },
  {
   "type": "Feature",
   "geometry": {
    "type": "Point",
    "coordinates": [
     137.742644,
     -35.072946
    ]
   },
   "properties": {
    "name": "6458 ST VINCENT HIGHWAY EDITHBURGH 5583",
    "locID": "LOC100087040242",
    "tech": "WIRELESS",
    "upgrade": "NULL_NA",
    "gnaf_pid": "GASA_721352049",
    "ee": true,
    "tech_change_status": "Not Planned",
    "program_type": "Fixed Wireless and Satellite Upgrade Program",
    "target_eligibility_quarter": "NA"
   }
  },
  {
   "type": "Feature",
   "geometry": {
    "type": "Point",
    "coordinates": [
     137.73977589,
     -35.07293532
    ]
   },
   "properties": {
    "name": "3 PERRY STREET EDITHBURGH 5583",
    "locID": "LOC100087516358",
    "tech": "WIRELESS",
    "upgrade": "NULL_NA",
    "gnaf_pid": "GASA_721411873",
    "ee": true,
    "tech_change_status": "Not Planned",
    "program_type": "Fixed Wireless and Satellite Upgrade Program",
    "target_eligibility_quarter": "NA"
   }
  },
  {
   "type": "Feature",
   "geometry": {
    "type": "Point",
    "coordinates": [
     137.73951431,
     -35.0729317
    ]
   },
   "properties": {
    "name": "5 PERRY STREET EDITHBURGH 5583",
    "locID": "LOC000131672090",
    "tech": "WIRELESS",
    "upgrade": "NULL_NA",
    "gnaf_pid": "GASA_721412750",
    "ee": true,
    "tech_change_status": "Not Planned",
    "program_type": "Fixed Wireless and Satellite Upgrade Program",
    "target_eligibility_quarter": "NA"
   }
  }
 ]
}