{
 "type": "FeatureCollection",
 "generated": "2025-06-15T17:19:22.372472",
 "suburb": "LEWISTON",
 "features": [
  {
   "type": "Feature",
   "geometry": {
    "type": "Point",
    "coordinates": [
     138.58409222,
     -34.592366
    ]
   },
   "properties": {
    "name": "92 GAWLER ROAD LEWISTON 5501",
    "locID": "LOC000001847937",
    "tech": "FTTP",
    "upgrade": "NULL_NA",
    "gnaf_pid": "GASA_414932997",
    "ee": true,
    "tech_change_status": "Previous Tech Disconnected",
    "program_type": "Regional Area Flip"
   }
  },
  {
   "type": "Feature",
   "geometry": {
    "type": "Point",
    "coordinates": [
     138.58479363,
     -34.59234816
    ]
   },
   "properties": {
    "name": "94 GAWLER ROAD LEWISTON 5501",
    "locID": "LOC000055489982",
    "tech": "FTTP",
    "upgrade": "NULL_NA",
    "gnaf_pid": "GASA_414932998",
    "ee": true,
    "tech_change_status": "Eligible to Order",
    "program_type": "Regional Area Flip"
   }
  },
  {
   "type": "Feature",
   "geometry": {
    "type": "Point",
    "coordinates": [
     138.58263775,
     -34.5924019
    ]
   },
   "properties": {
    "name": "88 GAWLER ROAD LEWISTON 5501",
    "locID": "LOC000095194058",
    "tech": "FTTP",
    "upgrade": "NULL_NA",
    "gnaf_pid": "GASA_414940952",
    "ee": true,
    "tech_change_status": "Eligible to Order",
    "program_type": "Regional Area Flip"
   }
  },
  {
   "type": "Feature",
   "geometry": {
    "type": "Point",
    "coordinates": [
     138.58322673,
     -34.59238768
    ]
   },
   "properties": {
    "name": "90 GAWLER ROAD LEWISTON 5501",
    "locID": "LOC100063304972",
    "tech": "FTTP",
    "upgrade": "NULL_NA",
    "gnaf_pid": "GASA_414940953",
    "ee": true,
    "tech_change_status": "Eligible to Order",
    "program_type": "Regional Area Flip"
   }
  },
  {
   "type": "Feature",
   "geometry": {
    "type": "Point",
    "coordinates": [
     138.61907001,
     -34.6106701
    ]
   },
   "properties": {
    "name": "253 DAWKINS ROAD LEWISTON 5501",
    "locID": "LOC000083337752",
    "tech": "WIRELESS",
    "upgrade": "FTTP",
    "gnaf_pid": "GASA_414941494",
    "ee": true,
    "tech_change_status": "Eligible to Order",
    "program_type": "Regional Area Flip",
    "target_eligibility_quarter": "NA"
   }
  },
  {
   "type": "Feature",
   "geometry": {
    "type": "Point",
    "coordinates": [
     138.61983951,
     -34.6106513
    ]
   },
   "properties": {
    "name": "255 DAWKINS ROAD LEWISTON 5501",
    "locID": "LOC000071641994",
    "tech": "FTTP",
    "upgrade": "NULL_NA",
    "gnaf_pid": "GASA_414941495",
    "ee": true,
    "tech_change_status": "Previous Tech Disconnected",
    "program_type": "Regional Area Flip",
    "target_eligibility_quarter": "NA"
   }
  },
  {
   "type": "Feature",
   "geometry": {
    "type": "Point",
    "coordinates": [
     138.62038776,
     -34.6106385
    ]
   },
   "properties": {
    "name": "257 DAWKINS ROAD LEWISTON 5501",
    "locID": "LOC000079629812",
    "tech": "FTTP",
    "upgrade": "NULL_NA",
    "gnaf_pid": "GASA_414941496",
    "ee": true,
    "tech_change_status": "Previous Tech Disconnected",
    "program_type": "Regional Area Flip",
    "target_eligibility_quarter": "NA"
   }
  },
  {
   "type": "Feature",
   "geometry": {
    "type": "Point",
    "coordinates": [
     138.62093376,
     -34.6106255
    ]
   },
   "properties": {
    "name": "259 DAWKINS ROAD LEWISTON 5501",
    "locID": "LOC000033175993",
    "tech": "FTTP",
    "upgrade": "NULL_NA",
    "gnaf_pid": "GASA_414941497",
    "ee": true,
    "tech_change_status": "Eligible to Order",
    "program_type": "Regional Area Flip"
   }
  },
  {
   "type": "Feature",
   "geometry": {
    "type": "Point",
    "coordinates": [
     138.61884276,
     -34.6123091
    ]
   },
   "properties": {
    "name": "246 DAWKINS ROAD LEWISTON 5501",
    "locID": "LOC000071520941",
    "tech": "FTTP",
    "upgrade": "NULL_NA",
    "gnaf_pid": "GASA_414945701",
    "ee": true,
    "tech_change_status": "Previous Tech Disconnected",
    "program_type": "Regional Area Flip",
    "target_eligibility_quarter": "NA"
   }
  },
  {
   "type": "Feature",
   "geometry": {
    "type": "Point",
    "coordinates": [
     138.61937376,
     -34.6122952
    ]
   },
   "properties": {
    "name": "248 DAWKINS ROAD LEWISTON 5501",
    "locID": "LOC000065892654",
    "tech": "FTTP",
    "upgrade": "NULL_NA",
    "gnaf_pid": "GASA_414945702",
    "ee": true,
    "tech_change_status": "Eligible to Order",
    "program_type": "Regional Area Flip"
   }
  },
  {
   "type": "Feature",
   "geometry": {
    "type": "Point",
    "coordinates": [
     138.61991276,
     -34.6122811
    ]
   },
   "properties": {
    "name": "250 DAWKINS ROAD LEWISTON 5501",
    "locID": "LOC000074998377",
    "tech": "FTTP",
    "upgrade": "NULL_NA",
    "gnaf_pid": "GASA_414945703",
    "ee": true,
    "tech_change_status": "Eligible to Order",
    "program_type": "Regional Area Flip"
   }
  },
  {
   "type": "Feature",
   "geometry": {
    "type": "Point",
    "coordinates": [
     138.62043951,
     -34.6122673
    ]
   },
   "properties": {
    "name": "252 DAWKINS ROAD LEWISTON 5501",
    "locID": "LOC000033257747",
    "tech": "FTTP",
    "upgrade": "NULL_NA",
    "gnaf_pid": "GASA_414945704",
    "ee": true,
    "tech_change_status": "Previous Tech Disconnected",
    "program_type": "Regional Area Flip",
    "target_eligibility_quarter": "NA"
   }
  },
  {
   "type": "Feature",
   "geometry": {
    "type": "Point",
    "coordinates": [
     138.60257859,
     -34.61382228
    ]
   },
   "properties": {
    "name": "188 DAWKINS ROAD LEWISTON 5501",
    "locID": "LOC000040967783",
    "tech": "FTTP",
    "upgrade": "NULL_NA",
    "gnaf_pid": "GASA_414946488",
    "ee": true,
    "tech_change_status": "Previous Tech Disconnected",
    "program_type": "Regional Area Flip",
    "target_eligibility_quarter": "NA"
   }
  },
  {
   "type": "Feature",
   "geometry": {
    "type": "Point",
    "coordinates": [
     138.60957476,
     -34.6125287
    ]
   },
   "properties": {
    "name": "214 DAWKINS ROAD LEWISTON 5501",
    "locID": "LOC000009264382",
    "tech": "WIRELESS",
    "upgrade": "FTTP",
    "gnaf_pid": "GASA_414946918",
    "ee": true,
    "tech_change_status": "Eligible to Order",
    "program_type": "Regional Area Flip",
    "target_eligibility_quarter": "NA"
   }
  },
  {
   "type": "Feature",
   "geometry": {
    "type": "Point",
    "coordinates": [
     138.60531913,
     -34.6058646
    ]
   },
   "properties": {
    "name": "17 AUNGER ROAD LEWISTON 5501",
    "locID": "LOC000054013993",
    "tech": "FTTP",
    "upgrade": "NULL_NA",
    "gnaf_pid": "GASA_414948502",
    "ee": true,
    "tech_change_status": "Eligible to Order",
    "program_type": "Regional Area Flip"
   }
  },
  {
   "type": "Feature",
   "geometry": {
    "type": "Point",
    "coordinates": [
     138.57710895,
     -34.60105961
    ]
   },
   "properties": {
    "name": "173 HAYMAN ROAD LEWISTON 5501",
    "locID": "LOC100055702263",
    "tech": "FTTP",
    "upgrade": "NULL_NA",
    "gnaf_pid": "GASA_414948650",
    "ee": true,
    "tech_change_status": "Previous Tech Disconnected",
    "program_type": "Regional Area Flip",
    "target_eligibility_quarter": "NA"
   }
  },
  {
   "type": "Feature",
   "geometry": {
    "type": "Point",
    "coordinates": [
     138.57832138,
     -34.6006346
    ]
   },
   "properties": {
    "name": "177 HAYMAN ROAD LEWISTON 5501",
    "locID": "LOC000031228068",
    "tech": "FTTP",
    "upgrade": "NULL_NA",
    "gnaf_pid": "GASA_414948651",
    "ee": true,
    "tech_change_status": "Previous Tech Disconnected",
    "program_type": "Regional Area Flip"
   }
  },
  {
   "type": "Feature",
   "geometry": {
    "type": "Point",
    "coordinates": [
     138.57884738,
     -34.600621
    ]
   },
   "properties": {
    "name": "179 HAYMAN ROAD LEWISTON 5501",
    "locID": "LOC000084793522",
    "tech": "WIRELESS",
    "upgrade": "FTTP",
    "gnaf_pid": "GASA_414948652",
    "ee": true,
    "tech_change_status": "Eligible to Order",
    "program_type": "Regional Area Flip",
    "target_eligibility_quarter": "NA"
   }
  },
  {
   "type": "Feature",
   "geometry": {
    "type": "Point",
    "coordinates": [
     138.59465226,
     -34.6088017
    ]
   },
   "properties": {
    "name": "30 PEDERICK ROAD LEWISTON 5501",
    "locID": "LOC000040563901",
    "tech": "FTTP",
    "upgrade": "NULL_NA",
    "gnaf_pid": "GASA_414948886",
    "ee": true,
    "tech_change_status": "Eligible to Order",
    "program_type": "Regional Area Flip"
   }
  },
  {
   "type": "Feature",
   "geometry": {
    "type": "Point",
    "coordinates": [
     138.59473263,
     -34.6110043
    ]
   },
   "properties": {
    "name": "22 PEDERICK ROAD LEWISTON 5501",
    "locID": "LOC000094636341",
    "tech": "FTTP",
    "upgrade": "NULL_NA",
    "gnaf_pid": "GASA_414948930",
    "ee": true,
    "tech_change_status": "Previous Tech Disconnected",
    "program_type": "Regional Area Flip",
    "target_eligibility_quarter": "NA"
   }
  },
  {
   "type": "Feature",
   "geometry": {
    "type": "Point",
    "coordinates": [
     138.59471438,
     -34.6104975
    ]
   },
   "properties": {
    "name": "24 PEDERICK ROAD LEWISTON 5501",
    "locID": "LOC000004253308",
    "tech": "FTTP",
    "upgrade": "NULL_NA",
    "gnaf_pid": "GASA_414948931",
    "ee": true,
    "tech_change_status": "Eligible to Order",
    "program_type": "Regional Area Flip"
   }
  },
  {
   "type": "Feature",
   "geometry": {
    "type": "Point",
    "coordinates": [
     138.59469576,
     -34.6099896
    ]
   },
   "properties": {
    "name": "26 PEDERICK ROAD LEWISTON 5501",
    "locID": "LOC000021781744",
    "tech": "WIRELESS",
    "upgrade": "FTTP",
    "gnaf_pid": "GASA_414948932",
    "ee": true,
    "tech_change_status": "Eligible to Order",
    "program_type": "Regional Area Flip",
    "target_eligibility_quarter": "NA"
   }
  },
  {
   "type": "Feature",
   "geometry": {
    "type": "Point",
    "coordinates": [
     138.59467726,
     -34.6094812
    ]
   },
   "properties": {
    "name": "28 PEDERICK ROAD LEWISTON 5501",
    "locID": "LOC000005343114",
    "tech": "FTTP",
    "upgrade": "NULL_NA",
    "gnaf_pid": "GASA_414948933",
    "ee": true,
    "tech_change_status": "Previous Tech Disconnected",
    "program_type": "Regional Area Flip",
    "target_eligibility_quarter": "NA"
   }
  },
  {
   "type": "Feature",
   "geometry": {
    "type": "Point",
    "coordinates": [
     138.59462726,
     -34.6081212
    ]
   },
   "properties": {
    "name": "32 PEDERICK ROAD LEWISTON 5501",
    "locID": "LOC000006746225",
    "tech": "FTTP",
    "upgrade": "NULL_NA",
    "gnaf_pid": "GASA_414949055",
    "ee": true,
    "tech_change_status": "Eligible to Order",
    "program_type": "Regional Area Flip"
   }
  },
  {
   "type": "Feature",
   "geometry": {
    "type": "Point",
    "coordinates": [
     138.59741822,
     -34.59215978
    ]
   },
   "properties": {
    "name": "128 GAWLER ROAD LEWISTON 5501",
    "locID": "LOC000013522508",
    "tech": "FTTP",
    "upgrade": "NULL_NA",
    "gnaf_pid": "GASA_414949088",
    "ee": true,
    "tech_change_status": "Eligible to Order",
    "program_type": "Regional Area Flip",
    "target_eligibility_quarter": "NA"
   }
  },
  {
   "type": "Feature",
   "geometry": {
    "type": "Point",
    "coordinates": [
     138.59708963,
     -34.6005636
    ]
   },
   "properties": {
    "name": "227 HAYMAN ROAD LEWISTON 5501",
    "locID": "LOC000016139337",
    "tech": "FTTP",
    "upgrade": "NULL_NA",
    "gnaf_pid": "GASA_414949089",
    "ee": true,
    "tech_change_status": "Eligible to Order",
    "program_type": "Regional Area Flip"
   }
  },
  {
   "type": "Feature",
   "geometry": {
    "type": "Point",
    "coordinates": [
     138.59796072,
     -34.59214503
    ]
   },
   "properties": {
    "name": "130 GAWLER ROAD LEWISTON 5501",
    "locID": "LOC000056804715",
    "tech": "FTTP",
    "upgrade": "NULL_NA",
    "gnaf_pid": "GASA_414949903",
    "ee": true,
    "tech_change_status": "Eligible to Order",
    "program_type": "Regional Area Flip"
   }
  },
  {
   "type": "Feature",
   "geometry": {
    "type": "Point",
    "coordinates": [
     138.59851277,
     -34.59213001
    ]
   },
   "properties": {
    "name": "132 GAWLER ROAD LEWISTON 5501",
    "locID": "LOC000029395180",
    "tech": "WIRELESS",
    "upgrade": "FTTP",
    "gnaf_pid": "GASA_414949904",
    "ee": true,
    "tech_change_status": "New Tech Connected",
    "program_type": "Regional Area Flip",
    "target_eligibility_quarter": "NA"
   }
  },
  {
   "type": "Feature",
   "geometry": {
    "type": "Point",
    "coordinates": [
     138.59906383,
     -34.59211497
    ]
   },
   "properties": {
    "name": "134 GAWLER ROAD LEWISTON 5501",
    "locID": "LOC000035285866",
    "tech": "WIRELESS",
    "upgrade": "FTTP",
    "gnaf_pid": "GASA_414949905",
    "ee": true,
    "tech_change_status": "Eligible to Order",
    "program_type": "Regional Area Flip",
    "target_eligibility_quarter": "NA"
   }
  },
  {
   "type": "Feature",
   "geometry": {
    "type": "Point",
    "coordinates": [
     138.59983182,
     -34.59209576
    ]
   },
   "properties": {
    "name": "136 GAWLER ROAD LEWISTON 5501",
    "locID": "LOC000040928514",
    "tech": "WIRELESS",
    "upgrade": "FTTP",
    "gnaf_pid": "GASA_414949906",
    "ee": true,
    "tech_change_status": "New Tech Connected",
    "program_type": "Regional Area Flip",
    "target_eligibility_quarter": "NA"
   }
  },
  {
   "type": "Feature",
   "geometry": {
    "type": "Point",
    "coordinates": [
     138.58290563,
     -34.6032642
    ]
   },
   "properties": {
    "name": "182 HAYMAN ROAD LEWISTON 5501",
    "locID": "LOC000071408875",
    "tech": "WIRELESS",
    "upgrade": "FTTP",
    "gnaf_pid": "GASA_414949988",
    "ee": true,
    "tech_change_status": "New Tech Connected",
    "program_type": "Regional Area Flip",
    "target_eligibility_quarter": "NA"
   }
  },
  {
   "type": "Feature",
   "geometry": {
    "type": "Point",
    "coordinates": [
     138.58368188,
     -34.6032442
    ]
   },
   "properties": {
    "name": "184 HAYMAN ROAD LEWISTON 5501",
    "locID": "LOC000015084910",
    "tech": "WIRELESS",
    "upgrade": "FTTP",
    "gnaf_pid": "GASA_414949989",
    "ee": true,
    "tech_change_status": "Eligible to Order",
    "program_type": "Regional Area Flip",
    "target_eligibility_quarter": "NA"
   }
  },
  {
   "type": "Feature",
   "geometry": {
    "type": "Point",
    "coordinates": [
     138.57710876,
     -34.6116435
    ]
   },
   "properties": {
    "name": "127 DAWKINS ROAD LEWISTON 5501",
    "locID": "LOC000105734014",
    "tech": "FTTP",
    "upgrade": "NULL_NA",
    "gnaf_pid": "GASA_414950382",
    "ee": true,
    "tech_change_status": "Eligible to Order",
    "program_type": "Regional Area Flip"
   }
  },
  {
   "type": "Feature",
   "geometry": {
    "type": "Point",
    "coordinates": [
     138.57660288,
     -34.611656
    ]
   },
   "properties": {
    "name": "125 DAWKINS ROAD LEWISTON 5501",
    "locID": "LOC000091811658",
    "tech": "FTTP",
    "upgrade": "NULL_NA",
    "gnaf_pid": "GASA_414950383",
    "ee": true,
    "tech_change_status": "Previous Tech Disconnected",
    "program_type": "Regional Area Flip",
    "target_eligibility_quarter": "NA"
   }
  },
  {
   "type": "Feature",
   "geometry": {
    "type": "Point",
    "coordinates": [
     138.59523043,
     -34.59221912
    ]
   },
   "properties": {
    "name": "120 GAWLER ROAD LEWISTON 5501",
    "locID": "LOC000051228494",
    "tech": "FTTP",
    "upgrade": "NULL_NA",
    "gnaf_pid": "GASA_414951617",
    "ee": true,
    "tech_change_status": "Previous Tech Disconnected",
    "program_type": "Regional Area Flip",
    "target_eligibility_quarter": "NA"
   }
  },
  {
   "type": "Feature",
   "geometry": {
    "type": "Point",
    "coordinates": [
     138.60037597,
     -34.59208005
    ]
   },
   "properties": {
    "name": "138 GAWLER ROAD LEWISTON 5501",
    "locID": "LOC000057512807",
    "tech": "WIRELESS",
    "upgrade": "FTTP",
    "gnaf_pid": "GASA_414951618",
    "ee": true,
    "tech_change_status": "Eligible to Order",
    "program_type": "Regional Area Flip",
    "target_eligibility_quarter": "NA"
   }
  },
  {
   "type": "Feature",
   "geometry": {
    "type": "Point",
    "coordinates": [
     138.60092633,
     -34.59206414
    ]
   },
   "properties": {
    "name": "140 GAWLER ROAD LEWISTON 5501",
    "locID": "LOC000059810197",
    "tech": "FTTP",
    "upgrade": "NULL_NA",
    "gnaf_pid": "GASA_414951619",
    "ee": true,
    "tech_change_status": "Previous Tech Disconnected",
    "program_type": "Regional Area Flip"
   }
  },
  {
   "type": "Feature",
   "geometry": {
    "type": "Point",
    "coordinates": [
     138.60147607,
     -34.59204825
    ]
   },
   "properties": {
    "name": "142 GAWLER ROAD LEWISTON 5501",
    "locID": "LOC000097711025",
    "tech": "WIRELESS",
    "upgrade": "FTTP",
    "gnaf_pid": "GASA_414951620",
    "ee": true,
    "tech_change_status": "Eligible to Order",
    "program_type": "Regional Area Flip",
    "target_eligibility_quarter": "NA"
   }
  },
  {
   "type": "Feature",
   "geometry": {
    "type": "Point",
    "coordinates": [
     138.60202385,
     -34.59203243
    ]
   },
   "properties": {
    "name": "144 GAWLER ROAD LEWISTON 5501",
    "locID": "LOC000064874728",
    "tech": "FTTP",
    "upgrade": "NULL_NA",
    "gnaf_pid": "GASA_414951621",
    "ee": true,
    "tech_change_status": "Eligible to Order",
    "program_type": "Regional Area Flip"
   }
  },
  {
   "type": "Feature",
   "geometry": {
    "type": "Point",
    "coordinates": [
     138.60257784,
     -34.59201642
    ]
   },
   "properties": {
    "name": "146 GAWLER ROAD LEWISTON 5501",
    "locID": "LOC000001816349",
    "tech": "FTTP",
    "upgrade": "NULL_NA",
    "gnaf_pid": "GASA_414951622",
    "ee": true,
    "tech_change_status": "Previous Tech Disconnected",
    "program_type": "Regional Area Flip",
    "target_eligibility_quarter": "NA"
   }
  },
  {
   "type": "Feature",
   "geometry": {
    "type": "Point",
    "coordinates": [
     138.60366516,
     -34.59198501
    ]
   },
   "properties": {
    "name": "150 GAWLER ROAD LEWISTON 5501",
    "locID": "LOC000039988222",
    "tech": "FTTP",
    "upgrade": "NULL_NA",
    "gnaf_pid": "GASA_414951624",
    "ee": true,
    "tech_change_status": "Eligible to Order",
    "program_type": "Regional Area Flip"
   }
  },
  {
   "type": "Feature",
   "geometry": {
    "type": "Point",
    "coordinates": [
     138.6042109,
     -34.59196919
    ]
   },
   "properties": {
    "name": "152 GAWLER ROAD LEWISTON 5501",
    "locID": "LOC000078208597",
    "tech": "FTTP",
    "upgrade": "NULL_NA",
    "gnaf_pid": "GASA_414951625",
    "ee": true,
    "tech_change_status": "Eligible to Order",
    "program_type": "Regional Area Flip"
   }
  },
  {
   "type": "Feature",
   "geometry": {
    "type": "Point",
    "coordinates": [
     138.6047534,
     -34.59195347
    ]
   },
   "properties": {
    "name": "154 GAWLER ROAD LEWISTON 5501",
    "locID": "LOC000022572980",
    "tech": "FTTP",
    "upgrade": "NULL_NA",
    "gnaf_pid": "GASA_414951626",
    "ee": true,
    "tech_change_status": "Previous Tech Disconnected",
    "program_type": "Regional Area Flip",
    "target_eligibility_quarter": "NA"
   }
  },
  {
   "type": "Feature",
   "geometry": {
    "type": "Point",
    "coordinates": [
     138.6053586,
     -34.5919359
    ]
   },
   "properties": {
    "name": "156 GAWLER ROAD LEWISTON 5501",
    "locID": "LOC000062303679",
    "tech": "WIRELESS",
    "upgrade": "FTTP",
    "gnaf_pid": "GASA_414951627",
    "ee": true,
    "tech_change_status": "Eligible to Order",
    "program_type": "Regional Area Flip",
    "target_eligibility_quarter": "NA"
   }
  },
  {
   "type": "Feature",
   "geometry": {
    "type": "Point",
    "coordinates": [
     138.59577318,
     -34.5922044
    ]
   },
   "properties": {
    "name": "122 GAWLER ROAD LEWISTON 5501",
    "locID": "LOC000104381731",
    "tech": "FTTP",
    "upgrade": "NULL_NA",
    "gnaf_pid": "GASA_414951628",
    "ee": true,
    "tech_change_status": "Previous Tech Disconnected",
    "program_type": "Regional Area Flip",
    "target_eligibility_quarter": "NA"
   }
  },
  {
   "type": "Feature",
   "geometry": {
    "type": "Point",
    "coordinates": [
     138.61343413,
     -34.612443
    ]
   },
   "properties": {
    "name": "226 DAWKINS ROAD LEWISTON 5501",
    "locID": "LOC000003479712",
    "tech": "FTTP",
    "upgrade": "NULL_NA",
    "gnaf_pid": "GASA_414952282",
    "ee": true,
    "tech_change_status": "Previous Tech Disconnected",
    "program_type": "Regional Area Flip"
   }
  },
  {
   "type": "Feature",
   "geometry": {
    "type": "Point",
    "coordinates": [
     138.61397363,
     -34.6124295
    ]
   },
   "properties": {
    "name": "228 DAWKINS ROAD LEWISTON 5501",
    "locID": "LOC000103203014",
    "tech": "WIRELESS",
    "upgrade": "FTTP",
    "gnaf_pid": "GASA_414952283",
    "ee": true,
    "tech_change_status": "Eligible to Order",
    "program_type": "Regional Area Flip",
    "target_eligibility_quarter": "NA"
   }
  },
  {
   "type": "Feature",
   "geometry": {
    "type": "Point",
    "coordinates": [
     138.61451438,
     -34.6124158
    ]
   },
   "properties": {
    "name": "230 DAWKINS ROAD LEWISTON 5501",
    "locID": "LOC000019260178",
    "tech": "WIRELESS",
    "upgrade": "FTTP",
    "gnaf_pid": "GASA_414952284",
    "ee": true,
    "tech_change_status": "Eligible to Order",
    "program_type": "Regional Area Flip",
    "target_eligibility_quarter": "NA"
   }
  },
  {
   "type": "Feature",
   "geometry": {
    "type": "Point",
    "coordinates": [
     138.61505251,
     -34.6124023
    ]
   },
   "properties": {
    "name": "232 DAWKINS ROAD LEWISTON 5501",
    "locID": "LOC000010860302",
    "tech": "WIRELESS",
    "upgrade": "FTTP",
    "gnaf_pid": "GASA_414952285",
    "ee": true,
    "tech_change_status": "Eligible to Order",
    "program_type": "Regional Area Flip",
    "target_eligibility_quarter": "NA"
   }
  },
  {
   "type": "Feature",
   "geometry": {
    "type": "Point",
    "coordinates": [
     138.60464926,
     -34.5930893
    ]
   },
   "properties": {
    "name": "61 AUNGER ROAD LEWISTON 5501",
    "locID": "LOC000007534643",
    "tech": "WIRELESS",
    "upgrade": "FTTP",
    "gnaf_pid": "GASA_414954488",
    "ee": true,
    "tech_change_status": "Eligible to Order",
    "program_type": "Regional Area Flip",
    "target_eligibility_quarter": "NA"
   }
  },
  {
   "type": "Feature",
   "geometry": {
    "type": "Point",
    "coordinates": [
     138.60466651,
     -34.5935433
    ]
   },
   "properties": {
    "name": "59 AUNGER ROAD LEWISTON 5501",
    "locID": "LOC000031729441",
    "tech": "FTTP",
    "upgrade": "NULL_NA",
    "gnaf_pid": "GASA_414954489",
    "ee": true,
    "tech_change_status": "Previous Tech Disconnected",
    "program_type": "Regional Area Flip"
   }
  },
  {
   "type": "Feature",
   "geometry": {
    "type": "Point",
    "coordinates": [
     138.60470113,
     -34.5944437
    ]
   },
   "properties": {
    "name": "55 AUNGER ROAD LEWISTON 5501",
    "locID": "LOC000083478557",
    "tech": "FTTP",
    "upgrade": "NULL_NA",
    "gnaf_pid": "GASA_414954491",
    "ee": true,
    "tech_change_status": "Eligible to Order",
    "program_type": "Regional Area Flip",
    "target_eligibility_quarter": "NA"
   }
  },
  {
   "type": "Feature",
   "geometry": {
    "type": "Point",
    "coordinates": [
     138.60471895,
     -34.59489569
    ]
   },
   "properties": {
    "name": "53 AUNGER ROAD LEWISTON 5501",
    "locID": "LOC000061687275",
    "tech": "FTTP",
    "upgrade": "NULL_NA",
    "gnaf_pid": "GASA_414954492",
    "ee": true,
    "tech_change_status": "Previous Tech Disconnected",
    "program_type": "Regional Area Flip"
   }
  },
  {
   "type": "Feature",
   "geometry": {
    "type": "Point",
    "coordinates": [
     138.60473613,
     -34.5953567
    ]
   },
   "properties": {
    "name": "51 AUNGER ROAD LEWISTON 5501",
    "locID": "LOC000093828718",
    "tech": "WIRELESS",
    "upgrade": "FTTP",
    "gnaf_pid": "GASA_414954493",
    "ee": true,
    "tech_change_status": "Eligible to Order",
    "program_type": "Regional Area Flip",
    "target_eligibility_quarter": "NA"
   }
  },
  {
   "type": "Feature",
   "geometry": {
    "type": "Point",
    "coordinates": [
     138.61634988,
     -34.6107246
    ]
   },
   "properties": {
    "name": "243 DAWKINS ROAD LEWISTON 5501",
    "locID": "LOC000023365242",
    "tech": "WIRELESS",
    "upgrade": "FTTP",
    "gnaf_pid": "GASA_414955335",
    "ee": true,
    "tech_change_status": "Eligible to Order",
    "program_type": "Regional Area Flip",
    "target_eligibility_quarter": "NA"
   }
  },
  {
   "type": "Feature",
   "geometry": {
    "type": "Point",
    "coordinates": [
     138.61580801,
     -34.6107355
    ]
   },
   "properties": {
    "name": "241 DAWKINS ROAD LEWISTON 5501",
    "locID": "LOC000030323534",
    "tech": "FTTP",
    "upgrade": "NULL_NA",
    "gnaf_pid": "GASA_414955336",
    "ee": true,
    "tech_change_status": "Previous Tech Disconnected",
    "program_type": "Regional Area Flip"
   }
  },
  {
   "type": "Feature",
   "geometry": {
    "type": "Point",
    "coordinates": [
     138.61413638,
     -34.6106475
    ]
   },
   "properties": {
    "name": "237 DAWKINS ROAD LEWISTON 5501",
    "locID": "LOC000103803118",
    "tech": "FTTP",
    "upgrade": "NULL_NA",
    "gnaf_pid": "GASA_414955337",
    "ee": true,
    "tech_change_status": "Previous Tech Disconnected",
    "program_type": "Regional Area Flip",
    "target_eligibility_quarter": "NA"
   }
  },
  {
   "type": "Feature",
   "geometry": {
    "type": "Point",
    "coordinates": [
     138.61361213,
     -34.6106591
    ]
   },
   "properties": {
    "name": "235 DAWKINS ROAD LEWISTON 5501",
    "locID": "LOC000096207490",
    "tech": "WIRELESS",
    "upgrade": "FTTP",
    "gnaf_pid": "GASA_414955338",
    "ee": true,
    "tech_change_status": "New Tech Connected",
    "program_type": "Regional Area Flip",
    "target_eligibility_quarter": "NA"
   }
  },
  {
   "type": "Feature",
   "geometry": {
    "type": "Point",
    "coordinates": [
     138.57709278,
     -34.6103554
    ]
   },
   "properties": {
    "name": "129 DAWKINS ROAD LEWISTON 5501",
    "locID": "LOC000082139574",
    "tech": "FTTP",
    "upgrade": "NULL_NA",
    "gnaf_pid": "GASA_414955604",
    "ee": true,
    "tech_change_status": "Eligible to Order",
    "program_type": "Regional Area Flip"
   }
  },
  {
   "type": "Feature",
   "geometry": {
    "type": "Point",
    "coordinates": [
     138.59293951,
     -34.6107475
    ]
   },
   "properties": {
    "name": "43 PEDERICK ROAD LEWISTON 5501",
    "locID": "LOC000095405488",
    "tech": "FTTP",
    "upgrade": "NULL_NA",
    "gnaf_pid": "GASA_414956213",
    "ee": true,
    "tech_change_status": "Previous Tech Disconnected",
    "program_type": "Regional Area Flip",
    "target_eligibility_quarter": "NA"
   }
  },
  {
   "type": "Feature",
   "geometry": {
    "type": "Point",
    "coordinates": [
     138.59292063,
     -34.6102346
    ]
   },
   "properties": {
    "name": "45 PEDERICK ROAD LEWISTON 5501",
    "locID": "LOC000016678815",
    "tech": "FTTP",
    "upgrade": "NULL_NA",
    "gnaf_pid": "GASA_414956214",
    "ee": true,
    "tech_change_status": "Previous Tech Disconnected",
    "program_type": "Regional Area Flip",
    "target_eligibility_quarter": "NA"
   }
  },
  {
   "type": "Feature",
   "geometry": {
    "type": "Point",
    "coordinates": [
     138.59290176,
     -34.6097198
    ]
   },
   "properties": {
    "name": "47 PEDERICK ROAD LEWISTON 5501",
    "locID": "LOC000052648233",
    "tech": "FTTP",
    "upgrade": "NULL_NA",
    "gnaf_pid": "GASA_414956215",
    "ee": true,
    "tech_change_status": "Previous Tech Disconnected",
    "program_type": "Regional Area Flip"
   }
  },
  {
   "type": "Feature",
   "geometry": {
    "type": "Point",
    "coordinates": [
     138.60475326,
     -34.5958192
    ]
   },
   "properties": {
    "name": "49 AUNGER ROAD LEWISTON 5501",
    "locID": "LOC000059924204",
    "tech": "FTTP",
    "upgrade": "NULL_NA",
    "gnaf_pid": "GASA_414956262",
    "ee": true,
    "tech_change_status": "Eligible to Order",
    "program_type": "Regional Area Flip"
   }
  },
  {
   "type": "Feature",
   "geometry": {
    "type": "Point",
    "coordinates": [
     138.60477926,
     -34.5965017
    ]
   },
   "properties": {
    "name": "47 AUNGER ROAD LEWISTON 5501",
    "locID": "LOC000075846760",
    "tech": "FTTP",
    "upgrade": "NULL_NA",
    "gnaf_pid": "GASA_414956264",
    "ee": true,
    "tech_change_status": "Previous Tech Disconnected",
    "program_type": "Regional Area Flip",
    "target_eligibility_quarter": "NA"
   }
  },
  {
   "type": "Feature",
   "geometry": {
    "type": "Point",
    "coordinates": [
     138.60479801,
     -34.5969927
    ]
   },
   "properties": {
    "name": "45 AUNGER ROAD LEWISTON 5501",
    "locID": "LOC000104062909",
    "tech": "FTTP",
    "upgrade": "NULL_NA",
    "gnaf_pid": "GASA_414956265",
    "ee": true,
    "tech_change_status": "Previous Tech Disconnected",
    "program_type": "Regional Area Flip",
    "target_eligibility_quarter": "NA"
   }
  },
  {
   "type": "Feature",
   "geometry": {
    "type": "Point",
    "coordinates": [
     138.59632065,
     -34.59218954
    ]
   },
   "properties": {
    "name": "124 GAWLER ROAD LEWISTON 5501",
    "locID": "LOC000025926906",
    "tech": "FTTP",
    "upgrade": "NULL_NA",
    "gnaf_pid": "GASA_414956266",
    "ee": true,
    "tech_change_status": "Eligible to Order",
    "program_type": "Regional Area Flip",
    "target_eligibility_quarter": "NA"
   }
  },
  {
   "type": "Feature",
   "geometry": {
    "type": "Point",
    "coordinates": [
     138.60481501,
     -34.5974447
    ]
   },
   "properties": {
    "name": "43 AUNGER ROAD LEWISTON 5501",
    "locID": "LOC000008477211",
    "tech": "FTTP",
    "upgrade": "NULL_NA",
    "gnaf_pid": "GASA_414956267",
    "ee": true,
    "tech_change_status": "Previous Tech Disconnected",
    "program_type": "Regional Area Flip"
   }
  },
  {
   "type": "Feature",
   "geometry": {
    "type": "Point",
    "coordinates": [
     138.60483188,
     -34.5978943
    ]
   },
   "properties": {
    "name": "41 AUNGER ROAD LEWISTON 5501",
    "locID": "LOC000105297330",
    "tech": "FTTP",
    "upgrade": "NULL_NA",
    "gnaf_pid": "GASA_414956268",
    "ee": true,
    "tech_change_status": "Eligible to Order",
    "program_type": "Regional Area Flip",
    "target_eligibility_quarter": "NA"
   }
  },
  {
   "type": "Feature",
   "geometry": {
    "type": "Point",
    "coordinates": [
     138.60484913,
     -34.5983493
    ]
   },
   "properties": {
    "name": "39 AUNGER ROAD LEWISTON 5501",
    "locID": "LOC000052820211",
    "tech": "WIRELESS",
    "upgrade": "FTTP",
    "gnaf_pid": "GASA_414956269",
    "ee": true,
    "tech_change_status": "Eligible to Order",
    "program_type": "Regional Area Flip",
    "target_eligibility_quarter": "NA"
   }
  },
  {
   "type": "Feature",
   "geometry": {
    "type": "Point",
    "coordinates": [
     138.60486626,
     -34.5988032
    ]
   },
   "properties": {
    "name": "37 AUNGER ROAD LEWISTON 5501",
    "locID": "LOC000006228089",
    "tech": "FTTP",
    "upgrade": "NULL_NA",
    "gnaf_pid": "GASA_414956270",
    "ee": true,
    "tech_change_status": "Previous Tech Disconnected",
    "program_type": "Regional Area Flip"
   }
  },
  {
   "type": "Feature",
   "geometry": {
    "type": "Point",
    "coordinates": [
     138.60488313,
     -34.5992545
    ]
   },
   "properties": {
    "name": "35 AUNGER ROAD LEWISTON 5501",
    "locID": "LOC000042271536",
    "tech": "WIRELESS",
    "upgrade": "FTTP",
    "gnaf_pid": "GASA_414956271",
    "ee": true,
    "tech_change_status": "Eligible to Order",
    "program_type": "Regional Area Flip",
    "target_eligibility_quarter": "NA"
   }
  },
  {
   "type": "Feature",
   "geometry": {
    "type": "Point",
    "coordinates": [
     138.60574651,
     -34.6003458
    ]
   },
   "properties": {
    "name": "257 HAYMAN ROAD LEWISTON 5501",
    "locID": "LOC000076155038",
    "tech": "WIRELESS",
    "upgrade": "FTTP",
    "gnaf_pid": "GASA_414956272",
    "ee": true,
    "tech_change_status": "New Tech Connected",
    "program_type": "Regional Area Flip",
    "target_eligibility_quarter": "NA"
   }
  },
  {
   "type": "Feature",
   "geometry": {
    "type": "Point",
    "coordinates": [
     138.61831276,
     -34.612323
    ]
   },
   "properties": {
    "name": "244 DAWKINS ROAD LEWISTON 5501",
    "locID": "LOC000052155230",
    "tech": "WIRELESS",
    "upgrade": "FTTP",
    "gnaf_pid": "GASA_414956796",
    "ee": true,
    "tech_change_status": "Eligible to Order",
    "program_type": "Regional Area Flip",
    "target_eligibility_quarter": "NA"
   }
  },
  {
   "type": "Feature",
   "geometry": {
    "type": "Point",
    "coordinates": [
     138.61559363,
     -34.6123887
    ]
   },
   "properties": {
    "name": "234 DAWKINS ROAD LEWISTON 5501",
    "locID": "LOC000043661629",
    "tech": "WIRELESS",
    "upgrade": "FTTP",
    "gnaf_pid": "GASA_414956797",
    "ee": true,
    "tech_change_status": "Eligible to Order",
    "program_type": "Regional Area Flip",
    "target_eligibility_quarter": "NA"
   }
  },
  {
   "type": "Feature",
   "geometry": {
    "type": "Point",
    "coordinates": [
     138.61613961,
     -34.61237504
    ]
   },
   "properties": {
    "name": "236 DAWKINS ROAD LEWISTON 5501",
    "locID": "LOC000016127751",
    "tech": "FTTP",
    "upgrade": "NULL_NA",
    "gnaf_pid": "GASA_414956798",
    "ee": true,
    "tech_change_status": "Eligible to Order",
    "program_type": "Regional Area Flip"
   }
  },
  {
   "type": "Feature",
   "geometry": {
    "type": "Point",
    "coordinates": [
     138.61777163,
     -34.6123372
    ]
   },
   "properties": {
    "name": "242 DAWKINS ROAD LEWISTON 5501",
    "locID": "LOC000008432369",
    "tech": "FTTP",
    "upgrade": "NULL_NA",
    "gnaf_pid": "GASA_414956799",
    "ee": true,
    "tech_change_status": "Previous Tech Disconnected",
    "program_type": "Regional Area Flip",
    "target_eligibility_quarter": "NA"
   }
  },
  {
   "type": "Feature",
   "geometry": {
    "type": "Point",
    "coordinates": [
     138.60043051,
     -34.612539
    ]
   },
   "properties": {
    "name": "182 DAWKINS ROAD LEWISTON 5501",
    "locID": "LOC000100390782",
    "tech": "WIRELESS",
    "upgrade": "FTTP",
    "gnaf_pid": "GASA_414957235",
    "ee": true,
    "tech_change_status": "Eligible to Order",
    "program_type": "Regional Area Flip",
    "target_eligibility_quarter": "NA"
   }
  },
  {
   "type": "Feature",
   "geometry": {
    "type": "Point",
    "coordinates": [
     138.60130463,
     -34.6125132
    ]
   },
   "properties": {
    "name": "184 DAWKINS ROAD LEWISTON 5501",
    "locID": "LOC000053014032",
    "tech": "FTTP",
    "upgrade": "NULL_NA",
    "gnaf_pid": "GASA_414957236",
    "ee": true,
    "tech_change_status": "Previous Tech Disconnected",
    "program_type": "Regional Area Flip",
    "target_eligibility_quarter": "NA"
   }
  },
  {
   "type": "Feature",
   "geometry": {
    "type": "Point",
    "coordinates": [
     138.60231326,
     -34.6126331
    ]
   },
   "properties": {
    "name": "190 DAWKINS ROAD LEWISTON 5501",
    "locID": "LOC000039611104",
    "tech": "WIRELESS",
    "upgrade": "FTTP",
    "gnaf_pid": "GASA_414957237",
    "ee": true,
    "tech_change_status": "Eligible to Order",
    "program_type": "Regional Area Flip",
    "target_eligibility_quarter": "NA"
   }
  },
  {
   "type": "Feature",
   "geometry": {
    "type": "Point",
    "coordinates": [
     138.60299463,
     -34.6126153
    ]
   },
   "properties": {
    "name": "192 DAWKINS ROAD LEWISTON 5501",
    "locID": "LOC000098456972",
    "tech": "FTTP",
    "upgrade": "NULL_NA",
    "gnaf_pid": "GASA_414957238",
    "ee": true,
    "tech_change_status": "Eligible to Order",
    "program_type": "Regional Area Flip",
    "target_eligibility_quarter": "NA"
   }
  },
  {
   "type": "Feature",
   "geometry": {
    "type": "Point",
    "coordinates": [
     138.58311713,
     -34.6116073
    ]
   },
   "properties": {
    "name": "143 DAWKINS ROAD LEWISTON 5501",
    "locID": "LOC000001879810",
    "tech": "FTTP",
    "upgrade": "NULL_NA",
    "gnaf_pid": "GASA_414957831",
    "ee": true,
    "tech_change_status": "Previous Tech Disconnected",
    "program_type": "Regional Area Flip"
   }
  },
  {
   "type": "Feature",
   "geometry": {
    "type": "Point",
    "coordinates": [
     138.58365663,
     -34.6115948
    ]
   },
   "properties": {
    "name": "145 DAWKINS ROAD LEWISTON 5501",
    "locID": "LOC000005350828",
    "tech": "WIRELESS",
    "upgrade": "FTTP",
    "gnaf_pid": "GASA_414957832",
    "ee": true,
    "tech_change_status": "Eligible to Order",
    "program_type": "Regional Area Flip",
    "target_eligibility_quarter": "NA"
   }
  },
  {
   "type": "Feature",
   "geometry": {
    "type": "Point",
    "coordinates": [
     138.60521201,
     -34.60036
    ]
   },
   "properties": {
    "name": "255 HAYMAN ROAD LEWISTON 5501",
    "locID": "LOC000039902425",
    "tech": "FTTP",
    "upgrade": "NULL_NA",
    "gnaf_pid": "GASA_414958823",
    "ee": true,
    "tech_change_status": "Previous Tech Disconnected",
    "program_type": "Regional Area Flip",
    "target_eligibility_quarter": "NA"
   }
  },
  {
   "type": "Feature",
   "geometry": {
    "type": "Point",
    "coordinates": [
     138.60466738,
     -34.6003743
    ]
   },
   "properties": {
    "name": "253 HAYMAN ROAD LEWISTON 5501",
    "locID": "LOC000095094040",
    "tech": "FTTP",
    "upgrade": "NULL_NA",
    "gnaf_pid": "GASA_414958824",
    "ee": true,
    "tech_change_status": "Eligible to Order",
    "program_type": "Regional Area Flip"
   }
  },
  {
   "type": "Feature",
   "geometry": {
    "type": "Point",
    "coordinates": [
     138.60411788,
     -34.6003888
    ]
   },
   "properties": {
    "name": "251 HAYMAN ROAD LEWISTON 5501",
    "locID": "LOC000048547637",
    "tech": "FTTP",
    "upgrade": "NULL_NA",
    "gnaf_pid": "GASA_414958825",
    "ee": true,
    "tech_change_status": "Eligible to Order",
    "program_type": "Regional Area Flip"
   }
  },
  {
   "type": "Feature",
   "geometry": {
    "type": "Point",
    "coordinates": [
     138.59686812,
     -34.5921747
    ]
   },
   "properties": {
    "name": "126 GAWLER ROAD LEWISTON 5501",
    "locID": "LOC000057874854",
    "tech": "FTTP",
    "upgrade": "NULL_NA",
    "gnaf_pid": "GASA_414958826",
    "ee": true,
    "tech_change_status": "Previous Tech Disconnected",
    "program_type": "Regional Area Flip"
   }
  },
  {
   "type": "Feature",
   "geometry": {
    "type": "Point",
    "coordinates": [
     138.60022563,
     -34.6004855
    ]
   },
   "properties": {
    "name": "237 HAYMAN ROAD LEWISTON 5501",
    "locID": "LOC000047923965",
    "tech": "FTTP",
    "upgrade": "NULL_NA",
    "gnaf_pid": "GASA_414958827",
    "ee": true,
    "tech_change_status": "Eligible to Order",
    "program_type": "Regional Area Flip"
   }
  },
  {
   "type": "Feature",
   "geometry": {
    "type": "Point",
    "coordinates": [
     138.59933426,
     -34.6005083
    ]
   },
   "properties": {
    "name": "235 HAYMAN ROAD LEWISTON 5501",
    "locID": "LOC000097474908",
    "tech": "FTTP",
    "upgrade": "NULL_NA",
    "gnaf_pid": "GASA_414958828",
    "ee": true,
    "tech_change_status": "Eligible to Order",
    "program_type": "Regional Area Flip",
    "target_eligibility_quarter": "NA"
   }
  },
  {
   "type": "Feature",
   "geometry": {
    "type": "Point",
    "coordinates": [
     138.59872963,
     -34.6005232
    ]
   },
   "properties": {
    "name": "233 HAYMAN ROAD LEWISTON 5501",
    "locID": "LOC000044841639",
    "tech": "WIRELESS",
    "upgrade": "FTTP",
    "gnaf_pid": "GASA_414958829",
    "ee": true,
    "tech_change_status": "Eligible to Order",
    "program_type": "Regional Area Flip",
    "target_eligibility_quarter": "NA"
   }
  },
  {
   "type": "Feature",
   "geometry": {
    "type": "Point",
    "coordinates": [
     138.59817951,
     -34.6005367
    ]
   },
   "properties": {
    "name": "231 HAYMAN ROAD LEWISTON 5501",
    "locID": "LOC000054656912",
    "tech": "FTTP",
    "upgrade": "NULL_NA",
    "gnaf_pid": "GASA_414958830",
    "ee": true,
    "tech_change_status": "Eligible to Order",
    "program_type": "Regional Area Flip"
   }
  },
  {
   "type": "Feature",
   "geometry": {
    "type": "Point",
    "coordinates": [
     138.59763813,
     -34.6005501
    ]
   },
   "properties": {
    "name": "229 HAYMAN ROAD LEWISTON 5501",
    "locID": "LOC000084639170",
    "tech": "WIRELESS",
    "upgrade": "FTTP",
    "gnaf_pid": "GASA_414958831",
    "ee": true,
    "tech_change_status": "Eligible to Order",
    "program_type": "Regional Area Flip",
    "target_eligibility_quarter": "NA"
   }
  },
  {
   "type": "Feature",
   "geometry": {
    "type": "Point",
    "coordinates": [
     138.61853651,
     -34.6106808
    ]
   },
   "properties": {
    "name": "251 DAWKINS ROAD LEWISTON 5501",
    "locID": "LOC000029175534",
    "tech": "FTTP",
    "upgrade": "NULL_NA",
    "gnaf_pid": "GASA_414959203",
    "ee": true,
    "tech_change_status": "Eligible to Order",
    "program_type": "Regional Area Flip"
   }
  },
  {
   "type": "Feature",
   "geometry": {
    "type": "Point",
    "coordinates": [
     138.61799451,
     -34.6106916
    ]
   },
   "properties": {
    "name": "249 DAWKINS ROAD LEWISTON 5501",
    "locID": "LOC000035825507",
    "tech": "WIRELESS",
    "upgrade": "FTTP",
    "gnaf_pid": "GASA_414959204",
    "ee": true,
    "tech_change_status": "Eligible to Order",
    "program_type": "Regional Area Flip",
    "target_eligibility_quarter": "NA"
   }
  },
  {
   "type": "Feature",
   "geometry": {
    "type": "Point",
    "coordinates": [
     138.61744201,
     -34.6107027
    ]
   },
   "properties": {
    "name": "247 DAWKINS ROAD LEWISTON 5501",
    "locID": "LOC000104567976",
    "tech": "WIRELESS",
    "upgrade": "FTTP",
    "gnaf_pid": "GASA_414959205",
    "ee": true,
    "tech_change_status": "Eligible to Order",
    "program_type": "Regional Area Flip",
    "target_eligibility_quarter": "NA"
   }
  },
  {
   "type": "Feature",
   "geometry": {
    "type": "Point",
    "coordinates": [
     138.61690213,
     -34.6107136
    ]
   },
   "properties": {
    "name": "245 DAWKINS ROAD LEWISTON 5501",
    "locID": "LOC000131264607",
    "tech": "FTTP",
    "upgrade": "NULL_NA",
    "gnaf_pid": "GASA_414959206",
    "ee": true,
    "tech_change_status": "Eligible to Order",
    "program_type": "Regional Area Flip"
   }
  },
  {
   "type": "Feature",
   "geometry": {
    "type": "Point",
    "coordinates": [
     138.58765858,
     -34.59227437
    ]
   },
   "properties": {
    "name": "102 GAWLER ROAD LEWISTON 5501",
    "locID": "LOC000049575424",
    "tech": "FTTP",
    "upgrade": "NULL_NA",
    "gnaf_pid": "GASA_414959351",
    "ee": true,
    "tech_change_status": "Eligible to Order",
    "program_type": "Regional Area Flip"
   }
  },
  {
   "type": "Feature",
   "geometry": {
    "type": "Point",
    "coordinates": [
     138.58821214,
     -34.59226025
    ]
   },
   "properties": {
    "name": "104 GAWLER ROAD LEWISTON 5501",
    "locID": "LOC000048202797",
    "tech": "FTTP",
    "upgrade": "NULL_NA",
    "gnaf_pid": "GASA_414959352",
    "ee": true,
    "tech_change_status": "Eligible to Order",
    "program_type": "Regional Area Flip"
   }
  },
  {
   "type": "Feature",
   "geometry": {
    "type": "Point",
    "coordinates": [
     138.58876261,
     -34.5922462
    ]
   },
   "properties": {
    "name": "106 GAWLER ROAD LEWISTON 5501",
    "locID": "LOC000075998918",
    "tech": "WIRELESS",
    "upgrade": "FTTP",
    "gnaf_pid": "GASA_414959353",
    "ee": true,
    "tech_change_status": "Eligible to Order",
    "program_type": "Regional Area Flip",
    "target_eligibility_quarter": "NA"
   }
  },
  {
   "type": "Feature",
   "geometry": {
    "type": "Point",
    "coordinates": [
     138.62228214,
     -34.59118541
    ]
   },
   "properties": {
    "name": "162 GAWLER ROAD LEWISTON 5501",
    "locID": "LOC000109946855",
    "tech": "WIRELESS",
    "upgrade": "FTTP",
    "gnaf_pid": "GASA_414959829",
    "ee": true,
    "tech_change_status": "Eligible to Order",
    "program_type": "Regional Area Flip",
    "target_eligibility_quarter": "NA"
   }
  },
  {
   "type": "Feature",
   "geometry": {
    "type": "Point",
    "coordinates": [
     138.62898151,
     -34.5997641
    ]
   },
   "properties": {
    "name": "331 HAYMAN ROAD LEWISTON 5501",
    "locID": "LOC000095190054",
    "tech": "WIRELESS",
    "upgrade": "FTTP",
    "gnaf_pid": "GASA_414959830",
    "ee": true,
    "tech_change_status": "Eligible to Order",
    "program_type": "Regional Area Flip",
    "target_eligibility_quarter": "NA"
   }
  },
  {
   "type": "Feature",
   "geometry": {
    "type": "Point",
    "coordinates": [
     138.62841838,
     -34.5997798
    ]
   },
   "properties": {
    "name": "329 HAYMAN ROAD LEWISTON 5501",
    "locID": "LOC000037520788",
    "tech": "FTTP",
    "upgrade": "NULL_NA",
    "gnaf_pid": "GASA_414959831",
    "ee": true,
    "tech_change_status": "Previous Tech Disconnected",
    "program_type": "Regional Area Flip"
   }
  },
  {
   "type": "Feature",
   "geometry": {
    "type": "Point",
    "coordinates": [
     138.62784938,
     -34.5997958
    ]
   },
   "properties": {
    "name": "327 HAYMAN ROAD LEWISTON 5501",
    "locID": "LOC000081279186",
    "tech": "WIRELESS",
    "upgrade": "FTTP",
    "gnaf_pid": "GASA_414959832",
    "ee": true,
    "tech_change_status": "Eligible to Order",
    "program_type": "Regional Area Flip",
    "target_eligibility_quarter": "NA"
   }
  },
  {
   "type": "Feature",
   "geometry": {
    "type": "Point",
    "coordinates": [
     138.62316004,
     -34.59116302
    ]
   },
   "properties": {
    "name": "164 GAWLER ROAD LEWISTON 5501",
    "locID": "LOC000024488588",
    "tech": "FTTP",
    "upgrade": "NULL_NA",
    "gnaf_pid": "GASA_414959833",
    "ee": true,
    "tech_change_status": "Previous Tech Disconnected",
    "program_type": "Regional Area Flip",
    "target_eligibility_quarter": "NA"
   }
  },
  {
   "type": "Feature",
   "geometry": {
    "type": "Point",
    "coordinates": [
     138.62727513,
     -34.5998118
    ]
   },
   "properties": {
    "name": "325 HAYMAN ROAD LEWISTON 5501",
    "locID": "LOC000074046504",
    "tech": "WIRELESS",
    "upgrade": "FTTP",
    "gnaf_pid": "GASA_414959834",
    "ee": true,
    "tech_change_status": "Eligible to Order",
    "program_type": "Regional Area Flip",
    "target_eligibility_quarter": "NA"
   }
  },
  {
   "type": "Feature",
   "geometry": {
    "type": "Point",
    "coordinates": [
     138.62669426,
     -34.5998281
    ]
   },
   "properties": {
    "name": "323 HAYMAN ROAD LEWISTON 5501",
    "locID": "LOC000024467010",
    "tech": "WIRELESS",
    "upgrade": "FTTP",
    "gnaf_pid": "GASA_414959835",
    "ee": true,
    "tech_change_status": "Eligible to Order",
    "program_type": "Regional Area Flip",
    "target_eligibility_quarter": "NA"
   }
  },
  {
   "type": "Feature",
   "geometry": {
    "type": "Point",
    "coordinates": [
     138.62595101,
     -34.59985
    ]
   },
   "properties": {
    "name": "321 HAYMAN ROAD LEWISTON 5501",
    "locID": "LOC000034396644",
    "tech": "FTTP",
    "upgrade": "NULL_NA",
    "gnaf_pid": "GASA_414959836",
    "ee": true,
    "tech_change_status": "Eligible to Order",
    "program_type": "Regional Area Flip"
   }
  },
  {
   "type": "Feature",
   "geometry": {
    "type": "Point",
    "coordinates": [
     138.62535763,
     -34.5998662
    ]
   },
   "properties": {
    "name": "319 HAYMAN ROAD LEWISTON 5501",
    "locID": "LOC000107149886",
    "tech": "FTTP",
    "upgrade": "NULL_NA",
    "gnaf_pid": "GASA_414959837",
    "ee": true,
    "tech_change_status": "Eligible to Order",
    "program_type": "Regional Area Flip"
   }
  },
  {
   "type": "Feature",
   "geometry": {
    "type": "Point",
    "coordinates": [
     138.62479251,
     -34.5998817
    ]
   },
   "properties": {
    "name": "317 HAYMAN ROAD LEWISTON 5501",
    "locID": "LOC000016209099",
    "tech": "FTTP",
    "upgrade": "NULL_NA",
    "gnaf_pid": "GASA_414959838",
    "ee": true,
    "tech_change_status": "Previous Tech Disconnected",
    "program_type": "Regional Area Flip",
    "target_eligibility_quarter": "NA"
   }
  },
  {
   "type": "Feature",
   "geometry": {
    "type": "Point",
    "coordinates": [
     138.62421613,
     -34.5998975
    ]
   },
   "properties": {
    "name": "315 HAYMAN ROAD LEWISTON 5501",
    "locID": "LOC000044718461",
    "tech": "FTTP",
    "upgrade": "NULL_NA",
    "gnaf_pid": "GASA_414959839",
    "ee": true,
    "tech_change_status": "Previous Tech Disconnected",
    "program_type": "Regional Area Flip",
    "target_eligibility_quarter": "NA"
   }
  },
  {
   "type": "Feature",
   "geometry": {
    "type": "Point",
    "coordinates": [
     138.62363163,
     -34.5999135
    ]
   },
   "properties": {
    "name": "313 HAYMAN ROAD LEWISTON 5501",
    "locID": "LOC000026707134",
    "tech": "FTTP",
    "upgrade": "NULL_NA",
    "gnaf_pid": "GASA_414959840",
    "ee": true,
    "tech_change_status": "Eligible to Order",
    "program_type": "Regional Area Flip"
   }
  },
  {
   "type": "Feature",
   "geometry": {
    "type": "Point",
    "coordinates": [
     138.62304701,
     -34.5999295
    ]
   },
   "properties": {
    "name": "311 HAYMAN ROAD LEWISTON 5501",
    "locID": "LOC000033241589",
    "tech": "WIRELESS",
    "upgrade": "FTTP",
    "gnaf_pid": "GASA_414959841",
    "ee": true,
    "tech_change_status": "Eligible to Order",
    "program_type": "Regional Area Flip",
    "target_eligibility_quarter": "NA"
   }
  },
  {
   "type": "Feature",
   "geometry": {
    "type": "Point",
    "coordinates": [
     138.62247201,
     -34.5999452
    ]
   },
   "properties": {
    "name": "309 HAYMAN ROAD LEWISTON 5501",
    "locID": "LOC000072255260",
    "tech": "FTTP",
    "upgrade": "NULL_NA",
    "gnaf_pid": "GASA_414959842",
    "ee": true,
    "tech_change_status": "Eligible to Order",
    "program_type": "Regional Area Flip"
   }
  },
  {
   "type": "Feature",
   "geometry": {
    "type": "Point",
    "coordinates": [
     138.62401792,
     -34.59114114
    ]
   },
   "properties": {
    "name": "166 GAWLER ROAD LEWISTON 5501",
    "locID": "LOC000072490397",
    "tech": "FTTP",
    "upgrade": "NULL_NA",
    "gnaf_pid": "GASA_414959844",
    "ee": true,
    "tech_change_status": "Previous Tech Disconnected",
    "program_type": "Regional Area Flip",
    "target_eligibility_quarter": "NA"
   }
  },
  {
   "type": "Feature",
   "geometry": {
    "type": "Point",
    "coordinates": [
     138.62491528,
     -34.59141992
    ]
   },
   "properties": {
    "name": "168 GAWLER ROAD LEWISTON 5501",
    "locID": "LOC000017069216",
    "tech": "FTTP",
    "upgrade": "NULL_NA",
    "gnaf_pid": "GASA_414959845",
    "ee": true,
    "tech_change_status": "Previous Tech Disconnected",
    "program_type": "Regional Area Flip"
   }
  },
  {
   "type": "Feature",
   "geometry": {
    "type": "Point",
    "coordinates": [
     138.62548085,
     -34.59140533
    ]
   },
   "properties": {
    "name": "170 GAWLER ROAD LEWISTON 5501",
    "locID": "LOC000051287630",
    "tech": "WIRELESS",
    "upgrade": "FTTP",
    "gnaf_pid": "GASA_414959846",
    "ee": true,
    "tech_change_status": "Eligible to Order",
    "program_type": "Regional Area Flip",
    "target_eligibility_quarter": "NA"
   }
  },
  {
   "type": "Feature",
   "geometry": {
    "type": "Point",
    "coordinates": [
     138.62605544,
     -34.59139051
    ]
   },
   "properties": {
    "name": "172 GAWLER ROAD LEWISTON 5501",
    "locID": "LOC000075374575",
    "tech": "FTTP",
    "upgrade": "NULL_NA",
    "gnaf_pid": "GASA_414959847",
    "ee": true,
    "tech_change_status": "Eligible to Order",
    "program_type": "Regional Area Flip"
   }
  },
  {
   "type": "Feature",
   "geometry": {
    "type": "Point",
    "coordinates": [
     138.62662219,
     -34.5913759
    ]
   },
   "properties": {
    "name": "174 GAWLER ROAD LEWISTON 5501",
    "locID": "LOC000058734193",
    "tech": "WIRELESS",
    "upgrade": "FTTP",
    "gnaf_pid": "GASA_414959848",
    "ee": true,
    "tech_change_status": "Eligible to Order",
    "program_type": "Regional Area Flip",
    "target_eligibility_quarter": "NA"
   }
  },
  {
   "type": "Feature",
   "geometry": {
    "type": "Point",
    "coordinates": [
     138.62719854,
     -34.59136103
    ]
   },
   "properties": {
    "name": "176 GAWLER ROAD LEWISTON 5501",
    "locID": "LOC000103309477",
    "tech": "FTTP",
    "upgrade": "NULL_NA",
    "gnaf_pid": "GASA_414959849",
    "ee": true,
    "tech_change_status": "Previous Tech Disconnected",
    "program_type": "Regional Area Flip"
   }
  },
  {
   "type": "Feature",
   "geometry": {
    "type": "Point",
    "coordinates": [
     138.61310638,
     -34.6020805
    ]
   },
   "properties": {
    "name": "258 HAYMAN ROAD LEWISTON 5501",
    "locID": "LOC000049758628",
    "tech": "WIRELESS",
    "upgrade": "FTTP",
    "gnaf_pid": "GASA_414959850",
    "ee": true,
    "tech_change_status": "Eligible to Order",
    "program_type": "Regional Area Flip",
    "target_eligibility_quarter": "NA"
   }
  },
  {
   "type": "Feature",
   "geometry": {
    "type": "Point",
    "coordinates": [
     138.61369201,
     -34.6020645
    ]
   },
   "properties": {
    "name": "260 HAYMAN ROAD LEWISTON 5501",
    "locID": "LOC000010355091",
    "tech": "FTTP",
    "upgrade": "NULL_NA",
    "gnaf_pid": "GASA_414959851",
    "ee": true,
    "tech_change_status": "Eligible to Order",
    "program_type": "Regional Area Flip"
   }
  },
  {
   "type": "Feature",
   "geometry": {
    "type": "Point",
    "coordinates": [
     138.61428426,
     -34.6020483
    ]
   },
   "properties": {
    "name": "262 HAYMAN ROAD LEWISTON 5501",
    "locID": "LOC000039305226",
    "tech": "WIRELESS",
    "upgrade": "FTTP",
    "gnaf_pid": "GASA_414959852",
    "ee": true,
    "tech_change_status": "Eligible to Order",
    "program_type": "Regional Area Flip",
    "target_eligibility_quarter": "NA"
   }
  },
  {
   "type": "Feature",
   "geometry": {
    "type": "Point",
    "coordinates": [
     138.61487638,
     -34.602032
    ]
   },
   "properties": {
    "name": "264 HAYMAN ROAD LEWISTON 5501",
    "locID": "LOC000104732037",
    "tech": "FTTP",
    "upgrade": "NULL_NA",
    "gnaf_pid": "GASA_414959853",
    "ee": true,
    "tech_change_status": "Eligible to Order",
    "program_type": "Regional Area Flip"
   }
  },
  {
   "type": "Feature",
   "geometry": {
    "type": "Point",
    "coordinates": [
     138.61546526,
     -34.602016
    ]
   },
   "properties": {
    "name": "266 HAYMAN ROAD LEWISTON 5501",
    "locID": "LOC000001889525",
    "tech": "FTTP",
    "upgrade": "NULL_NA",
    "gnaf_pid": "GASA_414960668",
    "ee": true,
    "tech_change_status": "Previous Tech Disconnected",
    "program_type": "Regional Area Flip",
    "target_eligibility_quarter": "NA"
   }
  },
  {
   "type": "Feature",
   "geometry": {
    "type": "Point",
    "coordinates": [
     138.61605363,
     -34.6019997
    ]
   },
   "properties": {
    "name": "268 HAYMAN ROAD LEWISTON 5501",
    "locID": "LOC000099652240",
    "tech": "FTTP",
    "upgrade": "NULL_NA",
    "gnaf_pid": "GASA_414960669",
    "ee": true,
    "tech_change_status": "Previous Tech Disconnected",
    "program_type": "Regional Area Flip",
    "target_eligibility_quarter": "NA"
   }
  },
  {
   "type": "Feature",
   "geometry": {
    "type": "Point",
    "coordinates": [
     138.61664188,
     -34.6019836
    ]
   },
   "properties": {
    "name": "270 HAYMAN ROAD LEWISTON 5501",
    "locID": "LOC000131269220",
    "tech": "FTTP",
    "upgrade": "NULL_NA",
    "gnaf_pid": "GASA_414960670",
    "ee": true,
    "tech_change_status": "Eligible to Order",
    "program_type": "Regional Area Flip"
   }
  },
  {
   "type": "Feature",
   "geometry": {
    "type": "Point",
    "coordinates": [
     138.57508088,
     -34.597178
    ]
   },
   "properties": {
    "name": "4 GOSS ROAD LEWISTON 5501",
    "locID": "LOC000059567549",
    "tech": "FTTP",
    "upgrade": "NULL_NA",
    "gnaf_pid": "GASA_414961584",
    "ee": true,
    "tech_change_status": "Eligible to Order",
    "program_type": "Regional Area Flip"
   }
  },
  {
   "type": "Feature",
   "geometry": {
    "type": "Point",
    "coordinates": [
     138.62381351,
     -34.6018266
    ]
   },
   "properties": {
    "name": "284 HAYMAN ROAD LEWISTON 5501",
    "locID": "LOC000049594749",
    "tech": "FTTP",
    "upgrade": "NULL_NA",
    "gnaf_pid": "GASA_414963272",
    "ee": true,
    "tech_change_status": "Eligible to Order",
    "program_type": "Regional Area Flip",
    "target_eligibility_quarter": "NA"
   }
  },
  {
   "type": "Feature",
   "geometry": {
    "type": "Point",
    "coordinates": [
     138.62439101,
     -34.6018132
    ]
   },
   "properties": {
    "name": "286 HAYMAN ROAD LEWISTON 5501",
    "locID": "LOC000061918269",
    "tech": "FTTP",
    "upgrade": "NULL_NA",
    "gnaf_pid": "GASA_414963273",
    "ee": true,
    "tech_change_status": "Previous Tech Disconnected",
    "program_type": "Regional Area Flip",
    "target_eligibility_quarter": "NA"
   }
  },
  {
   "type": "Feature",
   "geometry": {
    "type": "Point",
    "coordinates": [
     138.58072951,
     -34.6132412
    ]
   },
   "properties": {
    "name": "124 DAWKINS ROAD LEWISTON 5501",
    "locID": "LOC000194671386",
    "tech": "FTTP",
    "upgrade": "NULL_NA",
    "gnaf_pid": "GASA_414963396",
    "ee": true,
    "tech_change_status": "Previous Tech Disconnected",
    "program_type": "Regional Area Flip"
   }
  },
  {
   "type": "Feature",
   "geometry": {
    "type": "Point",
    "coordinates": [
     138.57993963,
     -34.6132592
    ]
   },
   "properties": {
    "name": "122 DAWKINS ROAD LEWISTON 5501",
    "locID": "LOC000077992374",
    "tech": "FTTP",
    "upgrade": "NULL_NA",
    "gnaf_pid": "GASA_414963397",
    "ee": true,
    "tech_change_status": "Eligible to Order",
    "program_type": "Regional Area Flip"
   }
  },
  {
   "type": "Feature",
   "geometry": {
    "type": "Point",
    "coordinates": [
     138.62842926,
     -34.610452
    ]
   },
   "properties": {
    "name": "283 DAWKINS ROAD LEWISTON 5501",
    "locID": "LOC000037186433",
    "tech": "FTTP",
    "upgrade": "NULL_NA",
    "gnaf_pid": "GASA_414963398",
    "ee": true,
    "tech_change_status": "Eligible to Order",
    "program_type": "Regional Area Flip"
   }
  },
  {
   "type": "Feature",
   "geometry": {
    "type": "Point",
    "coordinates": [
     138.58348272,
     -34.61325631
    ]
   },
   "properties": {
    "name": "130 DAWKINS ROAD LEWISTON 5501",
    "locID": "LOC000100665292",
    "tech": "WIRELESS",
    "upgrade": "FTTP",
    "gnaf_pid": "GASA_414965154",
    "ee": true,
    "tech_change_status": "Eligible to Order",
    "program_type": "Regional Area Flip",
    "target_eligibility_quarter": "NA"
   }
  },
  {
   "type": "Feature",
   "geometry": {
    "type": "Point",
    "coordinates": [
     138.56895577,
     -34.59984693
    ]
   },
   "properties": {
    "name": "80 FROST ROAD LEWISTON 5501",
    "locID": "LOC000131319801",
    "tech": "FTTP",
    "upgrade": "NULL_NA",
    "gnaf_pid": "GASA_414965714",
    "ee": true,
    "tech_change_status": "Eligible to Order",
    "program_type": "Regional Area Flip"
   }
  },
  {
   "type": "Feature",
   "geometry": {
    "type": "Point",
    "coordinates": [
     138.56897476,
     -34.6003587
    ]
   },
   "properties": {
    "name": "78 FROST ROAD LEWISTON 5501",
    "locID": "LOC000131315347",
    "tech": "FTTP",
    "upgrade": "NULL_NA",
    "gnaf_pid": "GASA_414965715",
    "ee": true,
    "tech_change_status": "Eligible to Order",
    "program_type": "Regional Area Flip"
   }
  },
  {
   "type": "Feature",
   "geometry": {
    "type": "Point",
    "coordinates": [
     138.56899364,
     -34.60087069
    ]
   },
   "properties": {
    "name": "76 FROST ROAD LEWISTON 5501",
    "locID": "LOC000131315296",
    "tech": "WIRELESS",
    "upgrade": "FTTP",
    "gnaf_pid": "GASA_414965716",
    "ee": true,
    "tech_change_status": "Eligible to Order",
    "program_type": "Regional Area Flip",
    "target_eligibility_quarter": "NA"
   }
  },
  {
   "type": "Feature",
   "geometry": {
    "type": "Point",
    "coordinates": [
     138.58724276,
     -34.6130415
    ]
   },
   "properties": {
    "name": "140A DAWKINS ROAD LEWISTON 5501",
    "locID": "LOC000052625272",
    "tech": "FTTP",
    "upgrade": "NULL_NA",
    "gnaf_pid": "GASA_414966427",
    "ee": true,
    "tech_change_status": "Eligible to Order",
    "program_type": "Regional Area Flip"
   }
  },
  {
   "type": "Feature",
   "geometry": {
    "type": "Point",
    "coordinates": [
     138.58725592,
     -34.61495309
    ]
   },
   "properties": {
    "name": "140 DAWKINS ROAD LEWISTON 5501",
    "locID": "LOC000052477373",
    "tech": "FTTP",
    "upgrade": "NULL_NA",
    "gnaf_pid": "GASA_414966428",
    "ee": true,
    "tech_change_status": "Eligible to Order",
    "program_type": "Regional Area Flip"
   }
  },
  {
   "type": "Feature",
   "geometry": {
    "type": "Point",
    "coordinates": [
     138.58175201,
     -34.613089
    ]
   },
   "properties": {
    "name": "126 DAWKINS ROAD LEWISTON 5501",
    "locID": "LOC000131305696",
    "tech": "WIRELESS",
    "upgrade": "FTTP",
    "gnaf_pid": "GASA_414967676",
    "ee": true,
    "tech_change_status": "Eligible to Order",
    "program_type": "Regional Area Flip",
    "target_eligibility_quarter": "NA"
   }
  },
  {
   "type": "Feature",
   "geometry": {
    "type": "Point",
    "coordinates": [
     138.58259913,
     -34.6130681
    ]
   },
   "properties": {
    "name": "128 DAWKINS ROAD LEWISTON 5501",
    "locID": "LOC000085998686",
    "tech": "FTTP",
    "upgrade": "NULL_NA",
    "gnaf_pid": "GASA_414967677",
    "ee": true,
    "tech_change_status": "Eligible to Order",
    "program_type": "Regional Area Flip"
   }
  },
  {
   "type": "Feature",
   "geometry": {
    "type": "Point",
    "coordinates": [
     138.58650501,
     -34.6130785
    ]
   },
   "properties": {
    "name": "138A DAWKINS ROAD LEWISTON 5501",
    "locID": "LOC000071781862",
    "tech": "FTTP",
    "upgrade": "NULL_NA",
    "gnaf_pid": "GASA_414968170",
    "ee": true,
    "tech_change_status": "Eligible to Order",
    "program_type": "Regional Area Flip"
   }
  },
  {
   "type": "Feature",
   "geometry": {
    "type": "Point",
    "coordinates": [
     138.58784276,
     -34.6115913
    ]
   },
   "properties": {
    "name": "157 DAWKINS ROAD LEWISTON 5501",
    "locID": "LOC000037032041",
    "tech": "FTTP",
    "upgrade": "NULL_NA",
    "gnaf_pid": "GASA_414968387",
    "ee": true,
    "tech_change_status": "Eligible to Order",
    "program_type": "Regional Area Flip"
   }
  },
  {
   "type": "Feature",
   "geometry": {
    "type": "Point",
    "coordinates": [
     138.58870963,
     -34.6115713
    ]
   },
   "properties": {
    "name": "163 DAWKINS ROAD LEWISTON 5501",
    "locID": "LOC000077784523",
    "tech": "FTTP",
    "upgrade": "NULL_NA",
    "gnaf_pid": "GASA_414968388",
    "ee": true,
    "tech_change_status": "Previous Tech Disconnected",
    "program_type": "Regional Area Flip",
    "target_eligibility_quarter": "NA"
   }
  },
  {
   "type": "Feature",
   "geometry": {
    "type": "Point",
    "coordinates": [
     138.58787103,
     -34.61041664
    ]
   },
   "properties": {
    "name": "159 DAWKINS ROAD LEWISTON 5501",
    "locID": "LOC000059235739",
    "tech": "FTTP",
    "upgrade": "NULL_NA",
    "gnaf_pid": "GASA_414968390",
    "ee": true,
    "tech_change_status": "Previous Tech Disconnected",
    "program_type": "Regional Area Flip",
    "target_eligibility_quarter": "NA"
   }
  },
  {
   "type": "Feature",
   "geometry": {
    "type": "Point",
    "coordinates": [
     138.6131136,
     -34.61066233
    ]
   },
   "properties": {
    "name": "233 DAWKINS ROAD LEWISTON 5501",
    "locID": "LOC000010429867",
    "tech": "FTTP",
    "upgrade": "NULL_NA",
    "gnaf_pid": "GASA_414968700",
    "ee": true,
    "tech_change_status": "Previous Tech Disconnected",
    "program_type": "Regional Area Flip",
    "target_eligibility_quarter": "NA"
   }
  },
  {
   "type": "Feature",
   "geometry": {
    "type": "Point",
    "coordinates": [
     138.61723376,
     -34.6019675
    ]
   },
   "properties": {
    "name": "272 HAYMAN ROAD LEWISTON 5501",
    "locID": "LOC000109209541",
    "tech": "FTTP",
    "upgrade": "NULL_NA",
    "gnaf_pid": "GASA_414970542",
    "ee": true,
    "tech_change_status": "Eligible to Order",
    "program_type": "Regional Area Flip",
    "target_eligibility_quarter": "NA"
   }
  },
  {
   "type": "Feature",
   "geometry": {
    "type": "Point",
    "coordinates": [
     138.61788513,
     -34.6019496
    ]
   },
   "properties": {
    "name": "274 HAYMAN ROAD LEWISTON 5501",
    "locID": "LOC000131269254",
    "tech": "FTTP",
    "upgrade": "NULL_NA",
    "gnaf_pid": "GASA_414970543",
    "ee": true,
    "tech_change_status": "Eligible to Order",
    "program_type": "Regional Area Flip"
   }
  },
  {
   "type": "Feature",
   "geometry": {
    "type": "Point",
    "coordinates": [
     138.62138476,
     -34.6018831
    ]
   },
   "properties": {
    "name": "276 HAYMAN ROAD LEWISTON 5501",
    "locID": "LOC000024211379",
    "tech": "FTTP",
    "upgrade": "NULL_NA",
    "gnaf_pid": "GASA_414970544",
    "ee": true,
    "tech_change_status": "Previous Tech Disconnected",
    "program_type": "Regional Area Flip"
   }
  },
  {
   "type": "Feature",
   "geometry": {
    "type": "Point",
    "coordinates": [
     138.62207876,
     -34.601867
    ]
   },
   "properties": {
    "name": "278 HAYMAN ROAD LEWISTON 5501",
    "locID": "LOC000033383219",
    "tech": "FTTP",
    "upgrade": "NULL_NA",
    "gnaf_pid": "GASA_414970545",
    "ee": true,
    "tech_change_status": "Previous Tech Disconnected",
    "program_type": "Regional Area Flip",
    "target_eligibility_quarter": "NA"
   }
  },
  {
   "type": "Feature",
   "geometry": {
    "type": "Point",
    "coordinates": [
     138.62265926,
     -34.6018535
    ]
   },
   "properties": {
    "name": "280 HAYMAN ROAD LEWISTON 5501",
    "locID": "LOC000043176803",
    "tech": "FTTP",
    "upgrade": "NULL_NA",
    "gnaf_pid": "GASA_414970546",
    "ee": true,
    "tech_change_status": "Eligible to Order",
    "program_type": "Regional Area Flip"
   }
  },
  {
   "type": "Feature",
   "geometry": {
    "type": "Point",
    "coordinates": [
     138.62323513,
     -34.60184
    ]
   },
   "properties": {
    "name": "282 HAYMAN ROAD LEWISTON 5501",
    "locID": "LOC000095215020",
    "tech": "FTTP",
    "upgrade": "NULL_NA",
    "gnaf_pid": "GASA_414970547",
    "ee": true,
    "tech_change_status": "Eligible to Order",
    "program_type": "Regional Area Flip"
   }
  },
  {
   "type": "Feature",
   "geometry": {
    "type": "Point",
    "coordinates": [
     138.62496463,
     -34.6017997
    ]
   },
   "properties": {
    "name": "288 HAYMAN ROAD LEWISTON 5501",
    "locID": "LOC000047156062",
    "tech": "FTTP",
    "upgrade": "NULL_NA",
    "gnaf_pid": "GASA_414972932",
    "ee": true,
    "tech_change_status": "Eligible to Order",
    "program_type": "Regional Area Flip"
   }
  },
  {
   "type": "Feature",
   "geometry": {
    "type": "Point",
    "coordinates": [
     138.62554713,
     -34.6017862
    ]
   },
   "properties": {
    "name": "290 HAYMAN ROAD LEWISTON 5501",
    "locID": "LOC000096558278",
    "tech": "FTTP",
    "upgrade": "NULL_NA",
    "gnaf_pid": "GASA_414972933",
    "ee": true,
    "tech_change_status": "Eligible to Order",
    "program_type": "Regional Area Flip"
   }
  },
  {
   "type": "Feature",
   "geometry": {
    "type": "Point",
    "coordinates": [
     138.62612226,
     -34.6017728
    ]
   },
   "properties": {
    "name": "292 HAYMAN ROAD LEWISTON 5501",
    "locID": "LOC000004265867",
    "tech": "FTTP",
    "upgrade": "NULL_NA",
    "gnaf_pid": "GASA_414972934",
    "ee": true,
    "tech_change_status": "Previous Tech Disconnected",
    "program_type": "Regional Area Flip"
   }
  },
  {
   "type": "Feature",
   "geometry": {
    "type": "Point",
    "coordinates": [
     138.62670101,
     -34.6017593
    ]
   },
   "properties": {
    "name": "294 HAYMAN ROAD LEWISTON 5501",
    "locID": "LOC000052978929",
    "tech": "FTTP",
    "upgrade": "NULL_NA",
    "gnaf_pid": "GASA_414972935",
    "ee": true,
    "tech_change_status": "Previous Tech Disconnected",
    "program_type": "Regional Area Flip",
    "target_eligibility_quarter": "NA"
   }
  },
  {
   "type": "Feature",
   "geometry": {
    "type": "Point",
    "coordinates": [
     138.62727963,
     -34.6017458
    ]
   },
   "properties": {
    "name": "296 HAYMAN ROAD LEWISTON 5501",
    "locID": "LOC000072664610",
    "tech": "WIRELESS",
    "upgrade": "FTTP",
    "gnaf_pid": "GASA_414972936",
    "ee": true,
    "tech_change_status": "Eligible to Order",
    "program_type": "Regional Area Flip",
    "target_eligibility_quarter": "NA"
   }
  },
  {
   "type": "Feature",
   "geometry": {
    "type": "Point",
    "coordinates": [
     138.62786088,
     -34.6017322
    ]
   },
   "properties": {
    "name": "298 HAYMAN ROAD LEWISTON 5501",
    "locID": "LOC000034143834",
    "tech": "FTTP",
    "upgrade": "NULL_NA",
    "gnaf_pid": "GASA_414972937",
    "ee": true,
    "tech_change_status": "Eligible to Order",
    "program_type": "Regional Area Flip"
   }
  },
  {
   "type": "Feature",
   "geometry": {
    "type": "Point",
    "coordinates": [
     138.62843976,
     -34.6017188
    ]
   },
   "properties": {
    "name": "300 HAYMAN ROAD LEWISTON 5501",
    "locID": "LOC000047894278",
    "tech": "WIRELESS",
    "upgrade": "FTTP",
    "gnaf_pid": "GASA_414972938",
    "ee": true,
    "tech_change_status": "Eligible to Order",
    "program_type": "Regional Area Flip",
    "target_eligibility_quarter": "NA"
   }
  },
  {
   "type": "Feature",
   "geometry": {
    "type": "Point",
    "coordinates": [
     138.62902413,
     -34.6017052
    ]
   },
   "properties": {
    "name": "302 HAYMAN ROAD LEWISTON 5501",
    "locID": "LOC000024204931",
    "tech": "FTTP",
    "upgrade": "NULL_NA",
    "gnaf_pid": "GASA_414972939",
    "ee": true,
    "tech_change_status": "Previous Tech Disconnected",
    "program_type": "Regional Area Flip"
   }
  },
  {
   "type": "Feature",
   "geometry": {
    "type": "Point",
    "coordinates": [
     138.58424824,
     -34.61156092
    ]
   },
   "properties": {
    "name": "147 DAWKINS ROAD LEWISTON 5501",
    "locID": "LOC000053820241",
    "tech": "WIRELESS",
    "upgrade": "FTTP",
    "gnaf_pid": "GASA_414973266",
    "ee": true,
    "tech_change_status": "Eligible to Order",
    "program_type": "Regional Area Flip",
    "target_eligibility_quarter": "NA"
   }
  },
  {
   "type": "Feature",
   "geometry": {
    "type": "Point",
    "coordinates": [
     138.57902051,
     -34.5984806
    ]
   },
   "properties": {
    "name": "69 BETHESDA ROAD LEWISTON 5501",
    "locID": "LOC000085744258",
    "tech": "WIRELESS",
    "upgrade": "FTTP",
    "gnaf_pid": "GASA_414976733",
    "ee": true,
    "tech_change_status": "Eligible to Order",
    "program_type": "Regional Area Flip",
    "target_eligibility_quarter": "NA"
   }
  },
  {
   "type": "Feature",
   "geometry": {
    "type": "Point",
    "coordinates": [
     138.57904438,
     -34.5991228
    ]
   },
   "properties": {
    "name": "67 BETHESDA ROAD LEWISTON 5501",
    "locID": "LOC000082104999",
    "tech": "FTTP",
    "upgrade": "NULL_NA",
    "gnaf_pid": "GASA_414976734",
    "ee": true,
    "tech_change_status": "Previous Tech Disconnected",
    "program_type": "Regional Area Flip",
    "target_eligibility_quarter": "NA"
   }
  },
  {
   "type": "Feature",
   "geometry": {
    "type": "Point",
    "coordinates": [
     138.60246513,
     -34.6004202
    ]
   },
   "properties": {
    "name": "245 HAYMAN ROAD LEWISTON 5501",
    "locID": "LOC000001877455",
    "tech": "FTTP",
    "upgrade": "NULL_NA",
    "gnaf_pid": "GASA_414977246",
    "ee": true,
    "tech_change_status": "Previous Tech Disconnected",
    "program_type": "Regional Area Flip",
    "target_eligibility_quarter": "NA"
   }
  },
  {
   "type": "Feature",
   "geometry": {
    "type": "Point",
    "coordinates": [
     138.60192076,
     -34.6004363
    ]
   },
   "properties": {
    "name": "243 HAYMAN ROAD LEWISTON 5501",
    "locID": "LOC000016727524",
    "tech": "WIRELESS",
    "upgrade": "FTTP",
    "gnaf_pid": "GASA_414977247",
    "ee": true,
    "tech_change_status": "Eligible to Order",
    "program_type": "Regional Area Flip",
    "target_eligibility_quarter": "NA"
   }
  },
  {
   "type": "Feature",
   "geometry": {
    "type": "Point",
    "coordinates": [
     138.60137288,
     -34.6004525
    ]
   },
   "properties": {
    "name": "241 HAYMAN ROAD LEWISTON 5501",
    "locID": "LOC000021675606",
    "tech": "FTTP",
    "upgrade": "NULL_NA",
    "gnaf_pid": "GASA_414977248",
    "ee": true,
    "tech_change_status": "Eligible to Order",
    "program_type": "Regional Area Flip"
   }
  },
  {
   "type": "Feature",
   "geometry": {
    "type": "Point",
    "coordinates": [
     138.60082926,
     -34.6004686
    ]
   },
   "properties": {
    "name": "239 HAYMAN ROAD LEWISTON 5501",
    "locID": "LOC000085782639",
    "tech": "WIRELESS",
    "upgrade": "FTTP",
    "gnaf_pid": "GASA_414977249",
    "ee": true,
    "tech_change_status": "Eligible to Order",
    "program_type": "Regional Area Flip",
    "target_eligibility_quarter": "NA"
   }
  },
  {
   "type": "Feature",
   "geometry": {
    "type": "Point",
    "coordinates": [
     138.58125738,
     -34.59343616
    ]
   },
   "properties": {
    "name": "96 BETHESDA ROAD LEWISTON 5501",
    "locID": "LOC000036406218",
    "tech": "FTTP",
    "upgrade": "NULL_NA",
    "gnaf_pid": "GASA_414978116",
    "ee": true,
    "tech_change_status": "Previous Tech Disconnected",
    "program_type": "Regional Area Flip"
   }
  },
  {
   "type": "Feature",
   "geometry": {
    "type": "Point",
    "coordinates": [
     138.58135826,
     -34.5940101
    ]
   },
   "properties": {
    "name": "94 BETHESDA ROAD LEWISTON 5501",
    "locID": "LOC000073648760",
    "tech": "FTTP",
    "upgrade": "NULL_NA",
    "gnaf_pid": "GASA_414978117",
    "ee": true,
    "tech_change_status": "Eligible to Order",
    "program_type": "Regional Area Flip"
   }
  },
  {
   "type": "Feature",
   "geometry": {
    "type": "Point",
    "coordinates": [
     138.58137801,
     -34.5945492
    ]
   },
   "properties": {
    "name": "92 BETHESDA ROAD LEWISTON 5501",
    "locID": "LOC000060670553",
    "tech": "WIRELESS",
    "upgrade": "FTTP",
    "gnaf_pid": "GASA_414978118",
    "ee": true,
    "tech_change_status": "Eligible to Order",
    "program_type": "Regional Area Flip",
    "target_eligibility_quarter": "NA"
   }
  },
  {
   "type": "Feature",
   "geometry": {
    "type": "Point",
    "coordinates": [
     138.58139776,
     -34.59509
    ]
   },
   "properties": {
    "name": "90 BETHESDA ROAD LEWISTON 5501",
    "locID": "LOC000030214259",
    "tech": "WIRELESS",
    "upgrade": "FTTP",
    "gnaf_pid": "GASA_414978119",
    "ee": true,
    "tech_change_status": "Eligible to Order",
    "program_type": "Regional Area Flip",
    "target_eligibility_quarter": "NA"
   }
  },
  {
   "type": "Feature",
   "geometry": {
    "type": "Point",
    "coordinates": [
     138.58141763,
     -34.5956321
    ]
   },
   "properties": {
    "name": "88 BETHESDA ROAD LEWISTON 5501",
    "locID": "LOC000064215203",
    "tech": "FTTP",
    "upgrade": "NULL_NA",
    "gnaf_pid": "GASA_414978120",
    "ee": true,
    "tech_change_status": "Previous Tech Disconnected",
    "program_type": "Regional Area Flip"
   }
  },
  {
   "type": "Feature",
   "geometry": {
    "type": "Point",
    "coordinates": [
     138.58143738,
     -34.5961732
    ]
   },
   "properties": {
    "name": "86 BETHESDA ROAD LEWISTON 5501",
    "locID": "LOC000011677427",
    "tech": "FTTP",
    "upgrade": "NULL_NA",
    "gnaf_pid": "GASA_414978121",
    "ee": true,
    "tech_change_status": "Previous Tech Disconnected",
    "program_type": "Regional Area Flip"
   }
  },
  {
   "type": "Feature",
   "geometry": {
    "type": "Point",
    "coordinates": [
     138.58145713,
     -34.596714
    ]
   },
   "properties": {
    "name": "84 BETHESDA ROAD LEWISTON 5501",
    "locID": "LOC000030315014",
    "tech": "FTTP",
    "upgrade": "NULL_NA",
    "gnaf_pid": "GASA_414978122",
    "ee": true,
    "tech_change_status": "Eligible to Order",
    "program_type": "Regional Area Flip"
   }
  },
  {
   "type": "Feature",
   "geometry": {
    "type": "Point",
    "coordinates": [
     138.58148401,
     -34.5973916
    ]
   },
   "properties": {
    "name": "82 BETHESDA ROAD LEWISTON 5501",
    "locID": "LOC000009275298",
    "tech": "WIRELESS",
    "upgrade": "FTTP",
    "gnaf_pid": "GASA_414978123",
    "ee": true,
    "tech_change_status": "Eligible to Order",
    "program_type": "Regional Area Flip",
    "target_eligibility_quarter": "NA"
   }
  },
  {
   "type": "Feature",
   "geometry": {
    "type": "Point",
    "coordinates": [
     138.58150363,
     -34.5979302
    ]
   },
   "properties": {
    "name": "80 BETHESDA ROAD LEWISTON 5501",
    "locID": "LOC000069832173",
    "tech": "FTTP",
    "upgrade": "NULL_NA",
    "gnaf_pid": "GASA_414978124",
    "ee": true,
    "tech_change_status": "Eligible to Order",
    "program_type": "Regional Area Flip",
    "target_eligibility_quarter": "NA"
   }
  },
  {
   "type": "Feature",
   "geometry": {
    "type": "Point",
    "coordinates": [
     138.58152388,
     -34.598472
    ]
   },
   "properties": {
    "name": "78 BETHESDA ROAD LEWISTON 5501",
    "locID": "LOC000043705823",
    "tech": "WIRELESS",
    "upgrade": "FTTP",
    "gnaf_pid": "GASA_414978125",
    "ee": true,
    "tech_change_status": "Eligible to Order",
    "program_type": "Regional Area Flip",
    "target_eligibility_quarter": "NA"
   }
  },
  {
   "type": "Feature",
   "geometry": {
    "type": "Point",
    "coordinates": [
     138.62035938,
     -34.6096682
    ]
   },
   "properties": {
    "name": "2 FLETCHER ROAD LEWISTON 5501",
    "locID": "LOC000087636266",
    "tech": "FTTP",
    "upgrade": "NULL_NA",
    "gnaf_pid": "GASA_414978201",
    "ee": true,
    "tech_change_status": "Previous Tech Disconnected",
    "program_type": "Regional Area Flip",
    "target_eligibility_quarter": "NA"
   }
  },
  {
   "type": "Feature",
   "geometry": {
    "type": "Point",
    "coordinates": [
     138.59018274,
     -34.6100089
    ]
   },
   "properties": {
    "name": "167 DAWKINS ROAD LEWISTON 5501",
    "locID": "LOC000106622278",
    "tech": "WIRELESS",
    "upgrade": "FTTP",
    "gnaf_pid": "GASA_414979995",
    "ee": true,
    "tech_change_status": "New Tech Connected",
    "program_type": "Regional Area Flip",
    "target_eligibility_quarter": "NA"
   }
  },
  {
   "type": "Feature",
   "geometry": {
    "type": "Point",
    "coordinates": [
     138.58154413,
     -34.5990143
    ]
   },
   "properties": {
    "name": "76 BETHESDA ROAD LEWISTON 5501",
    "locID": "LOC000021783010",
    "tech": "WIRELESS",
    "upgrade": "FTTP",
    "gnaf_pid": "GASA_414980149",
    "ee": true,
    "tech_change_status": "Eligible to Order",
    "program_type": "Regional Area Flip",
    "target_eligibility_quarter": "NA"
   }
  },
  {
   "type": "Feature",
   "geometry": {
    "type": "Point",
    "coordinates": [
     138.58157426,
     -34.5996921
    ]
   },
   "properties": {
    "name": "74 BETHESDA ROAD LEWISTON 5501",
    "locID": "LOC000059408674",
    "tech": "FTTP",
    "upgrade": "NULL_NA",
    "gnaf_pid": "GASA_414980150",
    "ee": true,
    "tech_change_status": "Eligible to Order",
    "program_type": "Regional Area Flip"
   }
  },
  {
   "type": "Feature",
   "geometry": {
    "type": "Point",
    "coordinates": [
     138.58159588,
     -34.60023
    ]
   },
   "properties": {
    "name": "72 BETHESDA ROAD LEWISTON 5501",
    "locID": "LOC000013397596",
    "tech": "FTTP",
    "upgrade": "NULL_NA",
    "gnaf_pid": "GASA_414980151",
    "ee": true,
    "tech_change_status": "Previous Tech Disconnected",
    "program_type": "Regional Area Flip",
    "target_eligibility_quarter": "NA"
   }
  },
  {
   "type": "Feature",
   "geometry": {
    "type": "Point",
    "coordinates": [
     138.59459013,
     -34.6071036
    ]
   },
   "properties": {
    "name": "36 PEDERICK ROAD LEWISTON 5501",
    "locID": "LOC000024230230",
    "tech": "FTTP",
    "upgrade": "NULL_NA",
    "gnaf_pid": "GASA_414980302",
    "ee": true,
    "tech_change_status": "Eligible to Order",
    "program_type": "Regional Area Flip"
   }
  },
  {
   "type": "Feature",
   "geometry": {
    "type": "Point",
    "coordinates": [
     138.59460876,
     -34.6076126
    ]
   },
   "properties": {
    "name": "34 PEDERICK ROAD LEWISTON 5501",
    "locID": "LOC000051240089",
    "tech": "FTTP",
    "upgrade": "NULL_NA",
    "gnaf_pid": "GASA_414980303",
    "ee": true,
    "tech_change_status": "Previous Tech Disconnected",
    "program_type": "Regional Area Flip",
    "target_eligibility_quarter": "NA"
   }
  },
  {
   "type": "Feature",
   "geometry": {
    "type": "Point",
    "coordinates": [
     138.59288226,
     -34.6091895
    ]
   },
   "properties": {
    "name": "49 PEDERICK ROAD LEWISTON 5501",
    "locID": "LOC000078585646",
    "tech": "WIRELESS",
    "upgrade": "FTTP",
    "gnaf_pid": "GASA_414980695",
    "ee": true,
    "tech_change_status": "Eligible to Order",
    "program_type": "Regional Area Flip",
    "target_eligibility_quarter": "NA"
   }
  },
  {
   "type": "Feature",
   "geometry": {
    "type": "Point",
    "coordinates": [
     138.59280434,
     -34.60531846
    ]
   },
   "properties": {
    "name": "53 PEDERICK ROAD LEWISTON 5501",
    "locID": "LOC000035968344",
    "tech": "FTTP",
    "upgrade": "NULL_NA",
    "gnaf_pid": "GASA_414980696",
    "ee": true,
    "tech_change_status": "Previous Tech Disconnected",
    "program_type": "Regional Area Flip",
    "target_eligibility_quarter": "NA"
   }
  },
  {
   "type": "Feature",
   "geometry": {
    "type": "Point",
    "coordinates": [
     138.59285377,
     -34.60845742
    ]
   },
   "properties": {
    "name": "51 PEDERICK ROAD LEWISTON 5501",
    "locID": "LOC000062408055",
    "tech": "WIRELESS",
    "upgrade": "FTTP",
    "gnaf_pid": "GASA_414980697",
    "ee": true,
    "tech_change_status": "Eligible to Order",
    "program_type": "Regional Area Flip",
    "target_eligibility_quarter": "NA"
   }
  },
  {
   "type": "Feature",
   "geometry": {
    "type": "Point",
    "coordinates": [
     138.57629663,
     -34.601283
    ]
   },
   "properties": {
    "name": "169 HAYMAN ROAD LEWISTON 5501",
    "locID": "LOC000053323820",
    "tech": "FTTP",
    "upgrade": "NULL_NA",
    "gnaf_pid": "GASA_414981449",
    "ee": true,
    "tech_change_status": "Previous Tech Disconnected",
    "program_type": "Regional Area Flip",
    "target_eligibility_quarter": "NA"
   }
  },
  {
   "type": "Feature",
   "geometry": {
    "type": "Point",
    "coordinates": [
     138.58570318,
     -34.59238468
    ]
   },
   "properties": {
    "name": "96 GAWLER ROAD LEWISTON 5501",
    "locID": "LOC000081759255",
    "tech": "FTTP",
    "upgrade": "NULL_NA",
    "gnaf_pid": "GASA_414981651",
    "ee": true,
    "tech_change_status": "Eligible to Order",
    "program_type": "Regional Area Flip"
   }
  },
  {
   "type": "Feature",
   "geometry": {
    "type": "Point",
    "coordinates": [
     138.58654312,
     -34.59236304
    ]
   },
   "properties": {
    "name": "98 GAWLER ROAD LEWISTON 5501",
    "locID": "LOC000093726234",
    "tech": "FTTP",
    "upgrade": "NULL_NA",
    "gnaf_pid": "GASA_414981652",
    "ee": true,
    "tech_change_status": "Eligible to Order",
    "program_type": "Regional Area Flip"
   }
  },
  {
   "type": "Feature",
   "geometry": {
    "type": "Point",
    "coordinates": [
     138.60699626,
     -34.5912001
    ]
   },
   "properties": {
    "name": "64 AUNGER ROAD LEWISTON 5501",
    "locID": "LOC000053021680",
    "tech": "FTTP",
    "upgrade": "NULL_NA",
    "gnaf_pid": "GASA_414984449",
    "ee": true,
    "tech_change_status": "Previous Tech Disconnected",
    "program_type": "Regional Area Flip",
    "target_eligibility_quarter": "NA"
   }
  },
  {
   "type": "Feature",
   "geometry": {
    "type": "Point",
    "coordinates": [
     138.60718213,
     -34.596749
    ]
   },
   "properties": {
    "name": "46 AUNGER ROAD LEWISTON 5501",
    "locID": "LOC000025807338",
    "tech": "FTTP",
    "upgrade": "NULL_NA",
    "gnaf_pid": "GASA_414984450",
    "ee": true,
    "tech_change_status": "Previous Tech Disconnected",
    "program_type": "Regional Area Flip",
    "target_eligibility_quarter": "NA"
   }
  },
  {
   "type": "Feature",
   "geometry": {
    "type": "Point",
    "coordinates": [
     138.60719751,
     -34.5972
    ]
   },
   "properties": {
    "name": "44 AUNGER ROAD LEWISTON 5501",
    "locID": "LOC000035202213",
    "tech": "WIRELESS",
    "upgrade": "FTTP",
    "gnaf_pid": "GASA_414984451",
    "ee": true,
    "tech_change_status": "Eligible to Order",
    "program_type": "Regional Area Flip",
    "target_eligibility_quarter": "NA"
   }
  },
  {
   "type": "Feature",
   "geometry": {
    "type": "Point",
    "coordinates": [
     138.60721276,
     -34.597652
    ]
   },
   "properties": {
    "name": "42 AUNGER ROAD LEWISTON 5501",
    "locID": "LOC000064586503",
    "tech": "WIRELESS",
    "upgrade": "FTTP",
    "gnaf_pid": "GASA_414984452",
    "ee": true,
    "tech_change_status": "Eligible to Order",
    "program_type": "Regional Area Flip",
    "target_eligibility_quarter": "NA"
   }
  },
  {
   "type": "Feature",
   "geometry": {
    "type": "Point",
    "coordinates": [
     138.60722813,
     -34.5981048
    ]
   },
   "properties": {
    "name": "40 AUNGER ROAD LEWISTON 5501",
    "locID": "LOC000084683150",
    "tech": "FTTP",
    "upgrade": "NULL_NA",
    "gnaf_pid": "GASA_414984453",
    "ee": true,
    "tech_change_status": "Eligible to Order",
    "program_type": "Regional Area Flip"
   }
  },
  {
   "type": "Feature",
   "geometry": {
    "type": "Point",
    "coordinates": [
     138.60724351,
     -34.5985587
    ]
   },
   "properties": {
    "name": "38 AUNGER ROAD LEWISTON 5501",
    "locID": "LOC000060623007",
    "tech": "FTTP",
    "upgrade": "NULL_NA",
    "gnaf_pid": "GASA_414984454",
    "ee": true,
    "tech_change_status": "Previous Tech Disconnected",
    "program_type": "Regional Area Flip",
    "target_eligibility_quarter": "NA"
   }
  },
  {
   "type": "Feature",
   "geometry": {
    "type": "Point",
    "coordinates": [
     138.60725888,
     -34.599012
    ]
   },
   "properties": {
    "name": "36 AUNGER ROAD LEWISTON 5501",
    "locID": "LOC000043605240",
    "tech": "FTTP",
    "upgrade": "NULL_NA",
    "gnaf_pid": "GASA_414984455",
    "ee": true,
    "tech_change_status": "Previous Tech Disconnected",
    "program_type": "Regional Area Flip"
   }
  },
  {
   "type": "Feature",
   "geometry": {
    "type": "Point",
    "coordinates": [
     138.61667538,
     -34.6092692
    ]
   },
   "properties": {
    "name": "6 ERINA COURT LEWISTON 5501",
    "locID": "LOC000042859769",
    "tech": "FTTP",
    "upgrade": "NULL_NA",
    "gnaf_pid": "GASA_414984526",
    "ee": true,
    "tech_change_status": "Previous Tech Disconnected",
    "program_type": "Regional Area Flip"
   }
  },
  {
   "type": "Feature",
   "geometry": {
    "type": "Point",
    "coordinates": [
     138.61723788,
     -34.6092575
    ]
   },
   "properties": {
    "name": "4 ERINA COURT LEWISTON 5501",
    "locID": "LOC000075170076",
    "tech": "WIRELESS",
    "upgrade": "FTTP",
    "gnaf_pid": "GASA_414984527",
    "ee": true,
    "tech_change_status": "Eligible to Order",
    "program_type": "Regional Area Flip",
    "target_eligibility_quarter": "NA"
   }
  },
  {
   "type": "Feature",
   "geometry": {
    "type": "Point",
    "coordinates": [
     138.61783876,
     -34.609245
    ]
   },
   "properties": {
    "name": "2 ERINA COURT LEWISTON 5501",
    "locID": "LOC000082133671",
    "tech": "FTTP",
    "upgrade": "NULL_NA",
    "gnaf_pid": "GASA_414984528",
    "ee": true,
    "tech_change_status": "Eligible to Order",
    "program_type": "Regional Area Flip"
   }
  },
  {
   "type": "Feature",
   "geometry": {
    "type": "Point",
    "coordinates": [
     138.60727413,
     -34.599465
    ]
   },
   "properties": {
    "name": "34 AUNGER ROAD LEWISTON 5501",
    "locID": "LOC000047145898",
    "tech": "FTTP",
    "upgrade": "NULL_NA",
    "gnaf_pid": "GASA_414984589",
    "ee": true,
    "tech_change_status": "Previous Tech Disconnected",
    "program_type": "Regional Area Flip"
   }
  },
  {
   "type": "Feature",
   "geometry": {
    "type": "Point",
    "coordinates": [
     138.60728926,
     -34.5999113
    ]
   },
   "properties": {
    "name": "32 AUNGER ROAD LEWISTON 5501",
    "locID": "LOC000057265835",
    "tech": "FTTP",
    "upgrade": "NULL_NA",
    "gnaf_pid": "GASA_414984590",
    "ee": true,
    "tech_change_status": "Previous Tech Disconnected",
    "program_type": "Regional Area Flip",
    "target_eligibility_quarter": "NA"
   }
  },
  {
   "type": "Feature",
   "geometry": {
    "type": "Point",
    "coordinates": [
     138.60696927,
     -34.60061015
    ]
   },
   "properties": {
    "name": "259 HAYMAN ROAD LEWISTON 5501",
    "locID": "LOC000039295307",
    "tech": "FTTP",
    "upgrade": "NULL_NA",
    "gnaf_pid": "GASA_414984591",
    "ee": true,
    "tech_change_status": "Eligible to Order",
    "program_type": "Regional Area Flip"
   }
  },
  {
   "type": "Feature",
   "geometry": {
    "type": "Point",
    "coordinates": [
     138.60701088,
     -34.5916647
    ]
   },
   "properties": {
    "name": "62 AUNGER ROAD LEWISTON 5501",
    "locID": "LOC000095586572",
    "tech": "FTTP",
    "upgrade": "NULL_NA",
    "gnaf_pid": "GASA_414984592",
    "ee": true,
    "tech_change_status": "Eligible to Order",
    "program_type": "Regional Area Flip",
    "target_eligibility_quarter": "NA"
   }
  },
  {
   "type": "Feature",
   "geometry": {
    "type": "Point",
    "coordinates": [
     138.60702651,
     -34.5921226
    ]
   },
   "properties": {
    "name": "60 AUNGER ROAD LEWISTON 5501",
    "locID": "LOC000097303288",
    "tech": "WIRELESS",
    "upgrade": "FTTP",
    "gnaf_pid": "GASA_414984596",
    "ee": true,
    "tech_change_status": "Eligible to Order",
    "program_type": "Regional Area Flip",
    "target_eligibility_quarter": "NA"
   }
  },
  {
   "type": "Feature",
   "geometry": {
    "type": "Point",
    "coordinates": [
     138.60704188,
     -34.5925752
    ]
   },
   "properties": {
    "name": "58 AUNGER ROAD LEWISTON 5501",
    "locID": "LOC000009300145",
    "tech": "FTTP",
    "upgrade": "NULL_NA",
    "gnaf_pid": "GASA_414984597",
    "ee": true,
    "tech_change_status": "Eligible to Order",
    "program_type": "Regional Area Flip"
   }
  },
  {
   "type": "Feature",
   "geometry": {
    "type": "Point",
    "coordinates": [
     138.60705738,
     -34.5930322
    ]
   },
   "properties": {
    "name": "56 AUNGER ROAD LEWISTON 5501",
    "locID": "LOC000013441647",
    "tech": "WIRELESS",
    "upgrade": "FTTP",
    "gnaf_pid": "GASA_414984598",
    "ee": true,
    "tech_change_status": "Eligible to Order",
    "program_type": "Regional Area Flip",
    "target_eligibility_quarter": "NA"
   }
  },
  {
   "type": "Feature",
   "geometry": {
    "type": "Point",
    "coordinates": [
     138.60707313,
     -34.5934885
    ]
   },
   "properties": {
    "name": "54 AUNGER ROAD LEWISTON 5501",
    "locID": "LOC000073560128",
    "tech": "WIRELESS",
    "upgrade": "FTTP",
    "gnaf_pid": "GASA_414984599",
    "ee": true,
    "tech_change_status": "Eligible to Order",
    "program_type": "Regional Area Flip",
    "target_eligibility_quarter": "NA"
   }
  },
  {
   "type": "Feature",
   "geometry": {
    "type": "Point",
    "coordinates": [
     138.60708863,
     -34.5939383
    ]
   },
   "properties": {
    "name": "52 AUNGER ROAD LEWISTON 5501",
    "locID": "LOC000062485427",
    "tech": "WIRELESS",
    "upgrade": "FTTP",
    "gnaf_pid": "GASA_414984600",
    "ee": true,
    "tech_change_status": "Eligible to Order",
    "program_type": "Regional Area Flip",
    "target_eligibility_quarter": "NA"
   }
  },
  {
   "type": "Feature",
   "geometry": {
    "type": "Point",
    "coordinates": [
     138.60710376,
     -34.5943883
    ]
   },
   "properties": {
    "name": "50 AUNGER ROAD LEWISTON 5501",
    "locID": "LOC000077424005",
    "tech": "FTTP",
    "upgrade": "NULL_NA",
    "gnaf_pid": "GASA_414984601",
    "ee": true,
    "tech_change_status": "Previous Tech Disconnected",
    "program_type": "Regional Area Flip",
    "target_eligibility_quarter": "NA"
   }
  },
  {
   "type": "Feature",
   "geometry": {
    "type": "Point",
    "coordinates": [
     138.60716663,
     -34.5962888
    ]
   },
   "properties": {
    "name": "48 AUNGER ROAD LEWISTON 5501",
    "locID": "LOC000079583700",
    "tech": "WIRELESS",
    "upgrade": "FTTP",
    "gnaf_pid": "GASA_414984602",
    "ee": true,
    "tech_change_status": "Eligible to Order",
    "program_type": "Regional Area Flip",
    "target_eligibility_quarter": "NA"
   }
  },
  {
   "type": "Feature",
   "geometry": {
    "type": "Point",
    "coordinates": [
     138.62098088,
     -34.6124287
    ]
   },
   "properties": {
    "name": "254 DAWKINS ROAD LEWISTON 5501",
    "locID": "LOC000103872956",
    "tech": "FTTP",
    "upgrade": "NULL_NA",
    "gnaf_pid": "GASA_414985459",
    "ee": true,
    "tech_change_status": "Eligible to Order",
    "program_type": "Regional Area Flip"
   }
  },
  {
   "type": "Feature",
   "geometry": {
    "type": "Point",
    "coordinates": [
     138.62151201,
     -34.6124138
    ]
   },
   "properties": {
    "name": "256 DAWKINS ROAD LEWISTON 5501",
    "locID": "LOC000083570179",
    "tech": "FTTP",
    "upgrade": "NULL_NA",
    "gnaf_pid": "GASA_414985460",
    "ee": true,
    "tech_change_status": "Previous Tech Disconnected",
    "program_type": "Regional Area Flip"
   }
  },
  {
   "type": "Feature",
   "geometry": {
    "type": "Point",
    "coordinates": [
     138.62206176,
     -34.6123985
    ]
   },
   "properties": {
    "name": "258 DAWKINS ROAD LEWISTON 5501",
    "locID": "LOC000009316548",
    "tech": "WIRELESS",
    "upgrade": "FTTP",
    "gnaf_pid": "GASA_414985461",
    "ee": true,
    "tech_change_status": "Eligible to Order",
    "program_type": "Regional Area Flip",
    "target_eligibility_quarter": "NA"
   }
  },
  {
   "type": "Feature",
   "geometry": {
    "type": "Point",
    "coordinates": [
     138.62260605,
     -34.61237506
    ]
   },
   "properties": {
    "name": "260 DAWKINS ROAD LEWISTON 5501",
    "locID": "LOC000072025049",
    "tech": "FTTP",
    "upgrade": "NULL_NA",
    "gnaf_pid": "GASA_414985462",
    "ee": true,
    "tech_change_status": "Eligible to Order",
    "program_type": "Regional Area Flip",
    "target_eligibility_quarter": "NA"
   }
  },
  {
   "type": "Feature",
   "geometry": {
    "type": "Point",
    "coordinates": [
     138.62335513,
     -34.6123591
    ]
   },
   "properties": {
    "name": "262 DAWKINS ROAD LEWISTON 5501",
    "locID": "LOC000103012158",
    "tech": "FTTP",
    "upgrade": "NULL_NA",
    "gnaf_pid": "GASA_414985463",
    "ee": true,
    "tech_change_status": "Previous Tech Disconnected",
    "program_type": "Regional Area Flip",
    "target_eligibility_quarter": "NA"
   }
  },
  {
   "type": "Feature",
   "geometry": {
    "type": "Point",
    "coordinates": [
     138.62389838,
     -34.612344
    ]
   },
   "properties": {
    "name": "264 DAWKINS ROAD LEWISTON 5501",
    "locID": "LOC000050233697",
    "tech": "FTTP",
    "upgrade": "NULL_NA",
    "gnaf_pid": "GASA_414985464",
    "ee": true,
    "tech_change_status": "Eligible to Order",
    "program_type": "Regional Area Flip"
   }
  },
  {
   "type": "Feature",
   "geometry": {
    "type": "Point",
    "coordinates": [
     138.62444261,
     -34.61234016
    ]
   },
   "properties": {
    "name": "266 DAWKINS ROAD LEWISTON 5501",
    "locID": "LOC000012621932",
    "tech": "FTTP",
    "upgrade": "NULL_NA",
    "gnaf_pid": "GASA_414985465",
    "ee": true,
    "tech_change_status": "Eligible to Order",
    "program_type": "Regional Area Flip"
   }
  },
  {
   "type": "Feature",
   "geometry": {
    "type": "Point",
    "coordinates": [
     138.61779813,
     -34.607711
    ]
   },
   "properties": {
    "name": "1 ERINA COURT LEWISTON 5501",
    "locID": "LOC000025962277",
    "tech": "FTTP",
    "upgrade": "NULL_NA",
    "gnaf_pid": "GASA_414985621",
    "ee": true,
    "tech_change_status": "Eligible to Order",
    "program_type": "Regional Area Flip"
   }
  },
  {
   "type": "Feature",
   "geometry": {
    "type": "Point",
    "coordinates": [
     138.61721351,
     -34.6077265
    ]
   },
   "properties": {
    "name": "3 ERINA COURT LEWISTON 5501",
    "locID": "LOC000082104952",
    "tech": "FTTP",
    "upgrade": "NULL_NA",
    "gnaf_pid": "GASA_414985622",
    "ee": true,
    "tech_change_status": "Previous Tech Disconnected",
    "program_type": "Regional Area Flip"
   }
  },
  {
   "type": "Feature",
   "geometry": {
    "type": "Point",
    "coordinates": [
     138.61660663,
     -34.6077425
    ]
   },
   "properties": {
    "name": "5 ERINA COURT LEWISTON 5501",
    "locID": "LOC000066266061",
    "tech": "FTTP",
    "upgrade": "NULL_NA",
    "gnaf_pid": "GASA_414985623",
    "ee": true,
    "tech_change_status": "Previous Tech Disconnected",
    "program_type": "Regional Area Flip"
   }
  },
  {
   "type": "Feature",
   "geometry": {
    "type": "Point",
    "coordinates": [
     138.61600213,
     -34.6077585
    ]
   },
   "properties": {
    "name": "7 ERINA COURT LEWISTON 5501",
    "locID": "LOC000028308068",
    "tech": "WIRELESS",
    "upgrade": "FTTP",
    "gnaf_pid": "GASA_414985624",
    "ee": true,
    "tech_change_status": "Eligible to Order",
    "program_type": "Regional Area Flip",
    "target_eligibility_quarter": "NA"
   }
  },
  {
   "type": "Feature",
   "geometry": {
    "type": "Point",
    "coordinates": [
     138.60355751,
     -34.6003878
    ]
   },
   "properties": {
    "name": "249 HAYMAN ROAD LEWISTON 5501",
    "locID": "LOC000025372452",
    "tech": "FTTP",
    "upgrade": "NULL_NA",
    "gnaf_pid": "GASA_414986332",
    "ee": true,
    "tech_change_status": "Previous Tech Disconnected",
    "program_type": "Regional Area Flip",
    "target_eligibility_quarter": "NA"
   }
  },
  {
   "type": "Feature",
   "geometry": {
    "type": "Point",
    "coordinates": [
     138.60300651,
     -34.6004041
    ]
   },
   "properties": {
    "name": "247 HAYMAN ROAD LEWISTON 5501",
    "locID": "LOC000043645846",
    "tech": "FTTP",
    "upgrade": "NULL_NA",
    "gnaf_pid": "GASA_414986333",
    "ee": true,
    "tech_change_status": "Eligible to Order",
    "program_type": "Regional Area Flip"
   }
  },
  {
   "type": "Feature",
   "geometry": {
    "type": "Point",
    "coordinates": [
     138.61541451,
     -34.607774
    ]
   },
   "properties": {
    "name": "9 ERINA COURT LEWISTON 5501",
    "locID": "LOC000019255552",
    "tech": "WIRELESS",
    "upgrade": "FTTP",
    "gnaf_pid": "GASA_414986424",
    "ee": true,
    "tech_change_status": "Eligible to Order",
    "program_type": "Regional Area Flip",
    "target_eligibility_quarter": "NA"
   }
  },
  {
   "type": "Feature",
   "geometry": {
    "type": "Point",
    "coordinates": [
     138.61483313,
     -34.6077893
    ]
   },
   "properties": {
    "name": "11 ERINA COURT LEWISTON 5501",
    "locID": "LOC000078400749",
    "tech": "FTTP",
    "upgrade": "NULL_NA",
    "gnaf_pid": "GASA_414986425",
    "ee": true,
    "tech_change_status": "Eligible to Order",
    "program_type": "Regional Area Flip"
   }
  },
  {
   "type": "Feature",
   "geometry": {
    "type": "Point",
    "coordinates": [
     138.61424751,
     -34.6078047
    ]
   },
   "properties": {
    "name": "13 ERINA COURT LEWISTON 5501",
    "locID": "LOC000079660170",
    "tech": "FTTP",
    "upgrade": "NULL_NA",
    "gnaf_pid": "GASA_414986426",
    "ee": true,
    "tech_change_status": "Previous Tech Disconnected",
    "program_type": "Regional Area Flip",
    "target_eligibility_quarter": "NA"
   }
  },
  {
   "type": "Feature",
   "geometry": {
    "type": "Point",
    "coordinates": [
     138.61366226,
     -34.6078202
    ]
   },
   "properties": {
    "name": "15 ERINA COURT LEWISTON 5501",
    "locID": "LOC000021853647",
    "tech": "FTTP",
    "upgrade": "NULL_NA",
    "gnaf_pid": "GASA_414986427",
    "ee": true,
    "tech_change_status": "Previous Tech Disconnected",
    "program_type": "Regional Area Flip",
    "target_eligibility_quarter": "NA"
   }
  },
  {
   "type": "Feature",
   "geometry": {
    "type": "Point",
    "coordinates": [
     138.61307288,
     -34.6078357
    ]
   },
   "properties": {
    "name": "17 ERINA COURT LEWISTON 5501",
    "locID": "LOC000081704107",
    "tech": "WIRELESS",
    "upgrade": "FTTP",
    "gnaf_pid": "GASA_414986428",
    "ee": true,
    "tech_change_status": "Eligible to Order",
    "program_type": "Regional Area Flip",
    "target_eligibility_quarter": "NA"
   }
  },
  {
   "type": "Feature",
   "geometry": {
    "type": "Point",
    "coordinates": [
     138.61321113,
     -34.6092218
    ]
   },
   "properties": {
    "name": "16 ERINA COURT LEWISTON 5501",
    "locID": "LOC000002653861",
    "tech": "WIRELESS",
    "upgrade": "FTTP",
    "gnaf_pid": "GASA_414986429",
    "ee": true,
    "tech_change_status": "Eligible to Order",
    "program_type": "Regional Area Flip",
    "target_eligibility_quarter": "NA"
   }
  },
  {
   "type": "Feature",
   "geometry": {
    "type": "Point",
    "coordinates": [
     138.61397738,
     -34.6092043
    ]
   },
   "properties": {
    "name": "14 ERINA COURT LEWISTON 5501",
    "locID": "LOC000059215646",
    "tech": "FTTP",
    "upgrade": "NULL_NA",
    "gnaf_pid": "GASA_414986430",
    "ee": true,
    "tech_change_status": "Eligible to Order",
    "program_type": "Regional Area Flip"
   }
  },
  {
   "type": "Feature",
   "geometry": {
    "type": "Point",
    "coordinates": [
     138.61482513,
     -34.609185
    ]
   },
   "properties": {
    "name": "12 ERINA COURT LEWISTON 5501",
    "locID": "LOC000011301076",
    "tech": "WIRELESS",
    "upgrade": "FTTP",
    "gnaf_pid": "GASA_414986431",
    "ee": true,
    "tech_change_status": "Eligible to Order",
    "program_type": "Regional Area Flip",
    "target_eligibility_quarter": "NA"
   }
  },
  {
   "type": "Feature",
   "geometry": {
    "type": "Point",
    "coordinates": [
     138.6155833,
     -34.60927389
    ]
   },
   "properties": {
    "name": "10 ERINA COURT LEWISTON 5501",
    "locID": "LOC000059998086",
    "tech": "WIRELESS",
    "upgrade": "FTTP",
    "gnaf_pid": "GASA_414986432",
    "ee": true,
    "tech_change_status": "Eligible to Order",
    "program_type": "Regional Area Flip",
    "target_eligibility_quarter": "NA"
   }
  },
  {
   "type": "Feature",
   "geometry": {
    "type": "Point",
    "coordinates": [
     138.62034713,
     -34.609182
    ]
   },
   "properties": {
    "name": "4 FLETCHER ROAD LEWISTON 5501",
    "locID": "LOC000083577610",
    "tech": "FTTP",
    "upgrade": "NULL_NA",
    "gnaf_pid": "GASA_414987180",
    "ee": true,
    "tech_change_status": "Previous Tech Disconnected",
    "program_type": "Regional Area Flip",
    "target_eligibility_quarter": "NA"
   }
  },
  {
   "type": "Feature",
   "geometry": {
    "type": "Point",
    "coordinates": [
     138.62033488,
     -34.6086912
    ]
   },
   "properties": {
    "name": "6 FLETCHER ROAD LEWISTON 5501",
    "locID": "LOC000109237915",
    "tech": "FTTP",
    "upgrade": "NULL_NA",
    "gnaf_pid": "GASA_414987181",
    "ee": true,
    "tech_change_status": "Previous Tech Disconnected",
    "program_type": "Regional Area Flip"
   }
  },
  {
   "type": "Feature",
   "geometry": {
    "type": "Point",
    "coordinates": [
     138.62032238,
     -34.6081987
    ]
   },
   "properties": {
    "name": "8 FLETCHER ROAD LEWISTON 5501",
    "locID": "LOC000102322970",
    "tech": "FTTP",
    "upgrade": "NULL_NA",
    "gnaf_pid": "GASA_414987182",
    "ee": true,
    "tech_change_status": "Previous Tech Disconnected",
    "program_type": "Regional Area Flip"
   }
  },
  {
   "type": "Feature",
   "geometry": {
    "type": "Point",
    "coordinates": [
     138.62031013,
     -34.6077112
    ]
   },
   "properties": {
    "name": "10 FLETCHER ROAD LEWISTON 5501",
    "locID": "LOC000054270794",
    "tech": "FTTP",
    "upgrade": "NULL_NA",
    "gnaf_pid": "GASA_414987183",
    "ee": true,
    "tech_change_status": "Previous Tech Disconnected",
    "program_type": "Regional Area Flip"
   }
  },
  {
   "type": "Feature",
   "geometry": {
    "type": "Point",
    "coordinates": [
     138.62024713,
     -34.60723673
    ]
   },
   "properties": {
    "name": "12 FLETCHER ROAD LEWISTON 5501",
    "locID": "LOC000098775119",
    "tech": "FTTP",
    "upgrade": "NULL_NA",
    "gnaf_pid": "GASA_414987184",
    "ee": true,
    "tech_change_status": "Previous Tech Disconnected",
    "program_type": "Regional Area Flip",
    "target_eligibility_quarter": "NA"
   }
  },
  {
   "type": "Feature",
   "geometry": {
    "type": "Point",
    "coordinates": [
     138.61873163,
     -34.6095837
    ]
   },
   "properties": {
    "name": "1 FLETCHER ROAD LEWISTON 5501",
    "locID": "LOC000020901646",
    "tech": "FTTP",
    "upgrade": "NULL_NA",
    "gnaf_pid": "GASA_414987185",
    "ee": true,
    "tech_change_status": "Previous Tech Disconnected",
    "program_type": "Regional Area Flip",
    "target_eligibility_quarter": "NA"
   }
  },
  {
   "type": "Feature",
   "geometry": {
    "type": "Point",
    "coordinates": [
     138.61871501,
     -34.6088662
    ]
   },
   "properties": {
    "name": "3 FLETCHER ROAD LEWISTON 5501",
    "locID": "LOC000062350555",
    "tech": "FTTP",
    "upgrade": "NULL_NA",
    "gnaf_pid": "GASA_414987186",
    "ee": true,
    "tech_change_status": "Previous Tech Disconnected",
    "program_type": "Regional Area Flip"
   }
  },
  {
   "type": "Feature",
   "geometry": {
    "type": "Point",
    "coordinates": [
     138.61868538,
     -34.6080291
    ]
   },
   "properties": {
    "name": "5 FLETCHER ROAD LEWISTON 5501",
    "locID": "LOC000056463301",
    "tech": "FTTP",
    "upgrade": "NULL_NA",
    "gnaf_pid": "GASA_414987187",
    "ee": true,
    "tech_change_status": "Previous Tech Disconnected",
    "program_type": "Regional Area Flip",
    "target_eligibility_quarter": "NA"
   }
  },
  {
   "type": "Feature",
   "geometry": {
    "type": "Point",
    "coordinates": [
     138.61866763,
     -34.6073545
    ]
   },
   "properties": {
    "name": "7 FLETCHER ROAD LEWISTON 5501",
    "locID": "LOC000007580710",
    "tech": "FTTP",
    "upgrade": "NULL_NA",
    "gnaf_pid": "GASA_414987188",
    "ee": true,
    "tech_change_status": "Previous Tech Disconnected",
    "program_type": "Regional Area Flip"
   }
  },
  {
   "type": "Feature",
   "geometry": {
    "type": "Point",
    "coordinates": [
     138.61495637,
     -34.6106391
    ]
   },
   "properties": {
    "name": "239 DAWKINS ROAD LEWISTON 5501",
    "locID": "LOC000105422072",
    "tech": "FTTP",
    "upgrade": "NULL_NA",
    "gnaf_pid": "GASA_414987189",
    "ee": true,
    "tech_change_status": "Previous Tech Disconnected",
    "program_type": "Regional Area Flip",
    "target_eligibility_quarter": "NA"
   }
  },
  {
   "type": "Feature",
   "geometry": {
    "type": "Point",
    "coordinates": [
     138.61612626,
     -34.6092807
    ]
   },
   "properties": {
    "name": "8 ERINA COURT LEWISTON 5501",
    "locID": "LOC000045006325",
    "tech": "WIRELESS",
    "upgrade": "FTTP",
    "gnaf_pid": "GASA_414987251",
    "ee": true,
    "tech_change_status": "Eligible to Order",
    "program_type": "Regional Area Flip",
    "target_eligibility_quarter": "NA"
   }
  },
  {
   "type": "Feature",
   "geometry": {
    "type": "Point",
    "coordinates": [
     138.57702704,
     -34.59065121
    ]
   },
   "properties": {
    "name": "63 GAWLER ROAD LEWISTON 5501",
    "locID": "LOC100055457495",
    "tech": "WIRELESS",
    "upgrade": "NULL_NA",
    "gnaf_pid": "GASA_414987904",
    "ee": true,
    "tech_change_status": "Not Planned",
    "program_type": "Fixed Wireless and Satellite Upgrade Program",
    "target_eligibility_quarter": "NA"
   }
  },
  {
   "type": "Feature",
   "geometry": {
    "type": "Point",
    "coordinates": [
     138.58766251,
     -34.6076718
    ]
   },
   "properties": {
    "name": "18 GILKS ROAD LEWISTON 5501",
    "locID": "LOC000084838217",
    "tech": "WIRELESS",
    "upgrade": "FTTP",
    "gnaf_pid": "GASA_414988269",
    "ee": true,
    "tech_change_status": "Eligible to Order",
    "program_type": "Regional Area Flip",
    "target_eligibility_quarter": "NA"
   }
  },
  {
   "type": "Feature",
   "geometry": {
    "type": "Point",
    "coordinates": [
     138.58829101,
     -34.6076567
    ]
   },
   "properties": {
    "name": "20 GILKS ROAD LEWISTON 5501",
    "locID": "LOC000039424394",
    "tech": "FTTP",
    "upgrade": "NULL_NA",
    "gnaf_pid": "GASA_414988270",
    "ee": true,
    "tech_change_status": "Eligible to Order",
    "program_type": "Regional Area Flip"
   }
  },
  {
   "type": "Feature",
   "geometry": {
    "type": "Point",
    "coordinates": [
     138.58891376,
     -34.6076416
    ]
   },
   "properties": {
    "name": "22 GILKS ROAD LEWISTON 5501",
    "locID": "LOC000029425223",
    "tech": "WIRELESS",
    "upgrade": "FTTP",
    "gnaf_pid": "GASA_414988271",
    "ee": true,
    "tech_change_status": "Eligible to Order",
    "program_type": "Regional Area Flip",
    "target_eligibility_quarter": "NA"
   }
  },
  {
   "type": "Feature",
   "geometry": {
    "type": "Point",
    "coordinates": [
     138.58953776,
     -34.6076266
    ]
   },
   "properties": {
    "name": "24 GILKS ROAD LEWISTON 5501",
    "locID": "LOC000046829791",
    "tech": "WIRELESS",
    "upgrade": "FTTP",
    "gnaf_pid": "GASA_414988272",
    "ee": true,
    "tech_change_status": "Eligible to Order",
    "program_type": "Regional Area Flip",
    "target_eligibility_quarter": "NA"
   }
  },
  {
   "type": "Feature",
   "geometry": {
    "type": "Point",
    "coordinates": [
     138.59016126,
     -34.6076115
    ]
   },
   "properties": {
    "name": "26 GILKS ROAD LEWISTON 5501",
    "locID": "LOC000016164065",
    "tech": "FTTP",
    "upgrade": "NULL_NA",
    "gnaf_pid": "GASA_414988273",
    "ee": true,
    "tech_change_status": "Previous Tech Disconnected",
    "program_type": "Regional Area Flip",
    "target_eligibility_quarter": "NA"
   }
  },
  {
   "type": "Feature",
   "geometry": {
    "type": "Point",
    "coordinates": [
     138.59078376,
     -34.6075965
    ]
   },
   "properties": {
    "name": "28 GILKS ROAD LEWISTON 5501",
    "locID": "LOC000050915717",
    "tech": "WIRELESS",
    "upgrade": "FTTP",
    "gnaf_pid": "GASA_414988274",
    "ee": true,
    "tech_change_status": "Eligible to Order",
    "program_type": "Regional Area Flip",
    "target_eligibility_quarter": "NA"
   }
  },
  {
   "type": "Feature",
   "geometry": {
    "type": "Point",
    "coordinates": [
     138.59140701,
     -34.6075813
    ]
   },
   "properties": {
    "name": "30 GILKS ROAD LEWISTON 5501",
    "locID": "LOC000024488382",
    "tech": "FTTP",
    "upgrade": "NULL_NA",
    "gnaf_pid": "GASA_414988275",
    "ee": true,
    "tech_change_status": "Eligible to Order",
    "program_type": "Regional Area Flip"
   }
  },
  {
   "type": "Feature",
   "geometry": {
    "type": "Point",
    "coordinates": [
     138.59203251,
     -34.6075662
    ]
   },
   "properties": {
    "name": "32 GILKS ROAD LEWISTON 5501",
    "locID": "LOC000029328830",
    "tech": "FTTP",
    "upgrade": "NULL_NA",
    "gnaf_pid": "GASA_414988276",
    "ee": true,
    "tech_change_status": "Eligible to Order",
    "program_type": "Regional Area Flip",
    "target_eligibility_quarter": "NA"
   }
  },
  {
   "type": "Feature",
   "geometry": {
    "type": "Point",
    "coordinates": [
     138.59328926,
     -34.6075357
    ]
   },
   "properties": {
    "name": "36 GILKS ROAD LEWISTON 5501",
    "locID": "LOC000044833911",
    "tech": "WIRELESS",
    "upgrade": "FTTP",
    "gnaf_pid": "GASA_414988278",
    "ee": true,
    "tech_change_status": "Eligible to Order",
    "program_type": "Regional Area Flip",
    "target_eligibility_quarter": "NA"
   }
  },
  {
   "type": "Feature",
   "geometry": {
    "type": "Point",
    "coordinates": [
     138.62533126,
     -34.5981948
    ]
   },
   "properties": {
    "name": "3 HARNIMAN ROAD LEWISTON 5501",
    "locID": "LOC000036141501",
    "tech": "WIRELESS",
    "upgrade": "FTTP",
    "gnaf_pid": "GASA_414988549",
    "ee": true,
    "tech_change_status": "Eligible to Order",
    "program_type": "Regional Area Flip",
    "target_eligibility_quarter": "NA"
   }
  },
  {
   "type": "Feature",
   "geometry": {
    "type": "Point",
    "coordinates": [
     138.62530688,
     -34.5976323
    ]
   },
   "properties": {
    "name": "5 HARNIMAN ROAD LEWISTON 5501",
    "locID": "LOC000048371959",
    "tech": "FTTP",
    "upgrade": "NULL_NA",
    "gnaf_pid": "GASA_414988550",
    "ee": true,
    "tech_change_status": "Previous Tech Disconnected",
    "program_type": "Regional Area Flip",
    "target_eligibility_quarter": "NA"
   }
  },
  {
   "type": "Feature",
   "geometry": {
    "type": "Point",
    "coordinates": [
     138.62522513,
     -34.5958108
    ]
   },
   "properties": {
    "name": "11 HARNIMAN ROAD LEWISTON 5501",
    "locID": "LOC000064133046",
    "tech": "FTTP",
    "upgrade": "NULL_NA",
    "gnaf_pid": "GASA_414988551",
    "ee": true,
    "tech_change_status": "Eligible to Order",
    "program_type": "Regional Area Flip"
   }
  },
  {
   "type": "Feature",
   "geometry": {
    "type": "Point",
    "coordinates": [
     138.62524926,
     -34.5963567
    ]
   },
   "properties": {
    "name": "9 HARNIMAN ROAD LEWISTON 5501",
    "locID": "LOC000092295852",
    "tech": "FTTP",
    "upgrade": "NULL_NA",
    "gnaf_pid": "GASA_414988552",
    "ee": true,
    "tech_change_status": "Previous Tech Disconnected",
    "program_type": "Regional Area Flip",
    "target_eligibility_quarter": "NA"
   }
  },
  {
   "type": "Feature",
   "geometry": {
    "type": "Point",
    "coordinates": [
     138.62527338,
     -34.5969156
    ]
   },
   "properties": {
    "name": "7 HARNIMAN ROAD LEWISTON 5501",
    "locID": "LOC000106617416",
    "tech": "FTTP",
    "upgrade": "NULL_NA",
    "gnaf_pid": "GASA_414988553",
    "ee": true,
    "tech_change_status": "Eligible to Order",
    "program_type": "Regional Area Flip"
   }
  },
  {
   "type": "Feature",
   "geometry": {
    "type": "Point",
    "coordinates": [
     138.62403632,
     -34.59307836
    ]
   },
   "properties": {
    "name": "21 HARNIMAN ROAD LEWISTON 5501",
    "locID": "LOC000048713369",
    "tech": "WIRELESS",
    "upgrade": "FTTP",
    "gnaf_pid": "GASA_414988554",
    "ee": true,
    "tech_change_status": "Eligible to Order",
    "program_type": "Regional Area Flip",
    "target_eligibility_quarter": "NA"
   }
  },
  {
   "type": "Feature",
   "geometry": {
    "type": "Point",
    "coordinates": [
     138.62344576,
     -34.5924237
    ]
   },
   "properties": {
    "name": "23 HARNIMAN ROAD LEWISTON 5501",
    "locID": "LOC000131333961",
    "tech": "WIRELESS",
    "upgrade": "FTTP",
    "gnaf_pid": "GASA_414988555",
    "ee": true,
    "tech_change_status": "Eligible to Order",
    "program_type": "Regional Area Flip",
    "target_eligibility_quarter": "NA"
   }
  },
  {
   "type": "Feature",
   "geometry": {
    "type": "Point",
    "coordinates": [
     138.62342788,
     -34.5919715
    ]
   },
   "properties": {
    "name": "25 HARNIMAN ROAD LEWISTON 5501",
    "locID": "LOC000009220177",
    "tech": "FTTP",
    "upgrade": "NULL_NA",
    "gnaf_pid": "GASA_414988556",
    "ee": true,
    "tech_change_status": "Eligible to Order",
    "program_type": "Regional Area Flip"
   }
  },
  {
   "type": "Feature",
   "geometry": {
    "type": "Point",
    "coordinates": [
     138.62470815,
     -34.59383668
    ]
   },
   "properties": {
    "name": "19 HARNIMAN ROAD LEWISTON 5501",
    "locID": "LOC000036028330",
    "tech": "FTTP",
    "upgrade": "NULL_NA",
    "gnaf_pid": "GASA_414988557",
    "ee": true,
    "tech_change_status": "Previous Tech Disconnected",
    "program_type": "Regional Area Flip",
    "target_eligibility_quarter": "NA"
   }
  },
  {
   "type": "Feature",
   "geometry": {
    "type": "Point",
    "coordinates": [
     138.62490119,
     -34.59441918
    ]
   },
   "properties": {
    "name": "17 HARNIMAN ROAD LEWISTON 5501",
    "locID": "LOC000099016388",
    "tech": "FTTP",
    "upgrade": "NULL_NA",
    "gnaf_pid": "GASA_414988558",
    "ee": true,
    "tech_change_status": "Eligible to Order",
    "program_type": "Regional Area Flip"
   }
  },
  {
   "type": "Feature",
   "geometry": {
    "type": "Point",
    "coordinates": [
     138.59372002,
     -34.5922586
    ]
   },
   "properties": {
    "name": "114 GAWLER ROAD LEWISTON 5501",
    "locID": "LOC000009518697",
    "tech": "FTTP",
    "upgrade": "NULL_NA",
    "gnaf_pid": "GASA_414990063",
    "ee": true,
    "tech_change_status": "Previous Tech Disconnected",
    "program_type": "Regional Area Flip",
    "target_eligibility_quarter": "NA"
   }
  },
  {
   "type": "Feature",
   "geometry": {
    "type": "Point",
    "coordinates": [
     138.59425001,
     -34.59235957
    ]
   },
   "properties": {
    "name": "116 GAWLER ROAD LEWISTON 5501",
    "locID": "LOC000085702501",
    "tech": "WIRELESS",
    "upgrade": "FTTP",
    "gnaf_pid": "GASA_414990064",
    "ee": true,
    "tech_change_status": "Eligible to Order",
    "program_type": "Regional Area Flip",
    "target_eligibility_quarter": "NA"
   }
  },
  {
   "type": "Feature",
   "geometry": {
    "type": "Point",
    "coordinates": [
     138.59473241,
     -34.59234978
    ]
   },
   "properties": {
    "name": "118 GAWLER ROAD LEWISTON 5501",
    "locID": "LOC000084537498",
    "tech": "FTTP",
    "upgrade": "NULL_NA",
    "gnaf_pid": "GASA_414990065",
    "ee": true,
    "tech_change_status": "Eligible to Order",
    "program_type": "Regional Area Flip"
   }
  },
  {
   "type": "Feature",
   "geometry": {
    "type": "Point",
    "coordinates": [
     138.60792063,
     -34.6006496
    ]
   },
   "properties": {
    "name": "261 HAYMAN ROAD LEWISTON 5501",
    "locID": "LOC000040955808",
    "tech": "FTTP",
    "upgrade": "NULL_NA",
    "gnaf_pid": "GASA_414990830",
    "ee": true,
    "tech_change_status": "Eligible to Order",
    "program_type": "Regional Area Flip"
   }
  },
  {
   "type": "Feature",
   "geometry": {
    "type": "Point",
    "coordinates": [
     138.60866176,
     -34.6002653
    ]
   },
   "properties": {
    "name": "263 HAYMAN ROAD LEWISTON 5501",
    "locID": "LOC000052447040",
    "tech": "FTTP",
    "upgrade": "NULL_NA",
    "gnaf_pid": "GASA_414990831",
    "ee": true,
    "tech_change_status": "Eligible to Order",
    "program_type": "Regional Area Flip",
    "target_eligibility_quarter": "NA"
   }
  },
  {
   "type": "Feature",
   "geometry": {
    "type": "Point",
    "coordinates": [
     138.6249635,
     -34.59486498
    ]
   },
   "properties": {
    "name": "15 HARNIMAN ROAD LEWISTON 5501",
    "locID": "LOC000104627960",
    "tech": "FTTP",
    "upgrade": "NULL_NA",
    "gnaf_pid": "GASA_414992877",
    "ee": true,
    "tech_change_status": "Previous Tech Disconnected",
    "program_type": "Regional Area Flip"
   }
  },
  {
   "type": "Feature",
   "geometry": {
    "type": "Point",
    "coordinates": [
     138.6250233,
     -34.59531585
    ]
   },
   "properties": {
    "name": "13 HARNIMAN ROAD LEWISTON 5501",
    "locID": "LOC000074111130",
    "tech": "WIRELESS",
    "upgrade": "FTTP",
    "gnaf_pid": "GASA_414992878",
    "ee": true,
    "tech_change_status": "Eligible to Order",
    "program_type": "Regional Area Flip",
    "target_eligibility_quarter": "NA"
   }
  },
  {
   "type": "Feature",
   "geometry": {
    "type": "Point",
    "coordinates": [
     138.62706513,
     -34.598688
    ]
   },
   "properties": {
    "name": "2 HARNIMAN ROAD LEWISTON 5501",
    "locID": "LOC000102356400",
    "tech": "WIRELESS",
    "upgrade": "FTTP",
    "gnaf_pid": "GASA_414993183",
    "ee": true,
    "tech_change_status": "Eligible to Order",
    "program_type": "Regional Area Flip",
    "target_eligibility_quarter": "NA"
   }
  },
  {
   "type": "Feature",
   "geometry": {
    "type": "Point",
    "coordinates": [
     138.62535476,
     -34.5987396
    ]
   },
   "properties": {
    "name": "1 HARNIMAN ROAD LEWISTON 5501",
    "locID": "LOC000070569734",
    "tech": "FTTP",
    "upgrade": "NULL_NA",
    "gnaf_pid": "GASA_414993184",
    "ee": true,
    "tech_change_status": "Previous Tech Disconnected",
    "program_type": "Regional Area Flip",
    "target_eligibility_quarter": "NA"
   }
  },
  {
   "type": "Feature",
   "geometry": {
    "type": "Point",
    "coordinates": [
     138.5938928,
     -34.59580124
    ]
   },
   "properties": {
    "name": "50 PEDERICK ROAD LEWISTON 5501",
    "locID": "LOC000064162006",
    "tech": "FTTP",
    "upgrade": "NULL_NA",
    "gnaf_pid": "GASA_414994541",
    "ee": true,
    "tech_change_status": "Previous Tech Disconnected",
    "program_type": "Regional Area Flip",
    "target_eligibility_quarter": "NA"
   }
  },
  {
   "type": "Feature",
   "geometry": {
    "type": "Point",
    "coordinates": [
     138.59397765,
     -34.59485431
    ]
   },
   "properties": {
    "name": "52 PEDERICK ROAD LEWISTON 5501",
    "locID": "LOC000106674138",
    "tech": "FTTP",
    "upgrade": "NULL_NA",
    "gnaf_pid": "GASA_414994542",
    "ee": true,
    "tech_change_status": "Previous Tech Disconnected",
    "program_type": "Regional Area Flip",
    "target_eligibility_quarter": "NA"
   }
  },
  {
   "type": "Feature",
   "geometry": {
    "type": "Point",
    "coordinates": [
     138.59216501,
     -34.5967156
    ]
   },
   "properties": {
    "name": "73 PEDERICK ROAD LEWISTON 5501",
    "locID": "LOC000006664963",
    "tech": "FTTP",
    "upgrade": "NULL_NA",
    "gnaf_pid": "GASA_414995988",
    "ee": true,
    "tech_change_status": "Eligible to Order",
    "program_type": "Regional Area Flip"
   }
  },
  {
   "type": "Feature",
   "geometry": {
    "type": "Point",
    "coordinates": [
     138.59218201,
     -34.5971853
    ]
   },
   "properties": {
    "name": "71 PEDERICK ROAD LEWISTON 5501",
    "locID": "LOC000002718940",
    "tech": "WIRELESS",
    "upgrade": "FTTP",
    "gnaf_pid": "GASA_414995989",
    "ee": true,
    "tech_change_status": "Eligible to Order",
    "program_type": "Regional Area Flip",
    "target_eligibility_quarter": "NA"
   }
  },
  {
   "type": "Feature",
   "geometry": {
    "type": "Point",
    "coordinates": [
     138.59219901,
     -34.5976556
    ]
   },
   "properties": {
    "name": "69 PEDERICK ROAD LEWISTON 5501",
    "locID": "LOC000106873199",
    "tech": "FTTP",
    "upgrade": "NULL_NA",
    "gnaf_pid": "GASA_414995990",
    "ee": true,
    "tech_change_status": "Eligible to Order",
    "program_type": "Regional Area Flip"
   }
  },
  {
   "type": "Feature",
   "geometry": {
    "type": "Point",
    "coordinates": [
     138.59221601,
     -34.5981235
    ]
   },
   "properties": {
    "name": "67 PEDERICK ROAD LEWISTON 5501",
    "locID": "LOC000051080253",
    "tech": "FTTP",
    "upgrade": "NULL_NA",
    "gnaf_pid": "GASA_414995991",
    "ee": true,
    "tech_change_status": "Previous Tech Disconnected",
    "program_type": "Regional Area Flip",
    "target_eligibility_quarter": "NA"
   }
  },
  {
   "type": "Feature",
   "geometry": {
    "type": "Point",
    "coordinates": [
     138.59223313,
     -34.5985976
    ]
   },
   "properties": {
    "name": "65 PEDERICK ROAD LEWISTON 5501",
    "locID": "LOC000060706110",
    "tech": "FTTP",
    "upgrade": "NULL_NA",
    "gnaf_pid": "GASA_414995992",
    "ee": true,
    "tech_change_status": "Eligible to Order",
    "program_type": "Regional Area Flip"
   }
  },
  {
   "type": "Feature",
   "geometry": {
    "type": "Point",
    "coordinates": [
     138.59226763,
     -34.5995451
    ]
   },
   "properties": {
    "name": "61 PEDERICK ROAD LEWISTON 5501",
    "locID": "LOC000092347292",
    "tech": "WIRELESS",
    "upgrade": "FTTP",
    "gnaf_pid": "GASA_414995994",
    "ee": true,
    "tech_change_status": "Eligible to Order",
    "program_type": "Regional Area Flip",
    "target_eligibility_quarter": "NA"
   }
  },
  {
   "type": "Feature",
   "geometry": {
    "type": "Point",
    "coordinates": [
     138.59228426,
     -34.6000066
    ]
   },
   "properties": {
    "name": "59 PEDERICK ROAD LEWISTON 5501",
    "locID": "LOC000025317271",
    "tech": "FTTP",
    "upgrade": "NULL_NA",
    "gnaf_pid": "GASA_414995995",
    "ee": true,
    "tech_change_status": "Eligible to Order",
    "program_type": "Regional Area Flip"
   }
  },
  {
   "type": "Feature",
   "geometry": {
    "type": "Point",
    "coordinates": [
     138.59202451,
     -34.5927766
    ]
   },
   "properties": {
    "name": "89 PEDERICK ROAD LEWISTON 5501",
    "locID": "LOC000106687699",
    "tech": "WIRELESS",
    "upgrade": "FTTP",
    "gnaf_pid": "GASA_414995996",
    "ee": true,
    "tech_change_status": "Eligible to Order",
    "program_type": "Regional Area Flip",
    "target_eligibility_quarter": "NA"
   }
  },
  {
   "type": "Feature",
   "geometry": {
    "type": "Point",
    "coordinates": [
     138.59204151,
     -34.5932403
    ]
   },
   "properties": {
    "name": "87 PEDERICK ROAD LEWISTON 5501",
    "locID": "LOC000088838379",
    "tech": "WIRELESS",
    "upgrade": "FTTP",
    "gnaf_pid": "GASA_414995997",
    "ee": true,
    "tech_change_status": "Eligible to Order",
    "program_type": "Regional Area Flip",
    "target_eligibility_quarter": "NA"
   }
  },
  {
   "type": "Feature",
   "geometry": {
    "type": "Point",
    "coordinates": [
     138.59205888,
     -34.5937102
    ]
   },
   "properties": {
    "name": "85 PEDERICK ROAD LEWISTON 5501",
    "locID": "LOC000059906468",
    "tech": "FTTP",
    "upgrade": "NULL_NA",
    "gnaf_pid": "GASA_414995998",
    "ee": true,
    "tech_change_status": "Eligible to Order",
    "program_type": "Regional Area Flip"
   }
  },
  {
   "type": "Feature",
   "geometry": {
    "type": "Point",
    "coordinates": [
     138.60921351,
     -34.6002511
    ]
   },
   "properties": {
    "name": "265 HAYMAN ROAD LEWISTON 5501",
    "locID": "LOC000032477042",
    "tech": "WIRELESS",
    "upgrade": "FTTP",
    "gnaf_pid": "GASA_414996992",
    "ee": true,
    "tech_change_status": "Eligible to Order",
    "program_type": "Regional Area Flip",
    "target_eligibility_quarter": "NA"
   }
  },
  {
   "type": "Feature",
   "geometry": {
    "type": "Point",
    "coordinates": [
     138.60975576,
     -34.600237
    ]
   },
   "properties": {
    "name": "267 HAYMAN ROAD LEWISTON 5501",
    "locID": "LOC000109103763",
    "tech": "WIRELESS",
    "upgrade": "FTTP",
    "gnaf_pid": "GASA_414996993",
    "ee": true,
    "tech_change_status": "Eligible to Order",
    "program_type": "Regional Area Flip",
    "target_eligibility_quarter": "NA"
   }
  },
  {
   "type": "Feature",
   "geometry": {
    "type": "Point",
    "coordinates": [
     138.61030526,
     -34.6002228
    ]
   },
   "properties": {
    "name": "269 HAYMAN ROAD LEWISTON 5501",
    "locID": "LOC000041083955",
    "tech": "FTTP",
    "upgrade": "NULL_NA",
    "gnaf_pid": "GASA_414996994",
    "ee": true,
    "tech_change_status": "Previous Tech Disconnected",
    "program_type": "Regional Area Flip",
    "target_eligibility_quarter": "NA"
   }
  },
  {
   "type": "Feature",
   "geometry": {
    "type": "Point",
    "coordinates": [
     138.61106951,
     -34.6002035
    ]
   },
   "properties": {
    "name": "271 HAYMAN ROAD LEWISTON 5501",
    "locID": "LOC000174172468",
    "tech": "WIRELESS",
    "upgrade": "FTTP",
    "gnaf_pid": "GASA_414996995",
    "ee": true,
    "tech_change_status": "Eligible to Order",
    "program_type": "Regional Area Flip",
    "target_eligibility_quarter": "NA"
   }
  },
  {
   "type": "Feature",
   "geometry": {
    "type": "Point",
    "coordinates": [
     138.61161413,
     -34.6001887
    ]
   },
   "properties": {
    "name": "273 HAYMAN ROAD LEWISTON 5501",
    "locID": "LOC000094654420",
    "tech": "WIRELESS",
    "upgrade": "FTTP",
    "gnaf_pid": "GASA_414996996",
    "ee": true,
    "tech_change_status": "Eligible to Order",
    "program_type": "Regional Area Flip",
    "target_eligibility_quarter": "NA"
   }
  },
  {
   "type": "Feature",
   "geometry": {
    "type": "Point",
    "coordinates": [
     138.61216138,
     -34.600174
    ]
   },
   "properties": {
    "name": "275 HAYMAN ROAD LEWISTON 5501",
    "locID": "LOC000027502328",
    "tech": "FTTP",
    "upgrade": "NULL_NA",
    "gnaf_pid": "GASA_414996997",
    "ee": true,
    "tech_change_status": "Eligible to Order",
    "program_type": "Regional Area Flip"
   }
  },
  {
   "type": "Feature",
   "geometry": {
    "type": "Point",
    "coordinates": [
     138.61273438,
     -34.6001587
    ]
   },
   "properties": {
    "name": "277 HAYMAN ROAD LEWISTON 5501",
    "locID": "LOC000049673577",
    "tech": "FTTP",
    "upgrade": "NULL_NA",
    "gnaf_pid": "GASA_414996998",
    "ee": true,
    "tech_change_status": "Previous Tech Disconnected",
    "program_type": "Regional Area Flip"
   }
  },
  {
   "type": "Feature",
   "geometry": {
    "type": "Point",
    "coordinates": [
     138.61329188,
     -34.6001441
    ]
   },
   "properties": {
    "name": "279 HAYMAN ROAD LEWISTON 5501",
    "locID": "LOC000064514741",
    "tech": "WIRELESS",
    "upgrade": "FTTP",
    "gnaf_pid": "GASA_414996999",
    "ee": true,
    "tech_change_status": "Eligible to Order",
    "program_type": "Regional Area Flip",
    "target_eligibility_quarter": "NA"
   }
  },
  {
   "type": "Feature",
   "geometry": {
    "type": "Point",
    "coordinates": [
     138.61383613,
     -34.6001298
    ]
   },
   "properties": {
    "name": "281 HAYMAN ROAD LEWISTON 5501",
    "locID": "LOC000031672058",
    "tech": "WIRELESS",
    "upgrade": "FTTP",
    "gnaf_pid": "GASA_414997000",
    "ee": true,
    "tech_change_status": "Eligible to Order",
    "program_type": "Regional Area Flip",
    "target_eligibility_quarter": "NA"
   }
  },
  {
   "type": "Feature",
   "geometry": {
    "type": "Point",
    "coordinates": [
     138.61438626,
     -34.6001155
    ]
   },
   "properties": {
    "name": "283 HAYMAN ROAD LEWISTON 5501",
    "locID": "LOC000088575720",
    "tech": "FTTP",
    "upgrade": "NULL_NA",
    "gnaf_pid": "GASA_414997001",
    "ee": true,
    "tech_change_status": "Previous Tech Disconnected",
    "program_type": "Regional Area Flip",
    "target_eligibility_quarter": "NA"
   }
  },
  {
   "type": "Feature",
   "geometry": {
    "type": "Point",
    "coordinates": [
     138.61492963,
     -34.6001012
    ]
   },
   "properties": {
    "name": "285 HAYMAN ROAD LEWISTON 5501",
    "locID": "LOC000075685945",
    "tech": "FTTP",
    "upgrade": "NULL_NA",
    "gnaf_pid": "GASA_414997002",
    "ee": true,
    "tech_change_status": "Eligible to Order",
    "program_type": "Regional Area Flip"
   }
  },
  {
   "type": "Feature",
   "geometry": {
    "type": "Point",
    "coordinates": [
     138.61547513,
     -34.600087
    ]
   },
   "properties": {
    "name": "287 HAYMAN ROAD LEWISTON 5501",
    "locID": "LOC000002719910",
    "tech": "FTTP",
    "upgrade": "NULL_NA",
    "gnaf_pid": "GASA_414997003",
    "ee": true,
    "tech_change_status": "Previous Tech Disconnected",
    "program_type": "Regional Area Flip",
    "target_eligibility_quarter": "NA"
   }
  },
  {
   "type": "Feature",
   "geometry": {
    "type": "Point",
    "coordinates": [
     138.61603813,
     -34.6000722
    ]
   },
   "properties": {
    "name": "289 HAYMAN ROAD LEWISTON 5501",
    "locID": "LOC000025214209",
    "tech": "FTTP",
    "upgrade": "NULL_NA",
    "gnaf_pid": "GASA_414997004",
    "ee": true,
    "tech_change_status": "Previous Tech Disconnected",
    "program_type": "Regional Area Flip"
   }
  },
  {
   "type": "Feature",
   "geometry": {
    "type": "Point",
    "coordinates": [
     138.61682376,
     -34.6000507
    ]
   },
   "properties": {
    "name": "291 HAYMAN ROAD LEWISTON 5501",
    "locID": "LOC000047691737",
    "tech": "FTTP",
    "upgrade": "NULL_NA",
    "gnaf_pid": "GASA_414997005",
    "ee": true,
    "tech_change_status": "Eligible to Order",
    "program_type": "Regional Area Flip",
    "target_eligibility_quarter": "NA"
   }
  },
  {
   "type": "Feature",
   "geometry": {
    "type": "Point",
    "coordinates": [
     138.61737188,
     -34.6000366
    ]
   },
   "properties": {
    "name": "293 HAYMAN ROAD LEWISTON 5501",
    "locID": "LOC000105179541",
    "tech": "FTTP",
    "upgrade": "NULL_NA",
    "gnaf_pid": "GASA_414997006",
    "ee": true,
    "tech_change_status": "Previous Tech Disconnected",
    "program_type": "Regional Area Flip",
    "target_eligibility_quarter": "NA"
   }
  },
  {
   "type": "Feature",
   "geometry": {
    "type": "Point",
    "coordinates": [
     138.61791418,
     -34.60002272
    ]
   },
   "properties": {
    "name": "295 HAYMAN ROAD LEWISTON 5501",
    "locID": "LOC000100423873",
    "tech": "WIRELESS",
    "upgrade": "FTTP",
    "gnaf_pid": "GASA_414997820",
    "ee": true,
    "tech_change_status": "Eligible to Order",
    "program_type": "Regional Area Flip",
    "target_eligibility_quarter": "NA"
   }
  },
  {
   "type": "Feature",
   "geometry": {
    "type": "Point",
    "coordinates": [
     138.61846738,
     -34.6000083
    ]
   },
   "properties": {
    "name": "297 HAYMAN ROAD LEWISTON 5501",
    "locID": "LOC000085546165",
    "tech": "FTTP",
    "upgrade": "NULL_NA",
    "gnaf_pid": "GASA_414997821",
    "ee": true,
    "tech_change_status": "Eligible to Order",
    "program_type": "Regional Area Flip"
   }
  },
  {
   "type": "Feature",
   "geometry": {
    "type": "Point",
    "coordinates": [
     138.57764916,
     -34.5929415
    ]
   },
   "properties": {
    "name": "82 GAWLER ROAD LEWISTON 5501",
    "locID": "LOC100056451117",
    "tech": "WIRELESS",
    "upgrade": "NULL_NA",
    "gnaf_pid": "GASA_414998180",
    "ee": true,
    "tech_change_status": "Not Planned",
    "program_type": "Fixed Wireless and Satellite Upgrade Program",
    "target_eligibility_quarter": "NA"
   }
  },
  {
   "type": "Feature",
   "geometry": {
    "type": "Point",
    "coordinates": [
     138.5784249,
     -34.59292063
    ]
   },
   "properties": {
    "name": "84 GAWLER ROAD LEWISTON 5501",
    "locID": "LOC100055256425",
    "tech": "WIRELESS",
    "upgrade": "NULL_NA",
    "gnaf_pid": "GASA_414998181",
    "ee": true,
    "tech_change_status": "Not Planned",
    "program_type": "Fixed Wireless and Satellite Upgrade Program",
    "target_eligibility_quarter": "NA"
   }
  },
  {
   "type": "Feature",
   "geometry": {
    "type": "Point",
    "coordinates": [
     138.62191413,
     -34.5999605
    ]
   },
   "properties": {
    "name": "307 HAYMAN ROAD LEWISTON 5501",
    "locID": "LOC000095320815",
    "tech": "FTTP",
    "upgrade": "NULL_NA",
    "gnaf_pid": "GASA_414998604",
    "ee": true,
    "tech_change_status": "Previous Tech Disconnected",
    "program_type": "Regional Area Flip",
    "target_eligibility_quarter": "NA"
   }
  },
  {
   "type": "Feature",
   "geometry": {
    "type": "Point",
    "coordinates": [
     138.62135238,
     -34.5999758
    ]
   },
   "properties": {
    "name": "305 HAYMAN ROAD LEWISTON 5501",
    "locID": "LOC000038321553",
    "tech": "WIRELESS",
    "upgrade": "FTTP",
    "gnaf_pid": "GASA_414998605",
    "ee": true,
    "tech_change_status": "Eligible to Order",
    "program_type": "Regional Area Flip",
    "target_eligibility_quarter": "NA"
   }
  },
  {
   "type": "Feature",
   "geometry": {
    "type": "Point",
    "coordinates": [
     138.62078051,
     -34.5999915
    ]
   },
   "properties": {
    "name": "303 HAYMAN ROAD LEWISTON 5501",
    "locID": "LOC000104769923",
    "tech": "FTTP",
    "upgrade": "NULL_NA",
    "gnaf_pid": "GASA_414998606",
    "ee": true,
    "tech_change_status": "Eligible to Order",
    "program_type": "Regional Area Flip"
   }
  },
  {
   "type": "Feature",
   "geometry": {
    "type": "Point",
    "coordinates": [
     138.62014259,
     -34.60006848
    ]
   },
   "properties": {
    "name": "301 HAYMAN ROAD LEWISTON 5501",
    "locID": "LOC000077633504",
    "tech": "FTTP",
    "upgrade": "NULL_NA",
    "gnaf_pid": "GASA_414998607",
    "ee": true,
    "tech_change_status": "Previous Tech Disconnected",
    "program_type": "Regional Area Flip"
   }
  },
  {
   "type": "Feature",
   "geometry": {
    "type": "Point",
    "coordinates": [
     138.61938558,
     -34.59997831
    ]
   },
   "properties": {
    "name": "299 HAYMAN ROAD LEWISTON 5501",
    "locID": "LOC000027421488",
    "tech": "WIRELESS",
    "upgrade": "FTTP",
    "gnaf_pid": "GASA_414999111",
    "ee": true,
    "tech_change_status": "Eligible to Order",
    "program_type": "Regional Area Flip",
    "target_eligibility_quarter": "NA"
   }
  },
  {
   "type": "Feature",
   "geometry": {
    "type": "Point",
    "coordinates": [
     138.62074626,
     -34.5983283
    ]
   },
   "properties": {
    "name": "14 WIRRAMULLA ROAD LEWISTON 5501",
    "locID": "LOC000031241756",
    "tech": "FTTP",
    "upgrade": "NULL_NA",
    "gnaf_pid": "GASA_414999112",
    "ee": true,
    "tech_change_status": "Eligible to Order",
    "program_type": "Regional Area Flip"
   }
  },
  {
   "type": "Feature",
   "geometry": {
    "type": "Point",
    "coordinates": [
     138.62128226,
     -34.5982922
    ]
   },
   "properties": {
    "name": "12 WIRRAMULLA ROAD LEWISTON 5501",
    "locID": "LOC000087798963",
    "tech": "FTTP",
    "upgrade": "NULL_NA",
    "gnaf_pid": "GASA_414999113",
    "ee": true,
    "tech_change_status": "Eligible to Order",
    "program_type": "Regional Area Flip"
   }
  },
  {
   "type": "Feature",
   "geometry": {
    "type": "Point",
    "coordinates": [
     138.62183201,
     -34.5982762
    ]
   },
   "properties": {
    "name": "10 WIRRAMULLA ROAD LEWISTON 5501",
    "locID": "LOC000043744319",
    "tech": "WIRELESS",
    "upgrade": "FTTP",
    "gnaf_pid": "GASA_414999114",
    "ee": true,
    "tech_change_status": "Eligible to Order",
    "program_type": "Regional Area Flip",
    "target_eligibility_quarter": "NA"
   }
  },
  {
   "type": "Feature",
   "geometry": {
    "type": "Point",
    "coordinates": [
     138.62240951,
     -34.59825239
    ]
   },
   "properties": {
    "name": "8 WIRRAMULLA ROAD LEWISTON 5501",
    "locID": "LOC000085955830",
    "tech": "FTTP",
    "upgrade": "NULL_NA",
    "gnaf_pid": "GASA_414999115",
    "ee": true,
    "tech_change_status": "Eligible to Order",
    "program_type": "Regional Area Flip"
   }
  },
  {
   "type": "Feature",
   "geometry": {
    "type": "Point",
    "coordinates": [
     138.62299051,
     -34.5982425
    ]
   },
   "properties": {
    "name": "6 WIRRAMULLA ROAD LEWISTON 5501",
    "locID": "LOC000088615778",
    "tech": "FTTP",
    "upgrade": "NULL_NA",
    "gnaf_pid": "GASA_414999116",
    "ee": true,
    "tech_change_status": "Eligible to Order",
    "program_type": "Regional Area Flip"
   }
  },
  {
   "type": "Feature",
   "geometry": {
    "type": "Point",
    "coordinates": [
     138.62357551,
     -34.5982255
    ]
   },
   "properties": {
    "name": "4 WIRRAMULLA ROAD LEWISTON 5501",
    "locID": "LOC000102710414",
    "tech": "WIRELESS",
    "upgrade": "FTTP",
    "gnaf_pid": "GASA_414999117",
    "ee": true,
    "tech_change_status": "Eligible to Order",
    "program_type": "Regional Area Flip",
    "target_eligibility_quarter": "NA"
   }
  },
  {
   "type": "Feature",
   "geometry": {
    "type": "Point",
    "coordinates": [
     138.62418138,
     -34.5982078
    ]
   },
   "properties": {
    "name": "2 WIRRAMULLA ROAD LEWISTON 5501",
    "locID": "LOC000087103002",
    "tech": "WIRELESS",
    "upgrade": "FTTP",
    "gnaf_pid": "GASA_414999118",
    "ee": true,
    "tech_change_status": "Eligible to Order",
    "program_type": "Regional Area Flip",
    "target_eligibility_quarter": "NA"
   }
  },
  {
   "type": "Feature",
   "geometry": {
    "type": "Point",
    "coordinates": [
     138.62410513,
     -34.596399
    ]
   },
   "properties": {
    "name": "1 WIRRAMULLA ROAD LEWISTON 5501",
    "locID": "LOC000059342903",
    "tech": "FTTP",
    "upgrade": "NULL_NA",
    "gnaf_pid": "GASA_414999119",
    "ee": true,
    "tech_change_status": "Eligible to Order",
    "program_type": "Regional Area Flip",
    "target_eligibility_quarter": "NA"
   }
  },
  {
   "type": "Feature",
   "geometry": {
    "type": "Point",
    "coordinates": [
     138.62351013,
     -34.5964176
    ]
   },
   "properties": {
    "name": "3 WIRRAMULLA ROAD LEWISTON 5501",
    "locID": "LOC000056771477",
    "tech": "FTTP",
    "upgrade": "NULL_NA",
    "gnaf_pid": "GASA_414999120",
    "ee": true,
    "tech_change_status": "Previous Tech Disconnected",
    "program_type": "Regional Area Flip"
   }
  },
  {
   "type": "Feature",
   "geometry": {
    "type": "Point",
    "coordinates": [
     138.62292576,
     -34.5964362
    ]
   },
   "properties": {
    "name": "5 WIRRAMULLA ROAD LEWISTON 5501",
    "locID": "LOC000094534004",
    "tech": "FTTP",
    "upgrade": "NULL_NA",
    "gnaf_pid": "GASA_414999121",
    "ee": true,
    "tech_change_status": "Previous Tech Disconnected",
    "program_type": "Regional Area Flip"
   }
  },
  {
   "type": "Feature",
   "geometry": {
    "type": "Point",
    "coordinates": [
     138.62233688,
     -34.596455
    ]
   },
   "properties": {
    "name": "7 WIRRAMULLA ROAD LEWISTON 5501",
    "locID": "LOC000021314992",
    "tech": "WIRELESS",
    "upgrade": "FTTP",
    "gnaf_pid": "GASA_414999122",
    "ee": true,
    "tech_change_status": "Eligible to Order",
    "program_type": "Regional Area Flip",
    "target_eligibility_quarter": "NA"
   }
  },
  {
   "type": "Feature",
   "geometry": {
    "type": "Point",
    "coordinates": [
     138.62175876,
     -34.5964733
    ]
   },
   "properties": {
    "name": "9 WIRRAMULLA ROAD LEWISTON 5501",
    "locID": "LOC000057693073",
    "tech": "WIRELESS",
    "upgrade": "FTTP",
    "gnaf_pid": "GASA_414999123",
    "ee": true,
    "tech_change_status": "Eligible to Order",
    "program_type": "Regional Area Flip",
    "target_eligibility_quarter": "NA"
   }
  },
  {
   "type": "Feature",
   "geometry": {
    "type": "Point",
    "coordinates": [
     138.62119126,
     -34.5964915
    ]
   },
   "properties": {
    "name": "11 WIRRAMULLA ROAD LEWISTON 5501",
    "locID": "LOC000047184362",
    "tech": "FTTP",
    "upgrade": "NULL_NA",
    "gnaf_pid": "GASA_414999124",
    "ee": true,
    "tech_change_status": "Eligible to Order",
    "program_type": "Regional Area Flip"
   }
  },
  {
   "type": "Feature",
   "geometry": {
    "type": "Point",
    "coordinates": [
     138.62067684,
     -34.59653855
    ]
   },
   "properties": {
    "name": "13 WIRRAMULLA ROAD LEWISTON 5501",
    "locID": "LOC000039227813",
    "tech": "WIRELESS",
    "upgrade": "FTTP",
    "gnaf_pid": "GASA_414999125",
    "ee": true,
    "tech_change_status": "Eligible to Order",
    "program_type": "Regional Area Flip",
    "target_eligibility_quarter": "NA"
   }
  },
  {
   "type": "Feature",
   "geometry": {
    "type": "Point",
    "coordinates": [
     138.61962663,
     -34.5954795
    ]
   },
   "properties": {
    "name": "1 LOUISA ROAD LEWISTON 5501",
    "locID": "LOC000002722670",
    "tech": "WIRELESS",
    "upgrade": "FTTP",
    "gnaf_pid": "GASA_414999126",
    "ee": true,
    "tech_change_status": "Eligible to Order",
    "program_type": "Regional Area Flip",
    "target_eligibility_quarter": "NA"
   }
  },
  {
   "type": "Feature",
   "geometry": {
    "type": "Point",
    "coordinates": [
     138.61961126,
     -34.595011
    ]
   },
   "properties": {
    "name": "3 LOUISA ROAD LEWISTON 5501",
    "locID": "LOC000069774253",
    "tech": "WIRELESS",
    "upgrade": "FTTP",
    "gnaf_pid": "GASA_414999127",
    "ee": true,
    "tech_change_status": "New Tech Connected",
    "program_type": "Regional Area Flip",
    "target_eligibility_quarter": "NA"
   }
  },
  {
   "type": "Feature",
   "geometry": {
    "type": "Point",
    "coordinates": [
     138.61959401,
     -34.5945446
    ]
   },
   "properties": {
    "name": "5 LOUISA ROAD LEWISTON 5501",
    "locID": "LOC000061749950",
    "tech": "WIRELESS",
    "upgrade": "FTTP",
    "gnaf_pid": "GASA_414999128",
    "ee": true,
    "tech_change_status": "Eligible to Order",
    "program_type": "Regional Area Flip",
    "target_eligibility_quarter": "NA"
   }
  },
  {
   "type": "Feature",
   "geometry": {
    "type": "Point",
    "coordinates": [
     138.61957676,
     -34.5940857
    ]
   },
   "properties": {
    "name": "7 LOUISA ROAD LEWISTON 5501",
    "locID": "LOC000041462047",
    "tech": "FTTP",
    "upgrade": "NULL_NA",
    "gnaf_pid": "GASA_414999129",
    "ee": true,
    "tech_change_status": "Eligible to Order",
    "program_type": "Regional Area Flip"
   }
  },
  {
   "type": "Feature",
   "geometry": {
    "type": "Point",
    "coordinates": [
     138.61955988,
     -34.5936266
    ]
   },
   "properties": {
    "name": "9 LOUISA ROAD LEWISTON 5501",
    "locID": "LOC000007531771",
    "tech": "FTTP",
    "upgrade": "NULL_NA",
    "gnaf_pid": "GASA_414999130",
    "ee": true,
    "tech_change_status": "Eligible to Order",
    "program_type": "Regional Area Flip"
   }
  },
  {
   "type": "Feature",
   "geometry": {
    "type": "Point",
    "coordinates": [
     138.61954276,
     -34.5931646
    ]
   },
   "properties": {
    "name": "11 LOUISA ROAD LEWISTON 5501",
    "locID": "LOC000083730562",
    "tech": "WIRELESS",
    "upgrade": "FTTP",
    "gnaf_pid": "GASA_414999131",
    "ee": true,
    "tech_change_status": "Eligible to Order",
    "program_type": "Regional Area Flip",
    "target_eligibility_quarter": "NA"
   }
  },
  {
   "type": "Feature",
   "geometry": {
    "type": "Point",
    "coordinates": [
     138.61952588,
     -34.5927092
    ]
   },
   "properties": {
    "name": "13 LOUISA ROAD LEWISTON 5501",
    "locID": "LOC000017829033",
    "tech": "WIRELESS",
    "upgrade": "FTTP",
    "gnaf_pid": "GASA_414999132",
    "ee": true,
    "tech_change_status": "Eligible to Order",
    "program_type": "Regional Area Flip",
    "target_eligibility_quarter": "NA"
   }
  },
  {
   "type": "Feature",
   "geometry": {
    "type": "Point",
    "coordinates": [
     138.61950876,
     -34.5922513
    ]
   },
   "properties": {
    "name": "15 LOUISA ROAD LEWISTON 5501",
    "locID": "LOC000021699804",
    "tech": "WIRELESS",
    "upgrade": "FTTP",
    "gnaf_pid": "GASA_414999133",
    "ee": true,
    "tech_change_status": "Eligible to Order",
    "program_type": "Regional Area Flip",
    "target_eligibility_quarter": "NA"
   }
  },
  {
   "type": "Feature",
   "geometry": {
    "type": "Point",
    "coordinates": [
     138.61949163,
     -34.5917883
    ]
   },
   "properties": {
    "name": "17 LOUISA ROAD LEWISTON 5501",
    "locID": "LOC000052196485",
    "tech": "FTTP",
    "upgrade": "NULL_NA",
    "gnaf_pid": "GASA_414999134",
    "ee": true,
    "tech_change_status": "Previous Tech Disconnected",
    "program_type": "Regional Area Flip"
   }
  },
  {
   "type": "Feature",
   "geometry": {
    "type": "Point",
    "coordinates": [
     138.61947451,
     -34.5913262
    ]
   },
   "properties": {
    "name": "19 LOUISA ROAD LEWISTON 5501",
    "locID": "LOC000018770975",
    "tech": "WIRELESS",
    "upgrade": "FTTP",
    "gnaf_pid": "GASA_414999135",
    "ee": true,
    "tech_change_status": "Eligible to Order",
    "program_type": "Regional Area Flip",
    "target_eligibility_quarter": "NA"
   }
  },
  {
   "type": "Feature",
   "geometry": {
    "type": "Point",
    "coordinates": [
     138.61945738,
     -34.5908652
    ]
   },
   "properties": {
    "name": "21 LOUISA ROAD LEWISTON 5501",
    "locID": "LOC000105570022",
    "tech": "FTTP",
    "upgrade": "NULL_NA",
    "gnaf_pid": "GASA_414999136",
    "ee": true,
    "tech_change_status": "Eligible to Order",
    "program_type": "Regional Area Flip",
    "target_eligibility_quarter": "NA"
   }
  },
  {
   "type": "Feature",
   "geometry": {
    "type": "Point",
    "coordinates": [
     138.62082902,
     -34.59122216
    ]
   },
   "properties": {
    "name": "158 GAWLER ROAD LEWISTON 5501",
    "locID": "LOC000050082367",
    "tech": "FTTP",
    "upgrade": "NULL_NA",
    "gnaf_pid": "GASA_414999137",
    "ee": true,
    "tech_change_status": "Previous Tech Disconnected",
    "program_type": "Regional Area Flip",
    "target_eligibility_quarter": "NA"
   }
  },
  {
   "type": "Feature",
   "geometry": {
    "type": "Point",
    "coordinates": [
     138.62150848,
     -34.59120501
    ]
   },
   "properties": {
    "name": "160 GAWLER ROAD LEWISTON 5501",
    "locID": "LOC000057781810",
    "tech": "WIRELESS",
    "upgrade": "FTTP",
    "gnaf_pid": "GASA_414999138",
    "ee": true,
    "tech_change_status": "Eligible to Order",
    "program_type": "Regional Area Flip",
    "target_eligibility_quarter": "NA"
   }
  },
  {
   "type": "Feature",
   "geometry": {
    "type": "Point",
    "coordinates": [
     138.59598813,
     -34.6005882
    ]
   },
   "properties": {
    "name": "223 HAYMAN ROAD LEWISTON 5501",
    "locID": "LOC000049676525",
    "tech": "FTTP",
    "upgrade": "NULL_NA",
    "gnaf_pid": "GASA_414999147",
    "ee": true,
    "tech_change_status": "Eligible to Order",
    "program_type": "Regional Area Flip"
   }
  },
  {
   "type": "Feature",
   "geometry": {
    "type": "Point",
    "coordinates": [
     138.59542885,
     -34.60057784
    ]
   },
   "properties": {
    "name": "221 HAYMAN ROAD LEWISTON 5501",
    "locID": "LOC000111565438",
    "tech": "WIRELESS",
    "upgrade": "FTTP",
    "gnaf_pid": "GASA_414999148",
    "ee": true,
    "tech_change_status": "Eligible to Order",
    "program_type": "Regional Area Flip",
    "target_eligibility_quarter": "NA"
   }
  },
  {
   "type": "Feature",
   "geometry": {
    "type": "Point",
    "coordinates": [
     138.59485104,
     -34.60555157
    ]
   },
   "properties": {
    "name": "38 PEDERICK ROAD LEWISTON 5501",
    "locID": "LOC000003588364",
    "tech": "WIRELESS",
    "upgrade": "FTTP",
    "gnaf_pid": "GASA_414999149",
    "ee": true,
    "tech_change_status": "Eligible to Order",
    "program_type": "Regional Area Flip",
    "target_eligibility_quarter": "NA"
   }
  },
  {
   "type": "Feature",
   "geometry": {
    "type": "Point",
    "coordinates": [
     138.59413467,
     -34.59938971
    ]
   },
   "properties": {
    "name": "40 PEDERICK ROAD LEWISTON 5501",
    "locID": "LOC000071289524",
    "tech": "WIRELESS",
    "upgrade": "FTTP",
    "gnaf_pid": "GASA_414999150",
    "ee": true,
    "tech_change_status": "Eligible to Order",
    "program_type": "Regional Area Flip",
    "target_eligibility_quarter": "NA"
   }
  },
  {
   "type": "Feature",
   "geometry": {
    "type": "Point",
    "coordinates": [
     138.59417531,
     -34.59859772
    ]
   },
   "properties": {
    "name": "42 PEDERICK ROAD LEWISTON 5501",
    "locID": "LOC000040570112",
    "tech": "WIRELESS",
    "upgrade": "FTTP",
    "gnaf_pid": "GASA_414999151",
    "ee": true,
    "tech_change_status": "Eligible to Order",
    "program_type": "Regional Area Flip",
    "target_eligibility_quarter": "NA"
   }
  },
  {
   "type": "Feature",
   "geometry": {
    "type": "Point",
    "coordinates": [
     138.62727613,
     -34.5931021
    ]
   },
   "properties": {
    "name": "5 COCKATOO ROAD LEWISTON 5501",
    "locID": "LOC000060150205",
    "tech": "WIRELESS",
    "upgrade": "FTTP",
    "gnaf_pid": "GASA_414999247",
    "ee": true,
    "tech_change_status": "Eligible to Order",
    "program_type": "Regional Area Flip",
    "target_eligibility_quarter": "NA"
   }
  },
  {
   "type": "Feature",
   "geometry": {
    "type": "Point",
    "coordinates": [
     138.62645164,
     -34.59460916
    ]
   },
   "properties": {
    "name": "2 COCKATOO ROAD LEWISTON 5501",
    "locID": "LOC000109853418",
    "tech": "FTTP",
    "upgrade": "NULL_NA",
    "gnaf_pid": "GASA_414999248",
    "ee": true,
    "tech_change_status": "Eligible to Order",
    "program_type": "Regional Area Flip"
   }
  },
  {
   "type": "Feature",
   "geometry": {
    "type": "Point",
    "coordinates": [
     138.62723476,
     -34.5946041
    ]
   },
   "properties": {
    "name": "4 COCKATOO ROAD LEWISTON 5501",
    "locID": "LOC000067108644",
    "tech": "WIRELESS",
    "upgrade": "FTTP",
    "gnaf_pid": "GASA_414999249",
    "ee": true,
    "tech_change_status": "Eligible to Order",
    "program_type": "Regional Area Flip",
    "target_eligibility_quarter": "NA"
   }
  },
  {
   "type": "Feature",
   "geometry": {
    "type": "Point",
    "coordinates": [
     138.62693026,
     -34.59539174
    ]
   },
   "properties": {
    "name": "14 HARNIMAN ROAD LEWISTON 5501",
    "locID": "LOC000047768905",
    "tech": "FTTP",
    "upgrade": "NULL_NA",
    "gnaf_pid": "GASA_414999250",
    "ee": true,
    "tech_change_status": "Previous Tech Disconnected",
    "program_type": "Regional Area Flip",
    "target_eligibility_quarter": "NA"
   }
  },
  {
   "type": "Feature",
   "geometry": {
    "type": "Point",
    "coordinates": [
     138.62695988,
     -34.5959378
    ]
   },
   "properties": {
    "name": "12 HARNIMAN ROAD LEWISTON 5501",
    "locID": "LOC000093881588",
    "tech": "WIRELESS",
    "upgrade": "FTTP",
    "gnaf_pid": "GASA_414999251",
    "ee": true,
    "tech_change_status": "Eligible to Order",
    "program_type": "Regional Area Flip",
    "target_eligibility_quarter": "NA"
   }
  },
  {
   "type": "Feature",
   "geometry": {
    "type": "Point",
    "coordinates": [
     138.62698076,
     -34.5964852
    ]
   },
   "properties": {
    "name": "10 HARNIMAN ROAD LEWISTON 5501",
    "locID": "LOC000097153243",
    "tech": "FTTP",
    "upgrade": "NULL_NA",
    "gnaf_pid": "GASA_414999252",
    "ee": true,
    "tech_change_status": "Eligible to Order",
    "program_type": "Regional Area Flip"
   }
  },
  {
   "type": "Feature",
   "geometry": {
    "type": "Point",
    "coordinates": [
     138.62700176,
     -34.5970335
    ]
   },
   "properties": {
    "name": "8 HARNIMAN ROAD LEWISTON 5501",
    "locID": "LOC000082348425",
    "tech": "WIRELESS",
    "upgrade": "FTTP",
    "gnaf_pid": "GASA_414999253",
    "ee": true,
    "tech_change_status": "Eligible to Order",
    "program_type": "Regional Area Flip",
    "target_eligibility_quarter": "NA"
   }
  },
  {
   "type": "Feature",
   "geometry": {
    "type": "Point",
    "coordinates": [
     138.62702301,
     -34.597587
    ]
   },
   "properties": {
    "name": "6 HARNIMAN ROAD LEWISTON 5501",
    "locID": "LOC000049033330",
    "tech": "WIRELESS",
    "upgrade": "FTTP",
    "gnaf_pid": "GASA_414999254",
    "ee": true,
    "tech_change_status": "Eligible to Order",
    "program_type": "Regional Area Flip",
    "target_eligibility_quarter": "NA"
   }
  },
  {
   "type": "Feature",
   "geometry": {
    "type": "Point",
    "coordinates": [
     138.62704413,
     -34.5981387
    ]
   },
   "properties": {
    "name": "4 HARNIMAN ROAD LEWISTON 5501",
    "locID": "LOC000039393237",
    "tech": "FTTP",
    "upgrade": "NULL_NA",
    "gnaf_pid": "GASA_414999255",
    "ee": true,
    "tech_change_status": "Previous Tech Disconnected",
    "program_type": "Regional Area Flip",
    "target_eligibility_quarter": "NA"
   }
  },
  {
   "type": "Feature",
   "geometry": {
    "type": "Point",
    "coordinates": [
     138.59433367,
     -34.59792106
    ]
   },
   "properties": {
    "name": "44 PEDERICK ROAD LEWISTON 5501",
    "locID": "LOC000051332244",
    "tech": "FTTP",
    "upgrade": "NULL_NA",
    "gnaf_pid": "GASA_414999833",
    "ee": true,
    "tech_change_status": "Previous Tech Disconnected",
    "program_type": "Regional Area Flip",
    "target_eligibility_quarter": "NA"
   }
  },
  {
   "type": "Feature",
   "geometry": {
    "type": "Point",
    "coordinates": [
     138.59444194,
     -34.59740123
    ]
   },
   "properties": {
    "name": "46 PEDERICK ROAD LEWISTON 5501",
    "locID": "LOC000067063521",
    "tech": "WIRELESS",
    "upgrade": "FTTP",
    "gnaf_pid": "GASA_414999834",
    "ee": true,
    "tech_change_status": "New Tech Connected",
    "program_type": "Regional Area Flip",
    "target_eligibility_quarter": "NA"
   }
  },
  {
   "type": "Feature",
   "geometry": {
    "type": "Point",
    "coordinates": [
     138.59425949,
     -34.5968542
    ]
   },
   "properties": {
    "name": "48 PEDERICK ROAD LEWISTON 5501",
    "locID": "LOC000042986003",
    "tech": "WIRELESS",
    "upgrade": "FTTP",
    "gnaf_pid": "GASA_414999835",
    "ee": true,
    "tech_change_status": "Eligible to Order",
    "program_type": "Regional Area Flip",
    "target_eligibility_quarter": "NA"
   }
  },
  {
   "type": "Feature",
   "geometry": {
    "type": "Point",
    "coordinates": [
     138.58656226,
     -34.6061165
    ]
   },
   "properties": {
    "name": "3 LAWRIE ROAD LEWISTON 5501",
    "locID": "LOC000001829251",
    "tech": "FTTP",
    "upgrade": "NULL_NA",
    "gnaf_pid": "GASA_414999901",
    "ee": true,
    "tech_change_status": "Previous Tech Disconnected",
    "program_type": "Regional Area Flip"
   }
  },
  {
   "type": "Feature",
   "geometry": {
    "type": "Point",
    "coordinates": [
     138.58657988,
     -34.6066601
    ]
   },
   "properties": {
    "name": "1 LAWRIE ROAD LEWISTON 5501",
    "locID": "LOC000003427807",
    "tech": "WIRELESS",
    "upgrade": "FTTP",
    "gnaf_pid": "GASA_414999902",
    "ee": true,
    "tech_change_status": "Eligible to Order",
    "program_type": "Regional Area Flip",
    "target_eligibility_quarter": "NA"
   }
  },
  {
   "type": "Feature",
   "geometry": {
    "type": "Point",
    "coordinates": [
     138.58002188,
     -34.6046165
    ]
   },
   "properties": {
    "name": "61 BETHESDA ROAD LEWISTON 5501",
    "locID": "LOC000097176803",
    "tech": "FTTP",
    "upgrade": "NULL_NA",
    "gnaf_pid": "GASA_414999969",
    "ee": true,
    "tech_change_status": "Eligible to Order",
    "program_type": "Regional Area Flip"
   }
  },
  {
   "type": "Feature",
   "geometry": {
    "type": "Point",
    "coordinates": [
     138.62553851,
     -34.5925352
    ]
   },
   "properties": {
    "name": "18 HARNIMAN ROAD LEWISTON 5501",
    "locID": "LOC000103775616",
    "tech": "WIRELESS",
    "upgrade": "FTTP",
    "gnaf_pid": "GASA_415001149",
    "ee": true,
    "tech_change_status": "Eligible to Order",
    "program_type": "Regional Area Flip",
    "target_eligibility_quarter": "NA"
   }
  },
  {
   "type": "Feature",
   "geometry": {
    "type": "Point",
    "coordinates": [
     138.62558923,
     -34.59301636
    ]
   },
   "properties": {
    "name": "16 HARNIMAN ROAD LEWISTON 5501",
    "locID": "LOC000048936745",
    "tech": "WIRELESS",
    "upgrade": "FTTP",
    "gnaf_pid": "GASA_415001150",
    "ee": true,
    "tech_change_status": "Eligible to Order",
    "program_type": "Regional Area Flip",
    "target_eligibility_quarter": "NA"
   }
  },
  {
   "type": "Feature",
   "geometry": {
    "type": "Point",
    "coordinates": [
     138.62670601,
     -34.5931165
    ]
   },
   "properties": {
    "name": "3 COCKATOO ROAD LEWISTON 5501",
    "locID": "LOC000074049610",
    "tech": "FTTP",
    "upgrade": "NULL_NA",
    "gnaf_pid": "GASA_415001152",
    "ee": true,
    "tech_change_status": "Eligible to Order",
    "program_type": "Regional Area Flip"
   }
  },
  {
   "type": "Feature",
   "geometry": {
    "type": "Point",
    "coordinates": [
     138.62144126,
     -34.59202
    ]
   },
   "properties": {
    "name": "10 LOUISA ROAD LEWISTON 5501",
    "locID": "LOC000083649514",
    "tech": "FTTP",
    "upgrade": "NULL_NA",
    "gnaf_pid": "GASA_415001788",
    "ee": true,
    "tech_change_status": "Eligible to Order",
    "program_type": "Regional Area Flip"
   }
  },
  {
   "type": "Feature",
   "geometry": {
    "type": "Point",
    "coordinates": [
     138.62145776,
     -34.5924706
    ]
   },
   "properties": {
    "name": "8 LOUISA ROAD LEWISTON 5501",
    "locID": "LOC000039355018",
    "tech": "FTTP",
    "upgrade": "NULL_NA",
    "gnaf_pid": "GASA_415001789",
    "ee": true,
    "tech_change_status": "Eligible to Order",
    "program_type": "Regional Area Flip",
    "target_eligibility_quarter": "NA"
   }
  },
  {
   "type": "Feature",
   "geometry": {
    "type": "Point",
    "coordinates": [
     138.62147426,
     -34.5929251
    ]
   },
   "properties": {
    "name": "6 LOUISA ROAD LEWISTON 5501",
    "locID": "LOC000096025685",
    "tech": "WIRELESS",
    "upgrade": "FTTP",
    "gnaf_pid": "GASA_415001790",
    "ee": true,
    "tech_change_status": "Eligible to Order",
    "program_type": "Regional Area Flip",
    "target_eligibility_quarter": "NA"
   }
  },
  {
   "type": "Feature",
   "geometry": {
    "type": "Point",
    "coordinates": [
     138.62149038,
     -34.5933772
    ]
   },
   "properties": {
    "name": "4 LOUISA ROAD LEWISTON 5501",
    "locID": "LOC000031639062",
    "tech": "FTTP",
    "upgrade": "NULL_NA",
    "gnaf_pid": "GASA_415001791",
    "ee": true,
    "tech_change_status": "Previous Tech Disconnected",
    "program_type": "Regional Area Flip",
    "target_eligibility_quarter": "NA"
   }
  },
  {
   "type": "Feature",
   "geometry": {
    "type": "Point",
    "coordinates": [
     138.62150751,
     -34.5938538
    ]
   },
   "properties": {
    "name": "2 LOUISA ROAD LEWISTON 5501",
    "locID": "LOC000049608600",
    "tech": "WIRELESS",
    "upgrade": "FTTP",
    "gnaf_pid": "GASA_415001792",
    "ee": true,
    "tech_change_status": "Eligible to Order",
    "program_type": "Regional Area Flip",
    "target_eligibility_quarter": "NA"
   }
  },
  {
   "type": "Feature",
   "geometry": {
    "type": "Point",
    "coordinates": [
     138.62270876,
     -34.5933756
    ]
   },
   "properties": {
    "name": "5 MARGARET ROAD LEWISTON 5501",
    "locID": "LOC000007572363",
    "tech": "WIRELESS",
    "upgrade": "FTTP",
    "gnaf_pid": "GASA_415001793",
    "ee": true,
    "tech_change_status": "Eligible to Order",
    "program_type": "Regional Area Flip",
    "target_eligibility_quarter": "NA"
   }
  },
  {
   "type": "Feature",
   "geometry": {
    "type": "Point",
    "coordinates": [
     138.62330558,
     -34.59331266
    ]
   },
   "properties": {
    "name": "3 MARGARET ROAD LEWISTON 5501",
    "locID": "LOC000010378889",
    "tech": "FTTP",
    "upgrade": "NULL_NA",
    "gnaf_pid": "GASA_415001794",
    "ee": true,
    "tech_change_status": "Previous Tech Disconnected",
    "program_type": "Regional Area Flip",
    "target_eligibility_quarter": "NA"
   }
  },
  {
   "type": "Feature",
   "geometry": {
    "type": "Point",
    "coordinates": [
     138.62146501,
     -34.5949492
    ]
   },
   "properties": {
    "name": "10 MARGARET ROAD LEWISTON 5501",
    "locID": "LOC000063152804",
    "tech": "WIRELESS",
    "upgrade": "FTTP",
    "gnaf_pid": "GASA_415001796",
    "ee": true,
    "tech_change_status": "Eligible to Order",
    "program_type": "Regional Area Flip",
    "target_eligibility_quarter": "NA"
   }
  },
  {
   "type": "Feature",
   "geometry": {
    "type": "Point",
    "coordinates": [
     138.62258382,
     -34.59491939
    ]
   },
   "properties": {
    "name": "6 MARGARET ROAD LEWISTON 5501",
    "locID": "LOC000048985828",
    "tech": "FTTP",
    "upgrade": "NULL_NA",
    "gnaf_pid": "GASA_415001797",
    "ee": true,
    "tech_change_status": "Previous Tech Disconnected",
    "program_type": "Regional Area Flip",
    "target_eligibility_quarter": "NA"
   }
  },
  {
   "type": "Feature",
   "geometry": {
    "type": "Point",
    "coordinates": [
     138.62314188,
     -34.5949043
    ]
   },
   "properties": {
    "name": "4 MARGARET ROAD LEWISTON 5501",
    "locID": "LOC000109921341",
    "tech": "WIRELESS",
    "upgrade": "FTTP",
    "gnaf_pid": "GASA_415001799",
    "ee": true,
    "tech_change_status": "Eligible to Order",
    "program_type": "Regional Area Flip",
    "target_eligibility_quarter": "NA"
   }
  },
  {
   "type": "Feature",
   "geometry": {
    "type": "Point",
    "coordinates": [
     138.62371772,
     -34.59475348
    ]
   },
   "properties": {
    "name": "2 MARGARET ROAD LEWISTON 5501",
    "locID": "LOC000044751633",
    "tech": "WIRELESS",
    "upgrade": "FTTP",
    "gnaf_pid": "GASA_415001800",
    "ee": true,
    "tech_change_status": "Eligible to Order",
    "program_type": "Regional Area Flip",
    "target_eligibility_quarter": "NA"
   }
  },
  {
   "type": "Feature",
   "geometry": {
    "type": "Point",
    "coordinates": [
     138.57999601,
     -34.6039105
    ]
   },
   "properties": {
    "name": "63 BETHESDA ROAD LEWISTON 5501",
    "locID": "LOC000058686898",
    "tech": "WIRELESS",
    "upgrade": "FTTP",
    "gnaf_pid": "GASA_415002522",
    "ee": true,
    "tech_change_status": "Eligible to Order",
    "program_type": "Regional Area Flip",
    "target_eligibility_quarter": "NA"
   }
  },
  {
   "type": "Feature",
   "geometry": {
    "type": "Point",
    "coordinates": [
     138.57943776,
     -34.6028365
    ]
   },
   "properties": {
    "name": "172 HAYMAN ROAD LEWISTON 5501",
    "locID": "LOC000084542322",
    "tech": "FTTP",
    "upgrade": "NULL_NA",
    "gnaf_pid": "GASA_415002523",
    "ee": true,
    "tech_change_status": "Previous Tech Disconnected",
    "program_type": "Regional Area Flip"
   }
  },
  {
   "type": "Feature",
   "geometry": {
    "type": "Point",
    "coordinates": [
     138.58010738,
     -34.6069452
    ]
   },
   "properties": {
    "name": "53 BETHESDA ROAD LEWISTON 5501",
    "locID": "LOC000050750364",
    "tech": "FTTP",
    "upgrade": "NULL_NA",
    "gnaf_pid": "GASA_415002524",
    "ee": true,
    "tech_change_status": "Previous Tech Disconnected",
    "program_type": "Regional Area Flip",
    "target_eligibility_quarter": "NA"
   }
  },
  {
   "type": "Feature",
   "geometry": {
    "type": "Point",
    "coordinates": [
     138.58008876,
     -34.60644
    ]
   },
   "properties": {
    "name": "55 BETHESDA ROAD LEWISTON 5501",
    "locID": "LOC000106645632",
    "tech": "WIRELESS",
    "upgrade": "FTTP",
    "gnaf_pid": "GASA_415002525",
    "ee": true,
    "tech_change_status": "Eligible to Order",
    "program_type": "Regional Area Flip",
    "target_eligibility_quarter": "NA"
   }
  },
  {
   "type": "Feature",
   "geometry": {
    "type": "Point",
    "coordinates": [
     138.58005176,
     -34.6054303
    ]
   },
   "properties": {
    "name": "59 BETHESDA ROAD LEWISTON 5501",
    "locID": "LOC000102757358",
    "tech": "FTTP",
    "upgrade": "NULL_NA",
    "gnaf_pid": "GASA_415002527",
    "ee": true,
    "tech_change_status": "Previous Tech Disconnected",
    "program_type": "Regional Area Flip",
    "target_eligibility_quarter": "NA"
   }
  },
  {
   "type": "Feature",
   "geometry": {
    "type": "Point",
    "coordinates": [
     138.59207613,
     -34.594183
    ]
   },
   "properties": {
    "name": "83 PEDERICK ROAD LEWISTON 5501",
    "locID": "LOC000082257180",
    "tech": "WIRELESS",
    "upgrade": "FTTP",
    "gnaf_pid": "GASA_415002767",
    "ee": true,
    "tech_change_status": "Eligible to Order",
    "program_type": "Regional Area Flip",
    "target_eligibility_quarter": "NA"
   }
  },
  {
   "type": "Feature",
   "geometry": {
    "type": "Point",
    "coordinates": [
     138.59209338,
     -34.5946533
    ]
   },
   "properties": {
    "name": "81 PEDERICK ROAD LEWISTON 5501",
    "locID": "LOC000075967900",
    "tech": "WIRELESS",
    "upgrade": "FTTP",
    "gnaf_pid": "GASA_415002768",
    "ee": true,
    "tech_change_status": "Eligible to Order",
    "program_type": "Regional Area Flip",
    "target_eligibility_quarter": "NA"
   }
  },
  {
   "type": "Feature",
   "geometry": {
    "type": "Point",
    "coordinates": [
     138.59210963,
     -34.5951225
    ]
   },
   "properties": {
    "name": "79 PEDERICK ROAD LEWISTON 5501",
    "locID": "LOC000076474721",
    "tech": "WIRELESS",
    "upgrade": "FTTP",
    "gnaf_pid": "GASA_415002769",
    "ee": true,
    "tech_change_status": "Eligible to Order",
    "program_type": "Regional Area Flip",
    "target_eligibility_quarter": "NA"
   }
  },
  {
   "type": "Feature",
   "geometry": {
    "type": "Point",
    "coordinates": [
     138.59213076,
     -34.5957702
    ]
   },
   "properties": {
    "name": "77 PEDERICK ROAD LEWISTON 5501",
    "locID": "LOC000005835786",
    "tech": "FTTP",
    "upgrade": "NULL_NA",
    "gnaf_pid": "GASA_415002770",
    "ee": true,
    "tech_change_status": "Previous Tech Disconnected",
    "program_type": "Regional Area Flip",
    "target_eligibility_quarter": "NA"
   }
  },
  {
   "type": "Feature",
   "geometry": {
    "type": "Point",
    "coordinates": [
     138.59214788,
     -34.5962443
    ]
   },
   "properties": {
    "name": "75 PEDERICK ROAD LEWISTON 5501",
    "locID": "LOC000011843326",
    "tech": "FTTP",
    "upgrade": "NULL_NA",
    "gnaf_pid": "GASA_415002771",
    "ee": true,
    "tech_change_status": "Previous Tech Disconnected",
    "program_type": "Regional Area Flip",
    "target_eligibility_quarter": "NA"
   }
  },
  {
   "type": "Feature",
   "geometry": {
    "type": "Point",
    "coordinates": [
     138.58638463,
     -34.6026895
    ]
   },
   "properties": {
    "name": "17 LAWRIE ROAD LEWISTON 5501",
    "locID": "LOC000009238008",
    "tech": "FTTP",
    "upgrade": "NULL_NA",
    "gnaf_pid": "GASA_415003104",
    "ee": true,
    "tech_change_status": "Eligible to Order",
    "program_type": "Regional Area Flip"
   }
  },
  {
   "type": "Feature",
   "geometry": {
    "type": "Point",
    "coordinates": [
     138.58640363,
     -34.6031908
    ]
   },
   "properties": {
    "name": "15 LAWRIE ROAD LEWISTON 5501",
    "locID": "LOC000100458794",
    "tech": "FTTP",
    "upgrade": "NULL_NA",
    "gnaf_pid": "GASA_415003223",
    "ee": true,
    "tech_change_status": "Previous Tech Disconnected",
    "program_type": "Regional Area Flip"
   }
  },
  {
   "type": "Feature",
   "geometry": {
    "type": "Point",
    "coordinates": [
     138.58642263,
     -34.6036922
    ]
   },
   "properties": {
    "name": "13 LAWRIE ROAD LEWISTON 5501",
    "locID": "LOC000036229155",
    "tech": "FTTP",
    "upgrade": "NULL_NA",
    "gnaf_pid": "GASA_415003224",
    "ee": true,
    "tech_change_status": "Previous Tech Disconnected",
    "program_type": "Regional Area Flip",
    "target_eligibility_quarter": "NA"
   }
  },
  {
   "type": "Feature",
   "geometry": {
    "type": "Point",
    "coordinates": [
     138.58644176,
     -34.6041983
    ]
   },
   "properties": {
    "name": "11 LAWRIE ROAD LEWISTON 5501",
    "locID": "LOC000048161027",
    "tech": "FTTP",
    "upgrade": "NULL_NA",
    "gnaf_pid": "GASA_415003225",
    "ee": true,
    "tech_change_status": "Eligible to Order",
    "program_type": "Regional Area Flip"
   }
  },
  {
   "type": "Feature",
   "geometry": {
    "type": "Point",
    "coordinates": [
     138.60332951,
     -34.6176727
    ]
   },
   "properties": {
    "name": "12 PEPPERMINT ROAD LEWISTON 5501",
    "locID": "LOC000018347903",
    "tech": "FTTP",
    "upgrade": "NULL_NA",
    "gnaf_pid": "GASA_415006279",
    "ee": true,
    "tech_change_status": "Eligible to Order",
    "program_type": "Regional Area Flip",
    "target_eligibility_quarter": "NA"
   }
  },
  {
   "type": "Feature",
   "geometry": {
    "type": "Point",
    "coordinates": [
     138.58491252,
     -34.60515129
    ]
   },
   "properties": {
    "name": "5 LAWRIE ROAD LEWISTON 5501",
    "locID": "LOC000058883131",
    "tech": "FTTP",
    "upgrade": "NULL_NA",
    "gnaf_pid": "GASA_415007361",
    "ee": true,
    "tech_change_status": "Previous Tech Disconnected",
    "program_type": "Regional Area Flip",
    "target_eligibility_quarter": "NA"
   }
  },
  {
   "type": "Feature",
   "geometry": {
    "type": "Point",
    "coordinates": [
     138.58651351,
     -34.6048777
    ]
   },
   "properties": {
    "name": "9 LAWRIE ROAD LEWISTON 5501",
    "locID": "LOC000033508348",
    "tech": "FTTP",
    "upgrade": "NULL_NA",
    "gnaf_pid": "GASA_415007362",
    "ee": true,
    "tech_change_status": "Previous Tech Disconnected",
    "program_type": "Regional Area Flip",
    "target_eligibility_quarter": "NA"
   }
  },
  {
   "type": "Feature",
   "geometry": {
    "type": "Point",
    "coordinates": [
     138.58653338,
     -34.6054272
    ]
   },
   "properties": {
    "name": "7 LAWRIE ROAD LEWISTON 5501",
    "locID": "LOC000044818420",
    "tech": "FTTP",
    "upgrade": "NULL_NA",
    "gnaf_pid": "GASA_415007363",
    "ee": true,
    "tech_change_status": "Previous Tech Disconnected",
    "program_type": "Regional Area Flip"
   }
  },
  {
   "type": "Feature",
   "geometry": {
    "type": "Point",
    "coordinates": [
     138.60047088,
     -34.6177476
    ]
   },
   "properties": {
    "name": "2 PEPPERMINT ROAD LEWISTON 5501",
    "locID": "LOC000097444523",
    "tech": "FTTP",
    "upgrade": "NULL_NA",
    "gnaf_pid": "GASA_415007556",
    "ee": true,
    "tech_change_status": "Previous Tech Disconnected",
    "program_type": "Regional Area Flip"
   }
  },
  {
   "type": "Feature",
   "geometry": {
    "type": "Point",
    "coordinates": [
     138.60104688,
     -34.6177325
    ]
   },
   "properties": {
    "name": "4 PEPPERMINT ROAD LEWISTON 5501",
    "locID": "LOC000102600420",
    "tech": "WIRELESS",
    "upgrade": "FTTP",
    "gnaf_pid": "GASA_415007557",
    "ee": true,
    "tech_change_status": "Eligible to Order",
    "program_type": "Regional Area Flip",
    "target_eligibility_quarter": "NA"
   }
  },
  {
   "type": "Feature",
   "geometry": {
    "type": "Point",
    "coordinates": [
     138.60161576,
     -34.6177176
    ]
   },
   "properties": {
    "name": "6 PEPPERMINT ROAD LEWISTON 5501",
    "locID": "LOC000131301074",
    "tech": "FTTP",
    "upgrade": "NULL_NA",
    "gnaf_pid": "GASA_415007558",
    "ee": true,
    "tech_change_status": "Eligible to Order",
    "program_type": "Regional Area Flip"
   }
  },
  {
   "type": "Feature",
   "geometry": {
    "type": "Point",
    "coordinates": [
     138.60218338,
     -34.6177027
    ]
   },
   "properties": {
    "name": "8 PEPPERMINT ROAD LEWISTON 5501",
    "locID": "LOC000072234829",
    "tech": "FTTP",
    "upgrade": "NULL_NA",
    "gnaf_pid": "GASA_415007559",
    "ee": true,
    "tech_change_status": "Eligible to Order",
    "program_type": "Regional Area Flip"
   }
  },
  {
   "type": "Feature",
   "geometry": {
    "type": "Point",
    "coordinates": [
     138.60275638,
     -34.6176877
    ]
   },
   "properties": {
    "name": "10 PEPPERMINT ROAD LEWISTON 5501",
    "locID": "LOC000069908595",
    "tech": "FTTP",
    "upgrade": "NULL_NA",
    "gnaf_pid": "GASA_415007560",
    "ee": true,
    "tech_change_status": "Eligible to Order",
    "program_type": "Regional Area Flip"
   }
  },
  {
   "type": "Feature",
   "geometry": {
    "type": "Point",
    "coordinates": [
     138.58800938,
     -34.6063043
    ]
   },
   "properties": {
    "name": "2 LAWRIE ROAD LEWISTON 5501",
    "locID": "LOC000070067273",
    "tech": "WIRELESS",
    "upgrade": "FTTP",
    "gnaf_pid": "GASA_415008152",
    "ee": true,
    "tech_change_status": "Eligible to Order",
    "program_type": "Regional Area Flip",
    "target_eligibility_quarter": "NA"
   }
  },
  {
   "type": "Feature",
   "geometry": {
    "type": "Point",
    "coordinates": [
     138.57925795,
     -34.61329607
    ]
   },
   "properties": {
    "name": "120 DAWKINS ROAD LEWISTON 5501",
    "locID": "LOC000049681858",
    "tech": "WIRELESS",
    "upgrade": "FTTP",
    "gnaf_pid": "GASA_415008857",
    "ee": true,
    "tech_change_status": "Eligible to Order",
    "program_type": "Regional Area Flip",
    "target_eligibility_quarter": "NA"
   }
  },
  {
   "type": "Feature",
   "geometry": {
    "type": "Point",
    "coordinates": [
     138.58289552,
     -34.61533547
    ]
   },
   "properties": {
    "name": "40 BETHESDA ROAD LEWISTON 5501",
    "locID": "LOC000099320745",
    "tech": "FTTP",
    "upgrade": "NULL_NA",
    "gnaf_pid": "GASA_415013347",
    "ee": true,
    "tech_change_status": "Eligible to Order",
    "program_type": "Regional Area Flip"
   }
  },
  {
   "type": "Feature",
   "geometry": {
    "type": "Point",
    "coordinates": [
     138.58275341,
     -34.61421402
    ]
   },
   "properties": {
    "name": "44 BETHESDA ROAD LEWISTON 5501",
    "locID": "LOC000030781873",
    "tech": "FTTP",
    "upgrade": "NULL_NA",
    "gnaf_pid": "GASA_415014165",
    "ee": true,
    "tech_change_status": "Eligible to Order",
    "program_type": "Regional Area Flip"
   }
  },
  {
   "type": "Feature",
   "geometry": {
    "type": "Point",
    "coordinates": [
     138.58949776,
     -34.606267
    ]
   },
   "properties": {
    "name": "9 GILKS ROAD LEWISTON 5501",
    "locID": "LOC000031686156",
    "tech": "WIRELESS",
    "upgrade": "FTTP",
    "gnaf_pid": "GASA_415015818",
    "ee": true,
    "tech_change_status": "Eligible to Order",
    "program_type": "Regional Area Flip",
    "target_eligibility_quarter": "NA"
   }
  },
  {
   "type": "Feature",
   "geometry": {
    "type": "Point",
    "coordinates": [
     138.58883313,
     -34.6062837
    ]
   },
   "properties": {
    "name": "7 GILKS ROAD LEWISTON 5501",
    "locID": "LOC000010378862",
    "tech": "FTTP",
    "upgrade": "NULL_NA",
    "gnaf_pid": "GASA_415015819",
    "ee": true,
    "tech_change_status": "Previous Tech Disconnected",
    "program_type": "Regional Area Flip",
    "target_eligibility_quarter": "NA"
   }
  },
  {
   "type": "Feature",
   "geometry": {
    "type": "Point",
    "coordinates": [
     138.61948697,
     -34.60213542
    ]
   },
   "properties": {
    "name": "21 FLETCHER ROAD LEWISTON 5501",
    "locID": "LOC000032632648",
    "tech": "SATELLITE",
    "upgrade": "FTTP",
    "gnaf_pid": "GASA_415018630",
    "ee": true,
    "tech_change_status": "Eligible to Order",
    "program_type": "Regional Area Flip",
    "target_eligibility_quarter": "NA"
   }
  },
  {
   "type": "Feature",
   "geometry": {
    "type": "Point",
    "coordinates": [
     138.61957432,
     -34.60259251
    ]
   },
   "properties": {
    "name": "19 FLETCHER ROAD LEWISTON 5501",
    "locID": "LOC000060579398",
    "tech": "FTTP",
    "upgrade": "NULL_NA",
    "gnaf_pid": "GASA_415018631",
    "ee": true,
    "tech_change_status": "Eligible to Order",
    "program_type": "Regional Area Flip",
    "target_eligibility_quarter": "NA"
   }
  },
  {
   "type": "Feature",
   "geometry": {
    "type": "Point",
    "coordinates": [
     138.61401999,
     -34.60314785
    ]
   },
   "properties": {
    "name": "13 CONNELL VALE ROAD LEWISTON 5501",
    "locID": "LOC000019265556",
    "tech": "WIRELESS",
    "upgrade": "FTTP",
    "gnaf_pid": "GASA_415018632",
    "ee": true,
    "tech_change_status": "Eligible to Order",
    "program_type": "Regional Area Flip",
    "target_eligibility_quarter": "NA"
   }
  },
  {
   "type": "Feature",
   "geometry": {
    "type": "Point",
    "coordinates": [
     138.61524444,
     -34.60327221
    ]
   },
   "properties": {
    "name": "11 CONNELL VALE ROAD LEWISTON 5501",
    "locID": "LOC000017690435",
    "tech": "FTTP",
    "upgrade": "NULL_NA",
    "gnaf_pid": "GASA_415018633",
    "ee": true,
    "tech_change_status": "Previous Tech Disconnected",
    "program_type": "Regional Area Flip",
    "target_eligibility_quarter": "NA"
   }
  },
  {
   "type": "Feature",
   "geometry": {
    "type": "Point",
    "coordinates": [
     138.61607408,
     -34.60334686
    ]
   },
   "properties": {
    "name": "9 CONNELL VALE ROAD LEWISTON 5501",
    "locID": "LOC000064495903",
    "tech": "WIRELESS",
    "upgrade": "FTTP",
    "gnaf_pid": "GASA_415018634",
    "ee": true,
    "tech_change_status": "Eligible to Order",
    "program_type": "Regional Area Flip",
    "target_eligibility_quarter": "NA"
   }
  },
  {
   "type": "Feature",
   "geometry": {
    "type": "Point",
    "coordinates": [
     138.61673294,
     -34.60343792
    ]
   },
   "properties": {
    "name": "7 CONNELL VALE ROAD LEWISTON 5501",
    "locID": "LOC000030213415",
    "tech": "FTTP",
    "upgrade": "NULL_NA",
    "gnaf_pid": "GASA_415018635",
    "ee": true,
    "tech_change_status": "Previous Tech Disconnected",
    "program_type": "Regional Area Flip",
    "target_eligibility_quarter": "NA"
   }
  },
  {
   "type": "Feature",
   "geometry": {
    "type": "Point",
    "coordinates": [
     138.61731958,
     -34.60350062
    ]
   },
   "properties": {
    "name": "5 CONNELL VALE ROAD LEWISTON 5501",
    "locID": "LOC000001891315",
    "tech": "WIRELESS",
    "upgrade": "FTTP",
    "gnaf_pid": "GASA_415019446",
    "ee": true,
    "tech_change_status": "Eligible to Order",
    "program_type": "Regional Area Flip",
    "target_eligibility_quarter": "NA"
   }
  },
  {
   "type": "Feature",
   "geometry": {
    "type": "Point",
    "coordinates": [
     138.61785962,
     -34.60356498
    ]
   },
   "properties": {
    "name": "3 CONNELL VALE ROAD LEWISTON 5501",
    "locID": "LOC000051500885",
    "tech": "FTTP",
    "upgrade": "NULL_NA",
    "gnaf_pid": "GASA_415019447",
    "ee": true,
    "tech_change_status": "Previous Tech Disconnected",
    "program_type": "Regional Area Flip"
   }
  },
  {
   "type": "Feature",
   "geometry": {
    "type": "Point",
    "coordinates": [
     138.61840395,
     -34.60363878
    ]
   },
   "properties": {
    "name": "1 CONNELL VALE ROAD LEWISTON 5501",
    "locID": "LOC000082556672",
    "tech": "FTTP",
    "upgrade": "NULL_NA",
    "gnaf_pid": "GASA_415019448",
    "ee": true,
    "tech_change_status": "Previous Tech Disconnected",
    "program_type": "Regional Area Flip",
    "target_eligibility_quarter": "NA"
   }
  },
  {
   "type": "Feature",
   "geometry": {
    "type": "Point",
    "coordinates": [
     138.61986141,
     -34.60310433
    ]
   },
   "properties": {
    "name": "17 FLETCHER ROAD LEWISTON 5501",
    "locID": "LOC000037559232",
    "tech": "FTTP",
    "upgrade": "NULL_NA",
    "gnaf_pid": "GASA_415019449",
    "ee": true,
    "tech_change_status": "Previous Tech Disconnected",
    "program_type": "Regional Area Flip",
    "target_eligibility_quarter": "NA"
   }
  },
  {
   "type": "Feature",
   "geometry": {
    "type": "Point",
    "coordinates": [
     138.59908251,
     -34.6174927
    ]
   },
   "properties": {
    "name": "23 JUDD ROAD LEWISTON 5501",
    "locID": "LOC000099587975",
    "tech": "FTTP",
    "upgrade": "NULL_NA",
    "gnaf_pid": "GASA_415019552",
    "ee": true,
    "tech_change_status": "Previous Tech Disconnected",
    "program_type": "Regional Area Flip",
    "target_eligibility_quarter": "NA"
   }
  },
  {
   "type": "Feature",
   "geometry": {
    "type": "Point",
    "coordinates": [
     138.59909901,
     -34.6179578
    ]
   },
   "properties": {
    "name": "21 JUDD ROAD LEWISTON 5501",
    "locID": "LOC000106974560",
    "tech": "FTTP",
    "upgrade": "NULL_NA",
    "gnaf_pid": "GASA_415019553",
    "ee": true,
    "tech_change_status": "Previous Tech Disconnected",
    "program_type": "Regional Area Flip",
    "target_eligibility_quarter": "NA"
   }
  },
  {
   "type": "Feature",
   "geometry": {
    "type": "Point",
    "coordinates": [
     138.59911538,
     -34.6184233
    ]
   },
   "properties": {
    "name": "19 JUDD ROAD LEWISTON 5501",
    "locID": "LOC000091365991",
    "tech": "FTTP",
    "upgrade": "NULL_NA",
    "gnaf_pid": "GASA_415019554",
    "ee": true,
    "tech_change_status": "Previous Tech Disconnected",
    "program_type": "Regional Area Flip",
    "target_eligibility_quarter": "NA"
   }
  },
  {
   "type": "Feature",
   "geometry": {
    "type": "Point",
    "coordinates": [
     138.58343501,
     -34.5999095
    ]
   },
   "properties": {
    "name": "4 JANE CRESCENT LEWISTON 5501",
    "locID": "LOC000099710900",
    "tech": "FTTP",
    "upgrade": "NULL_NA",
    "gnaf_pid": "GASA_415019600",
    "ee": true,
    "tech_change_status": "Eligible to Order",
    "program_type": "Regional Area Flip",
    "target_eligibility_quarter": "NA"
   }
  },
  {
   "type": "Feature",
   "geometry": {
    "type": "Point",
    "coordinates": [
     138.58405946,
     -34.60026038
    ]
   },
   "properties": {
    "name": "6 JANE CRESCENT LEWISTON 5501",
    "locID": "LOC000042005948",
    "tech": "FTTP",
    "upgrade": "NULL_NA",
    "gnaf_pid": "GASA_415019601",
    "ee": true,
    "tech_change_status": "Previous Tech Disconnected",
    "program_type": "Regional Area Flip",
    "target_eligibility_quarter": "NA"
   }
  },
  {
   "type": "Feature",
   "geometry": {
    "type": "Point",
    "coordinates": [
     138.58483813,
     -34.59991532
    ]
   },
   "properties": {
    "name": "8 JANE CRESCENT LEWISTON 5501",
    "locID": "LOC000044549388",
    "tech": "FTTP",
    "upgrade": "NULL_NA",
    "gnaf_pid": "GASA_415019602",
    "ee": true,
    "tech_change_status": "Previous Tech Disconnected",
    "program_type": "Regional Area Flip",
    "target_eligibility_quarter": "NA"
   }
  },
  {
   "type": "Feature",
   "geometry": {
    "type": "Point",
    "coordinates": [
     138.58585448,
     -34.59992885
    ]
   },
   "properties": {
    "name": "10 JANE CRESCENT LEWISTON 5501",
    "locID": "LOC000059261577",
    "tech": "WIRELESS",
    "upgrade": "FTTP",
    "gnaf_pid": "GASA_415019603",
    "ee": true,
    "tech_change_status": "Eligible to Order",
    "program_type": "Regional Area Flip",
    "target_eligibility_quarter": "NA"
   }
  },
  {
   "type": "Feature",
   "geometry": {
    "type": "Point",
    "coordinates": [
     138.58642289,
     -34.59938407
    ]
   },
   "properties": {
    "name": "12 JANE CRESCENT LEWISTON 5501",
    "locID": "LOC000051130793",
    "tech": "FTTP",
    "upgrade": "NULL_NA",
    "gnaf_pid": "GASA_415019604",
    "ee": true,
    "tech_change_status": "Eligible to Order",
    "program_type": "Regional Area Flip"
   }
  },
  {
   "type": "Feature",
   "geometry": {
    "type": "Point",
    "coordinates": [
     138.58645196,
     -34.59866631
    ]
   },
   "properties": {
    "name": "14 JANE CRESCENT LEWISTON 5501",
    "locID": "LOC000093746153",
    "tech": "FTTP",
    "upgrade": "NULL_NA",
    "gnaf_pid": "GASA_415019605",
    "ee": true,
    "tech_change_status": "Previous Tech Disconnected",
    "program_type": "Regional Area Flip",
    "target_eligibility_quarter": "NA"
   }
  },
  {
   "type": "Feature",
   "geometry": {
    "type": "Point",
    "coordinates": [
     138.58635613,
     -34.598082
    ]
   },
   "properties": {
    "name": "16 JANE CRESCENT LEWISTON 5501",
    "locID": "LOC000087590345",
    "tech": "FTTP",
    "upgrade": "NULL_NA",
    "gnaf_pid": "GASA_415019606",
    "ee": true,
    "tech_change_status": "Eligible to Order",
    "program_type": "Regional Area Flip"
   }
  },
  {
   "type": "Feature",
   "geometry": {
    "type": "Point",
    "coordinates": [
     138.58633801,
     -34.5974862
    ]
   },
   "properties": {
    "name": "18 JANE CRESCENT LEWISTON 5501",
    "locID": "LOC000009226036",
    "tech": "WIRELESS",
    "upgrade": "FTTP",
    "gnaf_pid": "GASA_415019607",
    "ee": true,
    "tech_change_status": "Eligible to Order",
    "program_type": "Regional Area Flip",
    "target_eligibility_quarter": "NA"
   }
  },
  {
   "type": "Feature",
   "geometry": {
    "type": "Point",
    "coordinates": [
     138.58630634,
     -34.59686896
    ]
   },
   "properties": {
    "name": "20 JANE CRESCENT LEWISTON 5501",
    "locID": "LOC000049899139",
    "tech": "WIRELESS",
    "upgrade": "FTTP",
    "gnaf_pid": "GASA_415019608",
    "ee": true,
    "tech_change_status": "Eligible to Order",
    "program_type": "Regional Area Flip",
    "target_eligibility_quarter": "NA"
   }
  },
  {
   "type": "Feature",
   "geometry": {
    "type": "Point",
    "coordinates": [
     138.58468762,
     -34.59682747
    ]
   },
   "properties": {
    "name": "13 JANE CRESCENT LEWISTON 5501",
    "locID": "LOC000089885085",
    "tech": "FTTP",
    "upgrade": "NULL_NA",
    "gnaf_pid": "GASA_415019609",
    "ee": true,
    "tech_change_status": "Previous Tech Disconnected",
    "program_type": "Regional Area Flip",
    "target_eligibility_quarter": "NA"
   }
  },
  {
   "type": "Feature",
   "geometry": {
    "type": "Point",
    "coordinates": [
     138.58470851,
     -34.597343
    ]
   },
   "properties": {
    "name": "11 JANE CRESCENT LEWISTON 5501",
    "locID": "LOC000025826781",
    "tech": "FTTP",
    "upgrade": "NULL_NA",
    "gnaf_pid": "GASA_415019610",
    "ee": true,
    "tech_change_status": "Previous Tech Disconnected",
    "program_type": "Regional Area Flip",
    "target_eligibility_quarter": "NA"
   }
  },
  {
   "type": "Feature",
   "geometry": {
    "type": "Point",
    "coordinates": [
     138.61293495,
     -34.60386368
    ]
   },
   "properties": {
    "name": "26 CONNELL VALE ROAD LEWISTON 5501",
    "locID": "LOC000005944888",
    "tech": "FTTP",
    "upgrade": "NULL_NA",
    "gnaf_pid": "GASA_415020421",
    "ee": true,
    "tech_change_status": "Previous Tech Disconnected",
    "program_type": "Regional Area Flip",
    "target_eligibility_quarter": "NA"
   }
  },
  {
   "type": "Feature",
   "geometry": {
    "type": "Point",
    "coordinates": [
     138.61744433,
     -34.60667899
    ]
   },
   "properties": {
    "name": "12 COOMBS COURT LEWISTON 5501",
    "locID": "LOC000095372932",
    "tech": "WIRELESS",
    "upgrade": "FTTP",
    "gnaf_pid": "GASA_415020422",
    "ee": true,
    "tech_change_status": "Eligible to Order",
    "program_type": "Regional Area Flip",
    "target_eligibility_quarter": "NA"
   }
  },
  {
   "type": "Feature",
   "geometry": {
    "type": "Point",
    "coordinates": [
     138.61339221,
     -34.60681119
    ]
   },
   "properties": {
    "name": "6 COOMBS COURT LEWISTON 5501",
    "locID": "LOC000055403731",
    "tech": "FTTP",
    "upgrade": "NULL_NA",
    "gnaf_pid": "GASA_415020423",
    "ee": true,
    "tech_change_status": "Previous Tech Disconnected",
    "program_type": "Regional Area Flip",
    "target_eligibility_quarter": "NA"
   }
  },
  {
   "type": "Feature",
   "geometry": {
    "type": "Point",
    "coordinates": [
     138.61455963,
     -34.6068097
    ]
   },
   "properties": {
    "name": "8 COOMBS COURT LEWISTON 5501",
    "locID": "LOC000097631120",
    "tech": "FTTP",
    "upgrade": "NULL_NA",
    "gnaf_pid": "GASA_415020424",
    "ee": true,
    "tech_change_status": "Previous Tech Disconnected",
    "program_type": "Regional Area Flip",
    "target_eligibility_quarter": "NA"
   }
  },
  {
   "type": "Feature",
   "geometry": {
    "type": "Point",
    "coordinates": [
     138.61525422,
     -34.60596192
    ]
   },
   "properties": {
    "name": "3 COOMBS COURT LEWISTON 5501",
    "locID": "LOC000103409339",
    "tech": "FTTP",
    "upgrade": "NULL_NA",
    "gnaf_pid": "GASA_415020426",
    "ee": true,
    "tech_change_status": "Eligible to Order",
    "program_type": "Regional Area Flip"
   }
  },
  {
   "type": "Feature",
   "geometry": {
    "type": "Point",
    "coordinates": [
     138.61434688,
     -34.6058546
    ]
   },
   "properties": {
    "name": "1 COOMBS COURT LEWISTON 5501",
    "locID": "LOC000071077139",
    "tech": "FTTP",
    "upgrade": "NULL_NA",
    "gnaf_pid": "GASA_415020427",
    "ee": true,
    "tech_change_status": "Previous Tech Disconnected",
    "program_type": "Regional Area Flip",
    "target_eligibility_quarter": "NA"
   }
  },
  {
   "type": "Feature",
   "geometry": {
    "type": "Point",
    "coordinates": [
     138.61671476,
     -34.60634403
    ]
   },
   "properties": {
    "name": "5 COOMBS COURT LEWISTON 5501",
    "locID": "LOC000037354621",
    "tech": "FTTP",
    "upgrade": "NULL_NA",
    "gnaf_pid": "GASA_415020428",
    "ee": true,
    "tech_change_status": "Previous Tech Disconnected",
    "program_type": "Regional Area Flip",
    "target_eligibility_quarter": "NA"
   }
  },
  {
   "type": "Feature",
   "geometry": {
    "type": "Point",
    "coordinates": [
     138.58344828,
     -34.59740371
    ]
   },
   "properties": {
    "name": "5 HUMZY COURT LEWISTON 5501",
    "locID": "LOC000081723094",
    "tech": "FTTP",
    "upgrade": "NULL_NA",
    "gnaf_pid": "GASA_415020912",
    "ee": true,
    "tech_change_status": "Previous Tech Disconnected",
    "program_type": "Regional Area Flip",
    "target_eligibility_quarter": "NA"
   }
  },
  {
   "type": "Feature",
   "geometry": {
    "type": "Point",
    "coordinates": [
     138.58326143,
     -34.59658422
    ]
   },
   "properties": {
    "name": "3 HUMZY COURT LEWISTON 5501",
    "locID": "LOC000011792181",
    "tech": "FTTP",
    "upgrade": "NULL_NA",
    "gnaf_pid": "GASA_415020913",
    "ee": true,
    "tech_change_status": "Eligible to Order",
    "program_type": "Regional Area Flip"
   }
  },
  {
   "type": "Feature",
   "geometry": {
    "type": "Point",
    "coordinates": [
     138.58260085,
     -34.59601687
    ]
   },
   "properties": {
    "name": "1 HUMZY COURT LEWISTON 5501",
    "locID": "LOC000085627284",
    "tech": "WIRELESS",
    "upgrade": "FTTP",
    "gnaf_pid": "GASA_415020914",
    "ee": true,
    "tech_change_status": "Eligible to Order",
    "program_type": "Regional Area Flip",
    "target_eligibility_quarter": "NA"
   }
  },
  {
   "type": "Feature",
   "geometry": {
    "type": "Point",
    "coordinates": [
     138.58268763,
     -34.5999308
    ]
   },
   "properties": {
    "name": "2 JANE CRESCENT LEWISTON 5501",
    "locID": "LOC000035088988",
    "tech": "FTTP",
    "upgrade": "NULL_NA",
    "gnaf_pid": "GASA_415020915",
    "ee": true,
    "tech_change_status": "Previous Tech Disconnected",
    "program_type": "Regional Area Flip",
    "target_eligibility_quarter": "NA"
   }
  },
  {
   "type": "Feature",
   "geometry": {
    "type": "Point",
    "coordinates": [
     138.58934376,
     -34.6130027
    ]
   },
   "properties": {
    "name": "146 DAWKINS ROAD LEWISTON 5501",
    "locID": "LOC000007611463",
    "tech": "FTTP",
    "upgrade": "NULL_NA",
    "gnaf_pid": "GASA_415021091",
    "ee": true,
    "tech_change_status": "Previous Tech Disconnected",
    "program_type": "Regional Area Flip",
    "target_eligibility_quarter": "NA"
   }
  },
  {
   "type": "Feature",
   "geometry": {
    "type": "Point",
    "coordinates": [
     138.61844452,
     -34.60672964
    ]
   },
   "properties": {
    "name": "9 FLETCHER ROAD LEWISTON 5501",
    "locID": "LOC000023327144",
    "tech": "WIRELESS",
    "upgrade": "FTTP",
    "gnaf_pid": "GASA_415021346",
    "ee": true,
    "tech_change_status": "Eligible to Order",
    "program_type": "Regional Area Flip",
    "target_eligibility_quarter": "NA"
   }
  },
  {
   "type": "Feature",
   "geometry": {
    "type": "Point",
    "coordinates": [
     138.62034745,
     -34.60648425
    ]
   },
   "properties": {
    "name": "14 FLETCHER ROAD LEWISTON 5501",
    "locID": "LOC000094233006",
    "tech": "WIRELESS",
    "upgrade": "FTTP",
    "gnaf_pid": "GASA_415021347",
    "ee": true,
    "tech_change_status": "Eligible to Order",
    "program_type": "Regional Area Flip",
    "target_eligibility_quarter": "NA"
   }
  },
  {
   "type": "Feature",
   "geometry": {
    "type": "Point",
    "coordinates": [
     138.62044064,
     -34.60593959
    ]
   },
   "properties": {
    "name": "16 FLETCHER ROAD LEWISTON 5501",
    "locID": "LOC000069289566",
    "tech": "WIRELESS",
    "upgrade": "FTTP",
    "gnaf_pid": "GASA_415021348",
    "ee": true,
    "tech_change_status": "Eligible to Order",
    "program_type": "Regional Area Flip",
    "target_eligibility_quarter": "NA"
   }
  },
  {
   "type": "Feature",
   "geometry": {
    "type": "Point",
    "coordinates": [
     138.62055783,
     -34.60527456
    ]
   },
   "properties": {
    "name": "18 FLETCHER ROAD LEWISTON 5501",
    "locID": "LOC000049011592",
    "tech": "FTTP",
    "upgrade": "NULL_NA",
    "gnaf_pid": "GASA_415021349",
    "ee": true,
    "tech_change_status": "Previous Tech Disconnected",
    "program_type": "Regional Area Flip",
    "target_eligibility_quarter": "NA"
   }
  },
  {
   "type": "Feature",
   "geometry": {
    "type": "Point",
    "coordinates": [
     138.6207474,
     -34.60417434
    ]
   },
   "properties": {
    "name": "20 FLETCHER ROAD LEWISTON 5501",
    "locID": "LOC000002685974",
    "tech": "FTTP",
    "upgrade": "NULL_NA",
    "gnaf_pid": "GASA_415021350",
    "ee": true,
    "tech_change_status": "Eligible to Order",
    "program_type": "Regional Area Flip"
   }
  },
  {
   "type": "Feature",
   "geometry": {
    "type": "Point",
    "coordinates": [
     138.59916476,
     -34.6198196
    ]
   },
   "properties": {
    "name": "13 JUDD ROAD LEWISTON 5501",
    "locID": "LOC000106628061",
    "tech": "FTTP",
    "upgrade": "NULL_NA",
    "gnaf_pid": "GASA_415021381",
    "ee": true,
    "tech_change_status": "Eligible to Order",
    "program_type": "Regional Area Flip"
   }
  },
  {
   "type": "Feature",
   "geometry": {
    "type": "Point",
    "coordinates": [
     138.60390263,
     -34.6176577
    ]
   },
   "properties": {
    "name": "14 PEPPERMINT ROAD LEWISTON 5501",
    "locID": "LOC000047965668",
    "tech": "WIRELESS",
    "upgrade": "FTTP",
    "gnaf_pid": "GASA_415023378",
    "ee": true,
    "tech_change_status": "Eligible to Order",
    "program_type": "Regional Area Flip",
    "target_eligibility_quarter": "NA"
   }
  },
  {
   "type": "Feature",
   "geometry": {
    "type": "Point",
    "coordinates": [
     138.61957138,
     -34.6035787
    ]
   },
   "properties": {
    "name": "15 FLETCHER ROAD LEWISTON 5501",
    "locID": "LOC000070083764",
    "tech": "FTTP",
    "upgrade": "NULL_NA",
    "gnaf_pid": "GASA_415024994",
    "ee": true,
    "tech_change_status": "Previous Tech Disconnected",
    "program_type": "Regional Area Flip"
   }
  },
  {
   "type": "Feature",
   "geometry": {
    "type": "Point",
    "coordinates": [
     138.61938601,
     -34.6040503
    ]
   },
   "properties": {
    "name": "13 FLETCHER ROAD LEWISTON 5501",
    "locID": "LOC000032585512",
    "tech": "FTTP",
    "upgrade": "NULL_NA",
    "gnaf_pid": "GASA_415024995",
    "ee": true,
    "tech_change_status": "Previous Tech Disconnected",
    "program_type": "Regional Area Flip",
    "target_eligibility_quarter": "NA"
   }
  },
  {
   "type": "Feature",
   "geometry": {
    "type": "Point",
    "coordinates": [
     138.61919813,
     -34.6045217
    ]
   },
   "properties": {
    "name": "11 FLETCHER ROAD LEWISTON 5501",
    "locID": "LOC000041692009",
    "tech": "WIRELESS",
    "upgrade": "FTTP",
    "gnaf_pid": "GASA_415024996",
    "ee": true,
    "tech_change_status": "Eligible to Order",
    "program_type": "Regional Area Flip",
    "target_eligibility_quarter": "NA"
   }
  },
  {
   "type": "Feature",
   "geometry": {
    "type": "Point",
    "coordinates": [
     138.61930107,
     -34.60572111
    ]
   },
   "properties": {
    "name": "2 CONNELL VALE ROAD LEWISTON 5501",
    "locID": "LOC000070986332",
    "tech": "FTTP",
    "upgrade": "NULL_NA",
    "gnaf_pid": "GASA_415024997",
    "ee": true,
    "tech_change_status": "Previous Tech Disconnected",
    "program_type": "Regional Area Flip"
   }
  },
  {
   "type": "Feature",
   "geometry": {
    "type": "Point",
    "coordinates": [
     138.61878401,
     -34.6055752
    ]
   },
   "properties": {
    "name": "4 CONNELL VALE ROAD LEWISTON 5501",
    "locID": "LOC000070711918",
    "tech": "WIRELESS",
    "upgrade": "FTTP",
    "gnaf_pid": "GASA_415024998",
    "ee": true,
    "tech_change_status": "Eligible to Order",
    "program_type": "Regional Area Flip",
    "target_eligibility_quarter": "NA"
   }
  },
  {
   "type": "Feature",
   "geometry": {
    "type": "Point",
    "coordinates": [
     138.61826463,
     -34.6054383
    ]
   },
   "properties": {
    "name": "6 CONNELL VALE ROAD LEWISTON 5501",
    "locID": "LOC000030721546",
    "tech": "WIRELESS",
    "upgrade": "FTTP",
    "gnaf_pid": "GASA_415024999",
    "ee": true,
    "tech_change_status": "Eligible to Order",
    "program_type": "Regional Area Flip",
    "target_eligibility_quarter": "NA"
   }
  },
  {
   "type": "Feature",
   "geometry": {
    "type": "Point",
    "coordinates": [
     138.61774851,
     -34.6052993
    ]
   },
   "properties": {
    "name": "8 CONNELL VALE ROAD LEWISTON 5501",
    "locID": "LOC000083826522",
    "tech": "FTTP",
    "upgrade": "NULL_NA",
    "gnaf_pid": "GASA_415025000",
    "ee": true,
    "tech_change_status": "Previous Tech Disconnected",
    "program_type": "Regional Area Flip",
    "target_eligibility_quarter": "NA"
   }
  },
  {
   "type": "Feature",
   "geometry": {
    "type": "Point",
    "coordinates": [
     138.61722988,
     -34.605163
    ]
   },
   "properties": {
    "name": "10 CONNELL VALE ROAD LEWISTON 5501",
    "locID": "LOC000059723242",
    "tech": "WIRELESS",
    "upgrade": "FTTP",
    "gnaf_pid": "GASA_415025001",
    "ee": true,
    "tech_change_status": "Eligible to Order",
    "program_type": "Regional Area Flip",
    "target_eligibility_quarter": "NA"
   }
  },
  {
   "type": "Feature",
   "geometry": {
    "type": "Point",
    "coordinates": [
     138.61670888,
     -34.60503
    ]
   },
   "properties": {
    "name": "12 CONNELL VALE ROAD LEWISTON 5501",
    "locID": "LOC000066055143",
    "tech": "FTTP",
    "upgrade": "NULL_NA",
    "gnaf_pid": "GASA_415025002",
    "ee": true,
    "tech_change_status": "Previous Tech Disconnected",
    "program_type": "Regional Area Flip",
    "target_eligibility_quarter": "NA"
   }
  },
  {
   "type": "Feature",
   "geometry": {
    "type": "Point",
    "coordinates": [
     138.61619338,
     -34.6048786
    ]
   },
   "properties": {
    "name": "14 CONNELL VALE ROAD LEWISTON 5501",
    "locID": "LOC000025290935",
    "tech": "FTTP",
    "upgrade": "NULL_NA",
    "gnaf_pid": "GASA_415025003",
    "ee": true,
    "tech_change_status": "Previous Tech Disconnected",
    "program_type": "Regional Area Flip"
   }
  },
  {
   "type": "Feature",
   "geometry": {
    "type": "Point",
    "coordinates": [
     138.61567601,
     -34.604739
    ]
   },
   "properties": {
    "name": "16 CONNELL VALE ROAD LEWISTON 5501",
    "locID": "LOC000084962400",
    "tech": "WIRELESS",
    "upgrade": "FTTP",
    "gnaf_pid": "GASA_415025004",
    "ee": true,
    "tech_change_status": "Eligible to Order",
    "program_type": "Regional Area Flip",
    "target_eligibility_quarter": "NA"
   }
  },
  {
   "type": "Feature",
   "geometry": {
    "type": "Point",
    "coordinates": [
     138.61515913,
     -34.604599
    ]
   },
   "properties": {
    "name": "18 CONNELL VALE ROAD LEWISTON 5501",
    "locID": "LOC000062370925",
    "tech": "WIRELESS",
    "upgrade": "FTTP",
    "gnaf_pid": "GASA_415025005",
    "ee": true,
    "tech_change_status": "Eligible to Order",
    "program_type": "Regional Area Flip",
    "target_eligibility_quarter": "NA"
   }
  },
  {
   "type": "Feature",
   "geometry": {
    "type": "Point",
    "coordinates": [
     138.61463649,
     -34.60446316
    ]
   },
   "properties": {
    "name": "20 CONNELL VALE ROAD LEWISTON 5501",
    "locID": "LOC000014229111",
    "tech": "FTTP",
    "upgrade": "NULL_NA",
    "gnaf_pid": "GASA_415025006",
    "ee": true,
    "tech_change_status": "Eligible to Order",
    "program_type": "Regional Area Flip"
   }
  },
  {
   "type": "Feature",
   "geometry": {
    "type": "Point",
    "coordinates": [
     138.61396003,
     -34.60427731
    ]
   },
   "properties": {
    "name": "2 COOMBS COURT LEWISTON 5501",
    "locID": "LOC000097420955",
    "tech": "FTTP",
    "upgrade": "NULL_NA",
    "gnaf_pid": "GASA_415025007",
    "ee": true,
    "tech_change_status": "Previous Tech Disconnected",
    "program_type": "Regional Area Flip"
   }
  },
  {
   "type": "Feature",
   "geometry": {
    "type": "Point",
    "coordinates": [
     138.61344451,
     -34.6041442
    ]
   },
   "properties": {
    "name": "24 CONNELL VALE ROAD LEWISTON 5501",
    "locID": "LOC000032541179",
    "tech": "WIRELESS",
    "upgrade": "FTTP",
    "gnaf_pid": "GASA_415025008",
    "ee": true,
    "tech_change_status": "Eligible to Order",
    "program_type": "Regional Area Flip",
    "target_eligibility_quarter": "NA"
   }
  },
  {
   "type": "Feature",
   "geometry": {
    "type": "Point",
    "coordinates": [
     138.57351413,
     -34.601305
    ]
   },
   "properties": {
    "name": "159 HAYMAN ROAD LEWISTON 5501",
    "locID": "LOC100055560593",
    "tech": "WIRELESS",
    "upgrade": "FTTP",
    "gnaf_pid": "GASA_415025647",
    "ee": true,
    "tech_change_status": "Eligible to Order",
    "program_type": "Regional Area Flip",
    "target_eligibility_quarter": "NA"
   }
  },
  {
   "type": "Feature",
   "geometry": {
    "type": "Point",
    "coordinates": [
     138.58341626,
     -34.5986822
    ]
   },
   "properties": {
    "name": "3 JANE CRESCENT LEWISTON 5501",
    "locID": "LOC000033603214",
    "tech": "FTTP",
    "upgrade": "NULL_NA",
    "gnaf_pid": "GASA_415026223",
    "ee": true,
    "tech_change_status": "Previous Tech Disconnected",
    "program_type": "Regional Area Flip",
    "target_eligibility_quarter": "NA"
   }
  },
  {
   "type": "Feature",
   "geometry": {
    "type": "Point",
    "coordinates": [
     138.58264376,
     -34.5987096
    ]
   },
   "properties": {
    "name": "1 JANE CRESCENT LEWISTON 5501",
    "locID": "LOC000066851935",
    "tech": "FTTP",
    "upgrade": "NULL_NA",
    "gnaf_pid": "GASA_415026224",
    "ee": true,
    "tech_change_status": "Previous Tech Disconnected",
    "program_type": "Regional Area Flip",
    "target_eligibility_quarter": "NA"
   }
  },
  {
   "type": "Feature",
   "geometry": {
    "type": "Point",
    "coordinates": [
     138.58273157,
     -34.5978028
    ]
   },
   "properties": {
    "name": "7 HUMZY COURT LEWISTON 5501",
    "locID": "LOC000094578737",
    "tech": "FTTP",
    "upgrade": "NULL_NA",
    "gnaf_pid": "GASA_415026225",
    "ee": true,
    "tech_change_status": "Previous Tech Disconnected",
    "program_type": "Regional Area Flip",
    "target_eligibility_quarter": "NA"
   }
  },
  {
   "type": "Feature",
   "geometry": {
    "type": "Point",
    "coordinates": [
     138.58471601,
     -34.5978385
    ]
   },
   "properties": {
    "name": "9 JANE CRESCENT LEWISTON 5501",
    "locID": "LOC000010368838",
    "tech": "FTTP",
    "upgrade": "NULL_NA",
    "gnaf_pid": "GASA_415026941",
    "ee": true,
    "tech_change_status": "Previous Tech Disconnected",
    "program_type": "Regional Area Flip"
   }
  },
  {
   "type": "Feature",
   "geometry": {
    "type": "Point",
    "coordinates": [
     138.58497295,
     -34.59843568
    ]
   },
   "properties": {
    "name": "7 JANE CRESCENT LEWISTON 5501",
    "locID": "LOC000060635408",
    "tech": "WIRELESS",
    "upgrade": "FTTP",
    "gnaf_pid": "GASA_415026942",
    "ee": true,
    "tech_change_status": "Eligible to Order",
    "program_type": "Regional Area Flip",
    "target_eligibility_quarter": "NA"
   }
  },
  {
   "type": "Feature",
   "geometry": {
    "type": "Point",
    "coordinates": [
     138.58429276,
     -34.59883262
    ]
   },
   "properties": {
    "name": "5 JANE CRESCENT LEWISTON 5501",
    "locID": "LOC000030766686",
    "tech": "FTTP",
    "upgrade": "NULL_NA",
    "gnaf_pid": "GASA_415026943",
    "ee": true,
    "tech_change_status": "Previous Tech Disconnected",
    "program_type": "Regional Area Flip",
    "target_eligibility_quarter": "NA"
   }
  },
  {
   "type": "Feature",
   "geometry": {
    "type": "Point",
    "coordinates": [
     138.59913188,
     -34.6188888
    ]
   },
   "properties": {
    "name": "17 JUDD ROAD LEWISTON 5501",
    "locID": "LOC000041791759",
    "tech": "WIRELESS",
    "upgrade": "FTTP",
    "gnaf_pid": "GASA_415029262",
    "ee": true,
    "tech_change_status": "Eligible to Order",
    "program_type": "Regional Area Flip",
    "target_eligibility_quarter": "NA"
   }
  },
  {
   "type": "Feature",
   "geometry": {
    "type": "Point",
    "coordinates": [
     138.59914838,
     -34.6193541
    ]
   },
   "properties": {
    "name": "15 JUDD ROAD LEWISTON 5501",
    "locID": "LOC000041234714",
    "tech": "WIRELESS",
    "upgrade": "FTTP",
    "gnaf_pid": "GASA_415029263",
    "ee": true,
    "tech_change_status": "Eligible to Order",
    "program_type": "Regional Area Flip",
    "target_eligibility_quarter": "NA"
   }
  },
  {
   "type": "Feature",
   "geometry": {
    "type": "Point",
    "coordinates": [
     138.60944151,
     -34.5991232
    ]
   },
   "properties": {
    "name": "1 BETTY ROAD LEWISTON 5501",
    "locID": "LOC000043000898",
    "tech": "FTTP",
    "upgrade": "NULL_NA",
    "gnaf_pid": "GASA_415030430",
    "ee": true,
    "tech_change_status": "Eligible to Order",
    "program_type": "Regional Area Flip"
   }
  },
  {
   "type": "Feature",
   "geometry": {
    "type": "Point",
    "coordinates": [
     138.60942576,
     -34.5986718
    ]
   },
   "properties": {
    "name": "3 BETTY ROAD LEWISTON 5501",
    "locID": "LOC000059865261",
    "tech": "WIRELESS",
    "upgrade": "FTTP",
    "gnaf_pid": "GASA_415030431",
    "ee": true,
    "tech_change_status": "Eligible to Order",
    "program_type": "Regional Area Flip",
    "target_eligibility_quarter": "NA"
   }
  },
  {
   "type": "Feature",
   "geometry": {
    "type": "Point",
    "coordinates": [
     138.60941013,
     -34.5982211
    ]
   },
   "properties": {
    "name": "5 BETTY ROAD LEWISTON 5501",
    "locID": "LOC000024145731",
    "tech": "FTTP",
    "upgrade": "NULL_NA",
    "gnaf_pid": "GASA_415030432",
    "ee": true,
    "tech_change_status": "Previous Tech Disconnected",
    "program_type": "Regional Area Flip"
   }
  },
  {
   "type": "Feature",
   "geometry": {
    "type": "Point",
    "coordinates": [
     138.60939438,
     -34.5977702
    ]
   },
   "properties": {
    "name": "7 BETTY ROAD LEWISTON 5501",
    "locID": "LOC000020930672",
    "tech": "WIRELESS",
    "upgrade": "FTTP",
    "gnaf_pid": "GASA_415030433",
    "ee": true,
    "tech_change_status": "Eligible to Order",
    "program_type": "Regional Area Flip",
    "target_eligibility_quarter": "NA"
   }
  },
  {
   "type": "Feature",
   "geometry": {
    "type": "Point",
    "coordinates": [
     138.60937863,
     -34.5973192
    ]
   },
   "properties": {
    "name": "9 BETTY ROAD LEWISTON 5501",
    "locID": "LOC000099495040",
    "tech": "WIRELESS",
    "upgrade": "FTTP",
    "gnaf_pid": "GASA_415030434",
    "ee": true,
    "tech_change_status": "Eligible to Order",
    "program_type": "Regional Area Flip",
    "target_eligibility_quarter": "NA"
   }
  },
  {
   "type": "Feature",
   "geometry": {
    "type": "Point",
    "coordinates": [
     138.61095376,
     -34.5969657
    ]
   },
   "properties": {
    "name": "1 LIONEL ROAD LEWISTON 5501",
    "locID": "LOC000081972403",
    "tech": "FTTP",
    "upgrade": "NULL_NA",
    "gnaf_pid": "GASA_415030435",
    "ee": true,
    "tech_change_status": "Previous Tech Disconnected",
    "program_type": "Regional Area Flip"
   }
  },
  {
   "type": "Feature",
   "geometry": {
    "type": "Point",
    "coordinates": [
     138.61149613,
     -34.5969518
    ]
   },
   "properties": {
    "name": "3 LIONEL ROAD LEWISTON 5501",
    "locID": "LOC000006756479",
    "tech": "WIRELESS",
    "upgrade": "FTTP",
    "gnaf_pid": "GASA_415034119",
    "ee": true,
    "tech_change_status": "Eligible to Order",
    "program_type": "Regional Area Flip",
    "target_eligibility_quarter": "NA"
   }
  },
  {
   "type": "Feature",
   "geometry": {
    "type": "Point",
    "coordinates": [
     138.61205363,
     -34.5969376
    ]
   },
   "properties": {
    "name": "5 LIONEL ROAD LEWISTON 5501",
    "locID": "LOC000037114141",
    "tech": "FTTP",
    "upgrade": "NULL_NA",
    "gnaf_pid": "GASA_415034120",
    "ee": true,
    "tech_change_status": "Previous Tech Disconnected",
    "program_type": "Regional Area Flip",
    "target_eligibility_quarter": "NA"
   }
  },
  {
   "type": "Feature",
   "geometry": {
    "type": "Point",
    "coordinates": [
     138.61376451,
     -34.5968938
    ]
   },
   "properties": {
    "name": "7 LIONEL ROAD LEWISTON 5501",
    "locID": "LOC000056670808",
    "tech": "WIRELESS",
    "upgrade": "FTTP",
    "gnaf_pid": "GASA_415034121",
    "ee": true,
    "tech_change_status": "Eligible to Order",
    "program_type": "Regional Area Flip",
    "target_eligibility_quarter": "NA"
   }
  },
  {
   "type": "Feature",
   "geometry": {
    "type": "Point",
    "coordinates": [
     138.61430926,
     -34.59688
    ]
   },
   "properties": {
    "name": "9 LIONEL ROAD LEWISTON 5501",
    "locID": "LOC000052509304",
    "tech": "FTTP",
    "upgrade": "NULL_NA",
    "gnaf_pid": "GASA_415034122",
    "ee": true,
    "tech_change_status": "Previous Tech Disconnected",
    "program_type": "Regional Area Flip",
    "target_eligibility_quarter": "NA"
   }
  },
  {
   "type": "Feature",
   "geometry": {
    "type": "Point",
    "coordinates": [
     138.61485388,
     -34.596866
    ]
   },
   "properties": {
    "name": "11 LIONEL ROAD LEWISTON 5501",
    "locID": "LOC000102517434",
    "tech": "FTTP",
    "upgrade": "NULL_NA",
    "gnaf_pid": "GASA_415034123",
    "ee": true,
    "tech_change_status": "Previous Tech Disconnected",
    "program_type": "Regional Area Flip"
   }
  },
  {
   "type": "Feature",
   "geometry": {
    "type": "Point",
    "coordinates": [
     138.61539863,
     -34.5968521
    ]
   },
   "properties": {
    "name": "13 LIONEL ROAD LEWISTON 5501",
    "locID": "LOC000109817254",
    "tech": "FTTP",
    "upgrade": "NULL_NA",
    "gnaf_pid": "GASA_415034124",
    "ee": true,
    "tech_change_status": "Previous Tech Disconnected",
    "program_type": "Regional Area Flip",
    "target_eligibility_quarter": "NA"
   }
  },
  {
   "type": "Feature",
   "geometry": {
    "type": "Point",
    "coordinates": [
     138.6159865,
     -34.59679042
    ]
   },
   "properties": {
    "name": "15 LIONEL ROAD LEWISTON 5501",
    "locID": "LOC000026159741",
    "tech": "WIRELESS",
    "upgrade": "FTTP",
    "gnaf_pid": "GASA_415034125",
    "ee": true,
    "tech_change_status": "Eligible to Order",
    "program_type": "Regional Area Flip",
    "target_eligibility_quarter": "NA"
   }
  },
  {
   "type": "Feature",
   "geometry": {
    "type": "Point",
    "coordinates": [
     138.61755451,
     -34.5975586
    ]
   },
   "properties": {
    "name": "8 JAMES ROAD LEWISTON 5501",
    "locID": "LOC000020860181",
    "tech": "WIRELESS",
    "upgrade": "FTTP",
    "gnaf_pid": "GASA_415034126",
    "ee": true,
    "tech_change_status": "Eligible to Order",
    "program_type": "Regional Area Flip",
    "target_eligibility_quarter": "NA"
   }
  },
  {
   "type": "Feature",
   "geometry": {
    "type": "Point",
    "coordinates": [
     138.61757188,
     -34.5980092
    ]
   },
   "properties": {
    "name": "6 JAMES ROAD LEWISTON 5501",
    "locID": "LOC000011728931",
    "tech": "FTTP",
    "upgrade": "NULL_NA",
    "gnaf_pid": "GASA_415034127",
    "ee": true,
    "tech_change_status": "Previous Tech Disconnected",
    "program_type": "Regional Area Flip"
   }
  },
  {
   "type": "Feature",
   "geometry": {
    "type": "Point",
    "coordinates": [
     138.61758913,
     -34.5984598
    ]
   },
   "properties": {
    "name": "4 JAMES ROAD LEWISTON 5501",
    "locID": "LOC000018798996",
    "tech": "WIRELESS",
    "upgrade": "FTTP",
    "gnaf_pid": "GASA_415034128",
    "ee": true,
    "tech_change_status": "Eligible to Order",
    "program_type": "Regional Area Flip",
    "target_eligibility_quarter": "NA"
   }
  },
  {
   "type": "Feature",
   "geometry": {
    "type": "Point",
    "coordinates": [
     138.61760626,
     -34.5989095
    ]
   },
   "properties": {
    "name": "2 JAMES ROAD LEWISTON 5501",
    "locID": "LOC000028237942",
    "tech": "FTTP",
    "upgrade": "NULL_NA",
    "gnaf_pid": "GASA_415034129",
    "ee": true,
    "tech_change_status": "Previous Tech Disconnected",
    "program_type": "Regional Area Flip"
   }
  },
  {
   "type": "Feature",
   "geometry": {
    "type": "Point",
    "coordinates": [
     138.61599963,
     -34.5984523
    ]
   },
   "properties": {
    "name": "20 LIONEL ROAD LEWISTON 5501",
    "locID": "LOC000012602904",
    "tech": "FTTP",
    "upgrade": "NULL_NA",
    "gnaf_pid": "GASA_415034130",
    "ee": true,
    "tech_change_status": "Previous Tech Disconnected",
    "program_type": "Regional Area Flip",
    "target_eligibility_quarter": "NA"
   }
  },
  {
   "type": "Feature",
   "geometry": {
    "type": "Point",
    "coordinates": [
     138.61545438,
     -34.5984671
    ]
   },
   "properties": {
    "name": "18 LIONEL ROAD LEWISTON 5501",
    "locID": "LOC000029376346",
    "tech": "WIRELESS",
    "upgrade": "FTTP",
    "gnaf_pid": "GASA_415034131",
    "ee": true,
    "tech_change_status": "Eligible to Order",
    "program_type": "Regional Area Flip",
    "target_eligibility_quarter": "NA"
   }
  },
  {
   "type": "Feature",
   "geometry": {
    "type": "Point",
    "coordinates": [
     138.61490963,
     -34.5984818
    ]
   },
   "properties": {
    "name": "16 LIONEL ROAD LEWISTON 5501",
    "locID": "LOC000009232646",
    "tech": "WIRELESS",
    "upgrade": "FTTP",
    "gnaf_pid": "GASA_415034132",
    "ee": true,
    "tech_change_status": "Eligible to Order",
    "program_type": "Regional Area Flip",
    "target_eligibility_quarter": "NA"
   }
  },
  {
   "type": "Feature",
   "geometry": {
    "type": "Point",
    "coordinates": [
     138.61436451,
     -34.5984966
    ]
   },
   "properties": {
    "name": "14 LIONEL ROAD LEWISTON 5501",
    "locID": "LOC000027426033",
    "tech": "FTTP",
    "upgrade": "NULL_NA",
    "gnaf_pid": "GASA_415034133",
    "ee": true,
    "tech_change_status": "Eligible to Order",
    "program_type": "Regional Area Flip"
   }
  },
  {
   "type": "Feature",
   "geometry": {
    "type": "Point",
    "coordinates": [
     138.61381988,
     -34.5985113
    ]
   },
   "properties": {
    "name": "12 LIONEL ROAD LEWISTON 5501",
    "locID": "LOC000076421052",
    "tech": "WIRELESS",
    "upgrade": "FTTP",
    "gnaf_pid": "GASA_415034262",
    "ee": true,
    "tech_change_status": "Eligible to Order",
    "program_type": "Regional Area Flip",
    "target_eligibility_quarter": "NA"
   }
  },
  {
   "type": "Feature",
   "geometry": {
    "type": "Point",
    "coordinates": [
     138.61322963,
     -34.5985273
    ]
   },
   "properties": {
    "name": "10 LIONEL ROAD LEWISTON 5501",
    "locID": "LOC000052868197",
    "tech": "WIRELESS",
    "upgrade": "FTTP",
    "gnaf_pid": "GASA_415034263",
    "ee": true,
    "tech_change_status": "Eligible to Order",
    "program_type": "Regional Area Flip",
    "target_eligibility_quarter": "NA"
   }
  },
  {
   "type": "Feature",
   "geometry": {
    "type": "Point",
    "coordinates": [
     138.61267876,
     -34.5985422
    ]
   },
   "properties": {
    "name": "8 LIONEL ROAD LEWISTON 5501",
    "locID": "LOC000006252994",
    "tech": "FTTP",
    "upgrade": "NULL_NA",
    "gnaf_pid": "GASA_415034264",
    "ee": true,
    "tech_change_status": "Previous Tech Disconnected",
    "program_type": "Regional Area Flip",
    "target_eligibility_quarter": "NA"
   }
  },
  {
   "type": "Feature",
   "geometry": {
    "type": "Point",
    "coordinates": [
     138.61211488,
     -34.5985578
    ]
   },
   "properties": {
    "name": "6 LIONEL ROAD LEWISTON 5501",
    "locID": "LOC000077468318",
    "tech": "WIRELESS",
    "upgrade": "FTTP",
    "gnaf_pid": "GASA_415034265",
    "ee": true,
    "tech_change_status": "Eligible to Order",
    "program_type": "Regional Area Flip",
    "target_eligibility_quarter": "NA"
   }
  },
  {
   "type": "Feature",
   "geometry": {
    "type": "Point",
    "coordinates": [
     138.61155413,
     -34.5985735
    ]
   },
   "properties": {
    "name": "4 LIONEL ROAD LEWISTON 5501",
    "locID": "LOC000015057493",
    "tech": "FTTP",
    "upgrade": "NULL_NA",
    "gnaf_pid": "GASA_415034266",
    "ee": true,
    "tech_change_status": "Eligible to Order",
    "program_type": "Regional Area Flip"
   }
  },
  {
   "type": "Feature",
   "geometry": {
    "type": "Point",
    "coordinates": [
     138.61100988,
     -34.5985886
    ]
   },
   "properties": {
    "name": "2 LIONEL ROAD LEWISTON 5501",
    "locID": "LOC000060479562",
    "tech": "FTTP",
    "upgrade": "NULL_NA",
    "gnaf_pid": "GASA_415034267",
    "ee": true,
    "tech_change_status": "Eligible to Order",
    "program_type": "Regional Area Flip",
    "target_eligibility_quarter": "NA"
   }
  },
  {
   "type": "Feature",
   "geometry": {
    "type": "Point",
    "coordinates": [
     138.58942509,
     -34.59183976
    ]
   },
   "properties": {
    "name": "108 GAWLER ROAD LEWISTON 5501",
    "locID": "LOC000103723328",
    "tech": "FTTP",
    "upgrade": "NULL_NA",
    "gnaf_pid": "GASA_415035609",
    "ee": true,
    "tech_change_status": "Previous Tech Disconnected",
    "program_type": "Regional Area Flip",
    "target_eligibility_quarter": "NA"
   }
  },
  {
   "type": "Feature",
   "geometry": {
    "type": "Point",
    "coordinates": [
     138.59073994,
     -34.59192708
    ]
   },
   "properties": {
    "name": "110 GAWLER ROAD LEWISTON 5501",
    "locID": "LOC000176772519",
    "tech": "WIRELESS",
    "upgrade": "FTTP",
    "gnaf_pid": "GASA_415035610",
    "ee": true,
    "tech_change_status": "Eligible to Order",
    "program_type": "Regional Area Flip",
    "target_eligibility_quarter": "NA"
   }
  },
  {
   "type": "Feature",
   "geometry": {
    "type": "Point",
    "coordinates": [
     138.59222386,
     -34.59183851
    ]
   },
   "properties": {
    "name": "112 GAWLER ROAD LEWISTON 5501",
    "locID": "LOC000181748429",
    "tech": "WIRELESS",
    "upgrade": "FTTP",
    "gnaf_pid": "GASA_415035611",
    "ee": true,
    "tech_change_status": "Eligible to Order",
    "program_type": "Regional Area Flip",
    "target_eligibility_quarter": "NA"
   }
  },
  {
   "type": "Feature",
   "geometry": {
    "type": "Point",
    "coordinates": [
     138.59248463,
     -34.612985
    ]
   },
   "properties": {
    "name": "156 DAWKINS ROAD LEWISTON 5501",
    "locID": "LOC000105817178",
    "tech": "FTTP",
    "upgrade": "NULL_NA",
    "gnaf_pid": "GASA_415038847",
    "ee": true,
    "tech_change_status": "Eligible to Order",
    "program_type": "Regional Area Flip"
   }
  },
  {
   "type": "Feature",
   "geometry": {
    "type": "Point",
    "coordinates": [
     138.59014851,
     -34.5968075
    ]
   },
   "properties": {
    "name": "6 PEDERICK COURT LEWISTON 5501",
    "locID": "LOC000064112525",
    "tech": "FTTP",
    "upgrade": "NULL_NA",
    "gnaf_pid": "GASA_415044982",
    "ee": true,
    "tech_change_status": "Previous Tech Disconnected",
    "program_type": "Regional Area Flip"
   }
  },
  {
   "type": "Feature",
   "geometry": {
    "type": "Point",
    "coordinates": [
     138.59013288,
     -34.5963076
    ]
   },
   "properties": {
    "name": "8 PEDERICK COURT LEWISTON 5501",
    "locID": "LOC000026135643",
    "tech": "FTTP",
    "upgrade": "NULL_NA",
    "gnaf_pid": "GASA_415044983",
    "ee": true,
    "tech_change_status": "Previous Tech Disconnected",
    "program_type": "Regional Area Flip"
   }
  },
  {
   "type": "Feature",
   "geometry": {
    "type": "Point",
    "coordinates": [
     138.59010572,
     -34.59581233
    ]
   },
   "properties": {
    "name": "10 PEDERICK COURT LEWISTON 5501",
    "locID": "LOC000106671665",
    "tech": "WIRELESS",
    "upgrade": "FTTP",
    "gnaf_pid": "GASA_415044984",
    "ee": true,
    "tech_change_status": "Eligible to Order",
    "program_type": "Regional Area Flip",
    "target_eligibility_quarter": "NA"
   }
  },
  {
   "type": "Feature",
   "geometry": {
    "type": "Point",
    "coordinates": [
     138.59010881,
     -34.59512919
    ]
   },
   "properties": {
    "name": "12 PEDERICK COURT LEWISTON 5501",
    "locID": "LOC000034352093",
    "tech": "FTTP",
    "upgrade": "NULL_NA",
    "gnaf_pid": "GASA_415044985",
    "ee": true,
    "tech_change_status": "Previous Tech Disconnected",
    "program_type": "Regional Area Flip",
    "target_eligibility_quarter": "NA"
   }
  },
  {
   "type": "Feature",
   "geometry": {
    "type": "Point",
    "coordinates": [
     138.59008326,
     -34.594618
    ]
   },
   "properties": {
    "name": "14 PEDERICK COURT LEWISTON 5501",
    "locID": "LOC000059288378",
    "tech": "FTTP",
    "upgrade": "NULL_NA",
    "gnaf_pid": "GASA_415044986",
    "ee": true,
    "tech_change_status": "Eligible to Order",
    "program_type": "Regional Area Flip",
    "target_eligibility_quarter": "NA"
   }
  },
  {
   "type": "Feature",
   "geometry": {
    "type": "Point",
    "coordinates": [
     138.59011189,
     -34.594102
    ]
   },
   "properties": {
    "name": "16 PEDERICK COURT LEWISTON 5501",
    "locID": "LOC000001790224",
    "tech": "FTTP",
    "upgrade": "NULL_NA",
    "gnaf_pid": "GASA_415044987",
    "ee": true,
    "tech_change_status": "Eligible to Order",
    "program_type": "Regional Area Flip"
   }
  },
  {
   "type": "Feature",
   "geometry": {
    "type": "Point",
    "coordinates": [
     138.59023295,
     -34.59340263
    ]
   },
   "properties": {
    "name": "18 PEDERICK COURT LEWISTON 5501",
    "locID": "LOC000047011201",
    "tech": "WIRELESS",
    "upgrade": "FTTP",
    "gnaf_pid": "GASA_415044988",
    "ee": true,
    "tech_change_status": "Eligible to Order",
    "program_type": "Regional Area Flip",
    "target_eligibility_quarter": "NA"
   }
  },
  {
   "type": "Feature",
   "geometry": {
    "type": "Point",
    "coordinates": [
     138.58794912,
     -34.59384549
    ]
   },
   "properties": {
    "name": "17 PEDERICK COURT LEWISTON 5501",
    "locID": "LOC000011775441",
    "tech": "FTTP",
    "upgrade": "NULL_NA",
    "gnaf_pid": "GASA_415044989",
    "ee": true,
    "tech_change_status": "Previous Tech Disconnected",
    "program_type": "Regional Area Flip",
    "target_eligibility_quarter": "NA"
   }
  },
  {
   "type": "Feature",
   "geometry": {
    "type": "Point",
    "coordinates": [
     138.58994777,
     -34.59266421
    ]
   },
   "properties": {
    "name": "20 PEDERICK COURT LEWISTON 5501",
    "locID": "LOC000085937756",
    "tech": "FTTP",
    "upgrade": "NULL_NA",
    "gnaf_pid": "GASA_415044990",
    "ee": true,
    "tech_change_status": "Eligible to Order",
    "program_type": "Regional Area Flip",
    "target_eligibility_quarter": "NA"
   }
  },
  {
   "type": "Feature",
   "geometry": {
    "type": "Point",
    "coordinates": [
     138.58790477,
     -34.5943175
    ]
   },
   "properties": {
    "name": "15 PEDERICK COURT LEWISTON 5501",
    "locID": "LOC000071324850",
    "tech": "FTTP",
    "upgrade": "NULL_NA",
    "gnaf_pid": "GASA_415044991",
    "ee": true,
    "tech_change_status": "Eligible to Order",
    "program_type": "Regional Area Flip"
   }
  },
  {
   "type": "Feature",
   "geometry": {
    "type": "Point",
    "coordinates": [
     138.58789301,
     -34.5948096
    ]
   },
   "properties": {
    "name": "13 PEDERICK COURT LEWISTON 5501",
    "locID": "LOC000096905090",
    "tech": "FTTP",
    "upgrade": "NULL_NA",
    "gnaf_pid": "GASA_415044992",
    "ee": true,
    "tech_change_status": "Previous Tech Disconnected",
    "program_type": "Regional Area Flip",
    "target_eligibility_quarter": "NA"
   }
  },
  {
   "type": "Feature",
   "geometry": {
    "type": "Point",
    "coordinates": [
     138.58790963,
     -34.595307
    ]
   },
   "properties": {
    "name": "11 PEDERICK COURT LEWISTON 5501",
    "locID": "LOC000097270741",
    "tech": "FTTP",
    "upgrade": "NULL_NA",
    "gnaf_pid": "GASA_415044993",
    "ee": true,
    "tech_change_status": "Previous Tech Disconnected",
    "program_type": "Regional Area Flip"
   }
  },
  {
   "type": "Feature",
   "geometry": {
    "type": "Point",
    "coordinates": [
     138.58792626,
     -34.5958045
    ]
   },
   "properties": {
    "name": "9 PEDERICK COURT LEWISTON 5501",
    "locID": "LOC000040584921",
    "tech": "FTTP",
    "upgrade": "NULL_NA",
    "gnaf_pid": "GASA_415044994",
    "ee": true,
    "tech_change_status": "Eligible to Order",
    "program_type": "Regional Area Flip",
    "target_eligibility_quarter": "NA"
   }
  },
  {
   "type": "Feature",
   "geometry": {
    "type": "Point",
    "coordinates": [
     138.58794288,
     -34.596302
    ]
   },
   "properties": {
    "name": "7 PEDERICK COURT LEWISTON 5501",
    "locID": "LOC000020871273",
    "tech": "FTTP",
    "upgrade": "NULL_NA",
    "gnaf_pid": "GASA_415044995",
    "ee": true,
    "tech_change_status": "Eligible to Order",
    "program_type": "Regional Area Flip"
   }
  },
  {
   "type": "Feature",
   "geometry": {
    "type": "Point",
    "coordinates": [
     138.58795938,
     -34.5967986
    ]
   },
   "properties": {
    "name": "5 PEDERICK COURT LEWISTON 5501",
    "locID": "LOC000005878908",
    "tech": "FTTP",
    "upgrade": "NULL_NA",
    "gnaf_pid": "GASA_415044996",
    "ee": true,
    "tech_change_status": "Previous Tech Disconnected",
    "program_type": "Regional Area Flip",
    "target_eligibility_quarter": "NA"
   }
  },
  {
   "type": "Feature",
   "geometry": {
    "type": "Point",
    "coordinates": [
     138.58797588,
     -34.5972916
    ]
   },
   "properties": {
    "name": "3 PEDERICK COURT LEWISTON 5501",
    "locID": "LOC000060788918",
    "tech": "FTTP",
    "upgrade": "NULL_NA",
    "gnaf_pid": "GASA_415044997",
    "ee": true,
    "tech_change_status": "Previous Tech Disconnected",
    "program_type": "Regional Area Flip",
    "target_eligibility_quarter": "NA"
   }
  },
  {
   "type": "Feature",
   "geometry": {
    "type": "Point",
    "coordinates": [
     138.57409726,
     -34.6134077
    ]
   },
   "properties": {
    "name": "102 DAWKINS ROAD LEWISTON 5501",
    "locID": "LOC000004476035",
    "tech": "WIRELESS",
    "upgrade": "NULL_NA",
    "gnaf_pid": "GASA_415045796",
    "ee": true,
    "tech_change_status": "Not Planned",
    "program_type": "Fixed Wireless and Satellite Upgrade Program",
    "target_eligibility_quarter": "NA"
   }
  },
  {
   "type": "Feature",
   "geometry": {
    "type": "Point",
    "coordinates": [
     138.57012335,
     -34.61349129
    ]
   },
   "properties": {
    "name": "94 DAWKINS ROAD LEWISTON 5501",
    "locID": "LOC000078139781",
    "tech": "WIRELESS",
    "upgrade": "NULL_NA",
    "gnaf_pid": "GASA_415046614",
    "ee": true,
    "tech_change_status": "Not Planned",
    "program_type": "Fixed Wireless and Satellite Upgrade Program",
    "target_eligibility_quarter": "NA"
   }
  },
  {
   "type": "Feature",
   "geometry": {
    "type": "Point",
    "coordinates": [
     138.57066438,
     -34.6134797
    ]
   },
   "properties": {
    "name": "94A DAWKINS ROAD LEWISTON 5501",
    "locID": "LOC000077913711",
    "tech": "WIRELESS",
    "upgrade": "NULL_NA",
    "gnaf_pid": "GASA_415046615",
    "ee": true,
    "tech_change_status": "Not Planned",
    "program_type": "Fixed Wireless and Satellite Upgrade Program",
    "target_eligibility_quarter": "NA"
   }
  },
  {
   "type": "Feature",
   "geometry": {
    "type": "Point",
    "coordinates": [
     138.59016655,
     -34.59893406
    ]
   },
   "properties": {
    "name": "2 PEDERICK COURT LEWISTON 5501",
    "locID": "LOC000031226359",
    "tech": "FTTP",
    "upgrade": "NULL_NA",
    "gnaf_pid": "GASA_415049838",
    "ee": true,
    "tech_change_status": "Eligible to Order",
    "program_type": "Regional Area Flip"
   }
  },
  {
   "type": "Feature",
   "geometry": {
    "type": "Point",
    "coordinates": [
     138.59066624,
     -34.60094099
    ]
   },
   "properties": {
    "name": "211 HAYMAN ROAD LEWISTON 5501",
    "locID": "LOC000005326698",
    "tech": "FTTP",
    "upgrade": "NULL_NA",
    "gnaf_pid": "GASA_415049839",
    "ee": true,
    "tech_change_status": "Eligible to Order",
    "program_type": "Regional Area Flip"
   }
  },
  {
   "type": "Feature",
   "geometry": {
    "type": "Point",
    "coordinates": [
     138.58796326,
     -34.5933841
    ]
   },
   "properties": {
    "name": "19 PEDERICK COURT LEWISTON 5501",
    "locID": "LOC000038422686",
    "tech": "WIRELESS",
    "upgrade": "FTTP",
    "gnaf_pid": "GASA_415050123",
    "ee": true,
    "tech_change_status": "Eligible to Order",
    "program_type": "Regional Area Flip",
    "target_eligibility_quarter": "NA"
   }
  },
  {
   "type": "Feature",
   "geometry": {
    "type": "Point",
    "coordinates": [
     138.58806422,
     -34.59894818
    ]
   },
   "properties": {
    "name": "1 PEDERICK COURT LEWISTON 5501",
    "locID": "LOC000003473138",
    "tech": "FTTP",
    "upgrade": "NULL_NA",
    "gnaf_pid": "GASA_415050124",
    "ee": true,
    "tech_change_status": "Previous Tech Disconnected",
    "program_type": "Regional Area Flip",
    "target_eligibility_quarter": "NA"
   }
  },
  {
   "type": "Feature",
   "geometry": {
    "type": "Point",
    "coordinates": [
     138.59016388,
     -34.5973042
    ]
   },
   "properties": {
    "name": "4 PEDERICK COURT LEWISTON 5501",
    "locID": "LOC000041151283",
    "tech": "WIRELESS",
    "upgrade": "FTTP",
    "gnaf_pid": "GASA_415050125",
    "ee": true,
    "tech_change_status": "Eligible to Order",
    "program_type": "Regional Area Flip",
    "target_eligibility_quarter": "NA"
   }
  },
  {
   "type": "Feature",
   "geometry": {
    "type": "Point",
    "coordinates": [
     138.61765963,
     -34.5935408
    ]
   },
   "properties": {
    "name": "22 JAMES ROAD LEWISTON 5501",
    "locID": "LOC000084580332",
    "tech": "FTTP",
    "upgrade": "NULL_NA",
    "gnaf_pid": "GASA_415060159",
    "ee": true,
    "tech_change_status": "Eligible to Order",
    "program_type": "Regional Area Flip",
    "target_eligibility_quarter": "NA"
   }
  },
  {
   "type": "Feature",
   "geometry": {
    "type": "Point",
    "coordinates": [
     138.61556038,
     -34.5932655
    ]
   },
   "properties": {
    "name": "18 GEOFFREY STREET LEWISTON 5501",
    "locID": "LOC000089014303",
    "tech": "FTTP",
    "upgrade": "NULL_NA",
    "gnaf_pid": "GASA_415060165",
    "ee": true,
    "tech_change_status": "Previous Tech Disconnected",
    "program_type": "Regional Area Flip",
    "target_eligibility_quarter": "NA"
   }
  },
  {
   "type": "Feature",
   "geometry": {
    "type": "Point",
    "coordinates": [
     138.61566076,
     -34.5941851
    ]
   },
   "properties": {
    "name": "7 JAMES ROAD LEWISTON 5501",
    "locID": "LOC000031762302",
    "tech": "WIRELESS",
    "upgrade": "FTTP",
    "gnaf_pid": "GASA_415060167",
    "ee": true,
    "tech_change_status": "Eligible to Order",
    "program_type": "Regional Area Flip",
    "target_eligibility_quarter": "NA"
   }
  },
  {
   "type": "Feature",
   "geometry": {
    "type": "Point",
    "coordinates": [
     138.61572745,
     -34.59467966
    ]
   },
   "properties": {
    "name": "5 JAMES ROAD LEWISTON 5501",
    "locID": "LOC000035214242",
    "tech": "FTTP",
    "upgrade": "NULL_NA",
    "gnaf_pid": "GASA_415060168",
    "ee": true,
    "tech_change_status": "Eligible to Order",
    "program_type": "Regional Area Flip",
    "target_eligibility_quarter": "NA"
   }
  },
  {
   "type": "Feature",
   "geometry": {
    "type": "Point",
    "coordinates": [
     138.61563572,
     -34.59531298
    ]
   },
   "properties": {
    "name": "3 JAMES ROAD LEWISTON 5501",
    "locID": "LOC000012523228",
    "tech": "FTTP",
    "upgrade": "NULL_NA",
    "gnaf_pid": "GASA_415060169",
    "ee": true,
    "tech_change_status": "Eligible to Order",
    "program_type": "Regional Area Flip"
   }
  },
  {
   "type": "Feature",
   "geometry": {
    "type": "Point",
    "coordinates": [
     138.61563764,
     -34.59585084
    ]
   },
   "properties": {
    "name": "1 JAMES ROAD LEWISTON 5501",
    "locID": "LOC000082190778",
    "tech": "FTTP",
    "upgrade": "NULL_NA",
    "gnaf_pid": "GASA_415060170",
    "ee": true,
    "tech_change_status": "Eligible to Order",
    "program_type": "Regional Area Flip"
   }
  },
  {
   "type": "Feature",
   "geometry": {
    "type": "Point",
    "coordinates": [
     138.57762063,
     -34.6133337
    ]
   },
   "properties": {
    "name": "114 DAWKINS ROAD LEWISTON 5501",
    "locID": "LOC000077719454",
    "tech": "FTTP",
    "upgrade": "NULL_NA",
    "gnaf_pid": "GASA_415061447",
    "ee": true,
    "tech_change_status": "Previous Tech Disconnected",
    "program_type": "Regional Area Flip"
   }
  },
  {
   "type": "Feature",
   "geometry": {
    "type": "Point",
    "coordinates": [
     138.57816551,
     -34.6133211
    ]
   },
   "properties": {
    "name": "116 DAWKINS ROAD LEWISTON 5501",
    "locID": "LOC000025255206",
    "tech": "FTTP",
    "upgrade": "NULL_NA",
    "gnaf_pid": "GASA_415061462",
    "ee": true,
    "tech_change_status": "Previous Tech Disconnected",
    "program_type": "Regional Area Flip",
    "target_eligibility_quarter": "NA"
   }
  },
  {
   "type": "Feature",
   "geometry": {
    "type": "Point",
    "coordinates": [
     138.61469988,
     -34.5915556
    ]
   },
   "properties": {
    "name": "23 GEOFFREY STREET LEWISTON 5501",
    "locID": "LOC000064321598",
    "tech": "FTTP",
    "upgrade": "NULL_NA",
    "gnaf_pid": "GASA_415061895",
    "ee": true,
    "tech_change_status": "Previous Tech Disconnected",
    "program_type": "Regional Area Flip",
    "target_eligibility_quarter": "NA"
   }
  },
  {
   "type": "Feature",
   "geometry": {
    "type": "Point",
    "coordinates": [
     138.61526138,
     -34.5915408
    ]
   },
   "properties": {
    "name": "25 GEOFFREY STREET LEWISTON 5501",
    "locID": "LOC000053081960",
    "tech": "FTTP",
    "upgrade": "NULL_NA",
    "gnaf_pid": "GASA_415061896",
    "ee": true,
    "tech_change_status": "Eligible to Order",
    "program_type": "Regional Area Flip"
   }
  },
  {
   "type": "Feature",
   "geometry": {
    "type": "Point",
    "coordinates": [
     138.61582413,
     -34.5915262
    ]
   },
   "properties": {
    "name": "27 GEOFFREY STREET LEWISTON 5501",
    "locID": "LOC000030315242",
    "tech": "FTTP",
    "upgrade": "NULL_NA",
    "gnaf_pid": "GASA_415061897",
    "ee": true,
    "tech_change_status": "Previous Tech Disconnected",
    "program_type": "Regional Area Flip",
    "target_eligibility_quarter": "NA"
   }
  },
  {
   "type": "Feature",
   "geometry": {
    "type": "Point",
    "coordinates": [
     138.61639188,
     -34.5915113
    ]
   },
   "properties": {
    "name": "29 GEOFFREY STREET LEWISTON 5501",
    "locID": "LOC000097475026",
    "tech": "FTTP",
    "upgrade": "NULL_NA",
    "gnaf_pid": "GASA_415061898",
    "ee": true,
    "tech_change_status": "Previous Tech Disconnected",
    "program_type": "Regional Area Flip",
    "target_eligibility_quarter": "NA"
   }
  },
  {
   "type": "Feature",
   "geometry": {
    "type": "Point",
    "coordinates": [
     138.61744564,
     -34.59097209
    ]
   },
   "properties": {
    "name": "30 JAMES ROAD LEWISTON 5501",
    "locID": "LOC000083207177",
    "tech": "FTTP",
    "upgrade": "NULL_NA",
    "gnaf_pid": "GASA_415061899",
    "ee": true,
    "tech_change_status": "Eligible to Order",
    "program_type": "Regional Area Flip"
   }
  },
  {
   "type": "Feature",
   "geometry": {
    "type": "Point",
    "coordinates": [
     138.61776184,
     -34.59162898
    ]
   },
   "properties": {
    "name": "28 JAMES ROAD LEWISTON 5501",
    "locID": "LOC000020126814",
    "tech": "FTTP",
    "upgrade": "NULL_NA",
    "gnaf_pid": "GASA_415061900",
    "ee": true,
    "tech_change_status": "Eligible to Order",
    "program_type": "Regional Area Flip"
   }
  },
  {
   "type": "Feature",
   "geometry": {
    "type": "Point",
    "coordinates": [
     138.61768626,
     -34.5923018
    ]
   },
   "properties": {
    "name": "26 JAMES ROAD LEWISTON 5501",
    "locID": "LOC000057342968",
    "tech": "FTTP",
    "upgrade": "NULL_NA",
    "gnaf_pid": "GASA_415061901",
    "ee": true,
    "tech_change_status": "Eligible to Order",
    "program_type": "Regional Area Flip"
   }
  },
  {
   "type": "Feature",
   "geometry": {
    "type": "Point",
    "coordinates": [
     138.61767542,
     -34.59294224
    ]
   },
   "properties": {
    "name": "24 JAMES ROAD LEWISTON 5501",
    "locID": "LOC000002688389",
    "tech": "WIRELESS",
    "upgrade": "FTTP",
    "gnaf_pid": "GASA_415061902",
    "ee": true,
    "tech_change_status": "Eligible to Order",
    "program_type": "Regional Area Flip",
    "target_eligibility_quarter": "NA"
   }
  },
  {
   "type": "Feature",
   "geometry": {
    "type": "Point",
    "coordinates": [
     138.57708388,
     -34.6133462
    ]
   },
   "properties": {
    "name": "112 DAWKINS ROAD LEWISTON 5501",
    "locID": "LOC000058713630",
    "tech": "FTTP",
    "upgrade": "NULL_NA",
    "gnaf_pid": "GASA_415064934",
    "ee": true,
    "tech_change_status": "Eligible to Order",
    "program_type": "Regional Area Flip"
   }
  },
  {
   "type": "Feature",
   "geometry": {
    "type": "Point",
    "coordinates": [
     138.57639538,
     -34.613397
    ]
   },
   "properties": {
    "name": "110 DAWKINS ROAD LEWISTON 5501",
    "locID": "LOC000054810667",
    "tech": "WIRELESS",
    "upgrade": "FTTP",
    "gnaf_pid": "GASA_415064935",
    "ee": true,
    "tech_change_status": "Eligible to Order",
    "program_type": "Regional Area Flip",
    "target_eligibility_quarter": "NA"
   }
  },
  {
   "type": "Feature",
   "geometry": {
    "type": "Point",
    "coordinates": [
     138.57585776,
     -34.6134101
    ]
   },
   "properties": {
    "name": "108 DAWKINS ROAD LEWISTON 5501",
    "locID": "LOC000020055566",
    "tech": "FTTP",
    "upgrade": "NULL_NA",
    "gnaf_pid": "GASA_415064936",
    "ee": true,
    "tech_change_status": "Eligible to Order",
    "program_type": "Regional Area Flip"
   }
  },
  {
   "type": "Feature",
   "geometry": {
    "type": "Point",
    "coordinates": [
     138.57531288,
     -34.6134235
    ]
   },
   "properties": {
    "name": "106 DAWKINS ROAD LEWISTON 5501",
    "locID": "LOC000014270653",
    "tech": "WIRELESS",
    "upgrade": "FTTP",
    "gnaf_pid": "GASA_415064937",
    "ee": true,
    "tech_change_status": "Eligible to Order",
    "program_type": "Regional Area Flip",
    "target_eligibility_quarter": "NA"
   }
  },
  {
   "type": "Feature",
   "geometry": {
    "type": "Point",
    "coordinates": [
     138.57871026,
     -34.6133086
    ]
   },
   "properties": {
    "name": "118 DAWKINS ROAD LEWISTON 5501",
    "locID": "LOC000082297046",
    "tech": "FTTP",
    "upgrade": "NULL_NA",
    "gnaf_pid": "GASA_415067513",
    "ee": true,
    "tech_change_status": "Previous Tech Disconnected",
    "program_type": "Regional Area Flip",
    "target_eligibility_quarter": "NA"
   }
  },
  {
   "type": "Feature",
   "geometry": {
    "type": "Point",
    "coordinates": [
     138.61768301,
     -34.5941298
    ]
   },
   "properties": {
    "name": "20 JAMES ROAD LEWISTON 5501",
    "locID": "LOC000096438745",
    "tech": "WIRELESS",
    "upgrade": "FTTP",
    "gnaf_pid": "GASA_415072557",
    "ee": true,
    "tech_change_status": "Eligible to Order",
    "program_type": "Regional Area Flip",
    "target_eligibility_quarter": "NA"
   }
  },
  {
   "type": "Feature",
   "geometry": {
    "type": "Point",
    "coordinates": [
     138.61773257,
     -34.59471364
    ]
   },
   "properties": {
    "name": "18 JAMES ROAD LEWISTON 5501",
    "locID": "LOC000016173426",
    "tech": "FTTP",
    "upgrade": "NULL_NA",
    "gnaf_pid": "GASA_415072558",
    "ee": true,
    "tech_change_status": "Eligible to Order",
    "program_type": "Regional Area Flip"
   }
  },
  {
   "type": "Feature",
   "geometry": {
    "type": "Point",
    "coordinates": [
     138.61766489,
     -34.59547596
    ]
   },
   "properties": {
    "name": "16 JAMES ROAD LEWISTON 5501",
    "locID": "LOC000003445334",
    "tech": "FTTP",
    "upgrade": "NULL_NA",
    "gnaf_pid": "GASA_415072559",
    "ee": true,
    "tech_change_status": "Previous Tech Disconnected",
    "program_type": "Regional Area Flip",
    "target_eligibility_quarter": "NA"
   }
  },
  {
   "type": "Feature",
   "geometry": {
    "type": "Point",
    "coordinates": [
     138.61763372,
     -34.59608839
    ]
   },
   "properties": {
    "name": "14 JAMES ROAD LEWISTON 5501",
    "locID": "LOC000084420015",
    "tech": "FTTP",
    "upgrade": "NULL_NA",
    "gnaf_pid": "GASA_415072560",
    "ee": true,
    "tech_change_status": "Eligible to Order",
    "program_type": "Regional Area Flip"
   }
  },
  {
   "type": "Feature",
   "geometry": {
    "type": "Point",
    "coordinates": [
     138.61756551,
     -34.5966111
    ]
   },
   "properties": {
    "name": "12 JAMES ROAD LEWISTON 5501",
    "locID": "LOC000064029765",
    "tech": "FTTP",
    "upgrade": "NULL_NA",
    "gnaf_pid": "GASA_415072561",
    "ee": true,
    "tech_change_status": "Previous Tech Disconnected",
    "program_type": "Regional Area Flip"
   }
  },
  {
   "type": "Feature",
   "geometry": {
    "type": "Point",
    "coordinates": [
     138.61754682,
     -34.59709876
    ]
   },
   "properties": {
    "name": "10 JAMES ROAD LEWISTON 5501",
    "locID": "LOC000056602890",
    "tech": "WIRELESS",
    "upgrade": "FTTP",
    "gnaf_pid": "GASA_415072562",
    "ee": true,
    "tech_change_status": "Eligible to Order",
    "program_type": "Regional Area Flip",
    "target_eligibility_quarter": "NA"
   }
  },
  {
   "type": "Feature",
   "geometry": {
    "type": "Point",
    "coordinates": [
     138.61482952,
     -34.59329972
    ]
   },
   "properties": {
    "name": "16 GEOFFREY STREET LEWISTON 5501",
    "locID": "LOC000064738360",
    "tech": "FTTP",
    "upgrade": "NULL_NA",
    "gnaf_pid": "GASA_415072563",
    "ee": true,
    "tech_change_status": "Previous Tech Disconnected",
    "program_type": "Regional Area Flip",
    "target_eligibility_quarter": "NA"
   }
  },
  {
   "type": "Feature",
   "geometry": {
    "type": "Point",
    "coordinates": [
     138.58265001,
     -34.6067378
    ]
   },
   "properties": {
    "name": "60 BETHESDA ROAD LEWISTON 5501",
    "locID": "LOC000071869731",
    "tech": "WIRELESS",
    "upgrade": "FTTP",
    "gnaf_pid": "GASA_415080180",
    "ee": true,
    "tech_change_status": "Eligible to Order",
    "program_type": "Regional Area Flip",
    "target_eligibility_quarter": "NA"
   }
  },
  {
   "type": "Feature",
   "geometry": {
    "type": "Point",
    "coordinates": [
     138.61299551,
     -34.5916002
    ]
   },
   "properties": {
    "name": "17 GEOFFREY STREET LEWISTON 5501",
    "locID": "LOC000016771200",
    "tech": "WIRELESS",
    "upgrade": "FTTP",
    "gnaf_pid": "GASA_415082113",
    "ee": true,
    "tech_change_status": "Eligible to Order",
    "program_type": "Regional Area Flip",
    "target_eligibility_quarter": "NA"
   }
  },
  {
   "type": "Feature",
   "geometry": {
    "type": "Point",
    "coordinates": [
     138.61355301,
     -34.5915856
    ]
   },
   "properties": {
    "name": "19 GEOFFREY STREET LEWISTON 5501",
    "locID": "LOC000097485018",
    "tech": "WIRELESS",
    "upgrade": "FTTP",
    "gnaf_pid": "GASA_415082114",
    "ee": true,
    "tech_change_status": "Eligible to Order",
    "program_type": "Regional Area Flip",
    "target_eligibility_quarter": "NA"
   }
  },
  {
   "type": "Feature",
   "geometry": {
    "type": "Point",
    "coordinates": [
     138.61412988,
     -34.5915706
    ]
   },
   "properties": {
    "name": "21 GEOFFREY STREET LEWISTON 5501",
    "locID": "LOC000059017201",
    "tech": "WIRELESS",
    "upgrade": "FTTP",
    "gnaf_pid": "GASA_415082115",
    "ee": true,
    "tech_change_status": "Eligible to Order",
    "program_type": "Regional Area Flip",
    "target_eligibility_quarter": "NA"
   }
  },
  {
   "type": "Feature",
   "geometry": {
    "type": "Point",
    "coordinates": [
     138.61274613,
     -34.5933883
    ]
   },
   "properties": {
    "name": "10 GEOFFREY STREET LEWISTON 5501",
    "locID": "LOC000093660379",
    "tech": "FTTP",
    "upgrade": "NULL_NA",
    "gnaf_pid": "GASA_415082116",
    "ee": true,
    "tech_change_status": "Eligible to Order",
    "program_type": "Regional Area Flip"
   }
  },
  {
   "type": "Feature",
   "geometry": {
    "type": "Point",
    "coordinates": [
     138.61341926,
     -34.5933725
    ]
   },
   "properties": {
    "name": "12 GEOFFREY STREET LEWISTON 5501",
    "locID": "LOC000048644504",
    "tech": "WIRELESS",
    "upgrade": "FTTP",
    "gnaf_pid": "GASA_415082117",
    "ee": true,
    "tech_change_status": "Eligible to Order",
    "program_type": "Regional Area Flip",
    "target_eligibility_quarter": "NA"
   }
  },
  {
   "type": "Feature",
   "geometry": {
    "type": "Point",
    "coordinates": [
     138.61411838,
     -34.593356
    ]
   },
   "properties": {
    "name": "14 GEOFFREY STREET LEWISTON 5501",
    "locID": "LOC000078553113",
    "tech": "WIRELESS",
    "upgrade": "FTTP",
    "gnaf_pid": "GASA_415082118",
    "ee": true,
    "tech_change_status": "Eligible to Order",
    "program_type": "Regional Area Flip",
    "target_eligibility_quarter": "NA"
   }
  },
  {
   "type": "Feature",
   "geometry": {
    "type": "Point",
    "coordinates": [
     138.60936338,
     -34.5968798
    ]
   },
   "properties": {
    "name": "11 BETTY ROAD LEWISTON 5501",
    "locID": "LOC000006828545",
    "tech": "FTTP",
    "upgrade": "NULL_NA",
    "gnaf_pid": "GASA_415082125",
    "ee": true,
    "tech_change_status": "Eligible to Order",
    "program_type": "Regional Area Flip"
   }
  },
  {
   "type": "Feature",
   "geometry": {
    "type": "Point",
    "coordinates": [
     138.60925532,
     -34.59640284
    ]
   },
   "properties": {
    "name": "13 BETTY ROAD LEWISTON 5501",
    "locID": "LOC000030339461",
    "tech": "FTTP",
    "upgrade": "NULL_NA",
    "gnaf_pid": "GASA_415082126",
    "ee": true,
    "tech_change_status": "Previous Tech Disconnected",
    "program_type": "Regional Area Flip"
   }
  },
  {
   "type": "Feature",
   "geometry": {
    "type": "Point",
    "coordinates": [
     138.60943632,
     -34.59590549
    ]
   },
   "properties": {
    "name": "15 BETTY ROAD LEWISTON 5501",
    "locID": "LOC000005876016",
    "tech": "FTTP",
    "upgrade": "NULL_NA",
    "gnaf_pid": "GASA_415082127",
    "ee": true,
    "tech_change_status": "Previous Tech Disconnected",
    "program_type": "Regional Area Flip"
   }
  },
  {
   "type": "Feature",
   "geometry": {
    "type": "Point",
    "coordinates": [
     138.60931676,
     -34.5952313
    ]
   },
   "properties": {
    "name": "17 BETTY ROAD LEWISTON 5501",
    "locID": "LOC000039905376",
    "tech": "FTTP",
    "upgrade": "NULL_NA",
    "gnaf_pid": "GASA_415082128",
    "ee": true,
    "tech_change_status": "Previous Tech Disconnected",
    "program_type": "Regional Area Flip",
    "target_eligibility_quarter": "NA"
   }
  },
  {
   "type": "Feature",
   "geometry": {
    "type": "Point",
    "coordinates": [
     138.60930151,
     -34.594783
    ]
   },
   "properties": {
    "name": "19 BETTY ROAD LEWISTON 5501",
    "locID": "LOC000027445671",
    "tech": "FTTP",
    "upgrade": "NULL_NA",
    "gnaf_pid": "GASA_415082129",
    "ee": true,
    "tech_change_status": "Eligible to Order",
    "program_type": "Regional Area Flip"
   }
  },
  {
   "type": "Feature",
   "geometry": {
    "type": "Point",
    "coordinates": [
     138.61009201,
     -34.5936232
    ]
   },
   "properties": {
    "name": "8 GEOFFREY STREET LEWISTON 5501",
    "locID": "LOC000083191105",
    "tech": "WIRELESS",
    "upgrade": "FTTP",
    "gnaf_pid": "GASA_415082130",
    "ee": true,
    "tech_change_status": "Eligible to Order",
    "program_type": "Regional Area Flip",
    "target_eligibility_quarter": "NA"
   }
  },
  {
   "type": "Feature",
   "geometry": {
    "type": "Point",
    "coordinates": [
     138.60955688,
     -34.5936373
    ]
   },
   "properties": {
    "name": "6 GEOFFREY STREET LEWISTON 5501",
    "locID": "LOC000076149099",
    "tech": "FTTP",
    "upgrade": "NULL_NA",
    "gnaf_pid": "GASA_415082131",
    "ee": true,
    "tech_change_status": "Previous Tech Disconnected",
    "program_type": "Regional Area Flip"
   }
  },
  {
   "type": "Feature",
   "geometry": {
    "type": "Point",
    "coordinates": [
     138.60900988,
     -34.5936498
    ]
   },
   "properties": {
    "name": "4 GEOFFREY STREET LEWISTON 5501",
    "locID": "LOC000023370280",
    "tech": "FTTP",
    "upgrade": "NULL_NA",
    "gnaf_pid": "GASA_415082132",
    "ee": true,
    "tech_change_status": "Previous Tech Disconnected",
    "program_type": "Regional Area Flip",
    "target_eligibility_quarter": "NA"
   }
  },
  {
   "type": "Feature",
   "geometry": {
    "type": "Point",
    "coordinates": [
     138.60845113,
     -34.5936626
    ]
   },
   "properties": {
    "name": "2 GEOFFREY STREET LEWISTON 5501",
    "locID": "LOC000013405300",
    "tech": "FTTP",
    "upgrade": "NULL_NA",
    "gnaf_pid": "GASA_415082133",
    "ee": true,
    "tech_change_status": "Eligible to Order",
    "program_type": "Regional Area Flip"
   }
  },
  {
   "type": "Feature",
   "geometry": {
    "type": "Point",
    "coordinates": [
     138.60844105,
     -34.59167878
    ]
   },
   "properties": {
    "name": "1 GEOFFREY STREET LEWISTON 5501",
    "locID": "LOC000047012001",
    "tech": "FTTP",
    "upgrade": "NULL_NA",
    "gnaf_pid": "GASA_415082134",
    "ee": true,
    "tech_change_status": "Eligible to Order",
    "program_type": "Regional Area Flip"
   }
  },
  {
   "type": "Feature",
   "geometry": {
    "type": "Point",
    "coordinates": [
     138.60905601,
     -34.591691
    ]
   },
   "properties": {
    "name": "3 GEOFFREY STREET LEWISTON 5501",
    "locID": "LOC000078067804",
    "tech": "FTTP",
    "upgrade": "NULL_NA",
    "gnaf_pid": "GASA_415082135",
    "ee": true,
    "tech_change_status": "Eligible to Order",
    "program_type": "Regional Area Flip"
   }
  },
  {
   "type": "Feature",
   "geometry": {
    "type": "Point",
    "coordinates": [
     138.60962876,
     -34.5916782
    ]
   },
   "properties": {
    "name": "5 GEOFFREY STREET LEWISTON 5501",
    "locID": "LOC000083320756",
    "tech": "FTTP",
    "upgrade": "NULL_NA",
    "gnaf_pid": "GASA_415082136",
    "ee": true,
    "tech_change_status": "Eligible to Order",
    "program_type": "Regional Area Flip"
   }
  },
  {
   "type": "Feature",
   "geometry": {
    "type": "Point",
    "coordinates": [
     138.61018901,
     -34.5916657
    ]
   },
   "properties": {
    "name": "7 GEOFFREY STREET LEWISTON 5501",
    "locID": "LOC000049681804",
    "tech": "WIRELESS",
    "upgrade": "FTTP",
    "gnaf_pid": "GASA_415082137",
    "ee": true,
    "tech_change_status": "Eligible to Order",
    "program_type": "Regional Area Flip",
    "target_eligibility_quarter": "NA"
   }
  },
  {
   "type": "Feature",
   "geometry": {
    "type": "Point",
    "coordinates": [
     138.61074438,
     -34.5916535
    ]
   },
   "properties": {
    "name": "9 GEOFFREY STREET LEWISTON 5501",
    "locID": "LOC000096417478",
    "tech": "FTTP",
    "upgrade": "NULL_NA",
    "gnaf_pid": "GASA_415082138",
    "ee": true,
    "tech_change_status": "Eligible to Order",
    "program_type": "Regional Area Flip"
   }
  },
  {
   "type": "Feature",
   "geometry": {
    "type": "Point",
    "coordinates": [
     138.61130726,
     -34.5916408
    ]
   },
   "properties": {
    "name": "11 GEOFFREY STREET LEWISTON 5501",
    "locID": "LOC000073923679",
    "tech": "FTTP",
    "upgrade": "NULL_NA",
    "gnaf_pid": "GASA_415082139",
    "ee": true,
    "tech_change_status": "Previous Tech Disconnected",
    "program_type": "Regional Area Flip",
    "target_eligibility_quarter": "NA"
   }
  },
  {
   "type": "Feature",
   "geometry": {
    "type": "Point",
    "coordinates": [
     138.61187413,
     -34.5916282
    ]
   },
   "properties": {
    "name": "13 GEOFFREY STREET LEWISTON 5501",
    "locID": "LOC000107004364",
    "tech": "FTTP",
    "upgrade": "NULL_NA",
    "gnaf_pid": "GASA_415082140",
    "ee": true,
    "tech_change_status": "Eligible to Order",
    "program_type": "Regional Area Flip"
   }
  },
  {
   "type": "Feature",
   "geometry": {
    "type": "Point",
    "coordinates": [
     138.61244063,
     -34.5916147
    ]
   },
   "properties": {
    "name": "15 GEOFFREY STREET LEWISTON 5501",
    "locID": "LOC000104138122",
    "tech": "WIRELESS",
    "upgrade": "FTTP",
    "gnaf_pid": "GASA_415082141",
    "ee": true,
    "tech_change_status": "Eligible to Order",
    "program_type": "Regional Area Flip",
    "target_eligibility_quarter": "NA"
   }
  },
  {
   "type": "Feature",
   "geometry": {
    "type": "Point",
    "coordinates": [
     138.58642685,
     -34.61444887
    ]
   },
   "properties": {
    "name": "138 DAWKINS ROAD LEWISTON 5501",
    "locID": "LOC000131310355",
    "tech": "FTTP",
    "upgrade": "NULL_NA",
    "gnaf_pid": "GASA_415094444",
    "ee": true,
    "tech_change_status": "Previous Tech Disconnected",
    "program_type": "Regional Area Flip",
    "target_eligibility_quarter": "NA"
   }
  },
  {
   "type": "Feature",
   "geometry": {
    "type": "Point",
    "coordinates": [
     138.58894413,
     -34.604717
    ]
   },
   "properties": {
    "name": "6 LAWRIE ROAD LEWISTON 5501",
    "locID": "LOC000079725746",
    "tech": "WIRELESS",
    "upgrade": "FTTP",
    "gnaf_pid": "GASA_415097986",
    "ee": true,
    "tech_change_status": "Eligible to Order",
    "program_type": "Regional Area Flip",
    "target_eligibility_quarter": "NA"
   }
  },
  {
   "type": "Feature",
   "geometry": {
    "type": "Point",
    "coordinates": [
     138.58896826,
     -34.6053645
    ]
   },
   "properties": {
    "name": "4 LAWRIE ROAD LEWISTON 5501",
    "locID": "LOC000011739876",
    "tech": "WIRELESS",
    "upgrade": "FTTP",
    "gnaf_pid": "GASA_415097987",
    "ee": true,
    "tech_change_status": "Eligible to Order",
    "program_type": "Regional Area Flip",
    "target_eligibility_quarter": "NA"
   }
  },
  {
   "type": "Feature",
   "geometry": {
    "type": "Point",
    "coordinates": [
     138.59034676,
     -34.6129702
    ]
   },
   "properties": {
    "name": "150 DAWKINS ROAD LEWISTON 5501",
    "locID": "LOC000084424168",
    "tech": "FTTP",
    "upgrade": "NULL_NA",
    "gnaf_pid": "GASA_415103208",
    "ee": true,
    "tech_change_status": "Previous Tech Disconnected",
    "program_type": "Regional Area Flip"
   }
  },
  {
   "type": "Feature",
   "geometry": {
    "type": "Point",
    "coordinates": [
     138.58234188,
     -34.61579264
    ]
   },
   "properties": {
    "name": "38 BETHESDA ROAD LEWISTON 5501",
    "locID": "LOC000025306902",
    "tech": "WIRELESS",
    "upgrade": "FTTP",
    "gnaf_pid": "GASA_415104377",
    "ee": true,
    "tech_change_status": "Eligible to Order",
    "program_type": "Regional Area Flip",
    "target_eligibility_quarter": "NA"
   }
  },
  {
   "type": "Feature",
   "geometry": {
    "type": "Point",
    "coordinates": [
     138.5823627,
     -34.61636123
    ]
   },
   "properties": {
    "name": "36 BETHESDA ROAD LEWISTON 5501",
    "locID": "LOC000131277854",
    "tech": "FTTP",
    "upgrade": "NULL_NA",
    "gnaf_pid": "GASA_415104378",
    "ee": true,
    "tech_change_status": "Eligible to Order",
    "program_type": "Regional Area Flip"
   }
  },
  {
   "type": "Feature",
   "geometry": {
    "type": "Point",
    "coordinates": [
     138.58238415,
     -34.61693898
    ]
   },
   "properties": {
    "name": "34 BETHESDA ROAD LEWISTON 5501",
    "locID": "LOC000131277779",
    "tech": "FTTP",
    "upgrade": "NULL_NA",
    "gnaf_pid": "GASA_415104379",
    "ee": true,
    "tech_change_status": "Eligible to Order",
    "program_type": "Regional Area Flip"
   }
  },
  {
   "type": "Feature",
   "geometry": {
    "type": "Point",
    "coordinates": [
     138.58240537,
     -34.61750816
    ]
   },
   "properties": {
    "name": "32 BETHESDA ROAD LEWISTON 5501",
    "locID": "LOC000043558409",
    "tech": "FTTP",
    "upgrade": "NULL_NA",
    "gnaf_pid": "GASA_415104380",
    "ee": true,
    "tech_change_status": "Previous Tech Disconnected",
    "program_type": "Regional Area Flip",
    "target_eligibility_quarter": "NA"
   }
  },
  {
   "type": "Feature",
   "geometry": {
    "type": "Point",
    "coordinates": [
     138.58035276,
     -34.6142151
    ]
   },
   "properties": {
    "name": "45 BETHESDA ROAD LEWISTON 5501",
    "locID": "LOC000069918866",
    "tech": "FTTP",
    "upgrade": "NULL_NA",
    "gnaf_pid": "GASA_415113047",
    "ee": true,
    "tech_change_status": "Eligible to Order",
    "program_type": "Regional Area Flip"
   }
  },
  {
   "type": "Feature",
   "geometry": {
    "type": "Point",
    "coordinates": [
     138.58037188,
     -34.6147123
    ]
   },
   "properties": {
    "name": "43 BETHESDA ROAD LEWISTON 5501",
    "locID": "LOC000053944300",
    "tech": "FTTP",
    "upgrade": "NULL_NA",
    "gnaf_pid": "GASA_415113048",
    "ee": true,
    "tech_change_status": "Eligible to Order",
    "program_type": "Regional Area Flip"
   }
  },
  {
   "type": "Feature",
   "geometry": {
    "type": "Point",
    "coordinates": [
     138.58039026,
     -34.6152077
    ]
   },
   "properties": {
    "name": "41 BETHESDA ROAD LEWISTON 5501",
    "locID": "LOC000032632611",
    "tech": "FTTP",
    "upgrade": "NULL_NA",
    "gnaf_pid": "GASA_415113049",
    "ee": true,
    "tech_change_status": "Eligible to Order",
    "program_type": "Regional Area Flip"
   }
  },
  {
   "type": "Feature",
   "geometry": {
    "type": "Point",
    "coordinates": [
     138.58041563,
     -34.6158473
    ]
   },
   "properties": {
    "name": "39 BETHESDA ROAD LEWISTON 5501",
    "locID": "LOC000080085918",
    "tech": "FTTP",
    "upgrade": "NULL_NA",
    "gnaf_pid": "GASA_415113050",
    "ee": true,
    "tech_change_status": "Eligible to Order",
    "program_type": "Regional Area Flip"
   }
  },
  {
   "type": "Feature",
   "geometry": {
    "type": "Point",
    "coordinates": [
     138.58043488,
     -34.6163447
    ]
   },
   "properties": {
    "name": "37 BETHESDA ROAD LEWISTON 5501",
    "locID": "LOC000041265258",
    "tech": "WIRELESS",
    "upgrade": "FTTP",
    "gnaf_pid": "GASA_415113051",
    "ee": true,
    "tech_change_status": "Eligible to Order",
    "program_type": "Regional Area Flip",
    "target_eligibility_quarter": "NA"
   }
  },
  {
   "type": "Feature",
   "geometry": {
    "type": "Point",
    "coordinates": [
     138.58045401,
     -34.6168417
    ]
   },
   "properties": {
    "name": "35 BETHESDA ROAD LEWISTON 5501",
    "locID": "LOC000041000718",
    "tech": "FTTP",
    "upgrade": "NULL_NA",
    "gnaf_pid": "GASA_415113052",
    "ee": true,
    "tech_change_status": "Previous Tech Disconnected",
    "program_type": "Regional Area Flip",
    "target_eligibility_quarter": "NA"
   }
  },
  {
   "type": "Feature",
   "geometry": {
    "type": "Point",
    "coordinates": [
     138.58993703,
     -34.61540259
    ]
   },
   "properties": {
    "name": "148 DAWKINS ROAD LEWISTON 5501",
    "locID": "LOC000078610542",
    "tech": "FTTP",
    "upgrade": "NULL_NA",
    "gnaf_pid": "GASA_415114145",
    "ee": true,
    "tech_change_status": "Eligible to Order",
    "program_type": "Regional Area Flip"
   }
  },
  {
   "type": "Feature",
   "geometry": {
    "type": "Point",
    "coordinates": [
     138.58049876,
     -34.6187191
    ]
   },
   "properties": {
    "name": "23 BETHESDA ROAD LEWISTON 5501",
    "locID": "LOC000008406609",
    "tech": "FTTP",
    "upgrade": "NULL_NA",
    "gnaf_pid": "GASA_415118559",
    "ee": true,
    "tech_change_status": "Eligible to Order",
    "program_type": "Regional Area Flip"
   }
  },
  {
   "type": "Feature",
   "geometry": {
    "type": "Point",
    "coordinates": [
     138.58051763,
     -34.6192107
    ]
   },
   "properties": {
    "name": "21 BETHESDA ROAD LEWISTON 5501",
    "locID": "LOC000031849528",
    "tech": "FTTP",
    "upgrade": "NULL_NA",
    "gnaf_pid": "GASA_415118560",
    "ee": true,
    "tech_change_status": "Eligible to Order",
    "program_type": "Regional Area Flip",
    "target_eligibility_quarter": "NA"
   }
  },
  {
   "type": "Feature",
   "geometry": {
    "type": "Point",
    "coordinates": [
     138.58055551,
     -34.6201938
    ]
   },
   "properties": {
    "name": "17 BETHESDA ROAD LEWISTON 5501",
    "locID": "LOC000027547611",
    "tech": "FTTP",
    "upgrade": "NULL_NA",
    "gnaf_pid": "GASA_415118561",
    "ee": true,
    "tech_change_status": "Eligible to Order",
    "program_type": "Regional Area Flip",
    "target_eligibility_quarter": "NA"
   }
  },
  {
   "type": "Feature",
   "geometry": {
    "type": "Point",
    "coordinates": [
     138.59090201,
     -34.6062317
    ]
   },
   "properties": {
    "name": "13 GILKS ROAD LEWISTON 5501",
    "locID": "LOC000041373207",
    "tech": "FTTP",
    "upgrade": "NULL_NA",
    "gnaf_pid": "GASA_415119427",
    "ee": true,
    "tech_change_status": "Eligible to Order",
    "program_type": "Regional Area Flip"
   }
  },
  {
   "type": "Feature",
   "geometry": {
    "type": "Point",
    "coordinates": [
     138.59173788,
     -34.6062106
    ]
   },
   "properties": {
    "name": "15 GILKS ROAD LEWISTON 5501",
    "locID": "LOC000087160250",
    "tech": "FTTP",
    "upgrade": "NULL_NA",
    "gnaf_pid": "GASA_415126272",
    "ee": true,
    "tech_change_status": "Eligible to Order",
    "program_type": "Regional Area Flip"
   }
  },
  {
   "type": "Feature",
   "geometry": {
    "type": "Point",
    "coordinates": [
     138.59285651,
     -34.6061825
    ]
   },
   "properties": {
    "name": "17 GILKS ROAD LEWISTON 5501",
    "locID": "LOC000078253758",
    "tech": "FTTP",
    "upgrade": "NULL_NA",
    "gnaf_pid": "GASA_415126273",
    "ee": true,
    "tech_change_status": "Previous Tech Disconnected",
    "program_type": "Regional Area Flip",
    "target_eligibility_quarter": "NA"
   }
  },
  {
   "type": "Feature",
   "geometry": {
    "type": "Point",
    "coordinates": [
     138.58806488,
     -34.6028806
    ]
   },
   "properties": {
    "name": "12 LAWRIE ROAD LEWISTON 5501",
    "locID": "LOC000131300767",
    "tech": "FTTP",
    "upgrade": "NULL_NA",
    "gnaf_pid": "GASA_415130017",
    "ee": true,
    "tech_change_status": "Eligible to Order",
    "program_type": "Regional Area Flip"
   }
  },
  {
   "type": "Feature",
   "geometry": {
    "type": "Point",
    "coordinates": [
     138.58808888,
     -34.6035247
    ]
   },
   "properties": {
    "name": "10 LAWRIE ROAD LEWISTON 5501",
    "locID": "LOC000011743191",
    "tech": "FTTP",
    "upgrade": "NULL_NA",
    "gnaf_pid": "GASA_415130018",
    "ee": true,
    "tech_change_status": "Previous Tech Disconnected",
    "program_type": "Regional Area Flip",
    "target_eligibility_quarter": "NA"
   }
  },
  {
   "type": "Feature",
   "geometry": {
    "type": "Point",
    "coordinates": [
     138.58811088,
     -34.6041178
    ]
   },
   "properties": {
    "name": "8 LAWRIE ROAD LEWISTON 5501",
    "locID": "LOC000029449064",
    "tech": "WIRELESS",
    "upgrade": "FTTP",
    "gnaf_pid": "GASA_415130019",
    "ee": true,
    "tech_change_status": "Eligible to Order",
    "program_type": "Regional Area Flip",
    "target_eligibility_quarter": "NA"
   }
  },
  {
   "type": "Feature",
   "geometry": {
    "type": "Point",
    "coordinates": [
     138.58057438,
     -34.6206855
    ]
   },
   "properties": {
    "name": "15 BETHESDA ROAD LEWISTON 5501",
    "locID": "LOC000046566237",
    "tech": "FTTP",
    "upgrade": "NULL_NA",
    "gnaf_pid": "GASA_415130298",
    "ee": true,
    "tech_change_status": "Previous Tech Disconnected",
    "program_type": "Regional Area Flip",
    "target_eligibility_quarter": "NA"
   }
  },
  {
   "type": "Feature",
   "geometry": {
    "type": "Point",
    "coordinates": [
     138.59597626,
     -34.6195315
    ]
   },
   "properties": {
    "name": "10 ALMOND COURT LEWISTON 5501",
    "locID": "LOC000050813185",
    "tech": "FTTP",
    "upgrade": "NULL_NA",
    "gnaf_pid": "GASA_415132581",
    "ee": true,
    "tech_change_status": "Eligible to Order",
    "program_type": "Regional Area Flip",
    "target_eligibility_quarter": "NA"
   }
  },
  {
   "type": "Feature",
   "geometry": {
    "type": "Point",
    "coordinates": [
     138.59532063,
     -34.6195466
    ]
   },
   "properties": {
    "name": "11 ALMOND COURT LEWISTON 5501",
    "locID": "LOC000037578485",
    "tech": "WIRELESS",
    "upgrade": "FTTP",
    "gnaf_pid": "GASA_415132582",
    "ee": true,
    "tech_change_status": "Eligible to Order",
    "program_type": "Regional Area Flip",
    "target_eligibility_quarter": "NA"
   }
  },
  {
   "type": "Feature",
   "geometry": {
    "type": "Point",
    "coordinates": [
     138.57464513,
     -34.613576
    ]
   },
   "properties": {
    "name": "104 DAWKINS ROAD LEWISTON 5501",
    "locID": "LOC100078109735",
    "tech": "WIRELESS",
    "upgrade": "NULL_NA",
    "gnaf_pid": "GASA_415155501",
    "ee": true,
    "tech_change_status": "Not Planned",
    "program_type": "Fixed Wireless and Satellite Upgrade Program",
    "target_eligibility_quarter": "NA"
   }
  },
  {
   "type": "Feature",
   "geometry": {
    "type": "Point",
    "coordinates": [
     138.58399687,
     -34.61863879
    ]
   },
   "properties": {
    "name": "4 GREENS ROAD LEWISTON 5501",
    "locID": "LOC000003451113",
    "tech": "FTTP",
    "upgrade": "NULL_NA",
    "gnaf_pid": "GASA_415189236",
    "ee": true,
    "tech_change_status": "Eligible to Order",
    "program_type": "Regional Area Flip"
   }
  },
  {
   "type": "Feature",
   "geometry": {
    "type": "Point",
    "coordinates": [
     138.59499825,
     -34.60323189
    ]
   },
   "properties": {
    "name": "210 HAYMAN ROAD LEWISTON 5501",
    "locID": "LOC000035349426",
    "tech": "FTTP",
    "upgrade": "NULL_NA",
    "gnaf_pid": "GASA_415205264",
    "ee": true,
    "tech_change_status": "Eligible to Order",
    "program_type": "Regional Area Flip"
   }
  },
  {
   "type": "Feature",
   "geometry": {
    "type": "Point",
    "coordinates": [
     138.57868776,
     -34.6036768
    ]
   },
   "properties": {
    "name": "170 HAYMAN ROAD LEWISTON 5501",
    "locID": "LOC000103391663",
    "tech": "FTTP",
    "upgrade": "NULL_NA",
    "gnaf_pid": "GASA_415213747",
    "ee": true,
    "tech_change_status": "Eligible to Order",
    "program_type": "Regional Area Flip"
   }
  },
  {
   "type": "Feature",
   "geometry": {
    "type": "Point",
    "coordinates": [
     138.57785549,
     -34.60320888
    ]
   },
   "properties": {
    "name": "168 HAYMAN ROAD LEWISTON 5501",
    "locID": "LOC000084496920",
    "tech": "WIRELESS",
    "upgrade": "FTTP",
    "gnaf_pid": "GASA_415213748",
    "ee": true,
    "tech_change_status": "Eligible to Order",
    "program_type": "Regional Area Flip",
    "target_eligibility_quarter": "NA"
   }
  },
  {
   "type": "Feature",
   "geometry": {
    "type": "Point",
    "coordinates": [
     138.60305301,
     -34.61560201
    ]
   },
   "properties": {
    "name": "3 PEPPERMINT ROAD LEWISTON 5501",
    "locID": "LOC000014315274",
    "tech": "FTTP",
    "upgrade": "NULL_NA",
    "gnaf_pid": "GASA_415310884",
    "ee": true,
    "tech_change_status": "Eligible to Order",
    "program_type": "Regional Area Flip",
    "target_eligibility_quarter": "NA"
   }
  },
  {
   "type": "Feature",
   "geometry": {
    "type": "Point",
    "coordinates": [
     138.60099202,
     -34.61858279
    ]
   },
   "properties": {
    "name": "12 JUDD ROAD LEWISTON 5501",
    "locID": "LOC000051328692",
    "tech": "FTTP",
    "upgrade": "NULL_NA",
    "gnaf_pid": "GASA_415310887",
    "ee": true,
    "tech_change_status": "Previous Tech Disconnected",
    "program_type": "Regional Area Flip",
    "target_eligibility_quarter": "NA"
   }
  },
  {
   "type": "Feature",
   "geometry": {
    "type": "Point",
    "coordinates": [
     138.60515013,
     -34.6027628
    ]
   },
   "properties": {
    "name": "29 AUNGER ROAD LEWISTON 5501",
    "locID": "LOC000082815680",
    "tech": "WIRELESS",
    "upgrade": "FTTP",
    "gnaf_pid": "GASA_415377854",
    "ee": true,
    "tech_change_status": "Eligible to Order",
    "program_type": "Regional Area Flip",
    "target_eligibility_quarter": "NA"
   }
  },
  {
   "type": "Feature",
   "geometry": {
    "type": "Point",
    "coordinates": [
     138.60229201,
     -34.6029157
    ]
   },
   "properties": {
    "name": "232 HAYMAN ROAD LEWISTON 5501",
    "locID": "LOC000075972194",
    "tech": "FTTP",
    "upgrade": "NULL_NA",
    "gnaf_pid": "GASA_415387444",
    "ee": true,
    "tech_change_status": "Eligible to Order",
    "program_type": "Regional Area Flip"
   }
  },
  {
   "type": "Feature",
   "geometry": {
    "type": "Point",
    "coordinates": [
     138.60513188,
     -34.6022291
    ]
   },
   "properties": {
    "name": "31 AUNGER ROAD LEWISTON 5501",
    "locID": "LOC000044516528",
    "tech": "FTTP",
    "upgrade": "NULL_NA",
    "gnaf_pid": "GASA_415395516",
    "ee": true,
    "tech_change_status": "Previous Tech Disconnected",
    "program_type": "Regional Area Flip"
   }
  },
  {
   "type": "Feature",
   "geometry": {
    "type": "Point",
    "coordinates": [
     138.60551901,
     -34.6073911
    ]
   },
   "properties": {
    "name": "11 AUNGER ROAD LEWISTON 5501",
    "locID": "LOC000052593462",
    "tech": "WIRELESS",
    "upgrade": "FTTP",
    "gnaf_pid": "GASA_415397483",
    "ee": true,
    "tech_change_status": "Eligible to Order",
    "program_type": "Regional Area Flip",
    "target_eligibility_quarter": "NA"
   }
  },
  {
   "type": "Feature",
   "geometry": {
    "type": "Point",
    "coordinates": [
     138.60372988,
     -34.6110975
    ]
   },
   "properties": {
    "name": "205 DAWKINS ROAD LEWISTON 5501",
    "locID": "LOC000005840381",
    "tech": "FTTP",
    "upgrade": "NULL_NA",
    "gnaf_pid": "GASA_415397955",
    "ee": true,
    "tech_change_status": "Eligible to Order",
    "program_type": "Regional Area Flip"
   }
  },
  {
   "type": "Feature",
   "geometry": {
    "type": "Point",
    "coordinates": [
     138.60490913,
     -34.611075
    ]
   },
   "properties": {
    "name": "209 DAWKINS ROAD LEWISTON 5501",
    "locID": "LOC000012626702",
    "tech": "FTTP",
    "upgrade": "NULL_NA",
    "gnaf_pid": "GASA_415421753",
    "ee": true,
    "tech_change_status": "Previous Tech Disconnected",
    "program_type": "Regional Area Flip",
    "target_eligibility_quarter": "NA"
   }
  },
  {
   "type": "Feature",
   "geometry": {
    "type": "Point",
    "coordinates": [
     138.60382001,
     -34.6028778
    ]
   },
   "properties": {
    "name": "236 HAYMAN ROAD LEWISTON 5501",
    "locID": "LOC000093872422",
    "tech": "WIRELESS",
    "upgrade": "FTTP",
    "gnaf_pid": "GASA_415435302",
    "ee": true,
    "tech_change_status": "Eligible to Order",
    "program_type": "Regional Area Flip",
    "target_eligibility_quarter": "NA"
   }
  },
  {
   "type": "Feature",
   "geometry": {
    "type": "Point",
    "coordinates": [
     138.5984652,
     -34.60910719
    ]
   },
   "properties": {
    "name": "187 DAWKINS ROAD LEWISTON 5501",
    "locID": "LOC000131328825",
    "tech": "FTTP",
    "upgrade": "NULL_NA",
    "gnaf_pid": "GASA_415437782",
    "ee": true,
    "tech_change_status": "Eligible to Order",
    "program_type": "Regional Area Flip"
   }
  },
  {
   "type": "Feature",
   "geometry": {
    "type": "Point",
    "coordinates": [
     138.59919813,
     -34.611285
    ]
   },
   "properties": {
    "name": "189 DAWKINS ROAD LEWISTON 5501",
    "locID": "LOC000095577328",
    "tech": "WIRELESS",
    "upgrade": "FTTP",
    "gnaf_pid": "GASA_415437783",
    "ee": true,
    "tech_change_status": "Eligible to Order",
    "program_type": "Regional Area Flip",
    "target_eligibility_quarter": "NA"
   }
  },
  {
   "type": "Feature",
   "geometry": {
    "type": "Point",
    "coordinates": [
     138.60557576,
     -34.6090302
    ]
   },
   "properties": {
    "name": "5 AUNGER ROAD LEWISTON 5501",
    "locID": "LOC000019225731",
    "tech": "FTTP",
    "upgrade": "NULL_NA",
    "gnaf_pid": "GASA_415440081",
    "ee": true,
    "tech_change_status": "Eligible to Order",
    "program_type": "Regional Area Flip"
   }
  },
  {
   "type": "Feature",
   "geometry": {
    "type": "Point",
    "coordinates": [
     138.60153238,
     -34.6029343
    ]
   },
   "properties": {
    "name": "230 HAYMAN ROAD LEWISTON 5501",
    "locID": "LOC000037381414",
    "tech": "FTTP",
    "upgrade": "NULL_NA",
    "gnaf_pid": "GASA_415443721",
    "ee": true,
    "tech_change_status": "Previous Tech Disconnected",
    "program_type": "Regional Area Flip"
   }
  },
  {
   "type": "Feature",
   "geometry": {
    "type": "Point",
    "coordinates": [
     138.59986151,
     -34.611267
    ]
   },
   "properties": {
    "name": "191 DAWKINS ROAD LEWISTON 5501",
    "locID": "LOC000026707175",
    "tech": "WIRELESS",
    "upgrade": "FTTP",
    "gnaf_pid": "GASA_415450700",
    "ee": true,
    "tech_change_status": "Eligible to Order",
    "program_type": "Regional Area Flip",
    "target_eligibility_quarter": "NA"
   }
  },
  {
   "type": "Feature",
   "geometry": {
    "type": "Point",
    "coordinates": [
     138.58875076,
     -34.6149728
    ]
   },
   "properties": {
    "name": "144 DAWKINS ROAD LEWISTON 5501",
    "locID": "LOC000086040745",
    "tech": "WIRELESS",
    "upgrade": "FTTP",
    "gnaf_pid": "GASA_415459734",
    "ee": true,
    "tech_change_status": "Eligible to Order",
    "program_type": "Regional Area Flip",
    "target_eligibility_quarter": "NA"
   }
  },
  {
   "type": "Feature",
   "geometry": {
    "type": "Point",
    "coordinates": [
     138.60511363,
     -34.6016962
    ]
   },
   "properties": {
    "name": "33 AUNGER ROAD LEWISTON 5501",
    "locID": "LOC000014244545",
    "tech": "FTTP",
    "upgrade": "NULL_NA",
    "gnaf_pid": "GASA_415465128",
    "ee": true,
    "tech_change_status": "Previous Tech Disconnected",
    "program_type": "Regional Area Flip",
    "target_eligibility_quarter": "NA"
   }
  },
  {
   "type": "Feature",
   "geometry": {
    "type": "Point",
    "coordinates": [
     138.60912063,
     -34.6130351
    ]
   },
   "properties": {
    "name": "212A DAWKINS ROAD LEWISTON 5501",
    "locID": "LOC000056514647",
    "tech": "FTTP",
    "upgrade": "NULL_NA",
    "gnaf_pid": "GASA_415465551",
    "ee": true,
    "tech_change_status": "Previous Tech Disconnected",
    "program_type": "Regional Area Flip"
   }
  },
  {
   "type": "Feature",
   "geometry": {
    "type": "Point",
    "coordinates": [
     138.58798938,
     -34.6149925
    ]
   },
   "properties": {
    "name": "142 DAWKINS ROAD LEWISTON 5501",
    "locID": "LOC000039343728",
    "tech": "WIRELESS",
    "upgrade": "FTTP",
    "gnaf_pid": "GASA_415467472",
    "ee": true,
    "tech_change_status": "Eligible to Order",
    "program_type": "Regional Area Flip",
    "target_eligibility_quarter": "NA"
   }
  },
  {
   "type": "Feature",
   "geometry": {
    "type": "Point",
    "coordinates": [
     138.58904651,
     -34.6009823
    ]
   },
   "properties": {
    "name": "205 HAYMAN ROAD LEWISTON 5501",
    "locID": "LOC000065841397",
    "tech": "WIRELESS",
    "upgrade": "FTTP",
    "gnaf_pid": "GASA_415476002",
    "ee": true,
    "tech_change_status": "Eligible to Order",
    "program_type": "Regional Area Flip",
    "target_eligibility_quarter": "NA"
   }
  },
  {
   "type": "Feature",
   "geometry": {
    "type": "Point",
    "coordinates": [
     138.58980726,
     -34.6009637
    ]
   },
   "properties": {
    "name": "207 HAYMAN ROAD LEWISTON 5501",
    "locID": "LOC000009229892",
    "tech": "FTTP",
    "upgrade": "NULL_NA",
    "gnaf_pid": "GASA_415476003",
    "ee": true,
    "tech_change_status": "Previous Tech Disconnected",
    "program_type": "Regional Area Flip",
    "target_eligibility_quarter": "NA"
   }
  },
  {
   "type": "Feature",
   "geometry": {
    "type": "Point",
    "coordinates": [
     138.58750751,
     -34.6010202
    ]
   },
   "properties": {
    "name": "201 HAYMAN ROAD LEWISTON 5501",
    "locID": "LOC000021135277",
    "tech": "FTTP",
    "upgrade": "NULL_NA",
    "gnaf_pid": "GASA_415477827",
    "ee": true,
    "tech_change_status": "Previous Tech Disconnected",
    "program_type": "Regional Area Flip",
    "target_eligibility_quarter": "NA"
   }
  },
  {
   "type": "Feature",
   "geometry": {
    "type": "Point",
    "coordinates": [
     138.58828513,
     -34.6010011
    ]
   },
   "properties": {
    "name": "203 HAYMAN ROAD LEWISTON 5501",
    "locID": "LOC000034420950",
    "tech": "FTTP",
    "upgrade": "NULL_NA",
    "gnaf_pid": "GASA_415477828",
    "ee": true,
    "tech_change_status": "Previous Tech Disconnected",
    "program_type": "Regional Area Flip",
    "target_eligibility_quarter": "NA"
   }
  },
  {
   "type": "Feature",
   "geometry": {
    "type": "Point",
    "coordinates": [
     138.56951596,
     -34.59412484
    ]
   },
   "properties": {
    "name": "98 FROST ROAD LEWISTON 5501",
    "locID": "LOC000173824214",
    "tech": "WIRELESS",
    "upgrade": "NULL_NA",
    "gnaf_pid": "GASA_415480349",
    "ee": true,
    "tech_change_status": "Not Planned",
    "program_type": "Fixed Wireless and Satellite Upgrade Program",
    "target_eligibility_quarter": "NA"
   }
  },
  {
   "type": "Feature",
   "geometry": {
    "type": "Point",
    "coordinates": [
     138.60553976,
     -34.6126115
    ]
   },
   "properties": {
    "name": "202 DAWKINS ROAD LEWISTON 5501",
    "locID": "LOC000011712583",
    "tech": "WIRELESS",
    "upgrade": "FTTP",
    "gnaf_pid": "GASA_415482573",
    "ee": true,
    "tech_change_status": "Eligible to Order",
    "program_type": "Regional Area Flip",
    "target_eligibility_quarter": "NA"
   }
  },
  {
   "type": "Feature",
   "geometry": {
    "type": "Point",
    "coordinates": [
     138.60615338,
     -34.6125975
    ]
   },
   "properties": {
    "name": "204 DAWKINS ROAD LEWISTON 5501",
    "locID": "LOC000078417409",
    "tech": "FTTP",
    "upgrade": "NULL_NA",
    "gnaf_pid": "GASA_415482574",
    "ee": true,
    "tech_change_status": "Previous Tech Disconnected",
    "program_type": "Regional Area Flip",
    "target_eligibility_quarter": "NA"
   }
  },
  {
   "type": "Feature",
   "geometry": {
    "type": "Point",
    "coordinates": [
     138.60580984,
     -34.61570075
    ]
   },
   "properties": {
    "name": "200 DAWKINS ROAD LEWISTON 5501",
    "locID": "LOC000025789983",
    "tech": "FTTP",
    "upgrade": "NULL_NA",
    "gnaf_pid": "GASA_415482575",
    "ee": true,
    "tech_change_status": "Previous Tech Disconnected",
    "program_type": "Regional Area Flip"
   }
  },
  {
   "type": "Feature",
   "geometry": {
    "type": "Point",
    "coordinates": [
     138.56958798,
     -34.59604587
    ]
   },
   "properties": {
    "name": "92 FROST ROAD LEWISTON 5501",
    "locID": "LOC100078109047",
    "tech": "WIRELESS",
    "upgrade": "NULL_NA",
    "gnaf_pid": "GASA_415487359",
    "ee": true,
    "tech_change_status": "Not Planned",
    "program_type": "Fixed Wireless and Satellite Upgrade Program",
    "target_eligibility_quarter": "NA"
   }
  },
  {
   "type": "Feature",
   "geometry": {
    "type": "Point",
    "coordinates": [
     138.56961199,
     -34.59668728
    ]
   },
   "properties": {
    "name": "90 FROST ROAD LEWISTON 5501",
    "locID": "LOC100056451062",
    "tech": "WIRELESS",
    "upgrade": "NULL_NA",
    "gnaf_pid": "GASA_415487360",
    "ee": true,
    "tech_change_status": "Not Planned",
    "program_type": "Fixed Wireless and Satellite Upgrade Program",
    "target_eligibility_quarter": "NA"
   }
  },
  {
   "type": "Feature",
   "geometry": {
    "type": "Point",
    "coordinates": [
     138.57175887,
     -34.60080326
    ]
   },
   "properties": {
    "name": "157 HAYMAN ROAD LEWISTON 5501",
    "locID": "LOC000060068192",
    "tech": "FTTP",
    "upgrade": "NULL_NA",
    "gnaf_pid": "GASA_415487734",
    "ee": true,
    "tech_change_status": "Eligible to Order",
    "program_type": "Regional Area Flip"
   }
  },
  {
   "type": "Feature",
   "geometry": {
    "type": "Point",
    "coordinates": [
     138.59302676,
     -34.60237
    ]
   },
   "properties": {
    "name": "206 HAYMAN ROAD LEWISTON 5501",
    "locID": "LOC000032649366",
    "tech": "FTTP",
    "upgrade": "NULL_NA",
    "gnaf_pid": "GASA_415490059",
    "ee": true,
    "tech_change_status": "Eligible to Order",
    "program_type": "Regional Area Flip"
   }
  },
  {
   "type": "Feature",
   "geometry": {
    "type": "Point",
    "coordinates": [
     138.57492122,
     -34.59301525
    ]
   },
   "properties": {
    "name": "78 GAWLER ROAD LEWISTON 5501",
    "locID": "LOC000005351196",
    "tech": "WIRELESS",
    "upgrade": "NULL_NA",
    "gnaf_pid": "GASA_415490124",
    "ee": true,
    "tech_change_status": "Not Planned",
    "program_type": "Fixed Wireless and Satellite Upgrade Program",
    "target_eligibility_quarter": "NA"
   }
  },
  {
   "type": "Feature",
   "geometry": {
    "type": "Point",
    "coordinates": [
     138.58444288,
     -34.6010955
    ]
   },
   "properties": {
    "name": "193 HAYMAN ROAD LEWISTON 5501",
    "locID": "LOC000021785846",
    "tech": "FTTP",
    "upgrade": "NULL_NA",
    "gnaf_pid": "GASA_415497088",
    "ee": true,
    "tech_change_status": "Previous Tech Disconnected",
    "program_type": "Regional Area Flip",
    "target_eligibility_quarter": "NA"
   }
  },
  {
   "type": "Feature",
   "geometry": {
    "type": "Point",
    "coordinates": [
     138.58520726,
     -34.6010767
    ]
   },
   "properties": {
    "name": "195 HAYMAN ROAD LEWISTON 5501",
    "locID": "LOC000010257468",
    "tech": "WIRELESS",
    "upgrade": "FTTP",
    "gnaf_pid": "GASA_415497089",
    "ee": true,
    "tech_change_status": "Eligible to Order",
    "program_type": "Regional Area Flip",
    "target_eligibility_quarter": "NA"
   }
  },
  {
   "type": "Feature",
   "geometry": {
    "type": "Point",
    "coordinates": [
     138.58596913,
     -34.6010583
    ]
   },
   "properties": {
    "name": "197 HAYMAN ROAD LEWISTON 5501",
    "locID": "LOC000048141098",
    "tech": "FTTP",
    "upgrade": "NULL_NA",
    "gnaf_pid": "GASA_415497090",
    "ee": true,
    "tech_change_status": "Previous Tech Disconnected",
    "program_type": "Regional Area Flip"
   }
  },
  {
   "type": "Feature",
   "geometry": {
    "type": "Point",
    "coordinates": [
     138.58672776,
     -34.6010395
    ]
   },
   "properties": {
    "name": "199 HAYMAN ROAD LEWISTON 5501",
    "locID": "LOC000076135574",
    "tech": "FTTP",
    "upgrade": "NULL_NA",
    "gnaf_pid": "GASA_415497091",
    "ee": true,
    "tech_change_status": "Previous Tech Disconnected",
    "program_type": "Regional Area Flip",
    "target_eligibility_quarter": "NA"
   }
  },
  {
   "type": "Feature",
   "geometry": {
    "type": "Point",
    "coordinates": [
     138.57812642,
     -34.61111642
    ]
   },
   "properties": {
    "name": "131 DAWKINS ROAD LEWISTON 5501",
    "locID": "LOC000036346313",
    "tech": "FTTP",
    "upgrade": "NULL_NA",
    "gnaf_pid": "GASA_415498142",
    "ee": true,
    "tech_change_status": "Eligible to Order",
    "program_type": "Regional Area Flip"
   }
  },
  {
   "type": "Feature",
   "geometry": {
    "type": "Point",
    "coordinates": [
     138.59099324,
     -34.61079911
    ]
   },
   "properties": {
    "name": "171 DAWKINS ROAD LEWISTON 5501",
    "locID": "LOC000106577982",
    "tech": "WIRELESS",
    "upgrade": "FTTP",
    "gnaf_pid": "GASA_415498145",
    "ee": true,
    "tech_change_status": "Eligible to Order",
    "program_type": "Regional Area Flip",
    "target_eligibility_quarter": "NA"
   }
  },
  {
   "type": "Feature",
   "geometry": {
    "type": "Point",
    "coordinates": [
     138.60609388,
     -34.6110448
    ]
   },
   "properties": {
    "name": "213 DAWKINS ROAD LEWISTON 5501",
    "locID": "LOC000047519953",
    "tech": "FTTP",
    "upgrade": "NULL_NA",
    "gnaf_pid": "GASA_415498149",
    "ee": true,
    "tech_change_status": "Eligible to Order",
    "program_type": "Regional Area Flip"
   }
  },
  {
   "type": "Feature",
   "geometry": {
    "type": "Point",
    "coordinates": [
     138.60550863,
     -34.6110597
    ]
   },
   "properties": {
    "name": "211 DAWKINS ROAD LEWISTON 5501",
    "locID": "LOC000054320218",
    "tech": "FTTP",
    "upgrade": "NULL_NA",
    "gnaf_pid": "GASA_415501721",
    "ee": true,
    "tech_change_status": "Previous Tech Disconnected",
    "program_type": "Regional Area Flip"
   }
  },
  {
   "type": "Feature",
   "geometry": {
    "type": "Point",
    "coordinates": [
     138.60431676,
     -34.6110901
    ]
   },
   "properties": {
    "name": "207 DAWKINS ROAD LEWISTON 5501",
    "locID": "LOC000026698692",
    "tech": "FTTP",
    "upgrade": "NULL_NA",
    "gnaf_pid": "GASA_415501722",
    "ee": true,
    "tech_change_status": "Eligible to Order",
    "program_type": "Regional Area Flip"
   }
  },
  {
   "type": "Feature",
   "geometry": {
    "type": "Point",
    "coordinates": [
     138.60398604,
     -34.60860066
    ]
   },
   "properties": {
    "name": "203 DAWKINS ROAD LEWISTON 5501",
    "locID": "LOC100055560754",
    "tech": "WIRELESS",
    "upgrade": "FTTP",
    "gnaf_pid": "GASA_415501723",
    "ee": true,
    "tech_change_status": "Eligible to Order",
    "program_type": "Regional Area Flip",
    "target_eligibility_quarter": "NA"
   }
  },
  {
   "type": "Feature",
   "geometry": {
    "type": "Point",
    "coordinates": [
     138.60116738,
     -34.6112265
    ]
   },
   "properties": {
    "name": "195 DAWKINS ROAD LEWISTON 5501",
    "locID": "LOC000052223300",
    "tech": "FTTP",
    "upgrade": "NULL_NA",
    "gnaf_pid": "GASA_415501724",
    "ee": true,
    "tech_change_status": "Previous Tech Disconnected",
    "program_type": "Regional Area Flip"
   }
  },
  {
   "type": "Feature",
   "geometry": {
    "type": "Point",
    "coordinates": [
     138.60052088,
     -34.6112397
    ]
   },
   "properties": {
    "name": "193 DAWKINS ROAD LEWISTON 5501",
    "locID": "LOC000085747795",
    "tech": "WIRELESS",
    "upgrade": "FTTP",
    "gnaf_pid": "GASA_415501725",
    "ee": true,
    "tech_change_status": "Eligible to Order",
    "program_type": "Regional Area Flip",
    "target_eligibility_quarter": "NA"
   }
  },
  {
   "type": "Feature",
   "geometry": {
    "type": "Point",
    "coordinates": [
     138.60550026,
     -34.6068463
    ]
   },
   "properties": {
    "name": "13 AUNGER ROAD LEWISTON 5501",
    "locID": "LOC000063574959",
    "tech": "FTTP",
    "upgrade": "NULL_NA",
    "gnaf_pid": "GASA_415502411",
    "ee": true,
    "tech_change_status": "Previous Tech Disconnected",
    "program_type": "Regional Area Flip",
    "target_eligibility_quarter": "NA"
   }
  },
  {
   "type": "Feature",
   "geometry": {
    "type": "Point",
    "coordinates": [
     138.60559463,
     -34.6095757
    ]
   },
   "properties": {
    "name": "3 AUNGER ROAD LEWISTON 5501",
    "locID": "LOC000007540432",
    "tech": "FTTP",
    "upgrade": "NULL_NA",
    "gnaf_pid": "GASA_415502414",
    "ee": true,
    "tech_change_status": "Previous Tech Disconnected",
    "program_type": "Regional Area Flip",
    "target_eligibility_quarter": "NA"
   }
  },
  {
   "type": "Feature",
   "geometry": {
    "type": "Point",
    "coordinates": [
     138.60561338,
     -34.6101205
    ]
   },
   "properties": {
    "name": "1 AUNGER ROAD LEWISTON 5501",
    "locID": "LOC000051169074",
    "tech": "FTTP",
    "upgrade": "NULL_NA",
    "gnaf_pid": "GASA_415502415",
    "ee": true,
    "tech_change_status": "Eligible to Order",
    "program_type": "Regional Area Flip",
    "target_eligibility_quarter": "NA"
   }
  },
  {
   "type": "Feature",
   "geometry": {
    "type": "Point",
    "coordinates": [
     138.60305588,
     -34.6028968
    ]
   },
   "properties": {
    "name": "234 HAYMAN ROAD LEWISTON 5501",
    "locID": "LOC000070559944",
    "tech": "FTTP",
    "upgrade": "NULL_NA",
    "gnaf_pid": "GASA_415502421",
    "ee": true,
    "tech_change_status": "Previous Tech Disconnected",
    "program_type": "Regional Area Flip",
    "target_eligibility_quarter": "NA"
   }
  },
  {
   "type": "Feature",
   "geometry": {
    "type": "Point",
    "coordinates": [
     138.56969646,
     -34.59893052
    ]
   },
   "properties": {
    "name": "82-84 FROST ROAD LEWISTON 5501",
    "locID": "LOC100032475021",
    "tech": "FTTP",
    "upgrade": "NULL_NA",
    "gnaf_pid": "GASA_415502424",
    "ee": true,
    "tech_change_status": "Previous Tech Disconnected",
    "program_type": "Regional Area Flip"
   }
  },
  {
   "type": "Feature",
   "geometry": {
    "type": "Point",
    "coordinates": [
     138.57985213,
     -34.5999558
    ]
   },
   "properties": {
    "name": "65 BETHESDA ROAD LEWISTON 5501",
    "locID": "LOC000098828904",
    "tech": "WIRELESS",
    "upgrade": "FTTP",
    "gnaf_pid": "GASA_415502427",
    "ee": true,
    "tech_change_status": "Eligible to Order",
    "program_type": "Regional Area Flip",
    "target_eligibility_quarter": "NA"
   }
  },
  {
   "type": "Feature",
   "geometry": {
    "type": "Point",
    "coordinates": [
     138.59224326,
     -34.602389
    ]
   },
   "properties": {
    "name": "204 HAYMAN ROAD LEWISTON 5501",
    "locID": "LOC000034253785",
    "tech": "FTTP",
    "upgrade": "NULL_NA",
    "gnaf_pid": "GASA_415502428",
    "ee": true,
    "tech_change_status": "Previous Tech Disconnected",
    "program_type": "Regional Area Flip",
    "target_eligibility_quarter": "NA"
   }
  },
  {
   "type": "Feature",
   "geometry": {
    "type": "Point",
    "coordinates": [
     138.57567312,
     -34.61096432
    ]
   },
   "properties": {
    "name": "123 DAWKINS ROAD LEWISTON 5501",
    "locID": "LOC000018388838",
    "tech": "FTTP",
    "upgrade": "NULL_NA",
    "gnaf_pid": "GASA_415502830",
    "ee": true,
    "tech_change_status": "Previous Tech Disconnected",
    "program_type": "Regional Area Flip"
   }
  },
  {
   "type": "Feature",
   "geometry": {
    "type": "Point",
    "coordinates": [
     138.57525115,
     -34.61198328
    ]
   },
   "properties": {
    "name": "121 DAWKINS ROAD LEWISTON 5501",
    "locID": "LOC000081543317",
    "tech": "SATELLITE",
    "upgrade": "NULL_NA",
    "gnaf_pid": "GASA_415508721",
    "ee": true,
    "tech_change_status": "Eligible to Order",
    "program_type": "Regional Area Flip"
   }
  },
  {
   "type": "Feature",
   "geometry": {
    "type": "Point",
    "coordinates": [
     138.57521251,
     -34.6007091
    ]
   },
   "properties": {
    "name": "165 HAYMAN ROAD LEWISTON 5501",
    "locID": "LOC000106497653",
    "tech": "WIRELESS",
    "upgrade": "FTTP",
    "gnaf_pid": "GASA_415510332",
    "ee": true,
    "tech_change_status": "Eligible to Order",
    "program_type": "Regional Area Flip",
    "target_eligibility_quarter": "NA"
   }
  },
  {
   "type": "Feature",
   "geometry": {
    "type": "Point",
    "coordinates": [
     138.57573013,
     -34.6006955
    ]
   },
   "properties": {
    "name": "167 HAYMAN ROAD LEWISTON 5501",
    "locID": "LOC000006717348",
    "tech": "FTTP",
    "upgrade": "NULL_NA",
    "gnaf_pid": "GASA_415510333",
    "ee": true,
    "tech_change_status": "Eligible to Order",
    "program_type": "Regional Area Flip"
   }
  },
  {
   "type": "Feature",
   "geometry": {
    "type": "Point",
    "coordinates": [
     138.59690929,
     -34.60442383
    ]
   },
   "properties": {
    "name": "216 HAYMAN ROAD LEWISTON 5501",
    "locID": "LOC000011179002",
    "tech": "FTTP",
    "upgrade": "NULL_NA",
    "gnaf_pid": "GASA_415511107",
    "ee": true,
    "tech_change_status": "Eligible to Order",
    "program_type": "Regional Area Flip"
   }
  },
  {
   "type": "Feature",
   "geometry": {
    "type": "Point",
    "coordinates": [
     138.59736213,
     -34.6022866
    ]
   },
   "properties": {
    "name": "218 HAYMAN ROAD LEWISTON 5501",
    "locID": "LOC000054360300",
    "tech": "FTTP",
    "upgrade": "NULL_NA",
    "gnaf_pid": "GASA_415511108",
    "ee": true,
    "tech_change_status": "Previous Tech Disconnected",
    "program_type": "Regional Area Flip",
    "target_eligibility_quarter": "NA"
   }
  },
  {
   "type": "Feature",
   "geometry": {
    "type": "Point",
    "coordinates": [
     138.60211988,
     -34.6112043
    ]
   },
   "properties": {
    "name": "199 DAWKINS ROAD LEWISTON 5501",
    "locID": "LOC000025922731",
    "tech": "WIRELESS",
    "upgrade": "FTTP",
    "gnaf_pid": "GASA_415528666",
    "ee": true,
    "tech_change_status": "Eligible to Order",
    "program_type": "Regional Area Flip",
    "target_eligibility_quarter": "NA"
   }
  },
  {
   "type": "Feature",
   "geometry": {
    "type": "Point",
    "coordinates": [
     138.60290313,
     -34.6111857
    ]
   },
   "properties": {
    "name": "201 DAWKINS ROAD LEWISTON 5501",
    "locID": "LOC000003489905",
    "tech": "WIRELESS",
    "upgrade": "FTTP",
    "gnaf_pid": "GASA_415528667",
    "ee": true,
    "tech_change_status": "Eligible to Order",
    "program_type": "Regional Area Flip",
    "target_eligibility_quarter": "NA"
   }
  },
  {
   "type": "Feature",
   "geometry": {
    "type": "Point",
    "coordinates": [
     138.60164806,
     -34.6086984
    ]
   },
   "properties": {
    "name": "197 DAWKINS ROAD LEWISTON 5501",
    "locID": "LOC000131328958",
    "tech": "FTTP",
    "upgrade": "NULL_NA",
    "gnaf_pid": "GASA_415531276",
    "ee": true,
    "tech_change_status": "Eligible to Order",
    "program_type": "Regional Area Flip"
   }
  },
  {
   "type": "Feature",
   "geometry": {
    "type": "Point",
    "coordinates": [
     138.60130056,
     -34.60551639
    ]
   },
   "properties": {
    "name": "226 HAYMAN ROAD LEWISTON 5501",
    "locID": "LOC000026789842",
    "tech": "FTTP",
    "upgrade": "NULL_NA",
    "gnaf_pid": "GASA_415534415",
    "ee": true,
    "tech_change_status": "Previous Tech Disconnected",
    "program_type": "Regional Area Flip",
    "target_eligibility_quarter": "NA"
   }
  },
  {
   "type": "Feature",
   "geometry": {
    "type": "Point",
    "coordinates": [
     138.59891374,
     -34.6044878
    ]
   },
   "properties": {
    "name": "224 HAYMAN ROAD LEWISTON 5501",
    "locID": "LOC000024501229",
    "tech": "FTTP",
    "upgrade": "NULL_NA",
    "gnaf_pid": "GASA_415534416",
    "ee": true,
    "tech_change_status": "Previous Tech Disconnected",
    "program_type": "Regional Area Flip"
   }
  },
  {
   "type": "Feature",
   "geometry": {
    "type": "Point",
    "coordinates": [
     138.57132427,
     -34.59247319
    ]
   },
   "properties": {
    "name": "70 GAWLER ROAD LEWISTON 5501",
    "locID": "LOC100056451101",
    "tech": "WIRELESS",
    "upgrade": "NULL_NA",
    "gnaf_pid": "GASA_415536019",
    "ee": true,
    "tech_change_status": "Not Planned",
    "program_type": "Fixed Wireless and Satellite Upgrade Program",
    "target_eligibility_quarter": "NA"
   }
  },
  {
   "type": "Feature",
   "geometry": {
    "type": "Point",
    "coordinates": [
     138.57194738,
     -34.59245594
    ]
   },
   "properties": {
    "name": "72 GAWLER ROAD LEWISTON 5501",
    "locID": "LOC100056451129",
    "tech": "WIRELESS",
    "upgrade": "NULL_NA",
    "gnaf_pid": "GASA_415536020",
    "ee": true,
    "tech_change_status": "Not Planned",
    "program_type": "Fixed Wireless and Satellite Upgrade Program",
    "target_eligibility_quarter": "NA"
   }
  },
  {
   "type": "Feature",
   "geometry": {
    "type": "Point",
    "coordinates": [
     138.57277242,
     -34.59243325
    ]
   },
   "properties": {
    "name": "74 GAWLER ROAD LEWISTON 5501",
    "locID": "LOC100056451140",
    "tech": "WIRELESS",
    "upgrade": "NULL_NA",
    "gnaf_pid": "GASA_415536021",
    "ee": true,
    "tech_change_status": "Not Planned",
    "program_type": "Fixed Wireless and Satellite Upgrade Program",
    "target_eligibility_quarter": "NA"
   }
  },
  {
   "type": "Feature",
   "geometry": {
    "type": "Point",
    "coordinates": [
     138.59353888,
     -34.6129578
    ]
   },
   "properties": {
    "name": "160 DAWKINS ROAD LEWISTON 5501",
    "locID": "LOC000064534121",
    "tech": "FTTP",
    "upgrade": "NULL_NA",
    "gnaf_pid": "GASA_415536631",
    "ee": true,
    "tech_change_status": "Eligible to Order",
    "program_type": "Regional Area Flip"
   }
  },
  {
   "type": "Feature",
   "geometry": {
    "type": "Point",
    "coordinates": [
     138.59301426,
     -34.6129711
    ]
   },
   "properties": {
    "name": "158 DAWKINS ROAD LEWISTON 5501",
    "locID": "LOC000074499968",
    "tech": "FTTP",
    "upgrade": "NULL_NA",
    "gnaf_pid": "GASA_415536632",
    "ee": true,
    "tech_change_status": "Previous Tech Disconnected",
    "program_type": "Regional Area Flip",
    "target_eligibility_quarter": "NA"
   }
  },
  {
   "type": "Feature",
   "geometry": {
    "type": "Point",
    "coordinates": [
     138.56963603,
     -34.59732845
    ]
   },
   "properties": {
    "name": "88 FROST ROAD LEWISTON 5501",
    "locID": "LOC100056451070",
    "tech": "WIRELESS",
    "upgrade": "NULL_NA",
    "gnaf_pid": "GASA_415537488",
    "ee": true,
    "tech_change_status": "Not Planned",
    "program_type": "Fixed Wireless and Satellite Upgrade Program",
    "target_eligibility_quarter": "NA"
   }
  },
  {
   "type": "Feature",
   "geometry": {
    "type": "Point",
    "coordinates": [
     138.56965997,
     -34.59796926
    ]
   },
   "properties": {
    "name": "86 FROST ROAD LEWISTON 5501",
    "locID": "LOC100056451058",
    "tech": "WIRELESS",
    "upgrade": "NULL_NA",
    "gnaf_pid": "GASA_415537489",
    "ee": true,
    "tech_change_status": "Not Planned",
    "program_type": "Fixed Wireless and Satellite Upgrade Program",
    "target_eligibility_quarter": "NA"
   }
  },
  {
   "type": "Feature",
   "geometry": {
    "type": "Point",
    "coordinates": [
     138.60473276,
     -34.6131768
    ]
   },
   "properties": {
    "name": "198 DAWKINS ROAD LEWISTON 5501",
    "locID": "LOC000088952332",
    "tech": "FTTP",
    "upgrade": "NULL_NA",
    "gnaf_pid": "GASA_415539820",
    "ee": true,
    "tech_change_status": "Eligible to Order",
    "program_type": "Regional Area Flip",
    "target_eligibility_quarter": "NA"
   }
  },
  {
   "type": "Feature",
   "geometry": {
    "type": "Point",
    "coordinates": [
     138.57995376,
     -34.6028247
    ]
   },
   "properties": {
    "name": "174 HAYMAN ROAD LEWISTON 5501",
    "locID": "LOC000064896330",
    "tech": "FTTP",
    "upgrade": "NULL_NA",
    "gnaf_pid": "GASA_415540039",
    "ee": true,
    "tech_change_status": "Eligible to Order",
    "program_type": "Regional Area Flip"
   }
  },
  {
   "type": "Feature",
   "geometry": {
    "type": "Point",
    "coordinates": [
     138.58047163,
     -34.6028122
    ]
   },
   "properties": {
    "name": "176 HAYMAN ROAD LEWISTON 5501",
    "locID": "LOC000048440458",
    "tech": "FTTP",
    "upgrade": "NULL_NA",
    "gnaf_pid": "GASA_415540040",
    "ee": true,
    "tech_change_status": "Eligible to Order",
    "program_type": "Regional Area Flip"
   }
  },
  {
   "type": "Feature",
   "geometry": {
    "type": "Point",
    "coordinates": [
     138.60362451,
     -34.6132042
    ]
   },
   "properties": {
    "name": "194 DAWKINS ROAD LEWISTON 5501",
    "locID": "LOC000006715623",
    "tech": "FTTP",
    "upgrade": "NULL_NA",
    "gnaf_pid": "GASA_415542365",
    "ee": true,
    "tech_change_status": "Previous Tech Disconnected",
    "program_type": "Regional Area Flip",
    "target_eligibility_quarter": "NA"
   }
  },
  {
   "type": "Feature",
   "geometry": {
    "type": "Point",
    "coordinates": [
     138.60417838,
     -34.6131906
    ]
   },
   "properties": {
    "name": "196 DAWKINS ROAD LEWISTON 5501",
    "locID": "LOC000025789833",
    "tech": "FTTP",
    "upgrade": "NULL_NA",
    "gnaf_pid": "GASA_415542366",
    "ee": true,
    "tech_change_status": "Eligible to Order",
    "program_type": "Regional Area Flip"
   }
  },
  {
   "type": "Feature",
   "geometry": {
    "type": "Point",
    "coordinates": [
     138.58126151,
     -34.6011741
    ]
   },
   "properties": {
    "name": "185 HAYMAN ROAD LEWISTON 5501",
    "locID": "LOC000091352983",
    "tech": "FTTP",
    "upgrade": "NULL_NA",
    "gnaf_pid": "GASA_415543710",
    "ee": true,
    "tech_change_status": "Eligible to Order",
    "program_type": "Regional Area Flip"
   }
  },
  {
   "type": "Feature",
   "geometry": {
    "type": "Point",
    "coordinates": [
     138.59298613,
     -34.6008836
    ]
   },
   "properties": {
    "name": "217 HAYMAN ROAD LEWISTON 5501",
    "locID": "LOC000095230299",
    "tech": "WIRELESS",
    "upgrade": "FTTP",
    "gnaf_pid": "GASA_415543711",
    "ee": true,
    "tech_change_status": "Eligible to Order",
    "program_type": "Regional Area Flip",
    "target_eligibility_quarter": "NA"
   }
  },
  {
   "type": "Feature",
   "geometry": {
    "type": "Point",
    "coordinates": [
     138.58199713,
     -34.6011558
    ]
   },
   "properties": {
    "name": "187 HAYMAN ROAD LEWISTON 5501",
    "locID": "LOC000047730298",
    "tech": "FTTP",
    "upgrade": "NULL_NA",
    "gnaf_pid": "GASA_415543712",
    "ee": true,
    "tech_change_status": "Previous Tech Disconnected",
    "program_type": "Regional Area Flip",
    "target_eligibility_quarter": "NA"
   }
  },
  {
   "type": "Feature",
   "geometry": {
    "type": "Point",
    "coordinates": [
     138.58273563,
     -34.6011375
    ]
   },
   "properties": {
    "name": "189 HAYMAN ROAD LEWISTON 5501",
    "locID": "LOC000095124204",
    "tech": "FTTP",
    "upgrade": "NULL_NA",
    "gnaf_pid": "GASA_415543713",
    "ee": true,
    "tech_change_status": "Previous Tech Disconnected",
    "program_type": "Regional Area Flip",
    "target_eligibility_quarter": "NA"
   }
  },
  {
   "type": "Feature",
   "geometry": {
    "type": "Point",
    "coordinates": [
     138.58347576,
     -34.601119
    ]
   },
   "properties": {
    "name": "191 HAYMAN ROAD LEWISTON 5501",
    "locID": "LOC000012556927",
    "tech": "FTTP",
    "upgrade": "NULL_NA",
    "gnaf_pid": "GASA_415543714",
    "ee": true,
    "tech_change_status": "Previous Tech Disconnected",
    "program_type": "Regional Area Flip",
    "target_eligibility_quarter": "NA"
   }
  },
  {
   "type": "Feature",
   "geometry": {
    "type": "Point",
    "coordinates": [
     138.59150988,
     -34.6009201
    ]
   },
   "properties": {
    "name": "213 HAYMAN ROAD LEWISTON 5501",
    "locID": "LOC000058996827",
    "tech": "FTTP",
    "upgrade": "NULL_NA",
    "gnaf_pid": "GASA_415543715",
    "ee": true,
    "tech_change_status": "Previous Tech Disconnected",
    "program_type": "Regional Area Flip",
    "target_eligibility_quarter": "NA"
   }
  },
  {
   "type": "Feature",
   "geometry": {
    "type": "Point",
    "coordinates": [
     138.59224901,
     -34.6009018
    ]
   },
   "properties": {
    "name": "215 HAYMAN ROAD LEWISTON 5501",
    "locID": "LOC000100126433",
    "tech": "FTTP",
    "upgrade": "NULL_NA",
    "gnaf_pid": "GASA_415543716",
    "ee": true,
    "tech_change_status": "Previous Tech Disconnected",
    "program_type": "Regional Area Flip",
    "target_eligibility_quarter": "NA"
   }
  },
  {
   "type": "Feature",
   "geometry": {
    "type": "Point",
    "coordinates": [
     138.57016413,
     -34.6008442
    ]
   },
   "properties": {
    "name": "153 HAYMAN ROAD LEWISTON 5501",
    "locID": "LOC000084932020",
    "tech": "FTTP",
    "upgrade": "NULL_NA",
    "gnaf_pid": "GASA_415549672",
    "ee": true,
    "tech_change_status": "Previous Tech Disconnected",
    "program_type": "Regional Area Flip",
    "target_eligibility_quarter": "NA"
   }
  },
  {
   "type": "Feature",
   "geometry": {
    "type": "Point",
    "coordinates": [
     138.57093701,
     -34.6008251
    ]
   },
   "properties": {
    "name": "155 HAYMAN ROAD LEWISTON 5501",
    "locID": "LOC000026682576",
    "tech": "FTTP",
    "upgrade": "NULL_NA",
    "gnaf_pid": "GASA_415549673",
    "ee": true,
    "tech_change_status": "Eligible to Order",
    "program_type": "Regional Area Flip",
    "target_eligibility_quarter": "NA"
   }
  },
  {
   "type": "Feature",
   "geometry": {
    "type": "Point",
    "coordinates": [
     138.60804451,
     -34.6125405
    ]
   },
   "properties": {
    "name": "210 DAWKINS ROAD LEWISTON 5501",
    "locID": "LOC000095365824",
    "tech": "FTTP",
    "upgrade": "NULL_NA",
    "gnaf_pid": "GASA_415552667",
    "ee": true,
    "tech_change_status": "Eligible to Order",
    "program_type": "Regional Area Flip"
   }
  },
  {
   "type": "Feature",
   "geometry": {
    "type": "Point",
    "coordinates": [
     138.60861638,
     -34.6125255
    ]
   },
   "properties": {
    "name": "212 DAWKINS ROAD LEWISTON 5501",
    "locID": "LOC000056425116",
    "tech": "FTTP",
    "upgrade": "NULL_NA",
    "gnaf_pid": "GASA_415552668",
    "ee": true,
    "tech_change_status": "Eligible to Order",
    "program_type": "Regional Area Flip"
   }
  },
  {
   "type": "Feature",
   "geometry": {
    "type": "Point",
    "coordinates": [
     138.60772264,
     -34.61555523
    ]
   },
   "properties": {
    "name": "206 DAWKINS ROAD LEWISTON 5501",
    "locID": "LOC000033389786",
    "tech": "WIRELESS",
    "upgrade": "FTTP",
    "gnaf_pid": "GASA_415552669",
    "ee": true,
    "tech_change_status": "Eligible to Order",
    "program_type": "Regional Area Flip",
    "target_eligibility_quarter": "NA"
   }
  },
  {
   "type": "Feature",
   "geometry": {
    "type": "Point",
    "coordinates": [
     138.59799576,
     -34.6022066
    ]
   },
   "properties": {
    "name": "220 HAYMAN ROAD LEWISTON 5501",
    "locID": "LOC000034295210",
    "tech": "FTTP",
    "upgrade": "NULL_NA",
    "gnaf_pid": "GASA_415561292",
    "ee": true,
    "tech_change_status": "Previous Tech Disconnected",
    "program_type": "Regional Area Flip",
    "target_eligibility_quarter": "NA"
   }
  },
  {
   "type": "Feature",
   "geometry": {
    "type": "Point",
    "coordinates": [
     138.59866288,
     -34.6021895
    ]
   },
   "properties": {
    "name": "222 HAYMAN ROAD LEWISTON 5501",
    "locID": "LOC000072135749",
    "tech": "FTTP",
    "upgrade": "NULL_NA",
    "gnaf_pid": "GASA_415561293",
    "ee": true,
    "tech_change_status": "Eligible to Order",
    "program_type": "Regional Area Flip"
   }
  },
  {
   "type": "Feature",
   "geometry": {
    "type": "Point",
    "coordinates": [
     138.60083413,
     -34.6022507
    ]
   },
   "properties": {
    "name": "228 HAYMAN ROAD LEWISTON 5501",
    "locID": "LOC000067846067",
    "tech": "WIRELESS",
    "upgrade": "FTTP",
    "gnaf_pid": "GASA_415561294",
    "ee": true,
    "tech_change_status": "Eligible to Order",
    "program_type": "Regional Area Flip",
    "target_eligibility_quarter": "NA"
   }
  },
  {
   "type": "Feature",
   "geometry": {
    "type": "Point",
    "coordinates": [
     138.60527051,
     -34.6044813
    ]
   },
   "properties": {
    "name": "23 AUNGER ROAD LEWISTON 5501",
    "locID": "LOC000049034374",
    "tech": "FTTP",
    "upgrade": "NULL_NA",
    "gnaf_pid": "GASA_415561295",
    "ee": true,
    "tech_change_status": "Previous Tech Disconnected",
    "program_type": "Regional Area Flip",
    "target_eligibility_quarter": "NA"
   }
  },
  {
   "type": "Feature",
   "geometry": {
    "type": "Point",
    "coordinates": [
     138.60533613,
     -34.6063506
    ]
   },
   "properties": {
    "name": "15 AUNGER ROAD LEWISTON 5501",
    "locID": "LOC000048972414",
    "tech": "FTTP",
    "upgrade": "NULL_NA",
    "gnaf_pid": "GASA_415563632",
    "ee": true,
    "tech_change_status": "Previous Tech Disconnected",
    "program_type": "Regional Area Flip"
   }
  },
  {
   "type": "Feature",
   "geometry": {
    "type": "Point",
    "coordinates": [
     138.5894216,
     -34.61143623
    ]
   },
   "properties": {
    "name": "165 DAWKINS ROAD LEWISTON 5501",
    "locID": "LOC000043211687",
    "tech": "FTTP",
    "upgrade": "NULL_NA",
    "gnaf_pid": "GASA_415570672",
    "ee": true,
    "tech_change_status": "Previous Tech Disconnected",
    "program_type": "Regional Area Flip",
    "target_eligibility_quarter": "NA"
   }
  },
  {
   "type": "Feature",
   "geometry": {
    "type": "Point",
    "coordinates": [
     138.56072876,
     -34.6137003
    ]
   },
   "properties": {
    "name": "66 DAWKINS ROAD LEWISTON 5501",
    "locID": "LOC000038470666",
    "tech": "WIRELESS",
    "upgrade": "NULL_NA",
    "gnaf_pid": "GASA_415829385",
    "ee": true,
    "tech_change_status": "Not Planned",
    "program_type": "Fixed Wireless and Satellite Upgrade Program",
    "target_eligibility_quarter": "NA"
   }
  },
  {
   "type": "Feature",
   "geometry": {
    "type": "Point",
    "coordinates": [
     138.56013938,
     -34.6137152
    ]
   },
   "properties": {
    "name": "64 DAWKINS ROAD LEWISTON 5501",
    "locID": "LOC000060152338",
    "tech": "WIRELESS",
    "upgrade": "NULL_NA",
    "gnaf_pid": "GASA_415829386",
    "ee": true,
    "tech_change_status": "Not Planned",
    "program_type": "Fixed Wireless and Satellite Upgrade Program",
    "target_eligibility_quarter": "NA"
   }
  },
  {
   "type": "Feature",
   "geometry": {
    "type": "Point",
    "coordinates": [
     138.55954988,
     -34.6137301
    ]
   },
   "properties": {
    "name": "62 DAWKINS ROAD LEWISTON 5501",
    "locID": "LOC000039195301",
    "tech": "WIRELESS",
    "upgrade": "NULL_NA",
    "gnaf_pid": "GASA_415829387",
    "ee": true,
    "tech_change_status": "Not Planned",
    "program_type": "Fixed Wireless and Satellite Upgrade Program",
    "target_eligibility_quarter": "NA"
   }
  },
  {
   "type": "Feature",
   "geometry": {
    "type": "Point",
    "coordinates": [
     138.562039,
     -34.61371785
    ]
   },
   "properties": {
    "name": "70 DAWKINS ROAD LEWISTON 5501",
    "locID": "LOC000081580059",
    "tech": "WIRELESS",
    "upgrade": "NULL_NA",
    "gnaf_pid": "GASA_415832035",
    "ee": true,
    "tech_change_status": "Not Planned",
    "program_type": "Fixed Wireless and Satellite Upgrade Program",
    "target_eligibility_quarter": "NA"
   }
  },
  {
   "type": "Feature",
   "geometry": {
    "type": "Point",
    "coordinates": [
     138.56137225,
     -34.61363314
    ]
   },
   "properties": {
    "name": "68 DAWKINS ROAD LEWISTON 5501",
    "locID": "LOC000106793452",
    "tech": "WIRELESS",
    "upgrade": "NULL_NA",
    "gnaf_pid": "GASA_415832036",
    "ee": true,
    "tech_change_status": "Not Planned",
    "program_type": "Fixed Wireless and Satellite Upgrade Program",
    "target_eligibility_quarter": "NA"
   }
  },
  {
   "type": "Feature",
   "geometry": {
    "type": "Point",
    "coordinates": [
     138.55896038,
     -34.6137451
    ]
   },
   "properties": {
    "name": "60 DAWKINS ROAD LEWISTON 5501",
    "locID": "LOC000062467049",
    "tech": "WIRELESS",
    "upgrade": "NULL_NA",
    "gnaf_pid": "GASA_415832039",
    "ee": true,
    "tech_change_status": "Not Planned",
    "program_type": "Fixed Wireless and Satellite Upgrade Program",
    "target_eligibility_quarter": "NA"
   }
  },
  {
   "type": "Feature",
   "geometry": {
    "type": "Point",
    "coordinates": [
     138.55837101,
     -34.61376
    ]
   },
   "properties": {
    "name": "58 DAWKINS ROAD LEWISTON 5501",
    "locID": "LOC000004460048",
    "tech": "WIRELESS",
    "upgrade": "NULL_NA",
    "gnaf_pid": "GASA_415832040",
    "ee": true,
    "tech_change_status": "Not Planned",
    "program_type": "Fixed Wireless and Satellite Upgrade Program",
    "target_eligibility_quarter": "NA"
   }
  },
  {
   "type": "Feature",
   "geometry": {
    "type": "Point",
    "coordinates": [
     138.55718326,
     -34.6137723
    ]
   },
   "properties": {
    "name": "54 DAWKINS ROAD LEWISTON 5501",
    "locID": "LOC000058555044",
    "tech": "WIRELESS",
    "upgrade": "NULL_NA",
    "gnaf_pid": "GASA_415832042",
    "ee": true,
    "tech_change_status": "Not Planned",
    "program_type": "Fixed Wireless and Satellite Upgrade Program",
    "target_eligibility_quarter": "NA"
   }
  },
  {
   "type": "Feature",
   "geometry": {
    "type": "Point",
    "coordinates": [
     138.56017101,
     -34.6120452
    ]
   },
   "properties": {
    "name": "73 DAWKINS ROAD LEWISTON 5501",
    "locID": "LOC000086200950",
    "tech": "WIRELESS",
    "upgrade": "NULL_NA",
    "gnaf_pid": "GASA_415836973",
    "ee": true,
    "tech_change_status": "Not Planned",
    "program_type": "Fixed Wireless and Satellite Upgrade Program",
    "target_eligibility_quarter": "NA"
   }
  },
  {
   "type": "Feature",
   "geometry": {
    "type": "Point",
    "coordinates": [
     138.55949851,
     -34.6120632
    ]
   },
   "properties": {
    "name": "71 DAWKINS ROAD LEWISTON 5501",
    "locID": "LOC000015056872",
    "tech": "WIRELESS",
    "upgrade": "NULL_NA",
    "gnaf_pid": "GASA_415844817",
    "ee": true,
    "tech_change_status": "Not Planned",
    "program_type": "Fixed Wireless and Satellite Upgrade Program",
    "target_eligibility_quarter": "NA"
   }
  },
  {
   "type": "Feature",
   "geometry": {
    "type": "Point",
    "coordinates": [
     138.56630951,
     -34.6084266
    ]
   },
   "properties": {
    "name": "7 HANCOCK DRIVE LEWISTON 5501",
    "locID": "LOC000007525917",
    "tech": "WIRELESS",
    "upgrade": "NULL_NA",
    "gnaf_pid": "GASA_415851941",
    "ee": true,
    "tech_change_status": "Not Planned",
    "program_type": "Fixed Wireless and Satellite Upgrade Program",
    "target_eligibility_quarter": "NA"
   }
  },
  {
   "type": "Feature",
   "geometry": {
    "type": "Point",
    "coordinates": [
     138.56575026,
     -34.6084413
    ]
   },
   "properties": {
    "name": "9 HANCOCK DRIVE LEWISTON 5501",
    "locID": "LOC000094146647",
    "tech": "WIRELESS",
    "upgrade": "NULL_NA",
    "gnaf_pid": "GASA_415851942",
    "ee": true,
    "tech_change_status": "Not Planned",
    "program_type": "Fixed Wireless and Satellite Upgrade Program",
    "target_eligibility_quarter": "NA"
   }
  },
  {
   "type": "Feature",
   "geometry": {
    "type": "Point",
    "coordinates": [
     138.56462913,
     -34.6084706
    ]
   },
   "properties": {
    "name": "13 HANCOCK DRIVE LEWISTON 5501",
    "locID": "LOC000058370995",
    "tech": "WIRELESS",
    "upgrade": "NULL_NA",
    "gnaf_pid": "GASA_415851944",
    "ee": true,
    "tech_change_status": "Not Planned",
    "program_type": "Fixed Wireless and Satellite Upgrade Program",
    "target_eligibility_quarter": "NA"
   }
  },
  {
   "type": "Feature",
   "geometry": {
    "type": "Point",
    "coordinates": [
     138.56402444,
     -34.60833906
    ]
   },
   "properties": {
    "name": "15 HANCOCK DRIVE LEWISTON 5501",
    "locID": "LOC000095006243",
    "tech": "WIRELESS",
    "upgrade": "NULL_NA",
    "gnaf_pid": "GASA_415851945",
    "ee": true,
    "tech_change_status": "Not Planned",
    "program_type": "Fixed Wireless and Satellite Upgrade Program",
    "target_eligibility_quarter": "NA"
   }
  },
  {
   "type": "Feature",
   "geometry": {
    "type": "Point",
    "coordinates": [
     138.56317433,
     -34.60808315
    ]
   },
   "properties": {
    "name": "17 HANCOCK DRIVE LEWISTON 5501",
    "locID": "LOC000051035231",
    "tech": "WIRELESS",
    "upgrade": "NULL_NA",
    "gnaf_pid": "GASA_415851946",
    "ee": true,
    "tech_change_status": "Not Planned",
    "program_type": "Fixed Wireless and Satellite Upgrade Program",
    "target_eligibility_quarter": "NA"
   }
  },
  {
   "type": "Feature",
   "geometry": {
    "type": "Point",
    "coordinates": [
     138.56263469,
     -34.60855934
    ]
   },
   "properties": {
    "name": "19 HANCOCK DRIVE LEWISTON 5501",
    "locID": "LOC000052404265",
    "tech": "WIRELESS",
    "upgrade": "NULL_NA",
    "gnaf_pid": "GASA_415851947",
    "ee": true,
    "tech_change_status": "Not Planned",
    "program_type": "Fixed Wireless and Satellite Upgrade Program",
    "target_eligibility_quarter": "NA"
   }
  },
  {
   "type": "Feature",
   "geometry": {
    "type": "Point",
    "coordinates": [
     138.56317265,
     -34.60937721
    ]
   },
   "properties": {
    "name": "21 HANCOCK DRIVE LEWISTON 5501",
    "locID": "LOC000091060761",
    "tech": "WIRELESS",
    "upgrade": "NULL_NA",
    "gnaf_pid": "GASA_415851948",
    "ee": true,
    "tech_change_status": "Not Planned",
    "program_type": "Fixed Wireless and Satellite Upgrade Program",
    "target_eligibility_quarter": "NA"
   }
  },
  {
   "type": "Feature",
   "geometry": {
    "type": "Point",
    "coordinates": [
     138.56332976,
     -34.609854
    ]
   },
   "properties": {
    "name": "23 HANCOCK DRIVE LEWISTON 5501",
    "locID": "LOC000077628519",
    "tech": "WIRELESS",
    "upgrade": "NULL_NA",
    "gnaf_pid": "GASA_415851949",
    "ee": true,
    "tech_change_status": "Not Planned",
    "program_type": "Fixed Wireless and Satellite Upgrade Program",
    "target_eligibility_quarter": "NA"
   }
  },
  {
   "type": "Feature",
   "geometry": {
    "type": "Point",
    "coordinates": [
     138.56334351,
     -34.6103091
    ]
   },
   "properties": {
    "name": "25 HANCOCK DRIVE LEWISTON 5501",
    "locID": "LOC000095592204",
    "tech": "WIRELESS",
    "upgrade": "NULL_NA",
    "gnaf_pid": "GASA_415851950",
    "ee": true,
    "tech_change_status": "Not Planned",
    "program_type": "Fixed Wireless and Satellite Upgrade Program",
    "target_eligibility_quarter": "NA"
   }
  },
  {
   "type": "Feature",
   "geometry": {
    "type": "Point",
    "coordinates": [
     138.56337956,
     -34.61076804
    ]
   },
   "properties": {
    "name": "27 HANCOCK DRIVE LEWISTON 5501",
    "locID": "LOC000079364526",
    "tech": "WIRELESS",
    "upgrade": "NULL_NA",
    "gnaf_pid": "GASA_415851951",
    "ee": true,
    "tech_change_status": "Not Planned",
    "program_type": "Fixed Wireless and Satellite Upgrade Program",
    "target_eligibility_quarter": "NA"
   }
  },
  {
   "type": "Feature",
   "geometry": {
    "type": "Point",
    "coordinates": [
     138.56494763,
     -34.6103276
    ]
   },
   "properties": {
    "name": "12 HANCOCK DRIVE LEWISTON 5501",
    "locID": "LOC000013497802",
    "tech": "SATELLITE",
    "upgrade": "WIRELESS",
    "gnaf_pid": "GASA_415851952",
    "ee": true,
    "tech_change_status": "Eligible to Order",
    "program_type": "Fixed Wireless and Satellite Upgrade Program",
    "target_eligibility_quarter": "NA"
   }
  },
  {
   "type": "Feature",
   "geometry": {
    "type": "Point",
    "coordinates": [
     138.56556001,
     -34.6103111
    ]
   },
   "properties": {
    "name": "10 HANCOCK DRIVE LEWISTON 5501",
    "locID": "LOC000060431623",
    "tech": "WIRELESS",
    "upgrade": "NULL_NA",
    "gnaf_pid": "GASA_415851953",
    "ee": true,
    "tech_change_status": "Not Planned",
    "program_type": "Fixed Wireless and Satellite Upgrade Program",
    "target_eligibility_quarter": "NA"
   }
  },
  {
   "type": "Feature",
   "geometry": {
    "type": "Point",
    "coordinates": [
     138.56617001,
     -34.6102947
    ]
   },
   "properties": {
    "name": "8 HANCOCK DRIVE LEWISTON 5501",
    "locID": "LOC000014238630",
    "tech": "WIRELESS",
    "upgrade": "NULL_NA",
    "gnaf_pid": "GASA_415851954",
    "ee": true,
    "tech_change_status": "Not Planned",
    "program_type": "Fixed Wireless and Satellite Upgrade Program",
    "target_eligibility_quarter": "NA"
   }
  },
  {
   "type": "Feature",
   "geometry": {
    "type": "Point",
    "coordinates": [
     138.56678013,
     -34.6102781
    ]
   },
   "properties": {
    "name": "6 HANCOCK DRIVE LEWISTON 5501",
    "locID": "LOC100078109624",
    "tech": "WIRELESS",
    "upgrade": "NULL_NA",
    "gnaf_pid": "GASA_415851955",
    "ee": true,
    "tech_change_status": "Not Planned",
    "program_type": "Fixed Wireless and Satellite Upgrade Program",
    "target_eligibility_quarter": "NA"
   }
  },
  {
   "type": "Feature",
   "geometry": {
    "type": "Point",
    "coordinates": [
     138.56739026,
     -34.6102617
    ]
   },
   "properties": {
    "name": "4 HANCOCK DRIVE LEWISTON 5501",
    "locID": "LOC000095262001",
    "tech": "WIRELESS",
    "upgrade": "NULL_NA",
    "gnaf_pid": "GASA_415851956",
    "ee": true,
    "tech_change_status": "Not Planned",
    "program_type": "Fixed Wireless and Satellite Upgrade Program",
    "target_eligibility_quarter": "NA"
   }
  },
  {
   "type": "Feature",
   "geometry": {
    "type": "Point",
    "coordinates": [
     138.56801788,
     -34.6102448
    ]
   },
   "properties": {
    "name": "2 HANCOCK DRIVE LEWISTON 5501",
    "locID": "LOC000091892075",
    "tech": "WIRELESS",
    "upgrade": "NULL_NA",
    "gnaf_pid": "GASA_415851957",
    "ee": true,
    "tech_change_status": "Not Planned",
    "program_type": "Fixed Wireless and Satellite Upgrade Program",
    "target_eligibility_quarter": "NA"
   }
  },
  {
   "type": "Feature",
   "geometry": {
    "type": "Point",
    "coordinates": [
     138.56805926,
     -34.61179201
    ]
   },
   "properties": {
    "name": "99 DAWKINS ROAD LEWISTON 5501",
    "locID": "LOC000104724467",
    "tech": "WIRELESS",
    "upgrade": "NULL_NA",
    "gnaf_pid": "GASA_415853160",
    "ee": true,
    "tech_change_status": "Not Planned",
    "program_type": "Fixed Wireless and Satellite Upgrade Program",
    "target_eligibility_quarter": "NA"
   }
  },
  {
   "type": "Feature",
   "geometry": {
    "type": "Point",
    "coordinates": [
     138.56745313,
     -34.6118657
    ]
   },
   "properties": {
    "name": "97 DAWKINS ROAD LEWISTON 5501",
    "locID": "LOC000071899343",
    "tech": "WIRELESS",
    "upgrade": "NULL_NA",
    "gnaf_pid": "GASA_415853161",
    "ee": true,
    "tech_change_status": "Not Planned",
    "program_type": "Fixed Wireless and Satellite Upgrade Program",
    "target_eligibility_quarter": "NA"
   }
  },
  {
   "type": "Feature",
   "geometry": {
    "type": "Point",
    "coordinates": [
     138.56684301,
     -34.6118825
    ]
   },
   "properties": {
    "name": "95 DAWKINS ROAD LEWISTON 5501",
    "locID": "LOC000099506772",
    "tech": "WIRELESS",
    "upgrade": "NULL_NA",
    "gnaf_pid": "GASA_415853162",
    "ee": true,
    "tech_change_status": "Not Planned",
    "program_type": "Fixed Wireless and Satellite Upgrade Program",
    "target_eligibility_quarter": "NA"
   }
  },
  {
   "type": "Feature",
   "geometry": {
    "type": "Point",
    "coordinates": [
     138.56623301,
     -34.6118993
    ]
   },
   "properties": {
    "name": "93 DAWKINS ROAD LEWISTON 5501",
    "locID": "LOC000055474864",
    "tech": "WIRELESS",
    "upgrade": "NULL_NA",
    "gnaf_pid": "GASA_415853163",
    "ee": true,
    "tech_change_status": "Not Planned",
    "program_type": "Fixed Wireless and Satellite Upgrade Program",
    "target_eligibility_quarter": "NA"
   }
  },
  {
   "type": "Feature",
   "geometry": {
    "type": "Point",
    "coordinates": [
     138.56501401,
     -34.611933
    ]
   },
   "properties": {
    "name": "89 DAWKINS ROAD LEWISTON 5501",
    "locID": "LOC000070225551",
    "tech": "SATELLITE",
    "upgrade": "NULL_NA",
    "gnaf_pid": "GASA_415853165",
    "ee": true,
    "tech_change_status": "Not Planned"
   }
  },
  {
   "type": "Feature",
   "geometry": {
    "type": "Point",
    "coordinates": [
     138.56377614,
     -34.61190874
    ]
   },
   "properties": {
    "name": "85 DAWKINS ROAD LEWISTON 5501",
    "locID": "LOC000072163464",
    "tech": "WIRELESS",
    "upgrade": "NULL_NA",
    "gnaf_pid": "GASA_415853166",
    "ee": true,
    "tech_change_status": "Not Planned",
    "program_type": "Fixed Wireless and Satellite Upgrade Program",
    "target_eligibility_quarter": "NA"
   }
  },
  {
   "type": "Feature",
   "geometry": {
    "type": "Point",
    "coordinates": [
     138.563125,
     -34.61188798
    ]
   },
   "properties": {
    "name": "83 DAWKINS ROAD LEWISTON 5501",
    "locID": "LOC000005351344",
    "tech": "WIRELESS",
    "upgrade": "NULL_NA",
    "gnaf_pid": "GASA_415853167",
    "ee": true,
    "tech_change_status": "Not Planned",
    "program_type": "Fixed Wireless and Satellite Upgrade Program",
    "target_eligibility_quarter": "NA"
   }
  },
  {
   "type": "Feature",
   "geometry": {
    "type": "Point",
    "coordinates": [
     138.56798951,
     -34.6083827
    ]
   },
   "properties": {
    "name": "1 HANCOCK DRIVE LEWISTON 5501",
    "locID": "LOC000173953797",
    "tech": "WIRELESS",
    "upgrade": "NULL_NA",
    "gnaf_pid": "GASA_415855883",
    "ee": true,
    "tech_change_status": "Not Planned",
    "program_type": "Fixed Wireless and Satellite Upgrade Program",
    "target_eligibility_quarter": "NA"
   }
  },
  {
   "type": "Feature",
   "geometry": {
    "type": "Point",
    "coordinates": [
     138.56742988,
     -34.6083973
    ]
   },
   "properties": {
    "name": "3 HANCOCK DRIVE LEWISTON 5501",
    "locID": "LOC000008366373",
    "tech": "WIRELESS",
    "upgrade": "NULL_NA",
    "gnaf_pid": "GASA_415855884",
    "ee": true,
    "tech_change_status": "Not Planned",
    "program_type": "Fixed Wireless and Satellite Upgrade Program",
    "target_eligibility_quarter": "NA"
   }
  },
  {
   "type": "Feature",
   "geometry": {
    "type": "Point",
    "coordinates": [
     138.56686963,
     -34.608412
    ]
   },
   "properties": {
    "name": "5 HANCOCK DRIVE LEWISTON 5501",
    "locID": "LOC000083149392",
    "tech": "WIRELESS",
    "upgrade": "NULL_NA",
    "gnaf_pid": "GASA_415855885",
    "ee": true,
    "tech_change_status": "Not Planned",
    "program_type": "Fixed Wireless and Satellite Upgrade Program",
    "target_eligibility_quarter": "NA"
   }
  },
  {
   "type": "Feature",
   "geometry": {
    "type": "Point",
    "coordinates": [
     138.59729406,
     -34.61950144
    ]
   },
   "properties": {
    "name": "8 ALMOND COURT LEWISTON 5501",
    "locID": "LOC000056239501",
    "tech": "FTTP",
    "upgrade": "NULL_NA",
    "gnaf_pid": "GASA_416098789",
    "ee": true,
    "tech_change_status": "Previous Tech Disconnected",
    "program_type": "Regional Area Flip"
   }
  },
  {
   "type": "Feature",
   "geometry": {
    "type": "Point",
    "coordinates": [
     138.57512939,
     -34.59845778
    ]
   },
   "properties": {
    "name": "2 GOSS ROAD LEWISTON 5501",
    "locID": "LOC000075289380",
    "tech": "FTTP",
    "upgrade": "NULL_NA",
    "gnaf_pid": "GASA_416098940",
    "ee": true,
    "tech_change_status": "Eligible to Order",
    "program_type": "Regional Area Flip"
   }
  },
  {
   "type": "Feature",
   "geometry": {
    "type": "Point",
    "coordinates": [
     138.58245267,
     -34.61167303
    ]
   },
   "properties": {
    "name": "139 DAWKINS ROAD LEWISTON 5501",
    "locID": "LOC000056393879",
    "tech": "FTTP",
    "upgrade": "NULL_NA",
    "gnaf_pid": "GASA_416098984",
    "ee": true,
    "tech_change_status": "Previous Tech Disconnected",
    "program_type": "Regional Area Flip"
   }
  },
  {
   "type": "Feature",
   "geometry": {
    "type": "Point",
    "coordinates": [
     138.5947561,
     -34.6116246
    ]
   },
   "properties": {
    "name": "177 DAWKINS ROAD LEWISTON 5501",
    "locID": "LOC000183918019",
    "tech": "WIRELESS",
    "upgrade": "FTTP",
    "gnaf_pid": "GASA_416098987",
    "ee": true,
    "tech_change_status": "Eligible to Order",
    "program_type": "Regional Area Flip",
    "target_eligibility_quarter": "NA"
   }
  },
  {
   "type": "Feature",
   "geometry": {
    "type": "Point",
    "coordinates": [
     138.59268208,
     -34.60365734
    ]
   },
   "properties": {
    "name": "57 PEDERICK ROAD LEWISTON 5501",
    "locID": "LOC000092175536",
    "tech": "WIRELESS",
    "upgrade": "FTTP",
    "gnaf_pid": "GASA_416098989",
    "ee": true,
    "tech_change_status": "Eligible to Order",
    "program_type": "Regional Area Flip",
    "target_eligibility_quarter": "NA"
   }
  },
  {
   "type": "Feature",
   "geometry": {
    "type": "Point",
    "coordinates": [
     138.57229307,
     -34.61344665
    ]
   },
   "properties": {
    "name": "98 DAWKINS ROAD LEWISTON 5501",
    "locID": "LOC000131301383",
    "tech": "WIRELESS",
    "upgrade": "NULL_NA",
    "gnaf_pid": "GASA_416099100",
    "ee": true,
    "tech_change_status": "Not Planned",
    "program_type": "Fixed Wireless and Satellite Upgrade Program",
    "target_eligibility_quarter": "NA"
   }
  },
  {
   "type": "Feature",
   "geometry": {
    "type": "Point",
    "coordinates": [
     138.57888496,
     -34.59483576
    ]
   },
   "properties": {
    "name": "75 BETHESDA ROAD LEWISTON 5501",
    "locID": "LOC000018759195",
    "tech": "FTTP",
    "upgrade": "NULL_NA",
    "gnaf_pid": "GASA_416099159",
    "ee": true,
    "tech_change_status": "Eligible to Order",
    "program_type": "Regional Area Flip"
   }
  },
  {
   "type": "Feature",
   "geometry": {
    "type": "Point",
    "coordinates": [
     138.57120516,
     -34.61346864
    ]
   },
   "properties": {
    "name": "96 DAWKINS ROAD LEWISTON 5501",
    "locID": "LOC100056450976",
    "tech": "WIRELESS",
    "upgrade": "NULL_NA",
    "gnaf_pid": "GASA_416099290",
    "ee": true,
    "tech_change_status": "Not Planned",
    "program_type": "Fixed Wireless and Satellite Upgrade Program",
    "target_eligibility_quarter": "NA"
   }
  },
  {
   "type": "Feature",
   "geometry": {
    "type": "Point",
    "coordinates": [
     138.56899735,
     -34.61351386
    ]
   },
   "properties": {
    "name": "92 DAWKINS ROAD LEWISTON 5501",
    "locID": "LOC000106557154",
    "tech": "WIRELESS",
    "upgrade": "NULL_NA",
    "gnaf_pid": "GASA_416099296",
    "ee": true,
    "tech_change_status": "Not Planned",
    "program_type": "Fixed Wireless and Satellite Upgrade Program",
    "target_eligibility_quarter": "NA"
   }
  },
  {
   "type": "Feature",
   "geometry": {
    "type": "Point",
    "coordinates": [
     138.57174605,
     -34.61345729
    ]
   },
   "properties": {
    "name": "96A DAWKINS ROAD LEWISTON 5501",
    "locID": "LOC000131301472",
    "tech": "WIRELESS",
    "upgrade": "NULL_NA",
    "gnaf_pid": "GASA_416099306",
    "ee": true,
    "tech_change_status": "Not Planned",
    "program_type": "Fixed Wireless and Satellite Upgrade Program",
    "target_eligibility_quarter": "NA"
   }
  },
  {
   "type": "Feature",
   "geometry": {
    "type": "Point",
    "coordinates": [
     138.60095459,
     -34.62065159
    ]
   },
   "properties": {
    "name": "8 JUDD ROAD LEWISTON 5501",
    "locID": "LOC000109578680",
    "tech": "FTTP",
    "upgrade": "NULL_NA",
    "gnaf_pid": "GASA_416099662",
    "ee": true,
    "tech_change_status": "Eligible to Order",
    "program_type": "Regional Area Flip"
   }
  },
  {
   "type": "Feature",
   "geometry": {
    "type": "Point",
    "coordinates": [
     138.57345644,
     -34.59974864
    ]
   },
   "properties": {
    "name": "3 GOSS ROAD LEWISTON 5501",
    "locID": "LOC000024303478",
    "tech": "WIRELESS",
    "upgrade": "FTTP",
    "gnaf_pid": "GASA_416099665",
    "ee": true,
    "tech_change_status": "Eligible to Order",
    "program_type": "Regional Area Flip",
    "target_eligibility_quarter": "NA"
   }
  },
  {
   "type": "Feature",
   "geometry": {
    "type": "Point",
    "coordinates": [
     138.59118983,
     -34.60498302
    ]
   },
   "properties": {
    "name": "55 PEDERICK ROAD LEWISTON 5501",
    "locID": "LOC000007636511",
    "tech": "WIRELESS",
    "upgrade": "FTTP",
    "gnaf_pid": "GASA_416099666",
    "ee": true,
    "tech_change_status": "Eligible to Order",
    "program_type": "Regional Area Flip",
    "target_eligibility_quarter": "NA"
   }
  },
  {
   "type": "Feature",
   "geometry": {
    "type": "Point",
    "coordinates": [
     138.60095447,
     -34.61399439
    ]
   },
   "properties": {
    "name": "16 JUDD ROAD LEWISTON 5501",
    "locID": "LOC100056672326",
    "tech": "FTTP",
    "upgrade": "NULL_NA",
    "gnaf_pid": "GASA_416099813",
    "ee": true,
    "tech_change_status": "Previous Tech Disconnected",
    "program_type": "Regional Area Flip",
    "target_eligibility_quarter": "NA"
   }
  },
  {
   "type": "Feature",
   "geometry": {
    "type": "Point",
    "coordinates": [
     138.59296685,
     -34.61152055
    ]
   },
   "properties": {
    "name": "175 DAWKINS ROAD LEWISTON 5501",
    "locID": "LOC000071201548",
    "tech": "FTTP",
    "upgrade": "NULL_NA",
    "gnaf_pid": "GASA_416099814",
    "ee": true,
    "tech_change_status": "Eligible to Order",
    "program_type": "Regional Area Flip"
   }
  },
  {
   "type": "Feature",
   "geometry": {
    "type": "Point",
    "coordinates": [
     138.60084652,
     -34.62126929
    ]
   },
   "properties": {
    "name": "6 JUDD ROAD LEWISTON 5501",
    "locID": "LOC000181217476",
    "tech": "WIRELESS",
    "upgrade": "FTTP",
    "gnaf_pid": "GASA_416099902",
    "ee": true,
    "tech_change_status": "Eligible to Order",
    "program_type": "Regional Area Flip",
    "target_eligibility_quarter": "NA"
   }
  },
  {
   "type": "Feature",
   "geometry": {
    "type": "Point",
    "coordinates": [
     138.56902248,
     -34.60164117
    ]
   },
   "properties": {
    "name": "151 HAYMAN ROAD LEWISTON 5501",
    "locID": "LOC000108923159",
    "tech": "FTTP",
    "upgrade": "NULL_NA",
    "gnaf_pid": "GASA_416100051",
    "ee": true,
    "tech_change_status": "Eligible to Order",
    "program_type": "Regional Area Flip",
    "target_eligibility_quarter": "NA"
   }
  },
  {
   "type": "Feature",
   "geometry": {
    "type": "Point",
    "coordinates": [
     138.57508508,
     -34.60335271
    ]
   },
   "properties": {
    "name": "160 HAYMAN ROAD LEWISTON 5501",
    "locID": "LOC000050557770",
    "tech": "WIRELESS",
    "upgrade": "FTTP",
    "gnaf_pid": "GASA_416100106",
    "ee": true,
    "tech_change_status": "Eligible to Order",
    "program_type": "Regional Area Flip",
    "target_eligibility_quarter": "NA"
   }
  },
  {
   "type": "Feature",
   "geometry": {
    "type": "Point",
    "coordinates": [
     138.57410681,
     -34.60101304
    ]
   },
   "properties": {
    "name": "161 HAYMAN ROAD LEWISTON 5501",
    "locID": "LOC000021696953",
    "tech": "FTTP",
    "upgrade": "NULL_NA",
    "gnaf_pid": "GASA_416100107",
    "ee": true,
    "tech_change_status": "Eligible to Order",
    "program_type": "Regional Area Flip"
   }
  },
  {
   "type": "Feature",
   "geometry": {
    "type": "Point",
    "coordinates": [
     138.57666826,
     -34.59864856
    ]
   },
   "properties": {
    "name": "171 HAYMAN ROAD LEWISTON 5501",
    "locID": "LOC000048792653",
    "tech": "WIRELESS",
    "upgrade": "FTTP",
    "gnaf_pid": "GASA_416100110",
    "ee": true,
    "tech_change_status": "Eligible to Order",
    "program_type": "Regional Area Flip",
    "target_eligibility_quarter": "NA"
   }
  },
  {
   "type": "Feature",
   "geometry": {
    "type": "Point",
    "coordinates": [
     138.6042625,
     -34.61557905
    ]
   },
   "properties": {
    "name": "5 PEPPERMINT ROAD LEWISTON 5501",
    "locID": "LOC000072614982",
    "tech": "FTTP",
    "upgrade": "NULL_NA",
    "gnaf_pid": "GASA_416101867",
    "ee": true,
    "tech_change_status": "Previous Tech Disconnected",
    "program_type": "Regional Area Flip",
    "target_eligibility_quarter": "NA"
   }
  },
  {
   "type": "Feature",
   "geometry": {
    "type": "Point",
    "coordinates": [
     138.57575575,
     -34.6033346
    ]
   },
   "properties": {
    "name": "162 HAYMAN ROAD LEWISTON 5501",
    "locID": "LOC000093282749",
    "tech": "FTTP",
    "upgrade": "NULL_NA",
    "gnaf_pid": "GASA_416101870",
    "ee": true,
    "tech_change_status": "Eligible to Order",
    "program_type": "Regional Area Flip",
    "target_eligibility_quarter": "NA"
   }
  },
  {
   "type": "Feature",
   "geometry": {
    "type": "Point",
    "coordinates": [
     138.58060631,
     -34.61070578
    ]
   },
   "properties": {
    "name": "47 BETHESDA ROAD LEWISTON 5501",
    "locID": "LOC000075758978",
    "tech": "FTTP",
    "upgrade": "NULL_NA",
    "gnaf_pid": "GASA_416101877",
    "ee": true,
    "tech_change_status": "Previous Tech Disconnected",
    "program_type": "Regional Area Flip"
   }
  },
  {
   "type": "Feature",
   "geometry": {
    "type": "Point",
    "coordinates": [
     138.57876174,
     -34.59043636
    ]
   },
   "properties": {
    "name": "65 GAWLER ROAD LEWISTON 5501",
    "locID": "LOC000067052394",
    "tech": "WIRELESS",
    "upgrade": "NULL_NA",
    "gnaf_pid": "GASA_416101940",
    "ee": true,
    "tech_change_status": "Not Planned",
    "program_type": "Fixed Wireless and Satellite Upgrade Program",
    "target_eligibility_quarter": "NA"
   }
  },
  {
   "type": "Feature",
   "geometry": {
    "type": "Point",
    "coordinates": [
     138.58182547,
     -34.59033641
    ]
   },
   "properties": {
    "name": "67 GAWLER ROAD LEWISTON 5501",
    "locID": "LOC100078110368",
    "tech": "WIRELESS",
    "upgrade": "NULL_NA",
    "gnaf_pid": "GASA_416101942",
    "ee": true,
    "tech_change_status": "Not Planned",
    "program_type": "Fixed Wireless and Satellite Upgrade Program",
    "target_eligibility_quarter": "NA"
   }
  },
  {
   "type": "Feature",
   "geometry": {
    "type": "Point",
    "coordinates": [
     138.61145286,
     -34.5953492
    ]
   },
   "properties": {
    "name": "4 BETTY ROAD LEWISTON 5501",
    "locID": "LOC000005379058",
    "tech": "FTTP",
    "upgrade": "NULL_NA",
    "gnaf_pid": "GASA_416101947",
    "ee": true,
    "tech_change_status": "Eligible to Order",
    "program_type": "Regional Area Flip"
   }
  },
  {
   "type": "Feature",
   "geometry": {
    "type": "Point",
    "coordinates": [
     138.61141961,
     -34.59473466
    ]
   },
   "properties": {
    "name": "6 BETTY ROAD LEWISTON 5501",
    "locID": "LOC000047293442",
    "tech": "FTTP",
    "upgrade": "NULL_NA",
    "gnaf_pid": "GASA_416101949",
    "ee": true,
    "tech_change_status": "Eligible to Order",
    "program_type": "Regional Area Flip"
   }
  },
  {
   "type": "Feature",
   "geometry": {
    "type": "Point",
    "coordinates": [
     138.60415425,
     -34.62228403
    ]
   },
   "properties": {
    "name": "153 GAWLER RIVER ROAD LEWISTON 5501",
    "locID": "LOC000054278625",
    "tech": "WIRELESS",
    "upgrade": "FTTP",
    "gnaf_pid": "GASA_416101992",
    "ee": true,
    "tech_change_status": "Eligible to Order",
    "program_type": "Regional Area Flip",
    "target_eligibility_quarter": "NA"
   }
  },
  {
   "type": "Feature",
   "geometry": {
    "type": "Point",
    "coordinates": [
     138.61891372,
     -34.62604066
    ]
   },
   "properties": {
    "name": "66 GAWLER RIVER ROAD LEWISTON 5501",
    "locID": "LOC000012601001",
    "tech": "WIRELESS",
    "upgrade": "NULL_NA",
    "gnaf_pid": "GASA_416101993",
    "ee": true,
    "tech_change_status": "Not Planned",
    "program_type": "Fixed Wireless and Satellite Upgrade Program",
    "target_eligibility_quarter": "NA"
   }
  },
  {
   "type": "Feature",
   "geometry": {
    "type": "Point",
    "coordinates": [
     138.59050124,
     -34.62168765
    ]
   },
   "properties": {
    "name": "115 GAWLER RIVER ROAD LEWISTON 5501",
    "locID": "LOC000081327308",
    "tech": "FTTP",
    "upgrade": "NULL_NA",
    "gnaf_pid": "GASA_416102428",
    "ee": true,
    "tech_change_status": "Eligible to Order",
    "program_type": "Regional Area Flip"
   }
  },
  {
   "type": "Feature",
   "geometry": {
    "type": "Point",
    "coordinates": [
     138.58423375,
     -34.61323711
    ]
   },
   "properties": {
    "name": "132 DAWKINS ROAD LEWISTON 5501",
    "locID": "LOC000085944086",
    "tech": "FTTP",
    "upgrade": "NULL_NA",
    "gnaf_pid": "GASA_416102484",
    "ee": true,
    "tech_change_status": "Previous Tech Disconnected",
    "program_type": "Regional Area Flip",
    "target_eligibility_quarter": "NA"
   }
  },
  {
   "type": "Feature",
   "geometry": {
    "type": "Point",
    "coordinates": [
     138.5813364,
     -34.60266268
    ]
   },
   "properties": {
    "name": "178 HAYMAN ROAD LEWISTON 5501",
    "locID": "LOC000172013605",
    "tech": "FTTP",
    "upgrade": "NULL_NA",
    "gnaf_pid": "GASA_416102596",
    "ee": true,
    "tech_change_status": "Eligible to Order",
    "program_type": "Regional Area Flip",
    "target_eligibility_quarter": "NA"
   }
  },
  {
   "type": "Feature",
   "geometry": {
    "type": "Point",
    "coordinates": [
     138.58636353,
     -34.60216675
    ]
   },
   "properties": {
    "name": "190 HAYMAN ROAD LEWISTON 5501",
    "locID": "LOC000052484345",
    "tech": "FTTP",
    "upgrade": "NULL_NA",
    "gnaf_pid": "GASA_416102603",
    "ee": true,
    "tech_change_status": "Eligible to Order",
    "program_type": "Regional Area Flip"
   }
  },
  {
   "type": "Feature",
   "geometry": {
    "type": "Point",
    "coordinates": [
     138.59177182,
     -34.61077959
    ]
   },
   "properties": {
    "name": "173 DAWKINS ROAD LEWISTON 5501",
    "locID": "LOC000031180151",
    "tech": "WIRELESS",
    "upgrade": "FTTP",
    "gnaf_pid": "GASA_416102635",
    "ee": true,
    "tech_change_status": "Eligible to Order",
    "program_type": "Regional Area Flip",
    "target_eligibility_quarter": "NA"
   }
  },
  {
   "type": "Feature",
   "geometry": {
    "type": "Point",
    "coordinates": [
     138.61582292,
     -34.60679577
    ]
   },
   "properties": {
    "name": "10 COOMBS COURT LEWISTON 5501",
    "locID": "LOC000022591967",
    "tech": "WIRELESS",
    "upgrade": "FTTP",
    "gnaf_pid": "GASA_416103380",
    "ee": true,
    "tech_change_status": "New Tech Connected",
    "program_type": "Regional Area Flip",
    "target_eligibility_quarter": "NA"
   }
  },
  {
   "type": "Feature",
   "geometry": {
    "type": "Point",
    "coordinates": [
     138.62090359,
     -34.5949643
    ]
   },
   "properties": {
    "name": "12 MARGARET ROAD LEWISTON 5501",
    "locID": "LOC000019316915",
    "tech": "FTTP",
    "upgrade": "NULL_NA",
    "gnaf_pid": "GASA_416103498",
    "ee": true,
    "tech_change_status": "Eligible to Order",
    "program_type": "Regional Area Flip"
   }
  },
  {
   "type": "Feature",
   "geometry": {
    "type": "Point",
    "coordinates": [
     138.57911942,
     -34.61109136
    ]
   },
   "properties": {
    "name": "133 DAWKINS ROAD LEWISTON 5501",
    "locID": "LOC000048537707",
    "tech": "FTTP",
    "upgrade": "NULL_NA",
    "gnaf_pid": "GASA_416103503",
    "ee": true,
    "tech_change_status": "Eligible to Order",
    "program_type": "Regional Area Flip"
   }
  },
  {
   "type": "Feature",
   "geometry": {
    "type": "Point",
    "coordinates": [
     138.58469873,
     -34.61100991
    ]
   },
   "properties": {
    "name": "149 DAWKINS ROAD LEWISTON 5501",
    "locID": "LOC000066994042",
    "tech": "FTTP",
    "upgrade": "NULL_NA",
    "gnaf_pid": "GASA_416103509",
    "ee": true,
    "tech_change_status": "Previous Tech Disconnected",
    "program_type": "Regional Area Flip"
   }
  },
  {
   "type": "Feature",
   "geometry": {
    "type": "Point",
    "coordinates": [
     138.58664241,
     -34.60961662
    ]
   },
   "properties": {
    "name": "153 DAWKINS ROAD LEWISTON 5501",
    "locID": "LOC000032676234",
    "tech": "FTTP",
    "upgrade": "NULL_NA",
    "gnaf_pid": "GASA_416103510",
    "ee": true,
    "tech_change_status": "Eligible to Order",
    "program_type": "Regional Area Flip"
   }
  },
  {
   "type": "Feature",
   "geometry": {
    "type": "Point",
    "coordinates": [
     138.6259459,
     -34.59360265
    ]
   },
   "properties": {
    "name": "1 COCKATOO ROAD LEWISTON 5501",
    "locID": "LOC000042620288",
    "tech": "FTTP",
    "upgrade": "NULL_NA",
    "gnaf_pid": "GASA_416104463",
    "ee": true,
    "tech_change_status": "Eligible to Order",
    "program_type": "Regional Area Flip"
   }
  },
  {
   "type": "Feature",
   "geometry": {
    "type": "Point",
    "coordinates": [
     138.60094301,
     -34.61566234
    ]
   },
   "properties": {
    "name": "1 PEPPERMINT ROAD LEWISTON 5501",
    "locID": "LOC000075520213",
    "tech": "FTTP",
    "upgrade": "NULL_NA",
    "gnaf_pid": "GASA_416105444",
    "ee": true,
    "tech_change_status": "Previous Tech Disconnected",
    "program_type": "Regional Area Flip"
   }
  },
  {
   "type": "Feature",
   "geometry": {
    "type": "Point",
    "coordinates": [
     138.57577706,
     -34.59491794
    ]
   },
   "properties": {
    "name": "8 GOSS ROAD LEWISTON 5501",
    "locID": "LOC000017129785",
    "tech": "WIRELESS",
    "upgrade": "NULL_NA",
    "gnaf_pid": "GASA_416105449",
    "ee": true,
    "tech_change_status": "Not Planned",
    "program_type": "Fixed Wireless and Satellite Upgrade Program",
    "target_eligibility_quarter": "NA"
   }
  },
  {
   "type": "Feature",
   "geometry": {
    "type": "Point",
    "coordinates": [
     138.57779725,
     -34.60064852
    ]
   },
   "properties": {
    "name": "175 HAYMAN ROAD LEWISTON 5501",
    "locID": "LOC000064935463",
    "tech": "FTTP",
    "upgrade": "NULL_NA",
    "gnaf_pid": "GASA_416105459",
    "ee": true,
    "tech_change_status": "Previous Tech Disconnected",
    "program_type": "Regional Area Flip",
    "target_eligibility_quarter": "NA"
   }
  },
  {
   "type": "Feature",
   "geometry": {
    "type": "Point",
    "coordinates": [
     138.57748715,
     -34.62363424
    ]
   },
   "properties": {
    "name": "83 GAWLER RIVER ROAD LEWISTON 5501",
    "locID": "LOC000056291731",
    "tech": "FTTP",
    "upgrade": "NULL_NA",
    "gnaf_pid": "GASA_416105491",
    "ee": true,
    "tech_change_status": "Eligible to Order",
    "program_type": "Regional Area Flip",
    "target_eligibility_quarter": "NA"
   }
  },
  {
   "type": "Feature",
   "geometry": {
    "type": "Point",
    "coordinates": [
     138.57359169,
     -34.59241051
    ]
   },
   "properties": {
    "name": "76 GAWLER ROAD LEWISTON 5501",
    "locID": "LOC100056451091",
    "tech": "WIRELESS",
    "upgrade": "NULL_NA",
    "gnaf_pid": "GASA_416105499",
    "ee": true,
    "tech_change_status": "Not Planned",
    "program_type": "Fixed Wireless and Satellite Upgrade Program",
    "target_eligibility_quarter": "NA"
   }
  },
  {
   "type": "Feature",
   "geometry": {
    "type": "Point",
    "coordinates": [
     138.58007069,
     -34.60593481
    ]
   },
   "properties": {
    "name": "57 BETHESDA ROAD LEWISTON 5501",
    "locID": "LOC000083223080",
    "tech": "FTTP",
    "upgrade": "NULL_NA",
    "gnaf_pid": "GASA_416105859",
    "ee": true,
    "tech_change_status": "Previous Tech Disconnected",
    "program_type": "Regional Area Flip"
   }
  },
  {
   "type": "Feature",
   "geometry": {
    "type": "Point",
    "coordinates": [
     138.58176993,
     -34.60393391
    ]
   },
   "properties": {
    "name": "68 BETHESDA ROAD LEWISTON 5501",
    "locID": "LOC000131273723",
    "tech": "FTTP",
    "upgrade": "NULL_NA",
    "gnaf_pid": "GASA_416105863",
    "ee": true,
    "tech_change_status": "Previous Tech Disconnected",
    "program_type": "Regional Area Flip",
    "target_eligibility_quarter": "NA"
   }
  },
  {
   "type": "Feature",
   "geometry": {
    "type": "Point",
    "coordinates": [
     138.59296126,
     -34.61214182
    ]
   },
   "properties": {
    "name": "183 DAWKINS ROAD LEWISTON 5501",
    "locID": "LOC100055981804",
    "tech": "FTTP",
    "upgrade": "NULL_NA",
    "gnaf_pid": "GASA_416106039",
    "ee": true,
    "tech_change_status": "Eligible to Order",
    "program_type": "Regional Area Flip"
   }
  },
  {
   "type": "Feature",
   "geometry": {
    "type": "Point",
    "coordinates": [
     138.55456485,
     -34.62704709
    ]
   },
   "properties": {
    "name": "8 GAWLER RIVER ROAD LEWISTON 5501",
    "locID": "LOC000043004915",
    "tech": "WIRELESS",
    "upgrade": "NULL_NA",
    "gnaf_pid": "GASA_416106096",
    "ee": true,
    "tech_change_status": "Not Planned",
    "program_type": "Fixed Wireless and Satellite Upgrade Program",
    "target_eligibility_quarter": "NA"
   }
  },
  {
   "type": "Feature",
   "geometry": {
    "type": "Point",
    "coordinates": [
     138.59507303,
     -34.62050592
    ]
   },
   "properties": {
    "name": "8 PEDERICK ROAD LEWISTON 5501",
    "locID": "LOC000026205882",
    "tech": "FTTP",
    "upgrade": "NULL_NA",
    "gnaf_pid": "GASA_416106109",
    "ee": true,
    "tech_change_status": "Eligible to Order",
    "program_type": "Regional Area Flip"
   }
  },
  {
   "type": "Feature",
   "geometry": {
    "type": "Point",
    "coordinates": [
     138.60092285,
     -34.62011451
    ]
   },
   "properties": {
    "name": "10 JUDD ROAD LEWISTON 5501",
    "locID": "LOC100056672666",
    "tech": "FTTP",
    "upgrade": "NULL_NA",
    "gnaf_pid": "GASA_416106112",
    "ee": true,
    "tech_change_status": "Previous Tech Disconnected",
    "program_type": "Regional Area Flip",
    "target_eligibility_quarter": "NA"
   }
  },
  {
   "type": "Feature",
   "geometry": {
    "type": "Point",
    "coordinates": [
     138.59897554,
     -34.61333946
    ]
   },
   "properties": {
    "name": "180 DAWKINS ROAD LEWISTON 5501",
    "locID": "LOC000095030927",
    "tech": "FTTP",
    "upgrade": "NULL_NA",
    "gnaf_pid": "GASA_416106371",
    "ee": true,
    "tech_change_status": "Eligible to Order",
    "program_type": "Regional Area Flip"
   }
  },
  {
   "type": "Feature",
   "geometry": {
    "type": "Point",
    "coordinates": [
     138.58804007,
     -34.60219466
    ]
   },
   "properties": {
    "name": "192 HAYMAN ROAD LEWISTON 5501",
    "locID": "LOC000099115097",
    "tech": "WIRELESS",
    "upgrade": "FTTP",
    "gnaf_pid": "GASA_416106380",
    "ee": true,
    "tech_change_status": "Eligible to Order",
    "program_type": "Regional Area Flip",
    "target_eligibility_quarter": "NA"
   }
  },
  {
   "type": "Feature",
   "geometry": {
    "type": "Point",
    "coordinates": [
     138.61146913,
     -34.59594037
    ]
   },
   "properties": {
    "name": "2 BETTY ROAD LEWISTON 5501",
    "locID": "LOC000062478950",
    "tech": "FTTP",
    "upgrade": "NULL_NA",
    "gnaf_pid": "GASA_416107022",
    "ee": true,
    "tech_change_status": "Eligible to Order",
    "program_type": "Regional Area Flip"
   }
  },
  {
   "type": "Feature",
   "geometry": {
    "type": "Point",
    "coordinates": [
     138.56958243,
     -34.61350261
    ]
   },
   "properties": {
    "name": "92A DAWKINS ROAD LEWISTON 5501",
    "locID": "LOC000106497682",
    "tech": "WIRELESS",
    "upgrade": "NULL_NA",
    "gnaf_pid": "GASA_416107329",
    "ee": true,
    "tech_change_status": "Not Planned",
    "program_type": "Fixed Wireless and Satellite Upgrade Program",
    "target_eligibility_quarter": "NA"
   }
  },
  {
   "type": "Feature",
   "geometry": {
    "type": "Point",
    "coordinates": [
     138.58262797,
     -34.60616454
    ]
   },
   "properties": {
    "name": "62 BETHESDA ROAD LEWISTON 5501",
    "locID": "LOC000176512801",
    "tech": "WIRELESS",
    "upgrade": "FTTP",
    "gnaf_pid": "GASA_416108870",
    "ee": true,
    "tech_change_status": "Eligible to Order",
    "program_type": "Regional Area Flip",
    "target_eligibility_quarter": "NA"
   }
  },
  {
   "type": "Feature",
   "geometry": {
    "type": "Point",
    "coordinates": [
     138.57347697,
     -34.60029274
    ]
   },
   "properties": {
    "name": "1 GOSS ROAD LEWISTON 5501",
    "locID": "LOC000103521826",
    "tech": "FTTP",
    "upgrade": "NULL_NA",
    "gnaf_pid": "GASA_417057729",
    "ee": true,
    "tech_change_status": "Previous Tech Disconnected",
    "program_type": "Regional Area Flip",
    "target_eligibility_quarter": "NA"
   }
  },
  {
   "type": "Feature",
   "geometry": {
    "type": "Point",
    "coordinates": [
     138.56975861,
     -34.62404976
    ]
   },
   "properties": {
    "name": "55 GAWLER RIVER ROAD LEWISTON 5501",
    "locID": "LOC000091015424",
    "tech": "WIRELESS",
    "upgrade": "NULL_NA",
    "gnaf_pid": "GASA_417059649",
    "ee": true,
    "tech_change_status": "Not Planned",
    "program_type": "Fixed Wireless and Satellite Upgrade Program",
    "target_eligibility_quarter": "NA"
   }
  },
  {
   "type": "Feature",
   "geometry": {
    "type": "Point",
    "coordinates": [
     138.57063238,
     -34.62281724
    ]
   },
   "properties": {
    "name": "57 GAWLER RIVER ROAD LEWISTON 5501",
    "locID": "LOC100077022365",
    "tech": "WIRELESS",
    "upgrade": "NULL_NA",
    "gnaf_pid": "GASA_417059650",
    "ee": true,
    "tech_change_status": "Not Planned",
    "program_type": "Fixed Wireless and Satellite Upgrade Program",
    "target_eligibility_quarter": "NA"
   }
  },
  {
   "type": "Feature",
   "geometry": {
    "type": "Point",
    "coordinates": [
     138.57101956,
     -34.6239611
    ]
   },
   "properties": {
    "name": "59 GAWLER RIVER ROAD LEWISTON 5501",
    "locID": "LOC000031771639",
    "tech": "WIRELESS",
    "upgrade": "NULL_NA",
    "gnaf_pid": "GASA_417059651",
    "ee": true,
    "tech_change_status": "Not Planned",
    "program_type": "Fixed Wireless and Satellite Upgrade Program",
    "target_eligibility_quarter": "NA"
   }
  },
  {
   "type": "Feature",
   "geometry": {
    "type": "Point",
    "coordinates": [
     138.57131039,
     -34.62280448
    ]
   },
   "properties": {
    "name": "61 GAWLER RIVER ROAD LEWISTON 5501",
    "locID": "LOC000017602416",
    "tech": "WIRELESS",
    "upgrade": "NULL_NA",
    "gnaf_pid": "GASA_417059652",
    "ee": true,
    "tech_change_status": "Not Planned",
    "program_type": "Fixed Wireless and Satellite Upgrade Program",
    "target_eligibility_quarter": "NA"
   }
  },
  {
   "type": "Feature",
   "geometry": {
    "type": "Point",
    "coordinates": [
     138.5719268,
     -34.62322923
    ]
   },
   "properties": {
    "name": "63 GAWLER RIVER ROAD LEWISTON 5501",
    "locID": "LOC000055563224",
    "tech": "WIRELESS",
    "upgrade": "NULL_NA",
    "gnaf_pid": "GASA_417059653",
    "ee": true,
    "tech_change_status": "Not Planned",
    "program_type": "Fixed Wireless and Satellite Upgrade Program",
    "target_eligibility_quarter": "NA"
   }
  },
  {
   "type": "Feature",
   "geometry": {
    "type": "Point",
    "coordinates": [
     138.57254835,
     -34.62321838
    ]
   },
   "properties": {
    "name": "65 GAWLER RIVER ROAD LEWISTON 5501",
    "locID": "LOC000064691718",
    "tech": "WIRELESS",
    "upgrade": "NULL_NA",
    "gnaf_pid": "GASA_417059654",
    "ee": true,
    "tech_change_status": "Not Planned",
    "program_type": "Fixed Wireless and Satellite Upgrade Program",
    "target_eligibility_quarter": "NA"
   }
  },
  {
   "type": "Feature",
   "geometry": {
    "type": "Point",
    "coordinates": [
     138.57310561,
     -34.62321019
    ]
   },
   "properties": {
    "name": "67 GAWLER RIVER ROAD LEWISTON 5501",
    "locID": "LOC100078110368",
    "tech": "WIRELESS",
    "upgrade": "NULL_NA",
    "gnaf_pid": "GASA_417059655",
    "ee": true,
    "tech_change_status": "Not Planned",
    "program_type": "Fixed Wireless and Satellite Upgrade Program",
    "target_eligibility_quarter": "NA"
   }
  },
  {
   "type": "Feature",
   "geometry": {
    "type": "Point",
    "coordinates": [
     138.57359795,
     -34.62320069
    ]
   },
   "properties": {
    "name": "69 GAWLER RIVER ROAD LEWISTON 5501",
    "locID": "LOC000096608619",
    "tech": "WIRELESS",
    "upgrade": "NULL_NA",
    "gnaf_pid": "GASA_417059656",
    "ee": true,
    "tech_change_status": "Not Planned",
    "program_type": "Fixed Wireless and Satellite Upgrade Program",
    "target_eligibility_quarter": "NA"
   }
  },
  {
   "type": "Feature",
   "geometry": {
    "type": "Point",
    "coordinates": [
     138.57408972,
     -34.6231921
    ]
   },
   "properties": {
    "name": "71 GAWLER RIVER ROAD LEWISTON 5501",
    "locID": "LOC000046741545",
    "tech": "WIRELESS",
    "upgrade": "NULL_NA",
    "gnaf_pid": "GASA_417059657",
    "ee": true,
    "tech_change_status": "Not Planned",
    "program_type": "Fixed Wireless and Satellite Upgrade Program",
    "target_eligibility_quarter": "NA"
   }
  },
  {
   "type": "Feature",
   "geometry": {
    "type": "Point",
    "coordinates": [
     138.5745815,
     -34.62318353
    ]
   },
   "properties": {
    "name": "73 GAWLER RIVER ROAD LEWISTON 5501",
    "locID": "LOC000020926796",
    "tech": "FTTP",
    "upgrade": "NULL_NA",
    "gnaf_pid": "GASA_417059658",
    "ee": true,
    "tech_change_status": "Eligible to Order",
    "program_type": "Regional Area Flip"
   }
  },
  {
   "type": "Feature",
   "geometry": {
    "type": "Point",
    "coordinates": [
     138.57507,
     -34.62317225
    ]
   },
   "properties": {
    "name": "75 GAWLER RIVER ROAD LEWISTON 5501",
    "locID": "LOC000019243811",
    "tech": "FTTP",
    "upgrade": "NULL_NA",
    "gnaf_pid": "GASA_417059659",
    "ee": true,
    "tech_change_status": "Previous Tech Disconnected",
    "program_type": "Regional Area Flip"
   }
  },
  {
   "type": "Feature",
   "geometry": {
    "type": "Point",
    "coordinates": [
     138.57565712,
     -34.62365865
    ]
   },
   "properties": {
    "name": "77 GAWLER RIVER ROAD LEWISTON 5501",
    "locID": "LOC100080298892",
    "tech": "FTTP",
    "upgrade": "NULL_NA",
    "gnaf_pid": "GASA_417059660",
    "ee": true,
    "tech_change_status": "Eligible to Order",
    "program_type": "Regional Area Flip"
   }
  },
  {
   "type": "Feature",
   "geometry": {
    "type": "Point",
    "coordinates": [
     138.57627258,
     -34.62364651
    ]
   },
   "properties": {
    "name": "79 GAWLER RIVER ROAD LEWISTON 5501",
    "locID": "LOC000031639275",
    "tech": "FTTP",
    "upgrade": "NULL_NA",
    "gnaf_pid": "GASA_417064804",
    "ee": true,
    "tech_change_status": "Eligible to Order",
    "program_type": "Regional Area Flip"
   }
  },
  {
   "type": "Feature",
   "geometry": {
    "type": "Point",
    "coordinates": [
     138.57685684,
     -34.62363522
    ]
   },
   "properties": {
    "name": "81 GAWLER RIVER ROAD LEWISTON 5501",
    "locID": "LOC000010351716",
    "tech": "FTTP",
    "upgrade": "NULL_NA",
    "gnaf_pid": "GASA_417064805",
    "ee": true,
    "tech_change_status": "Eligible to Order",
    "program_type": "Regional Area Flip"
   }
  },
  {
   "type": "Feature",
   "geometry": {
    "type": "Point",
    "coordinates": [
     138.57819787,
     -34.62345435
    ]
   },
   "properties": {
    "name": "85 GAWLER RIVER ROAD LEWISTON 5501",
    "locID": "LOC000041524344",
    "tech": "WIRELESS",
    "upgrade": "FTTP",
    "gnaf_pid": "GASA_417064807",
    "ee": true,
    "tech_change_status": "Eligible to Order",
    "program_type": "Regional Area Flip",
    "target_eligibility_quarter": "NA"
   }
  },
  {
   "type": "Feature",
   "geometry": {
    "type": "Point",
    "coordinates": [
     138.57885377,
     -34.62345696
    ]
   },
   "properties": {
    "name": "87 GAWLER RIVER ROAD LEWISTON 5501",
    "locID": "LOC000094578201",
    "tech": "FTTP",
    "upgrade": "NULL_NA",
    "gnaf_pid": "GASA_417064808",
    "ee": true,
    "tech_change_status": "Previous Tech Disconnected",
    "program_type": "Regional Area Flip",
    "target_eligibility_quarter": "NA"
   }
  },
  {
   "type": "Feature",
   "geometry": {
    "type": "Point",
    "coordinates": [
     138.58015435,
     -34.62391305
    ]
   },
   "properties": {
    "name": "91 GAWLER RIVER ROAD LEWISTON 5501",
    "locID": "LOC000050390340",
    "tech": "WIRELESS",
    "upgrade": "FTTP",
    "gnaf_pid": "GASA_417064839",
    "ee": true,
    "tech_change_status": "Eligible to Order",
    "program_type": "Regional Area Flip",
    "target_eligibility_quarter": "NA"
   }
  },
  {
   "type": "Feature",
   "geometry": {
    "type": "Point",
    "coordinates": [
     138.58312749,
     -34.62343275
    ]
   },
   "properties": {
    "name": "93 GAWLER RIVER ROAD LEWISTON 5501",
    "locID": "LOC000011139546",
    "tech": "FTTP",
    "upgrade": "NULL_NA",
    "gnaf_pid": "GASA_417064840",
    "ee": true,
    "tech_change_status": "Eligible to Order",
    "program_type": "Regional Area Flip"
   }
  },
  {
   "type": "Feature",
   "geometry": {
    "type": "Point",
    "coordinates": [
     138.58369742,
     -34.62331148
    ]
   },
   "properties": {
    "name": "95 GAWLER RIVER ROAD LEWISTON 5501",
    "locID": "LOC000064612492",
    "tech": "WIRELESS",
    "upgrade": "FTTP",
    "gnaf_pid": "GASA_417065522",
    "ee": true,
    "tech_change_status": "Eligible to Order",
    "program_type": "Regional Area Flip",
    "target_eligibility_quarter": "NA"
   }
  },
  {
   "type": "Feature",
   "geometry": {
    "type": "Point",
    "coordinates": [
     138.58426739,
     -34.6231928
    ]
   },
   "properties": {
    "name": "97 GAWLER RIVER ROAD LEWISTON 5501",
    "locID": "LOC000025800700",
    "tech": "FTTP",
    "upgrade": "NULL_NA",
    "gnaf_pid": "GASA_417065523",
    "ee": true,
    "tech_change_status": "Eligible to Order",
    "program_type": "Regional Area Flip"
   }
  },
  {
   "type": "Feature",
   "geometry": {
    "type": "Point",
    "coordinates": [
     138.58617867,
     -34.62287486
    ]
   },
   "properties": {
    "name": "103 GAWLER RIVER ROAD LEWISTON 5501",
    "locID": "LOC000097743999",
    "tech": "FTTP",
    "upgrade": "NULL_NA",
    "gnaf_pid": "GASA_417065526",
    "ee": true,
    "tech_change_status": "Eligible to Order",
    "program_type": "Regional Area Flip"
   }
  },
  {
   "type": "Feature",
   "geometry": {
    "type": "Point",
    "coordinates": [
     138.58681347,
     -34.62202072
    ]
   },
   "properties": {
    "name": "105 GAWLER RIVER ROAD LEWISTON 5501",
    "locID": "LOC000041462960",
    "tech": "FTTP",
    "upgrade": "NULL_NA",
    "gnaf_pid": "GASA_417065527",
    "ee": true,
    "tech_change_status": "Eligible to Order",
    "program_type": "Regional Area Flip"
   }
  },
  {
   "type": "Feature",
   "geometry": {
    "type": "Point",
    "coordinates": [
     138.56258619,
     -34.61190303
    ]
   },
   "properties": {
    "name": "81 DAWKINS ROAD LEWISTON 5501",
    "locID": "LOC000038158060",
    "tech": "WIRELESS",
    "upgrade": "NULL_NA",
    "gnaf_pid": "GASA_417065859",
    "ee": true,
    "tech_change_status": "Not Planned",
    "program_type": "Fixed Wireless and Satellite Upgrade Program",
    "target_eligibility_quarter": "NA"
   }
  },
  {
   "type": "Feature",
   "geometry": {
    "type": "Point",
    "coordinates": [
     138.5741834,
     -34.59688721
    ]
   },
   "properties": {
    "name": "10 GOSS ROAD LEWISTON 5501",
    "locID": "LOC000142915075",
    "tech": "WIRELESS",
    "upgrade": "NULL_NA",
    "gnaf_pid": "GASA_417067501",
    "ee": true,
    "tech_change_status": "Eligible to Order",
    "program_type": "Regional Area Flip"
   }
  },
  {
   "type": "Feature",
   "geometry": {
    "type": "Point",
    "coordinates": [
     138.59304555,
     -34.61398426
    ]
   },
   "properties": {
    "name": "29 PEDERICK ROAD LEWISTON 5501",
    "locID": "LOC000019209022",
    "tech": "WIRELESS",
    "upgrade": "FTTP",
    "gnaf_pid": "GASA_417067658",
    "ee": true,
    "tech_change_status": "Eligible to Order",
    "program_type": "Regional Area Flip",
    "target_eligibility_quarter": "NA"
   }
  },
  {
   "type": "Feature",
   "geometry": {
    "type": "Point",
    "coordinates": [
     138.5925738,
     -34.59116635
    ]
   },
   "properties": {
    "name": "57 GAWLER ROAD LEWISTON 5501",
    "locID": "LOC100077022365",
    "tech": "WIRELESS",
    "upgrade": "NULL_NA",
    "gnaf_pid": "GASA_417079953",
    "ee": true,
    "tech_change_status": "Not Planned",
    "program_type": "Fixed Wireless and Satellite Upgrade Program",
    "target_eligibility_quarter": "NA"
   }
  },
  {
   "type": "Feature",
   "geometry": {
    "type": "Point",
    "coordinates": [
     138.5937188,
     -34.60756857
    ]
   },
   "properties": {
    "name": "2 PEDERICK ROAD LEWISTON 5501",
    "locID": "LOC000094636341",
    "tech": "FTTP",
    "upgrade": "NULL_NA",
    "gnaf_pid": "GASA_417096883",
    "ee": true,
    "tech_change_status": "Previous Tech Disconnected",
    "program_type": "Regional Area Flip",
    "target_eligibility_quarter": "NA"
   }
  },
  {
   "type": "Feature",
   "geometry": {
    "type": "Point",
    "coordinates": [
     138.5937188,
     -34.60756857
    ]
   },
   "properties": {
    "name": "4 PEDERICK ROAD LEWISTON 5501",
    "locID": "LOC000052648233",
    "tech": "FTTP",
    "upgrade": "NULL_NA",
    "gnaf_pid": "GASA_417096885",
    "ee": true,
    "tech_change_status": "Previous Tech Disconnected",
    "program_type": "Regional Area Flip"
   }
  },
  {
   "type": "Feature",
   "geometry": {
    "type": "Point",
    "coordinates": [
     138.5937188,
     -34.60756857
    ]
   },
   "properties": {
    "name": "6 PEDERICK ROAD LEWISTON 5501",
    "locID": "LOC000092347292",
    "tech": "WIRELESS",
    "upgrade": "FTTP",
    "gnaf_pid": "GASA_417096887",
    "ee": true,
    "tech_change_status": "Eligible to Order",
    "program_type": "Regional Area Flip",
    "target_eligibility_quarter": "NA"
   }
  },
  {
   "type": "Feature",
   "geometry": {
    "type": "Point",
    "coordinates": [
     138.58103057,
     -34.60801224
    ]
   },
   "properties": {
    "name": "51 BETHESDA ROAD LEWISTON 5501",
    "locID": "LOC000194627568",
    "tech": "NULL",
    "upgrade": "NULL_NA",
    "gnaf_pid": "GASA_417097552",
    "ee": false,
    "tech_change_status": "Eligible to Order",
    "program_type": "Regional Area Flip"
   }
  },
  {
   "type": "Feature",
   "geometry": {
    "type": "Point",
    "coordinates": [
     138.61324819,
     -34.60612945
    ]
   },
   "properties": {
    "name": "4 COOMBS COURT LEWISTON 5501",
    "locID": "LOC000051389270",
    "tech": "WIRELESS",
    "upgrade": "FTTP",
    "gnaf_pid": "GASA_417117326",
    "ee": true,
    "tech_change_status": "Eligible to Order",
    "program_type": "Regional Area Flip",
    "target_eligibility_quarter": "NA"
   }
  },
  {
   "type": "Feature",
   "geometry": {
    "type": "Point",
    "coordinates": [
     138.59266026,
     -34.607551
    ]
   },
   "properties": {
    "name": "34 GILKS ROAD LEWISTON 5501",
    "locID": "LOC000096544164",
    "tech": "FTTP",
    "upgrade": "NULL_NA",
    "gnaf_pid": "GASA_421967475",
    "ee": true,
    "tech_change_status": "Previous Tech Disconnected",
    "program_type": "Regional Area Flip"
   }
  },
  {
   "type": "Feature",
   "geometry": {
    "type": "Point",
    "coordinates": [
     138.5822716,
     -34.62312892
    ]
   },
   "properties": {
    "name": "4 BETHESDA ROAD LEWISTON 5501",
    "locID": "LOC100056031683",
    "tech": "FTTP",
    "upgrade": "NULL_NA",
    "gnaf_pid": "GASA_421967552",
    "ee": true,
    "tech_change_status": "Previous Tech Disconnected",
    "program_type": "Regional Area Flip",
    "target_eligibility_quarter": "NA"
   }
  },
  {
   "type": "Feature",
   "geometry": {
    "type": "Point",
    "coordinates": [
     138.58277657,
     -34.62238814
    ]
   },
   "properties": {
    "name": "6 BETHESDA ROAD LEWISTON 5501",
    "locID": "LOC100080298871",
    "tech": "FTTP",
    "upgrade": "NULL_NA",
    "gnaf_pid": "GASA_421967553",
    "ee": true,
    "tech_change_status": "Previous Tech Disconnected",
    "program_type": "Regional Area Flip"
   }
  },
  {
   "type": "Feature",
   "geometry": {
    "type": "Point",
    "coordinates": [
     138.58424592,
     -34.62179998
    ]
   },
   "properties": {
    "name": "10 BETHESDA ROAD LEWISTON 5501",
    "locID": "LOC000021737016",
    "tech": "FTTP",
    "upgrade": "NULL_NA",
    "gnaf_pid": "GASA_421975732",
    "ee": true,
    "tech_change_status": "Eligible to Order",
    "program_type": "Regional Area Flip"
   }
  },
  {
   "type": "Feature",
   "geometry": {
    "type": "Point",
    "coordinates": [
     138.59424302,
     -34.60053193
    ]
   },
   "properties": {
    "name": "219 HAYMAN ROAD LEWISTON 5501",
    "locID": "LOC000036652584",
    "tech": "FTTP",
    "upgrade": "NULL_NA",
    "gnaf_pid": "GASA_421975733",
    "ee": true,
    "tech_change_status": "Previous Tech Disconnected",
    "program_type": "Regional Area Flip"
   }
  },
  {
   "type": "Feature",
   "geometry": {
    "type": "Point",
    "coordinates": [
     138.57251996,
     -34.59409165
    ]
   },
   "properties": {
    "name": "13 GOSS ROAD LEWISTON 5501",
    "locID": "LOC100078108948",
    "tech": "WIRELESS",
    "upgrade": "NULL_NA",
    "gnaf_pid": "GASA_422041894",
    "ee": true,
    "tech_change_status": "Not Planned",
    "program_type": "Fixed Wireless and Satellite Upgrade Program",
    "target_eligibility_quarter": "NA"
   }
  },
  {
   "type": "Feature",
   "geometry": {
    "type": "Point",
    "coordinates": [
     138.58273268,
     -34.62194905
    ]
   },
   "properties": {
    "name": "8 BETHESDA ROAD LEWISTON 5501",
    "locID": "LOC000085721326",
    "tech": "FTTP",
    "upgrade": "NULL_NA",
    "gnaf_pid": "GASA_422047615",
    "ee": true,
    "tech_change_status": "Previous Tech Disconnected",
    "program_type": "Regional Area Flip"
   }
  },
  {
   "type": "Feature",
   "geometry": {
    "type": "Point",
    "coordinates": [
     138.5827277,
     -34.61991968
    ]
   },
   "properties": {
    "name": "22 BETHESDA ROAD LEWISTON 5501",
    "locID": "LOC000009235757",
    "tech": "FTTP",
    "upgrade": "NULL_NA",
    "gnaf_pid": "GASA_422047616",
    "ee": true,
    "tech_change_status": "Eligible to Order",
    "program_type": "Regional Area Flip"
   }
  },
  {
   "type": "Feature",
   "geometry": {
    "type": "Point",
    "coordinates": [
     138.58259247,
     -34.60521588
    ]
   },
   "properties": {
    "name": "64 BETHESDA ROAD LEWISTON 5501",
    "locID": "LOC000069971493",
    "tech": "FTTP",
    "upgrade": "NULL_NA",
    "gnaf_pid": "GASA_422047617",
    "ee": true,
    "tech_change_status": "Eligible to Order",
    "program_type": "Regional Area Flip"
   }
  },
  {
   "type": "Feature",
   "geometry": {
    "type": "Point",
    "coordinates": [
     138.60356089,
     -34.6054609
    ]
   },
   "properties": {
    "name": "21 AUNGER ROAD LEWISTON 5501",
    "locID": "LOC000028484315",
    "tech": "FTTP",
    "upgrade": "NULL_NA",
    "gnaf_pid": "GASA_422053872",
    "ee": true,
    "tech_change_status": "Eligible to Order",
    "program_type": "Regional Area Flip",
    "target_eligibility_quarter": "NA"
   }
  },
  {
   "type": "Feature",
   "geometry": {
    "type": "Point",
    "coordinates": [
     138.58053654,
     -34.61970238
    ]
   },
   "properties": {
    "name": "19 BETHESDA ROAD LEWISTON 5501",
    "locID": "LOC000003509491",
    "tech": "FTTP",
    "upgrade": "NULL_NA",
    "gnaf_pid": "GASA_422054530",
    "ee": true,
    "tech_change_status": "Previous Tech Disconnected",
    "program_type": "Regional Area Flip",
    "target_eligibility_quarter": "NA"
   }
  },
  {
   "type": "Feature",
   "geometry": {
    "type": "Point",
    "coordinates": [
     138.58229604,
     -34.62398934
    ]
   },
   "properties": {
    "name": "2 BETHESDA ROAD LEWISTON 5501",
    "locID": "LOC000016182611",
    "tech": "WIRELESS",
    "upgrade": "FTTP",
    "gnaf_pid": "GASA_422054531",
    "ee": true,
    "tech_change_status": "Eligible to Order",
    "program_type": "Regional Area Flip",
    "target_eligibility_quarter": "NA"
   }
  },
  {
   "type": "Feature",
   "geometry": {
    "type": "Point",
    "coordinates": [
     138.58859755,
     -34.61038686
    ]
   },
   "properties": {
    "name": "161 DAWKINS ROAD LEWISTON 5501",
    "locID": "LOC000012527134",
    "tech": "WIRELESS",
    "upgrade": "FTTP",
    "gnaf_pid": "GASA_422057611",
    "ee": true,
    "tech_change_status": "Eligible to Order",
    "program_type": "Regional Area Flip",
    "target_eligibility_quarter": "NA"
   }
  },
  {
   "type": "Feature",
   "geometry": {
    "type": "Point",
    "coordinates": [
     138.58751943,
     -34.62194109
    ]
   },
   "properties": {
    "name": "107 GAWLER RIVER ROAD LEWISTON 5501",
    "locID": "LOC000028249802",
    "tech": "WIRELESS",
    "upgrade": "FTTP",
    "gnaf_pid": "GASA_422060379",
    "ee": true,
    "tech_change_status": "Eligible to Order",
    "program_type": "Regional Area Flip",
    "target_eligibility_quarter": "NA"
   }
  },
  {
   "type": "Feature",
   "geometry": {
    "type": "Point",
    "coordinates": [
     138.60196194,
     -34.62143686
    ]
   },
   "properties": {
    "name": "145 GAWLER RIVER ROAD LEWISTON 5501",
    "locID": "LOC000083585040",
    "tech": "WIRELESS",
    "upgrade": "FTTP",
    "gnaf_pid": "GASA_422060386",
    "ee": true,
    "tech_change_status": "Eligible to Order",
    "program_type": "Regional Area Flip",
    "target_eligibility_quarter": "NA"
   }
  },
  {
   "type": "Feature",
   "geometry": {
    "type": "Point",
    "coordinates": [
     138.60258883,
     -34.62116137
    ]
   },
   "properties": {
    "name": "147 GAWLER RIVER ROAD LEWISTON 5501",
    "locID": "LOC000095113890",
    "tech": "FTTP",
    "upgrade": "NULL_NA",
    "gnaf_pid": "GASA_422060387",
    "ee": true,
    "tech_change_status": "Eligible to Order",
    "program_type": "Regional Area Flip"
   }
  },
  {
   "type": "Feature",
   "geometry": {
    "type": "Point",
    "coordinates": [
     138.60494076,
     -34.62226879
    ]
   },
   "properties": {
    "name": "155 GAWLER RIVER ROAD LEWISTON 5501",
    "locID": "LOC000017808766",
    "tech": "FTTP",
    "upgrade": "NULL_NA",
    "gnaf_pid": "GASA_422060389",
    "ee": true,
    "tech_change_status": "Previous Tech Disconnected",
    "program_type": "Regional Area Flip"
   }
  },
  {
   "type": "Feature",
   "geometry": {
    "type": "Point",
    "coordinates": [
     138.62169989,
     -34.61969388
    ]
   },
   "properties": {
    "name": "213 GAWLER RIVER ROAD LEWISTON 5501",
    "locID": "LOC100078110231",
    "tech": "WIRELESS",
    "upgrade": "NULL_NA",
    "gnaf_pid": "GASA_422060392",
    "ee": true,
    "tech_change_status": "Not Planned",
    "program_type": "Fixed Wireless and Satellite Upgrade Program",
    "target_eligibility_quarter": "NA"
   }
  },
  {
   "type": "Feature",
   "geometry": {
    "type": "Point",
    "coordinates": [
     138.58484649,
     -34.62306872
    ]
   },
   "properties": {
    "name": "99 GAWLER RIVER ROAD LEWISTON 5501",
    "locID": "LOC000082184658",
    "tech": "FTTP",
    "upgrade": "NULL_NA",
    "gnaf_pid": "GASA_422060396",
    "ee": true,
    "tech_change_status": "Previous Tech Disconnected",
    "program_type": "Regional Area Flip"
   }
  },
  {
   "type": "Feature",
   "geometry": {
    "type": "Point",
    "coordinates": [
     138.58596461,
     -34.61858823
    ]
   },
   "properties": {
    "name": "10 GREENS ROAD LEWISTON 5501",
    "locID": "LOC000090735545",
    "tech": "FTTP",
    "upgrade": "NULL_NA",
    "gnaf_pid": "GASA_422061446",
    "ee": true,
    "tech_change_status": "Previous Tech Disconnected",
    "program_type": "Regional Area Flip"
   }
  },
  {
   "type": "Feature",
   "geometry": {
    "type": "Point",
    "coordinates": [
     138.58311208,
     -34.61838673
    ]
   },
   "properties": {
    "name": "2 GREENS ROAD LEWISTON 5501",
    "locID": "LOC000082166189",
    "tech": "FTTP",
    "upgrade": "NULL_NA",
    "gnaf_pid": "GASA_422061447",
    "ee": true,
    "tech_change_status": "Eligible to Order",
    "program_type": "Regional Area Flip"
   }
  },
  {
   "type": "Feature",
   "geometry": {
    "type": "Point",
    "coordinates": [
     138.58528728,
     -34.61861171
    ]
   },
   "properties": {
    "name": "8 GREENS ROAD LEWISTON 5501",
    "locID": "LOC000016770388",
    "tech": "FTTP",
    "upgrade": "NULL_NA",
    "gnaf_pid": "GASA_422061449",
    "ee": true,
    "tech_change_status": "Eligible to Order",
    "program_type": "Regional Area Flip"
   }
  },
  {
   "type": "Feature",
   "geometry": {
    "type": "Point",
    "coordinates": [
     138.5716237,
     -34.6166667
    ]
   },
   "properties": {
    "name": "1 SEVASTINE COURT LEWISTON 5501",
    "locID": "LOC000043865737",
    "tech": "WIRELESS",
    "upgrade": "NULL_NA",
    "gnaf_pid": "GASA_422208351",
    "ee": true,
    "tech_change_status": "Not Planned",
    "program_type": "Fixed Wireless and Satellite Upgrade Program",
    "target_eligibility_quarter": "NA"
   }
  },
  {
   "type": "Feature",
   "geometry": {
    "type": "Point",
    "coordinates": [
     138.57167771,
     -34.61758651
    ]
   },
   "properties": {
    "name": "2 SEVASTINE COURT LEWISTON 5501",
    "locID": "LOC000036205236",
    "tech": "WIRELESS",
    "upgrade": "NULL_NA",
    "gnaf_pid": "GASA_422208352",
    "ee": true,
    "tech_change_status": "Not Planned",
    "program_type": "Fixed Wireless and Satellite Upgrade Program",
    "target_eligibility_quarter": "NA"
   }
  },
  {
   "type": "Feature",
   "geometry": {
    "type": "Point",
    "coordinates": [
     138.5729311,
     -34.6166314
    ]
   },
   "properties": {
    "name": "3 SEVASTINE COURT LEWISTON 5501",
    "locID": "LOC000113638032",
    "tech": "WIRELESS",
    "upgrade": "NULL_NA",
    "gnaf_pid": "GASA_422208353",
    "ee": true,
    "tech_change_status": "Not Planned",
    "program_type": "Fixed Wireless and Satellite Upgrade Program",
    "target_eligibility_quarter": "NA"
   }
  },
  {
   "type": "Feature",
   "geometry": {
    "type": "Point",
    "coordinates": [
     138.5727283,
     -34.61763932
    ]
   },
   "properties": {
    "name": "4 SEVASTINE COURT LEWISTON 5501",
    "locID": "LOC000084426165",
    "tech": "WIRELESS",
    "upgrade": "NULL_NA",
    "gnaf_pid": "GASA_422208354",
    "ee": true,
    "tech_change_status": "Not Planned",
    "program_type": "Fixed Wireless and Satellite Upgrade Program",
    "target_eligibility_quarter": "NA"
   }
  },
  {
   "type": "Feature",
   "geometry": {
    "type": "Point",
    "coordinates": [
     138.57427101,
     -34.6165815
    ]
   },
   "properties": {
    "name": "5 SEVASTINE COURT LEWISTON 5501",
    "locID": "LOC000029217515",
    "tech": "WIRELESS",
    "upgrade": "NULL_NA",
    "gnaf_pid": "GASA_422208355",
    "ee": true,
    "tech_change_status": "Not Planned",
    "program_type": "Fixed Wireless and Satellite Upgrade Program",
    "target_eligibility_quarter": "NA"
   }
  },
  {
   "type": "Feature",
   "geometry": {
    "type": "Point",
    "coordinates": [
     138.57373493,
     -34.61761665
    ]
   },
   "properties": {
    "name": "6 SEVASTINE COURT LEWISTON 5501",
    "locID": "LOC000063459344",
    "tech": "WIRELESS",
    "upgrade": "NULL_NA",
    "gnaf_pid": "GASA_422208356",
    "ee": true,
    "tech_change_status": "Not Planned",
    "program_type": "Fixed Wireless and Satellite Upgrade Program",
    "target_eligibility_quarter": "NA"
   }
  },
  {
   "type": "Feature",
   "geometry": {
    "type": "Point",
    "coordinates": [
     138.57469127,
     -34.61744401
    ]
   },
   "properties": {
    "name": "8 SEVASTINE COURT LEWISTON 5501",
    "locID": "LOC000051233899",
    "tech": "WIRELESS",
    "upgrade": "NULL_NA",
    "gnaf_pid": "GASA_422208357",
    "ee": true,
    "tech_change_status": "Not Planned",
    "program_type": "Fixed Wireless and Satellite Upgrade Program",
    "target_eligibility_quarter": "NA"
   }
  },
  {
   "type": "Feature",
   "geometry": {
    "type": "Point",
    "coordinates": [
     138.56988007,
     -34.61662078
    ]
   },
   "properties": {
    "name": "10 ST GEORGE BOULEVARD LEWISTON 5501",
    "locID": "LOC000131291293",
    "tech": "WIRELESS",
    "upgrade": "NULL_NA",
    "gnaf_pid": "GASA_422208450",
    "ee": true,
    "tech_change_status": "Not Planned",
    "program_type": "Fixed Wireless and Satellite Upgrade Program",
    "target_eligibility_quarter": "NA"
   }
  },
  {
   "type": "Feature",
   "geometry": {
    "type": "Point",
    "coordinates": [
     138.56989756,
     -34.61713649
    ]
   },
   "properties": {
    "name": "12 ST GEORGE BOULEVARD LEWISTON 5501",
    "locID": "LOC000027578955",
    "tech": "WIRELESS",
    "upgrade": "NULL_NA",
    "gnaf_pid": "GASA_422208451",
    "ee": true,
    "tech_change_status": "Not Planned",
    "program_type": "Fixed Wireless and Satellite Upgrade Program",
    "target_eligibility_quarter": "NA"
   }
  },
  {
   "type": "Feature",
   "geometry": {
    "type": "Point",
    "coordinates": [
     138.57205548,
     -34.61465162
    ]
   },
   "properties": {
    "name": "2 ST GEORGE BOULEVARD LEWISTON 5501",
    "locID": "LOC000038534498",
    "tech": "WIRELESS",
    "upgrade": "NULL_NA",
    "gnaf_pid": "GASA_422208453",
    "ee": true,
    "tech_change_status": "Not Planned",
    "program_type": "Fixed Wireless and Satellite Upgrade Program",
    "target_eligibility_quarter": "NA"
   }
  },
  {
   "type": "Feature",
   "geometry": {
    "type": "Point",
    "coordinates": [
     138.57254485,
     -34.61575928
    ]
   },
   "properties": {
    "name": "3 ST GEORGE BOULEVARD LEWISTON 5501",
    "locID": "LOC000031876977",
    "tech": "WIRELESS",
    "upgrade": "NULL_NA",
    "gnaf_pid": "GASA_422208454",
    "ee": true,
    "tech_change_status": "Not Planned",
    "program_type": "Fixed Wireless and Satellite Upgrade Program",
    "target_eligibility_quarter": "NA"
   }
  },
  {
   "type": "Feature",
   "geometry": {
    "type": "Point",
    "coordinates": [
     138.57108535,
     -34.61469813
    ]
   },
   "properties": {
    "name": "4 ST GEORGE BOULEVARD LEWISTON 5501",
    "locID": "LOC000105456990",
    "tech": "WIRELESS",
    "upgrade": "NULL_NA",
    "gnaf_pid": "GASA_422208455",
    "ee": true,
    "tech_change_status": "Not Planned",
    "program_type": "Fixed Wireless and Satellite Upgrade Program",
    "target_eligibility_quarter": "NA"
   }
  },
  {
   "type": "Feature",
   "geometry": {
    "type": "Point",
    "coordinates": [
     138.57150162,
     -34.61584561
    ]
   },
   "properties": {
    "name": "5 ST GEORGE BOULEVARD LEWISTON 5501",
    "locID": "LOC000097153329",
    "tech": "WIRELESS",
    "upgrade": "NULL_NA",
    "gnaf_pid": "GASA_422208456",
    "ee": true,
    "tech_change_status": "Not Planned",
    "program_type": "Fixed Wireless and Satellite Upgrade Program",
    "target_eligibility_quarter": "NA"
   }
  },
  {
   "type": "Feature",
   "geometry": {
    "type": "Point",
    "coordinates": [
     138.56925063,
     -34.61559796
    ]
   },
   "properties": {
    "name": "6 ST GEORGE BOULEVARD LEWISTON 5501",
    "locID": "LOC000081214164",
    "tech": "WIRELESS",
    "upgrade": "NULL_NA",
    "gnaf_pid": "GASA_422208457",
    "ee": true,
    "tech_change_status": "Not Planned",
    "program_type": "Fixed Wireless and Satellite Upgrade Program",
    "target_eligibility_quarter": "NA"
   }
  },
  {
   "type": "Feature",
   "geometry": {
    "type": "Point",
    "coordinates": [
     138.56976274,
     -34.61611455
    ]
   },
   "properties": {
    "name": "8 ST GEORGE BOULEVARD LEWISTON 5501",
    "locID": "LOC000049312210",
    "tech": "WIRELESS",
    "upgrade": "NULL_NA",
    "gnaf_pid": "GASA_422208458",
    "ee": true,
    "tech_change_status": "Not Planned",
    "program_type": "Fixed Wireless and Satellite Upgrade Program",
    "target_eligibility_quarter": "NA"
   }
  },
  {
   "type": "Feature",
   "geometry": {
    "type": "Point",
    "coordinates": [
     138.60516923,
     -34.60333744
    ]
   },
   "properties": {
    "name": "27 AUNGER ROAD LEWISTON 5501",
    "locID": "LOC000008353478",
    "tech": "FTTP",
    "upgrade": "NULL_NA",
    "gnaf_pid": "GASA_422259087",
    "ee": true,
    "tech_change_status": "Previous Tech Disconnected",
    "program_type": "Regional Area Flip",
    "target_eligibility_quarter": "NA"
   }
  },
  {
   "type": "Feature",
   "geometry": {
    "type": "Point",
    "coordinates": [
     138.60468227,
     -34.5939968
    ]
   },
   "properties": {
    "name": "57 AUNGER ROAD LEWISTON 5501",
    "locID": "LOC000102935112",
    "tech": "WIRELESS",
    "upgrade": "FTTP",
    "gnaf_pid": "GASA_422259088",
    "ee": true,
    "tech_change_status": "Eligible to Order",
    "program_type": "Regional Area Flip",
    "target_eligibility_quarter": "NA"
   }
  },
  {
   "type": "Feature",
   "geometry": {
    "type": "Point",
    "coordinates": [
     138.60553867,
     -34.60793766
    ]
   },
   "properties": {
    "name": "9 AUNGER ROAD LEWISTON 5501",
    "locID": "LOC000036833854",
    "tech": "WIRELESS",
    "upgrade": "FTTP",
    "gnaf_pid": "GASA_422259089",
    "ee": true,
    "tech_change_status": "Eligible to Order",
    "program_type": "Regional Area Flip",
    "target_eligibility_quarter": "NA"
   }
  },
  {
   "type": "Feature",
   "geometry": {
    "type": "Point",
    "coordinates": [
     138.58061217,
     -34.62166875
    ]
   },
   "properties": {
    "name": "11 BETHESDA ROAD LEWISTON 5501",
    "locID": "LOC000028247371",
    "tech": "FTTP",
    "upgrade": "NULL_NA",
    "gnaf_pid": "GASA_422259565",
    "ee": true,
    "tech_change_status": "Previous Tech Disconnected",
    "program_type": "Regional Area Flip"
   }
  },
  {
   "type": "Feature",
   "geometry": {
    "type": "Point",
    "coordinates": [
     138.58059326,
     -34.62117715
    ]
   },
   "properties": {
    "name": "13 BETHESDA ROAD LEWISTON 5501",
    "locID": "LOC000006769024",
    "tech": "FTTP",
    "upgrade": "NULL_NA",
    "gnaf_pid": "GASA_422259566",
    "ee": true,
    "tech_change_status": "Eligible to Order",
    "program_type": "Regional Area Flip"
   }
  },
  {
   "type": "Feature",
   "geometry": {
    "type": "Point",
    "coordinates": [
     138.58064894,
     -34.62265165
    ]
   },
   "properties": {
    "name": "7 BETHESDA ROAD LEWISTON 5501",
    "locID": "LOC000048560838",
    "tech": "FTTP",
    "upgrade": "NULL_NA",
    "gnaf_pid": "GASA_422259567",
    "ee": true,
    "tech_change_status": "Eligible to Order",
    "program_type": "Regional Area Flip",
    "target_eligibility_quarter": "NA"
   }
  },
  {
   "type": "Feature",
   "geometry": {
    "type": "Point",
    "coordinates": [
     138.58063108,
     -34.62216034
    ]
   },
   "properties": {
    "name": "9 BETHESDA ROAD LEWISTON 5501",
    "locID": "LOC000081383896",
    "tech": "FTTP",
    "upgrade": "NULL_NA",
    "gnaf_pid": "GASA_422259568",
    "ee": true,
    "tech_change_status": "Eligible to Order",
    "program_type": "Regional Area Flip"
   }
  },
  {
   "type": "Feature",
   "geometry": {
    "type": "Point",
    "coordinates": [
     138.57355624,
     -34.61341933
    ]
   },
   "properties": {
    "name": "100 DAWKINS ROAD LEWISTON 5501",
    "locID": "LOC000028410523",
    "tech": "WIRELESS",
    "upgrade": "NULL_NA",
    "gnaf_pid": "GASA_422261479",
    "ee": true,
    "tech_change_status": "Not Planned",
    "program_type": "Fixed Wireless and Satellite Upgrade Program",
    "target_eligibility_quarter": "NA"
   }
  },
  {
   "type": "Feature",
   "geometry": {
    "type": "Point",
    "coordinates": [
     138.57249641,
     -34.59345248
    ]
   },
   "properties": {
    "name": "15 GOSS ROAD LEWISTON 5501",
    "locID": "LOC000047874227",
    "tech": "WIRELESS",
    "upgrade": "NULL_NA",
    "gnaf_pid": "GASA_422263605",
    "ee": true,
    "tech_change_status": "Not Planned",
    "program_type": "Fixed Wireless and Satellite Upgrade Program",
    "target_eligibility_quarter": "NA"
   }
  },
  {
   "type": "Feature",
   "geometry": {
    "type": "Point",
    "coordinates": [
     138.57013955,
     -34.61471392
    ]
   },
   "properties": {
    "name": "2 PAULINE COURT LEWISTON 5501",
    "locID": "LOC000040989525",
    "tech": "WIRELESS",
    "upgrade": "NULL_NA",
    "gnaf_pid": "GASA_422268001",
    "ee": true,
    "tech_change_status": "Not Planned",
    "program_type": "Fixed Wireless and Satellite Upgrade Program",
    "target_eligibility_quarter": "NA"
   }
  },
  {
   "type": "Feature",
   "geometry": {
    "type": "Point",
    "coordinates": [
     138.56919393,
     -34.61476131
    ]
   },
   "properties": {
    "name": "4 PAULINE COURT LEWISTON 5501",
    "locID": "LOC000062538545",
    "tech": "WIRELESS",
    "upgrade": "NULL_NA",
    "gnaf_pid": "GASA_422268002",
    "ee": true,
    "tech_change_status": "Not Planned",
    "program_type": "Fixed Wireless and Satellite Upgrade Program",
    "target_eligibility_quarter": "NA"
   }
  },
  {
   "type": "Feature",
   "geometry": {
    "type": "Point",
    "coordinates": [
     138.59225149,
     -34.59907303
    ]
   },
   "properties": {
    "name": "63 PEDERICK ROAD LEWISTON 5501",
    "locID": "LOC000034350512",
    "tech": "WIRELESS",
    "upgrade": "FTTP",
    "gnaf_pid": "GASA_422268080",
    "ee": true,
    "tech_change_status": "Eligible to Order",
    "program_type": "Regional Area Flip",
    "target_eligibility_quarter": "NA"
   }
  },
  {
   "type": "Feature",
   "geometry": {
    "type": "Point",
    "coordinates": [
     138.57348756,
     -34.61576041
    ]
   },
   "properties": {
    "name": "2 VOULA COURT LEWISTON 5501",
    "locID": "LOC000060085721",
    "tech": "WIRELESS",
    "upgrade": "NULL_NA",
    "gnaf_pid": "GASA_422271891",
    "ee": true,
    "tech_change_status": "Not Planned",
    "program_type": "Fixed Wireless and Satellite Upgrade Program",
    "target_eligibility_quarter": "NA"
   }
  },
  {
   "type": "Feature",
   "geometry": {
    "type": "Point",
    "coordinates": [
     138.57434223,
     -34.6147035
    ]
   },
   "properties": {
    "name": "3 VOULA COURT LEWISTON 5501",
    "locID": "LOC000019242099",
    "tech": "WIRELESS",
    "upgrade": "NULL_NA",
    "gnaf_pid": "GASA_422271892",
    "ee": true,
    "tech_change_status": "Not Planned",
    "program_type": "Fixed Wireless and Satellite Upgrade Program",
    "target_eligibility_quarter": "NA"
   }
  },
  {
   "type": "Feature",
   "geometry": {
    "type": "Point",
    "coordinates": [
     138.57447768,
     -34.61567892
    ]
   },
   "properties": {
    "name": "4 VOULA COURT LEWISTON 5501",
    "locID": "LOC000033495956",
    "tech": "WIRELESS",
    "upgrade": "NULL_NA",
    "gnaf_pid": "GASA_422271893",
    "ee": true,
    "tech_change_status": "Not Planned",
    "program_type": "Fixed Wireless and Satellite Upgrade Program",
    "target_eligibility_quarter": "NA"
   }
  },
  {
   "type": "Feature",
   "geometry": {
    "type": "Point",
    "coordinates": [
     138.59465763,
     -34.61956206
    ]
   },
   "properties": {
    "name": "12 ALMOND COURT LEWISTON 5501",
    "locID": "LOC000097801732",
    "tech": "FTTP",
    "upgrade": "NULL_NA",
    "gnaf_pid": "GASA_422335976",
    "ee": true,
    "tech_change_status": "Eligible to Order",
    "program_type": "Regional Area Flip"
   }
  },
  {
   "type": "Feature",
   "geometry": {
    "type": "Point",
    "coordinates": [
     138.58210688,
     -34.61882523
    ]
   },
   "properties": {
    "name": "26 BETHESDA ROAD LEWISTON 5501",
    "locID": "LOC000013416493",
    "tech": "FTTP",
    "upgrade": "NULL_NA",
    "gnaf_pid": "GASA_422336870",
    "ee": true,
    "tech_change_status": "Eligible to Order",
    "program_type": "Regional Area Flip"
   }
  },
  {
   "type": "Feature",
   "geometry": {
    "type": "Point",
    "coordinates": [
     138.59040278,
     -34.61903704
    ]
   },
   "properties": {
    "name": "22 GREENS ROAD LEWISTON 5501",
    "locID": "LOC000109585031",
    "tech": "WIRELESS",
    "upgrade": "FTTP",
    "gnaf_pid": "GASA_422372030",
    "ee": true,
    "tech_change_status": "Eligible to Order",
    "program_type": "Regional Area Flip",
    "target_eligibility_quarter": "NA"
   }
  },
  {
   "type": "Feature",
   "geometry": {
    "type": "Point",
    "coordinates": [
     138.59795261,
     -34.61948166
    ]
   },
   "properties": {
    "name": "7 ALMOND COURT LEWISTON 5501",
    "locID": "LOC000074016254",
    "tech": "WIRELESS",
    "upgrade": "FTTP",
    "gnaf_pid": "GASA_423116612",
    "ee": true,
    "tech_change_status": "Eligible to Order",
    "program_type": "Regional Area Flip",
    "target_eligibility_quarter": "NA"
   }
  },
  {
   "type": "Feature",
   "geometry": {
    "type": "Point",
    "coordinates": [
     138.60530238,
     -34.6053823
    ]
   },
   "properties": {
    "name": "19 AUNGER ROAD LEWISTON 5501",
    "locID": "LOC000018310421",
    "tech": "FTTP",
    "upgrade": "NULL_NA",
    "gnaf_pid": "GASA_423116651",
    "ee": true,
    "tech_change_status": "Eligible to Order",
    "program_type": "Regional Area Flip",
    "target_eligibility_quarter": "NA"
   }
  },
  {
   "type": "Feature",
   "geometry": {
    "type": "Point",
    "coordinates": [
     138.60519088,
     -34.6039525
    ]
   },
   "properties": {
    "name": "25 AUNGER ROAD LEWISTON 5501",
    "locID": "LOC000046665688",
    "tech": "FTTP",
    "upgrade": "NULL_NA",
    "gnaf_pid": "GASA_423116652",
    "ee": true,
    "tech_change_status": "Eligible to Order",
    "program_type": "Regional Area Flip"
   }
  },
  {
   "type": "Feature",
   "geometry": {
    "type": "Point",
    "coordinates": [
     138.59015826,
     -34.6062505
    ]
   },
   "properties": {
    "name": "11 GILKS ROAD LEWISTON 5501",
    "locID": "LOC000041356018",
    "tech": "FTTP",
    "upgrade": "NULL_NA",
    "gnaf_pid": "GASA_423117388",
    "ee": true,
    "tech_change_status": "Eligible to Order",
    "program_type": "Regional Area Flip"
   }
  },
  {
   "type": "Feature",
   "geometry": {
    "type": "Point",
    "coordinates": [
     138.58349629,
     -34.60902796
    ]
   },
   "properties": {
    "name": "6 GILKS ROAD LEWISTON 5501",
    "locID": "LOC000074153154",
    "tech": "FTTP",
    "upgrade": "NULL_NA",
    "gnaf_pid": "GASA_423117389",
    "ee": true,
    "tech_change_status": "Previous Tech Disconnected",
    "program_type": "Regional Area Flip",
    "target_eligibility_quarter": "NA"
   }
  },
  {
   "type": "Feature",
   "geometry": {
    "type": "Point",
    "coordinates": [
     138.59653588,
     -34.6005771
    ]
   },
   "properties": {
    "name": "225 HAYMAN ROAD LEWISTON 5501",
    "locID": "LOC000100857047",
    "tech": "FTTP",
    "upgrade": "NULL_NA",
    "gnaf_pid": "GASA_423117581",
    "ee": true,
    "tech_change_status": "Previous Tech Disconnected",
    "program_type": "Regional Area Flip",
    "target_eligibility_quarter": "NA"
   }
  },
  {
   "type": "Feature",
   "geometry": {
    "type": "Point",
    "coordinates": [
     138.55657775,
     -34.61378775
    ]
   },
   "properties": {
    "name": "52 DAWKINS ROAD LEWISTON 5501",
    "locID": "LOC000116341594",
    "tech": "WIRELESS",
    "upgrade": "NULL_NA",
    "gnaf_pid": "GASA_423188612",
    "ee": true,
    "tech_change_status": "Not Planned",
    "program_type": "Fixed Wireless and Satellite Upgrade Program",
    "target_eligibility_quarter": "NA"
   }
  },
  {
   "type": "Feature",
   "geometry": {
    "type": "Point",
    "coordinates": [
     138.5577815,
     -34.61377499
    ]
   },
   "properties": {
    "name": "56 DAWKINS ROAD LEWISTON 5501",
    "locID": "LOC000026769530",
    "tech": "WIRELESS",
    "upgrade": "NULL_NA",
    "gnaf_pid": "GASA_423188613",
    "ee": true,
    "tech_change_status": "Eligible to Order",
    "program_type": "Fixed Wireless and Satellite Upgrade Program",
    "target_eligibility_quarter": "NA"
   }
  },
  {
   "type": "Feature",
   "geometry": {
    "type": "Point",
    "coordinates": [
     138.5607742,
     -34.61202736
    ]
   },
   "properties": {
    "name": "75 DAWKINS ROAD LEWISTON 5501",
    "locID": "LOC000074100951",
    "tech": "WIRELESS",
    "upgrade": "NULL_NA",
    "gnaf_pid": "GASA_423188614",
    "ee": true,
    "tech_change_status": "Not Planned",
    "program_type": "Fixed Wireless and Satellite Upgrade Program",
    "target_eligibility_quarter": "NA"
   }
  },
  {
   "type": "Feature",
   "geometry": {
    "type": "Point",
    "coordinates": [
     138.56562363,
     -34.61191557
    ]
   },
   "properties": {
    "name": "91 DAWKINS ROAD LEWISTON 5501",
    "locID": "LOC000093700842",
    "tech": "WIRELESS",
    "upgrade": "NULL_NA",
    "gnaf_pid": "GASA_423188615",
    "ee": true,
    "tech_change_status": "Not Planned",
    "program_type": "Fixed Wireless and Satellite Upgrade Program",
    "target_eligibility_quarter": "NA"
   }
  },
  {
   "type": "Feature",
   "geometry": {
    "type": "Point",
    "coordinates": [
     138.58465306,
     -34.6186713
    ]
   },
   "properties": {
    "name": "6 GREENS ROAD LEWISTON 5501",
    "locID": "LOC000061643405",
    "tech": "FTTP",
    "upgrade": "NULL_NA",
    "gnaf_pid": "GASA_423191522",
    "ee": true,
    "tech_change_status": "Previous Tech Disconnected",
    "program_type": "Regional Area Flip"
   }
  },
  {
   "type": "Feature",
   "geometry": {
    "type": "Point",
    "coordinates": [
     138.58270917,
     -34.62097519
    ]
   },
   "properties": {
    "name": "14 BETHESDA ROAD LEWISTON 5501",
    "locID": "LOC000006235696",
    "tech": "WIRELESS",
    "upgrade": "FTTP",
    "gnaf_pid": "GASA_423242620",
    "ee": true,
    "tech_change_status": "Eligible to Order",
    "program_type": "Regional Area Flip",
    "target_eligibility_quarter": "NA"
   }
  },
  {
   "type": "Feature",
   "geometry": {
    "type": "Point",
    "coordinates": [
     138.58710157,
     -34.59228864
    ]
   },
   "properties": {
    "name": "100 GAWLER ROAD LEWISTON 5501",
    "locID": "LOC000082624640",
    "tech": "FTTP",
    "upgrade": "NULL_NA",
    "gnaf_pid": "GASA_423244781",
    "ee": true,
    "tech_change_status": "Previous Tech Disconnected",
    "program_type": "Regional Area Flip",
    "target_eligibility_quarter": "NA"
   }
  },
  {
   "type": "Feature",
   "geometry": {
    "type": "Point",
    "coordinates": [
     138.61628559,
     -34.59322026
    ]
   },
   "properties": {
    "name": "9 JAMES ROAD LEWISTON 5501",
    "locID": "LOC000012615661",
    "tech": "FTTP",
    "upgrade": "NULL_NA",
    "gnaf_pid": "GASA_423267971",
    "ee": true,
    "tech_change_status": "Previous Tech Disconnected",
    "program_type": "Regional Area Flip",
    "target_eligibility_quarter": "NA"
   }
  },
  {
   "type": "Feature",
   "geometry": {
    "type": "Point",
    "coordinates": [
     138.60555666,
     -34.60848446
    ]
   },
   "properties": {
    "name": "7 AUNGER ROAD LEWISTON 5501",
    "locID": "LOC000095149495",
    "tech": "FTTP",
    "upgrade": "NULL_NA",
    "gnaf_pid": "GASA_423413702",
    "ee": true,
    "tech_change_status": "Previous Tech Disconnected",
    "program_type": "Regional Area Flip",
    "target_eligibility_quarter": "NA"
   }
  },
  {
   "type": "Feature",
   "geometry": {
    "type": "Point",
    "coordinates": [
     138.60747328,
     -34.61255584
    ]
   },
   "properties": {
    "name": "208 DAWKINS ROAD LEWISTON 5501",
    "locID": "LOC000003503224",
    "tech": "FTTP",
    "upgrade": "NULL_NA",
    "gnaf_pid": "GASA_423414948",
    "ee": true,
    "tech_change_status": "Eligible to Order",
    "program_type": "Regional Area Flip"
   }
  },
  {
   "type": "Feature",
   "geometry": {
    "type": "Point",
    "coordinates": [
     138.56519005,
     -34.60845607
    ]
   },
   "properties": {
    "name": "11 HANCOCK DRIVE LEWISTON 5501",
    "locID": "LOC100078109514",
    "tech": "WIRELESS",
    "upgrade": "NULL_NA",
    "gnaf_pid": "GASA_423415939",
    "ee": true,
    "tech_change_status": "Not Planned",
    "program_type": "Fixed Wireless and Satellite Upgrade Program",
    "target_eligibility_quarter": "NA"
   }
  },
  {
   "type": "Feature",
   "geometry": {
    "type": "Point",
    "coordinates": [
     138.57469789,
     -34.60072082
    ]
   },
   "properties": {
    "name": "163 HAYMAN ROAD LEWISTON 5501",
    "locID": "LOC000104571211",
    "tech": "FTTP",
    "upgrade": "NULL_NA",
    "gnaf_pid": "GASA_423416052",
    "ee": true,
    "tech_change_status": "Eligible to Order",
    "program_type": "Regional Area Flip"
   }
  },
  {
   "type": "Feature",
   "geometry": {
    "type": "Point",
    "coordinates": [
     138.59663685,
     -34.61951654
    ]
   },
   "properties": {
    "name": "9 ALMOND COURT LEWISTON 5501",
    "locID": "LOC000064977923",
    "tech": "WIRELESS",
    "upgrade": "FTTP",
    "gnaf_pid": "GASA_423421045",
    "ee": true,
    "tech_change_status": "Eligible to Order",
    "program_type": "Regional Area Flip",
    "target_eligibility_quarter": "NA"
   }
  },
  {
   "type": "Feature",
   "geometry": {
    "type": "Point",
    "coordinates": [
     138.5841875,
     -34.62096536
    ]
   },
   "properties": {
    "name": "16 BETHESDA ROAD LEWISTON 5501",
    "locID": "LOC000081532995",
    "tech": "FTTP",
    "upgrade": "NULL_NA",
    "gnaf_pid": "GASA_423421290",
    "ee": true,
    "tech_change_status": "Eligible to Order",
    "program_type": "Regional Area Flip"
   }
  },
  {
   "type": "Feature",
   "geometry": {
    "type": "Point",
    "coordinates": [
     138.57266066,
     -34.62143845
    ]
   },
   "properties": {
    "name": "4 CONSTANCE COURT LEWISTON 5501",
    "locID": "LOC000131296694",
    "tech": "WIRELESS",
    "upgrade": "NULL_NA",
    "gnaf_pid": "GASA_423421711",
    "ee": true,
    "tech_change_status": "Not Planned",
    "program_type": "Fixed Wireless and Satellite Upgrade Program",
    "target_eligibility_quarter": "NA"
   }
  },
  {
   "type": "Feature",
   "geometry": {
    "type": "Point",
    "coordinates": [
     138.57457104,
     -34.62039641
    ]
   },
   "properties": {
    "name": "5 CONSTANCE COURT LEWISTON 5501",
    "locID": "LOC000131296710",
    "tech": "WIRELESS",
    "upgrade": "NULL_NA",
    "gnaf_pid": "GASA_423421712",
    "ee": true,
    "tech_change_status": "Not Planned",
    "program_type": "Fixed Wireless and Satellite Upgrade Program",
    "target_eligibility_quarter": "NA"
   }
  },
  {
   "type": "Feature",
   "geometry": {
    "type": "Point",
    "coordinates": [
     138.60096544,
     -34.61321471
    ]
   },
   "properties": {
    "name": "186 DAWKINS ROAD LEWISTON 5501",
    "locID": "LOC000085495893",
    "tech": "WIRELESS",
    "upgrade": "FTTP",
    "gnaf_pid": "GASA_423421811",
    "ee": true,
    "tech_change_status": "Eligible to Order",
    "program_type": "Regional Area Flip",
    "target_eligibility_quarter": "NA"
   }
  },
  {
   "type": "Feature",
   "geometry": {
    "type": "Point",
    "coordinates": [
     138.56949218,
     -34.59348674
    ]
   },
   "properties": {
    "name": "100 FROST ROAD LEWISTON 5501",
    "locID": "LOC100056451043",
    "tech": "WIRELESS",
    "upgrade": "NULL_NA",
    "gnaf_pid": "GASA_423422234",
    "ee": true,
    "tech_change_status": "Not Planned",
    "program_type": "Fixed Wireless and Satellite Upgrade Program",
    "target_eligibility_quarter": "NA"
   }
  },
  {
   "type": "Feature",
   "geometry": {
    "type": "Point",
    "coordinates": [
     138.55727152,
     -34.62697344
    ]
   },
   "properties": {
    "name": "12 GAWLER RIVER ROAD LEWISTON 5501",
    "locID": "LOC000015090493",
    "tech": "WIRELESS",
    "upgrade": "NULL_NA",
    "gnaf_pid": "GASA_423422257",
    "ee": true,
    "tech_change_status": "Not Planned",
    "program_type": "Fixed Wireless and Satellite Upgrade Program",
    "target_eligibility_quarter": "NA"
   }
  },
  {
   "type": "Feature",
   "geometry": {
    "type": "Point",
    "coordinates": [
     138.5616774,
     -34.6268727
    ]
   },
   "properties": {
    "name": "16 GAWLER RIVER ROAD LEWISTON 5501",
    "locID": "LOC000047897605",
    "tech": "WIRELESS",
    "upgrade": "NULL_NA",
    "gnaf_pid": "GASA_423422258",
    "ee": true,
    "tech_change_status": "Not Planned",
    "program_type": "Fixed Wireless and Satellite Upgrade Program",
    "target_eligibility_quarter": "NA"
   }
  },
  {
   "type": "Feature",
   "geometry": {
    "type": "Point",
    "coordinates": [
     138.54986392,
     -34.62603992
    ]
   },
   "properties": {
    "name": "2 GAWLER RIVER ROAD LEWISTON 5501",
    "locID": "LOC000164233026",
    "tech": "WIRELESS",
    "upgrade": "NULL_NA",
    "gnaf_pid": "GASA_423422259",
    "ee": true,
    "tech_change_status": "Not Planned"
   }
  },
  {
   "type": "Feature",
   "geometry": {
    "type": "Point",
    "coordinates": [
     138.60100903,
     -34.62254109
    ]
   },
   "properties": {
    "name": "2 JUDD ROAD LEWISTON 5501",
    "locID": "LOC100056705784",
    "tech": "WIRELESS",
    "upgrade": "FTTP",
    "gnaf_pid": "GASA_423423188",
    "ee": true,
    "tech_change_status": "Eligible to Order",
    "program_type": "Regional Area Flip",
    "target_eligibility_quarter": "NA"
   }
  },
  {
   "type": "Feature",
   "geometry": {
    "type": "Point",
    "coordinates": [
     138.60098745,
     -34.62194315
    ]
   },
   "properties": {
    "name": "4 JUDD ROAD LEWISTON 5501",
    "locID": "LOC000178831848",
    "tech": "WIRELESS",
    "upgrade": "FTTP",
    "gnaf_pid": "GASA_423423189",
    "ee": true,
    "tech_change_status": "Eligible to Order",
    "program_type": "Regional Area Flip",
    "target_eligibility_quarter": "NA"
   }
  },
  {
   "type": "Feature",
   "geometry": {
    "type": "Point",
    "coordinates": [
     138.60415463,
     -34.6190381
    ]
   },
   "properties": {
    "name": "16 PEPPERMINT ROAD LEWISTON 5501",
    "locID": "LOC000092045695",
    "tech": "FTTP",
    "upgrade": "NULL_NA",
    "gnaf_pid": "GASA_423423910",
    "ee": true,
    "tech_change_status": "Eligible to Order",
    "program_type": "Regional Area Flip"
   }
  },
  {
   "type": "Feature",
   "geometry": {
    "type": "Point",
    "coordinates": [
     138.58274106,
     -34.62037178
    ]
   },
   "properties": {
    "name": "20 BETHESDA ROAD LEWISTON 5501",
    "locID": "LOC000131273768",
    "tech": "WIRELESS",
    "upgrade": "FTTP",
    "gnaf_pid": "GASA_423426208",
    "ee": true,
    "tech_change_status": "Eligible to Order",
    "program_type": "Regional Area Flip",
    "target_eligibility_quarter": "NA"
   }
  },
  {
   "type": "Feature",
   "geometry": {
    "type": "Point",
    "coordinates": [
     138.57893289,
     -34.59612016
    ]
   },
   "properties": {
    "name": "73 BETHESDA ROAD LEWISTON 5501",
    "locID": "LOC000062384587",
    "tech": "FTTP",
    "upgrade": "NULL_NA",
    "gnaf_pid": "GASA_423426209",
    "ee": true,
    "tech_change_status": "Eligible to Order",
    "program_type": "Regional Area Flip"
   }
  },
  {
   "type": "Feature",
   "geometry": {
    "type": "Point",
    "coordinates": [
     138.55944286,
     -34.62584382
    ]
   },
   "properties": {
    "name": "14 GAWLER RIVER ROAD LEWISTON 5501",
    "locID": "LOC000083585040",
    "tech": "WIRELESS",
    "upgrade": "FTTP",
    "gnaf_pid": "GASA_423428487",
    "ee": true,
    "tech_change_status": "Eligible to Order",
    "program_type": "Regional Area Flip",
    "target_eligibility_quarter": "NA"
   }
  },
  {
   "type": "Feature",
   "geometry": {
    "type": "Point",
    "coordinates": [
     138.55210961,
     -34.62666986
    ]
   },
   "properties": {
    "name": "4 GAWLER RIVER ROAD LEWISTON 5501",
    "locID": "LOC000082447511",
    "tech": "WIRELESS",
    "upgrade": "NULL_NA",
    "gnaf_pid": "GASA_423428498",
    "ee": true,
    "tech_change_status": "Not Planned",
    "program_type": "Fixed Wireless and Satellite Upgrade Program",
    "target_eligibility_quarter": "NA"
   }
  },
  {
   "type": "Feature",
   "geometry": {
    "type": "Point",
    "coordinates": [
     138.5937188,
     -34.60756857
    ]
   },
   "properties": {
    "name": "20 PEDERICK ROAD LEWISTON 5501",
    "locID": "LOC000116331027",
    "tech": "FTTP",
    "upgrade": "NULL_NA",
    "gnaf_pid": "GASA_423431926",
    "ee": true,
    "tech_change_status": "Eligible to Order",
    "program_type": "Regional Area Flip"
   }
  },
  {
   "type": "Feature",
   "geometry": {
    "type": "Point",
    "coordinates": [
     138.58421768,
     -34.62019479
    ]
   },
   "properties": {
    "name": "18 BETHESDA ROAD LEWISTON 5501",
    "locID": "LOC100055833657",
    "tech": "WIRELESS",
    "upgrade": "FTTP",
    "gnaf_pid": "GASA_423591161",
    "ee": true,
    "tech_change_status": "Eligible to Order",
    "program_type": "Regional Area Flip",
    "target_eligibility_quarter": "NA"
   }
  },
  {
   "type": "Feature",
   "geometry": {
    "type": "Point",
    "coordinates": [
     138.5745257,
     -34.61959673
    ]
   },
   "properties": {
    "name": "6 SOPHIA COURT LEWISTON 5501",
    "locID": "LOC000029238729",
    "tech": "WIRELESS",
    "upgrade": "NULL_NA",
    "gnaf_pid": "GASA_423594641",
    "ee": true,
    "tech_change_status": "Not Planned",
    "program_type": "Fixed Wireless and Satellite Upgrade Program",
    "target_eligibility_quarter": "NA"
   }
  },
  {
   "type": "Feature",
   "geometry": {
    "type": "Point",
    "coordinates": [
     138.57064713,
     -34.62149064
    ]
   },
   "properties": {
    "name": "17 ST GEORGE BOULEVARD LEWISTON 5501",
    "locID": "LOC000009304297",
    "tech": "WIRELESS",
    "upgrade": "NULL_NA",
    "gnaf_pid": "GASA_423615643",
    "ee": true,
    "tech_change_status": "Not Planned",
    "program_type": "Fixed Wireless and Satellite Upgrade Program",
    "target_eligibility_quarter": "NA"
   }
  },
  {
   "type": "Feature",
   "geometry": {
    "type": "Point",
    "coordinates": [
     138.5745052,
     -34.6188076
    ]
   },
   "properties": {
    "name": "5 SOPHIA COURT LEWISTON 5501",
    "locID": "LOC100078110093",
    "tech": "WIRELESS",
    "upgrade": "NULL_NA",
    "gnaf_pid": "GASA_423695738",
    "ee": true,
    "tech_change_status": "Not Planned",
    "program_type": "Fixed Wireless and Satellite Upgrade Program",
    "target_eligibility_quarter": "NA"
   }
  },
  {
   "type": "Feature",
   "geometry": {
    "type": "Point",
    "coordinates": [
     138.56984168,
     -34.61852445
    ]
   },
   "properties": {
    "name": "14 ST GEORGE BOULEVARD LEWISTON 5501",
    "locID": "LOC000053012405",
    "tech": "WIRELESS",
    "upgrade": "NULL_NA",
    "gnaf_pid": "GASA_423695781",
    "ee": true,
    "tech_change_status": "Not Planned",
    "program_type": "Fixed Wireless and Satellite Upgrade Program",
    "target_eligibility_quarter": "NA"
   }
  },
  {
   "type": "Feature",
   "geometry": {
    "type": "Point",
    "coordinates": [
     138.56958117,
     -34.6215182
    ]
   },
   "properties": {
    "name": "19 ST GEORGE BOULEVARD LEWISTON 5501",
    "locID": "LOC000064064717",
    "tech": "WIRELESS",
    "upgrade": "NULL_NA",
    "gnaf_pid": "GASA_423695782",
    "ee": true,
    "tech_change_status": "Not Planned",
    "program_type": "Fixed Wireless and Satellite Upgrade Program",
    "target_eligibility_quarter": "NA"
   }
  },
  {
   "type": "Feature",
   "geometry": {
    "type": "Point",
    "coordinates": [
     138.57300932,
     -34.61343161
    ]
   },
   "properties": {
    "name": "98A DAWKINS ROAD LEWISTON 5501",
    "locID": "LOC100056450995",
    "tech": "WIRELESS",
    "upgrade": "NULL_NA",
    "gnaf_pid": "GASA_423739174",
    "ee": true,
    "tech_change_status": "Not Planned",
    "program_type": "Fixed Wireless and Satellite Upgrade Program",
    "target_eligibility_quarter": "NA"
   }
  },
  {
   "type": "Feature",
   "geometry": {
    "type": "Point",
    "coordinates": [
     138.58952827,
     -34.60309782
    ]
   },
   "properties": {
    "name": "196 HAYMAN ROAD LEWISTON 5501",
    "locID": "LOC000059171368",
    "tech": "WIRELESS",
    "upgrade": "FTTP",
    "gnaf_pid": "GASA_423739850",
    "ee": true,
    "tech_change_status": "Eligible to Order",
    "program_type": "Regional Area Flip",
    "target_eligibility_quarter": "NA"
   }
  },
  {
   "type": "Feature",
   "geometry": {
    "type": "Point",
    "coordinates": [
     138.5731864,
     -34.61964531
    ]
   },
   "properties": {
    "name": "4 SOPHIA COURT LEWISTON 5501",
    "locID": "LOC100078110208",
    "tech": "WIRELESS",
    "upgrade": "NULL_NA",
    "gnaf_pid": "GASA_423741563",
    "ee": true,
    "tech_change_status": "Not Planned",
    "program_type": "Fixed Wireless and Satellite Upgrade Program",
    "target_eligibility_quarter": "NA"
   }
  },
  {
   "type": "Feature",
   "geometry": {
    "type": "Point",
    "coordinates": [
     138.56990518,
     -34.61955107
    ]
   },
   "properties": {
    "name": "18 ST GEORGE BOULEVARD LEWISTON 5501",
    "locID": "LOC000049094653",
    "tech": "WIRELESS",
    "upgrade": "NULL_NA",
    "gnaf_pid": "GASA_423741624",
    "ee": true,
    "tech_change_status": "Not Planned",
    "program_type": "Fixed Wireless and Satellite Upgrade Program",
    "target_eligibility_quarter": "NA"
   }
  },
  {
   "type": "Feature",
   "geometry": {
    "type": "Point",
    "coordinates": [
     138.57898043,
     -34.59740749
    ]
   },
   "properties": {
    "name": "71 BETHESDA ROAD LEWISTON 5501",
    "locID": "LOC000131315119",
    "tech": "FTTP",
    "upgrade": "NULL_NA",
    "gnaf_pid": "GASA_423773727",
    "ee": true,
    "tech_change_status": "Eligible to Order",
    "program_type": "Regional Area Flip"
   }
  },
  {
   "type": "Feature",
   "geometry": {
    "type": "Point",
    "coordinates": [
     138.56992592,
     -34.6200624
    ]
   },
   "properties": {
    "name": "20 ST GEORGE BOULEVARD LEWISTON 5501",
    "locID": "LOC000067942197",
    "tech": "WIRELESS",
    "upgrade": "NULL_NA",
    "gnaf_pid": "GASA_423778932",
    "ee": true,
    "tech_change_status": "Not Planned",
    "program_type": "Fixed Wireless and Satellite Upgrade Program",
    "target_eligibility_quarter": "NA"
   }
  },
  {
   "type": "Feature",
   "geometry": {
    "type": "Point",
    "coordinates": [
     138.56994664,
     -34.62057411
    ]
   },
   "properties": {
    "name": "22 ST GEORGE BOULEVARD LEWISTON 5501",
    "locID": "LOC000028237893",
    "tech": "WIRELESS",
    "upgrade": "NULL_NA",
    "gnaf_pid": "GASA_423778933",
    "ee": true,
    "tech_change_status": "Not Planned",
    "program_type": "Fixed Wireless and Satellite Upgrade Program",
    "target_eligibility_quarter": "NA"
   }
  },
  {
   "type": "Feature",
   "geometry": {
    "type": "Point",
    "coordinates": [
     138.57321643,
     -34.62040862
    ]
   },
   "properties": {
    "name": "3 CONSTANCE COURT LEWISTON 5501",
    "locID": "LOC000131296723",
    "tech": "WIRELESS",
    "upgrade": "NULL_NA",
    "gnaf_pid": "GASA_423780217",
    "ee": true,
    "tech_change_status": "Not Planned",
    "program_type": "Fixed Wireless and Satellite Upgrade Program",
    "target_eligibility_quarter": "NA"
   }
  },
  {
   "type": "Feature",
   "geometry": {
    "type": "Point",
    "coordinates": [
     138.58272538,
     -34.62142598
    ]
   },
   "properties": {
    "name": "12 BETHESDA ROAD LEWISTON 5501",
    "locID": "LOC000005398705",
    "tech": "FTTP",
    "upgrade": "NULL_NA",
    "gnaf_pid": "GASA_423782429",
    "ee": true,
    "tech_change_status": "Eligible to Order",
    "program_type": "Regional Area Flip"
   }
  },
  {
   "type": "Feature",
   "geometry": {
    "type": "Point",
    "coordinates": [
     138.59109311,
     -34.6030581
    ]
   },
   "properties": {
    "name": "200 HAYMAN ROAD LEWISTON 5501",
    "locID": "LOC000057353962",
    "tech": "FTTP",
    "upgrade": "NULL_NA",
    "gnaf_pid": "GASA_423783652",
    "ee": true,
    "tech_change_status": "Previous Tech Disconnected",
    "program_type": "Regional Area Flip"
   }
  },
  {
   "type": "Feature",
   "geometry": {
    "type": "Point",
    "coordinates": [
     138.55564301,
     -34.6270172
    ]
   },
   "properties": {
    "name": "10 GAWLER RIVER ROAD LEWISTON 5501",
    "locID": "LOC000027609146",
    "tech": "WIRELESS",
    "upgrade": "NULL_NA",
    "gnaf_pid": "GASA_424005669",
    "ee": true,
    "tech_change_status": "Not Planned",
    "program_type": "Fixed Wireless and Satellite Upgrade Program",
    "target_eligibility_quarter": "NA"
   }
  },
  {
   "type": "Feature",
   "geometry": {
    "type": "Point",
    "coordinates": [
     138.57165264,
     -34.62146473
    ]
   },
   "properties": {
    "name": "2 CONSTANCE COURT LEWISTON 5501",
    "locID": "LOC100078110296",
    "tech": "WIRELESS",
    "upgrade": "NULL_NA",
    "gnaf_pid": "GASA_424055524",
    "ee": true,
    "tech_change_status": "Not Planned",
    "program_type": "Fixed Wireless and Satellite Upgrade Program",
    "target_eligibility_quarter": "NA"
   }
  },
  {
   "type": "Feature",
   "geometry": {
    "type": "Point",
    "coordinates": [
     138.56988435,
     -34.6190401
    ]
   },
   "properties": {
    "name": "16 ST GEORGE BOULEVARD LEWISTON 5501",
    "locID": "LOC000010342248",
    "tech": "WIRELESS",
    "upgrade": "NULL_NA",
    "gnaf_pid": "GASA_424128159",
    "ee": true,
    "tech_change_status": "Not Planned",
    "program_type": "Fixed Wireless and Satellite Upgrade Program",
    "target_eligibility_quarter": "NA"
   }
  },
  {
   "type": "Feature",
   "geometry": {
    "type": "Point",
    "coordinates": [
     138.57311068,
     -34.61880195
    ]
   },
   "properties": {
    "name": "3 SOPHIA COURT LEWISTON 5501",
    "locID": "LOC000097244786",
    "tech": "WIRELESS",
    "upgrade": "NULL_NA",
    "gnaf_pid": "GASA_424131813",
    "ee": true,
    "tech_change_status": "Not Planned",
    "program_type": "Fixed Wireless and Satellite Upgrade Program",
    "target_eligibility_quarter": "NA"
   }
  },
  {
   "type": "Feature",
   "geometry": {
    "type": "Point",
    "coordinates": [
     138.58257109,
     -34.61946568
    ]
   },
   "properties": {
    "name": "24 BETHESDA ROAD LEWISTON 5501",
    "locID": "LOC000023293960",
    "tech": "FTTP",
    "upgrade": "NULL_NA",
    "gnaf_pid": "GASA_424133451",
    "ee": true,
    "tech_change_status": "Eligible to Order",
    "program_type": "Regional Area Flip"
   }
  },
  {
   "type": "Feature",
   "geometry": {
    "type": "Point",
    "coordinates": [
     138.62868313,
     -34.59195794
    ]
   },
   "properties": {
    "name": "LOT 29 GAWLER ROAD LEWISTON 5501",
    "locID": "LOC000160921843",
    "tech": "FTTP",
    "upgrade": "NULL_NA",
    "gnaf_pid": "GASA_424173322",
    "ee": true,
    "tech_change_status": "Eligible to Order",
    "program_type": "Regional Area Flip"
   }
  },
  {
   "type": "Feature",
   "geometry": {
    "type": "Point",
    "coordinates": [
     138.57648016,
     -34.59297327
    ]
   },
   "properties": {
    "name": "LOT 507 GAWLER ROAD LEWISTON 5501",
    "locID": "LOC100029948746",
    "tech": "WIRELESS",
    "upgrade": "NULL_NA",
    "gnaf_pid": "GASA_424173324",
    "ee": true,
    "tech_change_status": "Not Planned",
    "program_type": "Fixed Wireless and Satellite Upgrade Program",
    "target_eligibility_quarter": "NA"
   }
  },
  {
   "type": "Feature",
   "geometry": {
    "type": "Point",
    "coordinates": [
     138.57958835,
     -34.59289033
    ]
   },
   "properties": {
    "name": "LOT 510 GAWLER ROAD LEWISTON 5501",
    "locID": "LOC100080316240",
    "tech": "FTTP",
    "upgrade": "NULL_NA",
    "gnaf_pid": "GASA_424173325",
    "ee": true,
    "tech_change_status": "Eligible to Order",
    "program_type": "Regional Area Flip"
   }
  },
  {
   "type": "Feature",
   "geometry": {
    "type": "Point",
    "coordinates": [
     138.56983749,
     -34.59251361
    ]
   },
   "properties": {
    "name": "LOT 72 GAWLER ROAD LEWISTON 5501",
    "locID": "LOC100078108850",
    "tech": "WIRELESS",
    "upgrade": "NULL_NA",
    "gnaf_pid": "GASA_424173326",
    "ee": true,
    "tech_change_status": "Not Planned",
    "program_type": "Fixed Wireless and Satellite Upgrade Program",
    "target_eligibility_quarter": "NA"
   }
  },
  {
   "type": "Feature",
   "geometry": {
    "type": "Point",
    "coordinates": [
     138.56902186,
     -34.60164157
    ]
   },
   "properties": {
    "name": "LOT 18 HAYMAN ROAD LEWISTON 5501",
    "locID": "LOC000108923159",
    "tech": "FTTP",
    "upgrade": "NULL_NA",
    "gnaf_pid": "GASA_424177739",
    "ee": true,
    "tech_change_status": "Eligible to Order",
    "program_type": "Regional Area Flip",
    "target_eligibility_quarter": "NA"
   }
  },
  {
   "type": "Feature",
   "geometry": {
    "type": "Point",
    "coordinates": [
     138.58961492,
     -34.58397865
    ]
   },
   "properties": {
    "name": "LOT 102 GAWLER ROAD LEWISTON 5501",
    "locID": "LOC000107568442",
    "tech": "WIRELESS",
    "upgrade": "NULL_NA",
    "gnaf_pid": "GASA_424224798",
    "ee": true,
    "tech_change_status": "Not Planned",
    "program_type": "Fixed Wireless and Satellite Upgrade Program",
    "target_eligibility_quarter": "NA"
   }
  },
  {
   "type": "Feature",
   "geometry": {
    "type": "Point",
    "coordinates": [
     138.59611003,
     -34.6029439
    ]
   },
   "properties": {
    "name": "LOT 5 PEDERICK ROAD LEWISTON 5501",
    "locID": "LOC100087574968",
    "tech": "WIRELESS",
    "upgrade": "NULL_NA",
    "gnaf_pid": "GASA_424324573",
    "ee": true,
    "tech_change_status": "Not Planned",
    "program_type": "Fixed Wireless and Satellite Upgrade Program",
    "target_eligibility_quarter": "NA"
   }
  },
  {
   "type": "Feature",
   "geometry": {
    "type": "Point",
    "coordinates": [
     138.57671164,
     -34.60957518
    ]
   },
   "properties": {
    "name": "5 KARAPAS COURT LEWISTON 5501",
    "locID": "LOC100056670305",
    "tech": "FTTP",
    "upgrade": "NULL_NA",
    "gnaf_pid": "GASA_424346602",
    "ee": true,
    "tech_change_status": "Previous Tech Disconnected",
    "program_type": "Regional Area Flip"
   }
  },
  {
   "type": "Feature",
   "geometry": {
    "type": "Point",
    "coordinates": [
     138.58974394,
     -34.62170169
    ]
   },
   "properties": {
    "name": "113 GAWLER RIVER ROAD LEWISTON 5501",
    "locID": "LOC000081327308",
    "tech": "FTTP",
    "upgrade": "NULL_NA",
    "gnaf_pid": "GASA_424387693",
    "ee": true,
    "tech_change_status": "Eligible to Order",
    "program_type": "Regional Area Flip"
   }
  },
  {
   "type": "Feature",
   "geometry": {
    "type": "Point",
    "coordinates": [
     138.55573022,
     -34.60316793
    ]
   },
   "properties": {
    "name": "215 GERMANTOWN ROAD LEWISTON 5501",
    "locID": "LOC000184474032",
    "tech": "WIRELESS",
    "upgrade": "NULL_NA",
    "gnaf_pid": "GASA_424431373",
    "ee": true,
    "tech_change_status": "Not Planned",
    "program_type": "Fixed Wireless and Satellite Upgrade Program",
    "target_eligibility_quarter": "NA"
   }
  },
  {
   "type": "Feature",
   "geometry": {
    "type": "Point",
    "coordinates": [
     138.57841679,
     -34.60953133
    ]
   },
   "properties": {
    "name": "3 KARAPAS COURT LEWISTON 5501",
    "locID": "LOC000131287845",
    "tech": "WIRELESS",
    "upgrade": "FTTP",
    "gnaf_pid": "GASA_424431742",
    "ee": true,
    "tech_change_status": "Eligible to Order",
    "program_type": "Regional Area Flip",
    "target_eligibility_quarter": "NA"
   }
  },
  {
   "type": "Feature",
   "geometry": {
    "type": "Point",
    "coordinates": [
     138.60332162,
     -34.5989228
    ]
   },
   "properties": {
    "name": "12 KURT WAY LEWISTON 5501",
    "locID": "LOC000011721938",
    "tech": "FTTP",
    "upgrade": "NULL_NA",
    "gnaf_pid": "GASA_424438208",
    "ee": true,
    "tech_change_status": "Eligible to Order",
    "program_type": "Regional Area Flip"
   }
  },
  {
   "type": "Feature",
   "geometry": {
    "type": "Point",
    "coordinates": [
     138.56442007,
     -34.611801
    ]
   },
   "properties": {
    "name": "87 DAWKINS ROAD LEWISTON 5501",
    "locID": "LOC000064062175",
    "tech": "WIRELESS",
    "upgrade": "NULL_NA",
    "gnaf_pid": "GASA_424519112",
    "ee": true,
    "tech_change_status": "Not Planned",
    "program_type": "Fixed Wireless and Satellite Upgrade Program",
    "target_eligibility_quarter": "NA"
   }
  },
  {
   "type": "Feature",
   "geometry": {
    "type": "Point",
    "coordinates": [
     138.60299691,
     -34.5946787
    ]
   },
   "properties": {
    "name": "3 ELOUISE COURT LEWISTON 5501",
    "locID": "LOC000014274999",
    "tech": "FTTP",
    "upgrade": "NULL_NA",
    "gnaf_pid": "GASA_424527438",
    "ee": true,
    "tech_change_status": "Previous Tech Disconnected",
    "program_type": "Regional Area Flip",
    "target_eligibility_quarter": "NA"
   }
  },
  {
   "type": "Feature",
   "geometry": {
    "type": "Point",
    "coordinates": [
     138.57366988,
     -34.62141231
    ]
   },
   "properties": {
    "name": "6 CONSTANCE COURT LEWISTON 5501",
    "locID": "LOC000131296706",
    "tech": "WIRELESS",
    "upgrade": "NULL_NA",
    "gnaf_pid": "GASA_424529282",
    "ee": true,
    "tech_change_status": "Not Planned",
    "program_type": "Fixed Wireless and Satellite Upgrade Program",
    "target_eligibility_quarter": "NA"
   }
  },
  {
   "type": "Feature",
   "geometry": {
    "type": "Point",
    "coordinates": [
     138.58009577,
     -34.60877199
    ]
   },
   "properties": {
    "name": "2 KARAPAS COURT LEWISTON 5501",
    "locID": "LOC000177671891",
    "tech": "FTTP",
    "upgrade": "NULL_NA",
    "gnaf_pid": "GASA_424529553",
    "ee": true,
    "tech_change_status": "Previous Tech Disconnected",
    "program_type": "Regional Area Flip",
    "target_eligibility_quarter": "NA"
   }
  },
  {
   "type": "Feature",
   "geometry": {
    "type": "Point",
    "coordinates": [
     138.57839098,
     -34.60881495
    ]
   },
   "properties": {
    "name": "4 KARAPAS COURT LEWISTON 5501",
    "locID": "LOC100055131765",
    "tech": "WIRELESS",
    "upgrade": "FTTP",
    "gnaf_pid": "GASA_424529554",
    "ee": true,
    "tech_change_status": "Eligible to Order",
    "program_type": "Regional Area Flip",
    "target_eligibility_quarter": "NA"
   }
  },
  {
   "type": "Feature",
   "geometry": {
    "type": "Point",
    "coordinates": [
     138.57528817,
     -34.60925363
    ]
   },
   "properties": {
    "name": "7 KARAPAS COURT LEWISTON 5501",
    "locID": "LOC000083432316",
    "tech": "WIRELESS",
    "upgrade": "FTTP",
    "gnaf_pid": "GASA_424529555",
    "ee": true,
    "tech_change_status": "Eligible to Order",
    "program_type": "Regional Area Flip",
    "target_eligibility_quarter": "NA"
   }
  },
  {
   "type": "Feature",
   "geometry": {
    "type": "Point",
    "coordinates": [
     138.5801453,
     -34.61778993
    ]
   },
   "properties": {
    "name": "31 BETHESDA ROAD LEWISTON 5501",
    "locID": "LOC000131273687",
    "tech": "WIRELESS",
    "upgrade": "FTTP",
    "gnaf_pid": "GASA_424567736",
    "ee": true,
    "tech_change_status": "Eligible to Order",
    "program_type": "Regional Area Flip",
    "target_eligibility_quarter": "NA"
   }
  },
  {
   "type": "Feature",
   "geometry": {
    "type": "Point",
    "coordinates": [
     138.60272397,
     -34.59327282
    ]
   },
   "properties": {
    "name": "6 ELOUISE COURT LEWISTON 5501",
    "locID": "LOC000048805168",
    "tech": "WIRELESS",
    "upgrade": "FTTP",
    "gnaf_pid": "GASA_424568026",
    "ee": true,
    "tech_change_status": "Eligible to Order",
    "program_type": "Regional Area Flip",
    "target_eligibility_quarter": "NA"
   }
  },
  {
   "type": "Feature",
   "geometry": {
    "type": "Point",
    "coordinates": [
     138.57668585,
     -34.60885772
    ]
   },
   "properties": {
    "name": "6 KARAPAS COURT LEWISTON 5501",
    "locID": "LOC000131287813",
    "tech": "FTTP",
    "upgrade": "NULL_NA",
    "gnaf_pid": "GASA_424568298",
    "ee": true,
    "tech_change_status": "Eligible to Order",
    "program_type": "Regional Area Flip"
   }
  },
  {
   "type": "Feature",
   "geometry": {
    "type": "Point",
    "coordinates": [
     138.58519319,
     -34.61110555
    ]
   },
   "properties": {
    "name": "151 DAWKINS ROAD LEWISTON 5501",
    "locID": "LOC000180617819",
    "tech": "WIRELESS",
    "upgrade": "FTTP",
    "gnaf_pid": "GASA_424605426",
    "ee": true,
    "tech_change_status": "Eligible to Order",
    "program_type": "Regional Area Flip",
    "target_eligibility_quarter": "NA"
   }
  },
  {
   "type": "Feature",
   "geometry": {
    "type": "Point",
    "coordinates": [
     138.60298475,
     -34.59390734
    ]
   },
   "properties": {
    "name": "5 ELOUISE COURT LEWISTON 5501",
    "locID": "LOC000043595506",
    "tech": "FTTP",
    "upgrade": "NULL_NA",
    "gnaf_pid": "GASA_424605453",
    "ee": true,
    "tech_change_status": "Previous Tech Disconnected",
    "program_type": "Regional Area Flip",
    "target_eligibility_quarter": "NA"
   }
  },
  {
   "type": "Feature",
   "geometry": {
    "type": "Point",
    "coordinates": [
     138.60317699,
     -34.59791208
    ]
   },
   "properties": {
    "name": "14 KURT WAY LEWISTON 5501",
    "locID": "LOC000176184423",
    "tech": "WIRELESS",
    "upgrade": "FTTP",
    "gnaf_pid": "GASA_424645620",
    "ee": true,
    "tech_change_status": "Eligible to Order",
    "program_type": "Regional Area Flip",
    "target_eligibility_quarter": "NA"
   }
  },
  {
   "type": "Feature",
   "geometry": {
    "type": "Point",
    "coordinates": [
     138.58013454,
     -34.61733287
    ]
   },
   "properties": {
    "name": "33 BETHESDA ROAD LEWISTON 5501",
    "locID": "LOC000131273673",
    "tech": "FTTP",
    "upgrade": "NULL_NA",
    "gnaf_pid": "GASA_424653565",
    "ee": true,
    "tech_change_status": "Previous Tech Disconnected",
    "program_type": "Regional Area Flip",
    "target_eligibility_quarter": "NA"
   }
  },
  {
   "type": "Feature",
   "geometry": {
    "type": "Point",
    "coordinates": [
     138.57798907,
     -34.61488366
    ]
   },
   "properties": {
    "name": "4 CANNIZZARO ROAD LEWISTON 5501",
    "locID": "LOC000067212314",
    "tech": "FTTP",
    "upgrade": "NULL_NA",
    "gnaf_pid": "GASA_424653625",
    "ee": true,
    "tech_change_status": "Eligible to Order",
    "program_type": "Regional Area Flip"
   }
  },
  {
   "type": "Feature",
   "geometry": {
    "type": "Point",
    "coordinates": [
     138.55340954,
     -34.62699287
    ]
   },
   "properties": {
    "name": "6 GAWLER RIVER ROAD LEWISTON 5501",
    "locID": "LOC000021292112",
    "tech": "WIRELESS",
    "upgrade": "NULL_NA",
    "gnaf_pid": "GASA_424653796",
    "ee": true,
    "tech_change_status": "Not Planned",
    "program_type": "Fixed Wireless and Satellite Upgrade Program",
    "target_eligibility_quarter": "NA"
   }
  },
  {
   "type": "Feature",
   "geometry": {
    "type": "Point",
    "coordinates": [
     138.58012121,
     -34.60948771
    ]
   },
   "properties": {
    "name": "1 KARAPAS COURT LEWISTON 5501",
    "locID": "LOC000131287850",
    "tech": "FTTP",
    "upgrade": "NULL_NA",
    "gnaf_pid": "GASA_424653931",
    "ee": true,
    "tech_change_status": "Eligible to Order",
    "program_type": "Regional Area Flip"
   }
  },
  {
   "type": "Feature",
   "geometry": {
    "type": "Point",
    "coordinates": [
     138.57217736,
     -34.63488479
    ]
   },
   "properties": {
    "name": "161 BAKER ROAD LEWISTON 5501",
    "locID": "LOC000114360804",
    "tech": "WIRELESS",
    "upgrade": "NULL_NA",
    "gnaf_pid": "GASA_424695899",
    "ee": true,
    "tech_change_status": "Not Planned",
    "program_type": "Fixed Wireless and Satellite Upgrade Program",
    "target_eligibility_quarter": "NA"
   }
  },
  {
   "type": "Feature",
   "geometry": {
    "type": "Point",
    "coordinates": [
     138.5722659,
     -34.63420069
    ]
   },
   "properties": {
    "name": "168 BAKER ROAD LEWISTON 5501",
    "locID": "LOC000114546919",
    "tech": "WIRELESS",
    "upgrade": "NULL_NA",
    "gnaf_pid": "GASA_424695900",
    "ee": true,
    "tech_change_status": "Not Planned",
    "program_type": "Fixed Wireless and Satellite Upgrade Program",
    "target_eligibility_quarter": "NA"
   }
  },
  {
   "type": "Feature",
   "geometry": {
    "type": "Point",
    "coordinates": [
     138.5719821,
     -34.62772111
    ]
   },
   "properties": {
    "name": "241 BAKER ROAD LEWISTON 5501",
    "locID": "LOC000114766126",
    "tech": "WIRELESS",
    "upgrade": "NULL_NA",
    "gnaf_pid": "GASA_424695901",
    "ee": true,
    "tech_change_status": "Not Planned",
    "program_type": "Fixed Wireless and Satellite Upgrade Program",
    "target_eligibility_quarter": "NA"
   }
  },
  {
   "type": "Feature",
   "geometry": {
    "type": "Point",
    "coordinates": [
     138.57189337,
     -34.62487598
    ]
   },
   "properties": {
    "name": "273 BAKER ROAD LEWISTON 5501",
    "locID": "LOC000086958385",
    "tech": "WIRELESS",
    "upgrade": "NULL_NA",
    "gnaf_pid": "GASA_424695902",
    "ee": true,
    "tech_change_status": "Not Planned",
    "program_type": "Fixed Wireless and Satellite Upgrade Program",
    "target_eligibility_quarter": "NA"
   }
  },
  {
   "type": "Feature",
   "geometry": {
    "type": "Point",
    "coordinates": [
     138.6296752,
     -34.59418647
    ]
   },
   "properties": {
    "name": "1294 BOUNDARY ROAD LEWISTON 5501",
    "locID": "LOC000114337459",
    "tech": "FTTP",
    "upgrade": "NULL_NA",
    "gnaf_pid": "GASA_424696836",
    "ee": true,
    "tech_change_status": "Eligible to Order",
    "program_type": "Regional Area Flip"
   }
  },
  {
   "type": "Feature",
   "geometry": {
    "type": "Point",
    "coordinates": [
     138.62950926,
     -34.59455115
    ]
   },
   "properties": {
    "name": "1300 BOUNDARY ROAD LEWISTON 5501",
    "locID": "LOC000114383388",
    "tech": "FTTP",
    "upgrade": "NULL_NA",
    "gnaf_pid": "GASA_424696837",
    "ee": true,
    "tech_change_status": "Previous Tech Disconnected",
    "program_type": "Regional Area Flip"
   }
  },
  {
   "type": "Feature",
   "geometry": {
    "type": "Point",
    "coordinates": [
     138.62923849,
     -34.59540144
    ]
   },
   "properties": {
    "name": "1308 BOUNDARY ROAD LEWISTON 5501",
    "locID": "LOC000176195472",
    "tech": "FTTP",
    "upgrade": "NULL_NA",
    "gnaf_pid": "GASA_424696838",
    "ee": true,
    "tech_change_status": "Previous Tech Disconnected",
    "program_type": "Regional Area Flip",
    "target_eligibility_quarter": "NA"
   }
  },
  {
   "type": "Feature",
   "geometry": {
    "type": "Point",
    "coordinates": [
     138.62922663,
     -34.59619474
    ]
   },
   "properties": {
    "name": "1318 BOUNDARY ROAD LEWISTON 5501",
    "locID": "LOC100055560474",
    "tech": "FTTP",
    "upgrade": "NULL_NA",
    "gnaf_pid": "GASA_424696839",
    "ee": true,
    "tech_change_status": "Previous Tech Disconnected",
    "program_type": "Regional Area Flip",
    "target_eligibility_quarter": "NA"
   }
  },
  {
   "type": "Feature",
   "geometry": {
    "type": "Point",
    "coordinates": [
     138.62923527,
     -34.59627027
    ]
   },
   "properties": {
    "name": "1320 BOUNDARY ROAD LEWISTON 5501",
    "locID": "LOC000114449808",
    "tech": "FTTP",
    "upgrade": "NULL_NA",
    "gnaf_pid": "GASA_424696840",
    "ee": true,
    "tech_change_status": "Previous Tech Disconnected",
    "program_type": "Regional Area Flip"
   }
  },
  {
   "type": "Feature",
   "geometry": {
    "type": "Point",
    "coordinates": [
     138.62927668,
     -34.59726411
    ]
   },
   "properties": {
    "name": "1330 BOUNDARY ROAD LEWISTON 5501",
    "locID": "LOC000178356644",
    "tech": "WIRELESS",
    "upgrade": "FTTP",
    "gnaf_pid": "GASA_424696841",
    "ee": true,
    "tech_change_status": "Eligible to Order",
    "program_type": "Regional Area Flip",
    "target_eligibility_quarter": "NA"
   }
  },
  {
   "type": "Feature",
   "geometry": {
    "type": "Point",
    "coordinates": [
     138.62926127,
     -34.59761847
    ]
   },
   "properties": {
    "name": "1334 BOUNDARY ROAD LEWISTON 5501",
    "locID": "LOC000114399672",
    "tech": "WIRELESS",
    "upgrade": "FTTP",
    "gnaf_pid": "GASA_424696842",
    "ee": true,
    "tech_change_status": "Eligible to Order",
    "program_type": "Regional Area Flip",
    "target_eligibility_quarter": "NA"
   }
  },
  {
   "type": "Feature",
   "geometry": {
    "type": "Point",
    "coordinates": [
     138.62928494,
     -34.59829273
    ]
   },
   "properties": {
    "name": "1340 BOUNDARY ROAD LEWISTON 5501",
    "locID": "LOC000114995713",
    "tech": "FTTP",
    "upgrade": "NULL_NA",
    "gnaf_pid": "GASA_424696843",
    "ee": true,
    "tech_change_status": "Previous Tech Disconnected",
    "program_type": "Regional Area Flip",
    "target_eligibility_quarter": "NA"
   }
  },
  {
   "type": "Feature",
   "geometry": {
    "type": "Point",
    "coordinates": [
     138.62971579,
     -34.61444195
    ]
   },
   "properties": {
    "name": "1520 BOUNDARY ROAD LEWISTON 5501",
    "locID": "LOC000114776251",
    "tech": "WIRELESS",
    "upgrade": "NULL_NA",
    "gnaf_pid": "GASA_424696844",
    "ee": true,
    "tech_change_status": "Not Planned",
    "program_type": "Fixed Wireless and Satellite Upgrade Program",
    "target_eligibility_quarter": "NA"
   }
  },
  {
   "type": "Feature",
   "geometry": {
    "type": "Point",
    "coordinates": [
     138.62979093,
     -34.61726726
    ]
   },
   "properties": {
    "name": "1552 BOUNDARY ROAD LEWISTON 5501",
    "locID": "LOC000114226659",
    "tech": "WIRELESS",
    "upgrade": "NULL_NA",
    "gnaf_pid": "GASA_424696845",
    "ee": true,
    "tech_change_status": "Not Planned",
    "program_type": "Fixed Wireless and Satellite Upgrade Program",
    "target_eligibility_quarter": "NA"
   }
  },
  {
   "type": "Feature",
   "geometry": {
    "type": "Point",
    "coordinates": [
     138.629891,
     -34.620164
    ]
   },
   "properties": {
    "name": "1584 BOUNDARY ROAD LEWISTON 5501",
    "locID": "LOC000093671247",
    "tech": "WIRELESS",
    "upgrade": "NULL_NA",
    "gnaf_pid": "GASA_424696846",
    "ee": true,
    "tech_change_status": "Not Planned",
    "program_type": "Fixed Wireless and Satellite Upgrade Program",
    "target_eligibility_quarter": "NA"
   }
  },
  {
   "type": "Feature",
   "geometry": {
    "type": "Point",
    "coordinates": [
     138.63007866,
     -34.62694585
    ]
   },
   "properties": {
    "name": "1658 BOUNDARY ROAD LEWISTON 5501",
    "locID": "LOC000114422877",
    "tech": "WIRELESS",
    "upgrade": "NULL_NA",
    "gnaf_pid": "GASA_424696847",
    "ee": true,
    "tech_change_status": "Not Planned",
    "program_type": "Fixed Wireless and Satellite Upgrade Program",
    "target_eligibility_quarter": "NA"
   }
  },
  {
   "type": "Feature",
   "geometry": {
    "type": "Point",
    "coordinates": [
     138.5814149,
     -34.63107726
    ]
   },
   "properties": {
    "name": "117 JOHNS ROAD LEWISTON 5501",
    "locID": "LOC000114631901",
    "tech": "WIRELESS",
    "upgrade": "NULL_NA",
    "gnaf_pid": "GASA_424701597",
    "ee": true,
    "tech_change_status": "Not Planned",
    "program_type": "Fixed Wireless and Satellite Upgrade Program",
    "target_eligibility_quarter": "NA"
   }
  },
  {
   "type": "Feature",
   "geometry": {
    "type": "Point",
    "coordinates": [
     138.5706651,
     -34.62872296
    ]
   },
   "properties": {
    "name": "240 JOHNS ROAD LEWISTON 5501",
    "locID": "LOC000113195184",
    "tech": "WIRELESS",
    "upgrade": "NULL_NA",
    "gnaf_pid": "GASA_424701598",
    "ee": true,
    "tech_change_status": "Not Planned",
    "program_type": "Fixed Wireless and Satellite Upgrade Program",
    "target_eligibility_quarter": "NA"
   }
  },
  {
   "type": "Feature",
   "geometry": {
    "type": "Point",
    "coordinates": [
     138.57010408,
     -34.62880535
    ]
   },
   "properties": {
    "name": "245 JOHNS ROAD LEWISTON 5501",
    "locID": "LOC000115082115",
    "tech": "WIRELESS",
    "upgrade": "NULL_NA",
    "gnaf_pid": "GASA_424701599",
    "ee": true,
    "tech_change_status": "Not Planned",
    "program_type": "Fixed Wireless and Satellite Upgrade Program",
    "target_eligibility_quarter": "NA"
   }
  },
  {
   "type": "Feature",
   "geometry": {
    "type": "Point",
    "coordinates": [
     138.56946361,
     -34.62880746
    ]
   },
   "properties": {
    "name": "251 JOHNS ROAD LEWISTON 5501",
    "locID": "LOC000107558219",
    "tech": "WIRELESS",
    "upgrade": "NULL_NA",
    "gnaf_pid": "GASA_424701600",
    "ee": true,
    "tech_change_status": "Not Planned",
    "program_type": "Fixed Wireless and Satellite Upgrade Program",
    "target_eligibility_quarter": "NA"
   }
  },
  {
   "type": "Feature",
   "geometry": {
    "type": "Point",
    "coordinates": [
     138.56917864,
     -34.62881106
    ]
   },
   "properties": {
    "name": "255 JOHNS ROAD LEWISTON 5501",
    "locID": "LOC100056458495",
    "tech": "WIRELESS",
    "upgrade": "NULL_NA",
    "gnaf_pid": "GASA_424701601",
    "ee": true,
    "tech_change_status": "Not Planned",
    "program_type": "Fixed Wireless and Satellite Upgrade Program",
    "target_eligibility_quarter": "NA"
   }
  },
  {
   "type": "Feature",
   "geometry": {
    "type": "Point",
    "coordinates": [
     138.56686212,
     -34.62885752
    ]
   },
   "properties": {
    "name": "275 JOHNS ROAD LEWISTON 5501",
    "locID": "LOC000113135927",
    "tech": "WIRELESS",
    "upgrade": "NULL_NA",
    "gnaf_pid": "GASA_424701602",
    "ee": true,
    "tech_change_status": "Not Planned",
    "program_type": "Fixed Wireless and Satellite Upgrade Program",
    "target_eligibility_quarter": "NA"
   }
  },
  {
   "type": "Feature",
   "geometry": {
    "type": "Point",
    "coordinates": [
     138.56687809,
     -34.62877012
    ]
   },
   "properties": {
    "name": "276 JOHNS ROAD LEWISTON 5501",
    "locID": "LOC000112791526",
    "tech": "WIRELESS",
    "upgrade": "NULL_NA",
    "gnaf_pid": "GASA_424701603",
    "ee": true,
    "tech_change_status": "Not Planned",
    "program_type": "Fixed Wireless and Satellite Upgrade Program",
    "target_eligibility_quarter": "NA"
   }
  },
  {
   "type": "Feature",
   "geometry": {
    "type": "Point",
    "coordinates": [
     138.56458479,
     -34.62892519
    ]
   },
   "properties": {
    "name": "297 JOHNS ROAD LEWISTON 5501",
    "locID": "LOC100056458513",
    "tech": "WIRELESS",
    "upgrade": "NULL_NA",
    "gnaf_pid": "GASA_424701604",
    "ee": true,
    "tech_change_status": "Not Planned",
    "program_type": "Fixed Wireless and Satellite Upgrade Program",
    "target_eligibility_quarter": "NA"
   }
  },
  {
   "type": "Feature",
   "geometry": {
    "type": "Point",
    "coordinates": [
     138.56244693,
     -34.62892618
    ]
   },
   "properties": {
    "name": "317 JOHNS ROAD LEWISTON 5501",
    "locID": "LOC000114007905",
    "tech": "WIRELESS",
    "upgrade": "NULL_NA",
    "gnaf_pid": "GASA_424701605",
    "ee": true,
    "tech_change_status": "Not Planned",
    "program_type": "Fixed Wireless and Satellite Upgrade Program",
    "target_eligibility_quarter": "NA"
   }
  },
  {
   "type": "Feature",
   "geometry": {
    "type": "Point",
    "coordinates": [
     138.56176844,
     -34.62892325
    ]
   },
   "properties": {
    "name": "323 JOHNS ROAD LEWISTON 5501",
    "locID": "LOC000114396370",
    "tech": "WIRELESS",
    "upgrade": "NULL_NA",
    "gnaf_pid": "GASA_424701606",
    "ee": true,
    "tech_change_status": "Not Planned",
    "program_type": "Fixed Wireless and Satellite Upgrade Program",
    "target_eligibility_quarter": "NA"
   }
  },
  {
   "type": "Feature",
   "geometry": {
    "type": "Point",
    "coordinates": [
     138.560481,
     -34.628887
    ]
   },
   "properties": {
    "name": "334 JOHNS ROAD LEWISTON 5501",
    "locID": "LOC000114224656",
    "tech": "WIRELESS",
    "upgrade": "NULL_NA",
    "gnaf_pid": "GASA_424701607",
    "ee": true,
    "tech_change_status": "Not Planned",
    "program_type": "Fixed Wireless and Satellite Upgrade Program",
    "target_eligibility_quarter": "NA"
   }
  },
  {
   "type": "Feature",
   "geometry": {
    "type": "Point",
    "coordinates": [
     138.5880821,
     -34.63094747
    ]
   },
   "properties": {
    "name": "57 JOHNS ROAD LEWISTON 5501",
    "locID": "LOC000113097587",
    "tech": "WIRELESS",
    "upgrade": "NULL_NA",
    "gnaf_pid": "GASA_424701609",
    "ee": true,
    "tech_change_status": "Not Planned",
    "program_type": "Fixed Wireless and Satellite Upgrade Program",
    "target_eligibility_quarter": "NA"
   }
  },
  {
   "type": "Feature",
   "geometry": {
    "type": "Point",
    "coordinates": [
     138.58699992,
     -34.6309522
    ]
   },
   "properties": {
    "name": "67 JOHNS ROAD LEWISTON 5501",
    "locID": "LOC000112983232",
    "tech": "WIRELESS",
    "upgrade": "NULL_NA",
    "gnaf_pid": "GASA_424701610",
    "ee": true,
    "tech_change_status": "Not Planned",
    "program_type": "Fixed Wireless and Satellite Upgrade Program",
    "target_eligibility_quarter": "NA"
   }
  },
  {
   "type": "Feature",
   "geometry": {
    "type": "Point",
    "coordinates": [
     138.58629672,
     -34.63097307
    ]
   },
   "properties": {
    "name": "71 JOHNS ROAD LEWISTON 5501",
    "locID": "LOC000114356445",
    "tech": "WIRELESS",
    "upgrade": "NULL_NA",
    "gnaf_pid": "GASA_424701611",
    "ee": true,
    "tech_change_status": "Not Planned",
    "program_type": "Fixed Wireless and Satellite Upgrade Program",
    "target_eligibility_quarter": "NA"
   }
  },
  {
   "type": "Feature",
   "geometry": {
    "type": "Point",
    "coordinates": [
     138.58599697,
     -34.63089168
    ]
   },
   "properties": {
    "name": "76 JOHNS ROAD LEWISTON 5501",
    "locID": "LOC000114245566",
    "tech": "WIRELESS",
    "upgrade": "NULL_NA",
    "gnaf_pid": "GASA_424701612",
    "ee": true,
    "tech_change_status": "Not Planned",
    "program_type": "Fixed Wireless and Satellite Upgrade Program",
    "target_eligibility_quarter": "NA"
   }
  },
  {
   "type": "Feature",
   "geometry": {
    "type": "Point",
    "coordinates": [
     138.58476046,
     -34.63100241
    ]
   },
   "properties": {
    "name": "85 JOHNS ROAD LEWISTON 5501",
    "locID": "LOC000114254553",
    "tech": "WIRELESS",
    "upgrade": "NULL_NA",
    "gnaf_pid": "GASA_424701613",
    "ee": true,
    "tech_change_status": "Not Planned",
    "program_type": "Fixed Wireless and Satellite Upgrade Program",
    "target_eligibility_quarter": "NA"
   }
  },
  {
   "type": "Feature",
   "geometry": {
    "type": "Point",
    "coordinates": [
     138.58012559,
     -34.58757856
    ]
   },
   "properties": {
    "name": "43 MCPHARLIN ROAD LEWISTON 5501",
    "locID": "LOC000115012956",
    "tech": "WIRELESS",
    "upgrade": "NULL_NA",
    "gnaf_pid": "GASA_424704074",
    "ee": true,
    "tech_change_status": "Not Planned",
    "program_type": "Fixed Wireless and Satellite Upgrade Program",
    "target_eligibility_quarter": "NA"
   }
  },
  {
   "type": "Feature",
   "geometry": {
    "type": "Point",
    "coordinates": [
     138.58010017,
     -34.5862302
    ]
   },
   "properties": {
    "name": "59 MCPHARLIN ROAD LEWISTON 5501",
    "locID": "LOC000114435742",
    "tech": "WIRELESS",
    "upgrade": "NULL_NA",
    "gnaf_pid": "GASA_424704075",
    "ee": true,
    "tech_change_status": "Not Planned",
    "program_type": "Fixed Wireless and Satellite Upgrade Program",
    "target_eligibility_quarter": "NA"
   }
  },
  {
   "type": "Feature",
   "geometry": {
    "type": "Point",
    "coordinates": [
     138.58023074,
     -34.5860277
    ]
   },
   "properties": {
    "name": "60 MCPHARLIN ROAD LEWISTON 5501",
    "locID": "LOC000032490242",
    "tech": "WIRELESS",
    "upgrade": "NULL_NA",
    "gnaf_pid": "GASA_424704076",
    "ee": true,
    "tech_change_status": "Not Planned",
    "program_type": "Fixed Wireless and Satellite Upgrade Program",
    "target_eligibility_quarter": "NA"
   }
  },
  {
   "type": "Feature",
   "geometry": {
    "type": "Point",
    "coordinates": [
     138.60104533,
     -34.62807455
    ]
   },
   "properties": {
    "name": "20 ROBINS ROAD LEWISTON 5501",
    "locID": "LOC000113110324",
    "tech": "WIRELESS",
    "upgrade": "NULL_NA",
    "gnaf_pid": "GASA_424707634",
    "ee": true,
    "tech_change_status": "Not Planned",
    "program_type": "Fixed Wireless and Satellite Upgrade Program",
    "target_eligibility_quarter": "NA"
   }
  },
  {
   "type": "Feature",
   "geometry": {
    "type": "Point",
    "coordinates": [
     138.6001135,
     -34.62816178
    ]
   },
   "properties": {
    "name": "29 ROBINS ROAD LEWISTON 5501",
    "locID": "LOC000112859992",
    "tech": "WIRELESS",
    "upgrade": "NULL_NA",
    "gnaf_pid": "GASA_424707635",
    "ee": true,
    "tech_change_status": "Not Planned",
    "program_type": "Fixed Wireless and Satellite Upgrade Program",
    "target_eligibility_quarter": "NA"
   }
  },
  {
   "type": "Feature",
   "geometry": {
    "type": "Point",
    "coordinates": [
     138.59968639,
     -34.62809847
    ]
   },
   "properties": {
    "name": "32 ROBINS ROAD LEWISTON 5501",
    "locID": "LOC000094361417",
    "tech": "WIRELESS",
    "upgrade": "NULL_NA",
    "gnaf_pid": "GASA_424707636",
    "ee": true,
    "tech_change_status": "Not Planned",
    "program_type": "Fixed Wireless and Satellite Upgrade Program",
    "target_eligibility_quarter": "NA"
   }
  },
  {
   "type": "Feature",
   "geometry": {
    "type": "Point",
    "coordinates": [
     138.57103364,
     -34.5813237
    ]
   },
   "properties": {
    "name": "680 SHARPE ROAD LEWISTON 5501",
    "locID": "LOC000112815662",
    "tech": "WIRELESS",
    "upgrade": "NULL_NA",
    "gnaf_pid": "GASA_424708324",
    "ee": true,
    "tech_change_status": "Not Planned",
    "program_type": "Fixed Wireless and Satellite Upgrade Program",
    "target_eligibility_quarter": "NA"
   }
  },
  {
   "type": "Feature",
   "geometry": {
    "type": "Point",
    "coordinates": [
     138.6029754,
     -34.62459128
    ]
   },
   "properties": {
    "name": "18 TOWER ROAD LEWISTON 5501",
    "locID": "LOC000112907846",
    "tech": "FTTP",
    "upgrade": "NULL_NA",
    "gnaf_pid": "GASA_424709808",
    "ee": true,
    "tech_change_status": "Previous Tech Disconnected",
    "program_type": "Regional Area Flip",
    "target_eligibility_quarter": "NA"
   }
  },
  {
   "type": "Feature",
   "geometry": {
    "type": "Point",
    "coordinates": [
     138.60321285,
     -34.62698569
    ]
   },
   "properties": {
    "name": "45 TOWER ROAD LEWISTON 5501",
    "locID": "LOC000114461702",
    "tech": "NULL",
    "upgrade": "NULL_NA",
    "gnaf_pid": "GASA_424709809",
    "ee": true,
    "tech_change_status": "Not Planned"
   }
  },
  {
   "type": "Feature",
   "geometry": {
    "type": "Point",
    "coordinates": [
     138.62499919,
     -34.61231867
    ]
   },
   "properties": {
    "name": "268 DAWKINS ROAD LEWISTON 5501",
    "locID": "LOC000112855100",
    "tech": "FTTP",
    "upgrade": "NULL_NA",
    "gnaf_pid": "GASA_424737217",
    "ee": true,
    "tech_change_status": "Previous Tech Disconnected",
    "program_type": "Regional Area Flip"
   }
  },
  {
   "type": "Feature",
   "geometry": {
    "type": "Point",
    "coordinates": [
     138.58202533,
     -34.6107281
    ]
   },
   "properties": {
    "name": "48 BETHESDA ROAD LEWISTON 5501",
    "locID": "LOC000131273809",
    "tech": "FTTP",
    "upgrade": "NULL_NA",
    "gnaf_pid": "GASA_424807695",
    "ee": true,
    "tech_change_status": "Previous Tech Disconnected",
    "program_type": "Regional Area Flip"
   }
  },
  {
   "type": "Feature",
   "geometry": {
    "type": "Point",
    "coordinates": [
     138.55650868,
     -34.61213948
    ]
   },
   "properties": {
    "name": "61 DAWKINS ROAD LEWISTON 5501",
    "locID": "LOC100056451027",
    "tech": "WIRELESS",
    "upgrade": "NULL_NA",
    "gnaf_pid": "GASA_424807955",
    "ee": true,
    "tech_change_status": "Not Planned",
    "program_type": "Fixed Wireless and Satellite Upgrade Program",
    "target_eligibility_quarter": "NA"
   }
  },
  {
   "type": "Feature",
   "geometry": {
    "type": "Point",
    "coordinates": [
     138.5780774,
     -34.61719042
    ]
   },
   "properties": {
    "name": "12 CANNIZZARO ROAD LEWISTON 5501",
    "locID": "LOC000131300705",
    "tech": "FTTP",
    "upgrade": "NULL_NA",
    "gnaf_pid": "GASA_424818297",
    "ee": true,
    "tech_change_status": "Previous Tech Disconnected",
    "program_type": "Regional Area Flip",
    "target_eligibility_quarter": "NA"
   }
  },
  {
   "type": "Feature",
   "geometry": {
    "type": "Point",
    "coordinates": [
     138.57811658,
     -34.61776148
    ]
   },
   "properties": {
    "name": "14 CANNIZZARO ROAD LEWISTON 5501",
    "locID": "LOC000131310372",
    "tech": "FTTP",
    "upgrade": "NULL_NA",
    "gnaf_pid": "GASA_424818298",
    "ee": true,
    "tech_change_status": "Eligible to Order",
    "program_type": "Regional Area Flip"
   }
  },
  {
   "type": "Feature",
   "geometry": {
    "type": "Point",
    "coordinates": [
     138.57594379,
     -34.6144647
    ]
   },
   "properties": {
    "name": "1 CANNIZZARO ROAD LEWISTON 5501",
    "locID": "LOC000131291110",
    "tech": "WIRELESS",
    "upgrade": "FTTP",
    "gnaf_pid": "GASA_424818299",
    "ee": true,
    "tech_change_status": "Eligible to Order",
    "program_type": "Regional Area Flip",
    "target_eligibility_quarter": "NA"
   }
  },
  {
   "type": "Feature",
   "geometry": {
    "type": "Point",
    "coordinates": [
     138.5760135,
     -34.61501297
    ]
   },
   "properties": {
    "name": "3 CANNIZZARO ROAD LEWISTON 5501",
    "locID": "LOC000131273267",
    "tech": "FTTP",
    "upgrade": "NULL_NA",
    "gnaf_pid": "GASA_424818300",
    "ee": true,
    "tech_change_status": "Previous Tech Disconnected",
    "program_type": "Regional Area Flip",
    "target_eligibility_quarter": "NA"
   }
  },
  {
   "type": "Feature",
   "geometry": {
    "type": "Point",
    "coordinates": [
     138.5780121,
     -34.61546054
    ]
   },
   "properties": {
    "name": "6 CANNIZZARO ROAD LEWISTON 5501",
    "locID": "LOC000116325733",
    "tech": "FTTP",
    "upgrade": "NULL_NA",
    "gnaf_pid": "GASA_424818301",
    "ee": true,
    "tech_change_status": "Previous Tech Disconnected",
    "program_type": "Regional Area Flip",
    "target_eligibility_quarter": "NA"
   }
  },
  {
   "type": "Feature",
   "geometry": {
    "type": "Point",
    "coordinates": [
     138.57803385,
     -34.61603717
    ]
   },
   "properties": {
    "name": "8 CANNIZZARO ROAD LEWISTON 5501",
    "locID": "LOC000116325808",
    "tech": "FTTP",
    "upgrade": "NULL_NA",
    "gnaf_pid": "GASA_424818302",
    "ee": true,
    "tech_change_status": "Previous Tech Disconnected",
    "program_type": "Regional Area Flip"
   }
  },
  {
   "type": "Feature",
   "geometry": {
    "type": "Point",
    "coordinates": [
     138.57607765,
     -34.61663469
    ]
   },
   "properties": {
    "name": "9 CANNIZZARO ROAD LEWISTON 5501",
    "locID": "LOC000131324337",
    "tech": "FTTP",
    "upgrade": "NULL_NA",
    "gnaf_pid": "GASA_424818303",
    "ee": true,
    "tech_change_status": "Eligible to Order",
    "program_type": "Regional Area Flip"
   }
  },
  {
   "type": "Feature",
   "geometry": {
    "type": "Point",
    "coordinates": [
     138.57471596,
     -34.62136334
    ]
   },
   "properties": {
    "name": "8 CONSTANCE COURT LEWISTON 5501",
    "locID": "LOC000131319677",
    "tech": "WIRELESS",
    "upgrade": "NULL_NA",
    "gnaf_pid": "GASA_424819163",
    "ee": true,
    "tech_change_status": "Not Planned",
    "program_type": "Fixed Wireless and Satellite Upgrade Program",
    "target_eligibility_quarter": "NA"
   }
  },
  {
   "type": "Feature",
   "geometry": {
    "type": "Point",
    "coordinates": [
     138.6011518,
     -34.59905787
    ]
   },
   "properties": {
    "name": "8 KURT WAY LEWISTON 5501",
    "locID": "LOC000131319727",
    "tech": "WIRELESS",
    "upgrade": "FTTP",
    "gnaf_pid": "GASA_424822973",
    "ee": true,
    "tech_change_status": "Eligible to Order",
    "program_type": "Regional Area Flip",
    "target_eligibility_quarter": "NA"
   }
  },
  {
   "type": "Feature",
   "geometry": {
    "type": "Point",
    "coordinates": [
     138.58200185,
     -34.61008624
    ]
   },
   "properties": {
    "name": "50 BETHESDA ROAD LEWISTON 5501",
    "locID": "LOC000131273799",
    "tech": "FTTP",
    "upgrade": "NULL_NA",
    "gnaf_pid": "GASA_424830509",
    "ee": true,
    "tech_change_status": "Previous Tech Disconnected",
    "program_type": "Regional Area Flip"
   }
  },
  {
   "type": "Feature",
   "geometry": {
    "type": "Point",
    "coordinates": [
     138.59671487,
     -34.59377665
    ]
   },
   "properties": {
    "name": "5 KURT WAY LEWISTON 5501",
    "locID": "LOC000116341539",
    "tech": "FTTP",
    "upgrade": "NULL_NA",
    "gnaf_pid": "GASA_424831378",
    "ee": true,
    "tech_change_status": "Eligible to Order",
    "program_type": "Regional Area Flip"
   }
  },
  {
   "type": "Feature",
   "geometry": {
    "type": "Point",
    "coordinates": [
     138.612153,
     -34.632297
    ]
   },
   "properties": {
    "name": "106 ROBERTS ROAD LEWISTON 5501",
    "locID": "LOC000116335008",
    "tech": "WIRELESS",
    "upgrade": "NULL_NA",
    "gnaf_pid": "GASA_424837948",
    "ee": true,
    "tech_change_status": "Not Planned",
    "program_type": "Fixed Wireless and Satellite Upgrade Program",
    "target_eligibility_quarter": "NA"
   }
  },
  {
   "type": "Feature",
   "geometry": {
    "type": "Point",
    "coordinates": [
     138.61229803,
     -34.63293559
    ]
   },
   "properties": {
    "name": "115 ROBERTS ROAD LEWISTON 5501",
    "locID": "LOC000116336021",
    "tech": "WIRELESS",
    "upgrade": "NULL_NA",
    "gnaf_pid": "GASA_424837949",
    "ee": true,
    "tech_change_status": "Not Planned",
    "program_type": "Fixed Wireless and Satellite Upgrade Program",
    "target_eligibility_quarter": "NA"
   }
  },
  {
   "type": "Feature",
   "geometry": {
    "type": "Point",
    "coordinates": [
     138.61194479,
     -34.63335275
    ]
   },
   "properties": {
    "name": "120 ROBERTS ROAD LEWISTON 5501",
    "locID": "LOC000116336084",
    "tech": "WIRELESS",
    "upgrade": "NULL_NA",
    "gnaf_pid": "GASA_424837950",
    "ee": true,
    "tech_change_status": "Not Planned",
    "program_type": "Fixed Wireless and Satellite Upgrade Program",
    "target_eligibility_quarter": "NA"
   }
  },
  {
   "type": "Feature",
   "geometry": {
    "type": "Point",
    "coordinates": [
     138.61220537,
     -34.62663738
    ]
   },
   "properties": {
    "name": "43 ROBERTS ROAD LEWISTON 5501",
    "locID": "LOC000116341470",
    "tech": "WIRELESS",
    "upgrade": "NULL_NA",
    "gnaf_pid": "GASA_424837951",
    "ee": true,
    "tech_change_status": "Not Planned",
    "program_type": "Fixed Wireless and Satellite Upgrade Program",
    "target_eligibility_quarter": "NA"
   }
  },
  {
   "type": "Feature",
   "geometry": {
    "type": "Point",
    "coordinates": [
     138.6120105,
     -34.62721027
    ]
   },
   "properties": {
    "name": "50 ROBERTS ROAD LEWISTON 5501",
    "locID": "LOC000116341556",
    "tech": "WIRELESS",
    "upgrade": "NULL_NA",
    "gnaf_pid": "GASA_424837952",
    "ee": true,
    "tech_change_status": "Not Planned",
    "program_type": "Fixed Wireless and Satellite Upgrade Program",
    "target_eligibility_quarter": "NA"
   }
  },
  {
   "type": "Feature",
   "geometry": {
    "type": "Point",
    "coordinates": [
     138.61207941,
     -34.62939537
    ]
   },
   "properties": {
    "name": "74 ROBERTS ROAD LEWISTON 5501",
    "locID": "LOC000116325779",
    "tech": "WIRELESS",
    "upgrade": "NULL_NA",
    "gnaf_pid": "GASA_424837953",
    "ee": true,
    "tech_change_status": "Not Planned",
    "program_type": "Fixed Wireless and Satellite Upgrade Program",
    "target_eligibility_quarter": "NA"
   }
  },
  {
   "type": "Feature",
   "geometry": {
    "type": "Point",
    "coordinates": [
     138.61220231,
     -34.62971547
    ]
   },
   "properties": {
    "name": "79 ROBERTS ROAD LEWISTON 5501",
    "locID": "LOC000116325798",
    "tech": "WIRELESS",
    "upgrade": "NULL_NA",
    "gnaf_pid": "GASA_424837954",
    "ee": true,
    "tech_change_status": "Not Planned",
    "program_type": "Fixed Wireless and Satellite Upgrade Program",
    "target_eligibility_quarter": "NA"
   }
  },
  {
   "type": "Feature",
   "geometry": {
    "type": "Point",
    "coordinates": [
     138.588987,
     -34.630866
    ]
   },
   "properties": {
    "name": "48 JOHNS ROAD LEWISTON 5501",
    "locID": "LOC000131291405",
    "tech": "FTTP",
    "upgrade": "NULL_NA",
    "gnaf_pid": "GASA_424902423",
    "ee": true,
    "tech_change_status": "Eligible to Order",
    "program_type": "Regional Area Flip"
   }
  },
  {
   "type": "Feature",
   "geometry": {
    "type": "Point",
    "coordinates": [
     138.5844972,
     -34.63100531
    ]
   },
   "properties": {
    "name": "89A JOHNS ROAD LEWISTON 5501",
    "locID": "LOC000131324316",
    "tech": "WIRELESS",
    "upgrade": "NULL_NA",
    "gnaf_pid": "GASA_424902424",
    "ee": true,
    "tech_change_status": "Not Planned",
    "program_type": "Fixed Wireless and Satellite Upgrade Program",
    "target_eligibility_quarter": "NA"
   }
  },
  {
   "type": "Feature",
   "geometry": {
    "type": "Point",
    "coordinates": [
     138.58448287,
     -34.63100277
    ]
   },
   "properties": {
    "name": "89B JOHNS ROAD LEWISTON 5501",
    "locID": "LOC000131324328",
    "tech": "WIRELESS",
    "upgrade": "NULL_NA",
    "gnaf_pid": "GASA_424902425",
    "ee": true,
    "tech_change_status": "Not Planned",
    "program_type": "Fixed Wireless and Satellite Upgrade Program",
    "target_eligibility_quarter": "NA"
   }
  },
  {
   "type": "Feature",
   "geometry": {
    "type": "Point",
    "coordinates": [
     138.58022069,
     -34.58856897
    ]
   },
   "properties": {
    "name": "33 MCPHARLIN ROAD LEWISTON 5501",
    "locID": "LOC000131277693",
    "tech": "WIRELESS",
    "upgrade": "NULL_NA",
    "gnaf_pid": "GASA_424903107",
    "ee": true,
    "tech_change_status": "Not Planned",
    "program_type": "Fixed Wireless and Satellite Upgrade Program",
    "target_eligibility_quarter": "NA"
   }
  },
  {
   "type": "Feature",
   "geometry": {
    "type": "Point",
    "coordinates": [
     138.594192,
     -34.623613
    ]
   },
   "properties": {
    "name": "480 PEDERICK ROAD LEWISTON 5501",
    "locID": "LOC000131291414",
    "tech": "FTTP",
    "upgrade": "NULL_NA",
    "gnaf_pid": "GASA_424903709",
    "ee": true,
    "tech_change_status": "Eligible to Order",
    "program_type": "Regional Area Flip"
   }
  },
  {
   "type": "Feature",
   "geometry": {
    "type": "Point",
    "coordinates": [
     138.593413,
     -34.631431
    ]
   },
   "properties": {
    "name": "574 PEDERICK ROAD LEWISTON 5501",
    "locID": "LOC000131300877",
    "tech": "WIRELESS",
    "upgrade": "NULL_NA",
    "gnaf_pid": "GASA_424903710",
    "ee": true,
    "tech_change_status": "Not Planned",
    "program_type": "Fixed Wireless and Satellite Upgrade Program",
    "target_eligibility_quarter": "NA"
   }
  },
  {
   "type": "Feature",
   "geometry": {
    "type": "Point",
    "coordinates": [
     138.593432,
     -34.632404
    ]
   },
   "properties": {
    "name": "586 PEDERICK ROAD LEWISTON 5501",
    "locID": "LOC000175668055",
    "tech": "WIRELESS",
    "upgrade": "NULL_NA",
    "gnaf_pid": "GASA_424903711",
    "ee": true,
    "tech_change_status": "Not Planned",
    "program_type": "Fixed Wireless and Satellite Upgrade Program",
    "target_eligibility_quarter": "NA"
   }
  },
  {
   "type": "Feature",
   "geometry": {
    "type": "Point",
    "coordinates": [
     138.6032457,
     -34.62967205
    ]
   },
   "properties": {
    "name": "76 TOWER ROAD LEWISTON 5501",
    "locID": "LOC000131315310",
    "tech": "WIRELESS",
    "upgrade": "NULL_NA",
    "gnaf_pid": "GASA_424905238",
    "ee": true,
    "tech_change_status": "Not Planned",
    "program_type": "Fixed Wireless and Satellite Upgrade Program",
    "target_eligibility_quarter": "NA"
   }
  },
  {
   "type": "Feature",
   "geometry": {
    "type": "Point",
    "coordinates": [
     138.55624586,
     -34.60332546
    ]
   },
   "properties": {
    "name": "94 HAYMAN ROAD LEWISTON 5501",
    "locID": "LOC100056451172",
    "tech": "WIRELESS",
    "upgrade": "NULL_NA",
    "gnaf_pid": "GASA_424924339",
    "ee": true,
    "tech_change_status": "Not Planned",
    "program_type": "Fixed Wireless and Satellite Upgrade Program",
    "target_eligibility_quarter": "NA"
   }
  },
  {
   "type": "Feature",
   "geometry": {
    "type": "Point",
    "coordinates": [
     138.5570142,
     -34.60330437
    ]
   },
   "properties": {
    "name": "96 HAYMAN ROAD LEWISTON 5501",
    "locID": "LOC100056451206",
    "tech": "WIRELESS",
    "upgrade": "NULL_NA",
    "gnaf_pid": "GASA_424924340",
    "ee": true,
    "tech_change_status": "Not Planned",
    "program_type": "Fixed Wireless and Satellite Upgrade Program",
    "target_eligibility_quarter": "NA"
   }
  },
  {
   "type": "Feature",
   "geometry": {
    "type": "Point",
    "coordinates": [
     138.60172895,
     -34.59468666
    ]
   },
   "properties": {
    "name": "9 KURT WAY LEWISTON 5501",
    "locID": "LOC000131324407",
    "tech": "FTTP",
    "upgrade": "NULL_NA",
    "gnaf_pid": "GASA_424924722",
    "ee": true,
    "tech_change_status": "Previous Tech Disconnected",
    "program_type": "Regional Area Flip"
   }
  },
  {
   "type": "Feature",
   "geometry": {
    "type": "Point",
    "coordinates": [
     138.5647823,
     -34.60673911
    ]
   },
   "properties": {
    "name": "12 CAVALLARO PLACE LEWISTON 5501",
    "locID": "LOC100056450907",
    "tech": "WIRELESS",
    "upgrade": "NULL_NA",
    "gnaf_pid": "GASA_425073029",
    "ee": true,
    "tech_change_status": "Not Planned",
    "program_type": "Fixed Wireless and Satellite Upgrade Program",
    "target_eligibility_quarter": "NA"
   }
  },
  {
   "type": "Feature",
   "geometry": {
    "type": "Point",
    "coordinates": [
     138.5630219,
     -34.60673231
    ]
   },
   "properties": {
    "name": "18 CAVALLARO PLACE LEWISTON 5501",
    "locID": "LOC100056450948",
    "tech": "WIRELESS",
    "upgrade": "NULL_NA",
    "gnaf_pid": "GASA_425073030",
    "ee": true,
    "tech_change_status": "Not Planned",
    "program_type": "Fixed Wireless and Satellite Upgrade Program",
    "target_eligibility_quarter": "NA"
   }
  },
  {
   "type": "Feature",
   "geometry": {
    "type": "Point",
    "coordinates": [
     138.56678611,
     -34.6048452
    ]
   },
   "properties": {
    "name": "5 CAVALLARO PLACE LEWISTON 5501",
    "locID": "LOC100055833345",
    "tech": "WIRELESS",
    "upgrade": "NULL_NA",
    "gnaf_pid": "GASA_425073031",
    "ee": true,
    "tech_change_status": "Not Planned",
    "program_type": "Fixed Wireless and Satellite Upgrade Program",
    "target_eligibility_quarter": "NA"
   }
  },
  {
   "type": "Feature",
   "geometry": {
    "type": "Point",
    "coordinates": [
     138.56653331,
     -34.6067125
    ]
   },
   "properties": {
    "name": "6 CAVALLARO PLACE LEWISTON 5501",
    "locID": "LOC100056450969",
    "tech": "WIRELESS",
    "upgrade": "NULL_NA",
    "gnaf_pid": "GASA_425073032",
    "ee": true,
    "tech_change_status": "Not Planned",
    "program_type": "Fixed Wireless and Satellite Upgrade Program",
    "target_eligibility_quarter": "NA"
   }
  },
  {
   "type": "Feature",
   "geometry": {
    "type": "Point",
    "coordinates": [
     138.56566225,
     -34.60482479
    ]
   },
   "properties": {
    "name": "9 CAVALLARO PLACE LEWISTON 5501",
    "locID": "LOC100056451004",
    "tech": "WIRELESS",
    "upgrade": "NULL_NA",
    "gnaf_pid": "GASA_425073033",
    "ee": true,
    "tech_change_status": "Not Planned",
    "program_type": "Fixed Wireless and Satellite Upgrade Program",
    "target_eligibility_quarter": "NA"
   }
  },
  {
   "type": "Feature",
   "geometry": {
    "type": "Point",
    "coordinates": [
     138.60134185,
     -34.59734473
    ]
   },
   "properties": {
    "name": "2 KURT WAY LEWISTON 5501",
    "locID": "LOC000176785101",
    "tech": "FTTP",
    "upgrade": "NULL_NA",
    "gnaf_pid": "GASA_425136213",
    "ee": true,
    "tech_change_status": "Previous Tech Disconnected",
    "program_type": "Regional Area Flip",
    "target_eligibility_quarter": "NA"
   }
  },
  {
   "type": "Feature",
   "geometry": {
    "type": "Point",
    "coordinates": [
     138.58190849,
     -34.60752258
    ]
   },
   "properties": {
    "name": "58 BETHESDA ROAD LEWISTON 5501",
    "locID": "LOC100030531500",
    "tech": "FTTP",
    "upgrade": "NULL_NA",
    "gnaf_pid": "GASA_425137049",
    "ee": true,
    "tech_change_status": "Previous Tech Disconnected",
    "program_type": "Regional Area Flip",
    "target_eligibility_quarter": "NA"
   }
  },
  {
   "type": "Feature",
   "geometry": {
    "type": "Point",
    "coordinates": [
     138.57609982,
     -34.61717515
    ]
   },
   "properties": {
    "name": "11 CANNIZZARO ROAD LEWISTON 5501",
    "locID": "LOC100055458398",
    "tech": "FTTP",
    "upgrade": "NULL_NA",
    "gnaf_pid": "GASA_425137475",
    "ee": true,
    "tech_change_status": "Eligible to Order",
    "program_type": "Regional Area Flip"
   }
  },
  {
   "type": "Feature",
   "geometry": {
    "type": "Point",
    "coordinates": [
     138.56419976,
     -34.60675435
    ]
   },
   "properties": {
    "name": "14 CAVALLARO PLACE LEWISTON 5501",
    "locID": "LOC100021904066",
    "tech": "WIRELESS",
    "upgrade": "NULL_NA",
    "gnaf_pid": "GASA_425137520",
    "ee": true,
    "tech_change_status": "Not Planned",
    "program_type": "Fixed Wireless and Satellite Upgrade Program",
    "target_eligibility_quarter": "NA"
   }
  },
  {
   "type": "Feature",
   "geometry": {
    "type": "Point",
    "coordinates": [
     138.56351381,
     -34.60443691
    ]
   },
   "properties": {
    "name": "15 CAVALLARO PLACE LEWISTON 5501",
    "locID": "LOC000131282633",
    "tech": "WIRELESS",
    "upgrade": "NULL_NA",
    "gnaf_pid": "GASA_425137521",
    "ee": true,
    "tech_change_status": "Not Planned",
    "program_type": "Fixed Wireless and Satellite Upgrade Program",
    "target_eligibility_quarter": "NA"
   }
  },
  {
   "type": "Feature",
   "geometry": {
    "type": "Point",
    "coordinates": [
     138.5630551,
     -34.60734755
    ]
   },
   "properties": {
    "name": "16 CAVALLARO PLACE LEWISTON 5501",
    "locID": "LOC000109380519",
    "tech": "WIRELESS",
    "upgrade": "NULL_NA",
    "gnaf_pid": "GASA_425137522",
    "ee": true,
    "tech_change_status": "Not Planned",
    "program_type": "Fixed Wireless and Satellite Upgrade Program",
    "target_eligibility_quarter": "NA"
   }
  },
  {
   "type": "Feature",
   "geometry": {
    "type": "Point",
    "coordinates": [
     138.56292196,
     -34.60489417
    ]
   },
   "properties": {
    "name": "17 CAVALLARO PLACE LEWISTON 5501",
    "locID": "LOC100085084703",
    "tech": "WIRELESS",
    "upgrade": "NULL_NA",
    "gnaf_pid": "GASA_425137523",
    "ee": true,
    "tech_change_status": "Not Planned",
    "program_type": "Fixed Wireless and Satellite Upgrade Program",
    "target_eligibility_quarter": "NA"
   }
  },
  {
   "type": "Feature",
   "geometry": {
    "type": "Point",
    "coordinates": [
     138.56733032,
     -34.60489456
    ]
   },
   "properties": {
    "name": "3 CAVALLARO PLACE LEWISTON 5501",
    "locID": "LOC000113488970",
    "tech": "WIRELESS",
    "upgrade": "NULL_NA",
    "gnaf_pid": "GASA_425137524",
    "ee": true,
    "tech_change_status": "Not Planned",
    "program_type": "Fixed Wireless and Satellite Upgrade Program",
    "target_eligibility_quarter": "NA"
   }
  },
  {
   "type": "Feature",
   "geometry": {
    "type": "Point",
    "coordinates": [
     138.56594676,
     -34.6067087
    ]
   },
   "properties": {
    "name": "8 CAVALLARO PLACE LEWISTON 5501",
    "locID": "LOC100029127269",
    "tech": "WIRELESS",
    "upgrade": "NULL_NA",
    "gnaf_pid": "GASA_425137525",
    "ee": true,
    "tech_change_status": "Not Planned",
    "program_type": "Fixed Wireless and Satellite Upgrade Program",
    "target_eligibility_quarter": "NA"
   }
  },
  {
   "type": "Feature",
   "geometry": {
    "type": "Point",
    "coordinates": [
     138.58565102,
     -34.6110873
    ]
   },
   "properties": {
    "name": "151A DAWKINS ROAD LEWISTON 5501",
    "locID": "LOC000180617819",
    "tech": "WIRELESS",
    "upgrade": "FTTP",
    "gnaf_pid": "GASA_425137946",
    "ee": true,
    "tech_change_status": "Eligible to Order",
    "program_type": "Regional Area Flip",
    "target_eligibility_quarter": "NA"
   }
  },
  {
   "type": "Feature",
   "geometry": {
    "type": "Point",
    "coordinates": [
     138.60083302,
     -34.59354263
    ]
   },
   "properties": {
    "name": "2 ELOUISE COURT LEWISTON 5501",
    "locID": "LOC000172355917",
    "tech": "FTTP",
    "upgrade": "NULL_NA",
    "gnaf_pid": "GASA_425138193",
    "ee": true,
    "tech_change_status": "Eligible to Order",
    "program_type": "Regional Area Flip",
    "target_eligibility_quarter": "NA"
   }
  },
  {
   "type": "Feature",
   "geometry": {
    "type": "Point",
    "coordinates": [
     138.60163309,
     -34.59353286
    ]
   },
   "properties": {
    "name": "4 ELOUISE COURT LEWISTON 5501",
    "locID": "LOC000131315427",
    "tech": "WIRELESS",
    "upgrade": "FTTP",
    "gnaf_pid": "GASA_425138194",
    "ee": true,
    "tech_change_status": "Eligible to Order",
    "program_type": "Regional Area Flip",
    "target_eligibility_quarter": "NA"
   }
  },
  {
   "type": "Feature",
   "geometry": {
    "type": "Point",
    "coordinates": [
     138.59988451,
     -34.59484854
    ]
   },
   "properties": {
    "name": "1 KURT WAY LEWISTON 5501",
    "locID": "LOC000177473224",
    "tech": "FTTP",
    "upgrade": "NULL_NA",
    "gnaf_pid": "GASA_425139019",
    "ee": true,
    "tech_change_status": "Previous Tech Disconnected",
    "program_type": "Regional Area Flip",
    "target_eligibility_quarter": "NA"
   }
  },
  {
   "type": "Feature",
   "geometry": {
    "type": "Point",
    "coordinates": [
     138.59775959,
     -34.59464645
    ]
   },
   "properties": {
    "name": "3 KURT WAY LEWISTON 5501",
    "locID": "LOC000180514863",
    "tech": "FTTP",
    "upgrade": "NULL_NA",
    "gnaf_pid": "GASA_425139020",
    "ee": true,
    "tech_change_status": "Previous Tech Disconnected",
    "program_type": "Regional Area Flip",
    "target_eligibility_quarter": "NA"
   }
  },
  {
   "type": "Feature",
   "geometry": {
    "type": "Point",
    "coordinates": [
     138.56776997,
     -34.5903911
    ]
   },
   "properties": {
    "name": "16 FROST NORTH ROAD LEWISTON 5501",
    "locID": "LOC000182149365",
    "tech": "WIRELESS",
    "upgrade": "NULL_NA",
    "gnaf_pid": "GASA_425188869",
    "ee": true,
    "tech_change_status": "Not Planned",
    "program_type": "Fixed Wireless and Satellite Upgrade Program",
    "target_eligibility_quarter": "NA"
   }
  },
  {
   "type": "Feature",
   "geometry": {
    "type": "Point",
    "coordinates": [
     138.567665,
     -34.588277
    ]
   },
   "properties": {
    "name": "40 FROST NORTH ROAD LEWISTON 5501",
    "locID": "LOC000181103499",
    "tech": "WIRELESS",
    "upgrade": "NULL_NA",
    "gnaf_pid": "GASA_425188870",
    "ee": true,
    "tech_change_status": "Not Planned",
    "program_type": "Fixed Wireless and Satellite Upgrade Program",
    "target_eligibility_quarter": "NA"
   }
  },
  {
   "type": "Feature",
   "geometry": {
    "type": "Point",
    "coordinates": [
     138.56749744,
     -34.58823042
    ]
   },
   "properties": {
    "name": "41 FROST NORTH ROAD LEWISTON 5501",
    "locID": "LOC000183921491",
    "tech": "WIRELESS",
    "upgrade": "NULL_NA",
    "gnaf_pid": "GASA_425188871",
    "ee": true,
    "tech_change_status": "Not Planned",
    "program_type": "Fixed Wireless and Satellite Upgrade Program",
    "target_eligibility_quarter": "NA"
   }
  },
  {
   "type": "Feature",
   "geometry": {
    "type": "Point",
    "coordinates": [
     138.56760987,
     -34.5863484
    ]
   },
   "properties": {
    "name": "62 FROST NORTH ROAD LEWISTON 5501",
    "locID": "LOC000164231296",
    "tech": "WIRELESS",
    "upgrade": "NULL_NA",
    "gnaf_pid": "GASA_425188872",
    "ee": true,
    "tech_change_status": "Not Planned",
    "program_type": "Fixed Wireless and Satellite Upgrade Program",
    "target_eligibility_quarter": "NA"
   }
  },
  {
   "type": "Feature",
   "geometry": {
    "type": "Point",
    "coordinates": [
     138.56753495,
     -34.58479044
    ]
   },
   "properties": {
    "name": "78 FROST NORTH ROAD LEWISTON 5501",
    "locID": "LOC000160921634",
    "tech": "WIRELESS",
    "upgrade": "NULL_NA",
    "gnaf_pid": "GASA_425188873",
    "ee": true,
    "tech_change_status": "Not Planned",
    "program_type": "Fixed Wireless and Satellite Upgrade Program",
    "target_eligibility_quarter": "NA"
   }
  },
  {
   "type": "Feature",
   "geometry": {
    "type": "Point",
    "coordinates": [
     138.56751231,
     -34.58303213
    ]
   },
   "properties": {
    "name": "98 FROST NORTH ROAD LEWISTON 5501",
    "locID": "LOC100078860362",
    "tech": "WIRELESS",
    "upgrade": "NULL_NA",
    "gnaf_pid": "GASA_425188874",
    "ee": true,
    "tech_change_status": "Not Planned",
    "program_type": "Fixed Wireless and Satellite Upgrade Program",
    "target_eligibility_quarter": "NA"
   }
  },
  {
   "type": "Feature",
   "geometry": {
    "type": "Point",
    "coordinates": [
     138.60328185,
     -34.59683957
    ]
   },
   "properties": {
    "name": "2 DOHNT ROAD LEWISTON 5501",
    "locID": "LOC000180780791",
    "tech": "FTTP",
    "upgrade": "NULL_NA",
    "gnaf_pid": "GASA_425195113",
    "ee": true,
    "tech_change_status": "Previous Tech Disconnected",
    "program_type": "Regional Area Flip"
   }
  },
  {
   "type": "Feature",
   "geometry": {
    "type": "Point",
    "coordinates": [
     138.60214649,
     -34.59547596
    ]
   },
   "properties": {
    "name": "3 DOHNT ROAD LEWISTON 5501",
    "locID": "LOC100021522516",
    "tech": "FTTP",
    "upgrade": "NULL_NA",
    "gnaf_pid": "GASA_425195114",
    "ee": true,
    "tech_change_status": "Previous Tech Disconnected",
    "program_type": "Regional Area Flip"
   }
  },
  {
   "type": "Feature",
   "geometry": {
    "type": "Point",
    "coordinates": [
     138.60248238,
     -34.59689354
    ]
   },
   "properties": {
    "name": "4 DOHNT ROAD LEWISTON 5501",
    "locID": "LOC000178698432",
    "tech": "FTTP",
    "upgrade": "NULL_NA",
    "gnaf_pid": "GASA_425195115",
    "ee": true,
    "tech_change_status": "Previous Tech Disconnected",
    "program_type": "Regional Area Flip",
    "target_eligibility_quarter": "NA"
   }
  },
  {
   "type": "Feature",
   "geometry": {
    "type": "Point",
    "coordinates": [
     138.56715896,
     -34.60676635
    ]
   },
   "properties": {
    "name": "4 CAVALLARO PLACE LEWISTON 5501",
    "locID": "LOC100056450953",
    "tech": "WIRELESS",
    "upgrade": "NULL_NA",
    "gnaf_pid": "GASA_425195738",
    "ee": true,
    "tech_change_status": "Not Planned",
    "program_type": "Fixed Wireless and Satellite Upgrade Program",
    "target_eligibility_quarter": "NA"
   }
  },
  {
   "type": "Feature",
   "geometry": {
    "type": "Point",
    "coordinates": [
     138.60311701,
     -34.59562728
    ]
   },
   "properties": {
    "name": "1 DOHNT ROAD LEWISTON 5501",
    "locID": "LOC100020228890",
    "tech": "WIRELESS",
    "upgrade": "FTTP",
    "gnaf_pid": "GASA_425195848",
    "ee": true,
    "tech_change_status": "Eligible to Order",
    "program_type": "Regional Area Flip",
    "target_eligibility_quarter": "NA"
   }
  },
  {
   "type": "Feature",
   "geometry": {
    "type": "Point",
    "coordinates": [
     138.56757078,
     -34.58650685
    ]
   },
   "properties": {
    "name": "156 FROST NORTH ROAD LEWISTON 5501",
    "locID": "LOC000178701155",
    "tech": "WIRELESS",
    "upgrade": "NULL_NA",
    "gnaf_pid": "GASA_425195988",
    "ee": true,
    "tech_change_status": "Not Planned",
    "program_type": "Fixed Wireless and Satellite Upgrade Program",
    "target_eligibility_quarter": "NA"
   }
  },
  {
   "type": "Feature",
   "geometry": {
    "type": "Point",
    "coordinates": [
     138.55712259,
     -34.60596434
    ]
   },
   "properties": {
    "name": "52 GERMANTOWN ROAD LEWISTON 5501",
    "locID": "LOC000131334685",
    "tech": "WIRELESS",
    "upgrade": "NULL_NA",
    "gnaf_pid": "GASA_425196005",
    "ee": true,
    "tech_change_status": "Not Planned",
    "program_type": "Fixed Wireless and Satellite Upgrade Program",
    "target_eligibility_quarter": "NA"
   }
  },
  {
   "type": "Feature",
   "geometry": {
    "type": "Point",
    "coordinates": [
     138.55706968,
     -34.60461335
    ]
   },
   "properties": {
    "name": "58 GERMANTOWN ROAD LEWISTON 5501",
    "locID": "LOC000161096062",
    "tech": "WIRELESS",
    "upgrade": "NULL_NA",
    "gnaf_pid": "GASA_425196006",
    "ee": true,
    "tech_change_status": "Not Planned",
    "program_type": "Fixed Wireless and Satellite Upgrade Program",
    "target_eligibility_quarter": "NA"
   }
  },
  {
   "type": "Feature",
   "geometry": {
    "type": "Point",
    "coordinates": [
     138.62202694,
     -34.59493427
    ]
   },
   "properties": {
    "name": "8 MARGARET ROAD LEWISTON 5501",
    "locID": "LOC100072002108",
    "tech": "WIRELESS",
    "upgrade": "NULL_NA",
    "gnaf_pid": "GASA_425255604",
    "ee": true,
    "tech_change_status": "Eligible to Order",
    "program_type": "Regional Area Flip"
   }
  },
  {
   "type": "Feature",
   "geometry": {
    "type": "Point",
    "coordinates": [
     138.57179485,
     -34.61967834
    ]
   },
   "properties": {
    "name": "13 ST GEORGE BOULEVARD LEWISTON 5501",
    "locID": "LOC100078110220",
    "tech": "WIRELESS",
    "upgrade": "NULL_NA",
    "gnaf_pid": "GASA_425257138",
    "ee": true,
    "tech_change_status": "Not Planned",
    "program_type": "Fixed Wireless and Satellite Upgrade Program",
    "target_eligibility_quarter": "NA"
   }
  },
  {
   "type": "Feature",
   "geometry": {
    "type": "Point",
    "coordinates": [
     138.57182455,
     -34.62044197
    ]
   },
   "properties": {
    "name": "15 ST GEORGE BOULEVARD LEWISTON 5501",
    "locID": "LOC100056451247",
    "tech": "WIRELESS",
    "upgrade": "NULL_NA",
    "gnaf_pid": "GASA_425257139",
    "ee": true,
    "tech_change_status": "Not Planned",
    "program_type": "Fixed Wireless and Satellite Upgrade Program",
    "target_eligibility_quarter": "NA"
   }
  },
  {
   "type": "Feature",
   "geometry": {
    "type": "Point",
    "coordinates": [
     138.57837458,
     -34.60824098
    ]
   },
   "properties": {
    "name": "3 MORIAS COURT LEWISTON 5501",
    "locID": "LOC000131315830",
    "tech": "FTTP",
    "upgrade": "NULL_NA",
    "gnaf_pid": "GASA_425258495",
    "ee": true,
    "tech_change_status": "Previous Tech Disconnected",
    "program_type": "Regional Area Flip"
   }
  },
  {
   "type": "Feature",
   "geometry": {
    "type": "Point",
    "coordinates": [
     138.57940278,
     -34.61626894
    ]
   },
   "properties": {
    "name": "39A BETHESDA ROAD LEWISTON 5501",
    "locID": "LOC000171921429",
    "tech": "WIRELESS",
    "upgrade": "FTTP",
    "gnaf_pid": "GASA_425358068",
    "ee": true,
    "tech_change_status": "Eligible to Order",
    "program_type": "Regional Area Flip",
    "target_eligibility_quarter": "NA"
   }
  },
  {
   "type": "Feature",
   "geometry": {
    "type": "Point",
    "coordinates": [
     138.58195616,
     -34.60883229
    ]
   },
   "properties": {
    "name": "54 BETHESDA ROAD LEWISTON 5501",
    "locID": "LOC000131273781",
    "tech": "FTTP",
    "upgrade": "NULL_NA",
    "gnaf_pid": "GASA_425358069",
    "ee": true,
    "tech_change_status": "Eligible to Order",
    "program_type": "Regional Area Flip"
   }
  },
  {
   "type": "Feature",
   "geometry": {
    "type": "Point",
    "coordinates": [
     138.55705162,
     -34.60417379
    ]
   },
   "properties": {
    "name": "60 GERMANTOWN ROAD LEWISTON 5501",
    "locID": "LOC000131334644",
    "tech": "WIRELESS",
    "upgrade": "NULL_NA",
    "gnaf_pid": "GASA_425358361",
    "ee": true,
    "tech_change_status": "Not Planned",
    "program_type": "Fixed Wireless and Satellite Upgrade Program",
    "target_eligibility_quarter": "NA"
   }
  },
  {
   "type": "Feature",
   "geometry": {
    "type": "Point",
    "coordinates": [
     138.58005052,
     -34.60748759
    ]
   },
   "properties": {
    "name": "2 MORIAS COURT LEWISTON 5501",
    "locID": "LOC000131315784",
    "tech": "FTTP",
    "upgrade": "NULL_NA",
    "gnaf_pid": "GASA_425358587",
    "ee": true,
    "tech_change_status": "Previous Tech Disconnected",
    "program_type": "Regional Area Flip"
   }
  },
  {
   "type": "Feature",
   "geometry": {
    "type": "Point",
    "coordinates": [
     138.59545327,
     -34.61294585
    ]
   },
   "properties": {
    "name": "166 DAWKINS ROAD LEWISTON 5501",
    "locID": "LOC000131301233",
    "tech": "WIRELESS",
    "upgrade": "FTTP",
    "gnaf_pid": "GASA_425396155",
    "ee": true,
    "tech_change_status": "Eligible to Order",
    "program_type": "Regional Area Flip",
    "target_eligibility_quarter": "NA"
   }
  },
  {
   "type": "Feature",
   "geometry": {
    "type": "Point",
    "coordinates": [
     138.55708732,
     -34.60506368
    ]
   },
   "properties": {
    "name": "56 GERMANTOWN ROAD LEWISTON 5501",
    "locID": "LOC100020821622",
    "tech": "WIRELESS",
    "upgrade": "NULL_NA",
    "gnaf_pid": "GASA_425396231",
    "ee": true,
    "tech_change_status": "Not Planned",
    "program_type": "Fixed Wireless and Satellite Upgrade Program",
    "target_eligibility_quarter": "NA"
   }
  },
  {
   "type": "Feature",
   "geometry": {
    "type": "Point",
    "coordinates": [
     138.60409449,
     -34.62075482
    ]
   },
   "properties": {
    "name": "149-151 GAWLER RIVER ROAD LEWISTON 5501",
    "locID": "LOC000064220495",
    "tech": "FTTP",
    "upgrade": "NULL_NA",
    "gnaf_pid": "GASA_425438009",
    "ee": true,
    "tech_change_status": "Eligible to Order",
    "program_type": "Regional Area Flip",
    "target_eligibility_quarter": "NA"
   }
  },
  {
   "type": "Feature",
   "geometry": {
    "type": "Point",
    "coordinates": [
     138.58376314,
     -34.62765162
    ]
   },
   "properties": {
    "name": "26 GAWLER RIVER ROAD LEWISTON 5501",
    "locID": "LOC100072002955",
    "tech": "FTTP",
    "upgrade": "NULL_NA",
    "gnaf_pid": "GASA_425456633",
    "ee": true,
    "tech_change_status": "Previous Tech Disconnected",
    "program_type": "Regional Area Flip",
    "target_eligibility_quarter": "NA"
   }
  },
  {
   "type": "Feature",
   "geometry": {
    "type": "Point",
    "coordinates": [
     138.59308545,
     -34.62576586
    ]
   },
   "properties": {
    "name": "36 GAWLER RIVER ROAD LEWISTON 5501",
    "locID": "LOC000107788977",
    "tech": "WIRELESS",
    "upgrade": "NULL_NA",
    "gnaf_pid": "GASA_425456634",
    "ee": true,
    "tech_change_status": "Not Planned",
    "program_type": "Fixed Wireless and Satellite Upgrade Program",
    "target_eligibility_quarter": "NA"
   }
  },
  {
   "type": "Feature",
   "geometry": {
    "type": "Point",
    "coordinates": [
     138.55710496,
     -34.60551401
    ]
   },
   "properties": {
    "name": "54 GERMANTOWN ROAD LEWISTON 5501",
    "locID": "LOC100018655793",
    "tech": "WIRELESS",
    "upgrade": "NULL_NA",
    "gnaf_pid": "GASA_425456638",
    "ee": true,
    "tech_change_status": "Not Planned",
    "program_type": "Fixed Wireless and Satellite Upgrade Program",
    "target_eligibility_quarter": "NA"
   }
  },
  {
   "type": "Feature",
   "geometry": {
    "type": "Point",
    "coordinates": [
     138.58193338,
     -34.60820528
    ]
   },
   "properties": {
    "name": "56 BETHESDA ROAD LEWISTON 5501",
    "locID": "LOC000190374269",
    "tech": "WIRELESS",
    "upgrade": "NULL_NA",
    "gnaf_pid": "GASA_425505085",
    "ee": true,
    "tech_change_status": "Eligible to Order",
    "program_type": "Regional Area Flip"
   }
  },
  {
   "type": "Feature",
   "geometry": {
    "type": "Point",
    "coordinates": [
     138.57605702,
     -34.61609402
    ]
   },
   "properties": {
    "name": "7 CANNIZZARO ROAD LEWISTON 5501",
    "locID": "LOC000131282508",
    "tech": "WIRELESS",
    "upgrade": "FTTP",
    "gnaf_pid": "GASA_425505126",
    "ee": true,
    "tech_change_status": "Eligible to Order",
    "program_type": "Regional Area Flip",
    "target_eligibility_quarter": "NA"
   }
  },
  {
   "type": "Feature",
   "geometry": {
    "type": "Point",
    "coordinates": [
     138.6022837,
     -34.5991081
    ]
   },
   "properties": {
    "name": "10 KURT WAY LEWISTON 5501",
    "locID": "LOC100018046804",
    "tech": "FTTP",
    "upgrade": "NULL_NA",
    "gnaf_pid": "GASA_425532639",
    "ee": true,
    "tech_change_status": "Eligible to Order",
    "program_type": "Regional Area Flip"
   }
  },
  {
   "type": "Feature",
   "geometry": {
    "type": "Point",
    "coordinates": [
     138.61100988,
     -34.5985886
    ]
   },
   "properties": {
    "name": "2A LIONEL ROAD LEWISTON 5501",
    "locID": "LOC100024872362",
    "tech": "WIRELESS",
    "upgrade": "NULL_NA",
    "gnaf_pid": "GASA_425534002",
    "ee": true,
    "tech_change_status": "Eligible to Order",
    "program_type": "Regional Area Flip"
   }
  },
  {
   "type": "Feature",
   "geometry": {
    "type": "Point",
    "coordinates": [
     138.58197909,
     -34.60945926
    ]
   },
   "properties": {
    "name": "52 BETHESDA ROAD LEWISTON 5501",
    "locID": "LOC000109572448",
    "tech": "FTTP",
    "upgrade": "NULL_NA",
    "gnaf_pid": "GASA_425597099",
    "ee": true,
    "tech_change_status": "Eligible to Order",
    "program_type": "Regional Area Flip"
   }
  },
  {
   "type": "Feature",
   "geometry": {
    "type": "Point",
    "coordinates": [
     138.57805536,
     -34.61661383
    ]
   },
   "properties": {
    "name": "10 CANNIZZARO ROAD LEWISTON 5501",
    "locID": "LOC100072002597",
    "tech": "FTTP",
    "upgrade": "NULL_NA",
    "gnaf_pid": "GASA_425635827",
    "ee": true,
    "tech_change_status": "Previous Tech Disconnected",
    "program_type": "Regional Area Flip",
    "target_eligibility_quarter": "NA"
   }
  },
  {
   "type": "Feature",
   "geometry": {
    "type": "Point",
    "coordinates": [
     138.56536463,
     -34.60672392
    ]
   },
   "properties": {
    "name": "10 CAVALLARO PLACE LEWISTON 5501",
    "locID": "LOC100056450878",
    "tech": "WIRELESS",
    "upgrade": "NULL_NA",
    "gnaf_pid": "GASA_425635849",
    "ee": true,
    "tech_change_status": "Not Planned",
    "program_type": "Fixed Wireless and Satellite Upgrade Program",
    "target_eligibility_quarter": "NA"
   }
  },
  {
   "type": "Feature",
   "geometry": {
    "type": "Point",
    "coordinates": [
     138.56275918,
     -34.60547844
    ]
   },
   "properties": {
    "name": "19 CAVALLARO PLACE LEWISTON 5501",
    "locID": "LOC000131282583",
    "tech": "WIRELESS",
    "upgrade": "NULL_NA",
    "gnaf_pid": "GASA_425635850",
    "ee": true,
    "tech_change_status": "Not Planned",
    "program_type": "Fixed Wireless and Satellite Upgrade Program",
    "target_eligibility_quarter": "NA"
   }
  },
  {
   "type": "Feature",
   "geometry": {
    "type": "Point",
    "coordinates": [
     138.5678484,
     -34.60681731
    ]
   },
   "properties": {
    "name": "2 CAVALLARO PLACE LEWISTON 5501",
    "locID": "LOC100056450911",
    "tech": "WIRELESS",
    "upgrade": "NULL_NA",
    "gnaf_pid": "GASA_425635851",
    "ee": true,
    "tech_change_status": "Not Planned",
    "program_type": "Fixed Wireless and Satellite Upgrade Program",
    "target_eligibility_quarter": "NA"
   }
  },
  {
   "type": "Feature",
   "geometry": {
    "type": "Point",
    "coordinates": [
     138.5925738,
     -34.59116635
    ]
   },
   "properties": {
    "name": "68 GAWLER ROAD LEWISTON 5501",
    "locID": "LOC100078108850",
    "tech": "WIRELESS",
    "upgrade": "NULL_NA",
    "gnaf_pid": "GASA_425636342",
    "ee": true,
    "tech_change_status": "Not Planned",
    "program_type": "Fixed Wireless and Satellite Upgrade Program",
    "target_eligibility_quarter": "NA"
   }
  },
  {
   "type": "Feature",
   "geometry": {
    "type": "Point",
    "coordinates": [
     138.59296126,
     -34.61214182
    ]
   },
   "properties": {
    "name": "57 DAWKINS ROAD LEWISTON 5501",
    "locID": "LOC000029442521",
    "tech": "WIRELESS",
    "upgrade": "NULL_NA",
    "gnaf_pid": "GASA_425716744",
    "ee": true,
    "tech_change_status": "Not Planned",
    "program_type": "Fixed Wireless and Satellite Upgrade Program",
    "target_eligibility_quarter": "NA"
   }
  },
  {
   "type": "Feature",
   "geometry": {
    "type": "Point",
    "coordinates": [
     138.59296126,
     -34.61214182
    ]
   },
   "properties": {
    "name": "6 DAWKINS ROAD LEWISTON 5501",
    "locID": "LOC100056451027",
    "tech": "WIRELESS",
    "upgrade": "NULL_NA",
    "gnaf_pid": "GASA_425716746",
    "ee": true,
    "tech_change_status": "Not Planned",
    "program_type": "Fixed Wireless and Satellite Upgrade Program",
    "target_eligibility_quarter": "NA"
   }
  },
  {
   "type": "Feature",
   "geometry": {
    "type": "Point",
    "coordinates": [
     138.57936107,
     -34.61486861
    ]
   },
   "properties": {
    "name": "39B BETHESDA ROAD LEWISTON 5501",
    "locID": "LOC100080298925",
    "tech": "FTTP",
    "upgrade": "NULL_NA",
    "gnaf_pid": "GASA_425719042",
    "ee": true,
    "tech_change_status": "Eligible to Order",
    "program_type": "Regional Area Flip"
   }
  },
  {
   "type": "Feature",
   "geometry": {
    "type": "Point",
    "coordinates": [
     138.59707146,
     -34.61661187
    ]
   },
   "properties": {
    "name": "18 CLEMENTS ROAD LEWISTON 5501",
    "locID": "LOC100080298788",
    "tech": "FTTP",
    "upgrade": "NULL_NA",
    "gnaf_pid": "GASA_425719886",
    "ee": true,
    "tech_change_status": "Eligible to Order",
    "program_type": "Regional Area Flip"
   }
  },
  {
   "type": "Feature",
   "geometry": {
    "type": "Point",
    "coordinates": [
     138.57864226,
     -34.61110348
    ]
   },
   "properties": {
    "name": "131A DAWKINS ROAD LEWISTON 5501",
    "locID": "LOC000185502750",
    "tech": "WIRELESS",
    "upgrade": "FTTP",
    "gnaf_pid": "GASA_425720167",
    "ee": true,
    "tech_change_status": "Eligible to Order",
    "program_type": "Regional Area Flip",
    "target_eligibility_quarter": "NA"
   }
  },
  {
   "type": "Feature",
   "geometry": {
    "type": "Point",
    "coordinates": [
     138.59599811,
     -34.61293219
    ]
   },
   "properties": {
    "name": "168 DAWKINS ROAD LEWISTON 5501",
    "locID": "LOC000131301267",
    "tech": "FTTP",
    "upgrade": "NULL_NA",
    "gnaf_pid": "GASA_425720169",
    "ee": true,
    "tech_change_status": "Eligible to Order",
    "program_type": "Regional Area Flip"
   }
  },
  {
   "type": "Feature",
   "geometry": {
    "type": "Point",
    "coordinates": [
     138.59708763,
     -34.61290487
    ]
   },
   "properties": {
    "name": "172 DAWKINS ROAD LEWISTON 5501",
    "locID": "LOC100080299042",
    "tech": "FTTP",
    "upgrade": "NULL_NA",
    "gnaf_pid": "GASA_425720170",
    "ee": true,
    "tech_change_status": "Previous Tech Disconnected",
    "program_type": "Regional Area Flip"
   }
  },
  {
   "type": "Feature",
   "geometry": {
    "type": "Point",
    "coordinates": [
     138.59763239,
     -34.61289116
    ]
   },
   "properties": {
    "name": "174 DAWKINS ROAD LEWISTON 5501",
    "locID": "LOC100072002448",
    "tech": "FTTP",
    "upgrade": "NULL_NA",
    "gnaf_pid": "GASA_425720171",
    "ee": true,
    "tech_change_status": "Eligible to Order",
    "program_type": "Regional Area Flip"
   }
  },
  {
   "type": "Feature",
   "geometry": {
    "type": "Point",
    "coordinates": [
     138.59821269,
     -34.61287731
    ]
   },
   "properties": {
    "name": "176 DAWKINS ROAD LEWISTON 5501",
    "locID": "LOC100080295717",
    "tech": "FTTP",
    "upgrade": "NULL_NA",
    "gnaf_pid": "GASA_425720172",
    "ee": true,
    "tech_change_status": "Eligible to Order",
    "program_type": "Regional Area Flip"
   }
  },
  {
   "type": "Feature",
   "geometry": {
    "type": "Point",
    "coordinates": [
     138.56752281,
     -34.5865487
    ]
   },
   "properties": {
    "name": "59 FROST NORTH ROAD LEWISTON 5501",
    "locID": "LOC100056451015",
    "tech": "WIRELESS",
    "upgrade": "NULL_NA",
    "gnaf_pid": "GASA_425720788",
    "ee": true,
    "tech_change_status": "Not Planned",
    "program_type": "Fixed Wireless and Satellite Upgrade Program",
    "target_eligibility_quarter": "NA"
   }
  },
  {
   "type": "Feature",
   "geometry": {
    "type": "Point",
    "coordinates": [
     138.56828133,
     -34.59255937
    ]
   },
   "properties": {
    "name": "104 FROST ROAD LEWISTON 5501",
    "locID": "LOC100087477624",
    "tech": "WIRELESS",
    "upgrade": "NULL_NA",
    "gnaf_pid": "GASA_425720790",
    "ee": true,
    "tech_change_status": "Not Planned",
    "program_type": "Fixed Wireless and Satellite Upgrade Program",
    "target_eligibility_quarter": "NA"
   }
  },
  {
   "type": "Feature",
   "geometry": {
    "type": "Point",
    "coordinates": [
     138.56820903,
     -34.625732
    ]
   },
   "properties": {
    "name": "20 GAWLER RIVER ROAD LEWISTON 5501",
    "locID": "LOC100078110119",
    "tech": "WIRELESS",
    "upgrade": "NULL_NA",
    "gnaf_pid": "GASA_425720857",
    "ee": true,
    "tech_change_status": "Not Planned",
    "program_type": "Fixed Wireless and Satellite Upgrade Program",
    "target_eligibility_quarter": "NA"
   }
  },
  {
   "type": "Feature",
   "geometry": {
    "type": "Point",
    "coordinates": [
     138.59927811,
     -34.62441205
    ]
   },
   "properties": {
    "name": "44 GAWLER RIVER ROAD LEWISTON 5501",
    "locID": "LOC000096512710",
    "tech": "FTTP",
    "upgrade": "NULL_NA",
    "gnaf_pid": "GASA_425720859",
    "ee": true,
    "tech_change_status": "Previous Tech Disconnected",
    "program_type": "Regional Area Flip"
   }
  },
  {
   "type": "Feature",
   "geometry": {
    "type": "Point",
    "coordinates": [
     138.57269932,
     -34.5988541
    ]
   },
   "properties": {
    "name": "5 GOSS ROAD LEWISTON 5501",
    "locID": "LOC000075289380",
    "tech": "FTTP",
    "upgrade": "NULL_NA",
    "gnaf_pid": "GASA_425721018",
    "ee": true,
    "tech_change_status": "Eligible to Order",
    "program_type": "Regional Area Flip"
   }
  },
  {
   "type": "Feature",
   "geometry": {
    "type": "Point",
    "coordinates": [
     138.57582551,
     -34.59620217
    ]
   },
   "properties": {
    "name": "6 GOSS ROAD LEWISTON 5501",
    "locID": "LOC100056451164",
    "tech": "WIRELESS",
    "upgrade": "NULL_NA",
    "gnaf_pid": "GASA_425721019",
    "ee": true,
    "tech_change_status": "Not Planned",
    "program_type": "Fixed Wireless and Satellite Upgrade Program",
    "target_eligibility_quarter": "NA"
   }
  },
  {
   "type": "Feature",
   "geometry": {
    "type": "Point",
    "coordinates": [
     138.57265177,
     -34.59757019
    ]
   },
   "properties": {
    "name": "7 GOSS ROAD LEWISTON 5501",
    "locID": "LOC000131265179",
    "tech": "FTTP",
    "upgrade": "NULL_NA",
    "gnaf_pid": "GASA_425721020",
    "ee": true,
    "tech_change_status": "Eligible to Order",
    "program_type": "Regional Area Flip",
    "target_eligibility_quarter": "NA"
   }
  },
  {
   "type": "Feature",
   "geometry": {
    "type": "Point",
    "coordinates": [
     138.57689475,
     -34.6055172
    ]
   },
   "properties": {
    "name": "164A HAYMAN ROAD LEWISTON 5501",
    "locID": "LOC100080298994",
    "tech": "FTTP",
    "upgrade": "NULL_NA",
    "gnaf_pid": "GASA_425721265",
    "ee": true,
    "tech_change_status": "Eligible to Order",
    "program_type": "Regional Area Flip"
   }
  },
  {
   "type": "Feature",
   "geometry": {
    "type": "Point",
    "coordinates": [
     138.57979196,
     -34.60120625
    ]
   },
   "properties": {
    "name": "181 HAYMAN ROAD LEWISTON 5501",
    "locID": "LOC100080299003",
    "tech": "FTTP",
    "upgrade": "NULL_NA",
    "gnaf_pid": "GASA_425721266",
    "ee": true,
    "tech_change_status": "Previous Tech Disconnected",
    "program_type": "Regional Area Flip"
   }
  },
  {
   "type": "Feature",
   "geometry": {
    "type": "Point",
    "coordinates": [
     138.59938376,
     -34.6214565
    ]
   },
   "properties": {
    "name": "1 JUDD ROAD LEWISTON 5501",
    "locID": "LOC100056672666",
    "tech": "FTTP",
    "upgrade": "NULL_NA",
    "gnaf_pid": "GASA_425721764",
    "ee": true,
    "tech_change_status": "Previous Tech Disconnected",
    "program_type": "Regional Area Flip",
    "target_eligibility_quarter": "NA"
   }
  },
  {
   "type": "Feature",
   "geometry": {
    "type": "Point",
    "coordinates": [
     138.59844175,
     -34.61499737
    ]
   },
   "properties": {
    "name": "27 JUDD ROAD LEWISTON 5501",
    "locID": "LOC100080298774",
    "tech": "FTTP",
    "upgrade": "NULL_NA",
    "gnaf_pid": "GASA_425721765",
    "ee": true,
    "tech_change_status": "Eligible to Order",
    "program_type": "Regional Area Flip"
   }
  },
  {
   "type": "Feature",
   "geometry": {
    "type": "Point",
    "coordinates": [
     138.59645215,
     -34.59671632
    ]
   },
   "properties": {
    "name": "4 KURT WAY LEWISTON 5501",
    "locID": "LOC000172883089",
    "tech": "WIRELESS",
    "upgrade": "FTTP",
    "gnaf_pid": "GASA_425722052",
    "ee": true,
    "tech_change_status": "Eligible to Order",
    "program_type": "Regional Area Flip",
    "target_eligibility_quarter": "NA"
   }
  },
  {
   "type": "Feature",
   "geometry": {
    "type": "Point",
    "coordinates": [
     138.59812939,
     -34.59894968
    ]
   },
   "properties": {
    "name": "6 KURT WAY LEWISTON 5501",
    "locID": "LOC000175311985",
    "tech": "WIRELESS",
    "upgrade": "FTTP",
    "gnaf_pid": "GASA_425722053",
    "ee": true,
    "tech_change_status": "Eligible to Order",
    "program_type": "Regional Area Flip",
    "target_eligibility_quarter": "NA"
   }
  },
  {
   "type": "Feature",
   "geometry": {
    "type": "Point",
    "coordinates": [
     138.5996385,
     -34.59339867
    ]
   },
   "properties": {
    "name": "7 KURT WAY LEWISTON 5501",
    "locID": "LOC000177675709",
    "tech": "FTTP",
    "upgrade": "NULL_NA",
    "gnaf_pid": "GASA_425722054",
    "ee": true,
    "tech_change_status": "Previous Tech Disconnected",
    "program_type": "Regional Area Flip",
    "target_eligibility_quarter": "NA"
   }
  },
  {
   "type": "Feature",
   "geometry": {
    "type": "Point",
    "coordinates": [
     138.56786685,
     -34.6049288
    ]
   },
   "properties": {
    "name": "1 CAVALLARO PLACE LEWISTON 5501",
    "locID": "LOC000170134132",
    "tech": "WIRELESS",
    "upgrade": "NULL_NA",
    "gnaf_pid": "GASA_425726139",
    "ee": true,
    "tech_change_status": "Not Planned",
    "program_type": "Fixed Wireless and Satellite Upgrade Program",
    "target_eligibility_quarter": "NA"
   }
  },
  {
   "type": "Feature",
   "geometry": {
    "type": "Point",
    "coordinates": [
     138.59030801,
     -34.61129392
    ]
   },
   "properties": {
    "name": "169 DAWKINS ROAD LEWISTON 5501",
    "locID": "LOC100080311137",
    "tech": "FTTP",
    "upgrade": "NULL_NA",
    "gnaf_pid": "GASA_425726624",
    "ee": true,
    "tech_change_status": "Eligible to Order",
    "program_type": "Regional Area Flip"
   }
  },
  {
   "type": "Feature",
   "geometry": {
    "type": "Point",
    "coordinates": [
     138.5786285,
     -34.61928633
    ]
   },
   "properties": {
    "name": "4 MILBOURNE COURT LEWISTON 5501",
    "locID": "LOC100072002702",
    "tech": "FTTP",
    "upgrade": "NULL_NA",
    "gnaf_pid": "GASA_425806042",
    "ee": true,
    "tech_change_status": "Eligible to Order",
    "program_type": "Regional Area Flip"
   }
  },
  {
   "type": "Feature",
   "geometry": {
    "type": "Point",
    "coordinates": [
     138.58007665,
     -34.60819815
    ]
   },
   "properties": {
    "name": "1 MORIAS COURT LEWISTON 5501",
    "locID": "LOC000131315848",
    "tech": "FTTP",
    "upgrade": "NULL_NA",
    "gnaf_pid": "GASA_719046754",
    "ee": true,
    "tech_change_status": "Eligible to Order",
    "program_type": "Regional Area Flip"
   }
  },
  {
   "type": "Feature",
   "geometry": {
    "type": "Point",
    "coordinates": [
     138.57834781,
     -34.60753109
    ]
   },
   "properties": {
    "name": "4 MORIAS COURT LEWISTON 5501",
    "locID": "LOC000131315797",
    "tech": "FTTP",
    "upgrade": "NULL_NA",
    "gnaf_pid": "GASA_719046755",
    "ee": true,
    "tech_change_status": "Previous Tech Disconnected",
    "program_type": "Regional Area Flip"
   }
  },
  {
   "type": "Feature",
   "geometry": {
    "type": "Point",
    "coordinates": [
     138.58015951,
     -34.61006935
    ]
   },
   "properties": {
    "name": "49 BETHESDA ROAD LEWISTON 5501",
    "locID": "LOC000174769420",
    "tech": "FTTP",
    "upgrade": "NULL_NA",
    "gnaf_pid": "GASA_719048483",
    "ee": true,
    "tech_change_status": "Previous Tech Disconnected",
    "program_type": "Regional Area Flip",
    "target_eligibility_quarter": "NA"
   }
  },
  {
   "type": "Feature",
   "geometry": {
    "type": "Point",
    "coordinates": [
     138.57659695,
     -34.6075476
    ]
   },
   "properties": {
    "name": "6 MORIAS COURT LEWISTON 5501",
    "locID": "LOC100055832959",
    "tech": "FTTP",
    "upgrade": "NULL_NA",
    "gnaf_pid": "GASA_719048484",
    "ee": true,
    "tech_change_status": "Eligible to Order",
    "program_type": "Regional Area Flip"
   }
  },
  {
   "type": "Feature",
   "geometry": {
    "type": "Point",
    "coordinates": [
     138.57663178,
     -34.60826247
    ]
   },
   "properties": {
    "name": "5 MORIAS COURT LEWISTON 5501",
    "locID": "LOC100080298956",
    "tech": "FTTP",
    "upgrade": "NULL_NA",
    "gnaf_pid": "GASA_719048816",
    "ee": true,
    "tech_change_status": "Previous Tech Disconnected",
    "program_type": "Regional Area Flip"
   }
  },
  {
   "type": "Feature",
   "geometry": {
    "type": "Point",
    "coordinates": [
     138.57638082,
     -34.62168377
    ]
   },
   "properties": {
    "name": "15 MILBOURNE COURT LEWISTON 5501",
    "locID": "LOC100072002827",
    "tech": "FTTP",
    "upgrade": "NULL_NA",
    "gnaf_pid": "GASA_719186669",
    "ee": true,
    "tech_change_status": "Previous Tech Disconnected",
    "program_type": "Regional Area Flip",
    "target_eligibility_quarter": "NA"
   }
  },
  {
   "type": "Feature",
   "geometry": {
    "type": "Point",
    "coordinates": [
     138.56510315,
     -34.60483949
    ]
   },
   "properties": {
    "name": "11 CAVALLARO PLACE LEWISTON 5501",
    "locID": "LOC100056450897",
    "tech": "WIRELESS",
    "upgrade": "NULL_NA",
    "gnaf_pid": "GASA_719252839",
    "ee": true,
    "tech_change_status": "Not Planned",
    "program_type": "Fixed Wireless and Satellite Upgrade Program",
    "target_eligibility_quarter": "NA"
   }
  },
  {
   "type": "Feature",
   "geometry": {
    "type": "Point",
    "coordinates": [
     138.56454274,
     -34.60485313
    ]
   },
   "properties": {
    "name": "13 CAVALLARO PLACE LEWISTON 5501",
    "locID": "LOC100056450924",
    "tech": "WIRELESS",
    "upgrade": "NULL_NA",
    "gnaf_pid": "GASA_719252865",
    "ee": true,
    "tech_change_status": "Not Planned",
    "program_type": "Fixed Wireless and Satellite Upgrade Program",
    "target_eligibility_quarter": "NA"
   }
  },
  {
   "type": "Feature",
   "geometry": {
    "type": "Point",
    "coordinates": [
     138.57630272,
     -34.61988415
    ]
   },
   "properties": {
    "name": "7 MILBOURNE COURT LEWISTON 5501",
    "locID": "LOC100080298918",
    "tech": "FTTP",
    "upgrade": "NULL_NA",
    "gnaf_pid": "GASA_719253031",
    "ee": true,
    "tech_change_status": "Eligible to Order",
    "program_type": "Regional Area Flip"
   }
  },
  {
   "type": "Feature",
   "geometry": {
    "type": "Point",
    "coordinates": [
     138.57933972,
     -34.61925409
    ]
   },
   "properties": {
    "name": "2 MILBOURNE COURT LEWISTON 5501",
    "locID": "LOC000182551289",
    "tech": "WIRELESS",
    "upgrade": "FTTP",
    "gnaf_pid": "GASA_719253037",
    "ee": true,
    "tech_change_status": "Eligible to Order",
    "program_type": "Regional Area Flip",
    "target_eligibility_quarter": "NA"
   }
  },
  {
   "type": "Feature",
   "geometry": {
    "type": "Point",
    "coordinates": [
     138.57634017,
     -34.62078398
    ]
   },
   "properties": {
    "name": "11 MILBOURNE COURT LEWISTON 5501",
    "locID": "LOC100072002787",
    "tech": "FTTP",
    "upgrade": "NULL_NA",
    "gnaf_pid": "GASA_719253153",
    "ee": true,
    "tech_change_status": "Eligible to Order",
    "program_type": "Regional Area Flip"
   }
  },
  {
   "type": "Feature",
   "geometry": {
    "type": "Point",
    "coordinates": [
     138.5787547,
     -34.62171934
    ]
   },
   "properties": {
    "name": "14 MILBOURNE COURT LEWISTON 5501",
    "locID": "LOC000180272265",
    "tech": "WIRELESS",
    "upgrade": "FTTP",
    "gnaf_pid": "GASA_719253171",
    "ee": true,
    "tech_change_status": "Eligible to Order",
    "program_type": "Regional Area Flip",
    "target_eligibility_quarter": "NA"
   }
  },
  {
   "type": "Feature",
   "geometry": {
    "type": "Point",
    "coordinates": [
     138.57639128,
     -34.62213258
    ]
   },
   "properties": {
    "name": "17 MILBOURNE COURT LEWISTON 5501",
    "locID": "LOC100079871093",
    "tech": "FTTP",
    "upgrade": "NULL_NA",
    "gnaf_pid": "GASA_719253217",
    "ee": true,
    "tech_change_status": "Previous Tech Disconnected",
    "program_type": "Regional Area Flip"
   }
  },
  {
   "type": "Feature",
   "geometry": {
    "type": "Point",
    "coordinates": [
     138.57632141,
     -34.62033405
    ]
   },
   "properties": {
    "name": "9 MILBOURNE COURT LEWISTON 5501",
    "locID": "LOC100072002773",
    "tech": "FTTP",
    "upgrade": "NULL_NA",
    "gnaf_pid": "GASA_719253374",
    "ee": true,
    "tech_change_status": "Eligible to Order",
    "program_type": "Regional Area Flip"
   }
  },
  {
   "type": "Feature",
   "geometry": {
    "type": "Point",
    "coordinates": [
     138.5787099,
     -34.6207433
    ]
   },
   "properties": {
    "name": "10 MILBOURNE COURT LEWISTON 5501",
    "locID": "LOC000173102064",
    "tech": "WIRELESS",
    "upgrade": "FTTP",
    "gnaf_pid": "GASA_719253453",
    "ee": true,
    "tech_change_status": "Eligible to Order",
    "program_type": "Regional Area Flip",
    "target_eligibility_quarter": "NA"
   }
  },
  {
   "type": "Feature",
   "geometry": {
    "type": "Point",
    "coordinates": [
     138.57603566,
     -34.61555345
    ]
   },
   "properties": {
    "name": "5 CANNIZZARO ROAD LEWISTON 5501",
    "locID": "LOC000131278053",
    "tech": "FTTP",
    "upgrade": "NULL_NA",
    "gnaf_pid": "GASA_719253499",
    "ee": true,
    "tech_change_status": "Previous Tech Disconnected",
    "program_type": "Regional Area Flip",
    "target_eligibility_quarter": "NA"
   }
  },
  {
   "type": "Feature",
   "geometry": {
    "type": "Point",
    "coordinates": [
     138.57649006,
     -34.622586
    ]
   },
   "properties": {
    "name": "19 MILBOURNE COURT LEWISTON 5501",
    "locID": "LOC000178769435",
    "tech": "FTTP",
    "upgrade": "NULL_NA",
    "gnaf_pid": "GASA_719253685",
    "ee": true,
    "tech_change_status": "Previous Tech Disconnected",
    "program_type": "Regional Area Flip",
    "target_eligibility_quarter": "NA"
   }
  },
  {
   "type": "Feature",
   "geometry": {
    "type": "Point",
    "coordinates": [
     138.5779425,
     -34.61931346
    ]
   },
   "properties": {
    "name": "6 MILBOURNE COURT LEWISTON 5501",
    "locID": "LOC100072002725",
    "tech": "FTTP",
    "upgrade": "NULL_NA",
    "gnaf_pid": "GASA_719253820",
    "ee": true,
    "tech_change_status": "Previous Tech Disconnected",
    "program_type": "Regional Area Flip"
   }
  },
  {
   "type": "Feature",
   "geometry": {
    "type": "Point",
    "coordinates": [
     138.57877638,
     -34.62220802
    ]
   },
   "properties": {
    "name": "16 MILBOURNE COURT LEWISTON 5501",
    "locID": "LOC000181867343",
    "tech": "FTTP",
    "upgrade": "NULL_NA",
    "gnaf_pid": "GASA_719253887",
    "ee": true,
    "tech_change_status": "Previous Tech Disconnected",
    "program_type": "Regional Area Flip"
   }
  },
  {
   "type": "Feature",
   "geometry": {
    "type": "Point",
    "coordinates": [
     138.57869026,
     -34.62025741
    ]
   },
   "properties": {
    "name": "8 MILBOURNE COURT LEWISTON 5501",
    "locID": "LOC100072002756",
    "tech": "WIRELESS",
    "upgrade": "FTTP",
    "gnaf_pid": "GASA_719253897",
    "ee": true,
    "tech_change_status": "Eligible to Order",
    "program_type": "Regional Area Flip",
    "target_eligibility_quarter": "NA"
   }
  },
  {
   "type": "Feature",
   "geometry": {
    "type": "Point",
    "coordinates": [
     138.57873321,
     -34.62123056
    ]
   },
   "properties": {
    "name": "12 MILBOURNE COURT LEWISTON 5501",
    "locID": "LOC100072002794",
    "tech": "FTTP",
    "upgrade": "NULL_NA",
    "gnaf_pid": "GASA_719254033",
    "ee": true,
    "tech_change_status": "Previous Tech Disconnected",
    "program_type": "Regional Area Flip",
    "target_eligibility_quarter": "NA"
   }
  },
  {
   "type": "Feature",
   "geometry": {
    "type": "Point",
    "coordinates": [
     138.5763602,
     -34.62123391
    ]
   },
   "properties": {
    "name": "13 MILBOURNE COURT LEWISTON 5501",
    "locID": "LOC100080298902",
    "tech": "FTTP",
    "upgrade": "NULL_NA",
    "gnaf_pid": "GASA_719254034",
    "ee": true,
    "tech_change_status": "Eligible to Order",
    "program_type": "Regional Area Flip"
   }
  },
  {
   "type": "Feature",
   "geometry": {
    "type": "Point",
    "coordinates": [
     138.57694769,
     -34.61906587
    ]
   },
   "properties": {
    "name": "5 MILBOURNE COURT LEWISTON 5501",
    "locID": "LOC100072002718",
    "tech": "FTTP",
    "upgrade": "NULL_NA",
    "gnaf_pid": "GASA_719254056",
    "ee": true,
    "tech_change_status": "Previous Tech Disconnected",
    "program_type": "Regional Area Flip"
   }
  },
  {
   "type": "Feature",
   "geometry": {
    "type": "Point",
    "coordinates": [
     138.55783844,
     -34.61490748
    ]
   },
   "properties": {
    "name": "3 DUNLOP BOULEVARD LEWISTON 5501",
    "locID": "LOC000169256241",
    "tech": "WIRELESS",
    "upgrade": "NULL_NA",
    "gnaf_pid": "GASA_719399096",
    "ee": true,
    "tech_change_status": "Not Planned",
    "program_type": "Fixed Wireless and Satellite Upgrade Program",
    "target_eligibility_quarter": "NA"
   }
  },
  {
   "type": "Feature",
   "geometry": {
    "type": "Point",
    "coordinates": [
     138.5662221,
     -34.60481376
    ]
   },
   "properties": {
    "name": "7 CAVALLARO PLACE LEWISTON 5501",
    "locID": "LOC000131282605",
    "tech": "WIRELESS",
    "upgrade": "NULL_NA",
    "gnaf_pid": "GASA_719399642",
    "ee": true,
    "tech_change_status": "Not Planned",
    "program_type": "Fixed Wireless and Satellite Upgrade Program",
    "target_eligibility_quarter": "NA"
   }
  },
  {
   "type": "Feature",
   "geometry": {
    "type": "Point",
    "coordinates": [
     138.55715884,
     -34.60688967
    ]
   },
   "properties": {
    "name": "48 GERMANTOWN ROAD LEWISTON 5501",
    "locID": "LOC000169025413",
    "tech": "WIRELESS",
    "upgrade": "NULL_NA",
    "gnaf_pid": "GASA_719400246",
    "ee": true,
    "tech_change_status": "Not Planned",
    "program_type": "Fixed Wireless and Satellite Upgrade Program",
    "target_eligibility_quarter": "NA"
   }
  },
  {
   "type": "Feature",
   "geometry": {
    "type": "Point",
    "coordinates": [
     138.58795267,
     -34.59017298
    ]
   },
   "properties": {
    "name": "69 GAWLER ROAD LEWISTON 5501",
    "locID": "LOC000096608619",
    "tech": "WIRELESS",
    "upgrade": "NULL_NA",
    "gnaf_pid": "GASA_719400621",
    "ee": true,
    "tech_change_status": "Not Planned",
    "program_type": "Fixed Wireless and Satellite Upgrade Program",
    "target_eligibility_quarter": "NA"
   }
  },
  {
   "type": "Feature",
   "geometry": {
    "type": "Point",
    "coordinates": [
     138.56290603,
     -34.60614599
    ]
   },
   "properties": {
    "name": "20 CAVALLARO PLACE LEWISTON 5501",
    "locID": "LOC000131282577",
    "tech": "WIRELESS",
    "upgrade": "NULL_NA",
    "gnaf_pid": "GASA_719400666",
    "ee": true,
    "tech_change_status": "Not Planned",
    "program_type": "Fixed Wireless and Satellite Upgrade Program",
    "target_eligibility_quarter": "NA"
   }
  },
  {
   "type": "Feature",
   "geometry": {
    "type": "Point",
    "coordinates": [
     138.55897294,
     -34.61931083
    ]
   },
   "properties": {
    "name": "25 DUNLOP BOULEVARD LEWISTON 5501",
    "locID": "LOC000180268966",
    "tech": "WIRELESS",
    "upgrade": "NULL_NA",
    "gnaf_pid": "GASA_719451242",
    "ee": true,
    "tech_change_status": "Not Planned",
    "program_type": "Fixed Wireless and Satellite Upgrade Program",
    "target_eligibility_quarter": "NA"
   }
  },
  {
   "type": "Feature",
   "geometry": {
    "type": "Point",
    "coordinates": [
     138.56224149,
     -34.61782921
    ]
   },
   "properties": {
    "name": "6 PONTT ROAD LEWISTON 5501",
    "locID": "LOC000185994070",
    "tech": "WIRELESS",
    "upgrade": "NULL_NA",
    "gnaf_pid": "GASA_719451351",
    "ee": true,
    "tech_change_status": "Not Planned",
    "program_type": "Fixed Wireless and Satellite Upgrade Program",
    "target_eligibility_quarter": "NA"
   }
  },
  {
   "type": "Feature",
   "geometry": {
    "type": "Point",
    "coordinates": [
     138.55960765,
     -34.61723931
    ]
   },
   "properties": {
    "name": "14 DUNLOP BOULEVARD LEWISTON 5501",
    "locID": "LOC000178120466",
    "tech": "WIRELESS",
    "upgrade": "NULL_NA",
    "gnaf_pid": "GASA_719451521",
    "ee": true,
    "tech_change_status": "Not Planned",
    "program_type": "Fixed Wireless and Satellite Upgrade Program",
    "target_eligibility_quarter": "NA"
   }
  },
  {
   "type": "Feature",
   "geometry": {
    "type": "Point",
    "coordinates": [
     138.55742957,
     -34.61923106
    ]
   },
   "properties": {
    "name": "31 DUNLOP BOULEVARD LEWISTON 5501",
    "locID": "LOC000180598390",
    "tech": "WIRELESS",
    "upgrade": "NULL_NA",
    "gnaf_pid": "GASA_719451593",
    "ee": true,
    "tech_change_status": "Not Planned",
    "program_type": "Fixed Wireless and Satellite Upgrade Program",
    "target_eligibility_quarter": "NA"
   }
  },
  {
   "type": "Feature",
   "geometry": {
    "type": "Point",
    "coordinates": [
     138.59328489,
     -34.62271054
    ]
   },
   "properties": {
    "name": "119 GAWLER RIVER ROAD LEWISTON 5501",
    "locID": "LOC000179325223",
    "tech": "FTTP",
    "upgrade": "NULL_NA",
    "gnaf_pid": "GASA_719451608",
    "ee": true,
    "tech_change_status": "Eligible to Order",
    "program_type": "Regional Area Flip",
    "target_eligibility_quarter": "NA"
   }
  },
  {
   "type": "Feature",
   "geometry": {
    "type": "Point",
    "coordinates": [
     138.56002556,
     -34.61891978
    ]
   },
   "properties": {
    "name": "21 DUNLOP BOULEVARD LEWISTON 5501",
    "locID": "LOC000176667089",
    "tech": "WIRELESS",
    "upgrade": "NULL_NA",
    "gnaf_pid": "GASA_719451787",
    "ee": true,
    "tech_change_status": "Not Planned",
    "program_type": "Fixed Wireless and Satellite Upgrade Program",
    "target_eligibility_quarter": "NA"
   }
  },
  {
   "type": "Feature",
   "geometry": {
    "type": "Point",
    "coordinates": [
     138.56178112,
     -34.61517166
    ]
   },
   "properties": {
    "name": "11 DUNLOP BOULEVARD LEWISTON 5501",
    "locID": "LOC000173682365",
    "tech": "WIRELESS",
    "upgrade": "NULL_NA",
    "gnaf_pid": "GASA_719451971",
    "ee": true,
    "tech_change_status": "Not Planned",
    "program_type": "Fixed Wireless and Satellite Upgrade Program",
    "target_eligibility_quarter": "NA"
   }
  },
  {
   "type": "Feature",
   "geometry": {
    "type": "Point",
    "coordinates": [
     138.56178125,
     -34.61795988
    ]
   },
   "properties": {
    "name": "4 PONTT ROAD LEWISTON 5501",
    "locID": "LOC100074425232",
    "tech": "WIRELESS",
    "upgrade": "NULL_NA",
    "gnaf_pid": "GASA_719452117",
    "ee": true,
    "tech_change_status": "Not Planned",
    "program_type": "Fixed Wireless and Satellite Upgrade Program",
    "target_eligibility_quarter": "NA"
   }
  },
  {
   "type": "Feature",
   "geometry": {
    "type": "Point",
    "coordinates": [
     138.56022944,
     -34.61667104
    ]
   },
   "properties": {
    "name": "12 DUNLOP BOULEVARD LEWISTON 5501",
    "locID": "LOC100074425245",
    "tech": "WIRELESS",
    "upgrade": "NULL_NA",
    "gnaf_pid": "GASA_719452187",
    "ee": true,
    "tech_change_status": "Not Planned",
    "program_type": "Fixed Wireless and Satellite Upgrade Program",
    "target_eligibility_quarter": "NA"
   }
  },
  {
   "type": "Feature",
   "geometry": {
    "type": "Point",
    "coordinates": [
     138.55763873,
     -34.61611657
    ]
   },
   "properties": {
    "name": "4 DUNLOP BOULEVARD LEWISTON 5501",
    "locID": "LOC100074425250",
    "tech": "WIRELESS",
    "upgrade": "NULL_NA",
    "gnaf_pid": "GASA_719452263",
    "ee": true,
    "tech_change_status": "Not Planned",
    "program_type": "Fixed Wireless and Satellite Upgrade Program",
    "target_eligibility_quarter": "NA"
   }
  },
  {
   "type": "Feature",
   "geometry": {
    "type": "Point",
    "coordinates": [
     138.55956731,
     -34.61914979
    ]
   },
   "properties": {
    "name": "23 DUNLOP BOULEVARD LEWISTON 5501",
    "locID": "LOC000179296919",
    "tech": "WIRELESS",
    "upgrade": "NULL_NA",
    "gnaf_pid": "GASA_719452346",
    "ee": true,
    "tech_change_status": "Not Planned",
    "program_type": "Fixed Wireless and Satellite Upgrade Program",
    "target_eligibility_quarter": "NA"
   }
  },
  {
   "type": "Feature",
   "geometry": {
    "type": "Point",
    "coordinates": [
     138.56016311,
     -34.61576127
    ]
   },
   "properties": {
    "name": "10 DUNLOP BOULEVARD LEWISTON 5501",
    "locID": "LOC000180238256",
    "tech": "WIRELESS",
    "upgrade": "NULL_NA",
    "gnaf_pid": "GASA_719452390",
    "ee": true,
    "tech_change_status": "Not Planned",
    "program_type": "Fixed Wireless and Satellite Upgrade Program",
    "target_eligibility_quarter": "NA"
   }
  },
  {
   "type": "Feature",
   "geometry": {
    "type": "Point",
    "coordinates": [
     138.55687492,
     -34.61916107
    ]
   },
   "properties": {
    "name": "33 DUNLOP BOULEVARD LEWISTON 5501",
    "locID": "LOC000183621813",
    "tech": "WIRELESS",
    "upgrade": "NULL_NA",
    "gnaf_pid": "GASA_719452546",
    "ee": true,
    "tech_change_status": "Not Planned",
    "program_type": "Fixed Wireless and Satellite Upgrade Program",
    "target_eligibility_quarter": "NA"
   }
  },
  {
   "type": "Feature",
   "geometry": {
    "type": "Point",
    "coordinates": [
     138.56128813,
     -34.61786706
    ]
   },
   "properties": {
    "name": "2 PONTT ROAD LEWISTON 5501",
    "locID": "LOC100072002668",
    "tech": "WIRELESS",
    "upgrade": "NULL_NA",
    "gnaf_pid": "GASA_719452562",
    "ee": true,
    "tech_change_status": "Not Planned",
    "program_type": "Fixed Wireless and Satellite Upgrade Program",
    "target_eligibility_quarter": "NA"
   }
  },
  {
   "type": "Feature",
   "geometry": {
    "type": "Point",
    "coordinates": [
     138.56086916,
     -34.61820729
    ]
   },
   "properties": {
    "name": "17 DUNLOP BOULEVARD LEWISTON 5501",
    "locID": "LOC000179720184",
    "tech": "WIRELESS",
    "upgrade": "NULL_NA",
    "gnaf_pid": "GASA_719452649",
    "ee": true,
    "tech_change_status": "Not Planned",
    "program_type": "Fixed Wireless and Satellite Upgrade Program",
    "target_eligibility_quarter": "NA"
   }
  },
  {
   "type": "Feature",
   "geometry": {
    "type": "Point",
    "coordinates": [
     138.55923541,
     -34.61602076
    ]
   },
   "properties": {
    "name": "8 DUNLOP BOULEVARD LEWISTON 5501",
    "locID": "LOC000183577583",
    "tech": "WIRELESS",
    "upgrade": "NULL_NA",
    "gnaf_pid": "GASA_719452700",
    "ee": true,
    "tech_change_status": "Not Planned",
    "program_type": "Fixed Wireless and Satellite Upgrade Program",
    "target_eligibility_quarter": "NA"
   }
  },
  {
   "type": "Feature",
   "geometry": {
    "type": "Point",
    "coordinates": [
     138.55844452,
     -34.61931586
    ]
   },
   "properties": {
    "name": "27 DUNLOP BOULEVARD LEWISTON 5501",
    "locID": "LOC000182759196",
    "tech": "WIRELESS",
    "upgrade": "NULL_NA",
    "gnaf_pid": "GASA_719452752",
    "ee": true,
    "tech_change_status": "Not Planned",
    "program_type": "Fixed Wireless and Satellite Upgrade Program",
    "target_eligibility_quarter": "NA"
   }
  },
  {
   "type": "Feature",
   "geometry": {
    "type": "Point",
    "coordinates": [
     138.55792616,
     -34.61925749
    ]
   },
   "properties": {
    "name": "29 DUNLOP BOULEVARD LEWISTON 5501",
    "locID": "LOC000177965914",
    "tech": "WIRELESS",
    "upgrade": "NULL_NA",
    "gnaf_pid": "GASA_719452961",
    "ee": true,
    "tech_change_status": "Not Planned",
    "program_type": "Fixed Wireless and Satellite Upgrade Program",
    "target_eligibility_quarter": "NA"
   }
  },
  {
   "type": "Feature",
   "geometry": {
    "type": "Point",
    "coordinates": [
     138.55749758,
     -34.61739827
    ]
   },
   "properties": {
    "name": "20 DUNLOP BOULEVARD LEWISTON 5501",
    "locID": "LOC000180262769",
    "tech": "WIRELESS",
    "upgrade": "NULL_NA",
    "gnaf_pid": "GASA_719453569",
    "ee": true,
    "tech_change_status": "Not Planned",
    "program_type": "Fixed Wireless and Satellite Upgrade Program",
    "target_eligibility_quarter": "NA"
   }
  },
  {
   "type": "Feature",
   "geometry": {
    "type": "Point",
    "coordinates": [
     138.56138982,
     -34.61464975
    ]
   },
   "properties": {
    "name": "9 DUNLOP BOULEVARD LEWISTON 5501",
    "locID": "LOC100071320804",
    "tech": "WIRELESS",
    "upgrade": "NULL_NA",
    "gnaf_pid": "GASA_719453581",
    "ee": true,
    "tech_change_status": "Not Planned",
    "program_type": "Fixed Wireless and Satellite Upgrade Program",
    "target_eligibility_quarter": "NA"
   }
  },
  {
   "type": "Feature",
   "geometry": {
    "type": "Point",
    "coordinates": [
     138.5567884,
     -34.61741681
    ]
   },
   "properties": {
    "name": "22 DUNLOP BOULEVARD LEWISTON 5501",
    "locID": "LOC000179601234",
    "tech": "WIRELESS",
    "upgrade": "NULL_NA",
    "gnaf_pid": "GASA_719453616",
    "ee": true,
    "tech_change_status": "Not Planned",
    "program_type": "Fixed Wireless and Satellite Upgrade Program",
    "target_eligibility_quarter": "NA"
   }
  },
  {
   "type": "Feature",
   "geometry": {
    "type": "Point",
    "coordinates": [
     138.56049633,
     -34.6186681
    ]
   },
   "properties": {
    "name": "19 DUNLOP BOULEVARD LEWISTON 5501",
    "locID": "LOC000180350501",
    "tech": "WIRELESS",
    "upgrade": "NULL_NA",
    "gnaf_pid": "GASA_719453956",
    "ee": true,
    "tech_change_status": "Not Planned",
    "program_type": "Fixed Wireless and Satellite Upgrade Program",
    "target_eligibility_quarter": "NA"
   }
  },
  {
   "type": "Feature",
   "geometry": {
    "type": "Point",
    "coordinates": [
     138.55819795,
     -34.61741883
    ]
   },
   "properties": {
    "name": "18 DUNLOP BOULEVARD LEWISTON 5501",
    "locID": "LOC100071320804",
    "tech": "WIRELESS",
    "upgrade": "NULL_NA",
    "gnaf_pid": "GASA_719454016",
    "ee": true,
    "tech_change_status": "Not Planned",
    "program_type": "Fixed Wireless and Satellite Upgrade Program",
    "target_eligibility_quarter": "NA"
   }
  },
  {
   "type": "Feature",
   "geometry": {
    "type": "Point",
    "coordinates": [
     138.56012993,
     -34.61477858
    ]
   },
   "properties": {
    "name": "7 DUNLOP BOULEVARD LEWISTON 5501",
    "locID": "LOC000183183463",
    "tech": "WIRELESS",
    "upgrade": "NULL_NA",
    "gnaf_pid": "GASA_719454047",
    "ee": true,
    "tech_change_status": "Not Planned",
    "program_type": "Fixed Wireless and Satellite Upgrade Program",
    "target_eligibility_quarter": "NA"
   }
  },
  {
   "type": "Feature",
   "geometry": {
    "type": "Point",
    "coordinates": [
     138.55846706,
     -34.61605091
    ]
   },
   "properties": {
    "name": "6 DUNLOP BOULEVARD LEWISTON 5501",
    "locID": "LOC100072002550",
    "tech": "WIRELESS",
    "upgrade": "NULL_NA",
    "gnaf_pid": "GASA_719454116",
    "ee": true,
    "tech_change_status": "Not Planned",
    "program_type": "Fixed Wireless and Satellite Upgrade Program",
    "target_eligibility_quarter": "NA"
   }
  },
  {
   "type": "Feature",
   "geometry": {
    "type": "Point",
    "coordinates": [
     138.55679909,
     -34.61614048
    ]
   },
   "properties": {
    "name": "2 DUNLOP BOULEVARD LEWISTON 5501",
    "locID": "LOC000182201535",
    "tech": "WIRELESS",
    "upgrade": "NULL_NA",
    "gnaf_pid": "GASA_719454119",
    "ee": true,
    "tech_change_status": "Not Planned",
    "program_type": "Fixed Wireless and Satellite Upgrade Program",
    "target_eligibility_quarter": "NA"
   }
  },
  {
   "type": "Feature",
   "geometry": {
    "type": "Point",
    "coordinates": [
     138.55682707,
     -34.61492394
    ]
   },
   "properties": {
    "name": "1 DUNLOP BOULEVARD LEWISTON 5501",
    "locID": "LOC000169579598",
    "tech": "WIRELESS",
    "upgrade": "NULL_NA",
    "gnaf_pid": "GASA_719454151",
    "ee": true,
    "tech_change_status": "Not Planned",
    "program_type": "Fixed Wireless and Satellite Upgrade Program",
    "target_eligibility_quarter": "NA"
   }
  },
  {
   "type": "Feature",
   "geometry": {
    "type": "Point",
    "coordinates": [
     138.55893322,
     -34.61483973
    ]
   },
   "properties": {
    "name": "5 DUNLOP BOULEVARD LEWISTON 5501",
    "locID": "LOC000180581264",
    "tech": "WIRELESS",
    "upgrade": "NULL_NA",
    "gnaf_pid": "GASA_719454351",
    "ee": true,
    "tech_change_status": "Not Planned",
    "program_type": "Fixed Wireless and Satellite Upgrade Program",
    "target_eligibility_quarter": "NA"
   }
  },
  {
   "type": "Feature",
   "geometry": {
    "type": "Point",
    "coordinates": [
     138.55886896,
     -34.61744399
    ]
   },
   "properties": {
    "name": "16 DUNLOP BOULEVARD LEWISTON 5501",
    "locID": "LOC000176347044",
    "tech": "WIRELESS",
    "upgrade": "NULL_NA",
    "gnaf_pid": "GASA_719454470",
    "ee": true,
    "tech_change_status": "Not Planned",
    "program_type": "Fixed Wireless and Satellite Upgrade Program",
    "target_eligibility_quarter": "NA"
   }
  },
  {
   "type": "Feature",
   "geometry": {
    "type": "Point",
    "coordinates": [
     138.56165963,
     -34.61584454
    ]
   },
   "properties": {
    "name": "13 DUNLOP BOULEVARD LEWISTON 5501",
    "locID": "LOC000171943355",
    "tech": "WIRELESS",
    "upgrade": "NULL_NA",
    "gnaf_pid": "GASA_719454572",
    "ee": true,
    "tech_change_status": "Not Planned",
    "program_type": "Fixed Wireless and Satellite Upgrade Program",
    "target_eligibility_quarter": "NA"
   }
  },
  {
   "type": "Feature",
   "geometry": {
    "type": "Point",
    "coordinates": [
     138.59326426,
     -34.62211732
    ]
   },
   "properties": {
    "name": "3 PEDERICK ROAD LEWISTON 5501",
    "locID": "LOC100079023777",
    "tech": "FTTP",
    "upgrade": "NULL_NA",
    "gnaf_pid": "GASA_719515694",
    "ee": true,
    "tech_change_status": "Previous Tech Disconnected",
    "program_type": "Regional Area Flip",
    "target_eligibility_quarter": "NA"
   }
  },
  {
   "type": "Feature",
   "geometry": {
    "type": "Point",
    "coordinates": [
     138.557072,
     -34.62117577
    ]
   },
   "properties": {
    "name": "8 GERMANTOWN ROAD LEWISTON 5501",
    "locID": "LOC000183889539",
    "tech": "WIRELESS",
    "upgrade": "NULL_NA",
    "gnaf_pid": "GASA_719516133",
    "ee": true,
    "tech_change_status": "Not Planned",
    "program_type": "Fixed Wireless and Satellite Upgrade Program",
    "target_eligibility_quarter": "NA"
   }
  },
  {
   "type": "Feature",
   "geometry": {
    "type": "Point",
    "coordinates": [
     138.59318024,
     -34.61985789
    ]
   },
   "properties": {
    "name": "11 PEDERICK ROAD LEWISTON 5501",
    "locID": "LOC000182504554",
    "tech": "WIRELESS",
    "upgrade": "FTTP",
    "gnaf_pid": "GASA_719517551",
    "ee": true,
    "tech_change_status": "Eligible to Order",
    "program_type": "Regional Area Flip",
    "target_eligibility_quarter": "NA"
   }
  },
  {
   "type": "Feature",
   "geometry": {
    "type": "Point",
    "coordinates": [
     138.59324325,
     -34.62155246
    ]
   },
   "properties": {
    "name": "5 PEDERICK ROAD LEWISTON 5501",
    "locID": "LOC100080298859",
    "tech": "FTTP",
    "upgrade": "NULL_NA",
    "gnaf_pid": "GASA_719519860",
    "ee": true,
    "tech_change_status": "Eligible to Order",
    "program_type": "Regional Area Flip"
   }
  },
  {
   "type": "Feature",
   "geometry": {
    "type": "Point",
    "coordinates": [
     138.59322225,
     -34.6209876
    ]
   },
   "properties": {
    "name": "7 PEDERICK ROAD LEWISTON 5501",
    "locID": "LOC000116331027",
    "tech": "FTTP",
    "upgrade": "NULL_NA",
    "gnaf_pid": "GASA_719520998",
    "ee": true,
    "tech_change_status": "Eligible to Order",
    "program_type": "Regional Area Flip"
   }
  },
  {
   "type": "Feature",
   "geometry": {
    "type": "Point",
    "coordinates": [
     138.58371224,
     -34.61698268
    ]
   },
   "properties": {
    "name": "3 GREENS ROAD LEWISTON 5501",
    "locID": "LOC100072002623",
    "tech": "FTTP",
    "upgrade": "NULL_NA",
    "gnaf_pid": "GASA_719536764",
    "ee": true,
    "tech_change_status": "Eligible to Order",
    "program_type": "Regional Area Flip"
   }
  },
  {
   "type": "Feature",
   "geometry": {
    "type": "Point",
    "coordinates": [
     138.55719752,
     -34.60889315
    ]
   },
   "properties": {
    "name": "40 GERMANTOWN ROAD LEWISTON 5501",
    "locID": "LOC100078109567",
    "tech": "WIRELESS",
    "upgrade": "NULL_NA",
    "gnaf_pid": "GASA_719548907",
    "ee": true,
    "tech_change_status": "Not Planned",
    "program_type": "Fixed Wireless and Satellite Upgrade Program",
    "target_eligibility_quarter": "NA"
   }
  },
  {
   "type": "Feature",
   "geometry": {
    "type": "Point",
    "coordinates": [
     138.55726487,
     -34.61064602
    ]
   },
   "properties": {
    "name": "32 GERMANTOWN ROAD LEWISTON 5501",
    "locID": "LOC000182901610",
    "tech": "WIRELESS",
    "upgrade": "NULL_NA",
    "gnaf_pid": "GASA_719549102",
    "ee": true,
    "tech_change_status": "Not Planned",
    "program_type": "Fixed Wireless and Satellite Upgrade Program",
    "target_eligibility_quarter": "NA"
   }
  },
  {
   "type": "Feature",
   "geometry": {
    "type": "Point",
    "coordinates": [
     138.55723121,
     -34.60976957
    ]
   },
   "properties": {
    "name": "36 GERMANTOWN ROAD LEWISTON 5501",
    "locID": "LOC100078860434",
    "tech": "WIRELESS",
    "upgrade": "NULL_NA",
    "gnaf_pid": "GASA_719549416",
    "ee": true,
    "tech_change_status": "Not Planned",
    "program_type": "Fixed Wireless and Satellite Upgrade Program",
    "target_eligibility_quarter": "NA"
   }
  },
  {
   "type": "Feature",
   "geometry": {
    "type": "Point",
    "coordinates": [
     138.55714576,
     -34.6064264
    ]
   },
   "properties": {
    "name": "50 GERMANTOWN ROAD LEWISTON 5501",
    "locID": "LOC000179717799",
    "tech": "WIRELESS",
    "upgrade": "NULL_NA",
    "gnaf_pid": "GASA_719549525",
    "ee": true,
    "tech_change_status": "Not Planned",
    "program_type": "Fixed Wireless and Satellite Upgrade Program",
    "target_eligibility_quarter": "NA"
   }
  },
  {
   "type": "Feature",
   "geometry": {
    "type": "Point",
    "coordinates": [
     138.55728254,
     -34.61108419
    ]
   },
   "properties": {
    "name": "30 GERMANTOWN ROAD LEWISTON 5501",
    "locID": "LOC000185114186",
    "tech": "WIRELESS",
    "upgrade": "NULL_NA",
    "gnaf_pid": "GASA_719549611",
    "ee": true,
    "tech_change_status": "Not Planned",
    "program_type": "Fixed Wireless and Satellite Upgrade Program",
    "target_eligibility_quarter": "NA"
   }
  },
  {
   "type": "Feature",
   "geometry": {
    "type": "Point",
    "coordinates": [
     138.55724804,
     -34.61020778
    ]
   },
   "properties": {
    "name": "34 GERMANTOWN ROAD LEWISTON 5501",
    "locID": "LOC100078647501",
    "tech": "WIRELESS",
    "upgrade": "NULL_NA",
    "gnaf_pid": "GASA_719549726",
    "ee": true,
    "tech_change_status": "Not Planned",
    "program_type": "Fixed Wireless and Satellite Upgrade Program",
    "target_eligibility_quarter": "NA"
   }
  },
  {
   "type": "Feature",
   "geometry": {
    "type": "Point",
    "coordinates": [
     138.55717802,
     -34.60745392
    ]
   },
   "properties": {
    "name": "46 GERMANTOWN ROAD LEWISTON 5501",
    "locID": "LOC000175192046",
    "tech": "WIRELESS",
    "upgrade": "NULL_NA",
    "gnaf_pid": "GASA_719549753",
    "ee": true,
    "tech_change_status": "Not Planned",
    "program_type": "Fixed Wireless and Satellite Upgrade Program",
    "target_eligibility_quarter": "NA"
   }
  },
  {
   "type": "Feature",
   "geometry": {
    "type": "Point",
    "coordinates": [
     138.55721437,
     -34.60933136
    ]
   },
   "properties": {
    "name": "38 GERMANTOWN ROAD LEWISTON 5501",
    "locID": "LOC000189311579",
    "tech": "WIRELESS",
    "upgrade": "NULL_NA",
    "gnaf_pid": "GASA_719550029",
    "ee": true,
    "tech_change_status": "Not Planned",
    "program_type": "Fixed Wireless and Satellite Upgrade Program",
    "target_eligibility_quarter": "NA"
   }
  },
  {
   "type": "Feature",
   "geometry": {
    "type": "Point",
    "coordinates": [
     138.56238323,
     -34.60345132
    ]
   },
   "properties": {
    "name": "114 HAYMAN ROAD LEWISTON 5501",
    "locID": "LOC100072002261",
    "tech": "WIRELESS",
    "upgrade": "NULL_NA",
    "gnaf_pid": "GASA_719648531",
    "ee": true,
    "tech_change_status": "Not Planned",
    "program_type": "Fixed Wireless and Satellite Upgrade Program",
    "target_eligibility_quarter": "NA"
   }
  },
  {
   "type": "Feature",
   "geometry": {
    "type": "Point",
    "coordinates": [
     138.56296079,
     -34.60329913
    ]
   },
   "properties": {
    "name": "116 HAYMAN ROAD LEWISTON 5501",
    "locID": "LOC100072002235",
    "tech": "WIRELESS",
    "upgrade": "NULL_NA",
    "gnaf_pid": "GASA_719649015",
    "ee": true,
    "tech_change_status": "Not Planned",
    "program_type": "Fixed Wireless and Satellite Upgrade Program",
    "target_eligibility_quarter": "NA"
   }
  },
  {
   "type": "Feature",
   "geometry": {
    "type": "Point",
    "coordinates": [
     138.57520093,
     -34.60801717
    ]
   },
   "properties": {
    "name": "8 MORIAS COURT LEWISTON 5501",
    "locID": "LOC000131315811",
    "tech": "FTTP",
    "upgrade": "NULL_NA",
    "gnaf_pid": "GASA_719651010",
    "ee": true,
    "tech_change_status": "Eligible to Order",
    "program_type": "Regional Area Flip",
    "target_eligibility_quarter": "NA"
   }
  },
  {
   "type": "Feature",
   "geometry": {
    "type": "Point",
    "coordinates": [
     138.60072715,
     -34.62439253
    ]
   },
   "properties": {
    "name": "46 GAWLER RIVER ROAD LEWISTON 5501",
    "locID": "LOC000180324814",
    "tech": "FTTP",
    "upgrade": "NULL_NA",
    "gnaf_pid": "GASA_719702296",
    "ee": true,
    "tech_change_status": "Previous Tech Disconnected",
    "program_type": "Regional Area Flip",
    "target_eligibility_quarter": "NA"
   }
  },
  {
   "type": "Feature",
   "geometry": {
    "type": "Point",
    "coordinates": [
     138.58719437,
     -34.61663219
    ]
   },
   "properties": {
    "name": "13 GREENS ROAD LEWISTON 5501",
    "locID": "LOC100072002606",
    "tech": "FTTP",
    "upgrade": "NULL_NA",
    "gnaf_pid": "GASA_719702390",
    "ee": true,
    "tech_change_status": "Eligible to Order",
    "program_type": "Regional Area Flip"
   }
  },
  {
   "type": "Feature",
   "geometry": {
    "type": "Point",
    "coordinates": [
     138.58055823,
     -34.623129
    ]
   },
   "properties": {
    "name": "5 BETHESDA ROAD LEWISTON 5501",
    "locID": "LOC100072002858",
    "tech": "WIRELESS",
    "upgrade": "FTTP",
    "gnaf_pid": "GASA_719702464",
    "ee": true,
    "tech_change_status": "Eligible to Order",
    "program_type": "Regional Area Flip",
    "target_eligibility_quarter": "NA"
   }
  },
  {
   "type": "Feature",
   "geometry": {
    "type": "Point",
    "coordinates": [
     138.58006714,
     -34.61156552
    ]
   },
   "properties": {
    "name": "135 DAWKINS ROAD LEWISTON 5501",
    "locID": "LOC100072002385",
    "tech": "FTTP",
    "upgrade": "NULL_NA",
    "gnaf_pid": "GASA_719702569",
    "ee": true,
    "tech_change_status": "Eligible to Order",
    "program_type": "Regional Area Flip"
   }
  },
  {
   "type": "Feature",
   "geometry": {
    "type": "Point",
    "coordinates": [
     138.58166746,
     -34.61169211
    ]
   },
   "properties": {
    "name": "46 BETHESDA ROAD LEWISTON 5501",
    "locID": "LOC000131301417",
    "tech": "FTTP",
    "upgrade": "NULL_NA",
    "gnaf_pid": "GASA_719702784",
    "ee": true,
    "tech_change_status": "Eligible to Order",
    "program_type": "Regional Area Flip"
   }
  },
  {
   "type": "Feature",
   "geometry": {
    "type": "Point",
    "coordinates": [
     138.58652694,
     -34.61655683
    ]
   },
   "properties": {
    "name": "11 GREENS ROAD LEWISTON 5501",
    "locID": "LOC000109585031",
    "tech": "WIRELESS",
    "upgrade": "FTTP",
    "gnaf_pid": "GASA_719703234",
    "ee": true,
    "tech_change_status": "Eligible to Order",
    "program_type": "Regional Area Flip",
    "target_eligibility_quarter": "NA"
   }
  },
  {
   "type": "Feature",
   "geometry": {
    "type": "Point",
    "coordinates": [
     138.58434964,
     -34.61696662
    ]
   },
   "properties": {
    "name": "5 GREENS ROAD LEWISTON 5501",
    "locID": "LOC000176849414",
    "tech": "FTTP",
    "upgrade": "NULL_NA",
    "gnaf_pid": "GASA_719703412",
    "ee": true,
    "tech_change_status": "Previous Tech Disconnected",
    "program_type": "Regional Area Flip",
    "target_eligibility_quarter": "NA"
   }
  },
  {
   "type": "Feature",
   "geometry": {
    "type": "Point",
    "coordinates": [
     138.5596653,
     -34.60345029
    ]
   },
   "properties": {
    "name": "104 HAYMAN ROAD LEWISTON 5501",
    "locID": "LOC100072002257",
    "tech": "WIRELESS",
    "upgrade": "NULL_NA",
    "gnaf_pid": "GASA_719703504",
    "ee": true,
    "tech_change_status": "Not Planned",
    "program_type": "Fixed Wireless and Satellite Upgrade Program",
    "target_eligibility_quarter": "NA"
   }
  },
  {
   "type": "Feature",
   "geometry": {
    "type": "Point",
    "coordinates": [
     138.55848126,
     -34.60342818
    ]
   },
   "properties": {
    "name": "100 HAYMAN ROAD LEWISTON 5501",
    "locID": "LOC100072002242",
    "tech": "WIRELESS",
    "upgrade": "NULL_NA",
    "gnaf_pid": "GASA_719703668",
    "ee": true,
    "tech_change_status": "Not Planned",
    "program_type": "Fixed Wireless and Satellite Upgrade Program",
    "target_eligibility_quarter": "NA"
   }
  },
  {
   "type": "Feature",
   "geometry": {
    "type": "Point",
    "coordinates": [
     138.55712287,
     -34.61212727
    ]
   },
   "properties": {
    "name": "63 DAWKINS ROAD LEWISTON 5501",
    "locID": "LOC000178575011",
    "tech": "WIRELESS",
    "upgrade": "NULL_NA",
    "gnaf_pid": "GASA_719704024",
    "ee": true,
    "tech_change_status": "Not Planned",
    "program_type": "Fixed Wireless and Satellite Upgrade Program",
    "target_eligibility_quarter": "NA"
   }
  },
  {
   "type": "Feature",
   "geometry": {
    "type": "Point",
    "coordinates": [
     138.56129272,
     -34.60359313
    ]
   },
   "properties": {
    "name": "110 HAYMAN ROAD LEWISTON 5501",
    "locID": "LOC100072002290",
    "tech": "WIRELESS",
    "upgrade": "NULL_NA",
    "gnaf_pid": "GASA_719704102",
    "ee": true,
    "tech_change_status": "Not Planned",
    "program_type": "Fixed Wireless and Satellite Upgrade Program",
    "target_eligibility_quarter": "NA"
   }
  },
  {
   "type": "Feature",
   "geometry": {
    "type": "Point",
    "coordinates": [
     138.58394446,
     -34.61583782
    ]
   },
   "properties": {
    "name": "1 GREENS ROAD LEWISTON 5501",
    "locID": "LOC000176349189",
    "tech": "FTTP",
    "upgrade": "NULL_NA",
    "gnaf_pid": "GASA_719704676",
    "ee": true,
    "tech_change_status": "Previous Tech Disconnected",
    "program_type": "Regional Area Flip",
    "target_eligibility_quarter": "NA"
   }
  },
  {
   "type": "Feature",
   "geometry": {
    "type": "Point",
    "coordinates": [
     138.56022132,
     -34.60349931
    ]
   },
   "properties": {
    "name": "106 HAYMAN ROAD LEWISTON 5501",
    "locID": "LOC100072002274",
    "tech": "WIRELESS",
    "upgrade": "NULL_NA",
    "gnaf_pid": "GASA_719704871",
    "ee": true,
    "tech_change_status": "Not Planned",
    "program_type": "Fixed Wireless and Satellite Upgrade Program",
    "target_eligibility_quarter": "NA"
   }
  },
  {
   "type": "Feature",
   "geometry": {
    "type": "Point",
    "coordinates": [
     138.55908085,
     -34.60341831
    ]
   },
   "properties": {
    "name": "102 HAYMAN ROAD LEWISTON 5501",
    "locID": "LOC000181873112",
    "tech": "WIRELESS",
    "upgrade": "NULL_NA",
    "gnaf_pid": "GASA_719705203",
    "ee": true,
    "tech_change_status": "Not Planned",
    "program_type": "Fixed Wireless and Satellite Upgrade Program",
    "target_eligibility_quarter": "NA"
   }
  },
  {
   "type": "Feature",
   "geometry": {
    "type": "Point",
    "coordinates": [
     138.56181708,
     -34.60363018
    ]
   },
   "properties": {
    "name": "112 HAYMAN ROAD LEWISTON 5501",
    "locID": "LOC100072002300",
    "tech": "WIRELESS",
    "upgrade": "NULL_NA",
    "gnaf_pid": "GASA_719705340",
    "ee": true,
    "tech_change_status": "Not Planned",
    "program_type": "Fixed Wireless and Satellite Upgrade Program",
    "target_eligibility_quarter": "NA"
   }
  },
  {
   "type": "Feature",
   "geometry": {
    "type": "Point",
    "coordinates": [
     138.5607606,
     -34.60354664
    ]
   },
   "properties": {
    "name": "108 HAYMAN ROAD LEWISTON 5501",
    "locID": "LOC100072002288",
    "tech": "WIRELESS",
    "upgrade": "NULL_NA",
    "gnaf_pid": "GASA_719705436",
    "ee": true,
    "tech_change_status": "Not Planned",
    "program_type": "Fixed Wireless and Satellite Upgrade Program",
    "target_eligibility_quarter": "NA"
   }
  },
  {
   "type": "Feature",
   "geometry": {
    "type": "Point",
    "coordinates": [
     138.59654288,
     -34.61291855
    ]
   },
   "properties": {
    "name": "170 DAWKINS ROAD LEWISTON 5501",
    "locID": "LOC000131301312",
    "tech": "FTTP",
    "upgrade": "NULL_NA",
    "gnaf_pid": "GASA_719774817",
    "ee": true,
    "tech_change_status": "Eligible to Order",
    "program_type": "Regional Area Flip"
   }
  },
  {
   "type": "Feature",
   "geometry": {
    "type": "Point",
    "coordinates": [
     138.62606215,
     -34.61050997
    ]
   },
   "properties": {
    "name": "281 DAWKINS ROAD LEWISTON 5501",
    "locID": "LOC100080295701",
    "tech": "FTTP",
    "upgrade": "NULL_NA",
    "gnaf_pid": "GASA_719777310",
    "ee": true,
    "tech_change_status": "Eligible to Order",
    "program_type": "Regional Area Flip"
   }
  },
  {
   "type": "Feature",
   "geometry": {
    "type": "Point",
    "coordinates": [
     138.57790503,
     -34.61432482
    ]
   },
   "properties": {
    "name": "2 CANNIZZARO ROAD LEWISTON 5501",
    "locID": "LOC100080298939",
    "tech": "FTTP",
    "upgrade": "NULL_NA",
    "gnaf_pid": "GASA_719778792",
    "ee": true,
    "tech_change_status": "Previous Tech Disconnected",
    "program_type": "Regional Area Flip"
   }
  },
  {
   "type": "Feature",
   "geometry": {
    "type": "Point",
    "coordinates": [
     138.58106796,
     -34.62389166
    ]
   },
   "properties": {
    "name": "1 BETHESDA ROAD LEWISTON 5501",
    "locID": "LOC100080298885",
    "tech": "FTTP",
    "upgrade": "NULL_NA",
    "gnaf_pid": "GASA_719858952",
    "ee": true,
    "tech_change_status": "Previous Tech Disconnected",
    "program_type": "Regional Area Flip"
   }
  },
  {
   "type": "Feature",
   "geometry": {
    "type": "Point",
    "coordinates": [
     138.59101559,
     -34.59007366
    ]
   },
   "properties": {
    "name": "71 GAWLER ROAD LEWISTON 5501",
    "locID": "LOC000046741545",
    "tech": "WIRELESS",
    "upgrade": "NULL_NA",
    "gnaf_pid": "GASA_720072235",
    "ee": true,
    "tech_change_status": "Not Planned",
    "program_type": "Fixed Wireless and Satellite Upgrade Program",
    "target_eligibility_quarter": "NA"
   }
  },
  {
   "type": "Feature",
   "geometry": {
    "type": "Point",
    "coordinates": [
     138.61110379,
     -34.61502516
    ]
   },
   "properties": {
    "name": "218-220 DAWKINS ROAD LEWISTON 5501",
    "locID": "LOC000063383019",
    "tech": "FTTP",
    "upgrade": "NULL_NA",
    "gnaf_pid": "GASA_720072244",
    "ee": true,
    "tech_change_status": "Previous Tech Disconnected",
    "program_type": "Regional Area Flip"
   }
  },
  {
   "type": "Feature",
   "geometry": {
    "type": "Point",
    "coordinates": [
     138.58176993,
     -34.60393391
    ]
   },
   "properties": {
    "name": "68-70 BETHESDA ROAD LEWISTON 5501",
    "locID": "LOC000131273723",
    "tech": "FTTP",
    "upgrade": "NULL_NA",
    "gnaf_pid": "GASA_720072749",
    "ee": true,
    "tech_change_status": "Previous Tech Disconnected",
    "program_type": "Regional Area Flip",
    "target_eligibility_quarter": "NA"
   }
  },
  {
   "type": "Feature",
   "geometry": {
    "type": "Point",
    "coordinates": [
     138.567645,
     -34.587636
    ]
   },
   "properties": {
    "name": "48 FROST NORTH ROAD LEWISTON 5501",
    "locID": "LOC000184762130",
    "tech": "WIRELESS",
    "upgrade": "NULL_NA",
    "gnaf_pid": "GASA_720073106",
    "ee": true,
    "tech_change_status": "Not Planned",
    "program_type": "Fixed Wireless and Satellite Upgrade Program",
    "target_eligibility_quarter": "NA"
   }
  },
  {
   "type": "Feature",
   "geometry": {
    "type": "Point",
    "coordinates": [
     138.61241838,
     -34.61498409
    ]
   },
   "properties": {
    "name": "222-224 DAWKINS ROAD LEWISTON 5501",
    "locID": "LOC000032029801",
    "tech": "WIRELESS",
    "upgrade": "FTTP",
    "gnaf_pid": "GASA_720073505",
    "ee": true,
    "tech_change_status": "Eligible to Order",
    "program_type": "Regional Area Flip",
    "target_eligibility_quarter": "NA"
   }
  },
  {
   "type": "Feature",
   "geometry": {
    "type": "Point",
    "coordinates": [
     138.60792946,
     -34.6039372
    ]
   },
   "properties": {
    "name": "240-246 HAYMAN ROAD LEWISTON 5501",
    "locID": "LOC000097522529",
    "tech": "FTTP",
    "upgrade": "NULL_NA",
    "gnaf_pid": "GASA_720074524",
    "ee": true,
    "tech_change_status": "Eligible to Order",
    "program_type": "Regional Area Flip"
   }
  },
  {
   "type": "Feature",
   "geometry": {
    "type": "Point",
    "coordinates": [
     138.59724853,
     -34.62149952
    ]
   },
   "properties": {
    "name": "131 GAWLER RIVER ROAD LEWISTON 5501",
    "locID": "LOC000179876259",
    "tech": "WIRELESS",
    "upgrade": "FTTP",
    "gnaf_pid": "GASA_720187009",
    "ee": true,
    "tech_change_status": "Eligible to Order",
    "program_type": "Regional Area Flip",
    "target_eligibility_quarter": "NA"
   }
  },
  {
   "type": "Feature",
   "geometry": {
    "type": "Point",
    "coordinates": [
     138.56173013,
     -34.61649382
    ]
   },
   "properties": {
    "name": "8 PONTT ROAD LEWISTON 5501",
    "locID": "LOC100074425266",
    "tech": "WIRELESS",
    "upgrade": "NULL_NA",
    "gnaf_pid": "GASA_720189529",
    "ee": true,
    "tech_change_status": "Not Planned",
    "program_type": "Fixed Wireless and Satellite Upgrade Program",
    "target_eligibility_quarter": "NA"
   }
  },
  {
   "type": "Feature",
   "geometry": {
    "type": "Point",
    "coordinates": [
     138.62451771,
     -34.61885647
    ]
   },
   "properties": {
    "name": "209 GAWLER RIVER ROAD LEWISTON 5501",
    "locID": "LOC100078110119",
    "tech": "WIRELESS",
    "upgrade": "NULL_NA",
    "gnaf_pid": "GASA_720301447",
    "ee": true,
    "tech_change_status": "Not Planned",
    "program_type": "Fixed Wireless and Satellite Upgrade Program",
    "target_eligibility_quarter": "NA"
   }
  },
  {
   "type": "Feature",
   "geometry": {
    "type": "Point",
    "coordinates": [
     138.59681805,
     -34.6180227
    ]
   },
   "properties": {
    "name": "4 ALMOND COURT LEWISTON 5501",
    "locID": "LOC100080299061",
    "tech": "FTTP",
    "upgrade": "NULL_NA",
    "gnaf_pid": "GASA_720367166",
    "ee": true,
    "tech_change_status": "Eligible to Order",
    "program_type": "Regional Area Flip"
   }
  },
  {
   "type": "Feature",
   "geometry": {
    "type": "Point",
    "coordinates": [
     138.59795355,
     -34.61801526
    ]
   },
   "properties": {
    "name": "6 ALMOND COURT LEWISTON 5501",
    "locID": "LOC100080299057",
    "tech": "FTTP",
    "upgrade": "NULL_NA",
    "gnaf_pid": "GASA_720367255",
    "ee": true,
    "tech_change_status": "Previous Tech Disconnected",
    "program_type": "Regional Area Flip"
   }
  },
  {
   "type": "Feature",
   "geometry": {
    "type": "Point",
    "coordinates": [
     138.59625285,
     -34.61803511
    ]
   },
   "properties": {
    "name": "3 ALMOND COURT LEWISTON 5501",
    "locID": "LOC000077277558",
    "tech": "WIRELESS",
    "upgrade": "NULL_NA",
    "gnaf_pid": "GASA_720367619",
    "ee": true,
    "tech_change_status": "Eligible to Order",
    "program_type": "Regional Area Flip"
   }
  },
  {
   "type": "Feature",
   "geometry": {
    "type": "Point",
    "coordinates": [
     138.59568965,
     -34.61805108
    ]
   },
   "properties": {
    "name": "2 ALMOND COURT LEWISTON 5501",
    "locID": "LOC100080299074",
    "tech": "FTTP",
    "upgrade": "NULL_NA",
    "gnaf_pid": "GASA_720368633",
    "ee": true,
    "tech_change_status": "Eligible to Order",
    "program_type": "Regional Area Flip"
   }
  },
  {
   "type": "Feature",
   "geometry": {
    "type": "Point",
    "coordinates": [
     138.59738378,
     -34.61800664
    ]
   },
   "properties": {
    "name": "5 ALMOND COURT LEWISTON 5501",
    "locID": "LOC100080299061",
    "tech": "FTTP",
    "upgrade": "NULL_NA",
    "gnaf_pid": "GASA_720369151",
    "ee": true,
    "tech_change_status": "Eligible to Order",
    "program_type": "Regional Area Flip"
   }
  },
  {
   "type": "Feature",
   "geometry": {
    "type": "Point",
    "coordinates": [
     138.58897939,
     -34.62166479
    ]
   },
   "properties": {
    "name": "111 GAWLER RIVER ROAD LEWISTON 5501",
    "locID": "LOC100080298863",
    "tech": "FTTP",
    "upgrade": "NULL_NA",
    "gnaf_pid": "GASA_720415128",
    "ee": true,
    "tech_change_status": "Eligible to Order",
    "program_type": "Regional Area Flip"
   }
  },
  {
   "type": "Feature",
   "geometry": {
    "type": "Point",
    "coordinates": [
     138.56075807,
     -34.60548093
    ]
   },
   "properties": {
    "name": "11 PORTER COURT LEWISTON 5501",
    "locID": "LOC100079009330",
    "tech": "WIRELESS",
    "upgrade": "NULL_NA",
    "gnaf_pid": "GASA_720491492",
    "ee": true,
    "tech_change_status": "Not Planned",
    "program_type": "Fixed Wireless and Satellite Upgrade Program",
    "target_eligibility_quarter": "NA"
   }
  },
  {
   "type": "Feature",
   "geometry": {
    "type": "Point",
    "coordinates": [
     138.55972659,
     -34.60521677
    ]
   },
   "properties": {
    "name": "7 PORTER COURT LEWISTON 5501",
    "locID": "LOC000187585277",
    "tech": "WIRELESS",
    "upgrade": "NULL_NA",
    "gnaf_pid": "GASA_720491571",
    "ee": true,
    "tech_change_status": "Not Planned",
    "program_type": "Fixed Wireless and Satellite Upgrade Program",
    "target_eligibility_quarter": "NA"
   }
  },
  {
   "type": "Feature",
   "geometry": {
    "type": "Point",
    "coordinates": [
     138.56132265,
     -34.6073628
    ]
   },
   "properties": {
    "name": "3 POST ROAD LEWISTON 5501",
    "locID": "LOC100084931661",
    "tech": "WIRELESS",
    "upgrade": "NULL_NA",
    "gnaf_pid": "GASA_720491659",
    "ee": true,
    "tech_change_status": "Not Planned",
    "program_type": "Fixed Wireless and Satellite Upgrade Program",
    "target_eligibility_quarter": "NA"
   }
  },
  {
   "type": "Feature",
   "geometry": {
    "type": "Point",
    "coordinates": [
     138.55927291,
     -34.60966718
    ]
   },
   "properties": {
    "name": "12 POST ROAD LEWISTON 5501",
    "locID": "LOC100085048642",
    "tech": "WIRELESS",
    "upgrade": "NULL_NA",
    "gnaf_pid": "GASA_720491674",
    "ee": true,
    "tech_change_status": "Not Planned",
    "program_type": "Fixed Wireless and Satellite Upgrade Program",
    "target_eligibility_quarter": "NA"
   }
  },
  {
   "type": "Feature",
   "geometry": {
    "type": "Point",
    "coordinates": [
     138.56136095,
     -34.60787984
    ]
   },
   "properties": {
    "name": "5 POST ROAD LEWISTON 5501",
    "locID": "LOC000189315812",
    "tech": "WIRELESS",
    "upgrade": "NULL_NA",
    "gnaf_pid": "GASA_720491676",
    "ee": true,
    "tech_change_status": "Not Planned",
    "program_type": "Fixed Wireless and Satellite Upgrade Program",
    "target_eligibility_quarter": "NA"
   }
  },
  {
   "type": "Feature",
   "geometry": {
    "type": "Point",
    "coordinates": [
     138.56019463,
     -34.61088059
    ]
   },
   "properties": {
    "name": "18 POST ROAD LEWISTON 5501",
    "locID": "LOC100086157655",
    "tech": "WIRELESS",
    "upgrade": "NULL_NA",
    "gnaf_pid": "GASA_720491923",
    "ee": true,
    "tech_change_status": "Not Planned",
    "program_type": "Fixed Wireless and Satellite Upgrade Program",
    "target_eligibility_quarter": "NA"
   }
  },
  {
   "type": "Feature",
   "geometry": {
    "type": "Point",
    "coordinates": [
     138.5590762,
     -34.61080144
    ]
   },
   "properties": {
    "name": "16 POST ROAD LEWISTON 5501",
    "locID": "LOC000193398181",
    "tech": "WIRELESS",
    "upgrade": "NULL_NA",
    "gnaf_pid": "GASA_720492078",
    "ee": true,
    "tech_change_status": "Not Planned",
    "program_type": "Fixed Wireless and Satellite Upgrade Program",
    "target_eligibility_quarter": "NA"
   }
  },
  {
   "type": "Feature",
   "geometry": {
    "type": "Point",
    "coordinates": [
     138.5612796,
     -34.6055793
    ]
   },
   "properties": {
    "name": "13 PORTER COURT LEWISTON 5501",
    "locID": "LOC100085048707",
    "tech": "WIRELESS",
    "upgrade": "NULL_NA",
    "gnaf_pid": "GASA_720492141",
    "ee": true,
    "tech_change_status": "Not Planned",
    "program_type": "Fixed Wireless and Satellite Upgrade Program",
    "target_eligibility_quarter": "NA"
   }
  },
  {
   "type": "Feature",
   "geometry": {
    "type": "Point",
    "coordinates": [
     138.56114892,
     -34.60679399
    ]
   },
   "properties": {
    "name": "17 PORTER COURT LEWISTON 5501",
    "locID": "LOC100080543459",
    "tech": "WIRELESS",
    "upgrade": "NULL_NA",
    "gnaf_pid": "GASA_720492149",
    "ee": true,
    "tech_change_status": "Not Planned",
    "program_type": "Fixed Wireless and Satellite Upgrade Program",
    "target_eligibility_quarter": "NA"
   }
  },
  {
   "type": "Feature",
   "geometry": {
    "type": "Point",
    "coordinates": [
     138.5602543,
     -34.60537527
    ]
   },
   "properties": {
    "name": "9 PORTER COURT LEWISTON 5501",
    "locID": "LOC000188189560",
    "tech": "WIRELESS",
    "upgrade": "NULL_NA",
    "gnaf_pid": "GASA_720492162",
    "ee": true,
    "tech_change_status": "Not Planned",
    "program_type": "Fixed Wireless and Satellite Upgrade Program",
    "target_eligibility_quarter": "NA"
   }
  },
  {
   "type": "Feature",
   "geometry": {
    "type": "Point",
    "coordinates": [
     138.56136709,
     -34.6099909
    ]
   },
   "properties": {
    "name": "13 POST ROAD LEWISTON 5501",
    "locID": "LOC100087477630",
    "tech": "WIRELESS",
    "upgrade": "NULL_NA",
    "gnaf_pid": "GASA_720492269",
    "ee": true,
    "tech_change_status": "Not Planned",
    "program_type": "Fixed Wireless and Satellite Upgrade Program",
    "target_eligibility_quarter": "NA"
   }
  },
  {
   "type": "Feature",
   "geometry": {
    "type": "Point",
    "coordinates": [
     138.58943333,
     -34.61024261
    ]
   },
   "properties": {
    "name": "165A DAWKINS ROAD LEWISTON 5501",
    "locID": "LOC000195666829",
    "tech": "FTTP",
    "upgrade": "NULL_NA",
    "gnaf_pid": "GASA_720492530",
    "ee": true,
    "tech_change_status": "Previous Tech Disconnected",
    "program_type": "Regional Area Flip"
   }
  },
  {
   "type": "Feature",
   "geometry": {
    "type": "Point",
    "coordinates": [
     138.56179722,
     -34.61141807
    ]
   },
   "properties": {
    "name": "17 POST ROAD LEWISTON 5501",
    "locID": "LOC100085848044",
    "tech": "WIRELESS",
    "upgrade": "NULL_NA",
    "gnaf_pid": "GASA_720492651",
    "ee": true,
    "tech_change_status": "Not Planned",
    "program_type": "Fixed Wireless and Satellite Upgrade Program",
    "target_eligibility_quarter": "NA"
   }
  },
  {
   "type": "Feature",
   "geometry": {
    "type": "Point",
    "coordinates": [
     138.55930184,
     -34.6101862
    ]
   },
   "properties": {
    "name": "14 POST ROAD LEWISTON 5501",
    "locID": "LOC100087477533",
    "tech": "WIRELESS",
    "upgrade": "NULL_NA",
    "gnaf_pid": "GASA_720493038",
    "ee": true,
    "tech_change_status": "Not Planned",
    "program_type": "Fixed Wireless and Satellite Upgrade Program",
    "target_eligibility_quarter": "NA"
   }
  },
  {
   "type": "Feature",
   "geometry": {
    "type": "Point",
    "coordinates": [
     138.56178949,
     -34.61235371
    ]
   },
   "properties": {
    "name": "19 POST ROAD LEWISTON 5501",
    "locID": "LOC100087477598",
    "tech": "WIRELESS",
    "upgrade": "NULL_NA",
    "gnaf_pid": "GASA_720493395",
    "ee": true,
    "tech_change_status": "Not Planned",
    "program_type": "Fixed Wireless and Satellite Upgrade Program",
    "target_eligibility_quarter": "NA"
   }
  },
  {
   "type": "Feature",
   "geometry": {
    "type": "Point",
    "coordinates": [
     138.55804086,
     -34.60827578
    ]
   },
   "properties": {
    "name": "4 POST ROAD LEWISTON 5501",
    "locID": "LOC100087477580",
    "tech": "WIRELESS",
    "upgrade": "NULL_NA",
    "gnaf_pid": "GASA_720493628",
    "ee": true,
    "tech_change_status": "Not Planned",
    "program_type": "Fixed Wireless and Satellite Upgrade Program",
    "target_eligibility_quarter": "NA"
   }
  },
  {
   "type": "Feature",
   "geometry": {
    "type": "Point",
    "coordinates": [
     138.55939198,
     -34.60857905
    ]
   },
   "properties": {
    "name": "8 POST ROAD LEWISTON 5501",
    "locID": "LOC000189671902",
    "tech": "WIRELESS",
    "upgrade": "NULL_NA",
    "gnaf_pid": "GASA_720493705",
    "ee": true,
    "tech_change_status": "Not Planned",
    "program_type": "Fixed Wireless and Satellite Upgrade Program",
    "target_eligibility_quarter": "NA"
   }
  },
  {
   "type": "Feature",
   "geometry": {
    "type": "Point",
    "coordinates": [
     138.56622659,
     -34.6030781
    ]
   },
   "properties": {
    "name": "122 HAYMAN ROAD LEWISTON 5501",
    "locID": "LOC100087477567",
    "tech": "WIRELESS",
    "upgrade": "NULL_NA",
    "gnaf_pid": "GASA_720493804",
    "ee": true,
    "tech_change_status": "Not Planned",
    "program_type": "Fixed Wireless and Satellite Upgrade Program",
    "target_eligibility_quarter": "NA"
   }
  },
  {
   "type": "Feature",
   "geometry": {
    "type": "Point",
    "coordinates": [
     138.55671786,
     -34.60831508
    ]
   },
   "properties": {
    "name": "2 POST ROAD LEWISTON 5501",
    "locID": "LOC100084735253",
    "tech": "WIRELESS",
    "upgrade": "NULL_NA",
    "gnaf_pid": "GASA_720494026",
    "ee": true,
    "tech_change_status": "Not Planned",
    "program_type": "Fixed Wireless and Satellite Upgrade Program",
    "target_eligibility_quarter": "NA"
   }
  },
  {
   "type": "Feature",
   "geometry": {
    "type": "Point",
    "coordinates": [
     138.56454049,
     -34.60312263
    ]
   },
   "properties": {
    "name": "118 HAYMAN ROAD LEWISTON 5501",
    "locID": "LOC100078914420",
    "tech": "WIRELESS",
    "upgrade": "NULL_NA",
    "gnaf_pid": "GASA_720494103",
    "ee": true,
    "tech_change_status": "Not Planned",
    "program_type": "Fixed Wireless and Satellite Upgrade Program",
    "target_eligibility_quarter": "NA"
   }
  },
  {
   "type": "Feature",
   "geometry": {
    "type": "Point",
    "coordinates": [
     138.55917916,
     -34.60512633
    ]
   },
   "properties": {
    "name": "5 PORTER COURT LEWISTON 5501",
    "locID": "LOC100087477611",
    "tech": "WIRELESS",
    "upgrade": "NULL_NA",
    "gnaf_pid": "GASA_720494114",
    "ee": true,
    "tech_change_status": "Not Planned",
    "program_type": "Fixed Wireless and Satellite Upgrade Program",
    "target_eligibility_quarter": "NA"
   }
  },
  {
   "type": "Feature",
   "geometry": {
    "type": "Point",
    "coordinates": [
     138.56159784,
     -34.61060189
    ]
   },
   "properties": {
    "name": "15 POST ROAD LEWISTON 5501",
    "locID": "LOC000189266327",
    "tech": "WIRELESS",
    "upgrade": "NULL_NA",
    "gnaf_pid": "GASA_720494139",
    "ee": true,
    "tech_change_status": "Not Planned",
    "program_type": "Fixed Wireless and Satellite Upgrade Program",
    "target_eligibility_quarter": "NA"
   }
  },
  {
   "type": "Feature",
   "geometry": {
    "type": "Point",
    "coordinates": [
     138.56181539,
     -34.60567988
    ]
   },
   "properties": {
    "name": "15 PORTER COURT LEWISTON 5501",
    "locID": "LOC100081545060",
    "tech": "WIRELESS",
    "upgrade": "NULL_NA",
    "gnaf_pid": "GASA_720494436",
    "ee": true,
    "tech_change_status": "Not Planned",
    "program_type": "Fixed Wireless and Satellite Upgrade Program",
    "target_eligibility_quarter": "NA"
   }
  },
  {
   "type": "Feature",
   "geometry": {
    "type": "Point",
    "coordinates": [
     138.56126227,
     -34.60841768
    ]
   },
   "properties": {
    "name": "7 POST ROAD LEWISTON 5501",
    "locID": "LOC000187550427",
    "tech": "WIRELESS",
    "upgrade": "NULL_NA",
    "gnaf_pid": "GASA_720494989",
    "ee": true,
    "tech_change_status": "Not Planned",
    "program_type": "Fixed Wireless and Satellite Upgrade Program",
    "target_eligibility_quarter": "NA"
   }
  },
  {
   "type": "Feature",
   "geometry": {
    "type": "Point",
    "coordinates": [
     138.56127918,
     -34.60893763
    ]
   },
   "properties": {
    "name": "9 POST ROAD LEWISTON 5501",
    "locID": "LOC100087477579",
    "tech": "WIRELESS",
    "upgrade": "NULL_NA",
    "gnaf_pid": "GASA_720495115",
    "ee": true,
    "tech_change_status": "Not Planned",
    "program_type": "Fixed Wireless and Satellite Upgrade Program",
    "target_eligibility_quarter": "NA"
   }
  },
  {
   "type": "Feature",
   "geometry": {
    "type": "Point",
    "coordinates": [
     138.56541966,
     -34.60309939
    ]
   },
   "properties": {
    "name": "120 HAYMAN ROAD LEWISTON 5501",
    "locID": "LOC100087477546",
    "tech": "WIRELESS",
    "upgrade": "NULL_NA",
    "gnaf_pid": "GASA_720495568",
    "ee": true,
    "tech_change_status": "Not Planned",
    "program_type": "Fixed Wireless and Satellite Upgrade Program",
    "target_eligibility_quarter": "NA"
   }
  },
  {
   "type": "Feature",
   "geometry": {
    "type": "Point",
    "coordinates": [
     138.56122393,
     -34.6094658
    ]
   },
   "properties": {
    "name": "11 POST ROAD LEWISTON 5501",
    "locID": "LOC100087477607",
    "tech": "WIRELESS",
    "upgrade": "NULL_NA",
    "gnaf_pid": "GASA_720495598",
    "ee": true,
    "tech_change_status": "Not Planned",
    "program_type": "Fixed Wireless and Satellite Upgrade Program",
    "target_eligibility_quarter": "NA"
   }
  },
  {
   "type": "Feature",
   "geometry": {
    "type": "Point",
    "coordinates": [
     138.55860524,
     -34.60509
    ]
   },
   "properties": {
    "name": "3 PORTER COURT LEWISTON 5501",
    "locID": "LOC100079389828",
    "tech": "WIRELESS",
    "upgrade": "NULL_NA",
    "gnaf_pid": "GASA_720495817",
    "ee": true,
    "tech_change_status": "Not Planned",
    "program_type": "Fixed Wireless and Satellite Upgrade Program",
    "target_eligibility_quarter": "NA"
   }
  },
  {
   "type": "Feature",
   "geometry": {
    "type": "Point",
    "coordinates": [
     138.5696882,
     -34.62240777
    ]
   },
   "properties": {
    "name": "6 ST ANDREWS ROAD LEWISTON 5501",
    "locID": "LOC100074664743",
    "tech": "WIRELESS",
    "upgrade": "NULL_NA",
    "gnaf_pid": "GASA_720496594",
    "ee": true,
    "tech_change_status": "Not Planned",
    "program_type": "Fixed Wireless and Satellite Upgrade Program",
    "target_eligibility_quarter": "NA"
   }
  },
  {
   "type": "Feature",
   "geometry": {
    "type": "Point",
    "coordinates": [
     138.56972151,
     -34.6231896
    ]
   },
   "properties": {
    "name": "4 ST ANDREWS ROAD LEWISTON 5501",
    "locID": "LOC000183999146",
    "tech": "WIRELESS",
    "upgrade": "NULL_NA",
    "gnaf_pid": "GASA_720496623",
    "ee": true,
    "tech_change_status": "Not Planned",
    "program_type": "Fixed Wireless and Satellite Upgrade Program",
    "target_eligibility_quarter": "NA"
   }
  },
  {
   "type": "Feature",
   "geometry": {
    "type": "Point",
    "coordinates": [
     138.55873119,
     -34.60688637
    ]
   },
   "properties": {
    "name": "1 PORTER COURT LEWISTON 5501",
    "locID": "LOC100079389837",
    "tech": "WIRELESS",
    "upgrade": "NULL_NA",
    "gnaf_pid": "GASA_720497108",
    "ee": true,
    "tech_change_status": "Not Planned",
    "program_type": "Fixed Wireless and Satellite Upgrade Program",
    "target_eligibility_quarter": "NA"
   }
  },
  {
   "type": "Feature",
   "geometry": {
    "type": "Point",
    "coordinates": [
     138.58458098,
     -34.60632098
    ]
   },
   "properties": {
    "name": "3 GILKS ROAD LEWISTON 5501",
    "locID": "LOC100082692607",
    "tech": "WIRELESS",
    "upgrade": "NULL_NA",
    "gnaf_pid": "GASA_720584445",
    "ee": true,
    "tech_change_status": "Eligible to Order",
    "program_type": "Regional Area Flip"
   }
  },
  {
   "type": "Feature",
   "geometry": {
    "type": "Point",
    "coordinates": [
     138.58539051,
     -34.60634982
    ]
   },
   "properties": {
    "name": "5 GILKS ROAD LEWISTON 5501",
    "locID": "LOC100084735248",
    "tech": "WIRELESS",
    "upgrade": "NULL_NA",
    "gnaf_pid": "GASA_720587899",
    "ee": true,
    "tech_change_status": "Eligible to Order",
    "program_type": "Regional Area Flip"
   }
  },
  {
   "type": "Feature",
   "geometry": {
    "type": "Point",
    "coordinates": [
     138.5925738,
     -34.59116635
    ]
   },
   "properties": {
    "name": "61 GAWLER ROAD LEWISTON 5501",
    "locID": "LOC000017602416",
    "tech": "WIRELESS",
    "upgrade": "NULL_NA",
    "gnaf_pid": "GASA_720630731",
    "ee": true,
    "tech_change_status": "Not Planned",
    "program_type": "Fixed Wireless and Satellite Upgrade Program",
    "target_eligibility_quarter": "NA"
   }
  },
  {
   "type": "Feature",
   "geometry": {
    "type": "Point",
    "coordinates": [
     138.55999788,
     -34.60719779
    ]
   },
   "properties": {
    "name": "19 PORTER COURT LEWISTON 5501",
    "locID": "LOC100081762370",
    "tech": "WIRELESS",
    "upgrade": "NULL_NA",
    "gnaf_pid": "GASA_720704070",
    "ee": true,
    "tech_change_status": "Not Planned",
    "program_type": "Fixed Wireless and Satellite Upgrade Program",
    "target_eligibility_quarter": "NA"
   }
  },
  {
   "type": "Feature",
   "geometry": {
    "type": "Point",
    "coordinates": [
     138.58446535,
     -34.60822495
    ]
   },
   "properties": {
    "name": "8 GILKS ROAD LEWISTON 5501",
    "locID": "LOC000194973178",
    "tech": "FTTP",
    "upgrade": "NULL_NA",
    "gnaf_pid": "GASA_720722793",
    "ee": true,
    "tech_change_status": "Previous Tech Disconnected",
    "program_type": "Regional Area Flip"
   }
  },
  {
   "type": "Feature",
   "geometry": {
    "type": "Point",
    "coordinates": [
     138.58496994,
     -34.60821285
    ]
   },
   "properties": {
    "name": "10 GILKS ROAD LEWISTON 5501",
    "locID": "LOC000194711680",
    "tech": "FTTP",
    "upgrade": "NULL_NA",
    "gnaf_pid": "GASA_720724425",
    "ee": true,
    "tech_change_status": "Previous Tech Disconnected",
    "program_type": "Regional Area Flip"
   }
  },
  {
   "type": "Feature",
   "geometry": {
    "type": "Point",
    "coordinates": [
     138.57532675,
     -34.6056477
    ]
   },
   "properties": {
    "name": "158 HAYMAN ROAD LEWISTON 5501",
    "locID": "LOC100080298987",
    "tech": "FTTP",
    "upgrade": "NULL_NA",
    "gnaf_pid": "GASA_720885451",
    "ee": true,
    "tech_change_status": "Eligible to Order",
    "program_type": "Regional Area Flip"
   }
  },
  {
   "type": "Feature",
   "geometry": {
    "type": "Point",
    "coordinates": [
     138.57727212,
     -34.60312076
    ]
   },
   "properties": {
    "name": "166 HAYMAN ROAD LEWISTON 5501",
    "locID": "LOC100080298960",
    "tech": "FTTP",
    "upgrade": "NULL_NA",
    "gnaf_pid": "GASA_720885592",
    "ee": true,
    "tech_change_status": "Eligible to Order",
    "program_type": "Regional Area Flip"
   }
  },
  {
   "type": "Feature",
   "geometry": {
    "type": "Point",
    "coordinates": [
     138.58994774,
     -34.60308691
    ]
   },
   "properties": {
    "name": "198 HAYMAN ROAD LEWISTON 5501",
    "locID": "LOC100080299035",
    "tech": "FTTP",
    "upgrade": "NULL_NA",
    "gnaf_pid": "GASA_720885595",
    "ee": true,
    "tech_change_status": "Eligible to Order",
    "program_type": "Regional Area Flip"
   }
  },
  {
   "type": "Feature",
   "geometry": {
    "type": "Point",
    "coordinates": [
     138.5785071,
     -34.60631514
    ]
   },
   "properties": {
    "name": "168A HAYMAN ROAD LEWISTON 5501",
    "locID": "LOC000182550151",
    "tech": "FTTP",
    "upgrade": "NULL_NA",
    "gnaf_pid": "GASA_720885672",
    "ee": true,
    "tech_change_status": "Previous Tech Disconnected",
    "program_type": "Regional Area Flip",
    "target_eligibility_quarter": "NA"
   }
  },
  {
   "type": "Feature",
   "geometry": {
    "type": "Point",
    "coordinates": [
     138.5765974,
     -34.60313849
    ]
   },
   "properties": {
    "name": "164 HAYMAN ROAD LEWISTON 5501",
    "locID": "LOC100080298973",
    "tech": "FTTP",
    "upgrade": "NULL_NA",
    "gnaf_pid": "GASA_720886217",
    "ee": true,
    "tech_change_status": "Previous Tech Disconnected",
    "program_type": "Regional Area Flip"
   }
  },
  {
   "type": "Feature",
   "geometry": {
    "type": "Point",
    "coordinates": [
     138.612092,
     -34.630495
    ]
   },
   "properties": {
    "name": "86 ROBERTS ROAD LEWISTON 5501",
    "locID": "LOC100086675966",
    "tech": "WIRELESS",
    "upgrade": "NULL_NA",
    "gnaf_pid": "GASA_721004616",
    "ee": true,
    "tech_change_status": "Not Planned",
    "program_type": "Fixed Wireless and Satellite Upgrade Program",
    "target_eligibility_quarter": "NA"
   }
  },
  {
   "type": "Feature",
   "geometry": {
    "type": "Point",
    "coordinates": [
     138.56798426,
     -34.62113748
    ]
   },
   "properties": {
    "name": "13 ST ANDREWS ROAD LEWISTON 5501",
    "locID": "LOC000191600803",
    "tech": "FTTP",
    "upgrade": "NULL_NA",
    "gnaf_pid": "GASA_721071339",
    "ee": true,
    "tech_change_status": "Eligible to Order",
    "program_type": "Regional Area Flip"
   }
  },
  {
   "type": "Feature",
   "geometry": {
    "type": "Point",
    "coordinates": [
     138.56801007,
     -34.62175863
    ]
   },
   "properties": {
    "name": "11 ST ANDREWS ROAD LEWISTON 5501",
    "locID": "LOC000191600819",
    "tech": "FTTP",
    "upgrade": "NULL_NA",
    "gnaf_pid": "GASA_721071386",
    "ee": true,
    "tech_change_status": "Previous Tech Disconnected",
    "program_type": "Regional Area Flip"
   }
  },
  {
   "type": "Feature",
   "geometry": {
    "type": "Point",
    "coordinates": [
     138.56264106,
     -34.61387837
    ]
   },
   "properties": {
    "name": "72 DAWKINS ROAD LEWISTON 5501",
    "locID": "LOC000191600698",
    "tech": "FTTP",
    "upgrade": "NULL_NA",
    "gnaf_pid": "GASA_721071651",
    "ee": true,
    "tech_change_status": "Previous Tech Disconnected",
    "program_type": "Regional Area Flip"
   }
  },
  {
   "type": "Feature",
   "geometry": {
    "type": "Point",
    "coordinates": [
     138.56597806,
     -34.61378082
    ]
   },
   "properties": {
    "name": "84 DAWKINS ROAD LEWISTON 5501",
    "locID": "LOC000191600755",
    "tech": "FTTP",
    "upgrade": "NULL_NA",
    "gnaf_pid": "GASA_721071673",
    "ee": true,
    "tech_change_status": "Previous Tech Disconnected",
    "program_type": "Regional Area Flip"
   }
  },
  {
   "type": "Feature",
   "geometry": {
    "type": "Point",
    "coordinates": [
     138.56708868,
     -34.61375017
    ]
   },
   "properties": {
    "name": "88 DAWKINS ROAD LEWISTON 5501",
    "locID": "LOC000191600772",
    "tech": "FTTP",
    "upgrade": "NULL_NA",
    "gnaf_pid": "GASA_721072101",
    "ee": true,
    "tech_change_status": "Previous Tech Disconnected",
    "program_type": "Regional Area Flip"
   }
  },
  {
   "type": "Feature",
   "geometry": {
    "type": "Point",
    "coordinates": [
     138.56375554,
     -34.61384292
    ]
   },
   "properties": {
    "name": "76 DAWKINS ROAD LEWISTON 5501",
    "locID": "LOC000191600717",
    "tech": "FTTP",
    "upgrade": "NULL_NA",
    "gnaf_pid": "GASA_721072332",
    "ee": true,
    "tech_change_status": "Previous Tech Disconnected",
    "program_type": "Regional Area Flip"
   }
  },
  {
   "type": "Feature",
   "geometry": {
    "type": "Point",
    "coordinates": [
     138.56650616,
     -34.62189089
    ]
   },
   "properties": {
    "name": "5 ST ANDREWS ROAD LEWISTON 5501",
    "locID": "LOC000191600842",
    "tech": "FTTP",
    "upgrade": "NULL_NA",
    "gnaf_pid": "GASA_721072465",
    "ee": true,
    "tech_change_status": "Eligible to Order",
    "program_type": "Regional Area Flip"
   }
  },
  {
   "type": "Feature",
   "geometry": {
    "type": "Point",
    "coordinates": [
     138.56354902,
     -34.62381674
    ]
   },
   "properties": {
    "name": "29 GAWLER RIVER ROAD LEWISTON 5501",
    "locID": "LOC000191600928",
    "tech": "FTTP",
    "upgrade": "NULL_NA",
    "gnaf_pid": "GASA_721072813",
    "ee": true,
    "tech_change_status": "Previous Tech Disconnected",
    "program_type": "Regional Area Flip"
   }
  },
  {
   "type": "Feature",
   "geometry": {
    "type": "Point",
    "coordinates": [
     138.56645638,
     -34.62373741
    ]
   },
   "properties": {
    "name": "39 GAWLER RIVER ROAD LEWISTON 5501",
    "locID": "LOC000191600874",
    "tech": "FTTP",
    "upgrade": "NULL_NA",
    "gnaf_pid": "GASA_721072899",
    "ee": true,
    "tech_change_status": "Eligible to Order",
    "program_type": "Regional Area Flip"
   }
  },
  {
   "type": "Feature",
   "geometry": {
    "type": "Point",
    "coordinates": [
     138.56471099,
     -34.62378493
    ]
   },
   "properties": {
    "name": "33 GAWLER RIVER ROAD LEWISTON 5501",
    "locID": "LOC000191600900",
    "tech": "FTTP",
    "upgrade": "NULL_NA",
    "gnaf_pid": "GASA_721073313",
    "ee": true,
    "tech_change_status": "Eligible to Order",
    "program_type": "Regional Area Flip"
   }
  },
  {
   "type": "Feature",
   "geometry": {
    "type": "Point",
    "coordinates": [
     138.56803583,
     -34.62237984
    ]
   },
   "properties": {
    "name": "9 ST ANDREWS ROAD LEWISTON 5501",
    "locID": "LOC000191600826",
    "tech": "FTTP",
    "upgrade": "NULL_NA",
    "gnaf_pid": "GASA_721073326",
    "ee": true,
    "tech_change_status": "Previous Tech Disconnected",
    "program_type": "Regional Area Flip"
   }
  },
  {
   "type": "Feature",
   "geometry": {
    "type": "Point",
    "coordinates": [
     138.56587424,
     -34.62375319
    ]
   },
   "properties": {
    "name": "37 GAWLER RIVER ROAD LEWISTON 5501",
    "locID": "LOC000191600888",
    "tech": "FTTP",
    "upgrade": "NULL_NA",
    "gnaf_pid": "GASA_721073459",
    "ee": true,
    "tech_change_status": "Previous Tech Disconnected",
    "program_type": "Regional Area Flip"
   }
  },
  {
   "type": "Feature",
   "geometry": {
    "type": "Point",
    "coordinates": [
     138.56486691,
     -34.6138117
    ]
   },
   "properties": {
    "name": "80 DAWKINS ROAD LEWISTON 5501",
    "locID": "LOC000191600738",
    "tech": "FTTP",
    "upgrade": "NULL_NA",
    "gnaf_pid": "GASA_721073767",
    "ee": true,
    "tech_change_status": "Previous Tech Disconnected",
    "program_type": "Regional Area Flip"
   }
  },
  {
   "type": "Feature",
   "geometry": {
    "type": "Point",
    "coordinates": [
     138.56682481,
     -34.62126029
    ]
   },
   "properties": {
    "name": "3 ST ANDREWS ROAD LEWISTON 5501",
    "locID": "LOC000191600857",
    "tech": "FTTP",
    "upgrade": "NULL_NA",
    "gnaf_pid": "GASA_721073815",
    "ee": true,
    "tech_change_status": "Eligible to Order",
    "program_type": "Regional Area Flip"
   }
  },
  {
   "type": "Feature",
   "geometry": {
    "type": "Point",
    "coordinates": [
     138.56764364,
     -34.61373492
    ]
   },
   "properties": {
    "name": "90 DAWKINS ROAD LEWISTON 5501",
    "locID": "LOC000191600786",
    "tech": "FTTP",
    "upgrade": "NULL_NA",
    "gnaf_pid": "GASA_721073819",
    "ee": true,
    "tech_change_status": "Eligible to Order",
    "program_type": "Regional Area Flip"
   }
  },
  {
   "type": "Feature",
   "geometry": {
    "type": "Point",
    "coordinates": [
     138.5631999,
     -34.6138587
    ]
   },
   "properties": {
    "name": "74 DAWKINS ROAD LEWISTON 5501",
    "locID": "LOC000191600701",
    "tech": "FTTP",
    "upgrade": "NULL_NA",
    "gnaf_pid": "GASA_721074152",
    "ee": true,
    "tech_change_status": "Previous Tech Disconnected",
    "program_type": "Regional Area Flip"
   }
  },
  {
   "type": "Feature",
   "geometry": {
    "type": "Point",
    "coordinates": [
     138.56297675,
     -34.62382563
    ]
   },
   "properties": {
    "name": "27 GAWLER RIVER ROAD LEWISTON 5501",
    "locID": "LOC000191600937",
    "tech": "FTTP",
    "upgrade": "NULL_NA",
    "gnaf_pid": "GASA_721074237",
    "ee": true,
    "tech_change_status": "Eligible to Order",
    "program_type": "Regional Area Flip"
   }
  },
  {
   "type": "Feature",
   "geometry": {
    "type": "Point",
    "coordinates": [
     138.5652925,
     -34.62376906
    ]
   },
   "properties": {
    "name": "35 GAWLER RIVER ROAD LEWISTON 5501",
    "locID": "LOC000191600890",
    "tech": "FTTP",
    "upgrade": "NULL_NA",
    "gnaf_pid": "GASA_721074266",
    "ee": true,
    "tech_change_status": "Eligible to Order",
    "program_type": "Regional Area Flip"
   }
  },
  {
   "type": "Feature",
   "geometry": {
    "type": "Point",
    "coordinates": [
     138.56591829,
     -34.62218999
    ]
   },
   "properties": {
    "name": "7 ST ANDREWS ROAD LEWISTON 5501",
    "locID": "LOC000191600835",
    "tech": "FTTP",
    "upgrade": "NULL_NA",
    "gnaf_pid": "GASA_721074299",
    "ee": true,
    "tech_change_status": "Previous Tech Disconnected",
    "program_type": "Regional Area Flip"
   }
  },
  {
   "type": "Feature",
   "geometry": {
    "type": "Point",
    "coordinates": [
     138.56542253,
     -34.61379622
    ]
   },
   "properties": {
    "name": "82 DAWKINS ROAD LEWISTON 5501",
    "locID": "LOC000191600740",
    "tech": "FTTP",
    "upgrade": "NULL_NA",
    "gnaf_pid": "GASA_721074372",
    "ee": true,
    "tech_change_status": "Eligible to Order",
    "program_type": "Regional Area Flip"
   }
  },
  {
   "type": "Feature",
   "geometry": {
    "type": "Point",
    "coordinates": [
     138.56797235,
     -34.62052365
    ]
   },
   "properties": {
    "name": "1 ST ANDREWS ROAD LEWISTON 5501",
    "locID": "LOC000191600861",
    "tech": "FTTP",
    "upgrade": "NULL_NA",
    "gnaf_pid": "GASA_721074982",
    "ee": true,
    "tech_change_status": "Eligible to Order",
    "program_type": "Regional Area Flip"
   }
  },
  {
   "type": "Feature",
   "geometry": {
    "type": "Point",
    "coordinates": [
     138.56819403,
     -34.61372623
    ]
   },
   "properties": {
    "name": "90A DAWKINS ROAD LEWISTON 5501",
    "locID": "LOC000191600793",
    "tech": "FTTP",
    "upgrade": "NULL_NA",
    "gnaf_pid": "GASA_721075090",
    "ee": true,
    "tech_change_status": "Eligible to Order",
    "program_type": "Regional Area Flip"
   }
  },
  {
   "type": "Feature",
   "geometry": {
    "type": "Point",
    "coordinates": [
     138.56653346,
     -34.61376546
    ]
   },
   "properties": {
    "name": "86 DAWKINS ROAD LEWISTON 5501",
    "locID": "LOC000191600764",
    "tech": "FTTP",
    "upgrade": "NULL_NA",
    "gnaf_pid": "GASA_721075104",
    "ee": true,
    "tech_change_status": "Eligible to Order",
    "program_type": "Regional Area Flip"
   }
  },
  {
   "type": "Feature",
   "geometry": {
    "type": "Point",
    "coordinates": [
     138.56431124,
     -34.61382726
    ]
   },
   "properties": {
    "name": "78 DAWKINS ROAD LEWISTON 5501",
    "locID": "LOC000191600729",
    "tech": "FTTP",
    "upgrade": "NULL_NA",
    "gnaf_pid": "GASA_721075152",
    "ee": true,
    "tech_change_status": "Eligible to Order",
    "program_type": "Regional Area Flip"
   }
  },
  {
   "type": "Feature",
   "geometry": {
    "type": "Point",
    "coordinates": [
     138.56412978,
     -34.62380082
    ]
   },
   "properties": {
    "name": "31 GAWLER RIVER ROAD LEWISTON 5501",
    "locID": "LOC000191600916",
    "tech": "FTTP",
    "upgrade": "NULL_NA",
    "gnaf_pid": "GASA_721075607",
    "ee": true,
    "tech_change_status": "Eligible to Order",
    "program_type": "Regional Area Flip"
   }
  },
  {
   "type": "Feature",
   "geometry": {
    "type": "Point",
    "coordinates": [
     138.59485342,
     -34.61842339
    ]
   },
   "properties": {
    "name": "1 ALMOND COURT LEWISTON 5501",
    "locID": "LOC000131329749",
    "tech": "WIRELESS",
    "upgrade": "NULL_NA",
    "gnaf_pid": "GASA_721076891",
    "ee": true,
    "tech_change_status": "Eligible to Order",
    "program_type": "Regional Area Flip"
   }
  },
  {
   "type": "Feature",
   "geometry": {
    "type": "Point",
    "coordinates": [
     138.56005735,
     -34.62047215
    ]
   },
   "properties": {
    "name": "23A DUNLOP BOULEVARD LEWISTON 5501",
    "locID": "LOC000193360152",
    "tech": "FTTP",
    "upgrade": "NULL_NA",
    "gnaf_pid": "GASA_721110169",
    "ee": true,
    "tech_change_status": "Eligible to Order",
    "program_type": "Regional Area Flip"
   }
  },
  {
   "type": "Feature",
   "geometry": {
    "type": "Point",
    "coordinates": [
     138.5914711,
     -34.62050609
    ]
   },
   "properties": {
    "name": "LOT 3 GAWLER RIVER ROAD LEWISTON 5501",
    "locID": "LOC000107788977",
    "tech": "WIRELESS",
    "upgrade": "NULL_NA",
    "gnaf_pid": "GASA_721112192",
    "ee": true,
    "tech_change_status": "Not Planned",
    "program_type": "Fixed Wireless and Satellite Upgrade Program",
    "target_eligibility_quarter": "NA"
   }
  },
  {
   "type": "Feature",
   "geometry": {
    "type": "Point",
    "coordinates": [
     138.56726314,
     -34.61752038
    ]
   },
   "properties": {
    "name": "5 WAKE ROAD LEWISTON 5501",
    "locID": "LOC000192540992",
    "tech": "FTTP",
    "upgrade": "NULL_NA",
    "gnaf_pid": "GASA_721251442",
    "ee": true,
    "tech_change_status": "Eligible to Order",
    "program_type": "Regional Area Flip"
   }
  },
  {
   "type": "Feature",
   "geometry": {
    "type": "Point",
    "coordinates": [
     138.56660183,
     -34.61561742
    ]
   },
   "properties": {
    "name": "8 WAKE ROAD LEWISTON 5501",
    "locID": "LOC000192540772",
    "tech": "FTTP",
    "upgrade": "NULL_NA",
    "gnaf_pid": "GASA_721251512",
    "ee": true,
    "tech_change_status": "Previous Tech Disconnected",
    "program_type": "Regional Area Flip"
   }
  },
  {
   "type": "Feature",
   "geometry": {
    "type": "Point",
    "coordinates": [
     138.56438915,
     -34.61570443
    ]
   },
   "properties": {
    "name": "4 GAZZOLA COURT LEWISTON 5501",
    "locID": "LOC000192540861",
    "tech": "FTTP",
    "upgrade": "NULL_NA",
    "gnaf_pid": "GASA_721251916",
    "ee": true,
    "tech_change_status": "Previous Tech Disconnected",
    "program_type": "Regional Area Flip"
   }
  },
  {
   "type": "Feature",
   "geometry": {
    "type": "Point",
    "coordinates": [
     138.56446713,
     -34.61759316
    ]
   },
   "properties": {
    "name": "1 GAZZOLA COURT LEWISTON 5501",
    "locID": "LOC000192540959",
    "tech": "FTTP",
    "upgrade": "NULL_NA",
    "gnaf_pid": "GASA_721251919",
    "ee": true,
    "tech_change_status": "Previous Tech Disconnected",
    "program_type": "Regional Area Flip"
   }
  },
  {
   "type": "Feature",
   "geometry": {
    "type": "Point",
    "coordinates": [
     138.56274948,
     -34.61749034
    ]
   },
   "properties": {
    "name": "7 GAZZOLA COURT LEWISTON 5501",
    "locID": "LOC000192540916",
    "tech": "FTTP",
    "upgrade": "NULL_NA",
    "gnaf_pid": "GASA_721251994",
    "ee": true,
    "tech_change_status": "Previous Tech Disconnected",
    "program_type": "Regional Area Flip"
   }
  },
  {
   "type": "Feature",
   "geometry": {
    "type": "Point",
    "coordinates": [
     138.56549562,
     -34.61572688
    ]
   },
   "properties": {
    "name": "12 WAKE ROAD LEWISTON 5501",
    "locID": "LOC000192540835",
    "tech": "FTTP",
    "upgrade": "NULL_NA",
    "gnaf_pid": "GASA_721252047",
    "ee": true,
    "tech_change_status": "Eligible to Order",
    "program_type": "Regional Area Flip"
   }
  },
  {
   "type": "Feature",
   "geometry": {
    "type": "Point",
    "coordinates": [
     138.56269567,
     -34.61564856
    ]
   },
   "properties": {
    "name": "10 GAZZOLA COURT LEWISTON 5501",
    "locID": "LOC000192540890",
    "tech": "FTTP",
    "upgrade": "NULL_NA",
    "gnaf_pid": "GASA_721252287",
    "ee": true,
    "tech_change_status": "Eligible to Order",
    "program_type": "Regional Area Flip"
   }
  },
  {
   "type": "Feature",
   "geometry": {
    "type": "Point",
    "coordinates": [
     138.56670171,
     -34.61757849
    ]
   },
   "properties": {
    "name": "7 WAKE ROAD LEWISTON 5501",
    "locID": "LOC000192540985",
    "tech": "FTTP",
    "upgrade": "NULL_NA",
    "gnaf_pid": "GASA_721252344",
    "ee": true,
    "tech_change_status": "Previous Tech Disconnected",
    "program_type": "Regional Area Flip"
   }
  },
  {
   "type": "Feature",
   "geometry": {
    "type": "Point",
    "coordinates": [
     138.56538183,
     -34.61758703
    ]
   },
   "properties": {
    "name": "11 WAKE ROAD LEWISTON 5501",
    "locID": "LOC000192540963",
    "tech": "FTTP",
    "upgrade": "NULL_NA",
    "gnaf_pid": "GASA_721252538",
    "ee": true,
    "tech_change_status": "Eligible to Order",
    "program_type": "Regional Area Flip"
   }
  },
  {
   "type": "Feature",
   "geometry": {
    "type": "Point",
    "coordinates": [
     138.5632911,
     -34.61751274
    ]
   },
   "properties": {
    "name": "5 GAZZOLA COURT LEWISTON 5501",
    "locID": "LOC000192540937",
    "tech": "FTTP",
    "upgrade": "NULL_NA",
    "gnaf_pid": "GASA_721252552",
    "ee": true,
    "tech_change_status": "Eligible to Order",
    "program_type": "Regional Area Flip"
   }
  },
  {
   "type": "Feature",
   "geometry": {
    "type": "Point",
    "coordinates": [
     138.56716053,
     -34.61556887
    ]
   },
   "properties": {
    "name": "6 WAKE ROAD LEWISTON 5501",
    "locID": "LOC000192540764",
    "tech": "FTTP",
    "upgrade": "NULL_NA",
    "gnaf_pid": "GASA_721252646",
    "ee": true,
    "tech_change_status": "Previous Tech Disconnected",
    "program_type": "Regional Area Flip"
   }
  },
  {
   "type": "Feature",
   "geometry": {
    "type": "Point",
    "coordinates": [
     138.56326031,
     -34.61561239
    ]
   },
   "properties": {
    "name": "8 GAZZOLA COURT LEWISTON 5501",
    "locID": "LOC000192540888",
    "tech": "FTTP",
    "upgrade": "NULL_NA",
    "gnaf_pid": "GASA_721252741",
    "ee": true,
    "tech_change_status": "Previous Tech Disconnected",
    "program_type": "Regional Area Flip"
   }
  },
  {
   "type": "Feature",
   "geometry": {
    "type": "Point",
    "coordinates": [
     138.56771851,
     -34.61552433
    ]
   },
   "properties": {
    "name": "4 WAKE ROAD LEWISTON 5501",
    "locID": "LOC000192540755",
    "tech": "FTTP",
    "upgrade": "NULL_NA",
    "gnaf_pid": "GASA_721252894",
    "ee": true,
    "tech_change_status": "Previous Tech Disconnected",
    "program_type": "Regional Area Flip"
   }
  },
  {
   "type": "Feature",
   "geometry": {
    "type": "Point",
    "coordinates": [
     138.56835121,
     -34.61746723
    ]
   },
   "properties": {
    "name": "1 WAKE ROAD LEWISTON 5501",
    "locID": "LOC000192541012",
    "tech": "FTTP",
    "upgrade": "NULL_NA",
    "gnaf_pid": "GASA_721252898",
    "ee": true,
    "tech_change_status": "Eligible to Order",
    "program_type": "Regional Area Flip"
   }
  },
  {
   "type": "Feature",
   "geometry": {
    "type": "Point",
    "coordinates": [
     138.56826701,
     -34.61550784
    ]
   },
   "properties": {
    "name": "2 WAKE ROAD LEWISTON 5501",
    "locID": "LOC000192540717",
    "tech": "FTTP",
    "upgrade": "NULL_NA",
    "gnaf_pid": "GASA_721253077",
    "ee": true,
    "tech_change_status": "Previous Tech Disconnected",
    "program_type": "Regional Area Flip"
   }
  },
  {
   "type": "Feature",
   "geometry": {
    "type": "Point",
    "coordinates": [
     138.56608717,
     -34.61758285
    ]
   },
   "properties": {
    "name": "9 WAKE ROAD LEWISTON 5501",
    "locID": "LOC000192540971",
    "tech": "FTTP",
    "upgrade": "NULL_NA",
    "gnaf_pid": "GASA_721253329",
    "ee": true,
    "tech_change_status": "Eligible to Order",
    "program_type": "Regional Area Flip"
   }
  },
  {
   "type": "Feature",
   "geometry": {
    "type": "Point",
    "coordinates": [
     138.56494483,
     -34.61576041
    ]
   },
   "properties": {
    "name": "2 GAZZOLA COURT LEWISTON 5501",
    "locID": "LOC000192540857",
    "tech": "FTTP",
    "upgrade": "NULL_NA",
    "gnaf_pid": "GASA_721253491",
    "ee": true,
    "tech_change_status": "Previous Tech Disconnected",
    "program_type": "Regional Area Flip"
   }
  },
  {
   "type": "Feature",
   "geometry": {
    "type": "Point",
    "coordinates": [
     138.56384817,
     -34.61749808
    ]
   },
   "properties": {
    "name": "3 GAZZOLA COURT LEWISTON 5501",
    "locID": "LOC000192540944",
    "tech": "FTTP",
    "upgrade": "NULL_NA",
    "gnaf_pid": "GASA_721253521",
    "ee": true,
    "tech_change_status": "Eligible to Order",
    "program_type": "Regional Area Flip"
   }
  },
  {
   "type": "Feature",
   "geometry": {
    "type": "Point",
    "coordinates": [
     138.56383504,
     -34.61563424
    ]
   },
   "properties": {
    "name": "6 GAZZOLA COURT LEWISTON 5501",
    "locID": "LOC000192540874",
    "tech": "FTTP",
    "upgrade": "NULL_NA",
    "gnaf_pid": "GASA_721253821",
    "ee": true,
    "tech_change_status": "Previous Tech Disconnected",
    "program_type": "Regional Area Flip"
   }
  },
  {
   "type": "Feature",
   "geometry": {
    "type": "Point",
    "coordinates": [
     138.56780684,
     -34.61748051
    ]
   },
   "properties": {
    "name": "3 WAKE ROAD LEWISTON 5501",
    "locID": "LOC000192541008",
    "tech": "FTTP",
    "upgrade": "NULL_NA",
    "gnaf_pid": "GASA_721254049",
    "ee": true,
    "tech_change_status": "Previous Tech Disconnected",
    "program_type": "Regional Area Flip"
   }
  },
  {
   "type": "Feature",
   "geometry": {
    "type": "Point",
    "coordinates": [
     138.56604881,
     -34.6156721
    ]
   },
   "properties": {
    "name": "10 WAKE ROAD LEWISTON 5501",
    "locID": "LOC000192540803",
    "tech": "FTTP",
    "upgrade": "NULL_NA",
    "gnaf_pid": "GASA_721254088",
    "ee": true,
    "tech_change_status": "Previous Tech Disconnected",
    "program_type": "Regional Area Flip"
   }
  },
  {
   "type": "Feature",
   "geometry": {
    "type": "Point",
    "coordinates": [
     138.60305301,
     -34.61560201
    ]
   },
   "properties": {
    "name": "3A PEPPERMINT ROAD LEWISTON 5501",
    "locID": "LOC100080298742",
    "tech": "FTTP",
    "upgrade": "NULL_NA",
    "gnaf_pid": "GASA_721277639",
    "ee": true,
    "tech_change_status": "Previous Tech Disconnected",
    "program_type": "Regional Area Flip"
   }
  },
  {
   "type": "Feature",
   "geometry": {
    "type": "Point",
    "coordinates": [
     138.5925738,
     -34.59116635
    ]
   },
   "properties": {
    "name": "86 GAWLER ROAD LEWISTON 5501",
    "locID": "LOC100080316240",
    "tech": "FTTP",
    "upgrade": "NULL_NA",
    "gnaf_pid": "GASA_721283096",
    "ee": true,
    "tech_change_status": "Eligible to Order",
    "program_type": "Regional Area Flip"
   }
  },
  {
   "type": "Feature",
   "geometry": {
    "type": "Point",
    "coordinates": [
     138.629934,
     -34.621445
    ]
   },
   "properties": {
    "name": "1596 BOUNDARY ROAD LEWISTON 5501",
    "locID": "LOC100082130644",
    "tech": "WIRELESS",
    "upgrade": "NULL_NA",
    "gnaf_pid": "GASA_721349848",
    "ee": true,
    "tech_change_status": "Not Planned",
    "program_type": "Fixed Wireless and Satellite Upgrade Program",
    "target_eligibility_quarter": "NA"
   }
  },
  {
   "type": "Feature",
   "geometry": {
    "type": "Point",
    "coordinates": [
     138.56840008,
     -34.61920681
    ]
   },
   "properties": {
    "name": "2 FIELKE ROAD LEWISTON 5501",
    "locID": "LOC000193360049",
    "tech": "FTTP",
    "upgrade": "NULL_NA",
    "gnaf_pid": "GASA_721467307",
    "ee": true,
    "tech_change_status": "Eligible to Order",
    "program_type": "Regional Area Flip"
   }
  },
  {
   "type": "Feature",
   "geometry": {
    "type": "Point",
    "coordinates": [
     138.5628647,
     -34.62029871
    ]
   },
   "properties": {
    "name": "24 WAKE ROAD LEWISTON 5501",
    "locID": "LOC000193359809",
    "tech": "FTTP",
    "upgrade": "NULL_NA",
    "gnaf_pid": "GASA_721467310",
    "ee": true,
    "tech_change_status": "Eligible to Order",
    "program_type": "Regional Area Flip"
   }
  },
  {
   "type": "Feature",
   "geometry": {
    "type": "Point",
    "coordinates": [
     138.56160563,
     -34.62221727
    ]
   },
   "properties": {
    "name": "33 WAKE ROAD LEWISTON 5501",
    "locID": "LOC000193359969",
    "tech": "FTTP",
    "upgrade": "NULL_NA",
    "gnaf_pid": "GASA_721467419",
    "ee": true,
    "tech_change_status": "Eligible to Order",
    "program_type": "Regional Area Flip"
   }
  },
  {
   "type": "Feature",
   "geometry": {
    "type": "Point",
    "coordinates": [
     138.5583048,
     -34.62284813
    ]
   },
   "properties": {
    "name": "40 WAKE ROAD LEWISTON 5501",
    "locID": "LOC000193360008",
    "tech": "FTTP",
    "upgrade": "NULL_NA",
    "gnaf_pid": "GASA_721467467",
    "ee": true,
    "tech_change_status": "Eligible to Order",
    "program_type": "Regional Area Flip"
   }
  },
  {
   "type": "Feature",
   "geometry": {
    "type": "Point",
    "coordinates": [
     138.56602654,
     -34.61997552
    ]
   },
   "properties": {
    "name": "19 WAKE ROAD LEWISTON 5501",
    "locID": "LOC000193359747",
    "tech": "FTTP",
    "upgrade": "NULL_NA",
    "gnaf_pid": "GASA_721467617",
    "ee": true,
    "tech_change_status": "Eligible to Order",
    "program_type": "Regional Area Flip"
   }
  },
  {
   "type": "Feature",
   "geometry": {
    "type": "Point",
    "coordinates": [
     138.60971865,
     -34.61092765
    ]
   },
   "properties": {
    "name": "LOT 9 ERINA COURT LEWISTON 5501",
    "locID": "LOC000192291374",
    "tech": "FTTP",
    "upgrade": "NULL_NA",
    "gnaf_pid": "GASA_721467804",
    "ee": true,
    "tech_change_status": "Eligible to Order",
    "program_type": "Regional Area Flip"
   }
  },
  {
   "type": "Feature",
   "geometry": {
    "type": "Point",
    "coordinates": [
     138.56179979,
     -34.61996987
    ]
   },
   "properties": {
    "name": "28 WAKE ROAD LEWISTON 5501",
    "locID": "LOC000193360123",
    "tech": "FTTP",
    "upgrade": "NULL_NA",
    "gnaf_pid": "GASA_721467833",
    "ee": true,
    "tech_change_status": "Eligible to Order",
    "program_type": "Regional Area Flip"
   }
  },
  {
   "type": "Feature",
   "geometry": {
    "type": "Point",
    "coordinates": [
     138.55927124,
     -34.62201146
    ]
   },
   "properties": {
    "name": "36 WAKE ROAD LEWISTON 5501",
    "locID": "LOC000193359982",
    "tech": "FTTP",
    "upgrade": "NULL_NA",
    "gnaf_pid": "GASA_721467882",
    "ee": true,
    "tech_change_status": "Eligible to Order",
    "program_type": "Regional Area Flip"
   }
  },
  {
   "type": "Feature",
   "geometry": {
    "type": "Point",
    "coordinates": [
     138.55812921,
     -34.62243184
    ]
   },
   "properties": {
    "name": "38 WAKE ROAD LEWISTON 5501",
    "locID": "LOC000193359995",
    "tech": "FTTP",
    "upgrade": "NULL_NA",
    "gnaf_pid": "GASA_721467883",
    "ee": true,
    "tech_change_status": "Eligible to Order",
    "program_type": "Regional Area Flip"
   }
  },
  {
   "type": "Feature",
   "geometry": {
    "type": "Point",
    "coordinates": [
     138.56114212,
     -34.62425108
    ]
   },
   "properties": {
    "name": "41 WAKE ROAD LEWISTON 5501",
    "locID": "LOC000193359911",
    "tech": "FTTP",
    "upgrade": "NULL_NA",
    "gnaf_pid": "GASA_721467952",
    "ee": true,
    "tech_change_status": "Eligible to Order",
    "program_type": "Regional Area Flip"
   }
  },
  {
   "type": "Feature",
   "geometry": {
    "type": "Point",
    "coordinates": [
     138.56350191,
     -34.62212351
    ]
   },
   "properties": {
    "name": "27 WAKE ROAD LEWISTON 5501",
    "locID": "LOC000193359884",
    "tech": "FTTP",
    "upgrade": "NULL_NA",
    "gnaf_pid": "GASA_721467978",
    "ee": true,
    "tech_change_status": "Eligible to Order",
    "program_type": "Regional Area Flip"
   }
  },
  {
   "type": "Feature",
   "geometry": {
    "type": "Point",
    "coordinates": [
     138.56216444,
     -34.62177133
    ]
   },
   "properties": {
    "name": "31 WAKE ROAD LEWISTON 5501",
    "locID": "LOC000193359907",
    "tech": "FTTP",
    "upgrade": "NULL_NA",
    "gnaf_pid": "GASA_721468025",
    "ee": true,
    "tech_change_status": "Eligible to Order",
    "program_type": "Regional Area Flip"
   }
  },
  {
   "type": "Feature",
   "geometry": {
    "type": "Point",
    "coordinates": [
     138.5613746,
     -34.62314714
    ]
   },
   "properties": {
    "name": "37 WAKE ROAD LEWISTON 5501",
    "locID": "LOC000193359930",
    "tech": "FTTP",
    "upgrade": "NULL_NA",
    "gnaf_pid": "GASA_721468273",
    "ee": true,
    "tech_change_status": "Eligible to Order",
    "program_type": "Regional Area Flip"
   }
  },
  {
   "type": "Feature",
   "geometry": {
    "type": "Point",
    "coordinates": [
     138.55828689,
     -34.62325802
    ]
   },
   "properties": {
    "name": "42 WAKE ROAD LEWISTON 5501",
    "locID": "LOC000193360020",
    "tech": "FTTP",
    "upgrade": "NULL_NA",
    "gnaf_pid": "GASA_721468274",
    "ee": true,
    "tech_change_status": "Eligible to Order",
    "program_type": "Regional Area Flip"
   }
  },
  {
   "type": "Feature",
   "geometry": {
    "type": "Point",
    "coordinates": [
     138.56039393,
     -34.62142652
    ]
   },
   "properties": {
    "name": "34 WAKE ROAD LEWISTON 5501",
    "locID": "LOC000193359976",
    "tech": "FTTP",
    "upgrade": "NULL_NA",
    "gnaf_pid": "GASA_721468331",
    "ee": true,
    "tech_change_status": "Eligible to Order",
    "program_type": "Regional Area Flip"
   }
  },
  {
   "type": "Feature",
   "geometry": {
    "type": "Point",
    "coordinates": [
     138.56145815,
     -34.62270225
    ]
   },
   "properties": {
    "name": "35 WAKE ROAD LEWISTON 5501",
    "locID": "LOC000193359953",
    "tech": "FTTP",
    "upgrade": "NULL_NA",
    "gnaf_pid": "GASA_721468823",
    "ee": true,
    "tech_change_status": "Eligible to Order",
    "program_type": "Regional Area Flip"
   }
  },
  {
   "type": "Feature",
   "geometry": {
    "type": "Point",
    "coordinates": [
     138.56562469,
     -34.61856746
    ]
   },
   "properties": {
    "name": "13 WAKE ROAD LEWISTON 5501",
    "locID": "LOC000193359775",
    "tech": "FTTP",
    "upgrade": "NULL_NA",
    "gnaf_pid": "GASA_721468872",
    "ee": true,
    "tech_change_status": "Eligible to Order",
    "program_type": "Regional Area Flip"
   }
  },
  {
   "type": "Feature",
   "geometry": {
    "type": "Point",
    "coordinates": [
     138.56134809,
     -34.62020548
    ]
   },
   "properties": {
    "name": "30 WAKE ROAD LEWISTON 5501",
    "locID": "LOC000193360134",
    "tech": "FTTP",
    "upgrade": "NULL_NA",
    "gnaf_pid": "GASA_721469173",
    "ee": true,
    "tech_change_status": "Eligible to Order",
    "program_type": "Regional Area Flip"
   }
  },
  {
   "type": "Feature",
   "geometry": {
    "type": "Point",
    "coordinates": [
     138.564012,
     -34.62029354
    ]
   },
   "properties": {
    "name": "20 WAKE ROAD LEWISTON 5501",
    "locID": "LOC000193359821",
    "tech": "FTTP",
    "upgrade": "NULL_NA",
    "gnaf_pid": "GASA_721469290",
    "ee": true,
    "tech_change_status": "Eligible to Order",
    "program_type": "Regional Area Flip"
   }
  },
  {
   "type": "Feature",
   "geometry": {
    "type": "Point",
    "coordinates": [
     138.56464501,
     -34.62041674
    ]
   },
   "properties": {
    "name": "186 WAKE ROAD LEWISTON 5501",
    "locID": "LOC000193359845",
    "tech": "FTTP",
    "upgrade": "NULL_NA",
    "gnaf_pid": "GASA_721469340",
    "ee": true,
    "tech_change_status": "Eligible to Order",
    "program_type": "Regional Area Flip"
   }
  },
  {
   "type": "Feature",
   "geometry": {
    "type": "Point",
    "coordinates": [
     138.56230899,
     -34.61993403
    ]
   },
   "properties": {
    "name": "26 WAKE ROAD LEWISTON 5501",
    "locID": "LOC000193360110",
    "tech": "FTTP",
    "upgrade": "NULL_NA",
    "gnaf_pid": "GASA_721469388",
    "ee": true,
    "tech_change_status": "Eligible to Order",
    "program_type": "Regional Area Flip"
   }
  },
  {
   "type": "Feature",
   "geometry": {
    "type": "Point",
    "coordinates": [
     138.5634875,
     -34.61916822
    ]
   },
   "properties": {
    "name": "16 WAKE ROAD LEWISTON 5501",
    "locID": "LOC000193359799",
    "tech": "FTTP",
    "upgrade": "NULL_NA",
    "gnaf_pid": "GASA_721469405",
    "ee": true,
    "tech_change_status": "Eligible to Order",
    "program_type": "Regional Area Flip"
   }
  },
  {
   "type": "Feature",
   "geometry": {
    "type": "Point",
    "coordinates": [
     138.56568233,
     -34.61955406
    ]
   },
   "properties": {
    "name": "17 WAKE ROAD LEWISTON 5501",
    "locID": "LOC000193359752",
    "tech": "FTTP",
    "upgrade": "NULL_NA",
    "gnaf_pid": "GASA_721469418",
    "ee": true,
    "tech_change_status": "Eligible to Order",
    "program_type": "Regional Area Flip"
   }
  },
  {
   "type": "Feature",
   "geometry": {
    "type": "Point",
    "coordinates": [
     138.56467644,
     -34.62210074
    ]
   },
   "properties": {
    "name": "23 WAKE ROAD LEWISTON 5501",
    "locID": "LOC000193359866",
    "tech": "FTTP",
    "upgrade": "NULL_NA",
    "gnaf_pid": "GASA_721469420",
    "ee": true,
    "tech_change_status": "Eligible to Order",
    "program_type": "Regional Area Flip"
   }
  },
  {
   "type": "Feature",
   "geometry": {
    "type": "Point",
    "coordinates": [
     138.56343813,
     -34.62029033
    ]
   },
   "properties": {
    "name": "22 WAKE ROAD LEWISTON 5501",
    "locID": "LOC000193359813",
    "tech": "FTTP",
    "upgrade": "NULL_NA",
    "gnaf_pid": "GASA_721469574",
    "ee": true,
    "tech_change_status": "Eligible to Order",
    "program_type": "Regional Area Flip"
   }
  },
  {
   "type": "Feature",
   "geometry": {
    "type": "Point",
    "coordinates": [
     138.56090103,
     -34.62047397
    ]
   },
   "properties": {
    "name": "32 WAKE ROAD LEWISTON 5501",
    "locID": "LOC000193360147",
    "tech": "FTTP",
    "upgrade": "NULL_NA",
    "gnaf_pid": "GASA_721469671",
    "ee": true,
    "tech_change_status": "Eligible to Order",
    "program_type": "Regional Area Flip"
   }
  },
  {
   "type": "Feature",
   "geometry": {
    "type": "Point",
    "coordinates": [
     138.56353932,
     -34.61866459
    ]
   },
   "properties": {
    "name": "14 WAKE ROAD LEWISTON 5501",
    "locID": "LOC000193359781",
    "tech": "FTTP",
    "upgrade": "NULL_NA",
    "gnaf_pid": "GASA_721469713",
    "ee": true,
    "tech_change_status": "Eligible to Order",
    "program_type": "Regional Area Flip"
   }
  },
  {
   "type": "Feature",
   "geometry": {
    "type": "Point",
    "coordinates": [
     138.5583171,
     -34.62413356
    ]
   },
   "properties": {
    "name": "44 WAKE ROAD LEWISTON 5501",
    "locID": "LOC000193360031",
    "tech": "FTTP",
    "upgrade": "NULL_NA",
    "gnaf_pid": "GASA_721469818",
    "ee": true,
    "tech_change_status": "Previous Tech Disconnected",
    "program_type": "Regional Area Flip"
   }
  },
  {
   "type": "Feature",
   "geometry": {
    "type": "Point",
    "coordinates": [
     138.58536591,
     -34.60320161
    ]
   },
   "properties": {
    "name": "LOT 63 HAYMAN ROAD LEWISTON 5501",
    "locID": "LOC000195925430",
    "tech": "FTTP",
    "upgrade": "NULL_NA",
    "gnaf_pid": "GASA_721469926",
    "ee": true,
    "tech_change_status": "Eligible to Order",
    "program_type": "Regional Area Flip"
   }
  },
  {
   "type": "Feature",
   "geometry": {
    "type": "Point",
    "coordinates": [
     138.56780418,
     -34.61920074
    ]
   },
   "properties": {
    "name": "4 FIELKE ROAD LEWISTON 5501",
    "locID": "LOC000193360054",
    "tech": "FTTP",
    "upgrade": "NULL_NA",
    "gnaf_pid": "GASA_721470154",
    "ee": true,
    "tech_change_status": "Eligible to Order",
    "program_type": "Regional Area Flip"
   }
  },
  {
   "type": "Feature",
   "geometry": {
    "type": "Point",
    "coordinates": [
     138.56522572,
     -34.62198933
    ]
   },
   "properties": {
    "name": "21 WAKE ROAD LEWISTON 5501",
    "locID": "LOC000193359850",
    "tech": "FTTP",
    "upgrade": "NULL_NA",
    "gnaf_pid": "GASA_721470158",
    "ee": true,
    "tech_change_status": "Eligible to Order",
    "program_type": "Regional Area Flip"
   }
  },
  {
   "type": "Feature",
   "geometry": {
    "type": "Point",
    "coordinates": [
     138.56408915,
     -34.62210906
    ]
   },
   "properties": {
    "name": "25 WAKE ROAD LEWISTON 5501",
    "locID": "LOC000193359878",
    "tech": "FTTP",
    "upgrade": "NULL_NA",
    "gnaf_pid": "GASA_721470272",
    "ee": true,
    "tech_change_status": "Eligible to Order",
    "program_type": "Regional Area Flip"
   }
  },
  {
   "type": "Feature",
   "geometry": {
    "type": "Point",
    "coordinates": [
     138.56563125,
     -34.6190896
    ]
   },
   "properties": {
    "name": "15 WAKE ROAD LEWISTON 5501",
    "locID": "LOC000193359768",
    "tech": "FTTP",
    "upgrade": "NULL_NA",
    "gnaf_pid": "GASA_721470273",
    "ee": true,
    "tech_change_status": "Eligible to Order",
    "program_type": "Regional Area Flip"
   }
  },
  {
   "type": "Feature",
   "geometry": {
    "type": "Point",
    "coordinates": [
     138.56135081,
     -34.62361645
    ]
   },
   "properties": {
    "name": "39 WAKE ROAD LEWISTON 5501",
    "locID": "LOC000193359924",
    "tech": "FTTP",
    "upgrade": "NULL_NA",
    "gnaf_pid": "GASA_721470456",
    "ee": true,
    "tech_change_status": "Eligible to Order",
    "program_type": "Regional Area Flip"
   }
  },
  {
   "type": "Feature",
   "geometry": {
    "type": "Point",
    "coordinates": [
     138.56292241,
     -34.62212756
    ]
   },
   "properties": {
    "name": "29 WAKE ROAD LEWISTON 5501",
    "locID": "LOC000193359897",
    "tech": "FTTP",
    "upgrade": "NULL_NA",
    "gnaf_pid": "GASA_721470539",
    "ee": true,
    "tech_change_status": "Eligible to Order",
    "program_type": "Regional Area Flip"
   }
  },
  {
   "type": "Feature",
   "geometry": {
    "type": "Point",
    "coordinates": [
     138.56719162,
     -34.6191607
    ]
   },
   "properties": {
    "name": "6 FIELKE ROAD LEWISTON 5501",
    "locID": "LOC000193360065",
    "tech": "FTTP",
    "upgrade": "NULL_NA",
    "gnaf_pid": "GASA_721470541",
    "ee": true,
    "tech_change_status": "Eligible to Order",
    "program_type": "Regional Area Flip"
   }
  },
  {
   "type": "Feature",
   "geometry": {
    "type": "Point",
    "coordinates": [
     138.5670311,
     -34.62042244
    ]
   },
   "properties": {
    "name": "7 FIELKE ROAD LEWISTON 5501",
    "locID": "LOC000193360096",
    "tech": "FTTP",
    "upgrade": "NULL_NA",
    "gnaf_pid": "GASA_721502498",
    "ee": true,
    "tech_change_status": "Eligible to Order",
    "program_type": "Regional Area Flip"
   }
  },
  {
   "type": "Feature",
   "geometry": {
    "type": "Point",
    "coordinates": [
     138.5670311,
     -34.62042244
    ]
   },
   "properties": {
    "name": "5 FIELKE ROAD LEWISTON 5501",
    "locID": "LOC000193360077",
    "tech": "FTTP",
    "upgrade": "NULL_NA",
    "gnaf_pid": "GASA_721502661",
    "ee": true,
    "tech_change_status": "Eligible to Order",
    "program_type": "Regional Area Flip"
   }
  },
  {
   "type": "Feature",
   "geometry": {
    "type": "Point",
    "coordinates": [
     138.5670311,
     -34.62042244
    ]
   },
   "properties": {
    "name": "3 FIELKE ROAD LEWISTON 5501",
    "locID": "LOC000193360077",
    "tech": "FTTP",
    "upgrade": "NULL_NA",
    "gnaf_pid": "GASA_721502688",
    "ee": true,
    "tech_change_status": "Eligible to Order",
    "program_type": "Regional Area Flip"
   }
  },
  {
   "type": "Feature",
   "geometry": {
    "type": "Point",
    "coordinates": [
     138.56433504,
     -34.62119876
    ]
   },
   "properties": {
    "name": "18 WAKE ROAD LEWISTON 5501",
    "locID": "LOC000193359845",
    "tech": "FTTP",
    "upgrade": "NULL_NA",
    "gnaf_pid": "GASA_721502728",
    "ee": true,
    "tech_change_status": "Eligible to Order",
    "program_type": "Regional Area Flip"
   }
  }
 ]
}