{
 "type": "FeatureCollection",
 "generated": "2025-06-18T09:55:22.521664",
 "suburb": "RIPPONLEA",
 "features": [
  {
   "type": "Feature",
   "geometry": {
    "type": "Point",
    "coordinates": [
     144.993435,
     -37.875603
    ]
   },
   "properties": {
    "name": "UNIT 1, 10 MARYVILLE STREET RIPPONLEA 3185",
    "locID": "LOC000037068581",
    "tech": "HFC",
    "upgrade": "NULL_NA",
    "gnaf_pid": "GAVIC412195434",
    "ee": true
   }
  },
  {
   "type": "Feature",
   "geometry": {
    "type": "Point",
    "coordinates": [
     144.997059,
     -37.880729
    ]
   },
   "properties": {
    "name": "UNIT 6, 229 HOTHAM STREET RIPPONLEA 3185",
    "locID": "LOC000171801656",
    "tech": "HFC",
    "upgrade": "NULL_NA",
    "gnaf_pid": "GAVIC412195440",
    "ee": true
   }
  },
  {
   "type": "Feature",
   "geometry": {
    "type": "Point",
    "coordinates": [
     144.994805,
     -37.879582
    ]
   },
   "properties": {
    "name": "UNIT 3, 122 BRIGHTON ROAD RIPPONLEA 3185",
    "locID": "LOC000046818405",
    "tech": "HFC",
    "upgrade": "NULL_NA",
    "gnaf_pid": "GAVIC412195442",
    "ee": true
   }
  },
  {
   "type": "Feature",
   "geometry": {
    "type": "Point",
    "coordinates": [
     144.995925,
     -37.875573
    ]
   },
   "properties": {
    "name": "UNIT 3, 32 OAK GROVE RIPPONLEA 3185",
    "locID": "LOC000037885067",
    "tech": "HFC",
    "upgrade": "NULL_NA",
    "gnaf_pid": "GAVIC412195457",
    "ee": true
   }
  },
  {
   "type": "Feature",
   "geometry": {
    "type": "Point",
    "coordinates": [
     144.996233,
     -37.875612
    ]
   },
   "properties": {
    "name": "UNIT 2, 28 OAK GROVE RIPPONLEA 3185",
    "locID": "LOC000003564937",
    "tech": "HFC",
    "upgrade": "NULL_NA",
    "gnaf_pid": "GAVIC412195459",
    "ee": true
   }
  },
  {
   "type": "Feature",
   "geometry": {
    "type": "Point",
    "coordinates": [
     144.995925,
     -37.875573
    ]
   },
   "properties": {
    "name": "UNIT 5, 32 OAK GROVE RIPPONLEA 3185",
    "locID": "LOC000037719429",
    "tech": "HFC",
    "upgrade": "NULL_NA",
    "gnaf_pid": "GAVIC412195465",
    "ee": true
   }
  },
  {
   "type": "Feature",
   "geometry": {
    "type": "Point",
    "coordinates": [
     144.99639333,
     -37.87558825
    ]
   },
   "properties": {
    "name": "UNIT 1, 28 OAK GROVE RIPPONLEA 3185",
    "locID": "LOC000003564937",
    "tech": "HFC",
    "upgrade": "NULL_NA",
    "gnaf_pid": "GAVIC412195467",
    "ee": true
   }
  },
  {
   "type": "Feature",
   "geometry": {
    "type": "Point",
    "coordinates": [
     144.995925,
     -37.875573
    ]
   },
   "properties": {
    "name": "UNIT 1, 32 OAK GROVE RIPPONLEA 3185",
    "locID": "LOC000037692995",
    "tech": "HFC",
    "upgrade": "NULL_NA",
    "gnaf_pid": "GAVIC412195468",
    "ee": true
   }
  },
  {
   "type": "Feature",
   "geometry": {
    "type": "Point",
    "coordinates": [
     144.994928,
     -37.87671
    ]
   },
   "properties": {
    "name": "UNIT 2, 18 GLEN EIRA ROAD RIPPONLEA 3185",
    "locID": "LOC000022607438",
    "tech": "HFC",
    "upgrade": "NULL_NA",
    "gnaf_pid": "GAVIC412195473",
    "ee": true
   }
  },
  {
   "type": "Feature",
   "geometry": {
    "type": "Point",
    "coordinates": [
     144.99374486,
     -37.87564105
    ]
   },
   "properties": {
    "name": "UNIT 3, 12 MARYVILLE STREET RIPPONLEA 3185",
    "locID": "LOC000020223952",
    "tech": "HFC",
    "upgrade": "NULL_NA",
    "gnaf_pid": "GAVIC412195474",
    "ee": true
   }
  },
  {
   "type": "Feature",
   "geometry": {
    "type": "Point",
    "coordinates": [
     144.99349813,
     -37.87747888
    ]
   },
   "properties": {
    "name": "UNIT 8, 88 BRIGHTON ROAD RIPPONLEA 3185",
    "locID": "LOC000088917030",
    "tech": "HFC",
    "upgrade": "NULL_NA",
    "gnaf_pid": "GAVIC412195475",
    "ee": true
   }
  },
  {
   "type": "Feature",
   "geometry": {
    "type": "Point",
    "coordinates": [
     144.99501443,
     -37.87671589
    ]
   },
   "properties": {
    "name": "FLAT 1, 20 GLEN EIRA ROAD RIPPONLEA 3185",
    "locID": "LOC000014319846",
    "tech": "HFC",
    "upgrade": "NULL_NA",
    "gnaf_pid": "GAVIC412195477",
    "ee": true
   }
  },
  {
   "type": "Feature",
   "geometry": {
    "type": "Point",
    "coordinates": [
     144.995118,
     -37.877668
    ]
   },
   "properties": {
    "name": "UNIT 6, 13 FULLER ROAD RIPPONLEA 3185",
    "locID": "LOC000030135040",
    "tech": "HFC",
    "upgrade": "NULL_NA",
    "gnaf_pid": "GAVIC412195478",
    "ee": true
   }
  },
  {
   "type": "Feature",
   "geometry": {
    "type": "Point",
    "coordinates": [
     144.99349813,
     -37.87747888
    ]
   },
   "properties": {
    "name": "UNIT 9, 88 BRIGHTON ROAD RIPPONLEA 3185",
    "locID": "LOC000088983379",
    "tech": "HFC",
    "upgrade": "NULL_NA",
    "gnaf_pid": "GAVIC412195483",
    "ee": true
   }
  },
  {
   "type": "Feature",
   "geometry": {
    "type": "Point",
    "coordinates": [
     144.995512,
     -37.880686
    ]
   },
   "properties": {
    "name": "UNIT 1, 140 BRIGHTON ROAD RIPPONLEA 3185",
    "locID": "LOC000107513954",
    "tech": "HFC",
    "upgrade": "NULL_NA",
    "gnaf_pid": "GAVIC412195487",
    "ee": true
   }
  },
  {
   "type": "Feature",
   "geometry": {
    "type": "Point",
    "coordinates": [
     144.99534,
     -37.880412
    ]
   },
   "properties": {
    "name": "UNIT 16, 134 BRIGHTON ROAD RIPPONLEA 3185",
    "locID": "LOC000067943334",
    "tech": "HFC",
    "upgrade": "NULL_NA",
    "gnaf_pid": "GAVIC412195516",
    "ee": true
   }
  },
  {
   "type": "Feature",
   "geometry": {
    "type": "Point",
    "coordinates": [
     144.99645258,
     -37.87924007
    ]
   },
   "properties": {
    "name": "48 LYNDON STREET RIPPONLEA 3185",
    "locID": "LOC000101893833",
    "tech": "HFC",
    "upgrade": "NULL_NA",
    "gnaf_pid": "GAVIC412195517",
    "ee": true
   }
  },
  {
   "type": "Feature",
   "geometry": {
    "type": "Point",
    "coordinates": [
     144.995155,
     -37.876723
    ]
   },
   "properties": {
    "name": "UNIT 7, 22 GLEN EIRA ROAD RIPPONLEA 3185",
    "locID": "LOC000026093885",
    "tech": "HFC",
    "upgrade": "NULL_NA",
    "gnaf_pid": "GAVIC412196253",
    "ee": true
   }
  },
  {
   "type": "Feature",
   "geometry": {
    "type": "Point",
    "coordinates": [
     144.99628968,
     -37.87972038
    ]
   },
   "properties": {
    "name": "FLAT 5, 13 HOTHAM GROVE RIPPONLEA 3185",
    "locID": "LOC000075520588",
    "tech": "HFC",
    "upgrade": "NULL_NA",
    "gnaf_pid": "GAVIC412196254",
    "ee": true
   }
  },
  {
   "type": "Feature",
   "geometry": {
    "type": "Point",
    "coordinates": [
     144.995155,
     -37.876723
    ]
   },
   "properties": {
    "name": "UNIT 8, 22 GLEN EIRA ROAD RIPPONLEA 3185",
    "locID": "LOC000026183542",
    "tech": "HFC",
    "upgrade": "NULL_NA",
    "gnaf_pid": "GAVIC412196255",
    "ee": true
   }
  },
  {
   "type": "Feature",
   "geometry": {
    "type": "Point",
    "coordinates": [
     144.9934308,
     -37.87618906
    ]
   },
   "properties": {
    "name": "UNIT 8, 3 GLEN EIRA ROAD RIPPONLEA 3185",
    "locID": "LOC000059162131",
    "tech": "HFC",
    "upgrade": "NULL_NA",
    "gnaf_pid": "GAVIC412196256",
    "ee": true
   }
  },
  {
   "type": "Feature",
   "geometry": {
    "type": "Point",
    "coordinates": [
     144.995274,
     -37.879041
    ]
   },
   "properties": {
    "name": "UNIT 8, 14 ERINDALE AVENUE RIPPONLEA 3185",
    "locID": "LOC000088263176",
    "tech": "HFC",
    "upgrade": "NULL_NA",
    "gnaf_pid": "GAVIC412196359",
    "ee": true
   }
  },
  {
   "type": "Feature",
   "geometry": {
    "type": "Point",
    "coordinates": [
     144.99489264,
     -37.87971953
    ]
   },
   "properties": {
    "name": "UNIT 6, 124 BRIGHTON ROAD RIPPONLEA 3185",
    "locID": "LOC000014351279",
    "tech": "HFC",
    "upgrade": "NULL_NA",
    "gnaf_pid": "GAVIC412196363",
    "ee": true
   }
  },
  {
   "type": "Feature",
   "geometry": {
    "type": "Point",
    "coordinates": [
     144.99374486,
     -37.87564105
    ]
   },
   "properties": {
    "name": "UNIT 9, 12 MARYVILLE STREET RIPPONLEA 3185",
    "locID": "LOC000020167013",
    "tech": "HFC",
    "upgrade": "NULL_NA",
    "gnaf_pid": "GAVIC412196364",
    "ee": true
   }
  },
  {
   "type": "Feature",
   "geometry": {
    "type": "Point",
    "coordinates": [
     144.996134,
     -37.880029
    ]
   },
   "properties": {
    "name": "UNIT 3, 6 HOTHAM GROVE RIPPONLEA 3185",
    "locID": "LOC000024373178",
    "tech": "HFC",
    "upgrade": "NULL_NA",
    "gnaf_pid": "GAVIC412196366",
    "ee": true
   }
  },
  {
   "type": "Feature",
   "geometry": {
    "type": "Point",
    "coordinates": [
     144.995512,
     -37.880686
    ]
   },
   "properties": {
    "name": "UNIT 5, 140 BRIGHTON ROAD RIPPONLEA 3185",
    "locID": "LOC000109053658",
    "tech": "HFC",
    "upgrade": "NULL_NA",
    "gnaf_pid": "GAVIC412196368",
    "ee": true
   }
  },
  {
   "type": "Feature",
   "geometry": {
    "type": "Point",
    "coordinates": [
     144.99639372,
     -37.87970906
    ]
   },
   "properties": {
    "name": "15 HOTHAM GROVE RIPPONLEA 3185",
    "locID": "LOC000105839684",
    "tech": "HFC",
    "upgrade": "NULL_NA",
    "gnaf_pid": "GAVIC412196369",
    "ee": true
   }
  },
  {
   "type": "Feature",
   "geometry": {
    "type": "Point",
    "coordinates": [
     144.99534,
     -37.880412
    ]
   },
   "properties": {
    "name": "UNIT 7, 134 BRIGHTON ROAD RIPPONLEA 3185",
    "locID": "LOC000068222050",
    "tech": "HFC",
    "upgrade": "NULL_NA",
    "gnaf_pid": "GAVIC412196373",
    "ee": true
   }
  },
  {
   "type": "Feature",
   "geometry": {
    "type": "Point",
    "coordinates": [
     144.99619009,
     -37.88176927
    ]
   },
   "properties": {
    "name": "UNIT 2, 162 BRIGHTON ROAD RIPPONLEA 3185",
    "locID": "LOC000087484457",
    "tech": "HFC",
    "upgrade": "NULL_NA",
    "gnaf_pid": "GAVIC412196376",
    "ee": true
   }
  },
  {
   "type": "Feature",
   "geometry": {
    "type": "Point",
    "coordinates": [
     144.99592857,
     -37.88135028
    ]
   },
   "properties": {
    "name": "UNIT 9, 154 BRIGHTON ROAD RIPPONLEA 3185",
    "locID": "LOC000069619008",
    "tech": "HFC",
    "upgrade": "NULL_NA",
    "gnaf_pid": "GAVIC412196381",
    "ee": true
   }
  },
  {
   "type": "Feature",
   "geometry": {
    "type": "Point",
    "coordinates": [
     144.99534,
     -37.880412
    ]
   },
   "properties": {
    "name": "UNIT 11, 134 BRIGHTON ROAD RIPPONLEA 3185",
    "locID": "LOC000068280281",
    "tech": "HFC",
    "upgrade": "NULL_NA",
    "gnaf_pid": "GAVIC412196382",
    "ee": true
   }
  },
  {
   "type": "Feature",
   "geometry": {
    "type": "Point",
    "coordinates": [
     144.995155,
     -37.876723
    ]
   },
   "properties": {
    "name": "UNIT 2, 22 GLEN EIRA ROAD RIPPONLEA 3185",
    "locID": "LOC000026090256",
    "tech": "HFC",
    "upgrade": "NULL_NA",
    "gnaf_pid": "GAVIC412196439",
    "ee": true
   }
  },
  {
   "type": "Feature",
   "geometry": {
    "type": "Point",
    "coordinates": [
     144.993705,
     -37.877806
    ]
   },
   "properties": {
    "name": "UNIT 1, 94 BRIGHTON ROAD RIPPONLEA 3185",
    "locID": "LOC000095023485",
    "tech": "HFC",
    "upgrade": "NULL_NA",
    "gnaf_pid": "GAVIC412196440",
    "ee": true
   }
  },
  {
   "type": "Feature",
   "geometry": {
    "type": "Point",
    "coordinates": [
     144.995118,
     -37.877668
    ]
   },
   "properties": {
    "name": "UNIT 5, 13 FULLER ROAD RIPPONLEA 3185",
    "locID": "LOC000030254218",
    "tech": "HFC",
    "upgrade": "NULL_NA",
    "gnaf_pid": "GAVIC412197137",
    "ee": true
   }
  },
  {
   "type": "Feature",
   "geometry": {
    "type": "Point",
    "coordinates": [
     144.99349813,
     -37.87747888
    ]
   },
   "properties": {
    "name": "UNIT 2, 88 BRIGHTON ROAD RIPPONLEA 3185",
    "locID": "LOC000088902716",
    "tech": "HFC",
    "upgrade": "NULL_NA",
    "gnaf_pid": "GAVIC412197138",
    "ee": true
   }
  },
  {
   "type": "Feature",
   "geometry": {
    "type": "Point",
    "coordinates": [
     144.995118,
     -37.877668
    ]
   },
   "properties": {
    "name": "UNIT 4, 13 FULLER ROAD RIPPONLEA 3185",
    "locID": "LOC000030191919",
    "tech": "HFC",
    "upgrade": "NULL_NA",
    "gnaf_pid": "GAVIC412197140",
    "ee": true
   }
  },
  {
   "type": "Feature",
   "geometry": {
    "type": "Point",
    "coordinates": [
     144.99378186,
     -37.8762401
    ]
   },
   "properties": {
    "name": "UNIT 1, 7 GLEN EIRA ROAD RIPPONLEA 3185",
    "locID": "LOC000022082552",
    "tech": "HFC",
    "upgrade": "NULL_NA",
    "gnaf_pid": "GAVIC412197141",
    "ee": true
   }
  },
  {
   "type": "Feature",
   "geometry": {
    "type": "Point",
    "coordinates": [
     144.99293,
     -37.876604
    ]
   },
   "properties": {
    "name": "UNIT 3, 74 BRIGHTON ROAD RIPPONLEA 3185",
    "locID": "LOC000081243146",
    "tech": "HFC",
    "upgrade": "NULL_NA",
    "gnaf_pid": "GAVIC412197143",
    "ee": true
   }
  },
  {
   "type": "Feature",
   "geometry": {
    "type": "Point",
    "coordinates": [
     144.99374486,
     -37.87564105
    ]
   },
   "properties": {
    "name": "UNIT 14, 12 MARYVILLE STREET RIPPONLEA 3185",
    "locID": "LOC000020280018",
    "tech": "HFC",
    "upgrade": "NULL_NA",
    "gnaf_pid": "GAVIC412197145",
    "ee": true
   }
  },
  {
   "type": "Feature",
   "geometry": {
    "type": "Point",
    "coordinates": [
     144.99378186,
     -37.8762401
    ]
   },
   "properties": {
    "name": "UNIT 6, 7 GLEN EIRA ROAD RIPPONLEA 3185",
    "locID": "LOC000021913498",
    "tech": "HFC",
    "upgrade": "NULL_NA",
    "gnaf_pid": "GAVIC412197149",
    "ee": true
   }
  },
  {
   "type": "Feature",
   "geometry": {
    "type": "Point",
    "coordinates": [
     144.995274,
     -37.879041
    ]
   },
   "properties": {
    "name": "UNIT 3, 14 ERINDALE AVENUE RIPPONLEA 3185",
    "locID": "LOC000087566063",
    "tech": "HFC",
    "upgrade": "NULL_NA",
    "gnaf_pid": "GAVIC412197151",
    "ee": true
   }
  },
  {
   "type": "Feature",
   "geometry": {
    "type": "Point",
    "coordinates": [
     144.994928,
     -37.87671
    ]
   },
   "properties": {
    "name": "UNIT 1, 18 GLEN EIRA ROAD RIPPONLEA 3185",
    "locID": "LOC000022690412",
    "tech": "HFC",
    "upgrade": "NULL_NA",
    "gnaf_pid": "GAVIC412197153",
    "ee": true
   }
  },
  {
   "type": "Feature",
   "geometry": {
    "type": "Point",
    "coordinates": [
     144.99322257,
     -37.87557789
    ]
   },
   "properties": {
    "name": "UNIT 1, 8 MARYVILLE STREET RIPPONLEA 3185",
    "locID": "LOC000006081347",
    "tech": "HFC",
    "upgrade": "NULL_NA",
    "gnaf_pid": "GAVIC412197154",
    "ee": true
   }
  },
  {
   "type": "Feature",
   "geometry": {
    "type": "Point",
    "coordinates": [
     144.99374486,
     -37.87564105
    ]
   },
   "properties": {
    "name": "UNIT 5, 12 MARYVILLE STREET RIPPONLEA 3185",
    "locID": "LOC000020450124",
    "tech": "HFC",
    "upgrade": "NULL_NA",
    "gnaf_pid": "GAVIC412197156",
    "ee": true
   }
  },
  {
   "type": "Feature",
   "geometry": {
    "type": "Point",
    "coordinates": [
     144.99374486,
     -37.87564105
    ]
   },
   "properties": {
    "name": "UNIT 1, 12 MARYVILLE STREET RIPPONLEA 3185",
    "locID": "LOC000020223952",
    "tech": "HFC",
    "upgrade": "NULL_NA",
    "gnaf_pid": "GAVIC412197157",
    "ee": true
   }
  },
  {
   "type": "Feature",
   "geometry": {
    "type": "Point",
    "coordinates": [
     144.9934308,
     -37.87618906
    ]
   },
   "properties": {
    "name": "UNIT 6, 3 GLEN EIRA ROAD RIPPONLEA 3185",
    "locID": "LOC000059183402",
    "tech": "HFC",
    "upgrade": "NULL_NA",
    "gnaf_pid": "GAVIC412197159",
    "ee": true
   }
  },
  {
   "type": "Feature",
   "geometry": {
    "type": "Point",
    "coordinates": [
     144.99322257,
     -37.87557789
    ]
   },
   "properties": {
    "name": "UNIT 4, 8 MARYVILLE STREET RIPPONLEA 3185",
    "locID": "LOC000006199082",
    "tech": "HFC",
    "upgrade": "NULL_NA",
    "gnaf_pid": "GAVIC412197160",
    "ee": true
   }
  },
  {
   "type": "Feature",
   "geometry": {
    "type": "Point",
    "coordinates": [
     144.99322257,
     -37.87557789
    ]
   },
   "properties": {
    "name": "UNIT 7, 8 MARYVILLE STREET RIPPONLEA 3185",
    "locID": "LOC000006238698",
    "tech": "HFC",
    "upgrade": "NULL_NA",
    "gnaf_pid": "GAVIC412197161",
    "ee": true
   }
  },
  {
   "type": "Feature",
   "geometry": {
    "type": "Point",
    "coordinates": [
     144.995604,
     -37.880794
    ]
   },
   "properties": {
    "name": "UNIT 4, 142 BRIGHTON ROAD RIPPONLEA 3185",
    "locID": "LOC000019541783",
    "tech": "HFC",
    "upgrade": "NULL_NA",
    "gnaf_pid": "GAVIC412197164",
    "ee": true
   }
  },
  {
   "type": "Feature",
   "geometry": {
    "type": "Point",
    "coordinates": [
     144.99349813,
     -37.87747888
    ]
   },
   "properties": {
    "name": "UNIT 6, 88 BRIGHTON ROAD RIPPONLEA 3185",
    "locID": "LOC000088917030",
    "tech": "HFC",
    "upgrade": "NULL_NA",
    "gnaf_pid": "GAVIC412197167",
    "ee": true
   }
  },
  {
   "type": "Feature",
   "geometry": {
    "type": "Point",
    "coordinates": [
     144.993901,
     -37.878116
    ]
   },
   "properties": {
    "name": "UNIT 5, 98 BRIGHTON ROAD RIPPONLEA 3185",
    "locID": "LOC000069557136",
    "tech": "HFC",
    "upgrade": "NULL_NA",
    "gnaf_pid": "GAVIC412197168",
    "ee": true
   }
  },
  {
   "type": "Feature",
   "geometry": {
    "type": "Point",
    "coordinates": [
     144.99592857,
     -37.88135028
    ]
   },
   "properties": {
    "name": "UNIT 6, 154 BRIGHTON ROAD RIPPONLEA 3185",
    "locID": "LOC000069835953",
    "tech": "HFC",
    "upgrade": "NULL_NA",
    "gnaf_pid": "GAVIC412199106",
    "ee": true
   }
  },
  {
   "type": "Feature",
   "geometry": {
    "type": "Point",
    "coordinates": [
     144.9969458,
     -37.8813385
    ]
   },
   "properties": {
    "name": "UNIT 12, 245 HOTHAM STREET RIPPONLEA 3185",
    "locID": "LOC000048725494",
    "tech": "HFC",
    "upgrade": "NULL_NA",
    "gnaf_pid": "GAVIC412199107",
    "ee": true
   }
  },
  {
   "type": "Feature",
   "geometry": {
    "type": "Point",
    "coordinates": [
     144.9969458,
     -37.8813385
    ]
   },
   "properties": {
    "name": "UNIT 1, 245 HOTHAM STREET RIPPONLEA 3185",
    "locID": "LOC000048832723",
    "tech": "HFC",
    "upgrade": "NULL_NA",
    "gnaf_pid": "GAVIC412199108",
    "ee": true
   }
  },
  {
   "type": "Feature",
   "geometry": {
    "type": "Point",
    "coordinates": [
     144.994151,
     -37.878535
    ]
   },
   "properties": {
    "name": "UNIT 5, 102 BRIGHTON ROAD RIPPONLEA 3185",
    "locID": "LOC000008066694",
    "tech": "HFC",
    "upgrade": "NULL_NA",
    "gnaf_pid": "GAVIC412199109",
    "ee": true
   }
  },
  {
   "type": "Feature",
   "geometry": {
    "type": "Point",
    "coordinates": [
     144.996887,
     -37.880357
    ]
   },
   "properties": {
    "name": "UNIT 4, 16 HOTHAM GROVE RIPPONLEA 3185",
    "locID": "LOC000086574944",
    "tech": "HFC",
    "upgrade": "NULL_NA",
    "gnaf_pid": "GAVIC412199110",
    "ee": true
   }
  },
  {
   "type": "Feature",
   "geometry": {
    "type": "Point",
    "coordinates": [
     144.997523,
     -37.878277
    ]
   },
   "properties": {
    "name": "UNIT 5, 199 HOTHAM STREET RIPPONLEA 3185",
    "locID": "LOC000106404421",
    "tech": "HFC",
    "upgrade": "NULL_NA",
    "gnaf_pid": "GAVIC412199112",
    "ee": true
   }
  },
  {
   "type": "Feature",
   "geometry": {
    "type": "Point",
    "coordinates": [
     144.99534,
     -37.880412
    ]
   },
   "properties": {
    "name": "UNIT 4, 134 BRIGHTON ROAD RIPPONLEA 3185",
    "locID": "LOC000068293294",
    "tech": "HFC",
    "upgrade": "NULL_NA",
    "gnaf_pid": "GAVIC412199113",
    "ee": true
   }
  },
  {
   "type": "Feature",
   "geometry": {
    "type": "Point",
    "coordinates": [
     144.99374486,
     -37.87564105
    ]
   },
   "properties": {
    "name": "UNIT 8, 12 MARYVILLE STREET RIPPONLEA 3185",
    "locID": "LOC000020341609",
    "tech": "HFC",
    "upgrade": "NULL_NA",
    "gnaf_pid": "GAVIC412199115",
    "ee": true
   }
  },
  {
   "type": "Feature",
   "geometry": {
    "type": "Point",
    "coordinates": [
     144.99740389,
     -37.87893322
    ]
   },
   "properties": {
    "name": "UNIT 2, 211 HOTHAM STREET RIPPONLEA 3185",
    "locID": "LOC000059513233",
    "tech": "HFC",
    "upgrade": "NULL_NA",
    "gnaf_pid": "GAVIC412199116",
    "ee": true
   }
  },
  {
   "type": "Feature",
   "geometry": {
    "type": "Point",
    "coordinates": [
     144.99665337,
     -37.87600065
    ]
   },
   "properties": {
    "name": "UNIT 3, 15 OAK GROVE RIPPONLEA 3185",
    "locID": "LOC000072975840",
    "tech": "HFC",
    "upgrade": "NULL_NA",
    "gnaf_pid": "GAVIC412199118",
    "ee": true
   }
  },
  {
   "type": "Feature",
   "geometry": {
    "type": "Point",
    "coordinates": [
     144.99665337,
     -37.87600065
    ]
   },
   "properties": {
    "name": "UNIT 9, 15 OAK GROVE RIPPONLEA 3185",
    "locID": "LOC000072975840",
    "tech": "HFC",
    "upgrade": "NULL_NA",
    "gnaf_pid": "GAVIC412199120",
    "ee": true
   }
  },
  {
   "type": "Feature",
   "geometry": {
    "type": "Point",
    "coordinates": [
     144.99767,
     -37.876118
    ]
   },
   "properties": {
    "name": "UNIT 2, 1 OAK GROVE RIPPONLEA 3185",
    "locID": "LOC000056008819",
    "tech": "HFC",
    "upgrade": "NULL_NA",
    "gnaf_pid": "GAVIC412199121",
    "ee": true
   }
  },
  {
   "type": "Feature",
   "geometry": {
    "type": "Point",
    "coordinates": [
     144.997038,
     -37.876043
    ]
   },
   "properties": {
    "name": "UNIT 5, 9 OAK GROVE RIPPONLEA 3185",
    "locID": "LOC000002747995",
    "tech": "HFC",
    "upgrade": "NULL_NA",
    "gnaf_pid": "GAVIC412199122",
    "ee": true
   }
  },
  {
   "type": "Feature",
   "geometry": {
    "type": "Point",
    "coordinates": [
     144.996506,
     -37.87598
    ]
   },
   "properties": {
    "name": "UNIT 6, 17 OAK GROVE RIPPONLEA 3185",
    "locID": "LOC000025265699",
    "tech": "HFC",
    "upgrade": "NULL_NA",
    "gnaf_pid": "GAVIC412199123",
    "ee": true
   }
  },
  {
   "type": "Feature",
   "geometry": {
    "type": "Point",
    "coordinates": [
     144.99430377,
     -37.87663135
    ]
   },
   "properties": {
    "name": "UNIT 2, 10 GLEN EIRA ROAD RIPPONLEA 3185",
    "locID": "LOC000013480463",
    "tech": "HFC",
    "upgrade": "NULL_NA",
    "gnaf_pid": "GAVIC412199129",
    "ee": true
   }
  },
  {
   "type": "Feature",
   "geometry": {
    "type": "Point",
    "coordinates": [
     144.99349813,
     -37.87747888
    ]
   },
   "properties": {
    "name": "UNIT 1, 88 BRIGHTON ROAD RIPPONLEA 3185",
    "locID": "LOC000088589359",
    "tech": "HFC",
    "upgrade": "NULL_NA",
    "gnaf_pid": "GAVIC412199133",
    "ee": true
   }
  },
  {
   "type": "Feature",
   "geometry": {
    "type": "Point",
    "coordinates": [
     144.995118,
     -37.877668
    ]
   },
   "properties": {
    "name": "UNIT 1, 13 FULLER ROAD RIPPONLEA 3185",
    "locID": "LOC000030191919",
    "tech": "HFC",
    "upgrade": "NULL_NA",
    "gnaf_pid": "GAVIC412199154",
    "ee": true
   }
  },
  {
   "type": "Feature",
   "geometry": {
    "type": "Point",
    "coordinates": [
     144.99619009,
     -37.88176927
    ]
   },
   "properties": {
    "name": "UNIT 19, 162 BRIGHTON ROAD RIPPONLEA 3185",
    "locID": "LOC000087936852",
    "tech": "HFC",
    "upgrade": "NULL_NA",
    "gnaf_pid": "GAVIC412199155",
    "ee": true
   }
  },
  {
   "type": "Feature",
   "geometry": {
    "type": "Point",
    "coordinates": [
     144.995604,
     -37.880794
    ]
   },
   "properties": {
    "name": "UNIT 1, 142 BRIGHTON ROAD RIPPONLEA 3185",
    "locID": "LOC000019541783",
    "tech": "HFC",
    "upgrade": "NULL_NA",
    "gnaf_pid": "GAVIC412199156",
    "ee": true
   }
  },
  {
   "type": "Feature",
   "geometry": {
    "type": "Point",
    "coordinates": [
     144.995999,
     -37.880008
    ]
   },
   "properties": {
    "name": "UNIT 2, 4 HOTHAM GROVE RIPPONLEA 3185",
    "locID": "LOC000006056867",
    "tech": "HFC",
    "upgrade": "NULL_NA",
    "gnaf_pid": "GAVIC412199157",
    "ee": true
   }
  },
  {
   "type": "Feature",
   "geometry": {
    "type": "Point",
    "coordinates": [
     144.996427,
     -37.88212285
    ]
   },
   "properties": {
    "name": "UNIT 6, 170 BRIGHTON ROAD RIPPONLEA 3185",
    "locID": "LOC000093144948",
    "tech": "HFC",
    "upgrade": "NULL_NA",
    "gnaf_pid": "GAVIC412199159",
    "ee": true
   }
  },
  {
   "type": "Feature",
   "geometry": {
    "type": "Point",
    "coordinates": [
     144.9968673,
     -37.87817611
    ]
   },
   "properties": {
    "name": "UNIT 4, 3 QUAT QUATTA AVENUE RIPPONLEA 3185",
    "locID": "LOC000069317174",
    "tech": "HFC",
    "upgrade": "NULL_NA",
    "gnaf_pid": "GAVIC412199898",
    "ee": true
   }
  },
  {
   "type": "Feature",
   "geometry": {
    "type": "Point",
    "coordinates": [
     144.9969458,
     -37.8813385
    ]
   },
   "properties": {
    "name": "UNIT 5, 245 HOTHAM STREET RIPPONLEA 3185",
    "locID": "LOC000049147852",
    "tech": "HFC",
    "upgrade": "NULL_NA",
    "gnaf_pid": "GAVIC412199900",
    "ee": true
   }
  },
  {
   "type": "Feature",
   "geometry": {
    "type": "Point",
    "coordinates": [
     144.996134,
     -37.880029
    ]
   },
   "properties": {
    "name": "UNIT 4, 6 HOTHAM GROVE RIPPONLEA 3185",
    "locID": "LOC000024347072",
    "tech": "HFC",
    "upgrade": "NULL_NA",
    "gnaf_pid": "GAVIC412199901",
    "ee": true
   }
  },
  {
   "type": "Feature",
   "geometry": {
    "type": "Point",
    "coordinates": [
     144.997523,
     -37.878277
    ]
   },
   "properties": {
    "name": "UNIT 3, 199 HOTHAM STREET RIPPONLEA 3185",
    "locID": "LOC000106812006",
    "tech": "HFC",
    "upgrade": "NULL_NA",
    "gnaf_pid": "GAVIC412199904",
    "ee": true
   }
  },
  {
   "type": "Feature",
   "geometry": {
    "type": "Point",
    "coordinates": [
     144.99619009,
     -37.88176927
    ]
   },
   "properties": {
    "name": "UNIT 13, 162 BRIGHTON ROAD RIPPONLEA 3185",
    "locID": "LOC000088397487",
    "tech": "HFC",
    "upgrade": "NULL_NA",
    "gnaf_pid": "GAVIC412200056",
    "ee": true
   }
  },
  {
   "type": "Feature",
   "geometry": {
    "type": "Point",
    "coordinates": [
     144.99628968,
     -37.87972038
    ]
   },
   "properties": {
    "name": "FLAT 3, 13 HOTHAM GROVE RIPPONLEA 3185",
    "locID": "LOC000075520588",
    "tech": "HFC",
    "upgrade": "NULL_NA",
    "gnaf_pid": "GAVIC412200057",
    "ee": true
   }
  },
  {
   "type": "Feature",
   "geometry": {
    "type": "Point",
    "coordinates": [
     144.995274,
     -37.879041
    ]
   },
   "properties": {
    "name": "UNIT 5, 14 ERINDALE AVENUE RIPPONLEA 3185",
    "locID": "LOC000088379840",
    "tech": "HFC",
    "upgrade": "NULL_NA",
    "gnaf_pid": "GAVIC412200059",
    "ee": true
   }
  },
  {
   "type": "Feature",
   "geometry": {
    "type": "Point",
    "coordinates": [
     144.99489264,
     -37.87971953
    ]
   },
   "properties": {
    "name": "UNIT 3, 124 BRIGHTON ROAD RIPPONLEA 3185",
    "locID": "LOC000014685726",
    "tech": "HFC",
    "upgrade": "NULL_NA",
    "gnaf_pid": "GAVIC412200060",
    "ee": true
   }
  },
  {
   "type": "Feature",
   "geometry": {
    "type": "Point",
    "coordinates": [
     144.99743125,
     -37.87876246
    ]
   },
   "properties": {
    "name": "UNIT 11, 209 HOTHAM STREET RIPPONLEA 3185",
    "locID": "LOC000061496864",
    "tech": "HFC",
    "upgrade": "NULL_NA",
    "gnaf_pid": "GAVIC412200061",
    "ee": true
   }
  },
  {
   "type": "Feature",
   "geometry": {
    "type": "Point",
    "coordinates": [
     144.99619009,
     -37.88176927
    ]
   },
   "properties": {
    "name": "UNIT 12, 162 BRIGHTON ROAD RIPPONLEA 3185",
    "locID": "LOC000088638625",
    "tech": "HFC",
    "upgrade": "NULL_NA",
    "gnaf_pid": "GAVIC412200062",
    "ee": true
   }
  },
  {
   "type": "Feature",
   "geometry": {
    "type": "Point",
    "coordinates": [
     144.993435,
     -37.875603
    ]
   },
   "properties": {
    "name": "UNIT 2, 10 MARYVILLE STREET RIPPONLEA 3185",
    "locID": "LOC000036678895",
    "tech": "HFC",
    "upgrade": "NULL_NA",
    "gnaf_pid": "GAVIC412200065",
    "ee": true
   }
  },
  {
   "type": "Feature",
   "geometry": {
    "type": "Point",
    "coordinates": [
     144.995274,
     -37.879041
    ]
   },
   "properties": {
    "name": "UNIT 6, 14 ERINDALE AVENUE RIPPONLEA 3185",
    "locID": "LOC000088487531",
    "tech": "HFC",
    "upgrade": "NULL_NA",
    "gnaf_pid": "GAVIC412200066",
    "ee": true
   }
  },
  {
   "type": "Feature",
   "geometry": {
    "type": "Point",
    "coordinates": [
     144.99619009,
     -37.88176927
    ]
   },
   "properties": {
    "name": "UNIT 7, 162 BRIGHTON ROAD RIPPONLEA 3185",
    "locID": "LOC000087937614",
    "tech": "HFC",
    "upgrade": "NULL_NA",
    "gnaf_pid": "GAVIC412200067",
    "ee": true
   }
  },
  {
   "type": "Feature",
   "geometry": {
    "type": "Point",
    "coordinates": [
     144.9969458,
     -37.8813385
    ]
   },
   "properties": {
    "name": "UNIT 11, 245 HOTHAM STREET RIPPONLEA 3185",
    "locID": "LOC000048959179",
    "tech": "HFC",
    "upgrade": "NULL_NA",
    "gnaf_pid": "GAVIC412200068",
    "ee": true
   }
  },
  {
   "type": "Feature",
   "geometry": {
    "type": "Point",
    "coordinates": [
     144.99767,
     -37.876118
    ]
   },
   "properties": {
    "name": "UNIT 1, 1 OAK GROVE RIPPONLEA 3185",
    "locID": "LOC000056196384",
    "tech": "HFC",
    "upgrade": "NULL_NA",
    "gnaf_pid": "GAVIC412200070",
    "ee": true
   }
  },
  {
   "type": "Feature",
   "geometry": {
    "type": "Point",
    "coordinates": [
     144.99628968,
     -37.87972038
    ]
   },
   "properties": {
    "name": "FLAT 2, 13 HOTHAM GROVE RIPPONLEA 3185",
    "locID": "LOC000075520588",
    "tech": "HFC",
    "upgrade": "NULL_NA",
    "gnaf_pid": "GAVIC412200533",
    "ee": true
   }
  },
  {
   "type": "Feature",
   "geometry": {
    "type": "Point",
    "coordinates": [
     144.99592857,
     -37.88135028
    ]
   },
   "properties": {
    "name": "UNIT 3, 154 BRIGHTON ROAD RIPPONLEA 3185",
    "locID": "LOC000069782085",
    "tech": "HFC",
    "upgrade": "NULL_NA",
    "gnaf_pid": "GAVIC412200534",
    "ee": true
   }
  },
  {
   "type": "Feature",
   "geometry": {
    "type": "Point",
    "coordinates": [
     144.997038,
     -37.876043
    ]
   },
   "properties": {
    "name": "UNIT 3, 9 OAK GROVE RIPPONLEA 3185",
    "locID": "LOC000002841791",
    "tech": "HFC",
    "upgrade": "NULL_NA",
    "gnaf_pid": "GAVIC412200785",
    "ee": true
   }
  },
  {
   "type": "Feature",
   "geometry": {
    "type": "Point",
    "coordinates": [
     144.99665337,
     -37.87600065
    ]
   },
   "properties": {
    "name": "UNIT 5, 15 OAK GROVE RIPPONLEA 3185",
    "locID": "LOC000073167079",
    "tech": "HFC",
    "upgrade": "NULL_NA",
    "gnaf_pid": "GAVIC412200786",
    "ee": true
   }
  },
  {
   "type": "Feature",
   "geometry": {
    "type": "Point",
    "coordinates": [
     144.997038,
     -37.876043
    ]
   },
   "properties": {
    "name": "UNIT 9, 9 OAK GROVE RIPPONLEA 3185",
    "locID": "LOC000002841791",
    "tech": "HFC",
    "upgrade": "NULL_NA",
    "gnaf_pid": "GAVIC412200788",
    "ee": true
   }
  },
  {
   "type": "Feature",
   "geometry": {
    "type": "Point",
    "coordinates": [
     144.9968673,
     -37.87817611
    ]
   },
   "properties": {
    "name": "UNIT 1, 3 QUAT QUATTA AVENUE RIPPONLEA 3185",
    "locID": "LOC000069855382",
    "tech": "HFC",
    "upgrade": "NULL_NA",
    "gnaf_pid": "GAVIC412200975",
    "ee": true
   }
  },
  {
   "type": "Feature",
   "geometry": {
    "type": "Point",
    "coordinates": [
     144.99421254,
     -37.87466765
    ]
   },
   "properties": {
    "name": "21A MONKSTADT AVENUE RIPPONLEA 3185",
    "locID": "LOC000093896694",
    "tech": "HFC",
    "upgrade": "NULL_NA",
    "gnaf_pid": "GAVIC412200976",
    "ee": true
   }
  },
  {
   "type": "Feature",
   "geometry": {
    "type": "Point",
    "coordinates": [
     144.996134,
     -37.880029
    ]
   },
   "properties": {
    "name": "UNIT 5, 6 HOTHAM GROVE RIPPONLEA 3185",
    "locID": "LOC000024347573",
    "tech": "HFC",
    "upgrade": "NULL_NA",
    "gnaf_pid": "GAVIC412200977",
    "ee": true
   }
  },
  {
   "type": "Feature",
   "geometry": {
    "type": "Point",
    "coordinates": [
     144.994729,
     -37.878175
    ]
   },
   "properties": {
    "name": "UNIT 5, 2 ERINDALE AVENUE RIPPONLEA 3185",
    "locID": "LOC000088422404",
    "tech": "HFC",
    "upgrade": "NULL_NA",
    "gnaf_pid": "GAVIC412200979",
    "ee": true
   }
  },
  {
   "type": "Feature",
   "geometry": {
    "type": "Point",
    "coordinates": [
     144.99592857,
     -37.88135028
    ]
   },
   "properties": {
    "name": "UNIT 4, 154 BRIGHTON ROAD RIPPONLEA 3185",
    "locID": "LOC000069919788",
    "tech": "HFC",
    "upgrade": "NULL_NA",
    "gnaf_pid": "GAVIC412200980",
    "ee": true
   }
  },
  {
   "type": "Feature",
   "geometry": {
    "type": "Point",
    "coordinates": [
     144.9957943,
     -37.87791453
    ]
   },
   "properties": {
    "name": "UNIT 2, 24 LYNDON STREET RIPPONLEA 3185",
    "locID": "LOC000038826022",
    "tech": "HFC",
    "upgrade": "NULL_NA",
    "gnaf_pid": "GAVIC412200981",
    "ee": true
   }
  },
  {
   "type": "Feature",
   "geometry": {
    "type": "Point",
    "coordinates": [
     144.997059,
     -37.880729
    ]
   },
   "properties": {
    "name": "UNIT 3, 229 HOTHAM STREET RIPPONLEA 3185",
    "locID": "LOC000171801639",
    "tech": "HFC",
    "upgrade": "NULL_NA",
    "gnaf_pid": "GAVIC412201669",
    "ee": true
   }
  },
  {
   "type": "Feature",
   "geometry": {
    "type": "Point",
    "coordinates": [
     144.996887,
     -37.880357
    ]
   },
   "properties": {
    "name": "UNIT 2, 16 HOTHAM GROVE RIPPONLEA 3185",
    "locID": "LOC000086190559",
    "tech": "HFC",
    "upgrade": "NULL_NA",
    "gnaf_pid": "GAVIC412201670",
    "ee": true
   }
  },
  {
   "type": "Feature",
   "geometry": {
    "type": "Point",
    "coordinates": [
     144.996427,
     -37.88212285
    ]
   },
   "properties": {
    "name": "UNIT 4, 170 BRIGHTON ROAD RIPPONLEA 3185",
    "locID": "LOC000093245406",
    "tech": "HFC",
    "upgrade": "NULL_NA",
    "gnaf_pid": "GAVIC412201671",
    "ee": true
   }
  },
  {
   "type": "Feature",
   "geometry": {
    "type": "Point",
    "coordinates": [
     144.995604,
     -37.880794
    ]
   },
   "properties": {
    "name": "UNIT 3, 142 BRIGHTON ROAD RIPPONLEA 3185",
    "locID": "LOC000019541783",
    "tech": "HFC",
    "upgrade": "NULL_NA",
    "gnaf_pid": "GAVIC412201689",
    "ee": true
   }
  },
  {
   "type": "Feature",
   "geometry": {
    "type": "Point",
    "coordinates": [
     144.995274,
     -37.879041
    ]
   },
   "properties": {
    "name": "UNIT 4, 14 ERINDALE AVENUE RIPPONLEA 3185",
    "locID": "LOC000088075531",
    "tech": "HFC",
    "upgrade": "NULL_NA",
    "gnaf_pid": "GAVIC412201690",
    "ee": true
   }
  },
  {
   "type": "Feature",
   "geometry": {
    "type": "Point",
    "coordinates": [
     144.994151,
     -37.878535
    ]
   },
   "properties": {
    "name": "UNIT 1, 102 BRIGHTON ROAD RIPPONLEA 3185",
    "locID": "LOC000008066694",
    "tech": "HFC",
    "upgrade": "NULL_NA",
    "gnaf_pid": "GAVIC412201691",
    "ee": true
   }
  },
  {
   "type": "Feature",
   "geometry": {
    "type": "Point",
    "coordinates": [
     144.99489264,
     -37.87971953
    ]
   },
   "properties": {
    "name": "UNIT 4, 124 BRIGHTON ROAD RIPPONLEA 3185",
    "locID": "LOC000014323024",
    "tech": "HFC",
    "upgrade": "NULL_NA",
    "gnaf_pid": "GAVIC412201693",
    "ee": true
   }
  },
  {
   "type": "Feature",
   "geometry": {
    "type": "Point",
    "coordinates": [
     144.997059,
     -37.880729
    ]
   },
   "properties": {
    "name": "UNIT 2, 229 HOTHAM STREET RIPPONLEA 3185",
    "locID": "LOC000171801639",
    "tech": "HFC",
    "upgrade": "NULL_NA",
    "gnaf_pid": "GAVIC412201694",
    "ee": true
   }
  },
  {
   "type": "Feature",
   "geometry": {
    "type": "Point",
    "coordinates": [
     144.997059,
     -37.880729
    ]
   },
   "properties": {
    "name": "UNIT 5, 229 HOTHAM STREET RIPPONLEA 3185",
    "locID": "LOC000171801641",
    "tech": "HFC",
    "upgrade": "NULL_NA",
    "gnaf_pid": "GAVIC412201695",
    "ee": true
   }
  },
  {
   "type": "Feature",
   "geometry": {
    "type": "Point",
    "coordinates": [
     144.992505,
     -37.87592
    ]
   },
   "properties": {
    "name": "UNIT 3, 66 BRIGHTON ROAD RIPPONLEA 3185",
    "locID": "LOC000030991496",
    "tech": "HFC",
    "upgrade": "NULL_NA",
    "gnaf_pid": "GAVIC412201697",
    "ee": true
   }
  },
  {
   "type": "Feature",
   "geometry": {
    "type": "Point",
    "coordinates": [
     144.99534,
     -37.880412
    ]
   },
   "properties": {
    "name": "UNIT 15, 134 BRIGHTON ROAD RIPPONLEA 3185",
    "locID": "LOC000067774843",
    "tech": "HFC",
    "upgrade": "NULL_NA",
    "gnaf_pid": "GAVIC412201709",
    "ee": true
   }
  },
  {
   "type": "Feature",
   "geometry": {
    "type": "Point",
    "coordinates": [
     144.99374486,
     -37.87564105
    ]
   },
   "properties": {
    "name": "UNIT 12, 12 MARYVILLE STREET RIPPONLEA 3185",
    "locID": "LOC000020223952",
    "tech": "HFC",
    "upgrade": "NULL_NA",
    "gnaf_pid": "GAVIC412201738",
    "ee": true
   }
  },
  {
   "type": "Feature",
   "geometry": {
    "type": "Point",
    "coordinates": [
     144.997059,
     -37.880729
    ]
   },
   "properties": {
    "name": "UNIT 11, 229 HOTHAM STREET RIPPONLEA 3185",
    "locID": "LOC000171801570",
    "tech": "HFC",
    "upgrade": "NULL_NA",
    "gnaf_pid": "GAVIC412201739",
    "ee": true
   }
  },
  {
   "type": "Feature",
   "geometry": {
    "type": "Point",
    "coordinates": [
     144.996887,
     -37.880357
    ]
   },
   "properties": {
    "name": "UNIT 1, 16 HOTHAM GROVE RIPPONLEA 3185",
    "locID": "LOC000086536265",
    "tech": "HFC",
    "upgrade": "NULL_NA",
    "gnaf_pid": "GAVIC412201743",
    "ee": true
   }
  },
  {
   "type": "Feature",
   "geometry": {
    "type": "Point",
    "coordinates": [
     144.99322257,
     -37.87557789
    ]
   },
   "properties": {
    "name": "UNIT 3, 8 MARYVILLE STREET RIPPONLEA 3185",
    "locID": "LOC000006069016",
    "tech": "HFC",
    "upgrade": "NULL_NA",
    "gnaf_pid": "GAVIC412201745",
    "ee": true
   }
  },
  {
   "type": "Feature",
   "geometry": {
    "type": "Point",
    "coordinates": [
     144.99374486,
     -37.87564105
    ]
   },
   "properties": {
    "name": "UNIT 6, 12 MARYVILLE STREET RIPPONLEA 3185",
    "locID": "LOC000020252350",
    "tech": "HFC",
    "upgrade": "NULL_NA",
    "gnaf_pid": "GAVIC412201746",
    "ee": true
   }
  },
  {
   "type": "Feature",
   "geometry": {
    "type": "Point",
    "coordinates": [
     144.994151,
     -37.878535
    ]
   },
   "properties": {
    "name": "UNIT 6, 102 BRIGHTON ROAD RIPPONLEA 3185",
    "locID": "LOC000007803392",
    "tech": "HFC",
    "upgrade": "NULL_NA",
    "gnaf_pid": "GAVIC412201747",
    "ee": true
   }
  },
  {
   "type": "Feature",
   "geometry": {
    "type": "Point",
    "coordinates": [
     144.9934308,
     -37.87618906
    ]
   },
   "properties": {
    "name": "UNIT 5, 3 GLEN EIRA ROAD RIPPONLEA 3185",
    "locID": "LOC000059269859",
    "tech": "HFC",
    "upgrade": "NULL_NA",
    "gnaf_pid": "GAVIC412201750",
    "ee": true
   }
  },
  {
   "type": "Feature",
   "geometry": {
    "type": "Point",
    "coordinates": [
     144.99740389,
     -37.87893322
    ]
   },
   "properties": {
    "name": "UNIT 13, 211 HOTHAM STREET RIPPONLEA 3185",
    "locID": "LOC000059203033",
    "tech": "HFC",
    "upgrade": "NULL_NA",
    "gnaf_pid": "GAVIC412202788",
    "ee": true
   }
  },
  {
   "type": "Feature",
   "geometry": {
    "type": "Point",
    "coordinates": [
     144.99740389,
     -37.87893322
    ]
   },
   "properties": {
    "name": "UNIT 3, 211 HOTHAM STREET RIPPONLEA 3185",
    "locID": "LOC000059513233",
    "tech": "HFC",
    "upgrade": "NULL_NA",
    "gnaf_pid": "GAVIC412202789",
    "ee": true
   }
  },
  {
   "type": "Feature",
   "geometry": {
    "type": "Point",
    "coordinates": [
     144.99740389,
     -37.87893322
    ]
   },
   "properties": {
    "name": "UNIT 9, 211 HOTHAM STREET RIPPONLEA 3185",
    "locID": "LOC000059513233",
    "tech": "HFC",
    "upgrade": "NULL_NA",
    "gnaf_pid": "GAVIC412202791",
    "ee": true
   }
  },
  {
   "type": "Feature",
   "geometry": {
    "type": "Point",
    "coordinates": [
     144.99768125,
     -37.87751361
    ]
   },
   "properties": {
    "name": "UNIT 2, 189 HOTHAM STREET RIPPONLEA 3185",
    "locID": "LOC000164274710",
    "tech": "HFC",
    "upgrade": "NULL_NA",
    "gnaf_pid": "GAVIC412202793",
    "ee": true
   }
  },
  {
   "type": "Feature",
   "geometry": {
    "type": "Point",
    "coordinates": [
     144.99740389,
     -37.87893322
    ]
   },
   "properties": {
    "name": "UNIT 7, 211 HOTHAM STREET RIPPONLEA 3185",
    "locID": "LOC000059303053",
    "tech": "HFC",
    "upgrade": "NULL_NA",
    "gnaf_pid": "GAVIC412202794",
    "ee": true
   }
  },
  {
   "type": "Feature",
   "geometry": {
    "type": "Point",
    "coordinates": [
     144.997523,
     -37.878277
    ]
   },
   "properties": {
    "name": "UNIT 6, 199 HOTHAM STREET RIPPONLEA 3185",
    "locID": "LOC000106414752",
    "tech": "HFC",
    "upgrade": "NULL_NA",
    "gnaf_pid": "GAVIC412202795",
    "ee": true
   }
  },
  {
   "type": "Feature",
   "geometry": {
    "type": "Point",
    "coordinates": [
     144.997523,
     -37.878277
    ]
   },
   "properties": {
    "name": "UNIT 7, 199 HOTHAM STREET RIPPONLEA 3185",
    "locID": "LOC000106319475",
    "tech": "HFC",
    "upgrade": "NULL_NA",
    "gnaf_pid": "GAVIC412202796",
    "ee": true
   }
  },
  {
   "type": "Feature",
   "geometry": {
    "type": "Point",
    "coordinates": [
     144.99740389,
     -37.87893322
    ]
   },
   "properties": {
    "name": "UNIT 15, 211 HOTHAM STREET RIPPONLEA 3185",
    "locID": "LOC000059360727",
    "tech": "HFC",
    "upgrade": "NULL_NA",
    "gnaf_pid": "GAVIC412203481",
    "ee": true
   }
  },
  {
   "type": "Feature",
   "geometry": {
    "type": "Point",
    "coordinates": [
     144.9968673,
     -37.87817611
    ]
   },
   "properties": {
    "name": "UNIT 13, 3 QUAT QUATTA AVENUE RIPPONLEA 3185",
    "locID": "LOC000069775210",
    "tech": "HFC",
    "upgrade": "NULL_NA",
    "gnaf_pid": "GAVIC412203482",
    "ee": true
   }
  },
  {
   "type": "Feature",
   "geometry": {
    "type": "Point",
    "coordinates": [
     144.995512,
     -37.880686
    ]
   },
   "properties": {
    "name": "UNIT 3, 140 BRIGHTON ROAD RIPPONLEA 3185",
    "locID": "LOC000107513954",
    "tech": "HFC",
    "upgrade": "NULL_NA",
    "gnaf_pid": "GAVIC412203485",
    "ee": true
   }
  },
  {
   "type": "Feature",
   "geometry": {
    "type": "Point",
    "coordinates": [
     144.99619009,
     -37.88176927
    ]
   },
   "properties": {
    "name": "UNIT 4, 162 BRIGHTON ROAD RIPPONLEA 3185",
    "locID": "LOC000088723974",
    "tech": "HFC",
    "upgrade": "NULL_NA",
    "gnaf_pid": "GAVIC412203486",
    "ee": true
   }
  },
  {
   "type": "Feature",
   "geometry": {
    "type": "Point",
    "coordinates": [
     144.997059,
     -37.880729
    ]
   },
   "properties": {
    "name": "UNIT 10, 229 HOTHAM STREET RIPPONLEA 3185",
    "locID": "LOC000171801562",
    "tech": "HFC",
    "upgrade": "NULL_NA",
    "gnaf_pid": "GAVIC412203562",
    "ee": true
   }
  },
  {
   "type": "Feature",
   "geometry": {
    "type": "Point",
    "coordinates": [
     144.99374486,
     -37.87564105
    ]
   },
   "properties": {
    "name": "UNIT 11, 12 MARYVILLE STREET RIPPONLEA 3185",
    "locID": "LOC000020471954",
    "tech": "HFC",
    "upgrade": "NULL_NA",
    "gnaf_pid": "GAVIC412203566",
    "ee": true
   }
  },
  {
   "type": "Feature",
   "geometry": {
    "type": "Point",
    "coordinates": [
     144.99534,
     -37.880412
    ]
   },
   "properties": {
    "name": "UNIT 17, 134 BRIGHTON ROAD RIPPONLEA 3185",
    "locID": "LOC000068468520",
    "tech": "HFC",
    "upgrade": "NULL_NA",
    "gnaf_pid": "GAVIC412203567",
    "ee": true
   }
  },
  {
   "type": "Feature",
   "geometry": {
    "type": "Point",
    "coordinates": [
     144.99534,
     -37.880412
    ]
   },
   "properties": {
    "name": "UNIT 2, 134 BRIGHTON ROAD RIPPONLEA 3185",
    "locID": "LOC000068315418",
    "tech": "HFC",
    "upgrade": "NULL_NA",
    "gnaf_pid": "GAVIC412203568",
    "ee": true
   }
  },
  {
   "type": "Feature",
   "geometry": {
    "type": "Point",
    "coordinates": [
     144.9968673,
     -37.87817611
    ]
   },
   "properties": {
    "name": "UNIT 11, 3 QUAT QUATTA AVENUE RIPPONLEA 3185",
    "locID": "LOC000069484911",
    "tech": "HFC",
    "upgrade": "NULL_NA",
    "gnaf_pid": "GAVIC412203569",
    "ee": true
   }
  },
  {
   "type": "Feature",
   "geometry": {
    "type": "Point",
    "coordinates": [
     144.99489264,
     -37.87971953
    ]
   },
   "properties": {
    "name": "UNIT 5, 124 BRIGHTON ROAD RIPPONLEA 3185",
    "locID": "LOC000014685726",
    "tech": "HFC",
    "upgrade": "NULL_NA",
    "gnaf_pid": "GAVIC412203570",
    "ee": true
   }
  },
  {
   "type": "Feature",
   "geometry": {
    "type": "Point",
    "coordinates": [
     144.994151,
     -37.878535
    ]
   },
   "properties": {
    "name": "UNIT 2, 102 BRIGHTON ROAD RIPPONLEA 3185",
    "locID": "LOC000007633997",
    "tech": "HFC",
    "upgrade": "NULL_NA",
    "gnaf_pid": "GAVIC412203571",
    "ee": true
   }
  },
  {
   "type": "Feature",
   "geometry": {
    "type": "Point",
    "coordinates": [
     144.99501443,
     -37.87671589
    ]
   },
   "properties": {
    "name": "FLAT 2, 20 GLEN EIRA ROAD RIPPONLEA 3185",
    "locID": "LOC000014316393",
    "tech": "HFC",
    "upgrade": "NULL_NA",
    "gnaf_pid": "GAVIC412203574",
    "ee": true
   }
  },
  {
   "type": "Feature",
   "geometry": {
    "type": "Point",
    "coordinates": [
     144.997523,
     -37.878277
    ]
   },
   "properties": {
    "name": "UNIT 1, 199 HOTHAM STREET RIPPONLEA 3185",
    "locID": "LOC000107011242",
    "tech": "HFC",
    "upgrade": "NULL_NA",
    "gnaf_pid": "GAVIC412203575",
    "ee": true
   }
  },
  {
   "type": "Feature",
   "geometry": {
    "type": "Point",
    "coordinates": [
     144.99619009,
     -37.88176927
    ]
   },
   "properties": {
    "name": "UNIT 18, 162 BRIGHTON ROAD RIPPONLEA 3185",
    "locID": "LOC000088589226",
    "tech": "HFC",
    "upgrade": "NULL_NA",
    "gnaf_pid": "GAVIC412203576",
    "ee": true
   }
  },
  {
   "type": "Feature",
   "geometry": {
    "type": "Point",
    "coordinates": [
     144.99638293,
     -37.88082069
    ]
   },
   "properties": {
    "name": "21 BELL STREET RIPPONLEA 3185",
    "locID": "LOC000069228276",
    "tech": "HFC",
    "upgrade": "NULL_NA",
    "gnaf_pid": "GAVIC412203577",
    "ee": true
   }
  },
  {
   "type": "Feature",
   "geometry": {
    "type": "Point",
    "coordinates": [
     144.99489264,
     -37.87971953
    ]
   },
   "properties": {
    "name": "UNIT 1, 124 BRIGHTON ROAD RIPPONLEA 3185",
    "locID": "LOC000014685726",
    "tech": "HFC",
    "upgrade": "NULL_NA",
    "gnaf_pid": "GAVIC412203579",
    "ee": true
   }
  },
  {
   "type": "Feature",
   "geometry": {
    "type": "Point",
    "coordinates": [
     144.99691934,
     -37.88147784
    ]
   },
   "properties": {
    "name": "247 HOTHAM STREET RIPPONLEA 3185",
    "locID": "LOC000092993163",
    "tech": "HFC",
    "upgrade": "NULL_NA",
    "gnaf_pid": "GAVIC412203580",
    "ee": true
   }
  },
  {
   "type": "Feature",
   "geometry": {
    "type": "Point",
    "coordinates": [
     144.996427,
     -37.88212285
    ]
   },
   "properties": {
    "name": "UNIT 1, 170 BRIGHTON ROAD RIPPONLEA 3185",
    "locID": "LOC000092888284",
    "tech": "HFC",
    "upgrade": "NULL_NA",
    "gnaf_pid": "GAVIC412203585",
    "ee": true
   }
  },
  {
   "type": "Feature",
   "geometry": {
    "type": "Point",
    "coordinates": [
     144.99592857,
     -37.88135028
    ]
   },
   "properties": {
    "name": "UNIT 12, 154 BRIGHTON ROAD RIPPONLEA 3185",
    "locID": "LOC000069747277",
    "tech": "HFC",
    "upgrade": "NULL_NA",
    "gnaf_pid": "GAVIC412203588",
    "ee": true
   }
  },
  {
   "type": "Feature",
   "geometry": {
    "type": "Point",
    "coordinates": [
     144.995274,
     -37.879041
    ]
   },
   "properties": {
    "name": "UNIT 7, 14 ERINDALE AVENUE RIPPONLEA 3185",
    "locID": "LOC000087744046",
    "tech": "HFC",
    "upgrade": "NULL_NA",
    "gnaf_pid": "GAVIC412203589",
    "ee": true
   }
  },
  {
   "type": "Feature",
   "geometry": {
    "type": "Point",
    "coordinates": [
     144.99534,
     -37.880412
    ]
   },
   "properties": {
    "name": "UNIT 5, 134 BRIGHTON ROAD RIPPONLEA 3185",
    "locID": "LOC000068467642",
    "tech": "HFC",
    "upgrade": "NULL_NA",
    "gnaf_pid": "GAVIC412203592",
    "ee": true
   }
  },
  {
   "type": "Feature",
   "geometry": {
    "type": "Point",
    "coordinates": [
     144.99727066,
     -37.87795501
    ]
   },
   "properties": {
    "name": "2C QUAT QUATTA AVENUE RIPPONLEA 3185",
    "locID": "LOC000100252240",
    "tech": "HFC",
    "upgrade": "NULL_NA",
    "gnaf_pid": "GAVIC412203596",
    "ee": true
   }
  },
  {
   "type": "Feature",
   "geometry": {
    "type": "Point",
    "coordinates": [
     144.99374486,
     -37.87564105
    ]
   },
   "properties": {
    "name": "UNIT 13, 12 MARYVILLE STREET RIPPONLEA 3185",
    "locID": "LOC000020301954",
    "tech": "HFC",
    "upgrade": "NULL_NA",
    "gnaf_pid": "GAVIC412203597",
    "ee": true
   }
  },
  {
   "type": "Feature",
   "geometry": {
    "type": "Point",
    "coordinates": [
     144.99619009,
     -37.88176927
    ]
   },
   "properties": {
    "name": "UNIT 21, 162 BRIGHTON ROAD RIPPONLEA 3185",
    "locID": "LOC000087774492",
    "tech": "HFC",
    "upgrade": "NULL_NA",
    "gnaf_pid": "GAVIC412203599",
    "ee": true
   }
  },
  {
   "type": "Feature",
   "geometry": {
    "type": "Point",
    "coordinates": [
     144.99619009,
     -37.88176927
    ]
   },
   "properties": {
    "name": "UNIT 17, 162 BRIGHTON ROAD RIPPONLEA 3185",
    "locID": "LOC000088357395",
    "tech": "HFC",
    "upgrade": "NULL_NA",
    "gnaf_pid": "GAVIC412203601",
    "ee": true
   }
  },
  {
   "type": "Feature",
   "geometry": {
    "type": "Point",
    "coordinates": [
     144.9934308,
     -37.87618906
    ]
   },
   "properties": {
    "name": "UNIT 2, 3 GLEN EIRA ROAD RIPPONLEA 3185",
    "locID": "LOC000058985557",
    "tech": "HFC",
    "upgrade": "NULL_NA",
    "gnaf_pid": "GAVIC412203603",
    "ee": true
   }
  },
  {
   "type": "Feature",
   "geometry": {
    "type": "Point",
    "coordinates": [
     144.99651798,
     -37.87973821
    ]
   },
   "properties": {
    "name": "17 HOTHAM GROVE RIPPONLEA 3185",
    "locID": "LOC000026100191",
    "tech": "HFC",
    "upgrade": "NULL_NA",
    "gnaf_pid": "GAVIC412203604",
    "ee": true
   }
  },
  {
   "type": "Feature",
   "geometry": {
    "type": "Point",
    "coordinates": [
     144.9969458,
     -37.8813385
    ]
   },
   "properties": {
    "name": "UNIT 8, 245 HOTHAM STREET RIPPONLEA 3185",
    "locID": "LOC000048589260",
    "tech": "HFC",
    "upgrade": "NULL_NA",
    "gnaf_pid": "GAVIC412203605",
    "ee": true
   }
  },
  {
   "type": "Feature",
   "geometry": {
    "type": "Point",
    "coordinates": [
     144.99534,
     -37.880412
    ]
   },
   "properties": {
    "name": "UNIT 12, 134 BRIGHTON ROAD RIPPONLEA 3185",
    "locID": "LOC000068417902",
    "tech": "HFC",
    "upgrade": "NULL_NA",
    "gnaf_pid": "GAVIC412203606",
    "ee": true
   }
  },
  {
   "type": "Feature",
   "geometry": {
    "type": "Point",
    "coordinates": [
     144.99743125,
     -37.87876246
    ]
   },
   "properties": {
    "name": "UNIT 17, 209 HOTHAM STREET RIPPONLEA 3185",
    "locID": "LOC000061793538",
    "tech": "HFC",
    "upgrade": "NULL_NA",
    "gnaf_pid": "GAVIC412204269",
    "ee": true
   }
  },
  {
   "type": "Feature",
   "geometry": {
    "type": "Point",
    "coordinates": [
     144.9968673,
     -37.87817611
    ]
   },
   "properties": {
    "name": "UNIT 12, 3 QUAT QUATTA AVENUE RIPPONLEA 3185",
    "locID": "LOC000069564806",
    "tech": "HFC",
    "upgrade": "NULL_NA",
    "gnaf_pid": "GAVIC412204271",
    "ee": true
   }
  },
  {
   "type": "Feature",
   "geometry": {
    "type": "Point",
    "coordinates": [
     144.99740389,
     -37.87893322
    ]
   },
   "properties": {
    "name": "UNIT 4, 211 HOTHAM STREET RIPPONLEA 3185",
    "locID": "LOC000059710911",
    "tech": "HFC",
    "upgrade": "NULL_NA",
    "gnaf_pid": "GAVIC412204276",
    "ee": true
   }
  },
  {
   "type": "Feature",
   "geometry": {
    "type": "Point",
    "coordinates": [
     144.99743125,
     -37.87876246
    ]
   },
   "properties": {
    "name": "UNIT 1, 209 HOTHAM STREET RIPPONLEA 3185",
    "locID": "LOC000061951531",
    "tech": "HFC",
    "upgrade": "NULL_NA",
    "gnaf_pid": "GAVIC412204277",
    "ee": true
   }
  },
  {
   "type": "Feature",
   "geometry": {
    "type": "Point",
    "coordinates": [
     144.9968673,
     -37.87817611
    ]
   },
   "properties": {
    "name": "UNIT 8, 3 QUAT QUATTA AVENUE RIPPONLEA 3185",
    "locID": "LOC000069928575",
    "tech": "HFC",
    "upgrade": "NULL_NA",
    "gnaf_pid": "GAVIC412204278",
    "ee": true
   }
  },
  {
   "type": "Feature",
   "geometry": {
    "type": "Point",
    "coordinates": [
     144.99743125,
     -37.87876246
    ]
   },
   "properties": {
    "name": "UNIT 12, 209 HOTHAM STREET RIPPONLEA 3185",
    "locID": "LOC000061762778",
    "tech": "HFC",
    "upgrade": "NULL_NA",
    "gnaf_pid": "GAVIC412204279",
    "ee": true
   }
  },
  {
   "type": "Feature",
   "geometry": {
    "type": "Point",
    "coordinates": [
     144.9968673,
     -37.87817611
    ]
   },
   "properties": {
    "name": "UNIT 7, 3 QUAT QUATTA AVENUE RIPPONLEA 3185",
    "locID": "LOC000069809846",
    "tech": "HFC",
    "upgrade": "NULL_NA",
    "gnaf_pid": "GAVIC412204281",
    "ee": true
   }
  },
  {
   "type": "Feature",
   "geometry": {
    "type": "Point",
    "coordinates": [
     144.996506,
     -37.87598
    ]
   },
   "properties": {
    "name": "UNIT 2, 17 OAK GROVE RIPPONLEA 3185",
    "locID": "LOC000025167006",
    "tech": "HFC",
    "upgrade": "NULL_NA",
    "gnaf_pid": "GAVIC412204455",
    "ee": true
   }
  },
  {
   "type": "Feature",
   "geometry": {
    "type": "Point",
    "coordinates": [
     144.996506,
     -37.87598
    ]
   },
   "properties": {
    "name": "UNIT 4, 17 OAK GROVE RIPPONLEA 3185",
    "locID": "LOC000025284530",
    "tech": "HFC",
    "upgrade": "NULL_NA",
    "gnaf_pid": "GAVIC412204457",
    "ee": true
   }
  },
  {
   "type": "Feature",
   "geometry": {
    "type": "Point",
    "coordinates": [
     144.996506,
     -37.87598
    ]
   },
   "properties": {
    "name": "UNIT 1, 17 OAK GROVE RIPPONLEA 3185",
    "locID": "LOC000025168443",
    "tech": "HFC",
    "upgrade": "NULL_NA",
    "gnaf_pid": "GAVIC412204458",
    "ee": true
   }
  },
  {
   "type": "Feature",
   "geometry": {
    "type": "Point",
    "coordinates": [
     144.99665337,
     -37.87600065
    ]
   },
   "properties": {
    "name": "UNIT 7, 15 OAK GROVE RIPPONLEA 3185",
    "locID": "LOC000073168921",
    "tech": "HFC",
    "upgrade": "NULL_NA",
    "gnaf_pid": "GAVIC412204459",
    "ee": true
   }
  },
  {
   "type": "Feature",
   "geometry": {
    "type": "Point",
    "coordinates": [
     144.997038,
     -37.876043
    ]
   },
   "properties": {
    "name": "UNIT 2, 9 OAK GROVE RIPPONLEA 3185",
    "locID": "LOC000002908836",
    "tech": "HFC",
    "upgrade": "NULL_NA",
    "gnaf_pid": "GAVIC412204460",
    "ee": true
   }
  },
  {
   "type": "Feature",
   "geometry": {
    "type": "Point",
    "coordinates": [
     144.997038,
     -37.876043
    ]
   },
   "properties": {
    "name": "UNIT 12, 9 OAK GROVE RIPPONLEA 3185",
    "locID": "LOC000002965364",
    "tech": "HFC",
    "upgrade": "NULL_NA",
    "gnaf_pid": "GAVIC412204462",
    "ee": true
   }
  },
  {
   "type": "Feature",
   "geometry": {
    "type": "Point",
    "coordinates": [
     144.99665337,
     -37.87600065
    ]
   },
   "properties": {
    "name": "UNIT 4, 15 OAK GROVE RIPPONLEA 3185",
    "locID": "LOC000073210242",
    "tech": "HFC",
    "upgrade": "NULL_NA",
    "gnaf_pid": "GAVIC412204463",
    "ee": true
   }
  },
  {
   "type": "Feature",
   "geometry": {
    "type": "Point",
    "coordinates": [
     144.996506,
     -37.87598
    ]
   },
   "properties": {
    "name": "UNIT 8, 17 OAK GROVE RIPPONLEA 3185",
    "locID": "LOC000025084349",
    "tech": "HFC",
    "upgrade": "NULL_NA",
    "gnaf_pid": "GAVIC412204465",
    "ee": true
   }
  },
  {
   "type": "Feature",
   "geometry": {
    "type": "Point",
    "coordinates": [
     144.99665337,
     -37.87600065
    ]
   },
   "properties": {
    "name": "UNIT 8, 15 OAK GROVE RIPPONLEA 3185",
    "locID": "LOC000072399143",
    "tech": "HFC",
    "upgrade": "NULL_NA",
    "gnaf_pid": "GAVIC412204466",
    "ee": true
   }
  },
  {
   "type": "Feature",
   "geometry": {
    "type": "Point",
    "coordinates": [
     144.997038,
     -37.876043
    ]
   },
   "properties": {
    "name": "UNIT 7, 9 OAK GROVE RIPPONLEA 3185",
    "locID": "LOC000002832039",
    "tech": "HFC",
    "upgrade": "NULL_NA",
    "gnaf_pid": "GAVIC412204468",
    "ee": true
   }
  },
  {
   "type": "Feature",
   "geometry": {
    "type": "Point",
    "coordinates": [
     144.997523,
     -37.878277
    ]
   },
   "properties": {
    "name": "UNIT 4, 199 HOTHAM STREET RIPPONLEA 3185",
    "locID": "LOC000107011242",
    "tech": "HFC",
    "upgrade": "NULL_NA",
    "gnaf_pid": "GAVIC412204481",
    "ee": true
   }
  },
  {
   "type": "Feature",
   "geometry": {
    "type": "Point",
    "coordinates": [
     144.99740389,
     -37.87893322
    ]
   },
   "properties": {
    "name": "UNIT 5, 211 HOTHAM STREET RIPPONLEA 3185",
    "locID": "LOC000059340425",
    "tech": "HFC",
    "upgrade": "NULL_NA",
    "gnaf_pid": "GAVIC412204482",
    "ee": true
   }
  },
  {
   "type": "Feature",
   "geometry": {
    "type": "Point",
    "coordinates": [
     144.9969458,
     -37.8813385
    ]
   },
   "properties": {
    "name": "UNIT 9, 245 HOTHAM STREET RIPPONLEA 3185",
    "locID": "LOC000049188847",
    "tech": "HFC",
    "upgrade": "NULL_NA",
    "gnaf_pid": "GAVIC412204486",
    "ee": true
   }
  },
  {
   "type": "Feature",
   "geometry": {
    "type": "Point",
    "coordinates": [
     144.99438,
     -37.878908
    ]
   },
   "properties": {
    "name": "UNIT 3, 110 BRIGHTON ROAD RIPPONLEA 3185",
    "locID": "LOC000083587928",
    "tech": "HFC",
    "upgrade": "NULL_NA",
    "gnaf_pid": "GAVIC412204487",
    "ee": true
   }
  },
  {
   "type": "Feature",
   "geometry": {
    "type": "Point",
    "coordinates": [
     144.996282,
     -37.88004
    ]
   },
   "properties": {
    "name": "UNIT 1, 8 HOTHAM GROVE RIPPONLEA 3185",
    "locID": "LOC000101968207",
    "tech": "HFC",
    "upgrade": "NULL_NA",
    "gnaf_pid": "GAVIC412204491",
    "ee": true
   }
  },
  {
   "type": "Feature",
   "geometry": {
    "type": "Point",
    "coordinates": [
     144.994706,
     -37.879446
    ]
   },
   "properties": {
    "name": "UNIT 5, 120 BRIGHTON ROAD RIPPONLEA 3185",
    "locID": "LOC000075743422",
    "tech": "HFC",
    "upgrade": "NULL_NA",
    "gnaf_pid": "GAVIC412204492",
    "ee": true
   }
  },
  {
   "type": "Feature",
   "geometry": {
    "type": "Point",
    "coordinates": [
     144.99619009,
     -37.88176927
    ]
   },
   "properties": {
    "name": "UNIT 16, 162 BRIGHTON ROAD RIPPONLEA 3185",
    "locID": "LOC000088661876",
    "tech": "HFC",
    "upgrade": "NULL_NA",
    "gnaf_pid": "GAVIC412204494",
    "ee": true
   }
  },
  {
   "type": "Feature",
   "geometry": {
    "type": "Point",
    "coordinates": [
     144.995512,
     -37.880686
    ]
   },
   "properties": {
    "name": "UNIT 6, 140 BRIGHTON ROAD RIPPONLEA 3185",
    "locID": "LOC000109285596",
    "tech": "HFC",
    "upgrade": "NULL_NA",
    "gnaf_pid": "GAVIC412204496",
    "ee": true
   }
  },
  {
   "type": "Feature",
   "geometry": {
    "type": "Point",
    "coordinates": [
     144.994805,
     -37.879582
    ]
   },
   "properties": {
    "name": "UNIT 2, 122 BRIGHTON ROAD RIPPONLEA 3185",
    "locID": "LOC000046549545",
    "tech": "HFC",
    "upgrade": "NULL_NA",
    "gnaf_pid": "GAVIC412204497",
    "ee": true
   }
  },
  {
   "type": "Feature",
   "geometry": {
    "type": "Point",
    "coordinates": [
     144.99534,
     -37.880412
    ]
   },
   "properties": {
    "name": "UNIT 10, 134 BRIGHTON ROAD RIPPONLEA 3185",
    "locID": "LOC000067790080",
    "tech": "HFC",
    "upgrade": "NULL_NA",
    "gnaf_pid": "GAVIC412204498",
    "ee": true
   }
  },
  {
   "type": "Feature",
   "geometry": {
    "type": "Point",
    "coordinates": [
     144.9934308,
     -37.87618906
    ]
   },
   "properties": {
    "name": "UNIT 1, 3 GLEN EIRA ROAD RIPPONLEA 3185",
    "locID": "LOC000059546111",
    "tech": "HFC",
    "upgrade": "NULL_NA",
    "gnaf_pid": "GAVIC412204500",
    "ee": true
   }
  },
  {
   "type": "Feature",
   "geometry": {
    "type": "Point",
    "coordinates": [
     144.995118,
     -37.877668
    ]
   },
   "properties": {
    "name": "UNIT 2, 13 FULLER ROAD RIPPONLEA 3185",
    "locID": "LOC000030233798",
    "tech": "HFC",
    "upgrade": "NULL_NA",
    "gnaf_pid": "GAVIC412204501",
    "ee": true
   }
  },
  {
   "type": "Feature",
   "geometry": {
    "type": "Point",
    "coordinates": [
     144.9968673,
     -37.87817611
    ]
   },
   "properties": {
    "name": "UNIT 15, 3 QUAT QUATTA AVENUE RIPPONLEA 3185",
    "locID": "LOC000069855382",
    "tech": "HFC",
    "upgrade": "NULL_NA",
    "gnaf_pid": "GAVIC412204595",
    "ee": true
   }
  },
  {
   "type": "Feature",
   "geometry": {
    "type": "Point",
    "coordinates": [
     144.99768125,
     -37.87751361
    ]
   },
   "properties": {
    "name": "UNIT 1, 189 HOTHAM STREET RIPPONLEA 3185",
    "locID": "LOC000164274710",
    "tech": "HFC",
    "upgrade": "NULL_NA",
    "gnaf_pid": "GAVIC412204597",
    "ee": true
   }
  },
  {
   "type": "Feature",
   "geometry": {
    "type": "Point",
    "coordinates": [
     144.9968673,
     -37.87817611
    ]
   },
   "properties": {
    "name": "UNIT 5, 3 QUAT QUATTA AVENUE RIPPONLEA 3185",
    "locID": "LOC000069586129",
    "tech": "HFC",
    "upgrade": "NULL_NA",
    "gnaf_pid": "GAVIC412204599",
    "ee": true
   }
  },
  {
   "type": "Feature",
   "geometry": {
    "type": "Point",
    "coordinates": [
     144.9968673,
     -37.87817611
    ]
   },
   "properties": {
    "name": "UNIT 2, 3 QUAT QUATTA AVENUE RIPPONLEA 3185",
    "locID": "LOC000069624113",
    "tech": "HFC",
    "upgrade": "NULL_NA",
    "gnaf_pid": "GAVIC412204600",
    "ee": true
   }
  },
  {
   "type": "Feature",
   "geometry": {
    "type": "Point",
    "coordinates": [
     144.99743125,
     -37.87876246
    ]
   },
   "properties": {
    "name": "UNIT 3, 209 HOTHAM STREET RIPPONLEA 3185",
    "locID": "LOC000061951531",
    "tech": "HFC",
    "upgrade": "NULL_NA",
    "gnaf_pid": "GAVIC412204601",
    "ee": true
   }
  },
  {
   "type": "Feature",
   "geometry": {
    "type": "Point",
    "coordinates": [
     144.997854,
     -37.87657
    ]
   },
   "properties": {
    "name": "UNIT 3, 181 HOTHAM STREET RIPPONLEA 3185",
    "locID": "LOC000054183779",
    "tech": "HFC",
    "upgrade": "NULL_NA",
    "gnaf_pid": "GAVIC412204755",
    "ee": true
   }
  },
  {
   "type": "Feature",
   "geometry": {
    "type": "Point",
    "coordinates": [
     144.997854,
     -37.87657
    ]
   },
   "properties": {
    "name": "UNIT 7, 181 HOTHAM STREET RIPPONLEA 3185",
    "locID": "LOC000054315256",
    "tech": "HFC",
    "upgrade": "NULL_NA",
    "gnaf_pid": "GAVIC412204757",
    "ee": true
   }
  },
  {
   "type": "Feature",
   "geometry": {
    "type": "Point",
    "coordinates": [
     144.997854,
     -37.87657
    ]
   },
   "properties": {
    "name": "UNIT 6, 181 HOTHAM STREET RIPPONLEA 3185",
    "locID": "LOC000054267871",
    "tech": "HFC",
    "upgrade": "NULL_NA",
    "gnaf_pid": "GAVIC412204758",
    "ee": true
   }
  },
  {
   "type": "Feature",
   "geometry": {
    "type": "Point",
    "coordinates": [
     144.997854,
     -37.87657
    ]
   },
   "properties": {
    "name": "UNIT 5, 181 HOTHAM STREET RIPPONLEA 3185",
    "locID": "LOC000054200132",
    "tech": "HFC",
    "upgrade": "NULL_NA",
    "gnaf_pid": "GAVIC412204759",
    "ee": true
   }
  },
  {
   "type": "Feature",
   "geometry": {
    "type": "Point",
    "coordinates": [
     144.99642146,
     -37.88088134
    ]
   },
   "properties": {
    "name": "21A BELL STREET RIPPONLEA 3185",
    "locID": "LOC000069641240",
    "tech": "HFC",
    "upgrade": "NULL_NA",
    "gnaf_pid": "GAVIC412204760",
    "ee": true
   }
  },
  {
   "type": "Feature",
   "geometry": {
    "type": "Point",
    "coordinates": [
     144.9969458,
     -37.8813385
    ]
   },
   "properties": {
    "name": "UNIT 10, 245 HOTHAM STREET RIPPONLEA 3185",
    "locID": "LOC000048832723",
    "tech": "HFC",
    "upgrade": "NULL_NA",
    "gnaf_pid": "GAVIC412204763",
    "ee": true
   }
  },
  {
   "type": "Feature",
   "geometry": {
    "type": "Point",
    "coordinates": [
     144.997059,
     -37.880729
    ]
   },
   "properties": {
    "name": "UNIT 7, 229 HOTHAM STREET RIPPONLEA 3185",
    "locID": "LOC000171801660",
    "tech": "HFC",
    "upgrade": "NULL_NA",
    "gnaf_pid": "GAVIC412204764",
    "ee": true
   }
  },
  {
   "type": "Feature",
   "geometry": {
    "type": "Point",
    "coordinates": [
     144.99430377,
     -37.87663135
    ]
   },
   "properties": {
    "name": "UNIT 1, 10 GLEN EIRA ROAD RIPPONLEA 3185",
    "locID": "LOC000013599414",
    "tech": "HFC",
    "upgrade": "NULL_NA",
    "gnaf_pid": "GAVIC412204767",
    "ee": true
   }
  },
  {
   "type": "Feature",
   "geometry": {
    "type": "Point",
    "coordinates": [
     144.994729,
     -37.878175
    ]
   },
   "properties": {
    "name": "UNIT 1, 2 ERINDALE AVENUE RIPPONLEA 3185",
    "locID": "LOC000087603953",
    "tech": "HFC",
    "upgrade": "NULL_NA",
    "gnaf_pid": "GAVIC412204772",
    "ee": true
   }
  },
  {
   "type": "Feature",
   "geometry": {
    "type": "Point",
    "coordinates": [
     144.99374486,
     -37.87564105
    ]
   },
   "properties": {
    "name": "UNIT 7, 12 MARYVILLE STREET RIPPONLEA 3185",
    "locID": "LOC000020574729",
    "tech": "HFC",
    "upgrade": "NULL_NA",
    "gnaf_pid": "GAVIC412205327",
    "ee": true
   }
  },
  {
   "type": "Feature",
   "geometry": {
    "type": "Point",
    "coordinates": [
     144.996282,
     -37.88004
    ]
   },
   "properties": {
    "name": "UNIT 3, 8 HOTHAM GROVE RIPPONLEA 3185",
    "locID": "LOC000102344396",
    "tech": "HFC",
    "upgrade": "NULL_NA",
    "gnaf_pid": "GAVIC412205328",
    "ee": true
   }
  },
  {
   "type": "Feature",
   "geometry": {
    "type": "Point",
    "coordinates": [
     144.9968673,
     -37.87817611
    ]
   },
   "properties": {
    "name": "UNIT 14, 3 QUAT QUATTA AVENUE RIPPONLEA 3185",
    "locID": "LOC000069848707",
    "tech": "HFC",
    "upgrade": "NULL_NA",
    "gnaf_pid": "GAVIC412205330",
    "ee": true
   }
  },
  {
   "type": "Feature",
   "geometry": {
    "type": "Point",
    "coordinates": [
     144.995512,
     -37.880686
    ]
   },
   "properties": {
    "name": "UNIT 2, 140 BRIGHTON ROAD RIPPONLEA 3185",
    "locID": "LOC000109148216",
    "tech": "HFC",
    "upgrade": "NULL_NA",
    "gnaf_pid": "GAVIC412205331",
    "ee": true
   }
  },
  {
   "type": "Feature",
   "geometry": {
    "type": "Point",
    "coordinates": [
     144.99534,
     -37.880412
    ]
   },
   "properties": {
    "name": "UNIT 13, 134 BRIGHTON ROAD RIPPONLEA 3185",
    "locID": "LOC000068161872",
    "tech": "HFC",
    "upgrade": "NULL_NA",
    "gnaf_pid": "GAVIC412205332",
    "ee": true
   }
  },
  {
   "type": "Feature",
   "geometry": {
    "type": "Point",
    "coordinates": [
     144.99489264,
     -37.87971953
    ]
   },
   "properties": {
    "name": "UNIT 2, 124 BRIGHTON ROAD RIPPONLEA 3185",
    "locID": "LOC000014549750",
    "tech": "HFC",
    "upgrade": "NULL_NA",
    "gnaf_pid": "GAVIC412205333",
    "ee": true
   }
  },
  {
   "type": "Feature",
   "geometry": {
    "type": "Point",
    "coordinates": [
     144.9961514,
     -37.88097602
    ]
   },
   "properties": {
    "name": "18 BELL STREET RIPPONLEA 3185",
    "locID": "LOC100074204983",
    "tech": "HFC",
    "upgrade": "NULL_NA",
    "gnaf_pid": "GAVIC412205336",
    "ee": true
   }
  },
  {
   "type": "Feature",
   "geometry": {
    "type": "Point",
    "coordinates": [
     144.99740389,
     -37.87893322
    ]
   },
   "properties": {
    "name": "UNIT 6, 211 HOTHAM STREET RIPPONLEA 3185",
    "locID": "LOC000059263727",
    "tech": "HFC",
    "upgrade": "NULL_NA",
    "gnaf_pid": "GAVIC412205337",
    "ee": true
   }
  },
  {
   "type": "Feature",
   "geometry": {
    "type": "Point",
    "coordinates": [
     144.996887,
     -37.880357
    ]
   },
   "properties": {
    "name": "UNIT 3, 16 HOTHAM GROVE RIPPONLEA 3185",
    "locID": "LOC000086536265",
    "tech": "HFC",
    "upgrade": "NULL_NA",
    "gnaf_pid": "GAVIC412205382",
    "ee": true
   }
  },
  {
   "type": "Feature",
   "geometry": {
    "type": "Point",
    "coordinates": [
     144.99619009,
     -37.88176927
    ]
   },
   "properties": {
    "name": "UNIT 10, 162 BRIGHTON ROAD RIPPONLEA 3185",
    "locID": "LOC000088681488",
    "tech": "HFC",
    "upgrade": "NULL_NA",
    "gnaf_pid": "GAVIC412205383",
    "ee": true
   }
  },
  {
   "type": "Feature",
   "geometry": {
    "type": "Point",
    "coordinates": [
     144.99592857,
     -37.88135028
    ]
   },
   "properties": {
    "name": "UNIT 10, 154 BRIGHTON ROAD RIPPONLEA 3185",
    "locID": "LOC000069357205",
    "tech": "HFC",
    "upgrade": "NULL_NA",
    "gnaf_pid": "GAVIC412205384",
    "ee": true
   }
  },
  {
   "type": "Feature",
   "geometry": {
    "type": "Point",
    "coordinates": [
     144.996427,
     -37.88212285
    ]
   },
   "properties": {
    "name": "UNIT 2, 170 BRIGHTON ROAD RIPPONLEA 3185",
    "locID": "LOC000092970985",
    "tech": "HFC",
    "upgrade": "NULL_NA",
    "gnaf_pid": "GAVIC412205385",
    "ee": true
   }
  },
  {
   "type": "Feature",
   "geometry": {
    "type": "Point",
    "coordinates": [
     144.997059,
     -37.880729
    ]
   },
   "properties": {
    "name": "UNIT 13, 229 HOTHAM STREET RIPPONLEA 3185",
    "locID": "LOC000171801591",
    "tech": "HFC",
    "upgrade": "NULL_NA",
    "gnaf_pid": "GAVIC412206112",
    "ee": true
   }
  },
  {
   "type": "Feature",
   "geometry": {
    "type": "Point",
    "coordinates": [
     144.99611469,
     -37.88166132
    ]
   },
   "properties": {
    "name": "UNIT 3, 160 BRIGHTON ROAD RIPPONLEA 3185",
    "locID": "LOC000035270803",
    "tech": "HFC",
    "upgrade": "NULL_NA",
    "gnaf_pid": "GAVIC412206113",
    "ee": true
   }
  },
  {
   "type": "Feature",
   "geometry": {
    "type": "Point",
    "coordinates": [
     144.997408,
     -37.876671
    ]
   },
   "properties": {
    "name": "73A GLEN EIRA ROAD RIPPONLEA 3185",
    "locID": "LOC000107940972",
    "tech": "HFC",
    "upgrade": "NULL_NA",
    "gnaf_pid": "GAVIC412206121",
    "ee": true
   }
  },
  {
   "type": "Feature",
   "geometry": {
    "type": "Point",
    "coordinates": [
     144.99676348,
     -37.88231111
    ]
   },
   "properties": {
    "name": "259 HOTHAM STREET RIPPONLEA 3185",
    "locID": "LOC000067152717",
    "tech": "HFC",
    "upgrade": "NULL_NA",
    "gnaf_pid": "GAVIC412206122",
    "ee": true
   }
  },
  {
   "type": "Feature",
   "geometry": {
    "type": "Point",
    "coordinates": [
     144.99676348,
     -37.88231111
    ]
   },
   "properties": {
    "name": "261 HOTHAM STREET RIPPONLEA 3185",
    "locID": "LOC000079352699",
    "tech": "HFC",
    "upgrade": "NULL_NA",
    "gnaf_pid": "GAVIC412206123",
    "ee": true
   }
  },
  {
   "type": "Feature",
   "geometry": {
    "type": "Point",
    "coordinates": [
     144.99740389,
     -37.87893322
    ]
   },
   "properties": {
    "name": "UNIT 8, 211 HOTHAM STREET RIPPONLEA 3185",
    "locID": "LOC000059703045",
    "tech": "HFC",
    "upgrade": "NULL_NA",
    "gnaf_pid": "GAVIC412206124",
    "ee": true
   }
  },
  {
   "type": "Feature",
   "geometry": {
    "type": "Point",
    "coordinates": [
     144.997038,
     -37.876043
    ]
   },
   "properties": {
    "name": "UNIT 6, 9 OAK GROVE RIPPONLEA 3185",
    "locID": "LOC000002752860",
    "tech": "HFC",
    "upgrade": "NULL_NA",
    "gnaf_pid": "GAVIC412206130",
    "ee": true
   }
  },
  {
   "type": "Feature",
   "geometry": {
    "type": "Point",
    "coordinates": [
     144.9971988,
     -37.87794639
    ]
   },
   "properties": {
    "name": "2D QUAT QUATTA AVENUE RIPPONLEA 3185",
    "locID": "LOC000100368977",
    "tech": "HFC",
    "upgrade": "NULL_NA",
    "gnaf_pid": "GAVIC412206131",
    "ee": true
   }
  },
  {
   "type": "Feature",
   "geometry": {
    "type": "Point",
    "coordinates": [
     144.997854,
     -37.87657
    ]
   },
   "properties": {
    "name": "UNIT 1, 181 HOTHAM STREET RIPPONLEA 3185",
    "locID": "LOC000054266245",
    "tech": "HFC",
    "upgrade": "NULL_NA",
    "gnaf_pid": "GAVIC412206133",
    "ee": true
   }
  },
  {
   "type": "Feature",
   "geometry": {
    "type": "Point",
    "coordinates": [
     144.994729,
     -37.878175
    ]
   },
   "properties": {
    "name": "UNIT 7, 2 ERINDALE AVENUE RIPPONLEA 3185",
    "locID": "LOC000088465457",
    "tech": "HFC",
    "upgrade": "NULL_NA",
    "gnaf_pid": "GAVIC412206135",
    "ee": true
   }
  },
  {
   "type": "Feature",
   "geometry": {
    "type": "Point",
    "coordinates": [
     144.99752403,
     -37.87701577
    ]
   },
   "properties": {
    "name": "78A GLEN EIRA ROAD RIPPONLEA 3185",
    "locID": "LOC000106091931",
    "tech": "HFC",
    "upgrade": "NULL_NA",
    "gnaf_pid": "GAVIC412206136",
    "ee": true
   }
  },
  {
   "type": "Feature",
   "geometry": {
    "type": "Point",
    "coordinates": [
     144.995999,
     -37.880008
    ]
   },
   "properties": {
    "name": "UNIT 5, 4 HOTHAM GROVE RIPPONLEA 3185",
    "locID": "LOC000006074031",
    "tech": "HFC",
    "upgrade": "NULL_NA",
    "gnaf_pid": "GAVIC412206138",
    "ee": true
   }
  },
  {
   "type": "Feature",
   "geometry": {
    "type": "Point",
    "coordinates": [
     144.99322257,
     -37.87557789
    ]
   },
   "properties": {
    "name": "UNIT 5, 8 MARYVILLE STREET RIPPONLEA 3185",
    "locID": "LOC000006057451",
    "tech": "HFC",
    "upgrade": "NULL_NA",
    "gnaf_pid": "GAVIC412206140",
    "ee": true
   }
  },
  {
   "type": "Feature",
   "geometry": {
    "type": "Point",
    "coordinates": [
     144.993435,
     -37.875603
    ]
   },
   "properties": {
    "name": "UNIT 5, 10 MARYVILLE STREET RIPPONLEA 3185",
    "locID": "LOC000036740240",
    "tech": "HFC",
    "upgrade": "NULL_NA",
    "gnaf_pid": "GAVIC412206141",
    "ee": true
   }
  },
  {
   "type": "Feature",
   "geometry": {
    "type": "Point",
    "coordinates": [
     144.99349813,
     -37.87747888
    ]
   },
   "properties": {
    "name": "UNIT 4, 88 BRIGHTON ROAD RIPPONLEA 3185",
    "locID": "LOC000089086806",
    "tech": "HFC",
    "upgrade": "NULL_NA",
    "gnaf_pid": "GAVIC412206144",
    "ee": true
   }
  },
  {
   "type": "Feature",
   "geometry": {
    "type": "Point",
    "coordinates": [
     144.99293,
     -37.876604
    ]
   },
   "properties": {
    "name": "UNIT 2, 74 BRIGHTON ROAD RIPPONLEA 3185",
    "locID": "LOC000080914038",
    "tech": "HFC",
    "upgrade": "NULL_NA",
    "gnaf_pid": "GAVIC412206145",
    "ee": true
   }
  },
  {
   "type": "Feature",
   "geometry": {
    "type": "Point",
    "coordinates": [
     144.995359,
     -37.879691
    ]
   },
   "properties": {
    "name": "UNIT 6, 1 HOTHAM GROVE RIPPONLEA 3185",
    "locID": "LOC000084631805",
    "tech": "HFC",
    "upgrade": "NULL_NA",
    "gnaf_pid": "GAVIC412207946",
    "ee": true
   }
  },
  {
   "type": "Feature",
   "geometry": {
    "type": "Point",
    "coordinates": [
     144.995999,
     -37.880008
    ]
   },
   "properties": {
    "name": "UNIT 3, 4 HOTHAM GROVE RIPPONLEA 3185",
    "locID": "LOC000006209204",
    "tech": "HFC",
    "upgrade": "NULL_NA",
    "gnaf_pid": "GAVIC412207948",
    "ee": true
   }
  },
  {
   "type": "Feature",
   "geometry": {
    "type": "Point",
    "coordinates": [
     144.99489264,
     -37.87971953
    ]
   },
   "properties": {
    "name": "UNIT 8, 124 BRIGHTON ROAD RIPPONLEA 3185",
    "locID": "LOC000014432080",
    "tech": "HFC",
    "upgrade": "NULL_NA",
    "gnaf_pid": "GAVIC412207949",
    "ee": true
   }
  },
  {
   "type": "Feature",
   "geometry": {
    "type": "Point",
    "coordinates": [
     144.997059,
     -37.880729
    ]
   },
   "properties": {
    "name": "UNIT 14, 229 HOTHAM STREET RIPPONLEA 3185",
    "locID": "LOC000171801602",
    "tech": "HFC",
    "upgrade": "NULL_NA",
    "gnaf_pid": "GAVIC412207952",
    "ee": true
   }
  },
  {
   "type": "Feature",
   "geometry": {
    "type": "Point",
    "coordinates": [
     144.997059,
     -37.880729
    ]
   },
   "properties": {
    "name": "UNIT 9, 229 HOTHAM STREET RIPPONLEA 3185",
    "locID": "LOC000171801687",
    "tech": "HFC",
    "upgrade": "NULL_NA",
    "gnaf_pid": "GAVIC412207953",
    "ee": true
   }
  },
  {
   "type": "Feature",
   "geometry": {
    "type": "Point",
    "coordinates": [
     144.99619009,
     -37.88176927
    ]
   },
   "properties": {
    "name": "UNIT 14, 162 BRIGHTON ROAD RIPPONLEA 3185",
    "locID": "LOC000087975304",
    "tech": "HFC",
    "upgrade": "NULL_NA",
    "gnaf_pid": "GAVIC412207954",
    "ee": true
   }
  },
  {
   "type": "Feature",
   "geometry": {
    "type": "Point",
    "coordinates": [
     144.994805,
     -37.879582
    ]
   },
   "properties": {
    "name": "UNIT 1, 122 BRIGHTON ROAD RIPPONLEA 3185",
    "locID": "LOC000046818405",
    "tech": "HFC",
    "upgrade": "NULL_NA",
    "gnaf_pid": "GAVIC412207956",
    "ee": true
   }
  },
  {
   "type": "Feature",
   "geometry": {
    "type": "Point",
    "coordinates": [
     144.99760078,
     -37.87793586
    ]
   },
   "properties": {
    "name": "197 HOTHAM STREET RIPPONLEA 3185",
    "locID": "LOC000004336237",
    "tech": "HFC",
    "upgrade": "NULL_NA",
    "gnaf_pid": "GAVIC412208093",
    "ee": true
   }
  },
  {
   "type": "Feature",
   "geometry": {
    "type": "Point",
    "coordinates": [
     144.99743125,
     -37.87876246
    ]
   },
   "properties": {
    "name": "UNIT 15, 209 HOTHAM STREET RIPPONLEA 3185",
    "locID": "LOC000061843787",
    "tech": "HFC",
    "upgrade": "NULL_NA",
    "gnaf_pid": "GAVIC412208094",
    "ee": true
   }
  },
  {
   "type": "Feature",
   "geometry": {
    "type": "Point",
    "coordinates": [
     144.99743125,
     -37.87876246
    ]
   },
   "properties": {
    "name": "UNIT 4, 209 HOTHAM STREET RIPPONLEA 3185",
    "locID": "LOC000061893614",
    "tech": "HFC",
    "upgrade": "NULL_NA",
    "gnaf_pid": "GAVIC412208095",
    "ee": true
   }
  },
  {
   "type": "Feature",
   "geometry": {
    "type": "Point",
    "coordinates": [
     144.99768125,
     -37.87751361
    ]
   },
   "properties": {
    "name": "UNIT 3, 189 HOTHAM STREET RIPPONLEA 3185",
    "locID": "LOC000164274710",
    "tech": "HFC",
    "upgrade": "NULL_NA",
    "gnaf_pid": "GAVIC412208096",
    "ee": true
   }
  },
  {
   "type": "Feature",
   "geometry": {
    "type": "Point",
    "coordinates": [
     144.99740389,
     -37.87893322
    ]
   },
   "properties": {
    "name": "UNIT 10, 211 HOTHAM STREET RIPPONLEA 3185",
    "locID": "LOC000059544497",
    "tech": "HFC",
    "upgrade": "NULL_NA",
    "gnaf_pid": "GAVIC412208097",
    "ee": true
   }
  },
  {
   "type": "Feature",
   "geometry": {
    "type": "Point",
    "coordinates": [
     144.997523,
     -37.878277
    ]
   },
   "properties": {
    "name": "UNIT 9, 199 HOTHAM STREET RIPPONLEA 3185",
    "locID": "LOC000106138959",
    "tech": "HFC",
    "upgrade": "NULL_NA",
    "gnaf_pid": "GAVIC412208098",
    "ee": true
   }
  },
  {
   "type": "Feature",
   "geometry": {
    "type": "Point",
    "coordinates": [
     144.996887,
     -37.880357
    ]
   },
   "properties": {
    "name": "UNIT 5, 16 HOTHAM GROVE RIPPONLEA 3185",
    "locID": "LOC000086544502",
    "tech": "HFC",
    "upgrade": "NULL_NA",
    "gnaf_pid": "GAVIC412208770",
    "ee": true
   }
  },
  {
   "type": "Feature",
   "geometry": {
    "type": "Point",
    "coordinates": [
     144.997059,
     -37.880729
    ]
   },
   "properties": {
    "name": "UNIT 8, 229 HOTHAM STREET RIPPONLEA 3185",
    "locID": "LOC000171801673",
    "tech": "HFC",
    "upgrade": "NULL_NA",
    "gnaf_pid": "GAVIC412208771",
    "ee": true
   }
  },
  {
   "type": "Feature",
   "geometry": {
    "type": "Point",
    "coordinates": [
     144.99619009,
     -37.88176927
    ]
   },
   "properties": {
    "name": "UNIT 15, 162 BRIGHTON ROAD RIPPONLEA 3185",
    "locID": "LOC000088263097",
    "tech": "HFC",
    "upgrade": "NULL_NA",
    "gnaf_pid": "GAVIC412208772",
    "ee": true
   }
  },
  {
   "type": "Feature",
   "geometry": {
    "type": "Point",
    "coordinates": [
     144.99489264,
     -37.87971953
    ]
   },
   "properties": {
    "name": "UNIT 10, 124 BRIGHTON ROAD RIPPONLEA 3185",
    "locID": "LOC000014775529",
    "tech": "HFC",
    "upgrade": "NULL_NA",
    "gnaf_pid": "GAVIC412208773",
    "ee": true
   }
  },
  {
   "type": "Feature",
   "geometry": {
    "type": "Point",
    "coordinates": [
     144.99628968,
     -37.87972038
    ]
   },
   "properties": {
    "name": "FLAT 1, 13 HOTHAM GROVE RIPPONLEA 3185",
    "locID": "LOC000075520588",
    "tech": "HFC",
    "upgrade": "NULL_NA",
    "gnaf_pid": "GAVIC412208775",
    "ee": true
   }
  },
  {
   "type": "Feature",
   "geometry": {
    "type": "Point",
    "coordinates": [
     144.994151,
     -37.878535
    ]
   },
   "properties": {
    "name": "UNIT 3, 102 BRIGHTON ROAD RIPPONLEA 3185",
    "locID": "LOC000008066694",
    "tech": "HFC",
    "upgrade": "NULL_NA",
    "gnaf_pid": "GAVIC412208776",
    "ee": true
   }
  },
  {
   "type": "Feature",
   "geometry": {
    "type": "Point",
    "coordinates": [
     144.995512,
     -37.880686
    ]
   },
   "properties": {
    "name": "UNIT 4, 140 BRIGHTON ROAD RIPPONLEA 3185",
    "locID": "LOC000108925112",
    "tech": "HFC",
    "upgrade": "NULL_NA",
    "gnaf_pid": "GAVIC412208777",
    "ee": true
   }
  },
  {
   "type": "Feature",
   "geometry": {
    "type": "Point",
    "coordinates": [
     144.995999,
     -37.880008
    ]
   },
   "properties": {
    "name": "UNIT 4, 4 HOTHAM GROVE RIPPONLEA 3185",
    "locID": "LOC000006209204",
    "tech": "HFC",
    "upgrade": "NULL_NA",
    "gnaf_pid": "GAVIC412208778",
    "ee": true
   }
  },
  {
   "type": "Feature",
   "geometry": {
    "type": "Point",
    "coordinates": [
     144.99534,
     -37.880412
    ]
   },
   "properties": {
    "name": "UNIT 14, 134 BRIGHTON ROAD RIPPONLEA 3185",
    "locID": "LOC000068181915",
    "tech": "HFC",
    "upgrade": "NULL_NA",
    "gnaf_pid": "GAVIC412208782",
    "ee": true
   }
  },
  {
   "type": "Feature",
   "geometry": {
    "type": "Point",
    "coordinates": [
     144.99438,
     -37.878908
    ]
   },
   "properties": {
    "name": "UNIT 1, 110 BRIGHTON ROAD RIPPONLEA 3185",
    "locID": "LOC000083587928",
    "tech": "HFC",
    "upgrade": "NULL_NA",
    "gnaf_pid": "GAVIC412208783",
    "ee": true
   }
  },
  {
   "type": "Feature",
   "geometry": {
    "type": "Point",
    "coordinates": [
     144.99619009,
     -37.88176927
    ]
   },
   "properties": {
    "name": "UNIT 11, 162 BRIGHTON ROAD RIPPONLEA 3185",
    "locID": "LOC000087874122",
    "tech": "HFC",
    "upgrade": "NULL_NA",
    "gnaf_pid": "GAVIC412208784",
    "ee": true
   }
  },
  {
   "type": "Feature",
   "geometry": {
    "type": "Point",
    "coordinates": [
     144.994729,
     -37.878175
    ]
   },
   "properties": {
    "name": "UNIT 2, 2 ERINDALE AVENUE RIPPONLEA 3185",
    "locID": "LOC000087896001",
    "tech": "HFC",
    "upgrade": "NULL_NA",
    "gnaf_pid": "GAVIC412208785",
    "ee": true
   }
  },
  {
   "type": "Feature",
   "geometry": {
    "type": "Point",
    "coordinates": [
     144.994706,
     -37.879446
    ]
   },
   "properties": {
    "name": "UNIT 7, 120 BRIGHTON ROAD RIPPONLEA 3185",
    "locID": "LOC000075895469",
    "tech": "HFC",
    "upgrade": "NULL_NA",
    "gnaf_pid": "GAVIC412208786",
    "ee": true
   }
  },
  {
   "type": "Feature",
   "geometry": {
    "type": "Point",
    "coordinates": [
     144.993579,
     -37.874893
    ]
   },
   "properties": {
    "name": "UNIT 2, 14 MONKSTADT AVENUE RIPPONLEA 3185",
    "locID": "LOC000015069682",
    "tech": "HFC",
    "upgrade": "NULL_NA",
    "gnaf_pid": "GAVIC412209889",
    "ee": true
   }
  },
  {
   "type": "Feature",
   "geometry": {
    "type": "Point",
    "coordinates": [
     144.9934308,
     -37.87618906
    ]
   },
   "properties": {
    "name": "UNIT 4, 3 GLEN EIRA ROAD RIPPONLEA 3185",
    "locID": "LOC000059395344",
    "tech": "HFC",
    "upgrade": "NULL_NA",
    "gnaf_pid": "GAVIC412209913",
    "ee": true
   }
  },
  {
   "type": "Feature",
   "geometry": {
    "type": "Point",
    "coordinates": [
     144.99322257,
     -37.87557789
    ]
   },
   "properties": {
    "name": "UNIT 2, 8 MARYVILLE STREET RIPPONLEA 3185",
    "locID": "LOC000006120749",
    "tech": "HFC",
    "upgrade": "NULL_NA",
    "gnaf_pid": "GAVIC412209914",
    "ee": true
   }
  },
  {
   "type": "Feature",
   "geometry": {
    "type": "Point",
    "coordinates": [
     144.993435,
     -37.875603
    ]
   },
   "properties": {
    "name": "UNIT 9, 10 MARYVILLE STREET RIPPONLEA 3185",
    "locID": "LOC000036600937",
    "tech": "HFC",
    "upgrade": "NULL_NA",
    "gnaf_pid": "GAVIC412209918",
    "ee": true
   }
  },
  {
   "type": "Feature",
   "geometry": {
    "type": "Point",
    "coordinates": [
     144.99378186,
     -37.8762401
    ]
   },
   "properties": {
    "name": "UNIT 5, 7 GLEN EIRA ROAD RIPPONLEA 3185",
    "locID": "LOC000021956558",
    "tech": "HFC",
    "upgrade": "NULL_NA",
    "gnaf_pid": "GAVIC412209919",
    "ee": true
   }
  },
  {
   "type": "Feature",
   "geometry": {
    "type": "Point",
    "coordinates": [
     144.99374486,
     -37.87564105
    ]
   },
   "properties": {
    "name": "UNIT 4, 12 MARYVILLE STREET RIPPONLEA 3185",
    "locID": "LOC000020195554",
    "tech": "HFC",
    "upgrade": "NULL_NA",
    "gnaf_pid": "GAVIC412209922",
    "ee": true
   }
  },
  {
   "type": "Feature",
   "geometry": {
    "type": "Point",
    "coordinates": [
     144.993148,
     -37.87695
    ]
   },
   "properties": {
    "name": "UNIT 2, 82 BRIGHTON ROAD RIPPONLEA 3185",
    "locID": "LOC000089640298",
    "tech": "HFC",
    "upgrade": "NULL_NA",
    "gnaf_pid": "GAVIC412209923",
    "ee": true
   }
  },
  {
   "type": "Feature",
   "geometry": {
    "type": "Point",
    "coordinates": [
     144.995359,
     -37.879691
    ]
   },
   "properties": {
    "name": "UNIT 7, 1 HOTHAM GROVE RIPPONLEA 3185",
    "locID": "LOC000084593861",
    "tech": "HFC",
    "upgrade": "NULL_NA",
    "gnaf_pid": "GAVIC412209929",
    "ee": true
   }
  },
  {
   "type": "Feature",
   "geometry": {
    "type": "Point",
    "coordinates": [
     144.99619009,
     -37.88176927
    ]
   },
   "properties": {
    "name": "UNIT 1, 162 BRIGHTON ROAD RIPPONLEA 3185",
    "locID": "LOC000088654173",
    "tech": "HFC",
    "upgrade": "NULL_NA",
    "gnaf_pid": "GAVIC412209930",
    "ee": true
   }
  },
  {
   "type": "Feature",
   "geometry": {
    "type": "Point",
    "coordinates": [
     144.99534,
     -37.880412
    ]
   },
   "properties": {
    "name": "UNIT 9, 134 BRIGHTON ROAD RIPPONLEA 3185",
    "locID": "LOC000068084061",
    "tech": "HFC",
    "upgrade": "NULL_NA",
    "gnaf_pid": "GAVIC412209932",
    "ee": true
   }
  },
  {
   "type": "Feature",
   "geometry": {
    "type": "Point",
    "coordinates": [
     144.995999,
     -37.880008
    ]
   },
   "properties": {
    "name": "UNIT 6, 4 HOTHAM GROVE RIPPONLEA 3185",
    "locID": "LOC000006061590",
    "tech": "HFC",
    "upgrade": "NULL_NA",
    "gnaf_pid": "GAVIC412209935",
    "ee": true
   }
  },
  {
   "type": "Feature",
   "geometry": {
    "type": "Point",
    "coordinates": [
     144.99619009,
     -37.88176927
    ]
   },
   "properties": {
    "name": "UNIT 8, 162 BRIGHTON ROAD RIPPONLEA 3185",
    "locID": "LOC000087745918",
    "tech": "HFC",
    "upgrade": "NULL_NA",
    "gnaf_pid": "GAVIC412209936",
    "ee": true
   }
  },
  {
   "type": "Feature",
   "geometry": {
    "type": "Point",
    "coordinates": [
     144.99534,
     -37.880412
    ]
   },
   "properties": {
    "name": "UNIT 3, 134 BRIGHTON ROAD RIPPONLEA 3185",
    "locID": "LOC000068315418",
    "tech": "HFC",
    "upgrade": "NULL_NA",
    "gnaf_pid": "GAVIC412209938",
    "ee": true
   }
  },
  {
   "type": "Feature",
   "geometry": {
    "type": "Point",
    "coordinates": [
     144.99740389,
     -37.87893322
    ]
   },
   "properties": {
    "name": "UNIT 12, 211 HOTHAM STREET RIPPONLEA 3185",
    "locID": "LOC000059540799",
    "tech": "HFC",
    "upgrade": "NULL_NA",
    "gnaf_pid": "GAVIC412209960",
    "ee": true
   }
  },
  {
   "type": "Feature",
   "geometry": {
    "type": "Point",
    "coordinates": [
     144.99740389,
     -37.87893322
    ]
   },
   "properties": {
    "name": "UNIT 14, 211 HOTHAM STREET RIPPONLEA 3185",
    "locID": "LOC000059372190",
    "tech": "HFC",
    "upgrade": "NULL_NA",
    "gnaf_pid": "GAVIC412209961",
    "ee": true
   }
  },
  {
   "type": "Feature",
   "geometry": {
    "type": "Point",
    "coordinates": [
     144.99743125,
     -37.87876246
    ]
   },
   "properties": {
    "name": "UNIT 6, 209 HOTHAM STREET RIPPONLEA 3185",
    "locID": "LOC000061643841",
    "tech": "HFC",
    "upgrade": "NULL_NA",
    "gnaf_pid": "GAVIC412209962",
    "ee": true
   }
  },
  {
   "type": "Feature",
   "geometry": {
    "type": "Point",
    "coordinates": [
     144.99743125,
     -37.87876246
    ]
   },
   "properties": {
    "name": "UNIT 9, 209 HOTHAM STREET RIPPONLEA 3185",
    "locID": "LOC000061708555",
    "tech": "HFC",
    "upgrade": "NULL_NA",
    "gnaf_pid": "GAVIC412209963",
    "ee": true
   }
  },
  {
   "type": "Feature",
   "geometry": {
    "type": "Point",
    "coordinates": [
     144.9968673,
     -37.87817611
    ]
   },
   "properties": {
    "name": "UNIT 10, 3 QUAT QUATTA AVENUE RIPPONLEA 3185",
    "locID": "LOC000069569149",
    "tech": "HFC",
    "upgrade": "NULL_NA",
    "gnaf_pid": "GAVIC412209964",
    "ee": true
   }
  },
  {
   "type": "Feature",
   "geometry": {
    "type": "Point",
    "coordinates": [
     144.997523,
     -37.878277
    ]
   },
   "properties": {
    "name": "UNIT 8, 199 HOTHAM STREET RIPPONLEA 3185",
    "locID": "LOC000106340681",
    "tech": "HFC",
    "upgrade": "NULL_NA",
    "gnaf_pid": "GAVIC412209966",
    "ee": true
   }
  },
  {
   "type": "Feature",
   "geometry": {
    "type": "Point",
    "coordinates": [
     144.99293,
     -37.876604
    ]
   },
   "properties": {
    "name": "UNIT 4, 74 BRIGHTON ROAD RIPPONLEA 3185",
    "locID": "LOC000081243146",
    "tech": "HFC",
    "upgrade": "NULL_NA",
    "gnaf_pid": "GAVIC412210256",
    "ee": true
   }
  },
  {
   "type": "Feature",
   "geometry": {
    "type": "Point",
    "coordinates": [
     144.9969458,
     -37.8813385
    ]
   },
   "properties": {
    "name": "UNIT 2, 245 HOTHAM STREET RIPPONLEA 3185",
    "locID": "LOC000049094465",
    "tech": "HFC",
    "upgrade": "NULL_NA",
    "gnaf_pid": "GAVIC412210772",
    "ee": true
   }
  },
  {
   "type": "Feature",
   "geometry": {
    "type": "Point",
    "coordinates": [
     144.995925,
     -37.875573
    ]
   },
   "properties": {
    "name": "UNIT 2, 32 OAK GROVE RIPPONLEA 3185",
    "locID": "LOC000037668408",
    "tech": "HFC",
    "upgrade": "NULL_NA",
    "gnaf_pid": "GAVIC412211080",
    "ee": true
   }
  },
  {
   "type": "Feature",
   "geometry": {
    "type": "Point",
    "coordinates": [
     144.995925,
     -37.875573
    ]
   },
   "properties": {
    "name": "UNIT 4, 32 OAK GROVE RIPPONLEA 3185",
    "locID": "LOC000037986855",
    "tech": "HFC",
    "upgrade": "NULL_NA",
    "gnaf_pid": "GAVIC412211087",
    "ee": true
   }
  },
  {
   "type": "Feature",
   "geometry": {
    "type": "Point",
    "coordinates": [
     144.99754438,
     -37.87573398
    ]
   },
   "properties": {
    "name": "2A OAK GROVE RIPPONLEA 3185",
    "locID": "LOC000114980911",
    "tech": "HFC",
    "upgrade": "NULL_NA",
    "gnaf_pid": "GAVIC412211089",
    "ee": true
   }
  },
  {
   "type": "Feature",
   "geometry": {
    "type": "Point",
    "coordinates": [
     144.99754438,
     -37.87573398
    ]
   },
   "properties": {
    "name": "2B OAK GROVE RIPPONLEA 3185",
    "locID": "LOC000114395264",
    "tech": "HFC",
    "upgrade": "NULL_NA",
    "gnaf_pid": "GAVIC412211090",
    "ee": true
   }
  },
  {
   "type": "Feature",
   "geometry": {
    "type": "Point",
    "coordinates": [
     144.995925,
     -37.875573
    ]
   },
   "properties": {
    "name": "UNIT 6, 32 OAK GROVE RIPPONLEA 3185",
    "locID": "LOC000037994765",
    "tech": "HFC",
    "upgrade": "NULL_NA",
    "gnaf_pid": "GAVIC412211091",
    "ee": true
   }
  },
  {
   "type": "Feature",
   "geometry": {
    "type": "Point",
    "coordinates": [
     144.99754438,
     -37.87573398
    ]
   },
   "properties": {
    "name": "4 OAK GROVE RIPPONLEA 3185",
    "locID": "LOC000183038269",
    "tech": "HFC",
    "upgrade": "NULL_NA",
    "gnaf_pid": "GAVIC412211092",
    "ee": true
   }
  },
  {
   "type": "Feature",
   "geometry": {
    "type": "Point",
    "coordinates": [
     144.992505,
     -37.87592
    ]
   },
   "properties": {
    "name": "UNIT 2, 66 BRIGHTON ROAD RIPPONLEA 3185",
    "locID": "LOC000030979104",
    "tech": "HFC",
    "upgrade": "NULL_NA",
    "gnaf_pid": "GAVIC412211093",
    "ee": true
   }
  },
  {
   "type": "Feature",
   "geometry": {
    "type": "Point",
    "coordinates": [
     144.995359,
     -37.879691
    ]
   },
   "properties": {
    "name": "UNIT 8, 1 HOTHAM GROVE RIPPONLEA 3185",
    "locID": "LOC000084730942",
    "tech": "HFC",
    "upgrade": "NULL_NA",
    "gnaf_pid": "GAVIC412211094",
    "ee": true
   }
  },
  {
   "type": "Feature",
   "geometry": {
    "type": "Point",
    "coordinates": [
     144.997523,
     -37.878277
    ]
   },
   "properties": {
    "name": "UNIT 10, 199 HOTHAM STREET RIPPONLEA 3185",
    "locID": "LOC000106642262",
    "tech": "HFC",
    "upgrade": "NULL_NA",
    "gnaf_pid": "GAVIC412211095",
    "ee": true
   }
  },
  {
   "type": "Feature",
   "geometry": {
    "type": "Point",
    "coordinates": [
     144.996282,
     -37.88004
    ]
   },
   "properties": {
    "name": "UNIT 6, 8 HOTHAM GROVE RIPPONLEA 3185",
    "locID": "LOC000101967203",
    "tech": "HFC",
    "upgrade": "NULL_NA",
    "gnaf_pid": "GAVIC412211097",
    "ee": true
   }
  },
  {
   "type": "Feature",
   "geometry": {
    "type": "Point",
    "coordinates": [
     144.995359,
     -37.879691
    ]
   },
   "properties": {
    "name": "UNIT 4, 1 HOTHAM GROVE RIPPONLEA 3185",
    "locID": "LOC000084778935",
    "tech": "HFC",
    "upgrade": "NULL_NA",
    "gnaf_pid": "GAVIC412211098",
    "ee": true
   }
  },
  {
   "type": "Feature",
   "geometry": {
    "type": "Point",
    "coordinates": [
     144.995155,
     -37.876723
    ]
   },
   "properties": {
    "name": "UNIT 4, 22 GLEN EIRA ROAD RIPPONLEA 3185",
    "locID": "LOC000026090256",
    "tech": "HFC",
    "upgrade": "NULL_NA",
    "gnaf_pid": "GAVIC412211099",
    "ee": true
   }
  },
  {
   "type": "Feature",
   "geometry": {
    "type": "Point",
    "coordinates": [
     144.9969458,
     -37.8813385
    ]
   },
   "properties": {
    "name": "UNIT 6, 245 HOTHAM STREET RIPPONLEA 3185",
    "locID": "LOC000049050984",
    "tech": "HFC",
    "upgrade": "NULL_NA",
    "gnaf_pid": "GAVIC412211943",
    "ee": true
   }
  },
  {
   "type": "Feature",
   "geometry": {
    "type": "Point",
    "coordinates": [
     144.99349813,
     -37.87747888
    ]
   },
   "properties": {
    "name": "UNIT 7, 88 BRIGHTON ROAD RIPPONLEA 3185",
    "locID": "LOC000088541685",
    "tech": "HFC",
    "upgrade": "NULL_NA",
    "gnaf_pid": "GAVIC412213628",
    "ee": true
   }
  },
  {
   "type": "Feature",
   "geometry": {
    "type": "Point",
    "coordinates": [
     144.993435,
     -37.875603
    ]
   },
   "properties": {
    "name": "UNIT 7, 10 MARYVILLE STREET RIPPONLEA 3185",
    "locID": "LOC000036849253",
    "tech": "HFC",
    "upgrade": "NULL_NA",
    "gnaf_pid": "GAVIC412213629",
    "ee": true
   }
  },
  {
   "type": "Feature",
   "geometry": {
    "type": "Point",
    "coordinates": [
     144.99611469,
     -37.88166132
    ]
   },
   "properties": {
    "name": "UNIT 4, 160 BRIGHTON ROAD RIPPONLEA 3185",
    "locID": "LOC000035199373",
    "tech": "HFC",
    "upgrade": "NULL_NA",
    "gnaf_pid": "GAVIC412214413",
    "ee": true
   }
  },
  {
   "type": "Feature",
   "geometry": {
    "type": "Point",
    "coordinates": [
     144.994151,
     -37.878535
    ]
   },
   "properties": {
    "name": "UNIT 4, 102 BRIGHTON ROAD RIPPONLEA 3185",
    "locID": "LOC000008075436",
    "tech": "HFC",
    "upgrade": "NULL_NA",
    "gnaf_pid": "GAVIC412214414",
    "ee": true
   }
  },
  {
   "type": "Feature",
   "geometry": {
    "type": "Point",
    "coordinates": [
     144.9969458,
     -37.8813385
    ]
   },
   "properties": {
    "name": "UNIT 7, 245 HOTHAM STREET RIPPONLEA 3185",
    "locID": "LOC000048916278",
    "tech": "HFC",
    "upgrade": "NULL_NA",
    "gnaf_pid": "GAVIC412214417",
    "ee": true
   }
  },
  {
   "type": "Feature",
   "geometry": {
    "type": "Point",
    "coordinates": [
     144.994729,
     -37.878175
    ]
   },
   "properties": {
    "name": "UNIT 6, 2 ERINDALE AVENUE RIPPONLEA 3185",
    "locID": "LOC000087633430",
    "tech": "HFC",
    "upgrade": "NULL_NA",
    "gnaf_pid": "GAVIC412214418",
    "ee": true
   }
  },
  {
   "type": "Feature",
   "geometry": {
    "type": "Point",
    "coordinates": [
     144.996134,
     -37.880029
    ]
   },
   "properties": {
    "name": "UNIT 2, 6 HOTHAM GROVE RIPPONLEA 3185",
    "locID": "LOC000024342758",
    "tech": "HFC",
    "upgrade": "NULL_NA",
    "gnaf_pid": "GAVIC412214419",
    "ee": true
   }
  },
  {
   "type": "Feature",
   "geometry": {
    "type": "Point",
    "coordinates": [
     144.99438,
     -37.878908
    ]
   },
   "properties": {
    "name": "UNIT 4, 110 BRIGHTON ROAD RIPPONLEA 3185",
    "locID": "LOC000083717384",
    "tech": "HFC",
    "upgrade": "NULL_NA",
    "gnaf_pid": "GAVIC412214420",
    "ee": true
   }
  },
  {
   "type": "Feature",
   "geometry": {
    "type": "Point",
    "coordinates": [
     144.996506,
     -37.87598
    ]
   },
   "properties": {
    "name": "UNIT 9, 17 OAK GROVE RIPPONLEA 3185",
    "locID": "LOC000025228168",
    "tech": "HFC",
    "upgrade": "NULL_NA",
    "gnaf_pid": "GAVIC412214463",
    "ee": true
   }
  },
  {
   "type": "Feature",
   "geometry": {
    "type": "Point",
    "coordinates": [
     144.99665337,
     -37.87600065
    ]
   },
   "properties": {
    "name": "UNIT 6, 15 OAK GROVE RIPPONLEA 3185",
    "locID": "LOC000073108821",
    "tech": "HFC",
    "upgrade": "NULL_NA",
    "gnaf_pid": "GAVIC412214465",
    "ee": true
   }
  },
  {
   "type": "Feature",
   "geometry": {
    "type": "Point",
    "coordinates": [
     144.996506,
     -37.87598
    ]
   },
   "properties": {
    "name": "UNIT 3, 17 OAK GROVE RIPPONLEA 3185",
    "locID": "LOC000025167006",
    "tech": "HFC",
    "upgrade": "NULL_NA",
    "gnaf_pid": "GAVIC412214466",
    "ee": true
   }
  },
  {
   "type": "Feature",
   "geometry": {
    "type": "Point",
    "coordinates": [
     144.996506,
     -37.87598
    ]
   },
   "properties": {
    "name": "UNIT 7, 17 OAK GROVE RIPPONLEA 3185",
    "locID": "LOC000025337289",
    "tech": "HFC",
    "upgrade": "NULL_NA",
    "gnaf_pid": "GAVIC412214467",
    "ee": true
   }
  },
  {
   "type": "Feature",
   "geometry": {
    "type": "Point",
    "coordinates": [
     144.99740389,
     -37.87893322
    ]
   },
   "properties": {
    "name": "UNIT 1, 211 HOTHAM STREET RIPPONLEA 3185",
    "locID": "LOC000059203033",
    "tech": "HFC",
    "upgrade": "NULL_NA",
    "gnaf_pid": "GAVIC412214471",
    "ee": true
   }
  },
  {
   "type": "Feature",
   "geometry": {
    "type": "Point",
    "coordinates": [
     144.99743125,
     -37.87876246
    ]
   },
   "properties": {
    "name": "UNIT 14, 209 HOTHAM STREET RIPPONLEA 3185",
    "locID": "LOC000061951531",
    "tech": "HFC",
    "upgrade": "NULL_NA",
    "gnaf_pid": "GAVIC412214472",
    "ee": true
   }
  },
  {
   "type": "Feature",
   "geometry": {
    "type": "Point",
    "coordinates": [
     144.99534,
     -37.880412
    ]
   },
   "properties": {
    "name": "UNIT 6, 134 BRIGHTON ROAD RIPPONLEA 3185",
    "locID": "LOC000067776271",
    "tech": "HFC",
    "upgrade": "NULL_NA",
    "gnaf_pid": "GAVIC412214473",
    "ee": true
   }
  },
  {
   "type": "Feature",
   "geometry": {
    "type": "Point",
    "coordinates": [
     144.99619009,
     -37.88176927
    ]
   },
   "properties": {
    "name": "UNIT 6, 162 BRIGHTON ROAD RIPPONLEA 3185",
    "locID": "LOC000087662372",
    "tech": "HFC",
    "upgrade": "NULL_NA",
    "gnaf_pid": "GAVIC412214474",
    "ee": true
   }
  },
  {
   "type": "Feature",
   "geometry": {
    "type": "Point",
    "coordinates": [
     144.99743125,
     -37.87876246
    ]
   },
   "properties": {
    "name": "UNIT 8, 209 HOTHAM STREET RIPPONLEA 3185",
    "locID": "LOC000061795237",
    "tech": "HFC",
    "upgrade": "NULL_NA",
    "gnaf_pid": "GAVIC412214475",
    "ee": true
   }
  },
  {
   "type": "Feature",
   "geometry": {
    "type": "Point",
    "coordinates": [
     144.995604,
     -37.880794
    ]
   },
   "properties": {
    "name": "UNIT 2, 142 BRIGHTON ROAD RIPPONLEA 3185",
    "locID": "LOC000019427611",
    "tech": "HFC",
    "upgrade": "NULL_NA",
    "gnaf_pid": "GAVIC412214476",
    "ee": true
   }
  },
  {
   "type": "Feature",
   "geometry": {
    "type": "Point",
    "coordinates": [
     144.99592857,
     -37.88135028
    ]
   },
   "properties": {
    "name": "UNIT 1, 154 BRIGHTON ROAD RIPPONLEA 3185",
    "locID": "LOC000069782085",
    "tech": "HFC",
    "upgrade": "NULL_NA",
    "gnaf_pid": "GAVIC412214477",
    "ee": true
   }
  },
  {
   "type": "Feature",
   "geometry": {
    "type": "Point",
    "coordinates": [
     144.99315001,
     -37.87462145
    ]
   },
   "properties": {
    "name": "13 LOS ANGELES COURT RIPPONLEA 3185",
    "locID": "LOC000100766808",
    "tech": "HFC",
    "upgrade": "NULL_NA",
    "gnaf_pid": "GAVIC412214493",
    "ee": true
   }
  },
  {
   "type": "Feature",
   "geometry": {
    "type": "Point",
    "coordinates": [
     144.993901,
     -37.878116
    ]
   },
   "properties": {
    "name": "UNIT 2, 98 BRIGHTON ROAD RIPPONLEA 3185",
    "locID": "LOC000069703704",
    "tech": "HFC",
    "upgrade": "NULL_NA",
    "gnaf_pid": "GAVIC412214502",
    "ee": true
   }
  },
  {
   "type": "Feature",
   "geometry": {
    "type": "Point",
    "coordinates": [
     144.9934308,
     -37.87618906
    ]
   },
   "properties": {
    "name": "UNIT 7, 3 GLEN EIRA ROAD RIPPONLEA 3185",
    "locID": "LOC000059471218",
    "tech": "HFC",
    "upgrade": "NULL_NA",
    "gnaf_pid": "GAVIC412214504",
    "ee": true
   }
  },
  {
   "type": "Feature",
   "geometry": {
    "type": "Point",
    "coordinates": [
     144.99592857,
     -37.88135028
    ]
   },
   "properties": {
    "name": "UNIT 2, 154 BRIGHTON ROAD RIPPONLEA 3185",
    "locID": "LOC000069912999",
    "tech": "HFC",
    "upgrade": "NULL_NA",
    "gnaf_pid": "GAVIC412214509",
    "ee": true
   }
  },
  {
   "type": "Feature",
   "geometry": {
    "type": "Point",
    "coordinates": [
     144.996887,
     -37.880357
    ]
   },
   "properties": {
    "name": "UNIT 6, 16 HOTHAM GROVE RIPPONLEA 3185",
    "locID": "LOC000086225772",
    "tech": "HFC",
    "upgrade": "NULL_NA",
    "gnaf_pid": "GAVIC412216391",
    "ee": true
   }
  },
  {
   "type": "Feature",
   "geometry": {
    "type": "Point",
    "coordinates": [
     144.994729,
     -37.878175
    ]
   },
   "properties": {
    "name": "UNIT 4, 2 ERINDALE AVENUE RIPPONLEA 3185",
    "locID": "LOC000087654976",
    "tech": "HFC",
    "upgrade": "NULL_NA",
    "gnaf_pid": "GAVIC412216392",
    "ee": true
   }
  },
  {
   "type": "Feature",
   "geometry": {
    "type": "Point",
    "coordinates": [
     144.997059,
     -37.880729
    ]
   },
   "properties": {
    "name": "UNIT 4, 229 HOTHAM STREET RIPPONLEA 3185",
    "locID": "LOC000171801639",
    "tech": "HFC",
    "upgrade": "NULL_NA",
    "gnaf_pid": "GAVIC412216393",
    "ee": true
   }
  },
  {
   "type": "Feature",
   "geometry": {
    "type": "Point",
    "coordinates": [
     144.99619009,
     -37.88176927
    ]
   },
   "properties": {
    "name": "UNIT 3, 162 BRIGHTON ROAD RIPPONLEA 3185",
    "locID": "LOC000087484457",
    "tech": "HFC",
    "upgrade": "NULL_NA",
    "gnaf_pid": "GAVIC412216394",
    "ee": true
   }
  },
  {
   "type": "Feature",
   "geometry": {
    "type": "Point",
    "coordinates": [
     144.995155,
     -37.876723
    ]
   },
   "properties": {
    "name": "UNIT 1, 22 GLEN EIRA ROAD RIPPONLEA 3185",
    "locID": "LOC000025999436",
    "tech": "HFC",
    "upgrade": "NULL_NA",
    "gnaf_pid": "GAVIC412216395",
    "ee": true
   }
  },
  {
   "type": "Feature",
   "geometry": {
    "type": "Point",
    "coordinates": [
     144.995359,
     -37.879691
    ]
   },
   "properties": {
    "name": "UNIT 2, 1 HOTHAM GROVE RIPPONLEA 3185",
    "locID": "LOC000084418733",
    "tech": "HFC",
    "upgrade": "NULL_NA",
    "gnaf_pid": "GAVIC412216398",
    "ee": true
   }
  },
  {
   "type": "Feature",
   "geometry": {
    "type": "Point",
    "coordinates": [
     144.993901,
     -37.878116
    ]
   },
   "properties": {
    "name": "UNIT 6, 98 BRIGHTON ROAD RIPPONLEA 3185",
    "locID": "LOC000069410118",
    "tech": "HFC",
    "upgrade": "NULL_NA",
    "gnaf_pid": "GAVIC412216413",
    "ee": true
   }
  },
  {
   "type": "Feature",
   "geometry": {
    "type": "Point",
    "coordinates": [
     144.995274,
     -37.879041
    ]
   },
   "properties": {
    "name": "UNIT 1, 14 ERINDALE AVENUE RIPPONLEA 3185",
    "locID": "LOC000087566063",
    "tech": "HFC",
    "upgrade": "NULL_NA",
    "gnaf_pid": "GAVIC412217100",
    "ee": true
   }
  },
  {
   "type": "Feature",
   "geometry": {
    "type": "Point",
    "coordinates": [
     144.995359,
     -37.879691
    ]
   },
   "properties": {
    "name": "UNIT 3, 1 HOTHAM GROVE RIPPONLEA 3185",
    "locID": "LOC000085129558",
    "tech": "HFC",
    "upgrade": "NULL_NA",
    "gnaf_pid": "GAVIC412217102",
    "ee": true
   }
  },
  {
   "type": "Feature",
   "geometry": {
    "type": "Point",
    "coordinates": [
     144.9957943,
     -37.87791453
    ]
   },
   "properties": {
    "name": "UNIT 3, 24 LYNDON STREET RIPPONLEA 3185",
    "locID": "LOC000038826022",
    "tech": "HFC",
    "upgrade": "NULL_NA",
    "gnaf_pid": "GAVIC412217106",
    "ee": true
   }
  },
  {
   "type": "Feature",
   "geometry": {
    "type": "Point",
    "coordinates": [
     144.9957943,
     -37.87791453
    ]
   },
   "properties": {
    "name": "UNIT 1, 24 LYNDON STREET RIPPONLEA 3185",
    "locID": "LOC000038335257",
    "tech": "HFC",
    "upgrade": "NULL_NA",
    "gnaf_pid": "GAVIC412217108",
    "ee": true
   }
  },
  {
   "type": "Feature",
   "geometry": {
    "type": "Point",
    "coordinates": [
     144.99628968,
     -37.87972038
    ]
   },
   "properties": {
    "name": "FLAT 4, 13 HOTHAM GROVE RIPPONLEA 3185",
    "locID": "LOC000075520588",
    "tech": "HFC",
    "upgrade": "NULL_NA",
    "gnaf_pid": "GAVIC412217109",
    "ee": true
   }
  },
  {
   "type": "Feature",
   "geometry": {
    "type": "Point",
    "coordinates": [
     144.9969458,
     -37.8813385
    ]
   },
   "properties": {
    "name": "UNIT 3, 245 HOTHAM STREET RIPPONLEA 3185",
    "locID": "LOC000049094465",
    "tech": "HFC",
    "upgrade": "NULL_NA",
    "gnaf_pid": "GAVIC412217111",
    "ee": true
   }
  },
  {
   "type": "Feature",
   "geometry": {
    "type": "Point",
    "coordinates": [
     144.995604,
     -37.880794
    ]
   },
   "properties": {
    "name": "UNIT 5, 142 BRIGHTON ROAD RIPPONLEA 3185",
    "locID": "LOC000019527084",
    "tech": "HFC",
    "upgrade": "NULL_NA",
    "gnaf_pid": "GAVIC412217112",
    "ee": true
   }
  },
  {
   "type": "Feature",
   "geometry": {
    "type": "Point",
    "coordinates": [
     144.99356873,
     -37.87696758
    ]
   },
   "properties": {
    "name": "UNIT 3, 1 VICTORIA AVENUE RIPPONLEA 3185",
    "locID": "LOC000089556188",
    "tech": "HFC",
    "upgrade": "NULL_NA",
    "gnaf_pid": "GAVIC412217288",
    "ee": true
   }
  },
  {
   "type": "Feature",
   "geometry": {
    "type": "Point",
    "coordinates": [
     144.99322257,
     -37.87557789
    ]
   },
   "properties": {
    "name": "UNIT 8, 8 MARYVILLE STREET RIPPONLEA 3185",
    "locID": "LOC000006069016",
    "tech": "HFC",
    "upgrade": "NULL_NA",
    "gnaf_pid": "GAVIC412217290",
    "ee": true
   }
  },
  {
   "type": "Feature",
   "geometry": {
    "type": "Point",
    "coordinates": [
     144.99349813,
     -37.87747888
    ]
   },
   "properties": {
    "name": "UNIT 5, 88 BRIGHTON ROAD RIPPONLEA 3185",
    "locID": "LOC000088873775",
    "tech": "HFC",
    "upgrade": "NULL_NA",
    "gnaf_pid": "GAVIC412217291",
    "ee": true
   }
  },
  {
   "type": "Feature",
   "geometry": {
    "type": "Point",
    "coordinates": [
     144.9934308,
     -37.87618906
    ]
   },
   "properties": {
    "name": "UNIT 3, 3 GLEN EIRA ROAD RIPPONLEA 3185",
    "locID": "LOC000059832686",
    "tech": "HFC",
    "upgrade": "NULL_NA",
    "gnaf_pid": "GAVIC412217292",
    "ee": true
   }
  },
  {
   "type": "Feature",
   "geometry": {
    "type": "Point",
    "coordinates": [
     144.993901,
     -37.878116
    ]
   },
   "properties": {
    "name": "UNIT 4, 98 BRIGHTON ROAD RIPPONLEA 3185",
    "locID": "LOC000069624317",
    "tech": "HFC",
    "upgrade": "NULL_NA",
    "gnaf_pid": "GAVIC412217294",
    "ee": true
   }
  },
  {
   "type": "Feature",
   "geometry": {
    "type": "Point",
    "coordinates": [
     144.994729,
     -37.878175
    ]
   },
   "properties": {
    "name": "UNIT 3, 2 ERINDALE AVENUE RIPPONLEA 3185",
    "locID": "LOC000087896001",
    "tech": "HFC",
    "upgrade": "NULL_NA",
    "gnaf_pid": "GAVIC412218053",
    "ee": true
   }
  },
  {
   "type": "Feature",
   "geometry": {
    "type": "Point",
    "coordinates": [
     144.99534,
     -37.880412
    ]
   },
   "properties": {
    "name": "UNIT 1, 134 BRIGHTON ROAD RIPPONLEA 3185",
    "locID": "LOC000068315418",
    "tech": "HFC",
    "upgrade": "NULL_NA",
    "gnaf_pid": "GAVIC412218055",
    "ee": true
   }
  },
  {
   "type": "Feature",
   "geometry": {
    "type": "Point",
    "coordinates": [
     144.9969458,
     -37.8813385
    ]
   },
   "properties": {
    "name": "UNIT 4, 245 HOTHAM STREET RIPPONLEA 3185",
    "locID": "LOC000049297613",
    "tech": "HFC",
    "upgrade": "NULL_NA",
    "gnaf_pid": "GAVIC412218056",
    "ee": true
   }
  },
  {
   "type": "Feature",
   "geometry": {
    "type": "Point",
    "coordinates": [
     144.99592857,
     -37.88135028
    ]
   },
   "properties": {
    "name": "UNIT 5, 154 BRIGHTON ROAD RIPPONLEA 3185",
    "locID": "LOC000069662549",
    "tech": "HFC",
    "upgrade": "NULL_NA",
    "gnaf_pid": "GAVIC412218058",
    "ee": true
   }
  },
  {
   "type": "Feature",
   "geometry": {
    "type": "Point",
    "coordinates": [
     144.99592857,
     -37.88135028
    ]
   },
   "properties": {
    "name": "UNIT 7, 154 BRIGHTON ROAD RIPPONLEA 3185",
    "locID": "LOC000069828166",
    "tech": "HFC",
    "upgrade": "NULL_NA",
    "gnaf_pid": "GAVIC412218063",
    "ee": true
   }
  },
  {
   "type": "Feature",
   "geometry": {
    "type": "Point",
    "coordinates": [
     144.996506,
     -37.87598
    ]
   },
   "properties": {
    "name": "UNIT 5, 17 OAK GROVE RIPPONLEA 3185",
    "locID": "LOC000025152048",
    "tech": "HFC",
    "upgrade": "NULL_NA",
    "gnaf_pid": "GAVIC412218065",
    "ee": true
   }
  },
  {
   "type": "Feature",
   "geometry": {
    "type": "Point",
    "coordinates": [
     144.997038,
     -37.876043
    ]
   },
   "properties": {
    "name": "UNIT 1, 9 OAK GROVE RIPPONLEA 3185",
    "locID": "LOC000002796697",
    "tech": "HFC",
    "upgrade": "NULL_NA",
    "gnaf_pid": "GAVIC412218066",
    "ee": true
   }
  },
  {
   "type": "Feature",
   "geometry": {
    "type": "Point",
    "coordinates": [
     144.997038,
     -37.876043
    ]
   },
   "properties": {
    "name": "UNIT 4, 9 OAK GROVE RIPPONLEA 3185",
    "locID": "LOC000002821348",
    "tech": "HFC",
    "upgrade": "NULL_NA",
    "gnaf_pid": "GAVIC412218067",
    "ee": true
   }
  },
  {
   "type": "Feature",
   "geometry": {
    "type": "Point",
    "coordinates": [
     144.997038,
     -37.876043
    ]
   },
   "properties": {
    "name": "UNIT 11, 9 OAK GROVE RIPPONLEA 3185",
    "locID": "LOC000002796697",
    "tech": "HFC",
    "upgrade": "NULL_NA",
    "gnaf_pid": "GAVIC412218068",
    "ee": true
   }
  },
  {
   "type": "Feature",
   "geometry": {
    "type": "Point",
    "coordinates": [
     144.99677765,
     -37.8822625
    ]
   },
   "properties": {
    "name": "263 HOTHAM STREET RIPPONLEA 3185",
    "locID": "LOC000024731419",
    "tech": "HFC",
    "upgrade": "NULL_NA",
    "gnaf_pid": "GAVIC412218069",
    "ee": true
   }
  },
  {
   "type": "Feature",
   "geometry": {
    "type": "Point",
    "coordinates": [
     144.99356873,
     -37.87696758
    ]
   },
   "properties": {
    "name": "UNIT 1, 1 VICTORIA AVENUE RIPPONLEA 3185",
    "locID": "LOC000089556188",
    "tech": "HFC",
    "upgrade": "NULL_NA",
    "gnaf_pid": "GAVIC412218071",
    "ee": true
   }
  },
  {
   "type": "Feature",
   "geometry": {
    "type": "Point",
    "coordinates": [
     144.996282,
     -37.88004
    ]
   },
   "properties": {
    "name": "UNIT 5, 8 HOTHAM GROVE RIPPONLEA 3185",
    "locID": "LOC000103692831",
    "tech": "HFC",
    "upgrade": "NULL_NA",
    "gnaf_pid": "GAVIC412218139",
    "ee": true
   }
  },
  {
   "type": "Feature",
   "geometry": {
    "type": "Point",
    "coordinates": [
     144.997038,
     -37.876043
    ]
   },
   "properties": {
    "name": "UNIT 8, 9 OAK GROVE RIPPONLEA 3185",
    "locID": "LOC000002786642",
    "tech": "HFC",
    "upgrade": "NULL_NA",
    "gnaf_pid": "GAVIC412218140",
    "ee": true
   }
  },
  {
   "type": "Feature",
   "geometry": {
    "type": "Point",
    "coordinates": [
     144.9968673,
     -37.87817611
    ]
   },
   "properties": {
    "name": "UNIT 6, 3 QUAT QUATTA AVENUE RIPPONLEA 3185",
    "locID": "LOC000069822743",
    "tech": "HFC",
    "upgrade": "NULL_NA",
    "gnaf_pid": "GAVIC412218142",
    "ee": true
   }
  },
  {
   "type": "Feature",
   "geometry": {
    "type": "Point",
    "coordinates": [
     144.99758455,
     -37.87802091
    ]
   },
   "properties": {
    "name": "197A HOTHAM STREET RIPPONLEA 3185",
    "locID": "LOC000004283450",
    "tech": "HFC",
    "upgrade": "NULL_NA",
    "gnaf_pid": "GAVIC412218144",
    "ee": true
   }
  },
  {
   "type": "Feature",
   "geometry": {
    "type": "Point",
    "coordinates": [
     144.99749116,
     -37.87798155
    ]
   },
   "properties": {
    "name": "2 QUAT QUATTA AVENUE RIPPONLEA 3185",
    "locID": "LOC000100643581",
    "tech": "HFC",
    "upgrade": "NULL_NA",
    "gnaf_pid": "GAVIC412218145",
    "ee": true
   }
  },
  {
   "type": "Feature",
   "geometry": {
    "type": "Point",
    "coordinates": [
     144.99741496,
     -37.8779724
    ]
   },
   "properties": {
    "name": "2A QUAT QUATTA AVENUE RIPPONLEA 3185",
    "locID": "LOC000099722736",
    "tech": "HFC",
    "upgrade": "NULL_NA",
    "gnaf_pid": "GAVIC412218146",
    "ee": true
   }
  },
  {
   "type": "Feature",
   "geometry": {
    "type": "Point",
    "coordinates": [
     144.99733933,
     -37.87796329
    ]
   },
   "properties": {
    "name": "2B QUAT QUATTA AVENUE RIPPONLEA 3185",
    "locID": "LOC000100207901",
    "tech": "HFC",
    "upgrade": "NULL_NA",
    "gnaf_pid": "GAVIC412218147",
    "ee": true
   }
  },
  {
   "type": "Feature",
   "geometry": {
    "type": "Point",
    "coordinates": [
     144.99743125,
     -37.87876246
    ]
   },
   "properties": {
    "name": "UNIT 13, 209 HOTHAM STREET RIPPONLEA 3185",
    "locID": "LOC000061963460",
    "tech": "HFC",
    "upgrade": "NULL_NA",
    "gnaf_pid": "GAVIC412220514",
    "ee": true
   }
  },
  {
   "type": "Feature",
   "geometry": {
    "type": "Point",
    "coordinates": [
     144.9968673,
     -37.87817611
    ]
   },
   "properties": {
    "name": "UNIT 9, 3 QUAT QUATTA AVENUE RIPPONLEA 3185",
    "locID": "LOC000069963557",
    "tech": "HFC",
    "upgrade": "NULL_NA",
    "gnaf_pid": "GAVIC412220515",
    "ee": true
   }
  },
  {
   "type": "Feature",
   "geometry": {
    "type": "Point",
    "coordinates": [
     144.99743125,
     -37.87876246
    ]
   },
   "properties": {
    "name": "UNIT 2, 209 HOTHAM STREET RIPPONLEA 3185",
    "locID": "LOC000061951531",
    "tech": "HFC",
    "upgrade": "NULL_NA",
    "gnaf_pid": "GAVIC412220517",
    "ee": true
   }
  },
  {
   "type": "Feature",
   "geometry": {
    "type": "Point",
    "coordinates": [
     144.99740389,
     -37.87893322
    ]
   },
   "properties": {
    "name": "UNIT 11, 211 HOTHAM STREET RIPPONLEA 3185",
    "locID": "LOC000059488588",
    "tech": "HFC",
    "upgrade": "NULL_NA",
    "gnaf_pid": "GAVIC412220519",
    "ee": true
   }
  },
  {
   "type": "Feature",
   "geometry": {
    "type": "Point",
    "coordinates": [
     144.997523,
     -37.878277
    ]
   },
   "properties": {
    "name": "UNIT 2, 199 HOTHAM STREET RIPPONLEA 3185",
    "locID": "LOC000106403797",
    "tech": "HFC",
    "upgrade": "NULL_NA",
    "gnaf_pid": "GAVIC412220520",
    "ee": true
   }
  },
  {
   "type": "Feature",
   "geometry": {
    "type": "Point",
    "coordinates": [
     144.9968673,
     -37.87817611
    ]
   },
   "properties": {
    "name": "UNIT 3, 3 QUAT QUATTA AVENUE RIPPONLEA 3185",
    "locID": "LOC000069855382",
    "tech": "HFC",
    "upgrade": "NULL_NA",
    "gnaf_pid": "GAVIC412220521",
    "ee": true
   }
  },
  {
   "type": "Feature",
   "geometry": {
    "type": "Point",
    "coordinates": [
     144.9968673,
     -37.87817611
    ]
   },
   "properties": {
    "name": "UNIT 16, 3 QUAT QUATTA AVENUE RIPPONLEA 3185",
    "locID": "LOC000070042262",
    "tech": "HFC",
    "upgrade": "NULL_NA",
    "gnaf_pid": "GAVIC412220558",
    "ee": true
   }
  },
  {
   "type": "Feature",
   "geometry": {
    "type": "Point",
    "coordinates": [
     144.99692313,
     -37.88152493
    ]
   },
   "properties": {
    "name": "247A HOTHAM STREET RIPPONLEA 3185",
    "locID": "LOC000092831155",
    "tech": "HFC",
    "upgrade": "NULL_NA",
    "gnaf_pid": "GAVIC412220559",
    "ee": true
   }
  },
  {
   "type": "Feature",
   "geometry": {
    "type": "Point",
    "coordinates": [
     144.99378186,
     -37.8762401
    ]
   },
   "properties": {
    "name": "UNIT 2, 7 GLEN EIRA ROAD RIPPONLEA 3185",
    "locID": "LOC000021889307",
    "tech": "HFC",
    "upgrade": "NULL_NA",
    "gnaf_pid": "GAVIC412220566",
    "ee": true
   }
  },
  {
   "type": "Feature",
   "geometry": {
    "type": "Point",
    "coordinates": [
     144.99322257,
     -37.87557789
    ]
   },
   "properties": {
    "name": "UNIT 9, 8 MARYVILLE STREET RIPPONLEA 3185",
    "locID": "LOC000006031597",
    "tech": "HFC",
    "upgrade": "NULL_NA",
    "gnaf_pid": "GAVIC412220567",
    "ee": true
   }
  },
  {
   "type": "Feature",
   "geometry": {
    "type": "Point",
    "coordinates": [
     144.995155,
     -37.876723
    ]
   },
   "properties": {
    "name": "UNIT 5, 22 GLEN EIRA ROAD RIPPONLEA 3185",
    "locID": "LOC000026075385",
    "tech": "HFC",
    "upgrade": "NULL_NA",
    "gnaf_pid": "GAVIC412220568",
    "ee": true
   }
  },
  {
   "type": "Feature",
   "geometry": {
    "type": "Point",
    "coordinates": [
     144.99322257,
     -37.87557789
    ]
   },
   "properties": {
    "name": "UNIT 10, 8 MARYVILLE STREET RIPPONLEA 3185",
    "locID": "LOC000006081347",
    "tech": "HFC",
    "upgrade": "NULL_NA",
    "gnaf_pid": "GAVIC412220569",
    "ee": true
   }
  },
  {
   "type": "Feature",
   "geometry": {
    "type": "Point",
    "coordinates": [
     144.99374486,
     -37.87564105
    ]
   },
   "properties": {
    "name": "UNIT 12A, 12 MARYVILLE STREET RIPPONLEA 3185",
    "locID": "LOC000020223952",
    "tech": "HFC",
    "upgrade": "NULL_NA",
    "gnaf_pid": "GAVIC412220570",
    "ee": true
   }
  },
  {
   "type": "Feature",
   "geometry": {
    "type": "Point",
    "coordinates": [
     144.995118,
     -37.877668
    ]
   },
   "properties": {
    "name": "UNIT 3, 13 FULLER ROAD RIPPONLEA 3185",
    "locID": "LOC000030191919",
    "tech": "HFC",
    "upgrade": "NULL_NA",
    "gnaf_pid": "GAVIC412220571",
    "ee": true
   }
  },
  {
   "type": "Feature",
   "geometry": {
    "type": "Point",
    "coordinates": [
     144.99619009,
     -37.88176927
    ]
   },
   "properties": {
    "name": "UNIT 5, 162 BRIGHTON ROAD RIPPONLEA 3185",
    "locID": "LOC000087637023",
    "tech": "HFC",
    "upgrade": "NULL_NA",
    "gnaf_pid": "GAVIC412220573",
    "ee": true
   }
  },
  {
   "type": "Feature",
   "geometry": {
    "type": "Point",
    "coordinates": [
     144.996134,
     -37.880029
    ]
   },
   "properties": {
    "name": "UNIT 1, 6 HOTHAM GROVE RIPPONLEA 3185",
    "locID": "LOC000024358889",
    "tech": "HFC",
    "upgrade": "NULL_NA",
    "gnaf_pid": "GAVIC412220575",
    "ee": true
   }
  },
  {
   "type": "Feature",
   "geometry": {
    "type": "Point",
    "coordinates": [
     144.995155,
     -37.876723
    ]
   },
   "properties": {
    "name": "UNIT 6, 22 GLEN EIRA ROAD RIPPONLEA 3185",
    "locID": "LOC000025887857",
    "tech": "HFC",
    "upgrade": "NULL_NA",
    "gnaf_pid": "GAVIC412220578",
    "ee": true
   }
  },
  {
   "type": "Feature",
   "geometry": {
    "type": "Point",
    "coordinates": [
     144.993579,
     -37.874893
    ]
   },
   "properties": {
    "name": "UNIT 1, 14 MONKSTADT AVENUE RIPPONLEA 3185",
    "locID": "LOC000015069682",
    "tech": "HFC",
    "upgrade": "NULL_NA",
    "gnaf_pid": "GAVIC412220787",
    "ee": true
   }
  },
  {
   "type": "Feature",
   "geometry": {
    "type": "Point",
    "coordinates": [
     144.99768952,
     -37.87747017
    ]
   },
   "properties": {
    "name": "UNIT 2, 187 HOTHAM STREET RIPPONLEA 3185",
    "locID": "LOC000048591458",
    "tech": "HFC",
    "upgrade": "NULL_NA",
    "gnaf_pid": "GAVIC412220911",
    "ee": true
   }
  },
  {
   "type": "Feature",
   "geometry": {
    "type": "Point",
    "coordinates": [
     144.99743125,
     -37.87876246
    ]
   },
   "properties": {
    "name": "UNIT 7, 209 HOTHAM STREET RIPPONLEA 3185",
    "locID": "LOC000061702983",
    "tech": "HFC",
    "upgrade": "NULL_NA",
    "gnaf_pid": "GAVIC412220912",
    "ee": true
   }
  },
  {
   "type": "Feature",
   "geometry": {
    "type": "Point",
    "coordinates": [
     144.99489264,
     -37.87971953
    ]
   },
   "properties": {
    "name": "UNIT 7, 124 BRIGHTON ROAD RIPPONLEA 3185",
    "locID": "LOC000014238197",
    "tech": "HFC",
    "upgrade": "NULL_NA",
    "gnaf_pid": "GAVIC412220913",
    "ee": true
   }
  },
  {
   "type": "Feature",
   "geometry": {
    "type": "Point",
    "coordinates": [
     144.9964503,
     -37.87971904
    ]
   },
   "properties": {
    "name": "15A HOTHAM GROVE RIPPONLEA 3185",
    "locID": "LOC000106287269",
    "tech": "HFC",
    "upgrade": "NULL_NA",
    "gnaf_pid": "GAVIC412220914",
    "ee": true
   }
  },
  {
   "type": "Feature",
   "geometry": {
    "type": "Point",
    "coordinates": [
     144.997059,
     -37.880729
    ]
   },
   "properties": {
    "name": "UNIT 1, 229 HOTHAM STREET RIPPONLEA 3185",
    "locID": "LOC000171801558",
    "tech": "HFC",
    "upgrade": "NULL_NA",
    "gnaf_pid": "GAVIC412220915",
    "ee": true
   }
  },
  {
   "type": "Feature",
   "geometry": {
    "type": "Point",
    "coordinates": [
     144.99611469,
     -37.88166132
    ]
   },
   "properties": {
    "name": "UNIT 1, 160 BRIGHTON ROAD RIPPONLEA 3185",
    "locID": "LOC000035197835",
    "tech": "HFC",
    "upgrade": "NULL_NA",
    "gnaf_pid": "GAVIC412220916",
    "ee": true
   }
  },
  {
   "type": "Feature",
   "geometry": {
    "type": "Point",
    "coordinates": [
     144.99430377,
     -37.87663135
    ]
   },
   "properties": {
    "name": "UNIT 3, 10 GLEN EIRA ROAD RIPPONLEA 3185",
    "locID": "LOC000013599414",
    "tech": "HFC",
    "upgrade": "NULL_NA",
    "gnaf_pid": "GAVIC412220919",
    "ee": true
   }
  },
  {
   "type": "Feature",
   "geometry": {
    "type": "Point",
    "coordinates": [
     144.99349813,
     -37.87747888
    ]
   },
   "properties": {
    "name": "UNIT 3, 88 BRIGHTON ROAD RIPPONLEA 3185",
    "locID": "LOC000088917030",
    "tech": "HFC",
    "upgrade": "NULL_NA",
    "gnaf_pid": "GAVIC412220921",
    "ee": true
   }
  },
  {
   "type": "Feature",
   "geometry": {
    "type": "Point",
    "coordinates": [
     144.993435,
     -37.875603
    ]
   },
   "properties": {
    "name": "UNIT 4, 10 MARYVILLE STREET RIPPONLEA 3185",
    "locID": "LOC000036721087",
    "tech": "HFC",
    "upgrade": "NULL_NA",
    "gnaf_pid": "GAVIC412220948",
    "ee": true
   }
  },
  {
   "type": "Feature",
   "geometry": {
    "type": "Point",
    "coordinates": [
     144.99374486,
     -37.87564105
    ]
   },
   "properties": {
    "name": "UNIT 10, 12 MARYVILLE STREET RIPPONLEA 3185",
    "locID": "LOC000020495779",
    "tech": "HFC",
    "upgrade": "NULL_NA",
    "gnaf_pid": "GAVIC412220950",
    "ee": true
   }
  },
  {
   "type": "Feature",
   "geometry": {
    "type": "Point",
    "coordinates": [
     144.99793225,
     -37.876165
    ]
   },
   "properties": {
    "name": "UNIT 4, 175 HOTHAM STREET RIPPONLEA 3185",
    "locID": "LOC000007737084",
    "tech": "HFC",
    "upgrade": "NULL_NA",
    "gnaf_pid": "GAVIC412220952",
    "ee": true
   }
  },
  {
   "type": "Feature",
   "geometry": {
    "type": "Point",
    "coordinates": [
     144.9948173,
     -37.87669321
    ]
   },
   "properties": {
    "name": "UNIT 1, 16 GLEN EIRA ROAD RIPPONLEA 3185",
    "locID": "LOC000171801074",
    "tech": "HFC",
    "upgrade": "NULL_NA",
    "gnaf_pid": "GAVIC412220954",
    "ee": true
   }
  },
  {
   "type": "Feature",
   "geometry": {
    "type": "Point",
    "coordinates": [
     144.99665337,
     -37.87600065
    ]
   },
   "properties": {
    "name": "UNIT 1, 15 OAK GROVE RIPPONLEA 3185",
    "locID": "LOC000072975840",
    "tech": "HFC",
    "upgrade": "NULL_NA",
    "gnaf_pid": "GAVIC412220956",
    "ee": true
   }
  },
  {
   "type": "Feature",
   "geometry": {
    "type": "Point",
    "coordinates": [
     144.995359,
     -37.879691
    ]
   },
   "properties": {
    "name": "UNIT 1, 1 HOTHAM GROVE RIPPONLEA 3185",
    "locID": "LOC000085129558",
    "tech": "HFC",
    "upgrade": "NULL_NA",
    "gnaf_pid": "GAVIC412221640",
    "ee": true
   }
  },
  {
   "type": "Feature",
   "geometry": {
    "type": "Point",
    "coordinates": [
     144.993435,
     -37.875603
    ]
   },
   "properties": {
    "name": "UNIT 6, 10 MARYVILLE STREET RIPPONLEA 3185",
    "locID": "LOC000037167749",
    "tech": "HFC",
    "upgrade": "NULL_NA",
    "gnaf_pid": "GAVIC412221675",
    "ee": true
   }
  },
  {
   "type": "Feature",
   "geometry": {
    "type": "Point",
    "coordinates": [
     144.993901,
     -37.878116
    ]
   },
   "properties": {
    "name": "UNIT 3, 98 BRIGHTON ROAD RIPPONLEA 3185",
    "locID": "LOC000069361195",
    "tech": "HFC",
    "upgrade": "NULL_NA",
    "gnaf_pid": "GAVIC412221676",
    "ee": true
   }
  },
  {
   "type": "Feature",
   "geometry": {
    "type": "Point",
    "coordinates": [
     144.99374486,
     -37.87564105
    ]
   },
   "properties": {
    "name": "UNIT 2, 12 MARYVILLE STREET RIPPONLEA 3185",
    "locID": "LOC000020256824",
    "tech": "HFC",
    "upgrade": "NULL_NA",
    "gnaf_pid": "GAVIC412221677",
    "ee": true
   }
  },
  {
   "type": "Feature",
   "geometry": {
    "type": "Point",
    "coordinates": [
     144.995155,
     -37.876723
    ]
   },
   "properties": {
    "name": "UNIT 3, 22 GLEN EIRA ROAD RIPPONLEA 3185",
    "locID": "LOC000025986879",
    "tech": "HFC",
    "upgrade": "NULL_NA",
    "gnaf_pid": "GAVIC412221678",
    "ee": true
   }
  },
  {
   "type": "Feature",
   "geometry": {
    "type": "Point",
    "coordinates": [
     144.99322257,
     -37.87557789
    ]
   },
   "properties": {
    "name": "UNIT 6, 8 MARYVILLE STREET RIPPONLEA 3185",
    "locID": "LOC000006134071",
    "tech": "HFC",
    "upgrade": "NULL_NA",
    "gnaf_pid": "GAVIC412221679",
    "ee": true
   }
  },
  {
   "type": "Feature",
   "geometry": {
    "type": "Point",
    "coordinates": [
     144.993901,
     -37.878116
    ]
   },
   "properties": {
    "name": "UNIT 1, 98 BRIGHTON ROAD RIPPONLEA 3185",
    "locID": "LOC000070068366",
    "tech": "HFC",
    "upgrade": "NULL_NA",
    "gnaf_pid": "GAVIC412221680",
    "ee": true
   }
  },
  {
   "type": "Feature",
   "geometry": {
    "type": "Point",
    "coordinates": [
     144.993435,
     -37.875603
    ]
   },
   "properties": {
    "name": "UNIT 3, 10 MARYVILLE STREET RIPPONLEA 3185",
    "locID": "LOC000036724858",
    "tech": "HFC",
    "upgrade": "NULL_NA",
    "gnaf_pid": "GAVIC412221681",
    "ee": true
   }
  },
  {
   "type": "Feature",
   "geometry": {
    "type": "Point",
    "coordinates": [
     144.99326399,
     -37.87461585
    ]
   },
   "properties": {
    "name": "13A LOS ANGELES COURT RIPPONLEA 3185",
    "locID": "LOC000100455524",
    "tech": "HFC",
    "upgrade": "NULL_NA",
    "gnaf_pid": "GAVIC412221688",
    "ee": true
   }
  },
  {
   "type": "Feature",
   "geometry": {
    "type": "Point",
    "coordinates": [
     144.99293,
     -37.876604
    ]
   },
   "properties": {
    "name": "UNIT 1, 74 BRIGHTON ROAD RIPPONLEA 3185",
    "locID": "LOC000081566770",
    "tech": "HFC",
    "upgrade": "NULL_NA",
    "gnaf_pid": "GAVIC412221692",
    "ee": true
   }
  },
  {
   "type": "Feature",
   "geometry": {
    "type": "Point",
    "coordinates": [
     144.99356873,
     -37.87696758
    ]
   },
   "properties": {
    "name": "UNIT 2, 1 VICTORIA AVENUE RIPPONLEA 3185",
    "locID": "LOC000090024154",
    "tech": "HFC",
    "upgrade": "NULL_NA",
    "gnaf_pid": "GAVIC412221693",
    "ee": true
   }
  },
  {
   "type": "Feature",
   "geometry": {
    "type": "Point",
    "coordinates": [
     144.995155,
     -37.876723
    ]
   },
   "properties": {
    "name": "UNIT 9, 22 GLEN EIRA ROAD RIPPONLEA 3185",
    "locID": "LOC000026088326",
    "tech": "HFC",
    "upgrade": "NULL_NA",
    "gnaf_pid": "GAVIC412221694",
    "ee": true
   }
  },
  {
   "type": "Feature",
   "geometry": {
    "type": "Point",
    "coordinates": [
     144.99378186,
     -37.8762401
    ]
   },
   "properties": {
    "name": "UNIT 4, 7 GLEN EIRA ROAD RIPPONLEA 3185",
    "locID": "LOC000021920334",
    "tech": "HFC",
    "upgrade": "NULL_NA",
    "gnaf_pid": "GAVIC412221697",
    "ee": true
   }
  },
  {
   "type": "Feature",
   "geometry": {
    "type": "Point",
    "coordinates": [
     144.993705,
     -37.877806
    ]
   },
   "properties": {
    "name": "UNIT 2, 94 BRIGHTON ROAD RIPPONLEA 3185",
    "locID": "LOC000094723954",
    "tech": "HFC",
    "upgrade": "NULL_NA",
    "gnaf_pid": "GAVIC412221699",
    "ee": true
   }
  },
  {
   "type": "Feature",
   "geometry": {
    "type": "Point",
    "coordinates": [
     144.993435,
     -37.875603
    ]
   },
   "properties": {
    "name": "UNIT 8, 10 MARYVILLE STREET RIPPONLEA 3185",
    "locID": "LOC000037174610",
    "tech": "HFC",
    "upgrade": "NULL_NA",
    "gnaf_pid": "GAVIC412221700",
    "ee": true
   }
  },
  {
   "type": "Feature",
   "geometry": {
    "type": "Point",
    "coordinates": [
     144.99743125,
     -37.87876246
    ]
   },
   "properties": {
    "name": "UNIT 5, 209 HOTHAM STREET RIPPONLEA 3185",
    "locID": "LOC000061675483",
    "tech": "HFC",
    "upgrade": "NULL_NA",
    "gnaf_pid": "GAVIC412221812",
    "ee": true
   }
  },
  {
   "type": "Feature",
   "geometry": {
    "type": "Point",
    "coordinates": [
     144.996427,
     -37.88212285
    ]
   },
   "properties": {
    "name": "UNIT 3, 170 BRIGHTON ROAD RIPPONLEA 3185",
    "locID": "LOC000093125940",
    "tech": "HFC",
    "upgrade": "NULL_NA",
    "gnaf_pid": "GAVIC412221814",
    "ee": true
   }
  },
  {
   "type": "Feature",
   "geometry": {
    "type": "Point",
    "coordinates": [
     144.99410881,
     -37.87465525
    ]
   },
   "properties": {
    "name": "21 MONKSTADT AVENUE RIPPONLEA 3185",
    "locID": "LOC000094187113",
    "tech": "HFC",
    "upgrade": "NULL_NA",
    "gnaf_pid": "GAVIC412221815",
    "ee": true
   }
  },
  {
   "type": "Feature",
   "geometry": {
    "type": "Point",
    "coordinates": [
     144.99489264,
     -37.87971953
    ]
   },
   "properties": {
    "name": "UNIT 9, 124 BRIGHTON ROAD RIPPONLEA 3185",
    "locID": "LOC000014453458",
    "tech": "HFC",
    "upgrade": "NULL_NA",
    "gnaf_pid": "GAVIC412221818",
    "ee": true
   }
  },
  {
   "type": "Feature",
   "geometry": {
    "type": "Point",
    "coordinates": [
     144.993901,
     -37.878116
    ]
   },
   "properties": {
    "name": "UNIT 7, 98 BRIGHTON ROAD RIPPONLEA 3185",
    "locID": "LOC000069688146",
    "tech": "HFC",
    "upgrade": "NULL_NA",
    "gnaf_pid": "GAVIC412221819",
    "ee": true
   }
  },
  {
   "type": "Feature",
   "geometry": {
    "type": "Point",
    "coordinates": [
     144.99378186,
     -37.8762401
    ]
   },
   "properties": {
    "name": "UNIT 3, 7 GLEN EIRA ROAD RIPPONLEA 3185",
    "locID": "LOC000021920334",
    "tech": "HFC",
    "upgrade": "NULL_NA",
    "gnaf_pid": "GAVIC412221820",
    "ee": true
   }
  },
  {
   "type": "Feature",
   "geometry": {
    "type": "Point",
    "coordinates": [
     144.99661615,
     -37.88241979
    ]
   },
   "properties": {
    "name": "176 BRIGHTON ROAD RIPPONLEA 3185",
    "locID": "LOC000114599231",
    "tech": "HFC",
    "upgrade": "NULL_NA",
    "gnaf_pid": "GAVIC412221821",
    "ee": true
   }
  },
  {
   "type": "Feature",
   "geometry": {
    "type": "Point",
    "coordinates": [
     144.996282,
     -37.88004
    ]
   },
   "properties": {
    "name": "UNIT 2, 8 HOTHAM GROVE RIPPONLEA 3185",
    "locID": "LOC000101823680",
    "tech": "HFC",
    "upgrade": "NULL_NA",
    "gnaf_pid": "GAVIC412221822",
    "ee": true
   }
  },
  {
   "type": "Feature",
   "geometry": {
    "type": "Point",
    "coordinates": [
     144.99534,
     -37.880412
    ]
   },
   "properties": {
    "name": "UNIT 8, 134 BRIGHTON ROAD RIPPONLEA 3185",
    "locID": "LOC000067788764",
    "tech": "HFC",
    "upgrade": "NULL_NA",
    "gnaf_pid": "GAVIC412221823",
    "ee": true
   }
  },
  {
   "type": "Feature",
   "geometry": {
    "type": "Point",
    "coordinates": [
     144.996427,
     -37.88212285
    ]
   },
   "properties": {
    "name": "UNIT 5, 170 BRIGHTON ROAD RIPPONLEA 3185",
    "locID": "LOC000092888284",
    "tech": "HFC",
    "upgrade": "NULL_NA",
    "gnaf_pid": "GAVIC412221827",
    "ee": true
   }
  },
  {
   "type": "Feature",
   "geometry": {
    "type": "Point",
    "coordinates": [
     144.995999,
     -37.880008
    ]
   },
   "properties": {
    "name": "UNIT 1, 4 HOTHAM GROVE RIPPONLEA 3185",
    "locID": "LOC000006108147",
    "tech": "HFC",
    "upgrade": "NULL_NA",
    "gnaf_pid": "GAVIC412221828",
    "ee": true
   }
  },
  {
   "type": "Feature",
   "geometry": {
    "type": "Point",
    "coordinates": [
     144.995274,
     -37.879041
    ]
   },
   "properties": {
    "name": "UNIT 2, 14 ERINDALE AVENUE RIPPONLEA 3185",
    "locID": "LOC000088243812",
    "tech": "HFC",
    "upgrade": "NULL_NA",
    "gnaf_pid": "GAVIC412221829",
    "ee": true
   }
  },
  {
   "type": "Feature",
   "geometry": {
    "type": "Point",
    "coordinates": [
     144.996282,
     -37.88004
    ]
   },
   "properties": {
    "name": "UNIT 4, 8 HOTHAM GROVE RIPPONLEA 3185",
    "locID": "LOC000103986611",
    "tech": "HFC",
    "upgrade": "NULL_NA",
    "gnaf_pid": "GAVIC412221830",
    "ee": true
   }
  },
  {
   "type": "Feature",
   "geometry": {
    "type": "Point",
    "coordinates": [
     144.99438,
     -37.878908
    ]
   },
   "properties": {
    "name": "UNIT 2, 110 BRIGHTON ROAD RIPPONLEA 3185",
    "locID": "LOC000083580454",
    "tech": "HFC",
    "upgrade": "NULL_NA",
    "gnaf_pid": "GAVIC412221832",
    "ee": true
   }
  },
  {
   "type": "Feature",
   "geometry": {
    "type": "Point",
    "coordinates": [
     144.995604,
     -37.880794
    ]
   },
   "properties": {
    "name": "UNIT 6, 142 BRIGHTON ROAD RIPPONLEA 3185",
    "locID": "LOC000019299222",
    "tech": "HFC",
    "upgrade": "NULL_NA",
    "gnaf_pid": "GAVIC412221834",
    "ee": true
   }
  },
  {
   "type": "Feature",
   "geometry": {
    "type": "Point",
    "coordinates": [
     144.99619009,
     -37.88176927
    ]
   },
   "properties": {
    "name": "UNIT 9, 162 BRIGHTON ROAD RIPPONLEA 3185",
    "locID": "LOC000088277484",
    "tech": "HFC",
    "upgrade": "NULL_NA",
    "gnaf_pid": "GAVIC412221836",
    "ee": true
   }
  },
  {
   "type": "Feature",
   "geometry": {
    "type": "Point",
    "coordinates": [
     144.995359,
     -37.879691
    ]
   },
   "properties": {
    "name": "UNIT 5, 1 HOTHAM GROVE RIPPONLEA 3185",
    "locID": "LOC000084588533",
    "tech": "HFC",
    "upgrade": "NULL_NA",
    "gnaf_pid": "GAVIC412221838",
    "ee": true
   }
  },
  {
   "type": "Feature",
   "geometry": {
    "type": "Point",
    "coordinates": [
     144.99639333,
     -37.87558825
    ]
   },
   "properties": {
    "name": "28A OAK GROVE RIPPONLEA 3185",
    "locID": "LOC000003963762",
    "tech": "HFC",
    "upgrade": "NULL_NA",
    "gnaf_pid": "GAVIC413844200",
    "ee": true
   }
  },
  {
   "type": "Feature",
   "geometry": {
    "type": "Point",
    "coordinates": [
     144.99747952,
     -37.87965897
    ]
   },
   "properties": {
    "name": "231 HOTHAM STREET RIPPONLEA 3185",
    "locID": "LOC000171801639",
    "tech": "HFC",
    "upgrade": "NULL_NA",
    "gnaf_pid": "GAVIC413848708",
    "ee": true
   }
  },
  {
   "type": "Feature",
   "geometry": {
    "type": "Point",
    "coordinates": [
     144.99768952,
     -37.87747017
    ]
   },
   "properties": {
    "name": "UNIT 1, 187 HOTHAM STREET RIPPONLEA 3185",
    "locID": "LOC000048591458",
    "tech": "HFC",
    "upgrade": "NULL_NA",
    "gnaf_pid": "GAVIC413848710",
    "ee": true
   }
  },
  {
   "type": "Feature",
   "geometry": {
    "type": "Point",
    "coordinates": [
     144.99743125,
     -37.87876246
    ]
   },
   "properties": {
    "name": "UNIT 18, 209 HOTHAM STREET RIPPONLEA 3185",
    "locID": "LOC000061951531",
    "tech": "HFC",
    "upgrade": "NULL_NA",
    "gnaf_pid": "GAVIC413861107",
    "ee": true
   }
  },
  {
   "type": "Feature",
   "geometry": {
    "type": "Point",
    "coordinates": [
     144.99749897,
     -37.87668191
    ]
   },
   "properties": {
    "name": "SUITE 5, 83 GLEN EIRA ROAD RIPPONLEA 3185",
    "locID": "LOC000085262003",
    "tech": "HFC",
    "upgrade": "NULL_NA",
    "gnaf_pid": "GAVIC413865634",
    "ee": true
   }
  },
  {
   "type": "Feature",
   "geometry": {
    "type": "Point",
    "coordinates": [
     144.997854,
     -37.87657
    ]
   },
   "properties": {
    "name": "UNIT 2, 181 HOTHAM STREET RIPPONLEA 3185",
    "locID": "LOC000054095912",
    "tech": "HFC",
    "upgrade": "NULL_NA",
    "gnaf_pid": "GAVIC413865638",
    "ee": true
   }
  },
  {
   "type": "Feature",
   "geometry": {
    "type": "Point",
    "coordinates": [
     144.997854,
     -37.87657
    ]
   },
   "properties": {
    "name": "UNIT 8, 181 HOTHAM STREET RIPPONLEA 3185",
    "locID": "LOC000054379958",
    "tech": "HFC",
    "upgrade": "NULL_NA",
    "gnaf_pid": "GAVIC413865653",
    "ee": true
   }
  },
  {
   "type": "Feature",
   "geometry": {
    "type": "Point",
    "coordinates": [
     144.99586952,
     -37.8767975
    ]
   },
   "properties": {
    "name": "34 GLEN EIRA ROAD RIPPONLEA 3185",
    "locID": "LOC000171801279",
    "tech": "HFC",
    "upgrade": "NULL_NA",
    "gnaf_pid": "GAVIC413870122",
    "ee": true
   }
  },
  {
   "type": "Feature",
   "geometry": {
    "type": "Point",
    "coordinates": [
     144.99430377,
     -37.87663135
    ]
   },
   "properties": {
    "name": "UNIT 4, 10 GLEN EIRA ROAD RIPPONLEA 3185",
    "locID": "LOC000013862128",
    "tech": "HFC",
    "upgrade": "NULL_NA",
    "gnaf_pid": "GAVIC413870126",
    "ee": true
   }
  },
  {
   "type": "Feature",
   "geometry": {
    "type": "Point",
    "coordinates": [
     144.997854,
     -37.87657
    ]
   },
   "properties": {
    "name": "UNIT 4, 181 HOTHAM STREET RIPPONLEA 3185",
    "locID": "LOC000054089314",
    "tech": "HFC",
    "upgrade": "NULL_NA",
    "gnaf_pid": "GAVIC413870139",
    "ee": true
   }
  },
  {
   "type": "Feature",
   "geometry": {
    "type": "Point",
    "coordinates": [
     144.99749897,
     -37.87668191
    ]
   },
   "properties": {
    "name": "UNIT 2, 83 GLEN EIRA ROAD RIPPONLEA 3185",
    "locID": "LOC000084562759",
    "tech": "HFC",
    "upgrade": "NULL_NA",
    "gnaf_pid": "GAVIC413874935",
    "ee": true
   }
  },
  {
   "type": "Feature",
   "geometry": {
    "type": "Point",
    "coordinates": [
     144.99749897,
     -37.87668191
    ]
   },
   "properties": {
    "name": "SUITE 3, 83 GLEN EIRA ROAD RIPPONLEA 3185",
    "locID": "LOC000084562759",
    "tech": "HFC",
    "upgrade": "NULL_NA",
    "gnaf_pid": "GAVIC413874937",
    "ee": true
   }
  },
  {
   "type": "Feature",
   "geometry": {
    "type": "Point",
    "coordinates": [
     144.99749897,
     -37.87668191
    ]
   },
   "properties": {
    "name": "SUITE 4, 83 GLEN EIRA ROAD RIPPONLEA 3185",
    "locID": "LOC000123976644",
    "tech": "HFC",
    "upgrade": "NULL_NA",
    "gnaf_pid": "GAVIC413874945",
    "ee": true
   }
  },
  {
   "type": "Feature",
   "geometry": {
    "type": "Point",
    "coordinates": [
     144.99378418,
     -37.87657358
    ]
   },
   "properties": {
    "name": "UNIT 18, 6-8 GLEN EIRA ROAD RIPPONLEA 3185",
    "locID": "LOC000171801090",
    "tech": "HFC",
    "upgrade": "NULL_NA",
    "gnaf_pid": "GAVIC413879434",
    "ee": true
   }
  },
  {
   "type": "Feature",
   "geometry": {
    "type": "Point",
    "coordinates": [
     144.99378418,
     -37.87657358
    ]
   },
   "properties": {
    "name": "UNIT 47, 6-8 GLEN EIRA ROAD RIPPONLEA 3185",
    "locID": "LOC000171801429",
    "tech": "HFC",
    "upgrade": "NULL_NA",
    "gnaf_pid": "GAVIC413879437",
    "ee": true
   }
  },
  {
   "type": "Feature",
   "geometry": {
    "type": "Point",
    "coordinates": [
     144.99378418,
     -37.87657358
    ]
   },
   "properties": {
    "name": "UNIT 31, 6-8 GLEN EIRA ROAD RIPPONLEA 3185",
    "locID": "LOC000171801536",
    "tech": "HFC",
    "upgrade": "NULL_NA",
    "gnaf_pid": "GAVIC413879438",
    "ee": true
   }
  },
  {
   "type": "Feature",
   "geometry": {
    "type": "Point",
    "coordinates": [
     144.99378418,
     -37.87657358
    ]
   },
   "properties": {
    "name": "UNIT 50, 6-8 GLEN EIRA ROAD RIPPONLEA 3185",
    "locID": "LOC000171801464",
    "tech": "HFC",
    "upgrade": "NULL_NA",
    "gnaf_pid": "GAVIC413879439",
    "ee": true
   }
  },
  {
   "type": "Feature",
   "geometry": {
    "type": "Point",
    "coordinates": [
     144.99378418,
     -37.87657358
    ]
   },
   "properties": {
    "name": "UNIT 19, 6-8 GLEN EIRA ROAD RIPPONLEA 3185",
    "locID": "LOC000171801100",
    "tech": "HFC",
    "upgrade": "NULL_NA",
    "gnaf_pid": "GAVIC413879440",
    "ee": true
   }
  },
  {
   "type": "Feature",
   "geometry": {
    "type": "Point",
    "coordinates": [
     144.99378418,
     -37.87657358
    ]
   },
   "properties": {
    "name": "UNIT 44, 6-8 GLEN EIRA ROAD RIPPONLEA 3185",
    "locID": "LOC000171801396",
    "tech": "HFC",
    "upgrade": "NULL_NA",
    "gnaf_pid": "GAVIC413879445",
    "ee": true
   }
  },
  {
   "type": "Feature",
   "geometry": {
    "type": "Point",
    "coordinates": [
     144.99378418,
     -37.87657358
    ]
   },
   "properties": {
    "name": "UNIT 40, 6-8 GLEN EIRA ROAD RIPPONLEA 3185",
    "locID": "LOC000171801354",
    "tech": "HFC",
    "upgrade": "NULL_NA",
    "gnaf_pid": "GAVIC413879448",
    "ee": true
   }
  },
  {
   "type": "Feature",
   "geometry": {
    "type": "Point",
    "coordinates": [
     144.99378418,
     -37.87657358
    ]
   },
   "properties": {
    "name": "UNIT 13, 6-8 GLEN EIRA ROAD RIPPONLEA 3185",
    "locID": "LOC000171801042",
    "tech": "HFC",
    "upgrade": "NULL_NA",
    "gnaf_pid": "GAVIC413879451",
    "ee": true
   }
  },
  {
   "type": "Feature",
   "geometry": {
    "type": "Point",
    "coordinates": [
     144.99378418,
     -37.87657358
    ]
   },
   "properties": {
    "name": "UNIT 41, 6-8 GLEN EIRA ROAD RIPPONLEA 3185",
    "locID": "LOC000171801365",
    "tech": "HFC",
    "upgrade": "NULL_NA",
    "gnaf_pid": "GAVIC413879452",
    "ee": true
   }
  },
  {
   "type": "Feature",
   "geometry": {
    "type": "Point",
    "coordinates": [
     144.99378418,
     -37.87657358
    ]
   },
   "properties": {
    "name": "UNIT 8, 6-8 GLEN EIRA ROAD RIPPONLEA 3185",
    "locID": "LOC000171801536",
    "tech": "HFC",
    "upgrade": "NULL_NA",
    "gnaf_pid": "GAVIC413879456",
    "ee": true
   }
  },
  {
   "type": "Feature",
   "geometry": {
    "type": "Point",
    "coordinates": [
     144.99378418,
     -37.87657358
    ]
   },
   "properties": {
    "name": "UNIT 21, 6-8 GLEN EIRA ROAD RIPPONLEA 3185",
    "locID": "LOC000171801137",
    "tech": "HFC",
    "upgrade": "NULL_NA",
    "gnaf_pid": "GAVIC413879458",
    "ee": true
   }
  },
  {
   "type": "Feature",
   "geometry": {
    "type": "Point",
    "coordinates": [
     144.99378418,
     -37.87657358
    ]
   },
   "properties": {
    "name": "UNIT 22, 6-8 GLEN EIRA ROAD RIPPONLEA 3185",
    "locID": "LOC000171801144",
    "tech": "HFC",
    "upgrade": "NULL_NA",
    "gnaf_pid": "GAVIC413879459",
    "ee": true
   }
  },
  {
   "type": "Feature",
   "geometry": {
    "type": "Point",
    "coordinates": [
     144.99378418,
     -37.87657358
    ]
   },
   "properties": {
    "name": "UNIT 52, 6-8 GLEN EIRA ROAD RIPPONLEA 3185",
    "locID": "LOC000171801486",
    "tech": "HFC",
    "upgrade": "NULL_NA",
    "gnaf_pid": "GAVIC413879460",
    "ee": true
   }
  },
  {
   "type": "Feature",
   "geometry": {
    "type": "Point",
    "coordinates": [
     144.99378418,
     -37.87657358
    ]
   },
   "properties": {
    "name": "UNIT 38, 6-8 GLEN EIRA ROAD RIPPONLEA 3185",
    "locID": "LOC000171801320",
    "tech": "HFC",
    "upgrade": "NULL_NA",
    "gnaf_pid": "GAVIC413879462",
    "ee": true
   }
  },
  {
   "type": "Feature",
   "geometry": {
    "type": "Point",
    "coordinates": [
     144.99378418,
     -37.87657358
    ]
   },
   "properties": {
    "name": "UNIT 32, 6-8 GLEN EIRA ROAD RIPPONLEA 3185",
    "locID": "LOC000171801251",
    "tech": "HFC",
    "upgrade": "NULL_NA",
    "gnaf_pid": "GAVIC413879464",
    "ee": true
   }
  },
  {
   "type": "Feature",
   "geometry": {
    "type": "Point",
    "coordinates": [
     144.99378418,
     -37.87657358
    ]
   },
   "properties": {
    "name": "UNIT 12, 6-8 GLEN EIRA ROAD RIPPONLEA 3185",
    "locID": "LOC000171801035",
    "tech": "HFC",
    "upgrade": "NULL_NA",
    "gnaf_pid": "GAVIC413879467",
    "ee": true
   }
  },
  {
   "type": "Feature",
   "geometry": {
    "type": "Point",
    "coordinates": [
     144.99378418,
     -37.87657358
    ]
   },
   "properties": {
    "name": "UNIT 14, 6-8 GLEN EIRA ROAD RIPPONLEA 3185",
    "locID": "LOC000171801057",
    "tech": "HFC",
    "upgrade": "NULL_NA",
    "gnaf_pid": "GAVIC413879468",
    "ee": true
   }
  },
  {
   "type": "Feature",
   "geometry": {
    "type": "Point",
    "coordinates": [
     144.99378418,
     -37.87657358
    ]
   },
   "properties": {
    "name": "UNIT 16, 6-8 GLEN EIRA ROAD RIPPONLEA 3185",
    "locID": "LOC000171801074",
    "tech": "HFC",
    "upgrade": "NULL_NA",
    "gnaf_pid": "GAVIC413879469",
    "ee": true
   }
  },
  {
   "type": "Feature",
   "geometry": {
    "type": "Point",
    "coordinates": [
     144.99378418,
     -37.87657358
    ]
   },
   "properties": {
    "name": "UNIT 17, 6-8 GLEN EIRA ROAD RIPPONLEA 3185",
    "locID": "LOC000171801088",
    "tech": "HFC",
    "upgrade": "NULL_NA",
    "gnaf_pid": "GAVIC413879470",
    "ee": true
   }
  },
  {
   "type": "Feature",
   "geometry": {
    "type": "Point",
    "coordinates": [
     144.99378418,
     -37.87657358
    ]
   },
   "properties": {
    "name": "UNIT 20, 6-8 GLEN EIRA ROAD RIPPONLEA 3185",
    "locID": "LOC000171801128",
    "tech": "HFC",
    "upgrade": "NULL_NA",
    "gnaf_pid": "GAVIC413879471",
    "ee": true
   }
  },
  {
   "type": "Feature",
   "geometry": {
    "type": "Point",
    "coordinates": [
     144.99378418,
     -37.87657358
    ]
   },
   "properties": {
    "name": "UNIT 23, 6-8 GLEN EIRA ROAD RIPPONLEA 3185",
    "locID": "LOC000171801159",
    "tech": "HFC",
    "upgrade": "NULL_NA",
    "gnaf_pid": "GAVIC413879472",
    "ee": true
   }
  },
  {
   "type": "Feature",
   "geometry": {
    "type": "Point",
    "coordinates": [
     144.99378418,
     -37.87657358
    ]
   },
   "properties": {
    "name": "UNIT 24, 6-8 GLEN EIRA ROAD RIPPONLEA 3185",
    "locID": "LOC000171801163",
    "tech": "HFC",
    "upgrade": "NULL_NA",
    "gnaf_pid": "GAVIC413879473",
    "ee": true
   }
  },
  {
   "type": "Feature",
   "geometry": {
    "type": "Point",
    "coordinates": [
     144.99378418,
     -37.87657358
    ]
   },
   "properties": {
    "name": "UNIT 26, 6-8 GLEN EIRA ROAD RIPPONLEA 3185",
    "locID": "LOC000171801185",
    "tech": "HFC",
    "upgrade": "NULL_NA",
    "gnaf_pid": "GAVIC413879474",
    "ee": true
   }
  },
  {
   "type": "Feature",
   "geometry": {
    "type": "Point",
    "coordinates": [
     144.99378418,
     -37.87657358
    ]
   },
   "properties": {
    "name": "UNIT 28, 6-8 GLEN EIRA ROAD RIPPONLEA 3185",
    "locID": "LOC000171801205",
    "tech": "HFC",
    "upgrade": "NULL_NA",
    "gnaf_pid": "GAVIC413879475",
    "ee": true
   }
  },
  {
   "type": "Feature",
   "geometry": {
    "type": "Point",
    "coordinates": [
     144.99378418,
     -37.87657358
    ]
   },
   "properties": {
    "name": "UNIT 36, 6-8 GLEN EIRA ROAD RIPPONLEA 3185",
    "locID": "LOC000171801298",
    "tech": "HFC",
    "upgrade": "NULL_NA",
    "gnaf_pid": "GAVIC413879476",
    "ee": true
   }
  },
  {
   "type": "Feature",
   "geometry": {
    "type": "Point",
    "coordinates": [
     144.99378418,
     -37.87657358
    ]
   },
   "properties": {
    "name": "UNIT 43, 6-8 GLEN EIRA ROAD RIPPONLEA 3185",
    "locID": "LOC000171801383",
    "tech": "HFC",
    "upgrade": "NULL_NA",
    "gnaf_pid": "GAVIC413879477",
    "ee": true
   }
  },
  {
   "type": "Feature",
   "geometry": {
    "type": "Point",
    "coordinates": [
     144.99378418,
     -37.87657358
    ]
   },
   "properties": {
    "name": "UNIT 45, 6-8 GLEN EIRA ROAD RIPPONLEA 3185",
    "locID": "LOC000171801401",
    "tech": "HFC",
    "upgrade": "NULL_NA",
    "gnaf_pid": "GAVIC413879478",
    "ee": true
   }
  },
  {
   "type": "Feature",
   "geometry": {
    "type": "Point",
    "coordinates": [
     144.99749897,
     -37.87668191
    ]
   },
   "properties": {
    "name": "UNIT 1, 83 GLEN EIRA ROAD RIPPONLEA 3185",
    "locID": "LOC000084562759",
    "tech": "HFC",
    "upgrade": "NULL_NA",
    "gnaf_pid": "GAVIC413879483",
    "ee": true
   }
  },
  {
   "type": "Feature",
   "geometry": {
    "type": "Point",
    "coordinates": [
     144.99749897,
     -37.87668191
    ]
   },
   "properties": {
    "name": "SUITE 6, 83 GLEN EIRA ROAD RIPPONLEA 3185",
    "locID": "LOC000084562759",
    "tech": "HFC",
    "upgrade": "NULL_NA",
    "gnaf_pid": "GAVIC413879497",
    "ee": true
   }
  },
  {
   "type": "Feature",
   "geometry": {
    "type": "Point",
    "coordinates": [
     144.993454,
     -37.877397
    ]
   },
   "properties": {
    "name": "UNIT 2, 86 BRIGHTON ROAD RIPPONLEA 3185",
    "locID": "LOC000158129410",
    "tech": "HFC",
    "upgrade": "NULL_NA",
    "gnaf_pid": "GAVIC413890095",
    "ee": true
   }
  },
  {
   "type": "Feature",
   "geometry": {
    "type": "Point",
    "coordinates": [
     144.99592857,
     -37.88135028
    ]
   },
   "properties": {
    "name": "UNIT 8, 154 BRIGHTON ROAD RIPPONLEA 3185",
    "locID": "LOC000069975886",
    "tech": "HFC",
    "upgrade": "NULL_NA",
    "gnaf_pid": "GAVIC413890099",
    "ee": true
   }
  },
  {
   "type": "Feature",
   "geometry": {
    "type": "Point",
    "coordinates": [
     144.99588488,
     -37.8762489
    ]
   },
   "properties": {
    "name": "12-24 GLEN EIRA AVENUE RIPPONLEA 3185",
    "locID": "LOC000029658934",
    "tech": "HFC",
    "upgrade": "NULL_NA",
    "gnaf_pid": "GAVIC413890114",
    "ee": true
   }
  },
  {
   "type": "Feature",
   "geometry": {
    "type": "Point",
    "coordinates": [
     144.99378418,
     -37.87657358
    ]
   },
   "properties": {
    "name": "UNIT 9, 6-8 GLEN EIRA ROAD RIPPONLEA 3185",
    "locID": "LOC000171801543",
    "tech": "HFC",
    "upgrade": "NULL_NA",
    "gnaf_pid": "GAVIC413890741",
    "ee": true
   }
  },
  {
   "type": "Feature",
   "geometry": {
    "type": "Point",
    "coordinates": [
     144.99317043,
     -37.87540693
    ]
   },
   "properties": {
    "name": "2 MARYVILLE STREET RIPPONLEA 3185",
    "locID": "LOC000036678895",
    "tech": "HFC",
    "upgrade": "NULL_NA",
    "gnaf_pid": "GAVIC413892169",
    "ee": true
   }
  },
  {
   "type": "Feature",
   "geometry": {
    "type": "Point",
    "coordinates": [
     144.99378418,
     -37.87657358
    ]
   },
   "properties": {
    "name": "UNIT 6, 6-8 GLEN EIRA ROAD RIPPONLEA 3185",
    "locID": "LOC000171801536",
    "tech": "HFC",
    "upgrade": "NULL_NA",
    "gnaf_pid": "GAVIC413895294",
    "ee": true
   }
  },
  {
   "type": "Feature",
   "geometry": {
    "type": "Point",
    "coordinates": [
     144.99378418,
     -37.87657358
    ]
   },
   "properties": {
    "name": "UNIT 39, 6-8 GLEN EIRA ROAD RIPPONLEA 3185",
    "locID": "LOC000171801331",
    "tech": "HFC",
    "upgrade": "NULL_NA",
    "gnaf_pid": "GAVIC413895295",
    "ee": true
   }
  },
  {
   "type": "Feature",
   "geometry": {
    "type": "Point",
    "coordinates": [
     144.99378418,
     -37.87657358
    ]
   },
   "properties": {
    "name": "UNIT 54, 6-8 GLEN EIRA ROAD RIPPONLEA 3185",
    "locID": "LOC000171801504",
    "tech": "HFC",
    "upgrade": "NULL_NA",
    "gnaf_pid": "GAVIC413895296",
    "ee": true
   }
  },
  {
   "type": "Feature",
   "geometry": {
    "type": "Point",
    "coordinates": [
     144.99378418,
     -37.87657358
    ]
   },
   "properties": {
    "name": "UNIT 2, 6-8 GLEN EIRA ROAD RIPPONLEA 3185",
    "locID": "LOC000171801116",
    "tech": "HFC",
    "upgrade": "NULL_NA",
    "gnaf_pid": "GAVIC413895297",
    "ee": true
   }
  },
  {
   "type": "Feature",
   "geometry": {
    "type": "Point",
    "coordinates": [
     144.99378418,
     -37.87657358
    ]
   },
   "properties": {
    "name": "UNIT 33, 6-8 GLEN EIRA ROAD RIPPONLEA 3185",
    "locID": "LOC000171801267",
    "tech": "HFC",
    "upgrade": "NULL_NA",
    "gnaf_pid": "GAVIC413895298",
    "ee": true
   }
  },
  {
   "type": "Feature",
   "geometry": {
    "type": "Point",
    "coordinates": [
     144.99378418,
     -37.87657358
    ]
   },
   "properties": {
    "name": "UNIT 49, 6-8 GLEN EIRA ROAD RIPPONLEA 3185",
    "locID": "LOC000171801440",
    "tech": "HFC",
    "upgrade": "NULL_NA",
    "gnaf_pid": "GAVIC413895299",
    "ee": true
   }
  },
  {
   "type": "Feature",
   "geometry": {
    "type": "Point",
    "coordinates": [
     144.99378418,
     -37.87657358
    ]
   },
   "properties": {
    "name": "UNIT 30, 6-8 GLEN EIRA ROAD RIPPONLEA 3185",
    "locID": "LOC000171801233",
    "tech": "HFC",
    "upgrade": "NULL_NA",
    "gnaf_pid": "GAVIC413895303",
    "ee": true
   }
  },
  {
   "type": "Feature",
   "geometry": {
    "type": "Point",
    "coordinates": [
     144.99378418,
     -37.87657358
    ]
   },
   "properties": {
    "name": "UNIT 48, 6-8 GLEN EIRA ROAD RIPPONLEA 3185",
    "locID": "LOC000171801438",
    "tech": "HFC",
    "upgrade": "NULL_NA",
    "gnaf_pid": "GAVIC413895304",
    "ee": true
   }
  },
  {
   "type": "Feature",
   "geometry": {
    "type": "Point",
    "coordinates": [
     144.99378418,
     -37.87657358
    ]
   },
   "properties": {
    "name": "UNIT 27, 6-8 GLEN EIRA ROAD RIPPONLEA 3185",
    "locID": "LOC000171801192",
    "tech": "HFC",
    "upgrade": "NULL_NA",
    "gnaf_pid": "GAVIC413895307",
    "ee": true
   }
  },
  {
   "type": "Feature",
   "geometry": {
    "type": "Point",
    "coordinates": [
     144.99378418,
     -37.87657358
    ]
   },
   "properties": {
    "name": "UNIT 1, 6-8 GLEN EIRA ROAD RIPPONLEA 3185",
    "locID": "LOC000171801536",
    "tech": "HFC",
    "upgrade": "NULL_NA",
    "gnaf_pid": "GAVIC413895308",
    "ee": true
   }
  },
  {
   "type": "Feature",
   "geometry": {
    "type": "Point",
    "coordinates": [
     144.99378418,
     -37.87657358
    ]
   },
   "properties": {
    "name": "UNIT 15, 6-8 GLEN EIRA ROAD RIPPONLEA 3185",
    "locID": "LOC000171801061",
    "tech": "HFC",
    "upgrade": "NULL_NA",
    "gnaf_pid": "GAVIC413895309",
    "ee": true
   }
  },
  {
   "type": "Feature",
   "geometry": {
    "type": "Point",
    "coordinates": [
     144.99378418,
     -37.87657358
    ]
   },
   "properties": {
    "name": "UNIT 42, 6-8 GLEN EIRA ROAD RIPPONLEA 3185",
    "locID": "LOC000171801377",
    "tech": "HFC",
    "upgrade": "NULL_NA",
    "gnaf_pid": "GAVIC413895310",
    "ee": true
   }
  },
  {
   "type": "Feature",
   "geometry": {
    "type": "Point",
    "coordinates": [
     144.9939435,
     -37.87897526
    ]
   },
   "properties": {
    "name": "182 BRIGHTON ROAD RIPPONLEA 3185",
    "locID": "LOC000161580682",
    "tech": "HFC",
    "upgrade": "NULL_NA",
    "gnaf_pid": "GAVIC413899844",
    "ee": true
   }
  },
  {
   "type": "Feature",
   "geometry": {
    "type": "Point",
    "coordinates": [
     144.99378418,
     -37.87657358
    ]
   },
   "properties": {
    "name": "UNIT 11, 6-8 GLEN EIRA ROAD RIPPONLEA 3185",
    "locID": "LOC000171801026",
    "tech": "HFC",
    "upgrade": "NULL_NA",
    "gnaf_pid": "GAVIC413899861",
    "ee": true
   }
  },
  {
   "type": "Feature",
   "geometry": {
    "type": "Point",
    "coordinates": [
     144.99378418,
     -37.87657358
    ]
   },
   "properties": {
    "name": "UNIT 34, 6-8 GLEN EIRA ROAD RIPPONLEA 3185",
    "locID": "LOC000171801279",
    "tech": "HFC",
    "upgrade": "NULL_NA",
    "gnaf_pid": "GAVIC413899862",
    "ee": true
   }
  },
  {
   "type": "Feature",
   "geometry": {
    "type": "Point",
    "coordinates": [
     144.99378418,
     -37.87657358
    ]
   },
   "properties": {
    "name": "UNIT 5, 6-8 GLEN EIRA ROAD RIPPONLEA 3185",
    "locID": "LOC000171801455",
    "tech": "HFC",
    "upgrade": "NULL_NA",
    "gnaf_pid": "GAVIC413899864",
    "ee": true
   }
  },
  {
   "type": "Feature",
   "geometry": {
    "type": "Point",
    "coordinates": [
     144.99378418,
     -37.87657358
    ]
   },
   "properties": {
    "name": "UNIT 51, 6-8 GLEN EIRA ROAD RIPPONLEA 3185",
    "locID": "LOC000171801472",
    "tech": "HFC",
    "upgrade": "NULL_NA",
    "gnaf_pid": "GAVIC413899865",
    "ee": true
   }
  },
  {
   "type": "Feature",
   "geometry": {
    "type": "Point",
    "coordinates": [
     144.99378418,
     -37.87657358
    ]
   },
   "properties": {
    "name": "UNIT 7, 6-8 GLEN EIRA ROAD RIPPONLEA 3185",
    "locID": "LOC000171801527",
    "tech": "HFC",
    "upgrade": "NULL_NA",
    "gnaf_pid": "GAVIC413899866",
    "ee": true
   }
  },
  {
   "type": "Feature",
   "geometry": {
    "type": "Point",
    "coordinates": [
     144.99378418,
     -37.87657358
    ]
   },
   "properties": {
    "name": "UNIT 4, 6-8 GLEN EIRA ROAD RIPPONLEA 3185",
    "locID": "LOC000171801396",
    "tech": "HFC",
    "upgrade": "NULL_NA",
    "gnaf_pid": "GAVIC413899867",
    "ee": true
   }
  },
  {
   "type": "Feature",
   "geometry": {
    "type": "Point",
    "coordinates": [
     144.99378418,
     -37.87657358
    ]
   },
   "properties": {
    "name": "UNIT 29, 6-8 GLEN EIRA ROAD RIPPONLEA 3185",
    "locID": "LOC000171801214",
    "tech": "HFC",
    "upgrade": "NULL_NA",
    "gnaf_pid": "GAVIC413899868",
    "ee": true
   }
  },
  {
   "type": "Feature",
   "geometry": {
    "type": "Point",
    "coordinates": [
     144.99378418,
     -37.87657358
    ]
   },
   "properties": {
    "name": "UNIT 35, 6-8 GLEN EIRA ROAD RIPPONLEA 3185",
    "locID": "LOC000171801280",
    "tech": "HFC",
    "upgrade": "NULL_NA",
    "gnaf_pid": "GAVIC413899870",
    "ee": true
   }
  },
  {
   "type": "Feature",
   "geometry": {
    "type": "Point",
    "coordinates": [
     144.99378418,
     -37.87657358
    ]
   },
   "properties": {
    "name": "UNIT 3, 6-8 GLEN EIRA ROAD RIPPONLEA 3185",
    "locID": "LOC000171801536",
    "tech": "HFC",
    "upgrade": "NULL_NA",
    "gnaf_pid": "GAVIC413899871",
    "ee": true
   }
  },
  {
   "type": "Feature",
   "geometry": {
    "type": "Point",
    "coordinates": [
     144.992505,
     -37.87592
    ]
   },
   "properties": {
    "name": "UNIT 1, 66 BRIGHTON ROAD RIPPONLEA 3185",
    "locID": "LOC000031174690",
    "tech": "HFC",
    "upgrade": "NULL_NA",
    "gnaf_pid": "GAVIC413900894",
    "ee": true
   }
  },
  {
   "type": "Feature",
   "geometry": {
    "type": "Point",
    "coordinates": [
     144.993148,
     -37.87695
    ]
   },
   "properties": {
    "name": "UNIT 1, 82 BRIGHTON ROAD RIPPONLEA 3185",
    "locID": "LOC000089640298",
    "tech": "HFC",
    "upgrade": "NULL_NA",
    "gnaf_pid": "GAVIC413900901",
    "ee": true
   }
  },
  {
   "type": "Feature",
   "geometry": {
    "type": "Point",
    "coordinates": [
     144.996134,
     -37.880029
    ]
   },
   "properties": {
    "name": "UNIT 6, 6 HOTHAM GROVE RIPPONLEA 3185",
    "locID": "LOC000024373178",
    "tech": "HFC",
    "upgrade": "NULL_NA",
    "gnaf_pid": "GAVIC413901182",
    "ee": true
   }
  },
  {
   "type": "Feature",
   "geometry": {
    "type": "Point",
    "coordinates": [
     144.99551737,
     -37.87751195
    ]
   },
   "properties": {
    "name": "UNIT 1, 20 LYNDON STREET RIPPONLEA 3185",
    "locID": "LOC000007928462",
    "tech": "HFC",
    "upgrade": "NULL_NA",
    "gnaf_pid": "GAVIC413901185",
    "ee": true
   }
  },
  {
   "type": "Feature",
   "geometry": {
    "type": "Point",
    "coordinates": [
     144.99551737,
     -37.87751195
    ]
   },
   "properties": {
    "name": "UNIT 2, 20 LYNDON STREET RIPPONLEA 3185",
    "locID": "LOC000007928462",
    "tech": "HFC",
    "upgrade": "NULL_NA",
    "gnaf_pid": "GAVIC413901186",
    "ee": true
   }
  },
  {
   "type": "Feature",
   "geometry": {
    "type": "Point",
    "coordinates": [
     144.99428538,
     -37.87706675
    ]
   },
   "properties": {
    "name": "3 VICTORIA AVENUE RIPPONLEA 3185",
    "locID": "LOC000089744186",
    "tech": "HFC",
    "upgrade": "NULL_NA",
    "gnaf_pid": "GAVIC413909993",
    "ee": true
   }
  },
  {
   "type": "Feature",
   "geometry": {
    "type": "Point",
    "coordinates": [
     144.994729,
     -37.878175
    ]
   },
   "properties": {
    "name": "UNIT 8, 2 ERINDALE AVENUE RIPPONLEA 3185",
    "locID": "LOC000087896001",
    "tech": "HFC",
    "upgrade": "NULL_NA",
    "gnaf_pid": "GAVIC413910265",
    "ee": true
   }
  },
  {
   "type": "Feature",
   "geometry": {
    "type": "Point",
    "coordinates": [
     144.993761,
     -37.874906
    ]
   },
   "properties": {
    "name": "16 MONKSTADT AVENUE RIPPONLEA 3185",
    "locID": "LOC000083259996",
    "tech": "HFC",
    "upgrade": "NULL_NA",
    "gnaf_pid": "GAVIC419593002",
    "ee": true
   }
  },
  {
   "type": "Feature",
   "geometry": {
    "type": "Point",
    "coordinates": [
     144.99438,
     -37.874718
    ]
   },
   "properties": {
    "name": "23 MONKSTADT AVENUE RIPPONLEA 3185",
    "locID": "LOC000067779141",
    "tech": "HFC",
    "upgrade": "NULL_NA",
    "gnaf_pid": "GAVIC419593003",
    "ee": true
   }
  },
  {
   "type": "Feature",
   "geometry": {
    "type": "Point",
    "coordinates": [
     144.99730626,
     -37.8794659
    ]
   },
   "properties": {
    "name": "221A HOTHAM STREET RIPPONLEA 3185",
    "locID": "LOC000046670023",
    "tech": "HFC",
    "upgrade": "NULL_NA",
    "gnaf_pid": "GAVIC419598707",
    "ee": true
   }
  },
  {
   "type": "Feature",
   "geometry": {
    "type": "Point",
    "coordinates": [
     144.997097,
     -37.880586
    ]
   },
   "properties": {
    "name": "227 HOTHAM STREET RIPPONLEA 3185",
    "locID": "LOC000082240839",
    "tech": "HFC",
    "upgrade": "NULL_NA",
    "gnaf_pid": "GAVIC419598708",
    "ee": true
   }
  },
  {
   "type": "Feature",
   "geometry": {
    "type": "Point",
    "coordinates": [
     144.997032,
     -37.8809
    ]
   },
   "properties": {
    "name": "233 HOTHAM STREET RIPPONLEA 3185",
    "locID": "LOC000031999089",
    "tech": "HFC",
    "upgrade": "NULL_NA",
    "gnaf_pid": "GAVIC419598709",
    "ee": true
   }
  },
  {
   "type": "Feature",
   "geometry": {
    "type": "Point",
    "coordinates": [
     144.995851,
     -37.879988
    ]
   },
   "properties": {
    "name": "2 HOTHAM GROVE RIPPONLEA 3185",
    "locID": "LOC000096073669",
    "tech": "HFC",
    "upgrade": "NULL_NA",
    "gnaf_pid": "GAVIC419599223",
    "ee": true
   }
  },
  {
   "type": "Feature",
   "geometry": {
    "type": "Point",
    "coordinates": [
     144.99577562,
     -37.87965498
    ]
   },
   "properties": {
    "name": "5A HOTHAM GROVE RIPPONLEA 3185",
    "locID": "LOC000067057713",
    "tech": "HFC",
    "upgrade": "NULL_NA",
    "gnaf_pid": "GAVIC419599225",
    "ee": true
   }
  },
  {
   "type": "Feature",
   "geometry": {
    "type": "Point",
    "coordinates": [
     144.997473,
     -37.878474
    ]
   },
   "properties": {
    "name": "203 HOTHAM STREET RIPPONLEA 3185",
    "locID": "LOC000010299385",
    "tech": "HFC",
    "upgrade": "NULL_NA",
    "gnaf_pid": "GAVIC419599236",
    "ee": true
   }
  },
  {
   "type": "Feature",
   "geometry": {
    "type": "Point",
    "coordinates": [
     144.997378,
     -37.87904
    ]
   },
   "properties": {
    "name": "215 HOTHAM STREET RIPPONLEA 3185",
    "locID": "LOC000021117328",
    "tech": "HFC",
    "upgrade": "NULL_NA",
    "gnaf_pid": "GAVIC419599237",
    "ee": true
   }
  },
  {
   "type": "Feature",
   "geometry": {
    "type": "Point",
    "coordinates": [
     144.99578508,
     -37.88111477
    ]
   },
   "properties": {
    "name": "148 BRIGHTON ROAD RIPPONLEA 3185",
    "locID": "LOC000081400876",
    "tech": "HFC",
    "upgrade": "NULL_NA",
    "gnaf_pid": "GAVIC419599633",
    "ee": true
   }
  },
  {
   "type": "Feature",
   "geometry": {
    "type": "Point",
    "coordinates": [
     144.995279,
     -37.877617
    ]
   },
   "properties": {
    "name": "15 FULLER ROAD RIPPONLEA 3185",
    "locID": "LOC000100788714",
    "tech": "HFC",
    "upgrade": "NULL_NA",
    "gnaf_pid": "GAVIC419599634",
    "ee": true
   }
  },
  {
   "type": "Feature",
   "geometry": {
    "type": "Point",
    "coordinates": [
     144.996875,
     -37.876608
    ]
   },
   "properties": {
    "name": "53 GLEN EIRA ROAD RIPPONLEA 3185",
    "locID": "LOC000171801493",
    "tech": "HFC",
    "upgrade": "NULL_NA",
    "gnaf_pid": "GAVIC419600327",
    "ee": true
   }
  },
  {
   "type": "Feature",
   "geometry": {
    "type": "Point",
    "coordinates": [
     144.997446,
     -37.876104
    ]
   },
   "properties": {
    "name": "5 OAK GROVE RIPPONLEA 3185",
    "locID": "LOC000005995034",
    "tech": "HFC",
    "upgrade": "NULL_NA",
    "gnaf_pid": "GAVIC419600337",
    "ee": true
   }
  },
  {
   "type": "Feature",
   "geometry": {
    "type": "Point",
    "coordinates": [
     144.99356873,
     -37.87696758
    ]
   },
   "properties": {
    "name": "1 VICTORIA AVENUE RIPPONLEA 3185",
    "locID": "LOC000089556188",
    "tech": "HFC",
    "upgrade": "NULL_NA",
    "gnaf_pid": "GAVIC419600344",
    "ee": true
   }
  },
  {
   "type": "Feature",
   "geometry": {
    "type": "Point",
    "coordinates": [
     144.99396096,
     -37.87735732
    ]
   },
   "properties": {
    "name": "4 VICTORIA AVENUE RIPPONLEA 3185",
    "locID": "LOC000039895433",
    "tech": "HFC",
    "upgrade": "NULL_NA",
    "gnaf_pid": "GAVIC419600345",
    "ee": true
   }
  },
  {
   "type": "Feature",
   "geometry": {
    "type": "Point",
    "coordinates": [
     144.99749897,
     -37.87668191
    ]
   },
   "properties": {
    "name": "81 GLEN EIRA ROAD RIPPONLEA 3185",
    "locID": "LOC000021984856",
    "tech": "HFC",
    "upgrade": "NULL_NA",
    "gnaf_pid": "GAVIC419600488",
    "ee": true
   }
  },
  {
   "type": "Feature",
   "geometry": {
    "type": "Point",
    "coordinates": [
     144.996494,
     -37.881017
    ]
   },
   "properties": {
    "name": "23 BELL STREET RIPPONLEA 3185",
    "locID": "LOC000108934351",
    "tech": "HFC",
    "upgrade": "NULL_NA",
    "gnaf_pid": "GAVIC419602059",
    "ee": true
   }
  },
  {
   "type": "Feature",
   "geometry": {
    "type": "Point",
    "coordinates": [
     144.992698,
     -37.875509
    ]
   },
   "properties": {
    "name": "4 MARYVILLE STREET RIPPONLEA 3185",
    "locID": "LOC000050745305",
    "tech": "HFC",
    "upgrade": "NULL_NA",
    "gnaf_pid": "GAVIC419602075",
    "ee": true
   }
  },
  {
   "type": "Feature",
   "geometry": {
    "type": "Point",
    "coordinates": [
     144.994172,
     -37.875688
    ]
   },
   "properties": {
    "name": "14 MARYVILLE STREET RIPPONLEA 3185",
    "locID": "LOC000008451530",
    "tech": "HFC",
    "upgrade": "NULL_NA",
    "gnaf_pid": "GAVIC419602077",
    "ee": true
   }
  },
  {
   "type": "Feature",
   "geometry": {
    "type": "Point",
    "coordinates": [
     144.993852,
     -37.875313
    ]
   },
   "properties": {
    "name": "17 MARYVILLE STREET RIPPONLEA 3185",
    "locID": "LOC000050497582",
    "tech": "HFC",
    "upgrade": "NULL_NA",
    "gnaf_pid": "GAVIC419602079",
    "ee": true
   }
  },
  {
   "type": "Feature",
   "geometry": {
    "type": "Point",
    "coordinates": [
     144.99209,
     -37.874471
    ]
   },
   "properties": {
    "name": "3 LOS ANGELES COURT RIPPONLEA 3185",
    "locID": "LOC000058245351",
    "tech": "HFC",
    "upgrade": "NULL_NA",
    "gnaf_pid": "GAVIC419602132",
    "ee": true
   }
  },
  {
   "type": "Feature",
   "geometry": {
    "type": "Point",
    "coordinates": [
     144.992444,
     -37.87482
    ]
   },
   "properties": {
    "name": "4 LOS ANGELES COURT RIPPONLEA 3185",
    "locID": "LOC000047987017",
    "tech": "HFC",
    "upgrade": "NULL_NA",
    "gnaf_pid": "GAVIC419602133",
    "ee": true
   }
  },
  {
   "type": "Feature",
   "geometry": {
    "type": "Point",
    "coordinates": [
     144.992671,
     -37.874842
    ]
   },
   "properties": {
    "name": "6 LOS ANGELES COURT RIPPONLEA 3185",
    "locID": "LOC000109770332",
    "tech": "HFC",
    "upgrade": "NULL_NA",
    "gnaf_pid": "GAVIC419602134",
    "ee": true
   }
  },
  {
   "type": "Feature",
   "geometry": {
    "type": "Point",
    "coordinates": [
     144.99250938,
     -37.87453321
    ]
   },
   "properties": {
    "name": "7 LOS ANGELES COURT RIPPONLEA 3185",
    "locID": "LOC000080359419",
    "tech": "HFC",
    "upgrade": "NULL_NA",
    "gnaf_pid": "GAVIC419602135",
    "ee": true
   }
  },
  {
   "type": "Feature",
   "geometry": {
    "type": "Point",
    "coordinates": [
     144.992747,
     -37.874555
    ]
   },
   "properties": {
    "name": "9 LOS ANGELES COURT RIPPONLEA 3185",
    "locID": "LOC000046298968",
    "tech": "HFC",
    "upgrade": "NULL_NA",
    "gnaf_pid": "GAVIC419602136",
    "ee": true
   }
  },
  {
   "type": "Feature",
   "geometry": {
    "type": "Point",
    "coordinates": [
     144.995305,
     -37.877059
    ]
   },
   "properties": {
    "name": "16 LYNDON STREET RIPPONLEA 3185",
    "locID": "LOC000002812159",
    "tech": "HFC",
    "upgrade": "NULL_NA",
    "gnaf_pid": "GAVIC419602137",
    "ee": true
   }
  },
  {
   "type": "Feature",
   "geometry": {
    "type": "Point",
    "coordinates": [
     144.99602,
     -37.878368
    ]
   },
   "properties": {
    "name": "32 LYNDON STREET RIPPONLEA 3185",
    "locID": "LOC000028833400",
    "tech": "HFC",
    "upgrade": "NULL_NA",
    "gnaf_pid": "GAVIC419602138",
    "ee": true
   }
  },
  {
   "type": "Feature",
   "geometry": {
    "type": "Point",
    "coordinates": [
     144.992016,
     -37.875101
    ]
   },
   "properties": {
    "name": "58 BRIGHTON ROAD RIPPONLEA 3185",
    "locID": "LOC000024349924",
    "tech": "HFC",
    "upgrade": "NULL_NA",
    "gnaf_pid": "GAVIC419602256",
    "ee": true
   }
  },
  {
   "type": "Feature",
   "geometry": {
    "type": "Point",
    "coordinates": [
     144.99293,
     -37.876604
    ]
   },
   "properties": {
    "name": "74 BRIGHTON ROAD RIPPONLEA 3185",
    "locID": "LOC000081243146",
    "tech": "HFC",
    "upgrade": "NULL_NA",
    "gnaf_pid": "GAVIC419602258",
    "ee": true
   }
  },
  {
   "type": "Feature",
   "geometry": {
    "type": "Point",
    "coordinates": [
     144.993803,
     -37.877952
    ]
   },
   "properties": {
    "name": "96 BRIGHTON ROAD RIPPONLEA 3185",
    "locID": "LOC000020146900",
    "tech": "HFC",
    "upgrade": "NULL_NA",
    "gnaf_pid": "GAVIC419602260",
    "ee": true
   }
  },
  {
   "type": "Feature",
   "geometry": {
    "type": "Point",
    "coordinates": [
     144.994445,
     -37.879018
    ]
   },
   "properties": {
    "name": "112 BRIGHTON ROAD RIPPONLEA 3185",
    "locID": "LOC000034743020",
    "tech": "HFC",
    "upgrade": "NULL_NA",
    "gnaf_pid": "GAVIC419602263",
    "ee": true
   }
  },
  {
   "type": "Feature",
   "geometry": {
    "type": "Point",
    "coordinates": [
     144.995372,
     -37.879205
    ]
   },
   "properties": {
    "name": "16 ERINDALE AVENUE RIPPONLEA 3185",
    "locID": "LOC000082153714",
    "tech": "HFC",
    "upgrade": "NULL_NA",
    "gnaf_pid": "GAVIC419602288",
    "ee": true
   }
  },
  {
   "type": "Feature",
   "geometry": {
    "type": "Point",
    "coordinates": [
     144.995411,
     -37.878619
    ]
   },
   "properties": {
    "name": "17 ERINDALE AVENUE RIPPONLEA 3185",
    "locID": "LOC000087900995",
    "tech": "HFC",
    "upgrade": "NULL_NA",
    "gnaf_pid": "GAVIC419602289",
    "ee": true
   }
  },
  {
   "type": "Feature",
   "geometry": {
    "type": "Point",
    "coordinates": [
     144.997112,
     -37.877927
    ]
   },
   "properties": {
    "name": "4 QUAT QUATTA AVENUE RIPPONLEA 3185",
    "locID": "LOC000012794790",
    "tech": "HFC",
    "upgrade": "NULL_NA",
    "gnaf_pid": "GAVIC419602317",
    "ee": true
   }
  },
  {
   "type": "Feature",
   "geometry": {
    "type": "Point",
    "coordinates": [
     144.996438,
     -37.877619
    ]
   },
   "properties": {
    "name": "11 QUAT QUATTA AVENUE RIPPONLEA 3185",
    "locID": "LOC000009289217",
    "tech": "HFC",
    "upgrade": "NULL_NA",
    "gnaf_pid": "GAVIC419602318",
    "ee": true
   }
  },
  {
   "type": "Feature",
   "geometry": {
    "type": "Point",
    "coordinates": [
     144.99562886,
     -37.87898411
    ]
   },
   "properties": {
    "name": "25 ERINDALE AVENUE RIPPONLEA 3185",
    "locID": "LOC000026835768",
    "tech": "HFC",
    "upgrade": "NULL_NA",
    "gnaf_pid": "GAVIC419605799",
    "ee": true
   }
  },
  {
   "type": "Feature",
   "geometry": {
    "type": "Point",
    "coordinates": [
     144.9956946,
     -37.87907534
    ]
   },
   "properties": {
    "name": "27 ERINDALE AVENUE RIPPONLEA 3185",
    "locID": "LOC000032593698",
    "tech": "HFC",
    "upgrade": "NULL_NA",
    "gnaf_pid": "GAVIC419605800",
    "ee": true
   }
  },
  {
   "type": "Feature",
   "geometry": {
    "type": "Point",
    "coordinates": [
     144.9969458,
     -37.8813385
    ]
   },
   "properties": {
    "name": "245 HOTHAM STREET RIPPONLEA 3185",
    "locID": "LOC000049094465",
    "tech": "HFC",
    "upgrade": "NULL_NA",
    "gnaf_pid": "GAVIC419605887",
    "ee": true
   }
  },
  {
   "type": "Feature",
   "geometry": {
    "type": "Point",
    "coordinates": [
     144.99551737,
     -37.87751195
    ]
   },
   "properties": {
    "name": "20 LYNDON STREET RIPPONLEA 3185",
    "locID": "LOC000007928462",
    "tech": "HFC",
    "upgrade": "NULL_NA",
    "gnaf_pid": "GAVIC419707403",
    "ee": true
   }
  },
  {
   "type": "Feature",
   "geometry": {
    "type": "Point",
    "coordinates": [
     144.9957943,
     -37.87791453
    ]
   },
   "properties": {
    "name": "24 LYNDON STREET RIPPONLEA 3185",
    "locID": "LOC000038826022",
    "tech": "HFC",
    "upgrade": "NULL_NA",
    "gnaf_pid": "GAVIC419707404",
    "ee": true
   }
  },
  {
   "type": "Feature",
   "geometry": {
    "type": "Point",
    "coordinates": [
     144.99374486,
     -37.87564105
    ]
   },
   "properties": {
    "name": "12 MARYVILLE STREET RIPPONLEA 3185",
    "locID": "LOC000020223952",
    "tech": "HFC",
    "upgrade": "NULL_NA",
    "gnaf_pid": "GAVIC419707406",
    "ee": true
   }
  },
  {
   "type": "Feature",
   "geometry": {
    "type": "Point",
    "coordinates": [
     144.99749897,
     -37.87668191
    ]
   },
   "properties": {
    "name": "75 GLEN EIRA ROAD RIPPONLEA 3185",
    "locID": "LOC000100386713",
    "tech": "HFC",
    "upgrade": "NULL_NA",
    "gnaf_pid": "GAVIC419826215",
    "ee": true
   }
  },
  {
   "type": "Feature",
   "geometry": {
    "type": "Point",
    "coordinates": [
     144.997147,
     -37.876639
    ]
   },
   "properties": {
    "name": "63 GLEN EIRA ROAD RIPPONLEA 3185",
    "locID": "LOC000047242130",
    "tech": "HFC",
    "upgrade": "NULL_NA",
    "gnaf_pid": "GAVIC419833348",
    "ee": true
   }
  },
  {
   "type": "Feature",
   "geometry": {
    "type": "Point",
    "coordinates": [
     144.99632287,
     -37.87686916
    ]
   },
   "properties": {
    "name": "54 GLEN EIRA ROAD RIPPONLEA 3185",
    "locID": "LOC000030057699",
    "tech": "HFC",
    "upgrade": "NULL_NA",
    "gnaf_pid": "GAVIC419835398",
    "ee": true
   }
  },
  {
   "type": "Feature",
   "geometry": {
    "type": "Point",
    "coordinates": [
     144.993534,
     -37.876542
    ]
   },
   "properties": {
    "name": "4 GLEN EIRA ROAD RIPPONLEA 3185",
    "locID": "LOC000049032762",
    "tech": "HFC",
    "upgrade": "NULL_NA",
    "gnaf_pid": "GAVIC419849814",
    "ee": true
   }
  },
  {
   "type": "Feature",
   "geometry": {
    "type": "Point",
    "coordinates": [
     144.995127,
     -37.878182
    ]
   },
   "properties": {
    "name": "5 ERINDALE AVENUE RIPPONLEA 3185",
    "locID": "LOC000030102145",
    "tech": "HFC",
    "upgrade": "NULL_NA",
    "gnaf_pid": "GAVIC419894292",
    "ee": true
   }
  },
  {
   "type": "Feature",
   "geometry": {
    "type": "Point",
    "coordinates": [
     144.995077,
     -37.878758
    ]
   },
   "properties": {
    "name": "10 ERINDALE AVENUE RIPPONLEA 3185",
    "locID": "LOC000079069158",
    "tech": "HFC",
    "upgrade": "NULL_NA",
    "gnaf_pid": "GAVIC419894293",
    "ee": true
   }
  },
  {
   "type": "Feature",
   "geometry": {
    "type": "Point",
    "coordinates": [
     144.995187,
     -37.878913
    ]
   },
   "properties": {
    "name": "12 ERINDALE AVENUE RIPPONLEA 3185",
    "locID": "LOC000090828447",
    "tech": "HFC",
    "upgrade": "NULL_NA",
    "gnaf_pid": "GAVIC419894294",
    "ee": true
   }
  },
  {
   "type": "Feature",
   "geometry": {
    "type": "Point",
    "coordinates": [
     144.995334,
     -37.878519
    ]
   },
   "properties": {
    "name": "15 ERINDALE AVENUE RIPPONLEA 3185",
    "locID": "LOC000016856367",
    "tech": "HFC",
    "upgrade": "NULL_NA",
    "gnaf_pid": "GAVIC419894295",
    "ee": true
   }
  },
  {
   "type": "Feature",
   "geometry": {
    "type": "Point",
    "coordinates": [
     144.996904,
     -37.881826
    ]
   },
   "properties": {
    "name": "253 HOTHAM STREET RIPPONLEA 3185",
    "locID": "LOC000066189851",
    "tech": "HFC",
    "upgrade": "NULL_NA",
    "gnaf_pid": "GAVIC419896791",
    "ee": true
   }
  },
  {
   "type": "Feature",
   "geometry": {
    "type": "Point",
    "coordinates": [
     144.996807,
     -37.877877
    ]
   },
   "properties": {
    "name": "6 QUAT QUATTA AVENUE RIPPONLEA 3185",
    "locID": "LOC000037719137",
    "tech": "HFC",
    "upgrade": "NULL_NA",
    "gnaf_pid": "GAVIC419898606",
    "ee": true
   }
  },
  {
   "type": "Feature",
   "geometry": {
    "type": "Point",
    "coordinates": [
     144.996843,
     -37.877373
    ]
   },
   "properties": {
    "name": "12 QUAT QUATTA AVENUE RIPPONLEA 3185",
    "locID": "LOC000022713849",
    "tech": "HFC",
    "upgrade": "NULL_NA",
    "gnaf_pid": "GAVIC419898607",
    "ee": true
   }
  },
  {
   "type": "Feature",
   "geometry": {
    "type": "Point",
    "coordinates": [
     144.99649,
     -37.877385
    ]
   },
   "properties": {
    "name": "15 QUAT QUATTA AVENUE RIPPONLEA 3185",
    "locID": "LOC000025246767",
    "tech": "HFC",
    "upgrade": "NULL_NA",
    "gnaf_pid": "GAVIC419898608",
    "ee": true
   }
  },
  {
   "type": "Feature",
   "geometry": {
    "type": "Point",
    "coordinates": [
     144.996465,
     -37.877484
    ]
   },
   "properties": {
    "name": "15A QUAT QUATTA AVENUE RIPPONLEA 3185",
    "locID": "LOC000025244711",
    "tech": "HFC",
    "upgrade": "NULL_NA",
    "gnaf_pid": "GAVIC419898609",
    "ee": true
   }
  },
  {
   "type": "Feature",
   "geometry": {
    "type": "Point",
    "coordinates": [
     144.99570879,
     -37.87964549
    ]
   },
   "properties": {
    "name": "5 HOTHAM GROVE RIPPONLEA 3185",
    "locID": "LOC000066857774",
    "tech": "HFC",
    "upgrade": "NULL_NA",
    "gnaf_pid": "GAVIC419902403",
    "ee": true
   }
  },
  {
   "type": "Feature",
   "geometry": {
    "type": "Point",
    "coordinates": [
     144.99666,
     -37.880335
    ]
   },
   "properties": {
    "name": "14 HOTHAM GROVE RIPPONLEA 3185",
    "locID": "LOC000046302079",
    "tech": "HFC",
    "upgrade": "NULL_NA",
    "gnaf_pid": "GAVIC419905077",
    "ee": true
   }
  },
  {
   "type": "Feature",
   "geometry": {
    "type": "Point",
    "coordinates": [
     144.99684115,
     -37.87979053
    ]
   },
   "properties": {
    "name": "23 HOTHAM GROVE RIPPONLEA 3185",
    "locID": "LOC000036180650",
    "tech": "HFC",
    "upgrade": "NULL_NA",
    "gnaf_pid": "GAVIC419905078",
    "ee": true
   }
  },
  {
   "type": "Feature",
   "geometry": {
    "type": "Point",
    "coordinates": [
     144.996806,
     -37.879986
    ]
   },
   "properties": {
    "name": "25 HOTHAM GROVE RIPPONLEA 3185",
    "locID": "LOC000085300676",
    "tech": "HFC",
    "upgrade": "NULL_NA",
    "gnaf_pid": "GAVIC419905079",
    "ee": true
   }
  },
  {
   "type": "Feature",
   "geometry": {
    "type": "Point",
    "coordinates": [
     144.992832,
     -37.876449
    ]
   },
   "properties": {
    "name": "72 BRIGHTON ROAD RIPPONLEA 3185",
    "locID": "LOC000066552861",
    "tech": "HFC",
    "upgrade": "NULL_NA",
    "gnaf_pid": "GAVIC419905393",
    "ee": true
   }
  },
  {
   "type": "Feature",
   "geometry": {
    "type": "Point",
    "coordinates": [
     144.99523,
     -37.880256
    ]
   },
   "properties": {
    "name": "130 BRIGHTON ROAD RIPPONLEA 3185",
    "locID": "LOC000059168107",
    "tech": "HFC",
    "upgrade": "NULL_NA",
    "gnaf_pid": "GAVIC419905398",
    "ee": true
   }
  },
  {
   "type": "Feature",
   "geometry": {
    "type": "Point",
    "coordinates": [
     144.996235,
     -37.878823
    ]
   },
   "properties": {
    "name": "40 LYNDON STREET RIPPONLEA 3185",
    "locID": "LOC000045332843",
    "tech": "HFC",
    "upgrade": "NULL_NA",
    "gnaf_pid": "GAVIC419911662",
    "ee": true
   }
  },
  {
   "type": "Feature",
   "geometry": {
    "type": "Point",
    "coordinates": [
     144.992223,
     -37.875438
    ]
   },
   "properties": {
    "name": "60 BRIGHTON ROAD RIPPONLEA 3185",
    "locID": "LOC000065773866",
    "tech": "HFC",
    "upgrade": "NULL_NA",
    "gnaf_pid": "GAVIC419912546",
    "ee": true
   }
  },
  {
   "type": "Feature",
   "geometry": {
    "type": "Point",
    "coordinates": [
     144.995469,
     -37.879404
    ]
   },
   "properties": {
    "name": "3 BELL STREET RIPPONLEA 3185",
    "locID": "LOC000068232617",
    "tech": "HFC",
    "upgrade": "NULL_NA",
    "gnaf_pid": "GAVIC419915317",
    "ee": true
   }
  },
  {
   "type": "Feature",
   "geometry": {
    "type": "Point",
    "coordinates": [
     144.997433,
     -37.875743
    ]
   },
   "properties": {
    "name": "6 OAK GROVE RIPPONLEA 3185",
    "locID": "LOC000079315046",
    "tech": "HFC",
    "upgrade": "NULL_NA",
    "gnaf_pid": "GAVIC419917106",
    "ee": true
   }
  },
  {
   "type": "Feature",
   "geometry": {
    "type": "Point",
    "coordinates": [
     144.997342,
     -37.875733
    ]
   },
   "properties": {
    "name": "8 OAK GROVE RIPPONLEA 3185",
    "locID": "LOC000025987096",
    "tech": "HFC",
    "upgrade": "NULL_NA",
    "gnaf_pid": "GAVIC419917107",
    "ee": true
   }
  },
  {
   "type": "Feature",
   "geometry": {
    "type": "Point",
    "coordinates": [
     144.99662879,
     -37.87564878
    ]
   },
   "properties": {
    "name": "24 OAK GROVE RIPPONLEA 3185",
    "locID": "LOC000021047475",
    "tech": "HFC",
    "upgrade": "NULL_NA",
    "gnaf_pid": "GAVIC419917108",
    "ee": true
   }
  },
  {
   "type": "Feature",
   "geometry": {
    "type": "Point",
    "coordinates": [
     144.995699,
     -37.875551
    ]
   },
   "properties": {
    "name": "36 OAK GROVE RIPPONLEA 3185",
    "locID": "LOC000063348025",
    "tech": "HFC",
    "upgrade": "NULL_NA",
    "gnaf_pid": "GAVIC419917109",
    "ee": true
   }
  },
  {
   "type": "Feature",
   "geometry": {
    "type": "Point",
    "coordinates": [
     144.993285,
     -37.875249
    ]
   },
   "properties": {
    "name": "11 MARYVILLE STREET RIPPONLEA 3185",
    "locID": "LOC000056386781",
    "tech": "HFC",
    "upgrade": "NULL_NA",
    "gnaf_pid": "GAVIC419917188",
    "ee": true
   }
  },
  {
   "type": "Feature",
   "geometry": {
    "type": "Point",
    "coordinates": [
     144.994373,
     -37.875385
    ]
   },
   "properties": {
    "name": "23 MARYVILLE STREET RIPPONLEA 3185",
    "locID": "LOC000046355004",
    "tech": "HFC",
    "upgrade": "NULL_NA",
    "gnaf_pid": "GAVIC419917189",
    "ee": true
   }
  },
  {
   "type": "Feature",
   "geometry": {
    "type": "Point",
    "coordinates": [
     144.993101,
     -37.876156
    ]
   },
   "properties": {
    "name": "1 GLEN EIRA ROAD RIPPONLEA 3185",
    "locID": "LOC000006200597",
    "tech": "HFC",
    "upgrade": "NULL_NA",
    "gnaf_pid": "GAVIC419918007",
    "ee": true
   }
  },
  {
   "type": "Feature",
   "geometry": {
    "type": "Point",
    "coordinates": [
     144.99579736,
     -37.87648284
    ]
   },
   "properties": {
    "name": "15 GLEN EIRA ROAD RIPPONLEA 3185",
    "locID": "LOC000014356792",
    "tech": "HFC",
    "upgrade": "NULL_NA",
    "gnaf_pid": "GAVIC419918847",
    "ee": true
   }
  },
  {
   "type": "Feature",
   "geometry": {
    "type": "Point",
    "coordinates": [
     144.994928,
     -37.87671
    ]
   },
   "properties": {
    "name": "18 GLEN EIRA ROAD RIPPONLEA 3185",
    "locID": "LOC000022690412",
    "tech": "HFC",
    "upgrade": "NULL_NA",
    "gnaf_pid": "GAVIC419918848",
    "ee": true
   }
  },
  {
   "type": "Feature",
   "geometry": {
    "type": "Point",
    "coordinates": [
     144.996036,
     -37.876512
    ]
   },
   "properties": {
    "name": "23 GLEN EIRA ROAD RIPPONLEA 3185",
    "locID": "LOC000057784293",
    "tech": "HFC",
    "upgrade": "NULL_NA",
    "gnaf_pid": "GAVIC419918849",
    "ee": true
   }
  },
  {
   "type": "Feature",
   "geometry": {
    "type": "Point",
    "coordinates": [
     144.997249,
     -37.87665
    ]
   },
   "properties": {
    "name": "67 GLEN EIRA ROAD RIPPONLEA 3185",
    "locID": "LOC000032821786",
    "tech": "HFC",
    "upgrade": "NULL_NA",
    "gnaf_pid": "GAVIC419918851",
    "ee": true
   }
  },
  {
   "type": "Feature",
   "geometry": {
    "type": "Point",
    "coordinates": [
     144.99754438,
     -37.87573398
    ]
   },
   "properties": {
    "name": "2 OAK GROVE RIPPONLEA 3185",
    "locID": "LOC000115041590",
    "tech": "HFC",
    "upgrade": "NULL_NA",
    "gnaf_pid": "GAVIC420031710",
    "ee": true
   }
  },
  {
   "type": "Feature",
   "geometry": {
    "type": "Point",
    "coordinates": [
     144.99639333,
     -37.87558825
    ]
   },
   "properties": {
    "name": "28 OAK GROVE RIPPONLEA 3185",
    "locID": "LOC000003564937",
    "tech": "HFC",
    "upgrade": "NULL_NA",
    "gnaf_pid": "GAVIC420047317",
    "ee": true
   }
  },
  {
   "type": "Feature",
   "geometry": {
    "type": "Point",
    "coordinates": [
     144.99661615,
     -37.88241979
    ]
   },
   "properties": {
    "name": "178 BRIGHTON ROAD RIPPONLEA 3185",
    "locID": "LOC000064984226",
    "tech": "HFC",
    "upgrade": "NULL_NA",
    "gnaf_pid": "GAVIC420131880",
    "ee": true
   }
  },
  {
   "type": "Feature",
   "geometry": {
    "type": "Point",
    "coordinates": [
     144.99632287,
     -37.87686916
    ]
   },
   "properties": {
    "name": "48 GLEN EIRA ROAD RIPPONLEA 3185",
    "locID": "LOC000020226972",
    "tech": "HFC",
    "upgrade": "NULL_NA",
    "gnaf_pid": "GAVIC420149819",
    "ee": true
   }
  },
  {
   "type": "Feature",
   "geometry": {
    "type": "Point",
    "coordinates": [
     144.996921,
     -37.876609
    ]
   },
   "properties": {
    "name": "55 GLEN EIRA ROAD RIPPONLEA 3185",
    "locID": "LOC000108345568",
    "tech": "HFC",
    "upgrade": "NULL_NA",
    "gnaf_pid": "GAVIC420160015",
    "ee": true
   }
  },
  {
   "type": "Feature",
   "geometry": {
    "type": "Point",
    "coordinates": [
     144.9948173,
     -37.87669321
    ]
   },
   "properties": {
    "name": "16 GLEN EIRA ROAD RIPPONLEA 3185",
    "locID": "LOC000158129475",
    "tech": "HFC",
    "upgrade": "NULL_NA",
    "gnaf_pid": "GAVIC420187669",
    "ee": true
   }
  },
  {
   "type": "Feature",
   "geometry": {
    "type": "Point",
    "coordinates": [
     144.995836,
     -37.876779
    ]
   },
   "properties": {
    "name": "32 GLEN EIRA ROAD RIPPONLEA 3185",
    "locID": "LOC000081053883",
    "tech": "HFC",
    "upgrade": "NULL_NA",
    "gnaf_pid": "GAVIC420187671",
    "ee": true
   }
  },
  {
   "type": "Feature",
   "geometry": {
    "type": "Point",
    "coordinates": [
     144.99632287,
     -37.87686916
    ]
   },
   "properties": {
    "name": "52 GLEN EIRA ROAD RIPPONLEA 3185",
    "locID": "LOC000105758273",
    "tech": "HFC",
    "upgrade": "NULL_NA",
    "gnaf_pid": "GAVIC420187675",
    "ee": true
   }
  },
  {
   "type": "Feature",
   "geometry": {
    "type": "Point",
    "coordinates": [
     144.996977,
     -37.876618
    ]
   },
   "properties": {
    "name": "57 GLEN EIRA ROAD RIPPONLEA 3185",
    "locID": "LOC000097123544",
    "tech": "HFC",
    "upgrade": "NULL_NA",
    "gnaf_pid": "GAVIC420191140",
    "ee": true
   }
  },
  {
   "type": "Feature",
   "geometry": {
    "type": "Point",
    "coordinates": [
     144.99780764,
     -37.87703861
    ]
   },
   "properties": {
    "name": "84A GLEN EIRA ROAD RIPPONLEA 3185",
    "locID": "LOC000051849449",
    "tech": "HFC",
    "upgrade": "NULL_NA",
    "gnaf_pid": "GAVIC420196603",
    "ee": true
   }
  },
  {
   "type": "Feature",
   "geometry": {
    "type": "Point",
    "coordinates": [
     144.993367,
     -37.877262
    ]
   },
   "properties": {
    "name": "84 BRIGHTON ROAD RIPPONLEA 3185",
    "locID": "LOC000078190849",
    "tech": "HFC",
    "upgrade": "NULL_NA",
    "gnaf_pid": "GAVIC420199427",
    "ee": true
   }
  },
  {
   "type": "Feature",
   "geometry": {
    "type": "Point",
    "coordinates": [
     144.993705,
     -37.877806
    ]
   },
   "properties": {
    "name": "94 BRIGHTON ROAD RIPPONLEA 3185",
    "locID": "LOC000095023485",
    "tech": "HFC",
    "upgrade": "NULL_NA",
    "gnaf_pid": "GAVIC420199428",
    "ee": true
   }
  },
  {
   "type": "Feature",
   "geometry": {
    "type": "Point",
    "coordinates": [
     144.995176,
     -37.880156
    ]
   },
   "properties": {
    "name": "128 BRIGHTON ROAD RIPPONLEA 3185",
    "locID": "LOC000070564498",
    "tech": "HFC",
    "upgrade": "NULL_NA",
    "gnaf_pid": "GAVIC420199432",
    "ee": true
   }
  },
  {
   "type": "Feature",
   "geometry": {
    "type": "Point",
    "coordinates": [
     144.997337,
     -37.879274
    ]
   },
   "properties": {
    "name": "219A HOTHAM STREET RIPPONLEA 3185",
    "locID": "LOC000107492235",
    "tech": "HFC",
    "upgrade": "NULL_NA",
    "gnaf_pid": "GAVIC420204723",
    "ee": true
   }
  },
  {
   "type": "Feature",
   "geometry": {
    "type": "Point",
    "coordinates": [
     144.997007,
     -37.880972
    ]
   },
   "properties": {
    "name": "235 HOTHAM STREET RIPPONLEA 3185",
    "locID": "LOC000109179505",
    "tech": "HFC",
    "upgrade": "NULL_NA",
    "gnaf_pid": "GAVIC420204724",
    "ee": true
   }
  },
  {
   "type": "Feature",
   "geometry": {
    "type": "Point",
    "coordinates": [
     144.996399,
     -37.877816
    ]
   },
   "properties": {
    "name": "9 QUAT QUATTA AVENUE RIPPONLEA 3185",
    "locID": "LOC000107687945",
    "tech": "HFC",
    "upgrade": "NULL_NA",
    "gnaf_pid": "GAVIC420209780",
    "ee": true
   }
  },
  {
   "type": "Feature",
   "geometry": {
    "type": "Point",
    "coordinates": [
     144.99687,
     -37.877229
    ]
   },
   "properties": {
    "name": "14 QUAT QUATTA AVENUE RIPPONLEA 3185",
    "locID": "LOC000073848839",
    "tech": "HFC",
    "upgrade": "NULL_NA",
    "gnaf_pid": "GAVIC420209782",
    "ee": true
   }
  },
  {
   "type": "Feature",
   "geometry": {
    "type": "Point",
    "coordinates": [
     144.991824,
     -37.874473
    ]
   },
   "properties": {
    "name": "1 LOS ANGELES COURT RIPPONLEA 3185",
    "locID": "LOC000018525841",
    "tech": "HFC",
    "upgrade": "NULL_NA",
    "gnaf_pid": "GAVIC420210807",
    "ee": true
   }
  },
  {
   "type": "Feature",
   "geometry": {
    "type": "Point",
    "coordinates": [
     144.992985,
     -37.874586
    ]
   },
   "properties": {
    "name": "11 LOS ANGELES COURT RIPPONLEA 3185",
    "locID": "LOC000100238393",
    "tech": "HFC",
    "upgrade": "NULL_NA",
    "gnaf_pid": "GAVIC420210808",
    "ee": true
   }
  },
  {
   "type": "Feature",
   "geometry": {
    "type": "Point",
    "coordinates": [
     144.99504,
     -37.878045
    ]
   },
   "properties": {
    "name": "1 ERINDALE AVENUE RIPPONLEA 3185",
    "locID": "LOC000093024885",
    "tech": "HFC",
    "upgrade": "NULL_NA",
    "gnaf_pid": "GAVIC420211687",
    "ee": true
   }
  },
  {
   "type": "Feature",
   "geometry": {
    "type": "Point",
    "coordinates": [
     144.995781,
     -37.879212
    ]
   },
   "properties": {
    "name": "31 ERINDALE AVENUE RIPPONLEA 3185",
    "locID": "LOC000098492937",
    "tech": "HFC",
    "upgrade": "NULL_NA",
    "gnaf_pid": "GAVIC420211688",
    "ee": true
   }
  },
  {
   "type": "Feature",
   "geometry": {
    "type": "Point",
    "coordinates": [
     144.996934,
     -37.87569
    ]
   },
   "properties": {
    "name": "18 OAK GROVE RIPPONLEA 3185",
    "locID": "LOC000008880358",
    "tech": "HFC",
    "upgrade": "NULL_NA",
    "gnaf_pid": "GAVIC420215250",
    "ee": true
   }
  },
  {
   "type": "Feature",
   "geometry": {
    "type": "Point",
    "coordinates": [
     144.996832,
     -37.875679
    ]
   },
   "properties": {
    "name": "20 OAK GROVE RIPPONLEA 3185",
    "locID": "LOC000079371926",
    "tech": "HFC",
    "upgrade": "NULL_NA",
    "gnaf_pid": "GAVIC420215251",
    "ee": true
   }
  },
  {
   "type": "Feature",
   "geometry": {
    "type": "Point",
    "coordinates": [
     144.99235093,
     -37.87514521
    ]
   },
   "properties": {
    "name": "1 MARYVILLE STREET RIPPONLEA 3185",
    "locID": "LOC000061600909",
    "tech": "HFC",
    "upgrade": "NULL_NA",
    "gnaf_pid": "GAVIC420216216",
    "ee": true
   }
  },
  {
   "type": "Feature",
   "geometry": {
    "type": "Point",
    "coordinates": [
     144.994033,
     -37.875343
    ]
   },
   "properties": {
    "name": "19 MARYVILLE STREET RIPPONLEA 3185",
    "locID": "LOC000099222579",
    "tech": "HFC",
    "upgrade": "NULL_NA",
    "gnaf_pid": "GAVIC420216217",
    "ee": true
   }
  },
  {
   "type": "Feature",
   "geometry": {
    "type": "Point",
    "coordinates": [
     144.995974,
     -37.879665
    ]
   },
   "properties": {
    "name": "9 HOTHAM GROVE RIPPONLEA 3185",
    "locID": "LOC000094824500",
    "tech": "HFC",
    "upgrade": "NULL_NA",
    "gnaf_pid": "GAVIC420216814",
    "ee": true
   }
  },
  {
   "type": "Feature",
   "geometry": {
    "type": "Point",
    "coordinates": [
     144.996143,
     -37.879695
    ]
   },
   "properties": {
    "name": "11 HOTHAM GROVE RIPPONLEA 3185",
    "locID": "LOC000033420620",
    "tech": "HFC",
    "upgrade": "NULL_NA",
    "gnaf_pid": "GAVIC420216815",
    "ee": true
   }
  },
  {
   "type": "Feature",
   "geometry": {
    "type": "Point",
    "coordinates": [
     144.996805,
     -37.880049
    ]
   },
   "properties": {
    "name": "27 HOTHAM GROVE RIPPONLEA 3185",
    "locID": "LOC000102990163",
    "tech": "HFC",
    "upgrade": "NULL_NA",
    "gnaf_pid": "GAVIC420216816",
    "ee": true
   }
  },
  {
   "type": "Feature",
   "geometry": {
    "type": "Point",
    "coordinates": [
     144.993416,
     -37.874629
    ]
   },
   "properties": {
    "name": "15 LOS ANGELES COURT RIPPONLEA 3185",
    "locID": "LOC000094797545",
    "tech": "HFC",
    "upgrade": "NULL_NA",
    "gnaf_pid": "GAVIC420221317",
    "ee": true
   }
  },
  {
   "type": "Feature",
   "geometry": {
    "type": "Point",
    "coordinates": [
     144.995944,
     -37.878232
    ]
   },
   "properties": {
    "name": "30 LYNDON STREET RIPPONLEA 3185",
    "locID": "LOC000028464476",
    "tech": "HFC",
    "upgrade": "NULL_NA",
    "gnaf_pid": "GAVIC420221318",
    "ee": true
   }
  },
  {
   "type": "Feature",
   "geometry": {
    "type": "Point",
    "coordinates": [
     144.994303,
     -37.875014
    ]
   },
   "properties": {
    "name": "22 MONKSTADT AVENUE RIPPONLEA 3185",
    "locID": "LOC000017658067",
    "tech": "HFC",
    "upgrade": "NULL_NA",
    "gnaf_pid": "GAVIC420227111",
    "ee": true
   }
  },
  {
   "type": "Feature",
   "geometry": {
    "type": "Point",
    "coordinates": [
     144.9943756,
     -37.87740373
    ]
   },
   "properties": {
    "name": "8 VICTORIA AVENUE RIPPONLEA 3185",
    "locID": "LOC000035968513",
    "tech": "HFC",
    "upgrade": "NULL_NA",
    "gnaf_pid": "GAVIC420230645",
    "ee": true
   }
  },
  {
   "type": "Feature",
   "geometry": {
    "type": "Point",
    "coordinates": [
     144.994151,
     -37.878535
    ]
   },
   "properties": {
    "name": "102 BRIGHTON ROAD RIPPONLEA 3185",
    "locID": "LOC000008066694",
    "tech": "HFC",
    "upgrade": "NULL_NA",
    "gnaf_pid": "GAVIC420306781",
    "ee": true
   }
  },
  {
   "type": "Feature",
   "geometry": {
    "type": "Point",
    "coordinates": [
     144.99665337,
     -37.87600065
    ]
   },
   "properties": {
    "name": "15 OAK GROVE RIPPONLEA 3185",
    "locID": "LOC000073375080",
    "tech": "HFC",
    "upgrade": "NULL_NA",
    "gnaf_pid": "GAVIC420308044",
    "ee": true
   }
  },
  {
   "type": "Feature",
   "geometry": {
    "type": "Point",
    "coordinates": [
     144.99645258,
     -37.87924007
    ]
   },
   "properties": {
    "name": "UNIT 1, 48 LYNDON STREET RIPPONLEA 3185",
    "locID": "LOC000101893833",
    "tech": "HFC",
    "upgrade": "NULL_NA",
    "gnaf_pid": "GAVIC420355940",
    "ee": true
   }
  },
  {
   "type": "Feature",
   "geometry": {
    "type": "Point",
    "coordinates": [
     144.996449,
     -37.879346
    ]
   },
   "properties": {
    "name": "UNIT 2, 48 LYNDON STREET RIPPONLEA 3185",
    "locID": "LOC000102154857",
    "tech": "HFC",
    "upgrade": "NULL_NA",
    "gnaf_pid": "GAVIC420355941",
    "ee": true
   }
  },
  {
   "type": "Feature",
   "geometry": {
    "type": "Point",
    "coordinates": [
     144.996762,
     -37.876597
    ]
   },
   "properties": {
    "name": "49 GLEN EIRA ROAD RIPPONLEA 3185",
    "locID": "LOC000046265506",
    "tech": "HFC",
    "upgrade": "NULL_NA",
    "gnaf_pid": "GAVIC420439944",
    "ee": true
   }
  },
  {
   "type": "Feature",
   "geometry": {
    "type": "Point",
    "coordinates": [
     144.994031,
     -37.876253
    ]
   },
   "properties": {
    "name": "9 GLEN EIRA ROAD RIPPONLEA 3185",
    "locID": "LOC000039639086",
    "tech": "HFC",
    "upgrade": "NULL_NA",
    "gnaf_pid": "GAVIC420444314",
    "ee": true
   }
  },
  {
   "type": "Feature",
   "geometry": {
    "type": "Point",
    "coordinates": [
     144.997659,
     -37.877036
    ]
   },
   "properties": {
    "name": "80 GLEN EIRA ROAD RIPPONLEA 3185",
    "locID": "LOC000099532185",
    "tech": "HFC",
    "upgrade": "NULL_NA",
    "gnaf_pid": "GAVIC420445949",
    "ee": true
   }
  },
  {
   "type": "Feature",
   "geometry": {
    "type": "Point",
    "coordinates": [
     144.99709,
     -37.876638
    ]
   },
   "properties": {
    "name": "61 GLEN EIRA ROAD RIPPONLEA 3185",
    "locID": "LOC000015581911",
    "tech": "HFC",
    "upgrade": "NULL_NA",
    "gnaf_pid": "GAVIC420450676",
    "ee": true
   }
  },
  {
   "type": "Feature",
   "geometry": {
    "type": "Point",
    "coordinates": [
     144.992271,
     -37.874502
    ]
   },
   "properties": {
    "name": "5 LOS ANGELES COURT RIPPONLEA 3185",
    "locID": "LOC000104610948",
    "tech": "HFC",
    "upgrade": "NULL_NA",
    "gnaf_pid": "GAVIC420493956",
    "ee": true
   }
  },
  {
   "type": "Feature",
   "geometry": {
    "type": "Point",
    "coordinates": [
     144.99335,
     -37.874944
    ]
   },
   "properties": {
    "name": "12 LOS ANGELES COURT RIPPONLEA 3185",
    "locID": "LOC000008900566",
    "tech": "HFC",
    "upgrade": "NULL_NA",
    "gnaf_pid": "GAVIC420493957",
    "ee": true
   }
  },
  {
   "type": "Feature",
   "geometry": {
    "type": "Point",
    "coordinates": [
     144.99529157,
     -37.87716701
    ]
   },
   "properties": {
    "name": "18 LYNDON STREET RIPPONLEA 3185",
    "locID": "LOC000005341130",
    "tech": "HFC",
    "upgrade": "NULL_NA",
    "gnaf_pid": "GAVIC420493959",
    "ee": true
   }
  },
  {
   "type": "Feature",
   "geometry": {
    "type": "Point",
    "coordinates": [
     144.996139,
     -37.878605
    ]
   },
   "properties": {
    "name": "36 LYNDON STREET RIPPONLEA 3185",
    "locID": "LOC000042423720",
    "tech": "HFC",
    "upgrade": "NULL_NA",
    "gnaf_pid": "GAVIC420493960",
    "ee": true
   }
  },
  {
   "type": "Feature",
   "geometry": {
    "type": "Point",
    "coordinates": [
     144.996279,
     -37.878887
    ]
   },
   "properties": {
    "name": "42 LYNDON STREET RIPPONLEA 3185",
    "locID": "LOC000032133471",
    "tech": "HFC",
    "upgrade": "NULL_NA",
    "gnaf_pid": "GAVIC420493961",
    "ee": true
   }
  },
  {
   "type": "Feature",
   "geometry": {
    "type": "Point",
    "coordinates": [
     144.994302,
     -37.877988
    ]
   },
   "properties": {
    "name": "1 FULLER ROAD RIPPONLEA 3185",
    "locID": "LOC000057948360",
    "tech": "HFC",
    "upgrade": "NULL_NA",
    "gnaf_pid": "GAVIC420494368",
    "ee": true
   }
  },
  {
   "type": "Feature",
   "geometry": {
    "type": "Point",
    "coordinates": [
     144.994451,
     -37.877945
    ]
   },
   "properties": {
    "name": "3 FULLER ROAD RIPPONLEA 3185",
    "locID": "LOC000057633661",
    "tech": "HFC",
    "upgrade": "NULL_NA",
    "gnaf_pid": "GAVIC420494369",
    "ee": true
   }
  },
  {
   "type": "Feature",
   "geometry": {
    "type": "Point",
    "coordinates": [
     144.994704,
     -37.877841
    ]
   },
   "properties": {
    "name": "7 FULLER ROAD RIPPONLEA 3185",
    "locID": "LOC000026831133",
    "tech": "HFC",
    "upgrade": "NULL_NA",
    "gnaf_pid": "GAVIC420494370",
    "ee": true
   }
  },
  {
   "type": "Feature",
   "geometry": {
    "type": "Point",
    "coordinates": [
     144.993678,
     -37.874607
    ]
   },
   "properties": {
    "name": "17 MONKSTADT AVENUE RIPPONLEA 3185",
    "locID": "LOC000085164244",
    "tech": "HFC",
    "upgrade": "NULL_NA",
    "gnaf_pid": "GAVIC420494985",
    "ee": true
   }
  },
  {
   "type": "Feature",
   "geometry": {
    "type": "Point",
    "coordinates": [
     144.997263,
     -37.875731
    ]
   },
   "properties": {
    "name": "10 OAK GROVE RIPPONLEA 3185",
    "locID": "LOC000011240731",
    "tech": "HFC",
    "upgrade": "NULL_NA",
    "gnaf_pid": "GAVIC420497539",
    "ee": true
   }
  },
  {
   "type": "Feature",
   "geometry": {
    "type": "Point",
    "coordinates": [
     144.997195,
     -37.875721
    ]
   },
   "properties": {
    "name": "12 OAK GROVE RIPPONLEA 3185",
    "locID": "LOC000090828195",
    "tech": "HFC",
    "upgrade": "NULL_NA",
    "gnaf_pid": "GAVIC420497540",
    "ee": true
   }
  },
  {
   "type": "Feature",
   "geometry": {
    "type": "Point",
    "coordinates": [
     144.995522,
     -37.879964
    ]
   },
   "properties": {
    "name": "2A HOTHAM GROVE RIPPONLEA 3185",
    "locID": "LOC000096121292",
    "tech": "HFC",
    "upgrade": "NULL_NA",
    "gnaf_pid": "GAVIC420498278",
    "ee": true
   }
  },
  {
   "type": "Feature",
   "geometry": {
    "type": "Point",
    "coordinates": [
     144.997854,
     -37.87657
    ]
   },
   "properties": {
    "name": "181 HOTHAM STREET RIPPONLEA 3185",
    "locID": "LOC000054266245",
    "tech": "HFC",
    "upgrade": "NULL_NA",
    "gnaf_pid": "GAVIC420501113",
    "ee": true
   }
  },
  {
   "type": "Feature",
   "geometry": {
    "type": "Point",
    "coordinates": [
     144.99770643,
     -37.87738143
    ]
   },
   "properties": {
    "name": "185 HOTHAM STREET RIPPONLEA 3185",
    "locID": "LOC000151835161",
    "tech": "HFC",
    "upgrade": "NULL_NA",
    "gnaf_pid": "GAVIC420501114",
    "ee": true
   }
  },
  {
   "type": "Feature",
   "geometry": {
    "type": "Point",
    "coordinates": [
     144.99768952,
     -37.87747017
    ]
   },
   "properties": {
    "name": "187 HOTHAM STREET RIPPONLEA 3185",
    "locID": "LOC000048591458",
    "tech": "HFC",
    "upgrade": "NULL_NA",
    "gnaf_pid": "GAVIC420501115",
    "ee": true
   }
  },
  {
   "type": "Feature",
   "geometry": {
    "type": "Point",
    "coordinates": [
     144.997643,
     -37.87763
    ]
   },
   "properties": {
    "name": "191 HOTHAM STREET RIPPONLEA 3185",
    "locID": "LOC000071592894",
    "tech": "HFC",
    "upgrade": "NULL_NA",
    "gnaf_pid": "GAVIC420501116",
    "ee": true
   }
  },
  {
   "type": "Feature",
   "geometry": {
    "type": "Point",
    "coordinates": [
     144.997364,
     -37.879139
    ]
   },
   "properties": {
    "name": "217 HOTHAM STREET RIPPONLEA 3185",
    "locID": "LOC000094182881",
    "tech": "HFC",
    "upgrade": "NULL_NA",
    "gnaf_pid": "GAVIC420501117",
    "ee": true
   }
  },
  {
   "type": "Feature",
   "geometry": {
    "type": "Point",
    "coordinates": [
     144.996994,
     -37.881035
    ]
   },
   "properties": {
    "name": "237 HOTHAM STREET RIPPONLEA 3185",
    "locID": "LOC000030065666",
    "tech": "HFC",
    "upgrade": "NULL_NA",
    "gnaf_pid": "GAVIC420501118",
    "ee": true
   }
  },
  {
   "type": "Feature",
   "geometry": {
    "type": "Point",
    "coordinates": [
     144.995502,
     -37.87945
    ]
   },
   "properties": {
    "name": "5 BELL STREET RIPPONLEA 3185",
    "locID": "LOC000075438297",
    "tech": "HFC",
    "upgrade": "NULL_NA",
    "gnaf_pid": "GAVIC420504797",
    "ee": true
   }
  },
  {
   "type": "Feature",
   "geometry": {
    "type": "Point",
    "coordinates": [
     144.996265,
     -37.880653
    ]
   },
   "properties": {
    "name": "17 BELL STREET RIPPONLEA 3185",
    "locID": "LOC000063695123",
    "tech": "HFC",
    "upgrade": "NULL_NA",
    "gnaf_pid": "GAVIC420504798",
    "ee": true
   }
  },
  {
   "type": "Feature",
   "geometry": {
    "type": "Point",
    "coordinates": [
     144.996805,
     -37.877526
    ]
   },
   "properties": {
    "name": "10 QUAT QUATTA AVENUE RIPPONLEA 3185",
    "locID": "LOC000079495274",
    "tech": "HFC",
    "upgrade": "NULL_NA",
    "gnaf_pid": "GAVIC420507327",
    "ee": true
   }
  },
  {
   "type": "Feature",
   "geometry": {
    "type": "Point",
    "coordinates": [
     144.994532,
     -37.875405
    ]
   },
   "properties": {
    "name": "25 MARYVILLE STREET RIPPONLEA 3185",
    "locID": "LOC000051143045",
    "tech": "HFC",
    "upgrade": "NULL_NA",
    "gnaf_pid": "GAVIC420511212",
    "ee": true
   }
  },
  {
   "type": "Feature",
   "geometry": {
    "type": "Point",
    "coordinates": [
     144.993038,
     -37.875551
    ]
   },
   "properties": {
    "name": "6 MARYVILLE STREET RIPPONLEA 3185",
    "locID": "LOC000033769509",
    "tech": "HFC",
    "upgrade": "NULL_NA",
    "gnaf_pid": "GAVIC420514052",
    "ee": true
   }
  },
  {
   "type": "Feature",
   "geometry": {
    "type": "Point",
    "coordinates": [
     144.99307,
     -37.875209
    ]
   },
   "properties": {
    "name": "9 MARYVILLE STREET RIPPONLEA 3185",
    "locID": "LOC000010277025",
    "tech": "HFC",
    "upgrade": "NULL_NA",
    "gnaf_pid": "GAVIC420514054",
    "ee": true
   }
  },
  {
   "type": "Feature",
   "geometry": {
    "type": "Point",
    "coordinates": [
     144.993939,
     -37.874638
    ]
   },
   "properties": {
    "name": "19 MONKSTADT AVENUE RIPPONLEA 3185",
    "locID": "LOC000071746272",
    "tech": "HFC",
    "upgrade": "NULL_NA",
    "gnaf_pid": "GAVIC420514799",
    "ee": true
   }
  },
  {
   "type": "Feature",
   "geometry": {
    "type": "Point",
    "coordinates": [
     144.992995,
     -37.876722
    ]
   },
   "properties": {
    "name": "76 BRIGHTON ROAD RIPPONLEA 3185",
    "locID": "LOC000029747731",
    "tech": "HFC",
    "upgrade": "NULL_NA",
    "gnaf_pid": "GAVIC420519535",
    "ee": true
   }
  },
  {
   "type": "Feature",
   "geometry": {
    "type": "Point",
    "coordinates": [
     144.996353,
     -37.882042
    ]
   },
   "properties": {
    "name": "168 BRIGHTON ROAD RIPPONLEA 3185",
    "locID": "LOC000034308107",
    "tech": "HFC",
    "upgrade": "NULL_NA",
    "gnaf_pid": "GAVIC420519543",
    "ee": true
   }
  },
  {
   "type": "Feature",
   "geometry": {
    "type": "Point",
    "coordinates": [
     144.996427,
     -37.88212285
    ]
   },
   "properties": {
    "name": "170 BRIGHTON ROAD RIPPONLEA 3185",
    "locID": "LOC000092888284",
    "tech": "HFC",
    "upgrade": "NULL_NA",
    "gnaf_pid": "GAVIC420519544",
    "ee": true
   }
  },
  {
   "type": "Feature",
   "geometry": {
    "type": "Point",
    "coordinates": [
     144.996506,
     -37.882279
    ]
   },
   "properties": {
    "name": "174 BRIGHTON ROAD RIPPONLEA 3185",
    "locID": "LOC000048895222",
    "tech": "HFC",
    "upgrade": "NULL_NA",
    "gnaf_pid": "GAVIC420519545",
    "ee": true
   }
  },
  {
   "type": "Feature",
   "geometry": {
    "type": "Point",
    "coordinates": [
     144.99598,
     -37.876511
    ]
   },
   "properties": {
    "name": "21 GLEN EIRA ROAD RIPPONLEA 3185",
    "locID": "LOC000015119564",
    "tech": "HFC",
    "upgrade": "NULL_NA",
    "gnaf_pid": "GAVIC420520445",
    "ee": true
   }
  },
  {
   "type": "Feature",
   "geometry": {
    "type": "Point",
    "coordinates": [
     144.99637712,
     -37.87654566
    ]
   },
   "properties": {
    "name": "35 GLEN EIRA ROAD RIPPONLEA 3185",
    "locID": "LOC000047685496",
    "tech": "HFC",
    "upgrade": "NULL_NA",
    "gnaf_pid": "GAVIC420520447",
    "ee": true
   }
  },
  {
   "type": "Feature",
   "geometry": {
    "type": "Point",
    "coordinates": [
     144.99592857,
     -37.88135028
    ]
   },
   "properties": {
    "name": "154 BRIGHTON ROAD RIPPONLEA 3185",
    "locID": "LOC000069782085",
    "tech": "HFC",
    "upgrade": "NULL_NA",
    "gnaf_pid": "GAVIC420613901",
    "ee": true
   }
  },
  {
   "type": "Feature",
   "geometry": {
    "type": "Point",
    "coordinates": [
     144.994729,
     -37.878175
    ]
   },
   "properties": {
    "name": "2 ERINDALE AVENUE RIPPONLEA 3185",
    "locID": "LOC000087896001",
    "tech": "HFC",
    "upgrade": "NULL_NA",
    "gnaf_pid": "GAVIC420618406",
    "ee": true
   }
  },
  {
   "type": "Feature",
   "geometry": {
    "type": "Point",
    "coordinates": [
     144.995118,
     -37.877668
    ]
   },
   "properties": {
    "name": "13 FULLER ROAD RIPPONLEA 3185",
    "locID": "LOC000030191919",
    "tech": "HFC",
    "upgrade": "NULL_NA",
    "gnaf_pid": "GAVIC420618407",
    "ee": true
   }
  },
  {
   "type": "Feature",
   "geometry": {
    "type": "Point",
    "coordinates": [
     144.995871,
     -37.876329
    ]
   },
   "properties": {
    "name": "8 GLEN EIRA AVENUE RIPPONLEA 3185",
    "locID": "LOC000101516947",
    "tech": "HFC",
    "upgrade": "NULL_NA",
    "gnaf_pid": "GAVIC420708547",
    "ee": true
   }
  },
  {
   "type": "Feature",
   "geometry": {
    "type": "Point",
    "coordinates": [
     144.99707,
     -37.876953
    ]
   },
   "properties": {
    "name": "66 GLEN EIRA ROAD RIPPONLEA 3185",
    "locID": "LOC000123996738",
    "tech": "HFC",
    "upgrade": "NULL_NA",
    "gnaf_pid": "GAVIC420713962",
    "ee": true
   }
  },
  {
   "type": "Feature",
   "geometry": {
    "type": "Point",
    "coordinates": [
     144.99686688,
     -37.87693249
    ]
   },
   "properties": {
    "name": "60 GLEN EIRA ROAD RIPPONLEA 3185",
    "locID": "LOC000102524938",
    "tech": "HFC",
    "upgrade": "NULL_NA",
    "gnaf_pid": "GAVIC420737253",
    "ee": true
   }
  },
  {
   "type": "Feature",
   "geometry": {
    "type": "Point",
    "coordinates": [
     144.996274,
     -37.876543
    ]
   },
   "properties": {
    "name": "29 GLEN EIRA ROAD RIPPONLEA 3185",
    "locID": "LOC000092381853",
    "tech": "HFC",
    "upgrade": "NULL_NA",
    "gnaf_pid": "GAVIC420738054",
    "ee": true
   }
  },
  {
   "type": "Feature",
   "geometry": {
    "type": "Point",
    "coordinates": [
     144.99752403,
     -37.87701577
    ]
   },
   "properties": {
    "name": "78 GLEN EIRA ROAD RIPPONLEA 3185",
    "locID": "LOC000105971395",
    "tech": "HFC",
    "upgrade": "NULL_NA",
    "gnaf_pid": "GAVIC420742621",
    "ee": true
   }
  },
  {
   "type": "Feature",
   "geometry": {
    "type": "Point",
    "coordinates": [
     144.99749897,
     -37.87668191
    ]
   },
   "properties": {
    "name": "85 GLEN EIRA ROAD RIPPONLEA 3185",
    "locID": "LOC000123996793",
    "tech": "HFC",
    "upgrade": "NULL_NA",
    "gnaf_pid": "GAVIC420743297",
    "ee": true
   }
  },
  {
   "type": "Feature",
   "geometry": {
    "type": "Point",
    "coordinates": [
     144.99732,
     -37.876985
    ]
   },
   "properties": {
    "name": "74 GLEN EIRA ROAD RIPPONLEA 3185",
    "locID": "LOC000045086256",
    "tech": "HFC",
    "upgrade": "NULL_NA",
    "gnaf_pid": "GAVIC420745270",
    "ee": true
   }
  },
  {
   "type": "Feature",
   "geometry": {
    "type": "Point",
    "coordinates": [
     144.996104,
     -37.876523
    ]
   },
   "properties": {
    "name": "25 GLEN EIRA ROAD RIPPONLEA 3185",
    "locID": "LOC000094014255",
    "tech": "HFC",
    "upgrade": "NULL_NA",
    "gnaf_pid": "GAVIC420747368",
    "ee": true
   }
  },
  {
   "type": "Feature",
   "geometry": {
    "type": "Point",
    "coordinates": [
     144.996934,
     -37.876942
    ]
   },
   "properties": {
    "name": "62 GLEN EIRA ROAD RIPPONLEA 3185",
    "locID": "LOC000006997666",
    "tech": "HFC",
    "upgrade": "NULL_NA",
    "gnaf_pid": "GAVIC420754561",
    "ee": true
   }
  },
  {
   "type": "Feature",
   "geometry": {
    "type": "Point",
    "coordinates": [
     144.9968,
     -37.876012
    ]
   },
   "properties": {
    "name": "13 OAK GROVE RIPPONLEA 3185",
    "locID": "LOC000038394413",
    "tech": "HFC",
    "upgrade": "NULL_NA",
    "gnaf_pid": "GAVIC420800534",
    "ee": true
   }
  },
  {
   "type": "Feature",
   "geometry": {
    "type": "Point",
    "coordinates": [
     144.996381,
     -37.875959
    ]
   },
   "properties": {
    "name": "19 OAK GROVE RIPPONLEA 3185",
    "locID": "LOC000096095597",
    "tech": "HFC",
    "upgrade": "NULL_NA",
    "gnaf_pid": "GAVIC420800535",
    "ee": true
   }
  },
  {
   "type": "Feature",
   "geometry": {
    "type": "Point",
    "coordinates": [
     144.996073,
     -37.875585
    ]
   },
   "properties": {
    "name": "30 OAK GROVE RIPPONLEA 3185",
    "locID": "LOC000020331149",
    "tech": "HFC",
    "upgrade": "NULL_NA",
    "gnaf_pid": "GAVIC420800536",
    "ee": true
   }
  },
  {
   "type": "Feature",
   "geometry": {
    "type": "Point",
    "coordinates": [
     144.997617,
     -37.877756
    ]
   },
   "properties": {
    "name": "193 HOTHAM STREET RIPPONLEA 3185",
    "locID": "LOC000046973862",
    "tech": "HFC",
    "upgrade": "NULL_NA",
    "gnaf_pid": "GAVIC420801415",
    "ee": true
   }
  },
  {
   "type": "Feature",
   "geometry": {
    "type": "Point",
    "coordinates": [
     144.99735,
     -37.879211
    ]
   },
   "properties": {
    "name": "219 HOTHAM STREET RIPPONLEA 3185",
    "locID": "LOC000107928668",
    "tech": "HFC",
    "upgrade": "NULL_NA",
    "gnaf_pid": "GAVIC420801417",
    "ee": true
   }
  },
  {
   "type": "Feature",
   "geometry": {
    "type": "Point",
    "coordinates": [
     144.9971245,
     -37.88043341
    ]
   },
   "properties": {
    "name": "225 HOTHAM STREET RIPPONLEA 3185",
    "locID": "LOC000195390982",
    "tech": "HFC",
    "upgrade": "NULL_NA",
    "gnaf_pid": "GAVIC420801418",
    "ee": true
   }
  },
  {
   "type": "Feature",
   "geometry": {
    "type": "Point",
    "coordinates": [
     144.996966,
     -37.881214
    ]
   },
   "properties": {
    "name": "243 HOTHAM STREET RIPPONLEA 3185",
    "locID": "LOC000025200250",
    "tech": "HFC",
    "upgrade": "NULL_NA",
    "gnaf_pid": "GAVIC420801419",
    "ee": true
   }
  },
  {
   "type": "Feature",
   "geometry": {
    "type": "Point",
    "coordinates": [
     144.9969,
     -37.881583
    ]
   },
   "properties": {
    "name": "249 HOTHAM STREET RIPPONLEA 3185",
    "locID": "LOC000050021938",
    "tech": "HFC",
    "upgrade": "NULL_NA",
    "gnaf_pid": "GAVIC420801420",
    "ee": true
   }
  },
  {
   "type": "Feature",
   "geometry": {
    "type": "Point",
    "coordinates": [
     144.996886,
     -37.881663
    ]
   },
   "properties": {
    "name": "251 HOTHAM STREET RIPPONLEA 3185",
    "locID": "LOC000075305445",
    "tech": "HFC",
    "upgrade": "NULL_NA",
    "gnaf_pid": "GAVIC420801421",
    "ee": true
   }
  },
  {
   "type": "Feature",
   "geometry": {
    "type": "Point",
    "coordinates": [
     144.995858,
     -37.87805
    ]
   },
   "properties": {
    "name": "26 LYNDON STREET RIPPONLEA 3185",
    "locID": "LOC000032538267",
    "tech": "HFC",
    "upgrade": "NULL_NA",
    "gnaf_pid": "GAVIC420809792",
    "ee": true
   }
  },
  {
   "type": "Feature",
   "geometry": {
    "type": "Point",
    "coordinates": [
     144.99589,
     -37.878132
    ]
   },
   "properties": {
    "name": "28 LYNDON STREET RIPPONLEA 3185",
    "locID": "LOC000054972165",
    "tech": "HFC",
    "upgrade": "NULL_NA",
    "gnaf_pid": "GAVIC420809793",
    "ee": true
   }
  },
  {
   "type": "Feature",
   "geometry": {
    "type": "Point",
    "coordinates": [
     144.993148,
     -37.87695
    ]
   },
   "properties": {
    "name": "82 BRIGHTON ROAD RIPPONLEA 3185",
    "locID": "LOC000089640298",
    "tech": "HFC",
    "upgrade": "NULL_NA",
    "gnaf_pid": "GAVIC420810540",
    "ee": true
   }
  },
  {
   "type": "Feature",
   "geometry": {
    "type": "Point",
    "coordinates": [
     144.99407526,
     -37.87841693
    ]
   },
   "properties": {
    "name": "100 BRIGHTON ROAD RIPPONLEA 3185",
    "locID": "LOC000080919630",
    "tech": "HFC",
    "upgrade": "NULL_NA",
    "gnaf_pid": "GAVIC420810542",
    "ee": true
   }
  },
  {
   "type": "Feature",
   "geometry": {
    "type": "Point",
    "coordinates": [
     144.994206,
     -37.878617
    ]
   },
   "properties": {
    "name": "104 BRIGHTON ROAD RIPPONLEA 3185",
    "locID": "LOC000106229996",
    "tech": "HFC",
    "upgrade": "NULL_NA",
    "gnaf_pid": "GAVIC420810544",
    "ee": true
   }
  },
  {
   "type": "Feature",
   "geometry": {
    "type": "Point",
    "coordinates": [
     144.99458945,
     -37.87790301
    ]
   },
   "properties": {
    "name": "5 FULLER ROAD RIPPONLEA 3185",
    "locID": "LOC000092846289",
    "tech": "HFC",
    "upgrade": "NULL_NA",
    "gnaf_pid": "GAVIC420810545",
    "ee": true
   }
  },
  {
   "type": "Feature",
   "geometry": {
    "type": "Point",
    "coordinates": [
     144.995595,
     -37.879371
    ]
   },
   "properties": {
    "name": "1 BELL STREET RIPPONLEA 3185",
    "locID": "LOC000087251906",
    "tech": "HFC",
    "upgrade": "NULL_NA",
    "gnaf_pid": "GAVIC420813534",
    "ee": true
   }
  },
  {
   "type": "Feature",
   "geometry": {
    "type": "Point",
    "coordinates": [
     144.996168,
     -37.88048
    ]
   },
   "properties": {
    "name": "11 BELL STREET RIPPONLEA 3185",
    "locID": "LOC000096896226",
    "tech": "HFC",
    "upgrade": "NULL_NA",
    "gnaf_pid": "GAVIC420813535",
    "ee": true
   }
  },
  {
   "type": "Feature",
   "geometry": {
    "type": "Point",
    "coordinates": [
     144.996222,
     -37.880589
    ]
   },
   "properties": {
    "name": "15 BELL STREET RIPPONLEA 3185",
    "locID": "LOC000079869723",
    "tech": "HFC",
    "upgrade": "NULL_NA",
    "gnaf_pid": "GAVIC420813536",
    "ee": true
   }
  },
  {
   "type": "Feature",
   "geometry": {
    "type": "Point",
    "coordinates": [
     144.994315,
     -37.878799
    ]
   },
   "properties": {
    "name": "108 BRIGHTON ROAD RIPPONLEA 3185",
    "locID": "LOC000095009140",
    "tech": "HFC",
    "upgrade": "NULL_NA",
    "gnaf_pid": "GAVIC420813606",
    "ee": true
   }
  },
  {
   "type": "Feature",
   "geometry": {
    "type": "Point",
    "coordinates": [
     144.99498694,
     -37.87985238
    ]
   },
   "properties": {
    "name": "126 BRIGHTON ROAD RIPPONLEA 3185",
    "locID": "LOC000158127611",
    "tech": "HFC",
    "upgrade": "NULL_NA",
    "gnaf_pid": "GAVIC420813607",
    "ee": true
   }
  },
  {
   "type": "Feature",
   "geometry": {
    "type": "Point",
    "coordinates": [
     144.994914,
     -37.878476
    ]
   },
   "properties": {
    "name": "6 ERINDALE AVENUE RIPPONLEA 3185",
    "locID": "LOC000093038730",
    "tech": "HFC",
    "upgrade": "NULL_NA",
    "gnaf_pid": "GAVIC420821252",
    "ee": true
   }
  },
  {
   "type": "Feature",
   "geometry": {
    "type": "Point",
    "coordinates": [
     144.995181,
     -37.878273
    ]
   },
   "properties": {
    "name": "7 ERINDALE AVENUE RIPPONLEA 3185",
    "locID": "LOC000013647877",
    "tech": "HFC",
    "upgrade": "NULL_NA",
    "gnaf_pid": "GAVIC420821253",
    "ee": true
   }
  },
  {
   "type": "Feature",
   "geometry": {
    "type": "Point",
    "coordinates": [
     144.995499,
     -37.878729
    ]
   },
   "properties": {
    "name": "19 ERINDALE AVENUE RIPPONLEA 3185",
    "locID": "LOC000038351981",
    "tech": "HFC",
    "upgrade": "NULL_NA",
    "gnaf_pid": "GAVIC420821254",
    "ee": true
   }
  },
  {
   "type": "Feature",
   "geometry": {
    "type": "Point",
    "coordinates": [
     144.99556336,
     -37.87888385
    ]
   },
   "properties": {
    "name": "21 ERINDALE AVENUE RIPPONLEA 3185",
    "locID": "LOC000083341880",
    "tech": "HFC",
    "upgrade": "NULL_NA",
    "gnaf_pid": "GAVIC420821255",
    "ee": true
   }
  },
  {
   "type": "Feature",
   "geometry": {
    "type": "Point",
    "coordinates": [
     144.9956076,
     -37.87892968
    ]
   },
   "properties": {
    "name": "23 ERINDALE AVENUE RIPPONLEA 3185",
    "locID": "LOC000008495952",
    "tech": "HFC",
    "upgrade": "NULL_NA",
    "gnaf_pid": "GAVIC420821256",
    "ee": true
   }
  },
  {
   "type": "Feature",
   "geometry": {
    "type": "Point",
    "coordinates": [
     144.99574516,
     -37.87913708
    ]
   },
   "properties": {
    "name": "29 ERINDALE AVENUE RIPPONLEA 3185",
    "locID": "LOC000108038333",
    "tech": "HFC",
    "upgrade": "NULL_NA",
    "gnaf_pid": "GAVIC420821257",
    "ee": true
   }
  },
  {
   "type": "Feature",
   "geometry": {
    "type": "Point",
    "coordinates": [
     144.992206,
     -37.874789
    ]
   },
   "properties": {
    "name": "2 LOS ANGELES COURT RIPPONLEA 3185",
    "locID": "LOC000089697040",
    "tech": "HFC",
    "upgrade": "NULL_NA",
    "gnaf_pid": "GAVIC420821266",
    "ee": true
   }
  },
  {
   "type": "Feature",
   "geometry": {
    "type": "Point",
    "coordinates": [
     144.99250938,
     -37.87453321
    ]
   },
   "properties": {
    "name": "7A LOS ANGELES COURT RIPPONLEA 3185",
    "locID": "LOC000080314326",
    "tech": "HFC",
    "upgrade": "NULL_NA",
    "gnaf_pid": "GAVIC420821267",
    "ee": true
   }
  },
  {
   "type": "Feature",
   "geometry": {
    "type": "Point",
    "coordinates": [
     144.993342,
     -37.87652
    ]
   },
   "properties": {
    "name": "2 GLEN EIRA ROAD RIPPONLEA 3185",
    "locID": "LOC000103231142",
    "tech": "HFC",
    "upgrade": "NULL_NA",
    "gnaf_pid": "GAVIC420821326",
    "ee": true
   }
  },
  {
   "type": "Feature",
   "geometry": {
    "type": "Point",
    "coordinates": [
     144.993634,
     -37.876219
    ]
   },
   "properties": {
    "name": "5 GLEN EIRA ROAD RIPPONLEA 3185",
    "locID": "LOC000193948504",
    "tech": "HFC",
    "upgrade": "NULL_NA",
    "gnaf_pid": "GAVIC420821327",
    "ee": true
   }
  },
  {
   "type": "Feature",
   "geometry": {
    "type": "Point",
    "coordinates": [
     144.99637712,
     -37.87654566
    ]
   },
   "properties": {
    "name": "33 GLEN EIRA ROAD RIPPONLEA 3185",
    "locID": "LOC000002838775",
    "tech": "HFC",
    "upgrade": "NULL_NA",
    "gnaf_pid": "GAVIC420821329",
    "ee": true
   }
  },
  {
   "type": "Feature",
   "geometry": {
    "type": "Point",
    "coordinates": [
     144.99666,
     -37.876586
    ]
   },
   "properties": {
    "name": "45 GLEN EIRA ROAD RIPPONLEA 3185",
    "locID": "LOC000015671048",
    "tech": "HFC",
    "upgrade": "NULL_NA",
    "gnaf_pid": "GAVIC420821330",
    "ee": true
   }
  },
  {
   "type": "Feature",
   "geometry": {
    "type": "Point",
    "coordinates": [
     144.997034,
     -37.876628
    ]
   },
   "properties": {
    "name": "59 GLEN EIRA ROAD RIPPONLEA 3185",
    "locID": "LOC000123993212",
    "tech": "HFC",
    "upgrade": "NULL_NA",
    "gnaf_pid": "GAVIC420821331",
    "ee": true
   }
  },
  {
   "type": "Feature",
   "geometry": {
    "type": "Point",
    "coordinates": [
     144.997408,
     -37.876671
    ]
   },
   "properties": {
    "name": "73 GLEN EIRA ROAD RIPPONLEA 3185",
    "locID": "LOC000107756325",
    "tech": "HFC",
    "upgrade": "NULL_NA",
    "gnaf_pid": "GAVIC420821332",
    "ee": true
   }
  },
  {
   "type": "Feature",
   "geometry": {
    "type": "Point",
    "coordinates": [
     144.993682,
     -37.875301
    ]
   },
   "properties": {
    "name": "15 MARYVILLE STREET RIPPONLEA 3185",
    "locID": "LOC000087614442",
    "tech": "HFC",
    "upgrade": "NULL_NA",
    "gnaf_pid": "GAVIC420830393",
    "ee": true
   }
  },
  {
   "type": "Feature",
   "geometry": {
    "type": "Point",
    "coordinates": [
     144.994226,
     -37.875373
    ]
   },
   "properties": {
    "name": "21 MARYVILLE STREET RIPPONLEA 3185",
    "locID": "LOC000038417463",
    "tech": "HFC",
    "upgrade": "NULL_NA",
    "gnaf_pid": "GAVIC420830394",
    "ee": true
   }
  },
  {
   "type": "Feature",
   "geometry": {
    "type": "Point",
    "coordinates": [
     144.99246609,
     -37.87515871
    ]
   },
   "properties": {
    "name": "3 MARYVILLE STREET RIPPONLEA 3185",
    "locID": "LOC000084969132",
    "tech": "HFC",
    "upgrade": "NULL_NA",
    "gnaf_pid": "GAVIC420833214",
    "ee": true
   }
  },
  {
   "type": "Feature",
   "geometry": {
    "type": "Point",
    "coordinates": [
     144.993138,
     -37.875219
    ]
   },
   "properties": {
    "name": "9A MARYVILLE STREET RIPPONLEA 3185",
    "locID": "LOC000010227194",
    "tech": "HFC",
    "upgrade": "NULL_NA",
    "gnaf_pid": "GAVIC420833215",
    "ee": true
   }
  },
  {
   "type": "Feature",
   "geometry": {
    "type": "Point",
    "coordinates": [
     144.997523,
     -37.878277
    ]
   },
   "properties": {
    "name": "199 HOTHAM STREET RIPPONLEA 3185",
    "locID": "LOC000107011242",
    "tech": "HFC",
    "upgrade": "NULL_NA",
    "gnaf_pid": "GAVIC420908822",
    "ee": true
   }
  },
  {
   "type": "Feature",
   "geometry": {
    "type": "Point",
    "coordinates": [
     144.99743125,
     -37.87876246
    ]
   },
   "properties": {
    "name": "209 HOTHAM STREET RIPPONLEA 3185",
    "locID": "LOC000061951531",
    "tech": "HFC",
    "upgrade": "NULL_NA",
    "gnaf_pid": "GAVIC420908825",
    "ee": true
   }
  },
  {
   "type": "Feature",
   "geometry": {
    "type": "Point",
    "coordinates": [
     144.994706,
     -37.879446
    ]
   },
   "properties": {
    "name": "120 BRIGHTON ROAD RIPPONLEA 3185",
    "locID": "LOC000075953823",
    "tech": "HFC",
    "upgrade": "NULL_NA",
    "gnaf_pid": "GAVIC420919512",
    "ee": true
   }
  },
  {
   "type": "Feature",
   "geometry": {
    "type": "Point",
    "coordinates": [
     144.99489264,
     -37.87971953
    ]
   },
   "properties": {
    "name": "124 BRIGHTON ROAD RIPPONLEA 3185",
    "locID": "LOC000014685726",
    "tech": "HFC",
    "upgrade": "NULL_NA",
    "gnaf_pid": "GAVIC420919514",
    "ee": true
   }
  },
  {
   "type": "Feature",
   "geometry": {
    "type": "Point",
    "coordinates": [
     144.99534,
     -37.880412
    ]
   },
   "properties": {
    "name": "134 BRIGHTON ROAD RIPPONLEA 3185",
    "locID": "LOC000068315418",
    "tech": "HFC",
    "upgrade": "NULL_NA",
    "gnaf_pid": "GAVIC420919515",
    "ee": true
   }
  },
  {
   "type": "Feature",
   "geometry": {
    "type": "Point",
    "coordinates": [
     144.99438,
     -37.878908
    ]
   },
   "properties": {
    "name": "110 BRIGHTON ROAD RIPPONLEA 3185",
    "locID": "LOC000083587928",
    "tech": "HFC",
    "upgrade": "NULL_NA",
    "gnaf_pid": "GAVIC420919520",
    "ee": true
   }
  },
  {
   "type": "Feature",
   "geometry": {
    "type": "Point",
    "coordinates": [
     144.99611469,
     -37.88166132
    ]
   },
   "properties": {
    "name": "160 BRIGHTON ROAD RIPPONLEA 3185",
    "locID": "LOC000034967819",
    "tech": "HFC",
    "upgrade": "NULL_NA",
    "gnaf_pid": "GAVIC420919533",
    "ee": true
   }
  },
  {
   "type": "Feature",
   "geometry": {
    "type": "Point",
    "coordinates": [
     144.99378186,
     -37.8762401
    ]
   },
   "properties": {
    "name": "7 GLEN EIRA ROAD RIPPONLEA 3185",
    "locID": "LOC000021920334",
    "tech": "HFC",
    "upgrade": "NULL_NA",
    "gnaf_pid": "GAVIC420924502",
    "ee": true
   }
  },
  {
   "type": "Feature",
   "geometry": {
    "type": "Point",
    "coordinates": [
     144.997003,
     -37.87694382
    ]
   },
   "properties": {
    "name": "64 GLEN EIRA ROAD RIPPONLEA 3185",
    "locID": "LOC000102299729",
    "tech": "HFC",
    "upgrade": "NULL_NA",
    "gnaf_pid": "GAVIC420924509",
    "ee": true
   }
  },
  {
   "type": "Feature",
   "geometry": {
    "type": "Point",
    "coordinates": [
     144.996506,
     -37.87598
    ]
   },
   "properties": {
    "name": "17 OAK GROVE RIPPONLEA 3185",
    "locID": "LOC000025167006",
    "tech": "HFC",
    "upgrade": "NULL_NA",
    "gnaf_pid": "GAVIC420926793",
    "ee": true
   }
  },
  {
   "type": "Feature",
   "geometry": {
    "type": "Point",
    "coordinates": [
     144.99430377,
     -37.87663135
    ]
   },
   "properties": {
    "name": "10 GLEN EIRA ROAD RIPPONLEA 3185",
    "locID": "LOC000013599414",
    "tech": "HFC",
    "upgrade": "NULL_NA",
    "gnaf_pid": "GAVIC421049576",
    "ee": true
   }
  },
  {
   "type": "Feature",
   "geometry": {
    "type": "Point",
    "coordinates": [
     144.995883,
     -37.879655
    ]
   },
   "properties": {
    "name": "7 HOTHAM GROVE RIPPONLEA 3185",
    "locID": "LOC000101597341",
    "tech": "HFC",
    "upgrade": "NULL_NA",
    "gnaf_pid": "GAVIC421094485",
    "ee": true
   }
  },
  {
   "type": "Feature",
   "geometry": {
    "type": "Point",
    "coordinates": [
     144.992866,
     -37.875188
    ]
   },
   "properties": {
    "name": "7 MARYVILLE STREET RIPPONLEA 3185",
    "locID": "LOC000036871773",
    "tech": "HFC",
    "upgrade": "NULL_NA",
    "gnaf_pid": "GAVIC421094659",
    "ee": true
   }
  },
  {
   "type": "Feature",
   "geometry": {
    "type": "Point",
    "coordinates": [
     144.994249,
     -37.878699
    ]
   },
   "properties": {
    "name": "106 BRIGHTON ROAD RIPPONLEA 3185",
    "locID": "LOC000027150555",
    "tech": "HFC",
    "upgrade": "NULL_NA",
    "gnaf_pid": "GAVIC421096276",
    "ee": true
   }
  },
  {
   "type": "Feature",
   "geometry": {
    "type": "Point",
    "coordinates": [
     144.994586,
     -37.879254
    ]
   },
   "properties": {
    "name": "116 BRIGHTON ROAD RIPPONLEA 3185",
    "locID": "LOC000019303065",
    "tech": "HFC",
    "upgrade": "NULL_NA",
    "gnaf_pid": "GAVIC421096277",
    "ee": true
   }
  },
  {
   "type": "Feature",
   "geometry": {
    "type": "Point",
    "coordinates": [
     144.99507535,
     -37.87926185
    ]
   },
   "properties": {
    "name": "118 BRIGHTON ROAD RIPPONLEA 3185",
    "locID": "LOC000158127204",
    "tech": "HFC",
    "upgrade": "NULL_NA",
    "gnaf_pid": "GAVIC421096279",
    "ee": true
   }
  },
  {
   "type": "Feature",
   "geometry": {
    "type": "Point",
    "coordinates": [
     144.997265,
     -37.876074
    ]
   },
   "properties": {
    "name": "7 OAK GROVE RIPPONLEA 3185",
    "locID": "LOC000015216776",
    "tech": "HFC",
    "upgrade": "NULL_NA",
    "gnaf_pid": "GAVIC421097990",
    "ee": true
   }
  },
  {
   "type": "Feature",
   "geometry": {
    "type": "Point",
    "coordinates": [
     144.99711597,
     -37.87571114
    ]
   },
   "properties": {
    "name": "16 OAK GROVE RIPPONLEA 3185",
    "locID": "LOC000050853173",
    "tech": "HFC",
    "upgrade": "NULL_NA",
    "gnaf_pid": "GAVIC421097991",
    "ee": true
   }
  },
  {
   "type": "Feature",
   "geometry": {
    "type": "Point",
    "coordinates": [
     144.99673,
     -37.875659
    ]
   },
   "properties": {
    "name": "22 OAK GROVE RIPPONLEA 3185",
    "locID": "LOC000089685284",
    "tech": "HFC",
    "upgrade": "NULL_NA",
    "gnaf_pid": "GAVIC421097992",
    "ee": true
   }
  },
  {
   "type": "Feature",
   "geometry": {
    "type": "Point",
    "coordinates": [
     144.994816,
     -37.878321
    ]
   },
   "properties": {
    "name": "4 ERINDALE AVENUE RIPPONLEA 3185",
    "locID": "LOC000046424646",
    "tech": "HFC",
    "upgrade": "NULL_NA",
    "gnaf_pid": "GAVIC421101917",
    "ee": true
   }
  },
  {
   "type": "Feature",
   "geometry": {
    "type": "Point",
    "coordinates": [
     144.99499,
     -37.878612
    ]
   },
   "properties": {
    "name": "8 ERINDALE AVENUE RIPPONLEA 3185",
    "locID": "LOC000098518770",
    "tech": "HFC",
    "upgrade": "NULL_NA",
    "gnaf_pid": "GAVIC421101918",
    "ee": true
   }
  },
  {
   "type": "Feature",
   "geometry": {
    "type": "Point",
    "coordinates": [
     144.995274,
     -37.879041
    ]
   },
   "properties": {
    "name": "14 ERINDALE AVENUE RIPPONLEA 3185",
    "locID": "LOC000087566063",
    "tech": "HFC",
    "upgrade": "NULL_NA",
    "gnaf_pid": "GAVIC421101919",
    "ee": true
   }
  },
  {
   "type": "Feature",
   "geometry": {
    "type": "Point",
    "coordinates": [
     144.992898,
     -37.874873
    ]
   },
   "properties": {
    "name": "8 LOS ANGELES COURT RIPPONLEA 3185",
    "locID": "LOC000010969886",
    "tech": "HFC",
    "upgrade": "NULL_NA",
    "gnaf_pid": "GAVIC421104508",
    "ee": true
   }
  },
  {
   "type": "Feature",
   "geometry": {
    "type": "Point",
    "coordinates": [
     144.993135,
     -37.874913
    ]
   },
   "properties": {
    "name": "10 LOS ANGELES COURT RIPPONLEA 3185",
    "locID": "LOC000081074876",
    "tech": "HFC",
    "upgrade": "NULL_NA",
    "gnaf_pid": "GAVIC421104509",
    "ee": true
   }
  },
  {
   "type": "Feature",
   "geometry": {
    "type": "Point",
    "coordinates": [
     144.995729,
     -37.877778
    ]
   },
   "properties": {
    "name": "22 LYNDON STREET RIPPONLEA 3185",
    "locID": "LOC000016894488",
    "tech": "HFC",
    "upgrade": "NULL_NA",
    "gnaf_pid": "GAVIC421104510",
    "ee": true
   }
  },
  {
   "type": "Feature",
   "geometry": {
    "type": "Point",
    "coordinates": [
     144.996085,
     -37.878496
    ]
   },
   "properties": {
    "name": "34 LYNDON STREET RIPPONLEA 3185",
    "locID": "LOC000047967906",
    "tech": "HFC",
    "upgrade": "NULL_NA",
    "gnaf_pid": "GAVIC421104511",
    "ee": true
   }
  },
  {
   "type": "Feature",
   "geometry": {
    "type": "Point",
    "coordinates": [
     144.996189,
     -37.880534
    ]
   },
   "properties": {
    "name": "13 BELL STREET RIPPONLEA 3185",
    "locID": "LOC000015663255",
    "tech": "HFC",
    "upgrade": "NULL_NA",
    "gnaf_pid": "GAVIC421104563",
    "ee": true
   }
  },
  {
   "type": "Feature",
   "geometry": {
    "type": "Point",
    "coordinates": [
     144.99632,
     -37.880735
    ]
   },
   "properties": {
    "name": "19 BELL STREET RIPPONLEA 3185",
    "locID": "LOC000104635468",
    "tech": "HFC",
    "upgrade": "NULL_NA",
    "gnaf_pid": "GAVIC421104564",
    "ee": true
   }
  },
  {
   "type": "Feature",
   "geometry": {
    "type": "Point",
    "coordinates": [
     144.996462,
     -37.882215
    ]
   },
   "properties": {
    "name": "172 BRIGHTON ROAD RIPPONLEA 3185",
    "locID": "LOC000032719050",
    "tech": "HFC",
    "upgrade": "NULL_NA",
    "gnaf_pid": "GAVIC421104929",
    "ee": true
   }
  },
  {
   "type": "Feature",
   "geometry": {
    "type": "Point",
    "coordinates": [
     144.996172,
     -37.876533
    ]
   },
   "properties": {
    "name": "27 GLEN EIRA ROAD RIPPONLEA 3185",
    "locID": "LOC000026271195",
    "tech": "HFC",
    "upgrade": "NULL_NA",
    "gnaf_pid": "GAVIC421110514",
    "ee": true
   }
  },
  {
   "type": "Feature",
   "geometry": {
    "type": "Point",
    "coordinates": [
     144.996456,
     -37.876565
    ]
   },
   "properties": {
    "name": "37 GLEN EIRA ROAD RIPPONLEA 3185",
    "locID": "LOC000080753644",
    "tech": "HFC",
    "upgrade": "NULL_NA",
    "gnaf_pid": "GAVIC421110515",
    "ee": true
   }
  },
  {
   "type": "Feature",
   "geometry": {
    "type": "Point",
    "coordinates": [
     144.997351,
     -37.876661
    ]
   },
   "properties": {
    "name": "71 GLEN EIRA ROAD RIPPONLEA 3185",
    "locID": "LOC000021256695",
    "tech": "HFC",
    "upgrade": "NULL_NA",
    "gnaf_pid": "GAVIC421114022",
    "ee": true
   }
  },
  {
   "type": "Feature",
   "geometry": {
    "type": "Point",
    "coordinates": [
     144.99712752,
     -37.87696396
    ]
   },
   "properties": {
    "name": "72 GLEN EIRA ROAD RIPPONLEA 3185",
    "locID": "LOC000093847632",
    "tech": "HFC",
    "upgrade": "NULL_NA",
    "gnaf_pid": "GAVIC421114023",
    "ee": true
   }
  },
  {
   "type": "Feature",
   "geometry": {
    "type": "Point",
    "coordinates": [
     144.993579,
     -37.874893
    ]
   },
   "properties": {
    "name": "14 MONKSTADT AVENUE RIPPONLEA 3185",
    "locID": "LOC000015069682",
    "tech": "HFC",
    "upgrade": "NULL_NA",
    "gnaf_pid": "GAVIC421114037",
    "ee": true
   }
  },
  {
   "type": "Feature",
   "geometry": {
    "type": "Point",
    "coordinates": [
     144.994149,
     -37.877354
    ]
   },
   "properties": {
    "name": "6 VICTORIA AVENUE RIPPONLEA 3185",
    "locID": "LOC000088967950",
    "tech": "HFC",
    "upgrade": "NULL_NA",
    "gnaf_pid": "GAVIC421114057",
    "ee": true
   }
  },
  {
   "type": "Feature",
   "geometry": {
    "type": "Point",
    "coordinates": [
     144.994511,
     -37.877415
    ]
   },
   "properties": {
    "name": "10 VICTORIA AVENUE RIPPONLEA 3185",
    "locID": "LOC000011936163",
    "tech": "HFC",
    "upgrade": "NULL_NA",
    "gnaf_pid": "GAVIC421114058",
    "ee": true
   }
  },
  {
   "type": "Feature",
   "geometry": {
    "type": "Point",
    "coordinates": [
     144.996282,
     -37.88004
    ]
   },
   "properties": {
    "name": "8 HOTHAM GROVE RIPPONLEA 3185",
    "locID": "LOC000101823680",
    "tech": "HFC",
    "upgrade": "NULL_NA",
    "gnaf_pid": "GAVIC421117742",
    "ee": true
   }
  },
  {
   "type": "Feature",
   "geometry": {
    "type": "Point",
    "coordinates": [
     144.997869,
     -37.876435
    ]
   },
   "properties": {
    "name": "179 HOTHAM STREET RIPPONLEA 3185",
    "locID": "LOC000035379762",
    "tech": "HFC",
    "upgrade": "NULL_NA",
    "gnaf_pid": "GAVIC421121276",
    "ee": true
   }
  },
  {
   "type": "Feature",
   "geometry": {
    "type": "Point",
    "coordinates": [
     144.997604,
     -37.877837
    ]
   },
   "properties": {
    "name": "195 HOTHAM STREET RIPPONLEA 3185",
    "locID": "LOC000062661323",
    "tech": "HFC",
    "upgrade": "NULL_NA",
    "gnaf_pid": "GAVIC421121277",
    "ee": true
   }
  },
  {
   "type": "Feature",
   "geometry": {
    "type": "Point",
    "coordinates": [
     144.997498,
     -37.878394
    ]
   },
   "properties": {
    "name": "201 HOTHAM STREET RIPPONLEA 3185",
    "locID": "LOC000067027773",
    "tech": "HFC",
    "upgrade": "NULL_NA",
    "gnaf_pid": "GAVIC421121278",
    "ee": true
   }
  },
  {
   "type": "Feature",
   "geometry": {
    "type": "Point",
    "coordinates": [
     144.991896,
     -37.874928
    ]
   },
   "properties": {
    "name": "56 BRIGHTON ROAD RIPPONLEA 3185",
    "locID": "LOC000030975390",
    "tech": "HFC",
    "upgrade": "NULL_NA",
    "gnaf_pid": "GAVIC421126987",
    "ee": true
   }
  },
  {
   "type": "Feature",
   "geometry": {
    "type": "Point",
    "coordinates": [
     144.992419,
     -37.875748
    ]
   },
   "properties": {
    "name": "64 BRIGHTON ROAD RIPPONLEA 3185",
    "locID": "LOC000080240016",
    "tech": "HFC",
    "upgrade": "NULL_NA",
    "gnaf_pid": "GAVIC421126988",
    "ee": true
   }
  },
  {
   "type": "Feature",
   "geometry": {
    "type": "Point",
    "coordinates": [
     144.99310499,
     -37.87686854
    ]
   },
   "properties": {
    "name": "80 BRIGHTON ROAD RIPPONLEA 3185",
    "locID": "LOC000097350001",
    "tech": "HFC",
    "upgrade": "NULL_NA",
    "gnaf_pid": "GAVIC421126990",
    "ee": true
   }
  },
  {
   "type": "Feature",
   "geometry": {
    "type": "Point",
    "coordinates": [
     144.994523,
     -37.87573
    ]
   },
   "properties": {
    "name": "1 MORRES STREET RIPPONLEA 3185",
    "locID": "LOC000082087862",
    "tech": "HFC",
    "upgrade": "NULL_NA",
    "gnaf_pid": "GAVIC421127014",
    "ee": true
   }
  },
  {
   "type": "Feature",
   "geometry": {
    "type": "Point",
    "coordinates": [
     144.994485,
     -37.875873
    ]
   },
   "properties": {
    "name": "2 MORRES STREET RIPPONLEA 3185",
    "locID": "LOC000080782037",
    "tech": "HFC",
    "upgrade": "NULL_NA",
    "gnaf_pid": "GAVIC421127015",
    "ee": true
   }
  },
  {
   "type": "Feature",
   "geometry": {
    "type": "Point",
    "coordinates": [
     144.99349813,
     -37.87747888
    ]
   },
   "properties": {
    "name": "88 BRIGHTON ROAD RIPPONLEA 3185",
    "locID": "LOC000088917030",
    "tech": "HFC",
    "upgrade": "NULL_NA",
    "gnaf_pid": "GAVIC421224567",
    "ee": true
   }
  },
  {
   "type": "Feature",
   "geometry": {
    "type": "Point",
    "coordinates": [
     144.994805,
     -37.879582
    ]
   },
   "properties": {
    "name": "122 BRIGHTON ROAD RIPPONLEA 3185",
    "locID": "LOC000046818405",
    "tech": "HFC",
    "upgrade": "NULL_NA",
    "gnaf_pid": "GAVIC421224882",
    "ee": true
   }
  },
  {
   "type": "Feature",
   "geometry": {
    "type": "Point",
    "coordinates": [
     144.99793225,
     -37.876165
    ]
   },
   "properties": {
    "name": "175 HOTHAM STREET RIPPONLEA 3185",
    "locID": "LOC000007737084",
    "tech": "HFC",
    "upgrade": "NULL_NA",
    "gnaf_pid": "GAVIC421230441",
    "ee": true
   }
  },
  {
   "type": "Feature",
   "geometry": {
    "type": "Point",
    "coordinates": [
     144.9968673,
     -37.87817611
    ]
   },
   "properties": {
    "name": "3 QUAT QUATTA AVENUE RIPPONLEA 3185",
    "locID": "LOC000069855382",
    "tech": "HFC",
    "upgrade": "NULL_NA",
    "gnaf_pid": "GAVIC421231134",
    "ee": true
   }
  },
  {
   "type": "Feature",
   "geometry": {
    "type": "Point",
    "coordinates": [
     144.995604,
     -37.880794
    ]
   },
   "properties": {
    "name": "142 BRIGHTON ROAD RIPPONLEA 3185",
    "locID": "LOC000019541783",
    "tech": "HFC",
    "upgrade": "NULL_NA",
    "gnaf_pid": "GAVIC421232833",
    "ee": true
   }
  },
  {
   "type": "Feature",
   "geometry": {
    "type": "Point",
    "coordinates": [
     144.997316,
     -37.879332
    ]
   },
   "properties": {
    "name": "221 HOTHAM STREET RIPPONLEA 3185",
    "locID": "LOC000046760884",
    "tech": "HFC",
    "upgrade": "NULL_NA",
    "gnaf_pid": "GAVIC421318106",
    "ee": true
   }
  },
  {
   "type": "Feature",
   "geometry": {
    "type": "Point",
    "coordinates": [
     144.99632287,
     -37.87686916
    ]
   },
   "properties": {
    "name": "50 GLEN EIRA ROAD RIPPONLEA 3185",
    "locID": "LOC000004248152",
    "tech": "HFC",
    "upgrade": "NULL_NA",
    "gnaf_pid": "GAVIC421358776",
    "ee": true
   }
  },
  {
   "type": "Feature",
   "geometry": {
    "type": "Point",
    "coordinates": [
     144.991787,
     -37.874755
    ]
   },
   "properties": {
    "name": "54 BRIGHTON ROAD RIPPONLEA 3185",
    "locID": "LOC000045460264",
    "tech": "HFC",
    "upgrade": "NULL_NA",
    "gnaf_pid": "GAVIC421372300",
    "ee": true
   }
  },
  {
   "type": "Feature",
   "geometry": {
    "type": "Point",
    "coordinates": [
     144.99231,
     -37.875593
    ]
   },
   "properties": {
    "name": "62 BRIGHTON ROAD RIPPONLEA 3185",
    "locID": "LOC000004460122",
    "tech": "HFC",
    "upgrade": "NULL_NA",
    "gnaf_pid": "GAVIC421372301",
    "ee": true
   }
  },
  {
   "type": "Feature",
   "geometry": {
    "type": "Point",
    "coordinates": [
     144.9930312,
     -37.87678317
    ]
   },
   "properties": {
    "name": "78 BRIGHTON ROAD RIPPONLEA 3185",
    "locID": "LOC000048942087",
    "tech": "HFC",
    "upgrade": "NULL_NA",
    "gnaf_pid": "GAVIC421372302",
    "ee": true
   }
  },
  {
   "type": "Feature",
   "geometry": {
    "type": "Point",
    "coordinates": [
     144.993454,
     -37.877397
    ]
   },
   "properties": {
    "name": "86 BRIGHTON ROAD RIPPONLEA 3185",
    "locID": "LOC000158129410",
    "tech": "HFC",
    "upgrade": "NULL_NA",
    "gnaf_pid": "GAVIC421372305",
    "ee": true
   }
  },
  {
   "type": "Feature",
   "geometry": {
    "type": "Point",
    "coordinates": [
     144.993618,
     -37.87767
    ]
   },
   "properties": {
    "name": "92 BRIGHTON ROAD RIPPONLEA 3185",
    "locID": "LOC000102229713",
    "tech": "HFC",
    "upgrade": "NULL_NA",
    "gnaf_pid": "GAVIC421372307",
    "ee": true
   }
  },
  {
   "type": "Feature",
   "geometry": {
    "type": "Point",
    "coordinates": [
     144.99632,
     -37.881987
    ]
   },
   "properties": {
    "name": "166 BRIGHTON ROAD RIPPONLEA 3185",
    "locID": "LOC000046733634",
    "tech": "HFC",
    "upgrade": "NULL_NA",
    "gnaf_pid": "GAVIC421372314",
    "ee": true
   }
  },
  {
   "type": "Feature",
   "geometry": {
    "type": "Point",
    "coordinates": [
     144.995258,
     -37.878392
    ]
   },
   "properties": {
    "name": "11 ERINDALE AVENUE RIPPONLEA 3185",
    "locID": "LOC000051642044",
    "tech": "HFC",
    "upgrade": "NULL_NA",
    "gnaf_pid": "GAVIC421379636",
    "ee": true
   }
  },
  {
   "type": "Feature",
   "geometry": {
    "type": "Point",
    "coordinates": [
     144.994957,
     -37.877747
    ]
   },
   "properties": {
    "name": "11 FULLER ROAD RIPPONLEA 3185",
    "locID": "LOC000006892573",
    "tech": "HFC",
    "upgrade": "NULL_NA",
    "gnaf_pid": "GAVIC421390717",
    "ee": true
   }
  },
  {
   "type": "Feature",
   "geometry": {
    "type": "Point",
    "coordinates": [
     144.99458296,
     -37.87707879
    ]
   },
   "properties": {
    "name": "14 GLEN EIRA ROAD RIPPONLEA 3185",
    "locID": "LOC000016123192",
    "tech": "HFC",
    "upgrade": "NULL_NA",
    "gnaf_pid": "GAVIC421390728",
    "ee": true
   }
  },
  {
   "type": "Feature",
   "geometry": {
    "type": "Point",
    "coordinates": [
     144.99632,
     -37.876544
    ]
   },
   "properties": {
    "name": "31 GLEN EIRA ROAD RIPPONLEA 3185",
    "locID": "LOC000036222008",
    "tech": "HFC",
    "upgrade": "NULL_NA",
    "gnaf_pid": "GAVIC421390732",
    "ee": true
   }
  },
  {
   "type": "Feature",
   "geometry": {
    "type": "Point",
    "coordinates": [
     144.996039,
     -37.876837
    ]
   },
   "properties": {
    "name": "40 GLEN EIRA ROAD RIPPONLEA 3185",
    "locID": "LOC000049901475",
    "tech": "HFC",
    "upgrade": "NULL_NA",
    "gnaf_pid": "GAVIC421390733",
    "ee": true
   }
  },
  {
   "type": "Feature",
   "geometry": {
    "type": "Point",
    "coordinates": [
     144.994432,
     -37.876161
    ]
   },
   "properties": {
    "name": "4 MORRES STREET RIPPONLEA 3185",
    "locID": "LOC000023380439",
    "tech": "HFC",
    "upgrade": "NULL_NA",
    "gnaf_pid": "GAVIC421397703",
    "ee": true
   }
  },
  {
   "type": "Feature",
   "geometry": {
    "type": "Point",
    "coordinates": [
     144.9956,
     -37.879623
    ]
   },
   "properties": {
    "name": "3 HOTHAM GROVE RIPPONLEA 3185",
    "locID": "LOC000194277543",
    "tech": "HFC",
    "upgrade": "NULL_NA",
    "gnaf_pid": "GAVIC421397917",
    "ee": true
   }
  },
  {
   "type": "Feature",
   "geometry": {
    "type": "Point",
    "coordinates": [
     144.99768125,
     -37.87751361
    ]
   },
   "properties": {
    "name": "189 HOTHAM STREET RIPPONLEA 3185",
    "locID": "LOC000164274710",
    "tech": "HFC",
    "upgrade": "NULL_NA",
    "gnaf_pid": "GAVIC421397922",
    "ee": true
   }
  },
  {
   "type": "Feature",
   "geometry": {
    "type": "Point",
    "coordinates": [
     144.996891,
     -37.876022
    ]
   },
   "properties": {
    "name": "11 OAK GROVE RIPPONLEA 3185",
    "locID": "LOC000032129520",
    "tech": "HFC",
    "upgrade": "NULL_NA",
    "gnaf_pid": "GAVIC421401566",
    "ee": true
   }
  },
  {
   "type": "Feature",
   "geometry": {
    "type": "Point",
    "coordinates": [
     144.995608,
     -37.875541
    ]
   },
   "properties": {
    "name": "38 OAK GROVE RIPPONLEA 3185",
    "locID": "LOC000091524009",
    "tech": "HFC",
    "upgrade": "NULL_NA",
    "gnaf_pid": "GAVIC421405608",
    "ee": true
   }
  },
  {
   "type": "Feature",
   "geometry": {
    "type": "Point",
    "coordinates": [
     144.99529,
     -37.878455
    ]
   },
   "properties": {
    "name": "13 ERINDALE AVENUE RIPPONLEA 3185",
    "locID": "LOC000038934720",
    "tech": "HFC",
    "upgrade": "NULL_NA",
    "gnaf_pid": "GAVIC421411440",
    "ee": true
   }
  },
  {
   "type": "Feature",
   "geometry": {
    "type": "Point",
    "coordinates": [
     144.996079,
     -37.880406
    ]
   },
   "properties": {
    "name": "9 BELL STREET RIPPONLEA 3185",
    "locID": "LOC000084896929",
    "tech": "HFC",
    "upgrade": "NULL_NA",
    "gnaf_pid": "GAVIC421415675",
    "ee": true
   }
  },
  {
   "type": "Feature",
   "geometry": {
    "type": "Point",
    "coordinates": [
     144.99712752,
     -37.87696396
    ]
   },
   "properties": {
    "name": "70 GLEN EIRA ROAD RIPPONLEA 3185",
    "locID": "LOC000003640118",
    "tech": "HFC",
    "upgrade": "NULL_NA",
    "gnaf_pid": "GAVIC421416130",
    "ee": true
   }
  },
  {
   "type": "Feature",
   "geometry": {
    "type": "Point",
    "coordinates": [
     144.997059,
     -37.880729
    ]
   },
   "properties": {
    "name": "229 HOTHAM STREET RIPPONLEA 3185",
    "locID": "LOC000171801639",
    "tech": "HFC",
    "upgrade": "NULL_NA",
    "gnaf_pid": "GAVIC421419587",
    "ee": true
   }
  },
  {
   "type": "Feature",
   "geometry": {
    "type": "Point",
    "coordinates": [
     144.996992,
     -37.881107
    ]
   },
   "properties": {
    "name": "239 HOTHAM STREET RIPPONLEA 3185",
    "locID": "LOC000096782130",
    "tech": "HFC",
    "upgrade": "NULL_NA",
    "gnaf_pid": "GAVIC421419588",
    "ee": true
   }
  },
  {
   "type": "Feature",
   "geometry": {
    "type": "Point",
    "coordinates": [
     144.996829,
     -37.882086
    ]
   },
   "properties": {
    "name": "255 HOTHAM STREET RIPPONLEA 3185",
    "locID": "LOC000008493786",
    "tech": "HFC",
    "upgrade": "NULL_NA",
    "gnaf_pid": "GAVIC421419589",
    "ee": true
   }
  },
  {
   "type": "Feature",
   "geometry": {
    "type": "Point",
    "coordinates": [
     144.996333,
     -37.878996
    ]
   },
   "properties": {
    "name": "44 LYNDON STREET RIPPONLEA 3185",
    "locID": "LOC000070059616",
    "tech": "HFC",
    "upgrade": "NULL_NA",
    "gnaf_pid": "GAVIC421437440",
    "ee": true
   }
  },
  {
   "type": "Feature",
   "geometry": {
    "type": "Point",
    "coordinates": [
     144.996549,
     -37.878143
    ]
   },
   "properties": {
    "name": "7 QUAT QUATTA AVENUE RIPPONLEA 3185",
    "locID": "LOC000017732472",
    "tech": "HFC",
    "upgrade": "NULL_NA",
    "gnaf_pid": "GAVIC421448376",
    "ee": true
   }
  },
  {
   "type": "Feature",
   "geometry": {
    "type": "Point",
    "coordinates": [
     144.996543,
     -37.877125
    ]
   },
   "properties": {
    "name": "17 QUAT QUATTA AVENUE RIPPONLEA 3185",
    "locID": "LOC000081118150",
    "tech": "HFC",
    "upgrade": "NULL_NA",
    "gnaf_pid": "GAVIC421448377",
    "ee": true
   }
  },
  {
   "type": "Feature",
   "geometry": {
    "type": "Point",
    "coordinates": [
     144.99458945,
     -37.87790301
    ]
   },
   "properties": {
    "name": "5A FULLER ROAD RIPPONLEA 3185",
    "locID": "LOC000093599978",
    "tech": "HFC",
    "upgrade": "NULL_NA",
    "gnaf_pid": "GAVIC421448515",
    "ee": true
   }
  },
  {
   "type": "Feature",
   "geometry": {
    "type": "Point",
    "coordinates": [
     144.993523,
     -37.87528
    ]
   },
   "properties": {
    "name": "13 MARYVILLE STREET RIPPONLEA 3185",
    "locID": "LOC000087303271",
    "tech": "HFC",
    "upgrade": "NULL_NA",
    "gnaf_pid": "GAVIC421448516",
    "ee": true
   }
  },
  {
   "type": "Feature",
   "geometry": {
    "type": "Point",
    "coordinates": [
     144.99740389,
     -37.87893322
    ]
   },
   "properties": {
    "name": "211 HOTHAM STREET RIPPONLEA 3185",
    "locID": "LOC000059513233",
    "tech": "HFC",
    "upgrade": "NULL_NA",
    "gnaf_pid": "GAVIC421486662",
    "ee": true
   }
  },
  {
   "type": "Feature",
   "geometry": {
    "type": "Point",
    "coordinates": [
     144.99619009,
     -37.88176927
    ]
   },
   "properties": {
    "name": "162 BRIGHTON ROAD RIPPONLEA 3185",
    "locID": "LOC000088654173",
    "tech": "HFC",
    "upgrade": "NULL_NA",
    "gnaf_pid": "GAVIC421531146",
    "ee": true
   }
  },
  {
   "type": "Feature",
   "geometry": {
    "type": "Point",
    "coordinates": [
     144.99712752,
     -37.87696396
    ]
   },
   "properties": {
    "name": "68 GLEN EIRA ROAD RIPPONLEA 3185",
    "locID": "LOC000085656503",
    "tech": "HFC",
    "upgrade": "NULL_NA",
    "gnaf_pid": "GAVIC421605826",
    "ee": true
   }
  },
  {
   "type": "Feature",
   "geometry": {
    "type": "Point",
    "coordinates": [
     144.997192,
     -37.876649
    ]
   },
   "properties": {
    "name": "65 GLEN EIRA ROAD RIPPONLEA 3185",
    "locID": "LOC000077437569",
    "tech": "HFC",
    "upgrade": "NULL_NA",
    "gnaf_pid": "GAVIC421614474",
    "ee": true
   }
  },
  {
   "type": "Feature",
   "geometry": {
    "type": "Point",
    "coordinates": [
     144.995155,
     -37.876723
    ]
   },
   "properties": {
    "name": "22 GLEN EIRA ROAD RIPPONLEA 3185",
    "locID": "LOC000026090256",
    "tech": "HFC",
    "upgrade": "NULL_NA",
    "gnaf_pid": "GAVIC421618559",
    "ee": true
   }
  },
  {
   "type": "Feature",
   "geometry": {
    "type": "Point",
    "coordinates": [
     144.995971,
     -37.876827
    ]
   },
   "properties": {
    "name": "38 GLEN EIRA ROAD RIPPONLEA 3185",
    "locID": "LOC000075568147",
    "tech": "HFC",
    "upgrade": "NULL_NA",
    "gnaf_pid": "GAVIC421628812",
    "ee": true
   }
  },
  {
   "type": "Feature",
   "geometry": {
    "type": "Point",
    "coordinates": [
     144.99501443,
     -37.87671589
    ]
   },
   "properties": {
    "name": "20 GLEN EIRA ROAD RIPPONLEA 3185",
    "locID": "LOC000014319846",
    "tech": "HFC",
    "upgrade": "NULL_NA",
    "gnaf_pid": "GAVIC421639268",
    "ee": true
   }
  },
  {
   "type": "Feature",
   "geometry": {
    "type": "Point",
    "coordinates": [
     144.996716,
     -37.876596
    ]
   },
   "properties": {
    "name": "47 GLEN EIRA ROAD RIPPONLEA 3185",
    "locID": "LOC000064664582",
    "tech": "HFC",
    "upgrade": "NULL_NA",
    "gnaf_pid": "GAVIC421653557",
    "ee": true
   }
  },
  {
   "type": "Feature",
   "geometry": {
    "type": "Point",
    "coordinates": [
     144.992626,
     -37.876094
    ]
   },
   "properties": {
    "name": "70 BRIGHTON ROAD RIPPONLEA 3185",
    "locID": "LOC000062283578",
    "tech": "HFC",
    "upgrade": "NULL_NA",
    "gnaf_pid": "GAVIC421657153",
    "ee": true
   }
  },
  {
   "type": "Feature",
   "geometry": {
    "type": "Point",
    "coordinates": [
     144.99448638,
     -37.87665423
    ]
   },
   "properties": {
    "name": "12 GLEN EIRA ROAD RIPPONLEA 3185",
    "locID": "LOC000032030629",
    "tech": "HFC",
    "upgrade": "NULL_NA",
    "gnaf_pid": "GAVIC421675334",
    "ee": true
   }
  },
  {
   "type": "Feature",
   "geometry": {
    "type": "Point",
    "coordinates": [
     144.995855,
     -37.876491
    ]
   },
   "properties": {
    "name": "17 GLEN EIRA ROAD RIPPONLEA 3185",
    "locID": "LOC000092521140",
    "tech": "HFC",
    "upgrade": "NULL_NA",
    "gnaf_pid": "GAVIC421675335",
    "ee": true
   }
  },
  {
   "type": "Feature",
   "geometry": {
    "type": "Point",
    "coordinates": [
     144.995923,
     -37.876501
    ]
   },
   "properties": {
    "name": "19 GLEN EIRA ROAD RIPPONLEA 3185",
    "locID": "LOC000025169826",
    "tech": "HFC",
    "upgrade": "NULL_NA",
    "gnaf_pid": "GAVIC421675336",
    "ee": true
   }
  },
  {
   "type": "Feature",
   "geometry": {
    "type": "Point",
    "coordinates": [
     144.996243,
     -37.876867
    ]
   },
   "properties": {
    "name": "46 GLEN EIRA ROAD RIPPONLEA 3185",
    "locID": "LOC000004425064",
    "tech": "HFC",
    "upgrade": "NULL_NA",
    "gnaf_pid": "GAVIC421675339",
    "ee": true
   }
  },
  {
   "type": "Feature",
   "geometry": {
    "type": "Point",
    "coordinates": [
     144.992505,
     -37.87592
    ]
   },
   "properties": {
    "name": "66 BRIGHTON ROAD RIPPONLEA 3185",
    "locID": "LOC000030979104",
    "tech": "HFC",
    "upgrade": "NULL_NA",
    "gnaf_pid": "GAVIC421686312",
    "ee": true
   }
  },
  {
   "type": "Feature",
   "geometry": {
    "type": "Point",
    "coordinates": [
     144.99578804,
     -37.8764634
    ]
   },
   "properties": {
    "name": "4 GLEN EIRA AVENUE RIPPONLEA 3185",
    "locID": "LOC000164274687",
    "tech": "HFC",
    "upgrade": "NULL_NA",
    "gnaf_pid": "GAVIC421686323",
    "ee": true
   }
  },
  {
   "type": "Feature",
   "geometry": {
    "type": "Point",
    "coordinates": [
     144.99637618,
     -37.88005964
    ]
   },
   "properties": {
    "name": "10 HOTHAM GROVE RIPPONLEA 3185",
    "locID": "LOC000040825576",
    "tech": "HFC",
    "upgrade": "NULL_NA",
    "gnaf_pid": "GAVIC421689899",
    "ee": true
   }
  },
  {
   "type": "Feature",
   "geometry": {
    "type": "Point",
    "coordinates": [
     144.996513,
     -37.880314
    ]
   },
   "properties": {
    "name": "12 HOTHAM GROVE RIPPONLEA 3185",
    "locID": "LOC000106247836",
    "tech": "HFC",
    "upgrade": "NULL_NA",
    "gnaf_pid": "GAVIC421689901",
    "ee": true
   }
  },
  {
   "type": "Feature",
   "geometry": {
    "type": "Point",
    "coordinates": [
     144.996597,
     -37.879739
    ]
   },
   "properties": {
    "name": "19 HOTHAM GROVE RIPPONLEA 3185",
    "locID": "LOC000036531665",
    "tech": "HFC",
    "upgrade": "NULL_NA",
    "gnaf_pid": "GAVIC421689902",
    "ee": true
   }
  },
  {
   "type": "Feature",
   "geometry": {
    "type": "Point",
    "coordinates": [
     144.994522,
     -37.879127
    ]
   },
   "properties": {
    "name": "114 BRIGHTON ROAD RIPPONLEA 3185",
    "locID": "LOC000104890586",
    "tech": "HFC",
    "upgrade": "NULL_NA",
    "gnaf_pid": "GAVIC421700623",
    "ee": true
   }
  },
  {
   "type": "Feature",
   "geometry": {
    "type": "Point",
    "coordinates": [
     144.995262,
     -37.88032
    ]
   },
   "properties": {
    "name": "132 BRIGHTON ROAD RIPPONLEA 3185",
    "locID": "LOC000086670053",
    "tech": "HFC",
    "upgrade": "NULL_NA",
    "gnaf_pid": "GAVIC421700627",
    "ee": true
   }
  },
  {
   "type": "Feature",
   "geometry": {
    "type": "Point",
    "coordinates": [
     144.996807,
     -37.876598
    ]
   },
   "properties": {
    "name": "51 GLEN EIRA ROAD RIPPONLEA 3185",
    "locID": "LOC000171801472",
    "tech": "HFC",
    "upgrade": "NULL_NA",
    "gnaf_pid": "GAVIC421700633",
    "ee": true
   }
  },
  {
   "type": "Feature",
   "geometry": {
    "type": "Point",
    "coordinates": [
     144.997421,
     -37.877005
    ]
   },
   "properties": {
    "name": "76 GLEN EIRA ROAD RIPPONLEA 3185",
    "locID": "LOC000070839846",
    "tech": "HFC",
    "upgrade": "NULL_NA",
    "gnaf_pid": "GAVIC421700636",
    "ee": true
   }
  },
  {
   "type": "Feature",
   "geometry": {
    "type": "Point",
    "coordinates": [
     144.99749897,
     -37.87668191
    ]
   },
   "properties": {
    "name": "77 GLEN EIRA ROAD RIPPONLEA 3185",
    "locID": "LOC000003569867",
    "tech": "HFC",
    "upgrade": "NULL_NA",
    "gnaf_pid": "GAVIC421700637",
    "ee": true
   }
  },
  {
   "type": "Feature",
   "geometry": {
    "type": "Point",
    "coordinates": [
     144.997907,
     -37.876283
    ]
   },
   "properties": {
    "name": "177 HOTHAM STREET RIPPONLEA 3185",
    "locID": "LOC000038164772",
    "tech": "HFC",
    "upgrade": "NULL_NA",
    "gnaf_pid": "GAVIC421704112",
    "ee": true
   }
  },
  {
   "type": "Feature",
   "geometry": {
    "type": "Point",
    "coordinates": [
     144.996979,
     -37.88116
    ]
   },
   "properties": {
    "name": "241 HOTHAM STREET RIPPONLEA 3185",
    "locID": "LOC000094007598",
    "tech": "HFC",
    "upgrade": "NULL_NA",
    "gnaf_pid": "GAVIC421704113",
    "ee": true
   }
  },
  {
   "type": "Feature",
   "geometry": {
    "type": "Point",
    "coordinates": [
     144.99775,
     -37.877037
    ]
   },
   "properties": {
    "name": "82 GLEN EIRA ROAD RIPPONLEA 3185",
    "locID": "LOC000019387216",
    "tech": "HFC",
    "upgrade": "NULL_NA",
    "gnaf_pid": "GAVIC421712225",
    "ee": true
   }
  },
  {
   "type": "Feature",
   "geometry": {
    "type": "Point",
    "coordinates": [
     144.992639,
     -37.875175
    ]
   },
   "properties": {
    "name": "5 MARYVILLE STREET RIPPONLEA 3185",
    "locID": "LOC000098593348",
    "tech": "HFC",
    "upgrade": "NULL_NA",
    "gnaf_pid": "GAVIC421719776",
    "ee": true
   }
  },
  {
   "type": "Feature",
   "geometry": {
    "type": "Point",
    "coordinates": [
     144.99396096,
     -37.87735732
    ]
   },
   "properties": {
    "name": "2 VICTORIA AVENUE RIPPONLEA 3185",
    "locID": "LOC000112811937",
    "tech": "HFC",
    "upgrade": "NULL_NA",
    "gnaf_pid": "GAVIC421719871",
    "ee": true
   }
  },
  {
   "type": "Feature",
   "geometry": {
    "type": "Point",
    "coordinates": [
     144.994883,
     -37.877106
    ]
   },
   "properties": {
    "name": "5 VICTORIA AVENUE RIPPONLEA 3185",
    "locID": "LOC000019459275",
    "tech": "HFC",
    "upgrade": "NULL_NA",
    "gnaf_pid": "GAVIC421719872",
    "ee": true
   }
  },
  {
   "type": "Feature",
   "geometry": {
    "type": "Point",
    "coordinates": [
     144.9942738,
     -37.87738396
    ]
   },
   "properties": {
    "name": "8A VICTORIA AVENUE RIPPONLEA 3185",
    "locID": "LOC000036025402",
    "tech": "HFC",
    "upgrade": "NULL_NA",
    "gnaf_pid": "GAVIC421719873",
    "ee": true
   }
  },
  {
   "type": "Feature",
   "geometry": {
    "type": "Point",
    "coordinates": [
     144.996182,
     -37.878705
    ]
   },
   "properties": {
    "name": "38 LYNDON STREET RIPPONLEA 3185",
    "locID": "LOC000070484597",
    "tech": "HFC",
    "upgrade": "NULL_NA",
    "gnaf_pid": "GAVIC421720113",
    "ee": true
   }
  },
  {
   "type": "Feature",
   "geometry": {
    "type": "Point",
    "coordinates": [
     144.996408,
     -37.87915
    ]
   },
   "properties": {
    "name": "46 LYNDON STREET RIPPONLEA 3185",
    "locID": "LOC000002871537",
    "tech": "HFC",
    "upgrade": "NULL_NA",
    "gnaf_pid": "GAVIC421720114",
    "ee": true
   }
  },
  {
   "type": "Feature",
   "geometry": {
    "type": "Point",
    "coordinates": [
     144.994819,
     -37.877789
    ]
   },
   "properties": {
    "name": "9 FULLER ROAD RIPPONLEA 3185",
    "locID": "LOC000014327168",
    "tech": "HFC",
    "upgrade": "NULL_NA",
    "gnaf_pid": "GAVIC421720180",
    "ee": true
   }
  },
  {
   "type": "Feature",
   "geometry": {
    "type": "Point",
    "coordinates": [
     144.995801,
     -37.875562
    ]
   },
   "properties": {
    "name": "34 OAK GROVE RIPPONLEA 3185",
    "locID": "LOC000073261173",
    "tech": "HFC",
    "upgrade": "NULL_NA",
    "gnaf_pid": "GAVIC421734339",
    "ee": true
   }
  },
  {
   "type": "Feature",
   "geometry": {
    "type": "Point",
    "coordinates": [
     144.996777,
     -37.877714
    ]
   },
   "properties": {
    "name": "8 QUAT QUATTA AVENUE RIPPONLEA 3185",
    "locID": "LOC000015366083",
    "tech": "HFC",
    "upgrade": "NULL_NA",
    "gnaf_pid": "GAVIC421738446",
    "ee": true
   }
  },
  {
   "type": "Feature",
   "geometry": {
    "type": "Point",
    "coordinates": [
     144.994458,
     -37.876017
    ]
   },
   "properties": {
    "name": "3 MORRES STREET RIPPONLEA 3185",
    "locID": "LOC000010215694",
    "tech": "HFC",
    "upgrade": "NULL_NA",
    "gnaf_pid": "GAVIC421739104",
    "ee": true
   }
  },
  {
   "type": "Feature",
   "geometry": {
    "type": "Point",
    "coordinates": [
     144.993931,
     -37.874926
    ]
   },
   "properties": {
    "name": "18 MONKSTADT AVENUE RIPPONLEA 3185",
    "locID": "LOC000094446953",
    "tech": "HFC",
    "upgrade": "NULL_NA",
    "gnaf_pid": "GAVIC421745266",
    "ee": true
   }
  },
  {
   "type": "Feature",
   "geometry": {
    "type": "Point",
    "coordinates": [
     144.994112,
     -37.874939
    ]
   },
   "properties": {
    "name": "20 MONKSTADT AVENUE RIPPONLEA 3185",
    "locID": "LOC000046719219",
    "tech": "HFC",
    "upgrade": "NULL_NA",
    "gnaf_pid": "GAVIC421745267",
    "ee": true
   }
  },
  {
   "type": "Feature",
   "geometry": {
    "type": "Point",
    "coordinates": [
     144.997038,
     -37.876043
    ]
   },
   "properties": {
    "name": "9 OAK GROVE RIPPONLEA 3185",
    "locID": "LOC000002841791",
    "tech": "HFC",
    "upgrade": "NULL_NA",
    "gnaf_pid": "GAVIC421745371",
    "ee": true
   }
  },
  {
   "type": "Feature",
   "geometry": {
    "type": "Point",
    "coordinates": [
     144.99711597,
     -37.87571114
    ]
   },
   "properties": {
    "name": "14 OAK GROVE RIPPONLEA 3185",
    "locID": "LOC000098197007",
    "tech": "HFC",
    "upgrade": "NULL_NA",
    "gnaf_pid": "GAVIC421745373",
    "ee": true
   }
  },
  {
   "type": "Feature",
   "geometry": {
    "type": "Point",
    "coordinates": [
     144.99652676,
     -37.87563803
    ]
   },
   "properties": {
    "name": "26 OAK GROVE RIPPONLEA 3185",
    "locID": "LOC000043481393",
    "tech": "HFC",
    "upgrade": "NULL_NA",
    "gnaf_pid": "GAVIC421745374",
    "ee": true
   }
  },
  {
   "type": "Feature",
   "geometry": {
    "type": "Point",
    "coordinates": [
     144.997093,
     -37.878207
    ]
   },
   "properties": {
    "name": "1 QUAT QUATTA AVENUE RIPPONLEA 3185",
    "locID": "LOC000016061952",
    "tech": "HFC",
    "upgrade": "NULL_NA",
    "gnaf_pid": "GAVIC421749462",
    "ee": true
   }
  },
  {
   "type": "Feature",
   "geometry": {
    "type": "Point",
    "coordinates": [
     144.996685,
     -37.878164
    ]
   },
   "properties": {
    "name": "5 QUAT QUATTA AVENUE RIPPONLEA 3185",
    "locID": "LOC000020089580",
    "tech": "HFC",
    "upgrade": "NULL_NA",
    "gnaf_pid": "GAVIC421749463",
    "ee": true
   }
  },
  {
   "type": "Feature",
   "geometry": {
    "type": "Point",
    "coordinates": [
     144.995214,
     -37.878319
    ]
   },
   "properties": {
    "name": "9 ERINDALE AVENUE RIPPONLEA 3185",
    "locID": "LOC000089756429",
    "tech": "HFC",
    "upgrade": "NULL_NA",
    "gnaf_pid": "GAVIC421760783",
    "ee": true
   }
  },
  {
   "type": "Feature",
   "geometry": {
    "type": "Point",
    "coordinates": [
     144.995359,
     -37.879691
    ]
   },
   "properties": {
    "name": "1 HOTHAM GROVE RIPPONLEA 3185",
    "locID": "LOC000085129558",
    "tech": "HFC",
    "upgrade": "NULL_NA",
    "gnaf_pid": "GAVIC421784930",
    "ee": true
   }
  },
  {
   "type": "Feature",
   "geometry": {
    "type": "Point",
    "coordinates": [
     144.995999,
     -37.880008
    ]
   },
   "properties": {
    "name": "4 HOTHAM GROVE RIPPONLEA 3185",
    "locID": "LOC000006209204",
    "tech": "HFC",
    "upgrade": "NULL_NA",
    "gnaf_pid": "GAVIC421784931",
    "ee": true
   }
  },
  {
   "type": "Feature",
   "geometry": {
    "type": "Point",
    "coordinates": [
     144.996134,
     -37.880029
    ]
   },
   "properties": {
    "name": "6 HOTHAM GROVE RIPPONLEA 3185",
    "locID": "LOC000024373178",
    "tech": "HFC",
    "upgrade": "NULL_NA",
    "gnaf_pid": "GAVIC421784932",
    "ee": true
   }
  },
  {
   "type": "Feature",
   "geometry": {
    "type": "Point",
    "coordinates": [
     144.99628968,
     -37.87972038
    ]
   },
   "properties": {
    "name": "13 HOTHAM GROVE RIPPONLEA 3185",
    "locID": "LOC000075520588",
    "tech": "HFC",
    "upgrade": "NULL_NA",
    "gnaf_pid": "GAVIC421784933",
    "ee": true
   }
  },
  {
   "type": "Feature",
   "geometry": {
    "type": "Point",
    "coordinates": [
     144.996887,
     -37.880357
    ]
   },
   "properties": {
    "name": "16 HOTHAM GROVE RIPPONLEA 3185",
    "locID": "LOC000086536265",
    "tech": "HFC",
    "upgrade": "NULL_NA",
    "gnaf_pid": "GAVIC421784935",
    "ee": true
   }
  },
  {
   "type": "Feature",
   "geometry": {
    "type": "Point",
    "coordinates": [
     144.993435,
     -37.875603
    ]
   },
   "properties": {
    "name": "10 MARYVILLE STREET RIPPONLEA 3185",
    "locID": "LOC000037068581",
    "tech": "HFC",
    "upgrade": "NULL_NA",
    "gnaf_pid": "GAVIC421794604",
    "ee": true
   }
  },
  {
   "type": "Feature",
   "geometry": {
    "type": "Point",
    "coordinates": [
     144.995925,
     -37.875573
    ]
   },
   "properties": {
    "name": "32 OAK GROVE RIPPONLEA 3185",
    "locID": "LOC000037668408",
    "tech": "HFC",
    "upgrade": "NULL_NA",
    "gnaf_pid": "GAVIC421794606",
    "ee": true
   }
  },
  {
   "type": "Feature",
   "geometry": {
    "type": "Point",
    "coordinates": [
     144.995512,
     -37.880686
    ]
   },
   "properties": {
    "name": "140 BRIGHTON ROAD RIPPONLEA 3185",
    "locID": "LOC000107513954",
    "tech": "HFC",
    "upgrade": "NULL_NA",
    "gnaf_pid": "GAVIC421794735",
    "ee": true
   }
  },
  {
   "type": "Feature",
   "geometry": {
    "type": "Point",
    "coordinates": [
     144.99767,
     -37.876118
    ]
   },
   "properties": {
    "name": "1 OAK GROVE RIPPONLEA 3185",
    "locID": "LOC000056196384",
    "tech": "HFC",
    "upgrade": "NULL_NA",
    "gnaf_pid": "GAVIC421817525",
    "ee": true
   }
  },
  {
   "type": "Feature",
   "geometry": {
    "type": "Point",
    "coordinates": [
     144.993901,
     -37.878116
    ]
   },
   "properties": {
    "name": "98 BRIGHTON ROAD RIPPONLEA 3185",
    "locID": "LOC000069361195",
    "tech": "HFC",
    "upgrade": "NULL_NA",
    "gnaf_pid": "GAVIC421847505",
    "ee": true
   }
  },
  {
   "type": "Feature",
   "geometry": {
    "type": "Point",
    "coordinates": [
     144.9934308,
     -37.87618906
    ]
   },
   "properties": {
    "name": "3 GLEN EIRA ROAD RIPPONLEA 3185",
    "locID": "LOC000059832686",
    "tech": "HFC",
    "upgrade": "NULL_NA",
    "gnaf_pid": "GAVIC421883572",
    "ee": true
   }
  },
  {
   "type": "Feature",
   "geometry": {
    "type": "Point",
    "coordinates": [
     144.99780764,
     -37.87703861
    ]
   },
   "properties": {
    "name": "84 GLEN EIRA ROAD RIPPONLEA 3185",
    "locID": "LOC000051658232",
    "tech": "HFC",
    "upgrade": "NULL_NA",
    "gnaf_pid": "GAVIC421903067",
    "ee": true
   }
  },
  {
   "type": "Feature",
   "geometry": {
    "type": "Point",
    "coordinates": [
     144.995903,
     -37.876816
    ]
   },
   "properties": {
    "name": "36 GLEN EIRA ROAD RIPPONLEA 3185",
    "locID": "LOC000067125931",
    "tech": "HFC",
    "upgrade": "NULL_NA",
    "gnaf_pid": "GAVIC421905487",
    "ee": true
   }
  },
  {
   "type": "Feature",
   "geometry": {
    "type": "Point",
    "coordinates": [
     144.99582952,
     -37.8763962
    ]
   },
   "properties": {
    "name": "6 GLEN EIRA AVENUE RIPPONLEA 3185",
    "locID": "LOC000071359687",
    "tech": "HFC",
    "upgrade": "NULL_NA",
    "gnaf_pid": "GAVIC421910633",
    "ee": true
   }
  },
  {
   "type": "Feature",
   "geometry": {
    "type": "Point",
    "coordinates": [
     144.99749897,
     -37.87668191
    ]
   },
   "properties": {
    "name": "79 GLEN EIRA ROAD RIPPONLEA 3185",
    "locID": "LOC000013867772",
    "tech": "HFC",
    "upgrade": "NULL_NA",
    "gnaf_pid": "GAVIC421950505",
    "ee": true
   }
  },
  {
   "type": "Feature",
   "geometry": {
    "type": "Point",
    "coordinates": [
     144.997306,
     -37.87666
    ]
   },
   "properties": {
    "name": "69 GLEN EIRA ROAD RIPPONLEA 3185",
    "locID": "LOC000058825072",
    "tech": "HFC",
    "upgrade": "NULL_NA",
    "gnaf_pid": "GAVIC421953545",
    "ee": true
   }
  },
  {
   "type": "Feature",
   "geometry": {
    "type": "Point",
    "coordinates": [
     144.99378418,
     -37.87657358
    ]
   },
   "properties": {
    "name": "6-8 GLEN EIRA ROAD RIPPONLEA 3185",
    "locID": "LOC000171801536",
    "tech": "HFC",
    "upgrade": "NULL_NA",
    "gnaf_pid": "GAVIC422092550",
    "ee": true
   }
  },
  {
   "type": "Feature",
   "geometry": {
    "type": "Point",
    "coordinates": [
     144.99322257,
     -37.87557789
    ]
   },
   "properties": {
    "name": "8 MARYVILLE STREET RIPPONLEA 3185",
    "locID": "LOC000006069016",
    "tech": "HFC",
    "upgrade": "NULL_NA",
    "gnaf_pid": "GAVIC422102609",
    "ee": true
   }
  },
  {
   "type": "Feature",
   "geometry": {
    "type": "Point",
    "coordinates": [
     144.9956957,
     -37.88097439
    ]
   },
   "properties": {
    "name": "UNIT 10, 144-146 BRIGHTON ROAD RIPPONLEA 3185",
    "locID": "LOC000158128436",
    "tech": "HFC",
    "upgrade": "NULL_NA",
    "gnaf_pid": "GAVIC423060923",
    "ee": true
   }
  },
  {
   "type": "Feature",
   "geometry": {
    "type": "Point",
    "coordinates": [
     144.9956957,
     -37.88097439
    ]
   },
   "properties": {
    "name": "UNIT 11, 144-146 BRIGHTON ROAD RIPPONLEA 3185",
    "locID": "LOC000158128458",
    "tech": "HFC",
    "upgrade": "NULL_NA",
    "gnaf_pid": "GAVIC423060924",
    "ee": true
   }
  },
  {
   "type": "Feature",
   "geometry": {
    "type": "Point",
    "coordinates": [
     144.9956957,
     -37.88097439
    ]
   },
   "properties": {
    "name": "UNIT 12, 144-146 BRIGHTON ROAD RIPPONLEA 3185",
    "locID": "LOC000158128462",
    "tech": "HFC",
    "upgrade": "NULL_NA",
    "gnaf_pid": "GAVIC423060925",
    "ee": true
   }
  },
  {
   "type": "Feature",
   "geometry": {
    "type": "Point",
    "coordinates": [
     144.9956957,
     -37.88097439
    ]
   },
   "properties": {
    "name": "UNIT 13, 144-146 BRIGHTON ROAD RIPPONLEA 3185",
    "locID": "LOC000158128489",
    "tech": "HFC",
    "upgrade": "NULL_NA",
    "gnaf_pid": "GAVIC423060927",
    "ee": true
   }
  },
  {
   "type": "Feature",
   "geometry": {
    "type": "Point",
    "coordinates": [
     144.9956957,
     -37.88097439
    ]
   },
   "properties": {
    "name": "UNIT 14, 144-146 BRIGHTON ROAD RIPPONLEA 3185",
    "locID": "LOC000158129084",
    "tech": "HFC",
    "upgrade": "NULL_NA",
    "gnaf_pid": "GAVIC423060928",
    "ee": true
   }
  },
  {
   "type": "Feature",
   "geometry": {
    "type": "Point",
    "coordinates": [
     144.9956957,
     -37.88097439
    ]
   },
   "properties": {
    "name": "UNIT 15, 144-146 BRIGHTON ROAD RIPPONLEA 3185",
    "locID": "LOC000158128914",
    "tech": "HFC",
    "upgrade": "NULL_NA",
    "gnaf_pid": "GAVIC423060929",
    "ee": true
   }
  },
  {
   "type": "Feature",
   "geometry": {
    "type": "Point",
    "coordinates": [
     144.9956957,
     -37.88097439
    ]
   },
   "properties": {
    "name": "UNIT 16, 144-146 BRIGHTON ROAD RIPPONLEA 3185",
    "locID": "LOC000158128933",
    "tech": "HFC",
    "upgrade": "NULL_NA",
    "gnaf_pid": "GAVIC423060930",
    "ee": true
   }
  },
  {
   "type": "Feature",
   "geometry": {
    "type": "Point",
    "coordinates": [
     144.9956957,
     -37.88097439
    ]
   },
   "properties": {
    "name": "UNIT 1, 144-146 BRIGHTON ROAD RIPPONLEA 3185",
    "locID": "LOC000158128914",
    "tech": "HFC",
    "upgrade": "NULL_NA",
    "gnaf_pid": "GAVIC423060933",
    "ee": true
   }
  },
  {
   "type": "Feature",
   "geometry": {
    "type": "Point",
    "coordinates": [
     144.993454,
     -37.877397
    ]
   },
   "properties": {
    "name": "UNIT 1, 86 BRIGHTON ROAD RIPPONLEA 3185",
    "locID": "LOC000158129410",
    "tech": "HFC",
    "upgrade": "NULL_NA",
    "gnaf_pid": "GAVIC423060934",
    "ee": true
   }
  },
  {
   "type": "Feature",
   "geometry": {
    "type": "Point",
    "coordinates": [
     144.9956957,
     -37.88097439
    ]
   },
   "properties": {
    "name": "UNIT 2, 144-146 BRIGHTON ROAD RIPPONLEA 3185",
    "locID": "LOC000158128946",
    "tech": "HFC",
    "upgrade": "NULL_NA",
    "gnaf_pid": "GAVIC423060936",
    "ee": true
   }
  },
  {
   "type": "Feature",
   "geometry": {
    "type": "Point",
    "coordinates": [
     144.99583886,
     -37.88119922
    ]
   },
   "properties": {
    "name": "UNIT 2, 150-152 BRIGHTON ROAD RIPPONLEA 3185",
    "locID": "LOC000033028339",
    "tech": "HFC",
    "upgrade": "NULL_NA",
    "gnaf_pid": "GAVIC423060937",
    "ee": true
   }
  },
  {
   "type": "Feature",
   "geometry": {
    "type": "Point",
    "coordinates": [
     144.9956957,
     -37.88097439
    ]
   },
   "properties": {
    "name": "UNIT 3, 144-146 BRIGHTON ROAD RIPPONLEA 3185",
    "locID": "LOC000158129084",
    "tech": "HFC",
    "upgrade": "NULL_NA",
    "gnaf_pid": "GAVIC423060938",
    "ee": true
   }
  },
  {
   "type": "Feature",
   "geometry": {
    "type": "Point",
    "coordinates": [
     144.99583886,
     -37.88119922
    ]
   },
   "properties": {
    "name": "UNIT 3, 150-152 BRIGHTON ROAD RIPPONLEA 3185",
    "locID": "LOC000032868186",
    "tech": "HFC",
    "upgrade": "NULL_NA",
    "gnaf_pid": "GAVIC423060939",
    "ee": true
   }
  },
  {
   "type": "Feature",
   "geometry": {
    "type": "Point",
    "coordinates": [
     144.9956957,
     -37.88097439
    ]
   },
   "properties": {
    "name": "UNIT 4, 144-146 BRIGHTON ROAD RIPPONLEA 3185",
    "locID": "LOC000158128980",
    "tech": "HFC",
    "upgrade": "NULL_NA",
    "gnaf_pid": "GAVIC423060941",
    "ee": true
   }
  },
  {
   "type": "Feature",
   "geometry": {
    "type": "Point",
    "coordinates": [
     144.99583886,
     -37.88119922
    ]
   },
   "properties": {
    "name": "UNIT 4, 150-152 BRIGHTON ROAD RIPPONLEA 3185",
    "locID": "LOC000032868186",
    "tech": "HFC",
    "upgrade": "NULL_NA",
    "gnaf_pid": "GAVIC423060942",
    "ee": true
   }
  },
  {
   "type": "Feature",
   "geometry": {
    "type": "Point",
    "coordinates": [
     144.9956957,
     -37.88097439
    ]
   },
   "properties": {
    "name": "UNIT 5, 144-146 BRIGHTON ROAD RIPPONLEA 3185",
    "locID": "LOC000158129009",
    "tech": "HFC",
    "upgrade": "NULL_NA",
    "gnaf_pid": "GAVIC423060943",
    "ee": true
   }
  },
  {
   "type": "Feature",
   "geometry": {
    "type": "Point",
    "coordinates": [
     144.9956957,
     -37.88097439
    ]
   },
   "properties": {
    "name": "UNIT 6, 144-146 BRIGHTON ROAD RIPPONLEA 3185",
    "locID": "LOC000158129021",
    "tech": "HFC",
    "upgrade": "NULL_NA",
    "gnaf_pid": "GAVIC423060945",
    "ee": true
   }
  },
  {
   "type": "Feature",
   "geometry": {
    "type": "Point",
    "coordinates": [
     144.9956957,
     -37.88097439
    ]
   },
   "properties": {
    "name": "UNIT 7, 144-146 BRIGHTON ROAD RIPPONLEA 3185",
    "locID": "LOC000158129045",
    "tech": "HFC",
    "upgrade": "NULL_NA",
    "gnaf_pid": "GAVIC423060947",
    "ee": true
   }
  },
  {
   "type": "Feature",
   "geometry": {
    "type": "Point",
    "coordinates": [
     144.9956957,
     -37.88097439
    ]
   },
   "properties": {
    "name": "UNIT 8, 144-146 BRIGHTON ROAD RIPPONLEA 3185",
    "locID": "LOC000158129050",
    "tech": "HFC",
    "upgrade": "NULL_NA",
    "gnaf_pid": "GAVIC423060949",
    "ee": true
   }
  },
  {
   "type": "Feature",
   "geometry": {
    "type": "Point",
    "coordinates": [
     144.9956957,
     -37.88097439
    ]
   },
   "properties": {
    "name": "UNIT 9, 144-146 BRIGHTON ROAD RIPPONLEA 3185",
    "locID": "LOC000158129084",
    "tech": "HFC",
    "upgrade": "NULL_NA",
    "gnaf_pid": "GAVIC423060951",
    "ee": true
   }
  },
  {
   "type": "Feature",
   "geometry": {
    "type": "Point",
    "coordinates": [
     144.99407526,
     -37.87841693
    ]
   },
   "properties": {
    "name": "100A BRIGHTON ROAD RIPPONLEA 3185",
    "locID": "LOC000158127197",
    "tech": "HFC",
    "upgrade": "NULL_NA",
    "gnaf_pid": "GAVIC423060952",
    "ee": true
   }
  },
  {
   "type": "Feature",
   "geometry": {
    "type": "Point",
    "coordinates": [
     144.99583886,
     -37.88119922
    ]
   },
   "properties": {
    "name": "150-152 BRIGHTON ROAD RIPPONLEA 3185",
    "locID": "LOC000032868186",
    "tech": "HFC",
    "upgrade": "NULL_NA",
    "gnaf_pid": "GAVIC423060953",
    "ee": true
   }
  },
  {
   "type": "Feature",
   "geometry": {
    "type": "Point",
    "coordinates": [
     144.995538,
     -37.87604474
    ]
   },
   "properties": {
    "name": "3 GLEN EIRA AVENUE RIPPONLEA 3185",
    "locID": "LOC000123984820",
    "tech": "HFC",
    "upgrade": "NULL_NA",
    "gnaf_pid": "GAVIC423071244",
    "ee": true
   }
  },
  {
   "type": "Feature",
   "geometry": {
    "type": "Point",
    "coordinates": [
     144.997003,
     -37.87694382
    ]
   },
   "properties": {
    "name": "UNIT 1, 64 GLEN EIRA ROAD RIPPONLEA 3185",
    "locID": "LOC000102299729",
    "tech": "HFC",
    "upgrade": "NULL_NA",
    "gnaf_pid": "GAVIC423071257",
    "ee": true
   }
  },
  {
   "type": "Feature",
   "geometry": {
    "type": "Point",
    "coordinates": [
     144.99752403,
     -37.87701577
    ]
   },
   "properties": {
    "name": "UNIT 1, 78 GLEN EIRA ROAD RIPPONLEA 3185",
    "locID": "LOC000105971395",
    "tech": "HFC",
    "upgrade": "NULL_NA",
    "gnaf_pid": "GAVIC423071259",
    "ee": true
   }
  },
  {
   "type": "Feature",
   "geometry": {
    "type": "Point",
    "coordinates": [
     144.99632287,
     -37.87686916
    ]
   },
   "properties": {
    "name": "56-58 GLEN EIRA ROAD RIPPONLEA 3185",
    "locID": "LOC000186544351",
    "tech": "HFC",
    "upgrade": "NULL_NA",
    "gnaf_pid": "GAVIC423071277",
    "ee": true
   }
  },
  {
   "type": "Feature",
   "geometry": {
    "type": "Point",
    "coordinates": [
     144.99793225,
     -37.876165
    ]
   },
   "properties": {
    "name": "UNIT 1, 175 HOTHAM STREET RIPPONLEA 3185",
    "locID": "LOC000007737084",
    "tech": "HFC",
    "upgrade": "NULL_NA",
    "gnaf_pid": "GAVIC423075234",
    "ee": true
   }
  },
  {
   "type": "Feature",
   "geometry": {
    "type": "Point",
    "coordinates": [
     144.9971245,
     -37.88043341
    ]
   },
   "properties": {
    "name": "UNIT 1, 225 HOTHAM STREET RIPPONLEA 3185",
    "locID": "LOC000195390982",
    "tech": "HFC",
    "upgrade": "NULL_NA",
    "gnaf_pid": "GAVIC423075235",
    "ee": true
   }
  },
  {
   "type": "Feature",
   "geometry": {
    "type": "Point",
    "coordinates": [
     144.9971245,
     -37.88043341
    ]
   },
   "properties": {
    "name": "UNIT 2, 225 HOTHAM STREET RIPPONLEA 3185",
    "locID": "LOC000195390982",
    "tech": "HFC",
    "upgrade": "NULL_NA",
    "gnaf_pid": "GAVIC423075237",
    "ee": true
   }
  },
  {
   "type": "Feature",
   "geometry": {
    "type": "Point",
    "coordinates": [
     144.9971245,
     -37.88043341
    ]
   },
   "properties": {
    "name": "UNIT 3, 225 HOTHAM STREET RIPPONLEA 3185",
    "locID": "LOC000195390982",
    "tech": "HFC",
    "upgrade": "NULL_NA",
    "gnaf_pid": "GAVIC423075238",
    "ee": true
   }
  },
  {
   "type": "Feature",
   "geometry": {
    "type": "Point",
    "coordinates": [
     144.9971245,
     -37.88043341
    ]
   },
   "properties": {
    "name": "UNIT 4, 225 HOTHAM STREET RIPPONLEA 3185",
    "locID": "LOC000195391027",
    "tech": "HFC",
    "upgrade": "NULL_NA",
    "gnaf_pid": "GAVIC423075239",
    "ee": true
   }
  },
  {
   "type": "Feature",
   "geometry": {
    "type": "Point",
    "coordinates": [
     144.9971245,
     -37.88043341
    ]
   },
   "properties": {
    "name": "UNIT 5, 225 HOTHAM STREET RIPPONLEA 3185",
    "locID": "LOC000195391036",
    "tech": "HFC",
    "upgrade": "NULL_NA",
    "gnaf_pid": "GAVIC423075240",
    "ee": true
   }
  },
  {
   "type": "Feature",
   "geometry": {
    "type": "Point",
    "coordinates": [
     144.9971245,
     -37.88043341
    ]
   },
   "properties": {
    "name": "UNIT 6, 225 HOTHAM STREET RIPPONLEA 3185",
    "locID": "LOC000195391043",
    "tech": "HFC",
    "upgrade": "NULL_NA",
    "gnaf_pid": "GAVIC423075241",
    "ee": true
   }
  },
  {
   "type": "Feature",
   "geometry": {
    "type": "Point",
    "coordinates": [
     144.99356873,
     -37.87696758
    ]
   },
   "properties": {
    "name": "UNIT 4, 1 VICTORIA AVENUE RIPPONLEA 3185",
    "locID": "LOC000124042057",
    "tech": "HFC",
    "upgrade": "NULL_NA",
    "gnaf_pid": "GAVIC423097228",
    "ee": true
   }
  },
  {
   "type": "Feature",
   "geometry": {
    "type": "Point",
    "coordinates": [
     144.99592857,
     -37.88135028
    ]
   },
   "properties": {
    "name": "UNIT 11, 154 BRIGHTON ROAD RIPPONLEA 3185",
    "locID": "LOC000069437019",
    "tech": "HFC",
    "upgrade": "NULL_NA",
    "gnaf_pid": "GAVIC423134019",
    "ee": true
   }
  },
  {
   "type": "Feature",
   "geometry": {
    "type": "Point",
    "coordinates": [
     144.99611469,
     -37.88166132
    ]
   },
   "properties": {
    "name": "UNIT 2, 160 BRIGHTON ROAD RIPPONLEA 3185",
    "locID": "LOC000034967819",
    "tech": "HFC",
    "upgrade": "NULL_NA",
    "gnaf_pid": "GAVIC423134023",
    "ee": true
   }
  },
  {
   "type": "Feature",
   "geometry": {
    "type": "Point",
    "coordinates": [
     144.99378418,
     -37.87657358
    ]
   },
   "properties": {
    "name": "UNIT 10, 6-8 GLEN EIRA ROAD RIPPONLEA 3185",
    "locID": "LOC000171801019",
    "tech": "HFC",
    "upgrade": "NULL_NA",
    "gnaf_pid": "GAVIC423141825",
    "ee": true
   }
  },
  {
   "type": "Feature",
   "geometry": {
    "type": "Point",
    "coordinates": [
     144.99378418,
     -37.87657358
    ]
   },
   "properties": {
    "name": "UNIT 46, 6-8 GLEN EIRA ROAD RIPPONLEA 3185",
    "locID": "LOC000171801417",
    "tech": "HFC",
    "upgrade": "NULL_NA",
    "gnaf_pid": "GAVIC423141827",
    "ee": true
   }
  },
  {
   "type": "Feature",
   "geometry": {
    "type": "Point",
    "coordinates": [
     144.99378418,
     -37.87657358
    ]
   },
   "properties": {
    "name": "UNIT 53, 6-8 GLEN EIRA ROAD RIPPONLEA 3185",
    "locID": "LOC000171801493",
    "tech": "HFC",
    "upgrade": "NULL_NA",
    "gnaf_pid": "GAVIC423141828",
    "ee": true
   }
  },
  {
   "type": "Feature",
   "geometry": {
    "type": "Point",
    "coordinates": [
     144.99743125,
     -37.87876246
    ]
   },
   "properties": {
    "name": "UNIT 10, 209 HOTHAM STREET RIPPONLEA 3185",
    "locID": "LOC000064410687",
    "tech": "HFC",
    "upgrade": "NULL_NA",
    "gnaf_pid": "GAVIC423144421",
    "ee": true
   }
  },
  {
   "type": "Feature",
   "geometry": {
    "type": "Point",
    "coordinates": [
     144.99534,
     -37.880412
    ]
   },
   "properties": {
    "name": "UNIT 18, 134 BRIGHTON ROAD RIPPONLEA 3185",
    "locID": "LOC000068399291",
    "tech": "HFC",
    "upgrade": "NULL_NA",
    "gnaf_pid": "GAVIC423207512",
    "ee": true
   }
  },
  {
   "type": "Feature",
   "geometry": {
    "type": "Point",
    "coordinates": [
     144.997059,
     -37.880729
    ]
   },
   "properties": {
    "name": "UNIT 12, 229 HOTHAM STREET RIPPONLEA 3185",
    "locID": "LOC000171801589",
    "tech": "HFC",
    "upgrade": "NULL_NA",
    "gnaf_pid": "GAVIC423219939",
    "ee": true
   }
  },
  {
   "type": "Feature",
   "geometry": {
    "type": "Point",
    "coordinates": [
     144.99743125,
     -37.87876246
    ]
   },
   "properties": {
    "name": "UNIT 16, 209 HOTHAM STREET RIPPONLEA 3185",
    "locID": "LOC000061492512",
    "tech": "HFC",
    "upgrade": "NULL_NA",
    "gnaf_pid": "GAVIC423219941",
    "ee": true
   }
  },
  {
   "type": "Feature",
   "geometry": {
    "type": "Point",
    "coordinates": [
     144.996716,
     -37.876596
    ]
   },
   "properties": {
    "name": "UNIT 2, 47 GLEN EIRA ROAD RIPPONLEA 3185",
    "locID": "LOC000064664582",
    "tech": "HFC",
    "upgrade": "NULL_NA",
    "gnaf_pid": "GAVIC423277617",
    "ee": true
   }
  },
  {
   "type": "Feature",
   "geometry": {
    "type": "Point",
    "coordinates": [
     144.99378418,
     -37.87657358
    ]
   },
   "properties": {
    "name": "UNIT 25, 6-8 GLEN EIRA ROAD RIPPONLEA 3185",
    "locID": "LOC000171801171",
    "tech": "HFC",
    "upgrade": "NULL_NA",
    "gnaf_pid": "GAVIC423358019",
    "ee": true
   }
  },
  {
   "type": "Feature",
   "geometry": {
    "type": "Point",
    "coordinates": [
     144.99378418,
     -37.87657358
    ]
   },
   "properties": {
    "name": "UNIT 37, 6-8 GLEN EIRA ROAD RIPPONLEA 3185",
    "locID": "LOC000171801312",
    "tech": "HFC",
    "upgrade": "NULL_NA",
    "gnaf_pid": "GAVIC423358022",
    "ee": true
   }
  },
  {
   "type": "Feature",
   "geometry": {
    "type": "Point",
    "coordinates": [
     144.99619009,
     -37.88176927
    ]
   },
   "properties": {
    "name": "UNIT 20, 162 BRIGHTON ROAD RIPPONLEA 3185",
    "locID": "LOC000088805273",
    "tech": "HFC",
    "upgrade": "NULL_NA",
    "gnaf_pid": "GAVIC423441786",
    "ee": true
   }
  },
  {
   "type": "Feature",
   "geometry": {
    "type": "Point",
    "coordinates": [
     144.997038,
     -37.876043
    ]
   },
   "properties": {
    "name": "UNIT 10, 9 OAK GROVE RIPPONLEA 3185",
    "locID": "LOC000002875238",
    "tech": "HFC",
    "upgrade": "NULL_NA",
    "gnaf_pid": "GAVIC423478905",
    "ee": true
   }
  },
  {
   "type": "Feature",
   "geometry": {
    "type": "Point",
    "coordinates": [
     144.99665337,
     -37.87600065
    ]
   },
   "properties": {
    "name": "UNIT 2, 15 OAK GROVE RIPPONLEA 3185",
    "locID": "LOC000073375080",
    "tech": "HFC",
    "upgrade": "NULL_NA",
    "gnaf_pid": "GAVIC423478906",
    "ee": true
   }
  },
  {
   "type": "Feature",
   "geometry": {
    "type": "Point",
    "coordinates": [
     144.99749897,
     -37.87668191
    ]
   },
   "properties": {
    "name": "91-93 GLEN EIRA ROAD RIPPONLEA 3185",
    "locID": "LOC000178426273",
    "tech": "HFC",
    "upgrade": "NULL_NA",
    "gnaf_pid": "GAVIC423907901",
    "ee": true
   }
  },
  {
   "type": "Feature",
   "geometry": {
    "type": "Point",
    "coordinates": [
     144.9960257,
     -37.88157224
    ]
   },
   "properties": {
    "name": "UNIT 10, 156-158 BRIGHTON ROAD RIPPONLEA 3185",
    "locID": "LOC000011037986",
    "tech": "HFC",
    "upgrade": "NULL_NA",
    "gnaf_pid": "GAVIC423918950",
    "ee": true
   }
  },
  {
   "type": "Feature",
   "geometry": {
    "type": "Point",
    "coordinates": [
     144.9960257,
     -37.88157224
    ]
   },
   "properties": {
    "name": "UNIT 11, 156-158 BRIGHTON ROAD RIPPONLEA 3185",
    "locID": "LOC000011037986",
    "tech": "HFC",
    "upgrade": "NULL_NA",
    "gnaf_pid": "GAVIC423918951",
    "ee": true
   }
  },
  {
   "type": "Feature",
   "geometry": {
    "type": "Point",
    "coordinates": [
     144.99595029,
     -37.88144795
    ]
   },
   "properties": {
    "name": "UNIT 1, 156-158 BRIGHTON ROAD RIPPONLEA 3185",
    "locID": "LOC000011037986",
    "tech": "HFC",
    "upgrade": "NULL_NA",
    "gnaf_pid": "GAVIC423918952",
    "ee": true
   }
  },
  {
   "type": "Feature",
   "geometry": {
    "type": "Point",
    "coordinates": [
     144.99602105,
     -37.88148533
    ]
   },
   "properties": {
    "name": "UNIT 2, 156-158 BRIGHTON ROAD RIPPONLEA 3185",
    "locID": "LOC000011026717",
    "tech": "HFC",
    "upgrade": "NULL_NA",
    "gnaf_pid": "GAVIC423918953",
    "ee": true
   }
  },
  {
   "type": "Feature",
   "geometry": {
    "type": "Point",
    "coordinates": [
     144.99599979,
     -37.8815305
    ]
   },
   "properties": {
    "name": "UNIT 3, 156-158 BRIGHTON ROAD RIPPONLEA 3185",
    "locID": "LOC000011037986",
    "tech": "HFC",
    "upgrade": "NULL_NA",
    "gnaf_pid": "GAVIC423918954",
    "ee": true
   }
  },
  {
   "type": "Feature",
   "geometry": {
    "type": "Point",
    "coordinates": [
     144.9960866,
     -37.8815883
    ]
   },
   "properties": {
    "name": "UNIT 4, 156-158 BRIGHTON ROAD RIPPONLEA 3185",
    "locID": "LOC000011099300",
    "tech": "HFC",
    "upgrade": "NULL_NA",
    "gnaf_pid": "GAVIC423918955",
    "ee": true
   }
  },
  {
   "type": "Feature",
   "geometry": {
    "type": "Point",
    "coordinates": [
     144.99613725,
     -37.88143525
    ]
   },
   "properties": {
    "name": "UNIT 5, 156-158 BRIGHTON ROAD RIPPONLEA 3185",
    "locID": "LOC000011169345",
    "tech": "HFC",
    "upgrade": "NULL_NA",
    "gnaf_pid": "GAVIC423918956",
    "ee": true
   }
  },
  {
   "type": "Feature",
   "geometry": {
    "type": "Point",
    "coordinates": [
     144.99619565,
     -37.88141199
    ]
   },
   "properties": {
    "name": "UNIT 6, 156-158 BRIGHTON ROAD RIPPONLEA 3185",
    "locID": "LOC000011184553",
    "tech": "HFC",
    "upgrade": "NULL_NA",
    "gnaf_pid": "GAVIC423918957",
    "ee": true
   }
  },
  {
   "type": "Feature",
   "geometry": {
    "type": "Point",
    "coordinates": [
     144.99624528,
     -37.88139223
    ]
   },
   "properties": {
    "name": "UNIT 7, 156-158 BRIGHTON ROAD RIPPONLEA 3185",
    "locID": "LOC000011080188",
    "tech": "HFC",
    "upgrade": "NULL_NA",
    "gnaf_pid": "GAVIC423918958",
    "ee": true
   }
  },
  {
   "type": "Feature",
   "geometry": {
    "type": "Point",
    "coordinates": [
     144.99630091,
     -37.88137008
    ]
   },
   "properties": {
    "name": "UNIT 8, 156-158 BRIGHTON ROAD RIPPONLEA 3185",
    "locID": "LOC000011066199",
    "tech": "HFC",
    "upgrade": "NULL_NA",
    "gnaf_pid": "GAVIC423918959",
    "ee": true
   }
  },
  {
   "type": "Feature",
   "geometry": {
    "type": "Point",
    "coordinates": [
     144.9960257,
     -37.88157224
    ]
   },
   "properties": {
    "name": "UNIT 9, 156-158 BRIGHTON ROAD RIPPONLEA 3185",
    "locID": "LOC000011037986",
    "tech": "HFC",
    "upgrade": "NULL_NA",
    "gnaf_pid": "GAVIC423918960",
    "ee": true
   }
  },
  {
   "type": "Feature",
   "geometry": {
    "type": "Point",
    "coordinates": [
     144.99636761,
     -37.88026656
    ]
   },
   "properties": {
    "name": "10A HOTHAM GROVE RIPPONLEA 3185",
    "locID": "LOC000043651241",
    "tech": "HFC",
    "upgrade": "NULL_NA",
    "gnaf_pid": "GAVIC424063974",
    "ee": true
   }
  },
  {
   "type": "Feature",
   "geometry": {
    "type": "Point",
    "coordinates": [
     144.99682481,
     -37.88145955
    ]
   },
   "properties": {
    "name": "1 BIBLE STREET RIPPONLEA 3185",
    "locID": "LOC000038511690",
    "tech": "HFC",
    "upgrade": "NULL_NA",
    "gnaf_pid": "GAVIC424253971",
    "ee": true
   }
  },
  {
   "type": "Feature",
   "geometry": {
    "type": "Point",
    "coordinates": [
     144.9960257,
     -37.88157224
    ]
   },
   "properties": {
    "name": "156-158 BRIGHTON ROAD RIPPONLEA 3185",
    "locID": "LOC000011037986",
    "tech": "HFC",
    "upgrade": "NULL_NA",
    "gnaf_pid": "GAVIC424351381",
    "ee": true
   }
  },
  {
   "type": "Feature",
   "geometry": {
    "type": "Point",
    "coordinates": [
     144.9956957,
     -37.88097439
    ]
   },
   "properties": {
    "name": "144-146 BRIGHTON ROAD RIPPONLEA 3185",
    "locID": "LOC000158129084",
    "tech": "HFC",
    "upgrade": "NULL_NA",
    "gnaf_pid": "GAVIC424417745",
    "ee": true
   }
  },
  {
   "type": "Feature",
   "geometry": {
    "type": "Point",
    "coordinates": [
     144.99583886,
     -37.88119922
    ]
   },
   "properties": {
    "name": "UNIT 1, 150-152 BRIGHTON ROAD RIPPONLEA 3185",
    "locID": "LOC000032868186",
    "tech": "HFC",
    "upgrade": "NULL_NA",
    "gnaf_pid": "GAVIC424461858",
    "ee": true
   }
  },
  {
   "type": "Feature",
   "geometry": {
    "type": "Point",
    "coordinates": [
     144.99583886,
     -37.88119922
    ]
   },
   "properties": {
    "name": "UNIT 5, 150-152 BRIGHTON ROAD RIPPONLEA 3185",
    "locID": "LOC000171800975",
    "tech": "HFC",
    "upgrade": "NULL_NA",
    "gnaf_pid": "GAVIC424461859",
    "ee": true
   }
  },
  {
   "type": "Feature",
   "geometry": {
    "type": "Point",
    "coordinates": [
     144.99583886,
     -37.88119922
    ]
   },
   "properties": {
    "name": "UNIT 6, 150-152 BRIGHTON ROAD RIPPONLEA 3185",
    "locID": "LOC000171800981",
    "tech": "HFC",
    "upgrade": "NULL_NA",
    "gnaf_pid": "GAVIC424461860",
    "ee": true
   }
  },
  {
   "type": "Feature",
   "geometry": {
    "type": "Point",
    "coordinates": [
     144.99749897,
     -37.87668191
    ]
   },
   "properties": {
    "name": "83 GLEN EIRA ROAD RIPPONLEA 3185",
    "locID": "LOC000084525719",
    "tech": "HFC",
    "upgrade": "NULL_NA",
    "gnaf_pid": "GAVIC424771810",
    "ee": true
   }
  },
  {
   "type": "Feature",
   "geometry": {
    "type": "Point",
    "coordinates": [
     144.99621086,
     -37.8810669
    ]
   },
   "properties": {
    "name": "20 BELL STREET RIPPONLEA 3185",
    "locID": "LOC000114957068",
    "tech": "HFC",
    "upgrade": "NULL_NA",
    "gnaf_pid": "GAVIC424790949",
    "ee": true
   }
  },
  {
   "type": "Feature",
   "geometry": {
    "type": "Point",
    "coordinates": [
     144.9962406,
     -37.88110256
    ]
   },
   "properties": {
    "name": "22 BELL STREET RIPPONLEA 3185",
    "locID": "LOC000114934627",
    "tech": "HFC",
    "upgrade": "NULL_NA",
    "gnaf_pid": "GAVIC424790950",
    "ee": true
   }
  },
  {
   "type": "Feature",
   "geometry": {
    "type": "Point",
    "coordinates": [
     144.99661502,
     -37.87657675
    ]
   },
   "properties": {
    "name": "39-41 GLEN EIRA ROAD RIPPONLEA 3185",
    "locID": "LOC000123989146",
    "tech": "HFC",
    "upgrade": "NULL_NA",
    "gnaf_pid": "GAVIC424879243",
    "ee": true
   }
  },
  {
   "type": "Feature",
   "geometry": {
    "type": "Point",
    "coordinates": [
     144.99661502,
     -37.87657675
    ]
   },
   "properties": {
    "name": "43 GLEN EIRA ROAD RIPPONLEA 3185",
    "locID": "LOC000123989259",
    "tech": "HFC",
    "upgrade": "NULL_NA",
    "gnaf_pid": "GAVIC424879244",
    "ee": true
   }
  },
  {
   "type": "Feature",
   "geometry": {
    "type": "Point",
    "coordinates": [
     144.9963557,
     -37.88129937
    ]
   },
   "properties": {
    "name": "26 BELL STREET RIPPONLEA 3185",
    "locID": "LOC000158126849",
    "tech": "HFC",
    "upgrade": "NULL_NA",
    "gnaf_pid": "GAVIC425324501",
    "ee": true
   }
  },
  {
   "type": "Feature",
   "geometry": {
    "type": "Point",
    "coordinates": [
     144.99638187,
     -37.88134079
    ]
   },
   "properties": {
    "name": "28 BELL STREET RIPPONLEA 3185",
    "locID": "LOC000158126854",
    "tech": "HFC",
    "upgrade": "NULL_NA",
    "gnaf_pid": "GAVIC425336044",
    "ee": true
   }
  },
  {
   "type": "Feature",
   "geometry": {
    "type": "Point",
    "coordinates": [
     144.99640979,
     -37.88138498
    ]
   },
   "properties": {
    "name": "30 BELL STREET RIPPONLEA 3185",
    "locID": "LOC000158126877",
    "tech": "HFC",
    "upgrade": "NULL_NA",
    "gnaf_pid": "GAVIC425336045",
    "ee": true
   }
  },
  {
   "type": "Feature",
   "geometry": {
    "type": "Point",
    "coordinates": [
     144.99771687,
     -37.87732666
    ]
   },
   "properties": {
    "name": "UNIT 1, 185 HOTHAM STREET RIPPONLEA 3185",
    "locID": "LOC000151835161",
    "tech": "HFC",
    "upgrade": "NULL_NA",
    "gnaf_pid": "GAVIC425420126",
    "ee": true
   }
  },
  {
   "type": "Feature",
   "geometry": {
    "type": "Point",
    "coordinates": [
     144.99749578,
     -37.87728459
    ]
   },
   "properties": {
    "name": "UNIT 2, 185 HOTHAM STREET RIPPONLEA 3185",
    "locID": "LOC000151835157",
    "tech": "HFC",
    "upgrade": "NULL_NA",
    "gnaf_pid": "GAVIC425420127",
    "ee": true
   }
  },
  {
   "type": "Feature",
   "geometry": {
    "type": "Point",
    "coordinates": [
     144.996427,
     -37.88212285
    ]
   },
   "properties": {
    "name": "UNIT 7, 170 BRIGHTON ROAD RIPPONLEA 3185",
    "locID": "LOC000158129336",
    "tech": "HFC",
    "upgrade": "NULL_NA",
    "gnaf_pid": "GAVIC425481793",
    "ee": true
   }
  },
  {
   "type": "Feature",
   "geometry": {
    "type": "Point",
    "coordinates": [
     144.996427,
     -37.88212285
    ]
   },
   "properties": {
    "name": "UNIT 8, 170 BRIGHTON ROAD RIPPONLEA 3185",
    "locID": "LOC000158129343",
    "tech": "HFC",
    "upgrade": "NULL_NA",
    "gnaf_pid": "GAVIC425481794",
    "ee": true
   }
  },
  {
   "type": "Feature",
   "geometry": {
    "type": "Point",
    "coordinates": [
     144.99683018,
     -37.8819606
    ]
   },
   "properties": {
    "name": "UNIT 1, 42 BELL STREET RIPPONLEA 3185",
    "locID": "LOC000158127121",
    "tech": "HFC",
    "upgrade": "NULL_NA",
    "gnaf_pid": "GAVIC425556577",
    "ee": true
   }
  },
  {
   "type": "Feature",
   "geometry": {
    "type": "Point",
    "coordinates": [
     144.99683018,
     -37.8819606
    ]
   },
   "properties": {
    "name": "UNIT 2, 42 BELL STREET RIPPONLEA 3185",
    "locID": "LOC000158127150",
    "tech": "HFC",
    "upgrade": "NULL_NA",
    "gnaf_pid": "GAVIC425556578",
    "ee": true
   }
  },
  {
   "type": "Feature",
   "geometry": {
    "type": "Point",
    "coordinates": [
     144.99683018,
     -37.8819606
    ]
   },
   "properties": {
    "name": "UNIT 3, 42 BELL STREET RIPPONLEA 3185",
    "locID": "LOC000158127150",
    "tech": "HFC",
    "upgrade": "NULL_NA",
    "gnaf_pid": "GAVIC425556579",
    "ee": true
   }
  },
  {
   "type": "Feature",
   "geometry": {
    "type": "Point",
    "coordinates": [
     144.9934308,
     -37.87618906
    ]
   },
   "properties": {
    "name": "UNIT 10, 3 GLEN EIRA ROAD RIPPONLEA 3185",
    "locID": "LOC000013599414",
    "tech": "HFC",
    "upgrade": "NULL_NA",
    "gnaf_pid": "GAVIC425561246",
    "ee": true
   }
  },
  {
   "type": "Feature",
   "geometry": {
    "type": "Point",
    "coordinates": [
     144.9934308,
     -37.87618906
    ]
   },
   "properties": {
    "name": "UNIT 11, 3 GLEN EIRA ROAD RIPPONLEA 3185",
    "locID": "LOC000171801026",
    "tech": "HFC",
    "upgrade": "NULL_NA",
    "gnaf_pid": "GAVIC425561247",
    "ee": true
   }
  },
  {
   "type": "Feature",
   "geometry": {
    "type": "Point",
    "coordinates": [
     144.9934308,
     -37.87618906
    ]
   },
   "properties": {
    "name": "UNIT 12, 3 GLEN EIRA ROAD RIPPONLEA 3185",
    "locID": "LOC000171801035",
    "tech": "HFC",
    "upgrade": "NULL_NA",
    "gnaf_pid": "GAVIC425561248",
    "ee": true
   }
  },
  {
   "type": "Feature",
   "geometry": {
    "type": "Point",
    "coordinates": [
     144.9934308,
     -37.87618906
    ]
   },
   "properties": {
    "name": "UNIT 13, 3 GLEN EIRA ROAD RIPPONLEA 3185",
    "locID": "LOC000171801042",
    "tech": "HFC",
    "upgrade": "NULL_NA",
    "gnaf_pid": "GAVIC425561249",
    "ee": true
   }
  },
  {
   "type": "Feature",
   "geometry": {
    "type": "Point",
    "coordinates": [
     144.9934308,
     -37.87618906
    ]
   },
   "properties": {
    "name": "UNIT 14, 3 GLEN EIRA ROAD RIPPONLEA 3185",
    "locID": "LOC000171801057",
    "tech": "HFC",
    "upgrade": "NULL_NA",
    "gnaf_pid": "GAVIC425561250",
    "ee": true
   }
  },
  {
   "type": "Feature",
   "geometry": {
    "type": "Point",
    "coordinates": [
     144.9934308,
     -37.87618906
    ]
   },
   "properties": {
    "name": "UNIT 9, 3 GLEN EIRA ROAD RIPPONLEA 3185",
    "locID": "LOC000026088326",
    "tech": "HFC",
    "upgrade": "NULL_NA",
    "gnaf_pid": "GAVIC425561251",
    "ee": true
   }
  },
  {
   "type": "Feature",
   "geometry": {
    "type": "Point",
    "coordinates": [
     144.99683018,
     -37.8819606
    ]
   },
   "properties": {
    "name": "42 BELL STREET RIPPONLEA 3185",
    "locID": "LOC000158127150",
    "tech": "HFC",
    "upgrade": "NULL_NA",
    "gnaf_pid": "GAVIC425577231",
    "ee": true
   }
  },
  {
   "type": "Feature",
   "geometry": {
    "type": "Point",
    "coordinates": [
     144.99498694,
     -37.87985238
    ]
   },
   "properties": {
    "name": "UNIT 101, 126 BRIGHTON ROAD RIPPONLEA 3185",
    "locID": "LOC000158127624",
    "tech": "HFC",
    "upgrade": "NULL_NA",
    "gnaf_pid": "GAVIC425668883",
    "ee": true
   }
  },
  {
   "type": "Feature",
   "geometry": {
    "type": "Point",
    "coordinates": [
     144.99498694,
     -37.87985238
    ]
   },
   "properties": {
    "name": "UNIT 102, 126 BRIGHTON ROAD RIPPONLEA 3185",
    "locID": "LOC000158127648",
    "tech": "HFC",
    "upgrade": "NULL_NA",
    "gnaf_pid": "GAVIC425668884",
    "ee": true
   }
  },
  {
   "type": "Feature",
   "geometry": {
    "type": "Point",
    "coordinates": [
     144.99498694,
     -37.87985238
    ]
   },
   "properties": {
    "name": "UNIT 103, 126 BRIGHTON ROAD RIPPONLEA 3185",
    "locID": "LOC000158127653",
    "tech": "HFC",
    "upgrade": "NULL_NA",
    "gnaf_pid": "GAVIC425668885",
    "ee": true
   }
  },
  {
   "type": "Feature",
   "geometry": {
    "type": "Point",
    "coordinates": [
     144.99498694,
     -37.87985238
    ]
   },
   "properties": {
    "name": "UNIT 104, 126 BRIGHTON ROAD RIPPONLEA 3185",
    "locID": "LOC000158127682",
    "tech": "HFC",
    "upgrade": "NULL_NA",
    "gnaf_pid": "GAVIC425668886",
    "ee": true
   }
  },
  {
   "type": "Feature",
   "geometry": {
    "type": "Point",
    "coordinates": [
     144.99498694,
     -37.87985238
    ]
   },
   "properties": {
    "name": "UNIT 105, 126 BRIGHTON ROAD RIPPONLEA 3185",
    "locID": "LOC000158127695",
    "tech": "HFC",
    "upgrade": "NULL_NA",
    "gnaf_pid": "GAVIC425668887",
    "ee": true
   }
  },
  {
   "type": "Feature",
   "geometry": {
    "type": "Point",
    "coordinates": [
     144.99498694,
     -37.87985238
    ]
   },
   "properties": {
    "name": "UNIT 106, 126 BRIGHTON ROAD RIPPONLEA 3185",
    "locID": "LOC000158127918",
    "tech": "HFC",
    "upgrade": "NULL_NA",
    "gnaf_pid": "GAVIC425668888",
    "ee": true
   }
  },
  {
   "type": "Feature",
   "geometry": {
    "type": "Point",
    "coordinates": [
     144.99498694,
     -37.87985238
    ]
   },
   "properties": {
    "name": "UNIT 201, 126 BRIGHTON ROAD RIPPONLEA 3185",
    "locID": "LOC000158127956",
    "tech": "HFC",
    "upgrade": "NULL_NA",
    "gnaf_pid": "GAVIC425668889",
    "ee": true
   }
  },
  {
   "type": "Feature",
   "geometry": {
    "type": "Point",
    "coordinates": [
     144.99498694,
     -37.87985238
    ]
   },
   "properties": {
    "name": "UNIT 202, 126 BRIGHTON ROAD RIPPONLEA 3185",
    "locID": "LOC000158127960",
    "tech": "HFC",
    "upgrade": "NULL_NA",
    "gnaf_pid": "GAVIC425668890",
    "ee": true
   }
  },
  {
   "type": "Feature",
   "geometry": {
    "type": "Point",
    "coordinates": [
     144.99498694,
     -37.87985238
    ]
   },
   "properties": {
    "name": "UNIT 203, 126 BRIGHTON ROAD RIPPONLEA 3185",
    "locID": "LOC000158127987",
    "tech": "HFC",
    "upgrade": "NULL_NA",
    "gnaf_pid": "GAVIC425668891",
    "ee": true
   }
  },
  {
   "type": "Feature",
   "geometry": {
    "type": "Point",
    "coordinates": [
     144.99498694,
     -37.87985238
    ]
   },
   "properties": {
    "name": "UNIT 204, 126 BRIGHTON ROAD RIPPONLEA 3185",
    "locID": "LOC000158127994",
    "tech": "HFC",
    "upgrade": "NULL_NA",
    "gnaf_pid": "GAVIC425668892",
    "ee": true
   }
  },
  {
   "type": "Feature",
   "geometry": {
    "type": "Point",
    "coordinates": [
     144.99498694,
     -37.87985238
    ]
   },
   "properties": {
    "name": "UNIT 205, 126 BRIGHTON ROAD RIPPONLEA 3185",
    "locID": "LOC000158128029",
    "tech": "HFC",
    "upgrade": "NULL_NA",
    "gnaf_pid": "GAVIC425668893",
    "ee": true
   }
  },
  {
   "type": "Feature",
   "geometry": {
    "type": "Point",
    "coordinates": [
     144.99498694,
     -37.87985238
    ]
   },
   "properties": {
    "name": "UNIT 301, 126 BRIGHTON ROAD RIPPONLEA 3185",
    "locID": "LOC000158128055",
    "tech": "HFC",
    "upgrade": "NULL_NA",
    "gnaf_pid": "GAVIC425668894",
    "ee": true
   }
  },
  {
   "type": "Feature",
   "geometry": {
    "type": "Point",
    "coordinates": [
     144.99498694,
     -37.87985238
    ]
   },
   "properties": {
    "name": "UNIT 302, 126 BRIGHTON ROAD RIPPONLEA 3185",
    "locID": "LOC000158128072",
    "tech": "HFC",
    "upgrade": "NULL_NA",
    "gnaf_pid": "GAVIC425668895",
    "ee": true
   }
  },
  {
   "type": "Feature",
   "geometry": {
    "type": "Point",
    "coordinates": [
     144.99498694,
     -37.87985238
    ]
   },
   "properties": {
    "name": "UNIT 303, 126 BRIGHTON ROAD RIPPONLEA 3185",
    "locID": "LOC000158128093",
    "tech": "HFC",
    "upgrade": "NULL_NA",
    "gnaf_pid": "GAVIC425668896",
    "ee": true
   }
  },
  {
   "type": "Feature",
   "geometry": {
    "type": "Point",
    "coordinates": [
     144.99498694,
     -37.87985238
    ]
   },
   "properties": {
    "name": "UNIT 304, 126 BRIGHTON ROAD RIPPONLEA 3185",
    "locID": "LOC000158128323",
    "tech": "HFC",
    "upgrade": "NULL_NA",
    "gnaf_pid": "GAVIC425668897",
    "ee": true
   }
  },
  {
   "type": "Feature",
   "geometry": {
    "type": "Point",
    "coordinates": [
     144.99498694,
     -37.87985238
    ]
   },
   "properties": {
    "name": "UNIT G1, 126 BRIGHTON ROAD RIPPONLEA 3185",
    "locID": "LOC000158127611",
    "tech": "HFC",
    "upgrade": "NULL_NA",
    "gnaf_pid": "GAVIC425730797",
    "ee": true
   }
  },
  {
   "type": "Feature",
   "geometry": {
    "type": "Point",
    "coordinates": [
     144.99498694,
     -37.87985238
    ]
   },
   "properties": {
    "name": "UNIT G2, 126 BRIGHTON ROAD RIPPONLEA 3185",
    "locID": "LOC000158127611",
    "tech": "HFC",
    "upgrade": "NULL_NA",
    "gnaf_pid": "GAVIC425730798",
    "ee": true
   }
  },
  {
   "type": "Feature",
   "geometry": {
    "type": "Point",
    "coordinates": [
     144.99498694,
     -37.87985238
    ]
   },
   "properties": {
    "name": "UNIT G3, 126 BRIGHTON ROAD RIPPONLEA 3185",
    "locID": "LOC000158127611",
    "tech": "HFC",
    "upgrade": "NULL_NA",
    "gnaf_pid": "GAVIC425730799",
    "ee": true
   }
  },
  {
   "type": "Feature",
   "geometry": {
    "type": "Point",
    "coordinates": [
     144.99498694,
     -37.87985238
    ]
   },
   "properties": {
    "name": "UNIT G4, 126 BRIGHTON ROAD RIPPONLEA 3185",
    "locID": "LOC000158127611",
    "tech": "HFC",
    "upgrade": "NULL_NA",
    "gnaf_pid": "GAVIC425730800",
    "ee": true
   }
  },
  {
   "type": "Feature",
   "geometry": {
    "type": "Point",
    "coordinates": [
     144.99498694,
     -37.87985238
    ]
   },
   "properties": {
    "name": "UNIT G5, 126 BRIGHTON ROAD RIPPONLEA 3185",
    "locID": "LOC000158127611",
    "tech": "HFC",
    "upgrade": "NULL_NA",
    "gnaf_pid": "GAVIC425730801",
    "ee": true
   }
  },
  {
   "type": "Feature",
   "geometry": {
    "type": "Point",
    "coordinates": [
     144.99747074,
     -37.87860666
    ]
   },
   "properties": {
    "name": "205-207 HOTHAM STREET RIPPONLEA 3185",
    "locID": "LOC100074938275",
    "tech": "HFC",
    "upgrade": "NULL_NA",
    "gnaf_pid": "GAVIC425735591",
    "ee": true
   }
  },
  {
   "type": "Feature",
   "geometry": {
    "type": "Point",
    "coordinates": [
     144.99498694,
     -37.87985238
    ]
   },
   "properties": {
    "name": "UNIT 1, 126 BRIGHTON ROAD RIPPONLEA 3185",
    "locID": "LOC000158127611",
    "tech": "HFC",
    "upgrade": "NULL_NA",
    "gnaf_pid": "GAVIC425761242",
    "ee": true
   }
  },
  {
   "type": "Feature",
   "geometry": {
    "type": "Point",
    "coordinates": [
     144.99498694,
     -37.87985238
    ]
   },
   "properties": {
    "name": "UNIT 2, 126 BRIGHTON ROAD RIPPONLEA 3185",
    "locID": "LOC000158127956",
    "tech": "HFC",
    "upgrade": "NULL_NA",
    "gnaf_pid": "GAVIC425761243",
    "ee": true
   }
  },
  {
   "type": "Feature",
   "geometry": {
    "type": "Point",
    "coordinates": [
     144.99498694,
     -37.87985238
    ]
   },
   "properties": {
    "name": "UNIT 3, 126 BRIGHTON ROAD RIPPONLEA 3185",
    "locID": "LOC000158128072",
    "tech": "HFC",
    "upgrade": "NULL_NA",
    "gnaf_pid": "GAVIC425761244",
    "ee": true
   }
  },
  {
   "type": "Feature",
   "geometry": {
    "type": "Point",
    "coordinates": [
     144.99498694,
     -37.87985238
    ]
   },
   "properties": {
    "name": "UNIT 4, 126 BRIGHTON ROAD RIPPONLEA 3185",
    "locID": "LOC000158128347",
    "tech": "HFC",
    "upgrade": "NULL_NA",
    "gnaf_pid": "GAVIC425761245",
    "ee": true
   }
  },
  {
   "type": "Feature",
   "geometry": {
    "type": "Point",
    "coordinates": [
     144.99498694,
     -37.87985238
    ]
   },
   "properties": {
    "name": "UNIT 5, 126 BRIGHTON ROAD RIPPONLEA 3185",
    "locID": "LOC000158128368",
    "tech": "HFC",
    "upgrade": "NULL_NA",
    "gnaf_pid": "GAVIC425761246",
    "ee": true
   }
  },
  {
   "type": "Feature",
   "geometry": {
    "type": "Point",
    "coordinates": [
     144.99747074,
     -37.87860666
    ]
   },
   "properties": {
    "name": "UNIT 2, 205-207 HOTHAM STREET RIPPONLEA 3185",
    "locID": "LOC100074938275",
    "tech": "HFC",
    "upgrade": "NULL_NA",
    "gnaf_pid": "GAVIC719002172",
    "ee": true
   }
  },
  {
   "type": "Feature",
   "geometry": {
    "type": "Point",
    "coordinates": [
     144.99747074,
     -37.87860666
    ]
   },
   "properties": {
    "name": "UNIT 1, 205-207 HOTHAM STREET RIPPONLEA 3185",
    "locID": "LOC000185196924",
    "tech": "HFC",
    "upgrade": "NULL_NA",
    "gnaf_pid": "GAVIC719003568",
    "ee": true
   }
  },
  {
   "type": "Feature",
   "geometry": {
    "type": "Point",
    "coordinates": [
     144.99507535,
     -37.87926185
    ]
   },
   "properties": {
    "name": "UNIT G3, 118 BRIGHTON ROAD RIPPONLEA 3185",
    "locID": "LOC000158127204",
    "tech": "HFC",
    "upgrade": "NULL_NA",
    "gnaf_pid": "GAVIC719095537",
    "ee": true
   }
  },
  {
   "type": "Feature",
   "geometry": {
    "type": "Point",
    "coordinates": [
     144.99507535,
     -37.87926185
    ]
   },
   "properties": {
    "name": "UNIT G1, 118 BRIGHTON ROAD RIPPONLEA 3185",
    "locID": "LOC000158127204",
    "tech": "HFC",
    "upgrade": "NULL_NA",
    "gnaf_pid": "GAVIC719099579",
    "ee": true
   }
  },
  {
   "type": "Feature",
   "geometry": {
    "type": "Point",
    "coordinates": [
     144.99507535,
     -37.87926185
    ]
   },
   "properties": {
    "name": "UNIT G2, 118 BRIGHTON ROAD RIPPONLEA 3185",
    "locID": "LOC000158127204",
    "tech": "HFC",
    "upgrade": "NULL_NA",
    "gnaf_pid": "GAVIC719099582",
    "ee": true
   }
  },
  {
   "type": "Feature",
   "geometry": {
    "type": "Point",
    "coordinates": [
     144.99507535,
     -37.87926185
    ]
   },
   "properties": {
    "name": "UNIT G5, 118 BRIGHTON ROAD RIPPONLEA 3185",
    "locID": "LOC000158127204",
    "tech": "HFC",
    "upgrade": "NULL_NA",
    "gnaf_pid": "GAVIC719104766",
    "ee": true
   }
  },
  {
   "type": "Feature",
   "geometry": {
    "type": "Point",
    "coordinates": [
     144.99507535,
     -37.87926185
    ]
   },
   "properties": {
    "name": "UNIT G4, 118 BRIGHTON ROAD RIPPONLEA 3185",
    "locID": "LOC000158127204",
    "tech": "HFC",
    "upgrade": "NULL_NA",
    "gnaf_pid": "GAVIC719105744",
    "ee": true
   }
  },
  {
   "type": "Feature",
   "geometry": {
    "type": "Point",
    "coordinates": [
     144.99754438,
     -37.87573398
    ]
   },
   "properties": {
    "name": "UNIT 5, 2C OAK GROVE RIPPONLEA 3185",
    "locID": "LOC000115041590",
    "tech": "HFC",
    "upgrade": "NULL_NA",
    "gnaf_pid": "GAVIC719121449",
    "ee": true
   }
  },
  {
   "type": "Feature",
   "geometry": {
    "type": "Point",
    "coordinates": [
     144.99754438,
     -37.87573398
    ]
   },
   "properties": {
    "name": "UNIT 2, 2C OAK GROVE RIPPONLEA 3185",
    "locID": "LOC000115041590",
    "tech": "HFC",
    "upgrade": "NULL_NA",
    "gnaf_pid": "GAVIC719121507",
    "ee": true
   }
  },
  {
   "type": "Feature",
   "geometry": {
    "type": "Point",
    "coordinates": [
     144.99754438,
     -37.87573398
    ]
   },
   "properties": {
    "name": "UNIT 3, 2C OAK GROVE RIPPONLEA 3185",
    "locID": "LOC000115041590",
    "tech": "HFC",
    "upgrade": "NULL_NA",
    "gnaf_pid": "GAVIC719121531",
    "ee": true
   }
  },
  {
   "type": "Feature",
   "geometry": {
    "type": "Point",
    "coordinates": [
     144.99754438,
     -37.87573398
    ]
   },
   "properties": {
    "name": "UNIT 4, 2C OAK GROVE RIPPONLEA 3185",
    "locID": "LOC000115041590",
    "tech": "HFC",
    "upgrade": "NULL_NA",
    "gnaf_pid": "GAVIC719121715",
    "ee": true
   }
  },
  {
   "type": "Feature",
   "geometry": {
    "type": "Point",
    "coordinates": [
     144.99754438,
     -37.87573398
    ]
   },
   "properties": {
    "name": "UNIT 1, 2C OAK GROVE RIPPONLEA 3185",
    "locID": "LOC000115041590",
    "tech": "HFC",
    "upgrade": "NULL_NA",
    "gnaf_pid": "GAVIC719122182",
    "ee": true
   }
  },
  {
   "type": "Feature",
   "geometry": {
    "type": "Point",
    "coordinates": [
     144.99754438,
     -37.87573398
    ]
   },
   "properties": {
    "name": "2C OAK GROVE RIPPONLEA 3185",
    "locID": "LOC000115041590",
    "tech": "HFC",
    "upgrade": "NULL_NA",
    "gnaf_pid": "GAVIC719196181",
    "ee": true
   }
  },
  {
   "type": "Feature",
   "geometry": {
    "type": "Point",
    "coordinates": [
     144.99507535,
     -37.87926185
    ]
   },
   "properties": {
    "name": "UNIT 201, 118 BRIGHTON ROAD RIPPONLEA 3185",
    "locID": "LOC000158127505",
    "tech": "HFC",
    "upgrade": "NULL_NA",
    "gnaf_pid": "GAVIC719209886",
    "ee": true
   }
  },
  {
   "type": "Feature",
   "geometry": {
    "type": "Point",
    "coordinates": [
     144.99507535,
     -37.87926185
    ]
   },
   "properties": {
    "name": "UNIT 102, 118 BRIGHTON ROAD RIPPONLEA 3185",
    "locID": "LOC000158127236",
    "tech": "HFC",
    "upgrade": "NULL_NA",
    "gnaf_pid": "GAVIC719210105",
    "ee": true
   }
  },
  {
   "type": "Feature",
   "geometry": {
    "type": "Point",
    "coordinates": [
     144.99507535,
     -37.87926185
    ]
   },
   "properties": {
    "name": "UNIT 103, 118 BRIGHTON ROAD RIPPONLEA 3185",
    "locID": "LOC000158127262",
    "tech": "HFC",
    "upgrade": "NULL_NA",
    "gnaf_pid": "GAVIC719216785",
    "ee": true
   }
  },
  {
   "type": "Feature",
   "geometry": {
    "type": "Point",
    "coordinates": [
     144.99507535,
     -37.87926185
    ]
   },
   "properties": {
    "name": "UNIT 202, 118 BRIGHTON ROAD RIPPONLEA 3185",
    "locID": "LOC000158127546",
    "tech": "HFC",
    "upgrade": "NULL_NA",
    "gnaf_pid": "GAVIC719217894",
    "ee": true
   }
  },
  {
   "type": "Feature",
   "geometry": {
    "type": "Point",
    "coordinates": [
     144.99507535,
     -37.87926185
    ]
   },
   "properties": {
    "name": "UNIT 104, 118 BRIGHTON ROAD RIPPONLEA 3185",
    "locID": "LOC000158127270",
    "tech": "HFC",
    "upgrade": "NULL_NA",
    "gnaf_pid": "GAVIC719218791",
    "ee": true
   }
  },
  {
   "type": "Feature",
   "geometry": {
    "type": "Point",
    "coordinates": [
     144.99507535,
     -37.87926185
    ]
   },
   "properties": {
    "name": "UNIT 101, 118 BRIGHTON ROAD RIPPONLEA 3185",
    "locID": "LOC000158127227",
    "tech": "HFC",
    "upgrade": "NULL_NA",
    "gnaf_pid": "GAVIC719223528",
    "ee": true
   }
  },
  {
   "type": "Feature",
   "geometry": {
    "type": "Point",
    "coordinates": [
     144.99793225,
     -37.876165
    ]
   },
   "properties": {
    "name": "UNIT 2, 175 HOTHAM STREET RIPPONLEA 3185",
    "locID": "LOC000007737084",
    "tech": "HFC",
    "upgrade": "NULL_NA",
    "gnaf_pid": "GAVIC719227844",
    "ee": true
   }
  },
  {
   "type": "Feature",
   "geometry": {
    "type": "Point",
    "coordinates": [
     144.99747074,
     -37.87860666
    ]
   },
   "properties": {
    "name": "UNIT 6, 205-207 HOTHAM STREET RIPPONLEA 3185",
    "locID": "LOC100074938281",
    "tech": "HFC",
    "upgrade": "NULL_NA",
    "gnaf_pid": "GAVIC719310024",
    "ee": true
   }
  },
  {
   "type": "Feature",
   "geometry": {
    "type": "Point",
    "coordinates": [
     144.99632287,
     -37.87686916
    ]
   },
   "properties": {
    "name": "48-58 GLEN EIRA ROAD RIPPONLEA 3185",
    "locID": "LOC000020226972",
    "tech": "HFC",
    "upgrade": "NULL_NA",
    "gnaf_pid": "GAVIC719316092",
    "ee": true
   }
  },
  {
   "type": "Feature",
   "geometry": {
    "type": "Point",
    "coordinates": [
     144.99747074,
     -37.87860666
    ]
   },
   "properties": {
    "name": "UNIT 9, 205-207 HOTHAM STREET RIPPONLEA 3185",
    "locID": "LOC100074938313",
    "tech": "HFC",
    "upgrade": "NULL_NA",
    "gnaf_pid": "GAVIC719317598",
    "ee": true
   }
  },
  {
   "type": "Feature",
   "geometry": {
    "type": "Point",
    "coordinates": [
     144.99747074,
     -37.87860666
    ]
   },
   "properties": {
    "name": "UNIT 7, 205-207 HOTHAM STREET RIPPONLEA 3185",
    "locID": "LOC100074938299",
    "tech": "HFC",
    "upgrade": "NULL_NA",
    "gnaf_pid": "GAVIC719320351",
    "ee": true
   }
  },
  {
   "type": "Feature",
   "geometry": {
    "type": "Point",
    "coordinates": [
     144.99747074,
     -37.87860666
    ]
   },
   "properties": {
    "name": "UNIT 10, 205-207 HOTHAM STREET RIPPONLEA 3185",
    "locID": "LOC000185196924",
    "tech": "HFC",
    "upgrade": "NULL_NA",
    "gnaf_pid": "GAVIC719320989",
    "ee": true
   }
  },
  {
   "type": "Feature",
   "geometry": {
    "type": "Point",
    "coordinates": [
     144.99747074,
     -37.87860666
    ]
   },
   "properties": {
    "name": "UNIT 3, 205-207 HOTHAM STREET RIPPONLEA 3185",
    "locID": "LOC100074938275",
    "tech": "HFC",
    "upgrade": "NULL_NA",
    "gnaf_pid": "GAVIC719323112",
    "ee": true
   }
  },
  {
   "type": "Feature",
   "geometry": {
    "type": "Point",
    "coordinates": [
     144.99747074,
     -37.87860666
    ]
   },
   "properties": {
    "name": "UNIT 8, 205-207 HOTHAM STREET RIPPONLEA 3185",
    "locID": "LOC100074938309",
    "tech": "HFC",
    "upgrade": "NULL_NA",
    "gnaf_pid": "GAVIC719325301",
    "ee": true
   }
  },
  {
   "type": "Feature",
   "geometry": {
    "type": "Point",
    "coordinates": [
     144.99747074,
     -37.87860666
    ]
   },
   "properties": {
    "name": "UNIT 4, 205-207 HOTHAM STREET RIPPONLEA 3185",
    "locID": "LOC100074938268",
    "tech": "HFC",
    "upgrade": "NULL_NA",
    "gnaf_pid": "GAVIC719325303",
    "ee": true
   }
  },
  {
   "type": "Feature",
   "geometry": {
    "type": "Point",
    "coordinates": [
     144.99612278,
     -37.88093072
    ]
   },
   "properties": {
    "name": "16 BELL STREET RIPPONLEA 3185",
    "locID": "LOC100074204965",
    "tech": "HFC",
    "upgrade": "NULL_NA",
    "gnaf_pid": "GAVIC719326639",
    "ee": true
   }
  },
  {
   "type": "Feature",
   "geometry": {
    "type": "Point",
    "coordinates": [
     144.99749897,
     -37.87668191
    ]
   },
   "properties": {
    "name": "75-93 GLEN EIRA ROAD RIPPONLEA 3185",
    "locID": "LOC000100386713",
    "tech": "HFC",
    "upgrade": "NULL_NA",
    "gnaf_pid": "GAVIC719327317",
    "ee": true
   }
  },
  {
   "type": "Feature",
   "geometry": {
    "type": "Point",
    "coordinates": [
     144.99747074,
     -37.87860666
    ]
   },
   "properties": {
    "name": "UNIT 5, 205-207 HOTHAM STREET RIPPONLEA 3185",
    "locID": "LOC100074938275",
    "tech": "HFC",
    "upgrade": "NULL_NA",
    "gnaf_pid": "GAVIC719327864",
    "ee": true
   }
  },
  {
   "type": "Feature",
   "geometry": {
    "type": "Point",
    "coordinates": [
     144.99507535,
     -37.87926185
    ]
   },
   "properties": {
    "name": "UNIT 3, 118 BRIGHTON ROAD RIPPONLEA 3185",
    "locID": "LOC000158127551",
    "tech": "HFC",
    "upgrade": "NULL_NA",
    "gnaf_pid": "GAVIC719371740",
    "ee": true
   }
  },
  {
   "type": "Feature",
   "geometry": {
    "type": "Point",
    "coordinates": [
     144.99632287,
     -37.87686916
    ]
   },
   "properties": {
    "name": "UNIT 2, 56-58 GLEN EIRA ROAD RIPPONLEA 3185",
    "locID": "LOC000187163089",
    "tech": "HFC",
    "upgrade": "NULL_NA",
    "gnaf_pid": "GAVIC719372312",
    "ee": true
   }
  },
  {
   "type": "Feature",
   "geometry": {
    "type": "Point",
    "coordinates": [
     144.99507535,
     -37.87926185
    ]
   },
   "properties": {
    "name": "UNIT 5, 118 BRIGHTON ROAD RIPPONLEA 3185",
    "locID": "LOC000158127580",
    "tech": "HFC",
    "upgrade": "NULL_NA",
    "gnaf_pid": "GAVIC719372870",
    "ee": true
   }
  },
  {
   "type": "Feature",
   "geometry": {
    "type": "Point",
    "coordinates": [
     144.99507535,
     -37.87926185
    ]
   },
   "properties": {
    "name": "UNIT 1, 118 BRIGHTON ROAD RIPPONLEA 3185",
    "locID": "LOC000158127204",
    "tech": "HFC",
    "upgrade": "NULL_NA",
    "gnaf_pid": "GAVIC719372947",
    "ee": true
   }
  },
  {
   "type": "Feature",
   "geometry": {
    "type": "Point",
    "coordinates": [
     144.99507535,
     -37.87926185
    ]
   },
   "properties": {
    "name": "UNIT 2, 118 BRIGHTON ROAD RIPPONLEA 3185",
    "locID": "LOC000158127291",
    "tech": "HFC",
    "upgrade": "NULL_NA",
    "gnaf_pid": "GAVIC719373155",
    "ee": true
   }
  },
  {
   "type": "Feature",
   "geometry": {
    "type": "Point",
    "coordinates": [
     144.99632287,
     -37.87686916
    ]
   },
   "properties": {
    "name": "UNIT 3, 56-58 GLEN EIRA ROAD RIPPONLEA 3185",
    "locID": "LOC000186544351",
    "tech": "HFC",
    "upgrade": "NULL_NA",
    "gnaf_pid": "GAVIC719373183",
    "ee": true
   }
  },
  {
   "type": "Feature",
   "geometry": {
    "type": "Point",
    "coordinates": [
     144.99507535,
     -37.87926185
    ]
   },
   "properties": {
    "name": "UNIT 4, 118 BRIGHTON ROAD RIPPONLEA 3185",
    "locID": "LOC000158127579",
    "tech": "HFC",
    "upgrade": "NULL_NA",
    "gnaf_pid": "GAVIC719373644",
    "ee": true
   }
  },
  {
   "type": "Feature",
   "geometry": {
    "type": "Point",
    "coordinates": [
     144.99632287,
     -37.87686916
    ]
   },
   "properties": {
    "name": "UNIT 1, 56-58 GLEN EIRA ROAD RIPPONLEA 3185",
    "locID": "LOC000186544351",
    "tech": "HFC",
    "upgrade": "NULL_NA",
    "gnaf_pid": "GAVIC719374171",
    "ee": true
   }
  },
  {
   "type": "Feature",
   "geometry": {
    "type": "Point",
    "coordinates": [
     144.99740389,
     -37.87893322
    ]
   },
   "properties": {
    "name": "UNIT 16, 211 HOTHAM STREET RIPPONLEA 3185",
    "locID": "LOC000059513233",
    "tech": "HFC",
    "upgrade": "NULL_NA",
    "gnaf_pid": "GAVIC719374861",
    "ee": true
   }
  },
  {
   "type": "Feature",
   "geometry": {
    "type": "Point",
    "coordinates": [
     144.99712752,
     -37.87696396
    ]
   },
   "properties": {
    "name": "68-72 GLEN EIRA ROAD RIPPONLEA 3185",
    "locID": "LOC000085656503",
    "tech": "HFC",
    "upgrade": "NULL_NA",
    "gnaf_pid": "GAVIC720288751",
    "ee": true
   }
  },
  {
   "type": "Feature",
   "geometry": {
    "type": "Point",
    "coordinates": [
     144.99396096,
     -37.87735732
    ]
   },
   "properties": {
    "name": "2-4 VICTORIA AVENUE RIPPONLEA 3185",
    "locID": "LOC000087654976",
    "tech": "HFC",
    "upgrade": "NULL_NA",
    "gnaf_pid": "GAVIC720298256",
    "ee": true
   }
  },
  {
   "type": "Feature",
   "geometry": {
    "type": "Point",
    "coordinates": [
     144.99711597,
     -37.87571114
    ]
   },
   "properties": {
    "name": "14-16 OAK GROVE RIPPONLEA 3185",
    "locID": "LOC000098197007",
    "tech": "HFC",
    "upgrade": "NULL_NA",
    "gnaf_pid": "GAVIC720352472",
    "ee": true
   }
  },
  {
   "type": "Feature",
   "geometry": {
    "type": "Point",
    "coordinates": [
     144.99637712,
     -37.87654566
    ]
   },
   "properties": {
    "name": "33-35 GLEN EIRA ROAD RIPPONLEA 3185",
    "locID": "LOC000002838775",
    "tech": "HFC",
    "upgrade": "NULL_NA",
    "gnaf_pid": "GAVIC720522722",
    "ee": true
   }
  },
  {
   "type": "Feature",
   "geometry": {
    "type": "Point",
    "coordinates": [
     144.99556567,
     -37.87952661
    ]
   },
   "properties": {
    "name": "7 BELL STREET RIPPONLEA 3185",
    "locID": "LOC000194277536",
    "tech": "HFC",
    "upgrade": "NULL_NA",
    "gnaf_pid": "GAVIC721283686",
    "ee": true
   }
  },
  {
   "type": "Feature",
   "geometry": {
    "type": "Point",
    "coordinates": [
     144.99367616,
     -37.87622792
    ]
   },
   "properties": {
    "name": "5A GLEN EIRA ROAD RIPPONLEA 3185",
    "locID": "LOC000193948591",
    "tech": "HFC",
    "upgrade": "NULL_NA",
    "gnaf_pid": "GAVIC721414357",
    "ee": true
   }
  }
 ]
}