{
 "type": "FeatureCollection",
 "generated": "2025-06-15T03:01:24.470021",
 "suburb": "THURSDAY ISLAND",
 "features": [
  {
   "type": "Feature",
   "geometry": {
    "type": "Point",
    "coordinates": [
     142.20827793,
     -10.58070757
    ]
   },
   "properties": {
    "name": "1 STEPHEN STREET THURSDAY ISLAND 4875",
    "locID": "LOC000083016527",
    "tech": "NULL",
    "upgrade": "NULL_NA",
    "gnaf_pid": "GAQLD155893569",
    "ee": false,
    "tech_change_status": "Not Planned"
   }
  },
  {
   "type": "Feature",
   "geometry": {
    "type": "Point",
    "coordinates": [
     142.20975127,
     -10.58097283
    ]
   },
   "properties": {
    "name": "10 STEPHEN STREET THURSDAY ISLAND 4875",
    "locID": "LOC000149096302",
    "tech": "NULL",
    "upgrade": "NULL_NA",
    "gnaf_pid": "GAQLD155893570",
    "ee": false,
    "tech_change_status": "Not Planned"
   }
  },
  {
   "type": "Feature",
   "geometry": {
    "type": "Point",
    "coordinates": [
     142.2096584,
     -10.5807272
    ]
   },
   "properties": {
    "name": "12 STEPHEN STREET THURSDAY ISLAND 4875",
    "locID": "LOC000149096318",
    "tech": "NULL",
    "upgrade": "NULL_NA",
    "gnaf_pid": "GAQLD155893571",
    "ee": false,
    "tech_change_status": "Not Planned"
   }
  },
  {
   "type": "Feature",
   "geometry": {
    "type": "Point",
    "coordinates": [
     142.2096733,
     -10.58045631
    ]
   },
   "properties": {
    "name": "14 STEPHEN STREET THURSDAY ISLAND 4875",
    "locID": "LOC000149096325",
    "tech": "NULL",
    "upgrade": "NULL_NA",
    "gnaf_pid": "GAQLD155893572",
    "ee": false,
    "tech_change_status": "Not Planned"
   }
  },
  {
   "type": "Feature",
   "geometry": {
    "type": "Point",
    "coordinates": [
     142.214509,
     -10.58227874
    ]
   },
   "properties": {
    "name": "7 QUETTA CLOSE THURSDAY ISLAND 4875",
    "locID": "LOC000076136853",
    "tech": "NULL",
    "upgrade": "NULL_NA",
    "gnaf_pid": "GAQLD155895348",
    "ee": false,
    "tech_change_status": "Not Planned"
   }
  },
  {
   "type": "Feature",
   "geometry": {
    "type": "Point",
    "coordinates": [
     142.20983627,
     -10.58122707
    ]
   },
   "properties": {
    "name": "8 STEPHEN STREET THURSDAY ISLAND 4875",
    "locID": "LOC000080651434",
    "tech": "SATELLITE",
    "upgrade": "NULL_NA",
    "gnaf_pid": "GAQLD155895369",
    "ee": false,
    "tech_change_status": "Not Planned"
   }
  },
  {
   "type": "Feature",
   "geometry": {
    "type": "Point",
    "coordinates": [
     142.22247922,
     -10.57016855
    ]
   },
   "properties": {
    "name": "40 WAIBEN ESPLANADE THURSDAY ISLAND 4875",
    "locID": "LOC000074793722",
    "tech": "NULL",
    "upgrade": "NULL_NA",
    "gnaf_pid": "GAQLD155896208",
    "ee": false,
    "tech_change_status": "Not Planned"
   }
  },
  {
   "type": "Feature",
   "geometry": {
    "type": "Point",
    "coordinates": [
     142.22489915,
     -10.58086224
    ]
   },
   "properties": {
    "name": "11 SUMMERS STREET THURSDAY ISLAND 4875",
    "locID": "LOC000044517123",
    "tech": "NULL",
    "upgrade": "NULL_NA",
    "gnaf_pid": "GAQLD155897174",
    "ee": false,
    "tech_change_status": "Not Planned"
   }
  },
  {
   "type": "Feature",
   "geometry": {
    "type": "Point",
    "coordinates": [
     142.22380129,
     -10.58017557
    ]
   },
   "properties": {
    "name": "20 SUMMERS STREET THURSDAY ISLAND 4875",
    "locID": "LOC000059103311",
    "tech": "SATELLITE",
    "upgrade": "NULL_NA",
    "gnaf_pid": "GAQLD155897180",
    "ee": false,
    "tech_change_status": "Not Planned"
   }
  },
  {
   "type": "Feature",
   "geometry": {
    "type": "Point",
    "coordinates": [
     142.21996006,
     -10.58035843
    ]
   },
   "properties": {
    "name": "53 SUMMERS STREET THURSDAY ISLAND 4875",
    "locID": "LOC000026586559",
    "tech": "NULL",
    "upgrade": "NULL_NA",
    "gnaf_pid": "GAQLD155897201",
    "ee": false,
    "tech_change_status": "Not Planned"
   }
  },
  {
   "type": "Feature",
   "geometry": {
    "type": "Point",
    "coordinates": [
     142.21976767,
     -10.58045707
    ]
   },
   "properties": {
    "name": "55 SUMMERS STREET THURSDAY ISLAND 4875",
    "locID": "LOC000097374747",
    "tech": "NULL",
    "upgrade": "NULL_NA",
    "gnaf_pid": "GAQLD155897202",
    "ee": false,
    "tech_change_status": "Not Planned"
   }
  },
  {
   "type": "Feature",
   "geometry": {
    "type": "Point",
    "coordinates": [
     142.21681318,
     -10.58049741
    ]
   },
   "properties": {
    "name": "75 SUMMERS STREET THURSDAY ISLAND 4875",
    "locID": "LOC000018277982",
    "tech": "NULL",
    "upgrade": "NULL_NA",
    "gnaf_pid": "GAQLD155897208",
    "ee": false,
    "tech_change_status": "Not Planned"
   }
  },
  {
   "type": "Feature",
   "geometry": {
    "type": "Point",
    "coordinates": [
     142.21942392,
     -10.58471809
    ]
   },
   "properties": {
    "name": "12 VICTORIA PARADE THURSDAY ISLAND 4875",
    "locID": "LOC000030790659",
    "tech": "NULL",
    "upgrade": "NULL_NA",
    "gnaf_pid": "GAQLD155897216",
    "ee": false,
    "tech_change_status": "Not Planned"
   }
  },
  {
   "type": "Feature",
   "geometry": {
    "type": "Point",
    "coordinates": [
     142.21887409,
     -10.58467466
    ]
   },
   "properties": {
    "name": "18 VICTORIA PARADE THURSDAY ISLAND 4875",
    "locID": "LOC000010772512",
    "tech": "NULL",
    "upgrade": "NULL_NA",
    "gnaf_pid": "GAQLD155897219",
    "ee": false,
    "tech_change_status": "Not Planned"
   }
  },
  {
   "type": "Feature",
   "geometry": {
    "type": "Point",
    "coordinates": [
     142.22090051,
     -10.58474108
    ]
   },
   "properties": {
    "name": "2 VICTORIA PARADE THURSDAY ISLAND 4875",
    "locID": "LOC000064563410",
    "tech": "NULL",
    "upgrade": "NULL_NA",
    "gnaf_pid": "GAQLD155897220",
    "ee": false,
    "tech_change_status": "Not Planned"
   }
  },
  {
   "type": "Feature",
   "geometry": {
    "type": "Point",
    "coordinates": [
     142.21736209,
     -10.58455527
    ]
   },
   "properties": {
    "name": "34 VICTORIA PARADE THURSDAY ISLAND 4875",
    "locID": "LOC000089273016",
    "tech": "NULL",
    "upgrade": "NULL_NA",
    "gnaf_pid": "GAQLD155897223",
    "ee": false,
    "tech_change_status": "Not Planned"
   }
  },
  {
   "type": "Feature",
   "geometry": {
    "type": "Point",
    "coordinates": [
     142.21685813,
     -10.58451547
    ]
   },
   "properties": {
    "name": "38 VICTORIA PARADE THURSDAY ISLAND 4875",
    "locID": "LOC000114385119",
    "tech": "NULL",
    "upgrade": "NULL_NA",
    "gnaf_pid": "GAQLD155897225",
    "ee": false,
    "tech_change_status": "Not Planned"
   }
  },
  {
   "type": "Feature",
   "geometry": {
    "type": "Point",
    "coordinates": [
     142.22288323,
     -10.58070304
    ]
   },
   "properties": {
    "name": "29 SUMMERS STREET THURSDAY ISLAND 4875",
    "locID": "LOC000105343138",
    "tech": "NULL",
    "upgrade": "NULL_NA",
    "gnaf_pid": "GAQLD155898246",
    "ee": false,
    "tech_change_status": "Not Planned"
   }
  },
  {
   "type": "Feature",
   "geometry": {
    "type": "Point",
    "coordinates": [
     142.22147735,
     -10.57066526
    ]
   },
   "properties": {
    "name": "26 WAIBEN ESPLANADE THURSDAY ISLAND 4875",
    "locID": "LOC000089746104",
    "tech": "SATELLITE",
    "upgrade": "NULL_NA",
    "gnaf_pid": "GAQLD155899263",
    "ee": false,
    "tech_change_status": "Not Planned"
   }
  },
  {
   "type": "Feature",
   "geometry": {
    "type": "Point",
    "coordinates": [
     142.22169022,
     -10.57042775
    ]
   },
   "properties": {
    "name": "30 WAIBEN ESPLANADE THURSDAY ISLAND 4875",
    "locID": "LOC000039486409",
    "tech": "NULL",
    "upgrade": "NULL_NA",
    "gnaf_pid": "GAQLD155899266",
    "ee": false,
    "tech_change_status": "Not Planned"
   }
  },
  {
   "type": "Feature",
   "geometry": {
    "type": "Point",
    "coordinates": [
     142.22199841,
     -10.57030939
    ]
   },
   "properties": {
    "name": "34 WAIBEN ESPLANADE THURSDAY ISLAND 4875",
    "locID": "LOC000075100856",
    "tech": "SATELLITE",
    "upgrade": "NULL_NA",
    "gnaf_pid": "GAQLD155899268",
    "ee": false,
    "tech_change_status": "Not Planned"
   }
  },
  {
   "type": "Feature",
   "geometry": {
    "type": "Point",
    "coordinates": [
     142.22231897,
     -10.57021549
    ]
   },
   "properties": {
    "name": "38 WAIBEN ESPLANADE THURSDAY ISLAND 4875",
    "locID": "LOC000061088290",
    "tech": "NULL",
    "upgrade": "NULL_NA",
    "gnaf_pid": "GAQLD155899270",
    "ee": false,
    "tech_change_status": "Not Planned"
   }
  },
  {
   "type": "Feature",
   "geometry": {
    "type": "Point",
    "coordinates": [
     142.20953401,
     -10.57857733
    ]
   },
   "properties": {
    "name": "23 OLANDI STREET THURSDAY ISLAND 4875",
    "locID": "LOC000016546925",
    "tech": "NULL",
    "upgrade": "NULL_NA",
    "gnaf_pid": "GAQLD155899405",
    "ee": false,
    "tech_change_status": "Not Planned"
   }
  },
  {
   "type": "Feature",
   "geometry": {
    "type": "Point",
    "coordinates": [
     142.21309296,
     -10.58539169
    ]
   },
   "properties": {
    "name": "10 PEARL STREET THURSDAY ISLAND 4875",
    "locID": "LOC000088274708",
    "tech": "NULL",
    "upgrade": "NULL_NA",
    "gnaf_pid": "GAQLD155899407",
    "ee": false,
    "tech_change_status": "Not Planned"
   }
  },
  {
   "type": "Feature",
   "geometry": {
    "type": "Point",
    "coordinates": [
     142.21226244,
     -10.58551141
    ]
   },
   "properties": {
    "name": "11 PEARL STREET THURSDAY ISLAND 4875",
    "locID": "LOC000094392119",
    "tech": "SATELLITE",
    "upgrade": "NULL_NA",
    "gnaf_pid": "GAQLD155899408",
    "ee": false,
    "tech_change_status": "Not Planned"
   }
  },
  {
   "type": "Feature",
   "geometry": {
    "type": "Point",
    "coordinates": [
     142.21037307,
     -10.58115022
    ]
   },
   "properties": {
    "name": "3 PORUMA STREET THURSDAY ISLAND 4875",
    "locID": "LOC000097474210",
    "tech": "NULL",
    "upgrade": "NULL_NA",
    "gnaf_pid": "GAQLD155899410",
    "ee": false,
    "tech_change_status": "Not Planned"
   }
  },
  {
   "type": "Feature",
   "geometry": {
    "type": "Point",
    "coordinates": [
     142.21020538,
     -10.58101401
    ]
   },
   "properties": {
    "name": "5 PORUMA STREET THURSDAY ISLAND 4875",
    "locID": "LOC000040404805",
    "tech": "NULL",
    "upgrade": "NULL_NA",
    "gnaf_pid": "GAQLD155899411",
    "ee": false,
    "tech_change_status": "Not Planned"
   }
  },
  {
   "type": "Feature",
   "geometry": {
    "type": "Point",
    "coordinates": [
     142.2099086,
     -10.58059914
    ]
   },
   "properties": {
    "name": "9 PORUMA STREET THURSDAY ISLAND 4875",
    "locID": "LOC000091185571",
    "tech": "NULL",
    "upgrade": "NULL_NA",
    "gnaf_pid": "GAQLD155899413",
    "ee": false,
    "tech_change_status": "Not Planned"
   }
  },
  {
   "type": "Feature",
   "geometry": {
    "type": "Point",
    "coordinates": [
     142.22492428,
     -10.56942667
    ]
   },
   "properties": {
    "name": "63 WAIBEN ESPLANADE THURSDAY ISLAND 4875",
    "locID": "LOC000001720052",
    "tech": "NULL",
    "upgrade": "NULL_NA",
    "gnaf_pid": "GAQLD155900297",
    "ee": false,
    "tech_change_status": "Not Planned"
   }
  },
  {
   "type": "Feature",
   "geometry": {
    "type": "Point",
    "coordinates": [
     142.22470725,
     -10.57001506
    ]
   },
   "properties": {
    "name": "66 WAIBEN ESPLANADE THURSDAY ISLAND 4875",
    "locID": "LOC000051139513",
    "tech": "NULL",
    "upgrade": "NULL_NA",
    "gnaf_pid": "GAQLD155900300",
    "ee": false,
    "tech_change_status": "Not Planned"
   }
  },
  {
   "type": "Feature",
   "geometry": {
    "type": "Point",
    "coordinates": [
     142.2269183,
     -10.57029601
    ]
   },
   "properties": {
    "name": "77 WAIBEN ESPLANADE THURSDAY ISLAND 4875",
    "locID": "LOC000085749462",
    "tech": "NULL",
    "upgrade": "NULL_NA",
    "gnaf_pid": "GAQLD155901295",
    "ee": false,
    "tech_change_status": "Not Planned"
   }
  },
  {
   "type": "Feature",
   "geometry": {
    "type": "Point",
    "coordinates": [
     142.22202196,
     -10.58109125
    ]
   },
   "properties": {
    "name": "36 HARGRAVE STREET THURSDAY ISLAND 4875",
    "locID": "LOC000053536884",
    "tech": "NULL",
    "upgrade": "NULL_NA",
    "gnaf_pid": "GAQLD155902373",
    "ee": false,
    "tech_change_status": "Not Planned"
   }
  },
  {
   "type": "Feature",
   "geometry": {
    "type": "Point",
    "coordinates": [
     142.21939032,
     -10.58170477
    ]
   },
   "properties": {
    "name": "41 HARGRAVE STREET THURSDAY ISLAND 4875",
    "locID": "LOC000056900015",
    "tech": "NULL",
    "upgrade": "NULL_NA",
    "gnaf_pid": "GAQLD155902375",
    "ee": false,
    "tech_change_status": "Not Planned"
   }
  },
  {
   "type": "Feature",
   "geometry": {
    "type": "Point",
    "coordinates": [
     142.21765219,
     -10.58149955
    ]
   },
   "properties": {
    "name": "57 HARGRAVE STREET THURSDAY ISLAND 4875",
    "locID": "LOC000067181513",
    "tech": "NULL",
    "upgrade": "NULL_NA",
    "gnaf_pid": "GAQLD155902382",
    "ee": false,
    "tech_change_status": "Not Planned"
   }
  },
  {
   "type": "Feature",
   "geometry": {
    "type": "Point",
    "coordinates": [
     142.21770775,
     -10.58084179
    ]
   },
   "properties": {
    "name": "68 HARGRAVE STREET THURSDAY ISLAND 4875",
    "locID": "LOC000017432247",
    "tech": "NULL",
    "upgrade": "NULL_NA",
    "gnaf_pid": "GAQLD155903334",
    "ee": false,
    "tech_change_status": "Not Planned"
   }
  },
  {
   "type": "Feature",
   "geometry": {
    "type": "Point",
    "coordinates": [
     142.21710771,
     -10.58065757
    ]
   },
   "properties": {
    "name": "72 HARGRAVE STREET THURSDAY ISLAND 4875",
    "locID": "LOC000019231324",
    "tech": "NULL",
    "upgrade": "NULL_NA",
    "gnaf_pid": "GAQLD155903373",
    "ee": false,
    "tech_change_status": "Not Planned"
   }
  },
  {
   "type": "Feature",
   "geometry": {
    "type": "Point",
    "coordinates": [
     142.22172498,
     -10.58234938
    ]
   },
   "properties": {
    "name": "12-14 JOHN STREET THURSDAY ISLAND 4875",
    "locID": "LOC000149096341",
    "tech": "NULL",
    "upgrade": "NULL_NA",
    "gnaf_pid": "GAQLD155904580",
    "ee": false,
    "tech_change_status": "Not Planned"
   }
  },
  {
   "type": "Feature",
   "geometry": {
    "type": "Point",
    "coordinates": [
     142.22160935,
     -10.58315716
    ]
   },
   "properties": {
    "name": "13 JOHN STREET THURSDAY ISLAND 4875",
    "locID": "LOC000006782172",
    "tech": "NULL",
    "upgrade": "NULL_NA",
    "gnaf_pid": "GAQLD155904581",
    "ee": false,
    "tech_change_status": "Not Planned"
   }
  },
  {
   "type": "Feature",
   "geometry": {
    "type": "Point",
    "coordinates": [
     142.22145063,
     -10.5836008
    ]
   },
   "properties": {
    "name": "48 DOUGLAS STREET THURSDAY ISLAND 4875",
    "locID": "LOC000009956712",
    "tech": "NULL",
    "upgrade": "NULL_NA",
    "gnaf_pid": "GAQLD155904782",
    "ee": false,
    "tech_change_status": "Not Planned"
   }
  },
  {
   "type": "Feature",
   "geometry": {
    "type": "Point",
    "coordinates": [
     142.22004709,
     -10.58422663
    ]
   },
   "properties": {
    "name": "51 DOUGLAS STREET THURSDAY ISLAND 4875",
    "locID": "LOC000024014541",
    "tech": "NULL",
    "upgrade": "NULL_NA",
    "gnaf_pid": "GAQLD155904784",
    "ee": false,
    "tech_change_status": "Not Planned"
   }
  },
  {
   "type": "Feature",
   "geometry": {
    "type": "Point",
    "coordinates": [
     142.22099244,
     -10.58356462
    ]
   },
   "properties": {
    "name": "54 DOUGLAS STREET THURSDAY ISLAND 4875",
    "locID": "LOC000007662418",
    "tech": "NULL",
    "upgrade": "NULL_NA",
    "gnaf_pid": "GAQLD155904787",
    "ee": false,
    "tech_change_status": "Not Planned"
   }
  },
  {
   "type": "Feature",
   "geometry": {
    "type": "Point",
    "coordinates": [
     142.21964838,
     -10.58420794
    ]
   },
   "properties": {
    "name": "57 DOUGLAS STREET THURSDAY ISLAND 4875",
    "locID": "LOC000072214960",
    "tech": "NULL",
    "upgrade": "NULL_NA",
    "gnaf_pid": "GAQLD155904789",
    "ee": false,
    "tech_change_status": "Not Planned"
   }
  },
  {
   "type": "Feature",
   "geometry": {
    "type": "Point",
    "coordinates": [
     142.21961843,
     -10.58440871
    ]
   },
   "properties": {
    "name": "61 DOUGLAS STREET THURSDAY ISLAND 4875",
    "locID": "LOC000063922734",
    "tech": "NULL",
    "upgrade": "NULL_NA",
    "gnaf_pid": "GAQLD155904791",
    "ee": false,
    "tech_change_status": "Not Planned"
   }
  },
  {
   "type": "Feature",
   "geometry": {
    "type": "Point",
    "coordinates": [
     142.22016174,
     -10.58349901
    ]
   },
   "properties": {
    "name": "64-66 DOUGLAS STREET THURSDAY ISLAND 4875",
    "locID": "LOC000054962360",
    "tech": "NULL",
    "upgrade": "NULL_NA",
    "gnaf_pid": "GAQLD155905497",
    "ee": false,
    "tech_change_status": "Not Planned"
   }
  },
  {
   "type": "Feature",
   "geometry": {
    "type": "Point",
    "coordinates": [
     142.2198927,
     -10.58347778
    ]
   },
   "properties": {
    "name": "68 DOUGLAS STREET THURSDAY ISLAND 4875",
    "locID": "LOC000032875953",
    "tech": "SATELLITE",
    "upgrade": "NULL_NA",
    "gnaf_pid": "GAQLD155905498",
    "ee": false,
    "tech_change_status": "Not Planned"
   }
  },
  {
   "type": "Feature",
   "geometry": {
    "type": "Point",
    "coordinates": [
     142.21976165,
     -10.58346742
    ]
   },
   "properties": {
    "name": "70 DOUGLAS STREET THURSDAY ISLAND 4875",
    "locID": "LOC000041541506",
    "tech": "NULL",
    "upgrade": "NULL_NA",
    "gnaf_pid": "GAQLD155905500",
    "ee": false,
    "tech_change_status": "Not Planned"
   }
  },
  {
   "type": "Feature",
   "geometry": {
    "type": "Point",
    "coordinates": [
     142.21957213,
     -10.58345246
    ]
   },
   "properties": {
    "name": "74 DOUGLAS STREET THURSDAY ISLAND 4875",
    "locID": "LOC000039419050",
    "tech": "NULL",
    "upgrade": "NULL_NA",
    "gnaf_pid": "GAQLD155905503",
    "ee": false,
    "tech_change_status": "Not Planned"
   }
  },
  {
   "type": "Feature",
   "geometry": {
    "type": "Point",
    "coordinates": [
     142.2194805,
     -10.58344523
    ]
   },
   "properties": {
    "name": "76 DOUGLAS STREET THURSDAY ISLAND 4875",
    "locID": "LOC000056660898",
    "tech": "NULL",
    "upgrade": "NULL_NA",
    "gnaf_pid": "GAQLD155905505",
    "ee": false,
    "tech_change_status": "Not Planned"
   }
  },
  {
   "type": "Feature",
   "geometry": {
    "type": "Point",
    "coordinates": [
     142.21876078,
     -10.5842095
    ]
   },
   "properties": {
    "name": "79 DOUGLAS STREET THURSDAY ISLAND 4875",
    "locID": "LOC000068606439",
    "tech": "NULL",
    "upgrade": "NULL_NA",
    "gnaf_pid": "GAQLD155905507",
    "ee": false,
    "tech_change_status": "Not Planned"
   }
  },
  {
   "type": "Feature",
   "geometry": {
    "type": "Point",
    "coordinates": [
     142.21595187,
     -10.58056626
    ]
   },
   "properties": {
    "name": "80 HARGRAVE STREET THURSDAY ISLAND 4875",
    "locID": "LOC000081415314",
    "tech": "NULL",
    "upgrade": "NULL_NA",
    "gnaf_pid": "GAQLD155905586",
    "ee": false,
    "tech_change_status": "Not Planned"
   }
  },
  {
   "type": "Feature",
   "geometry": {
    "type": "Point",
    "coordinates": [
     142.22037816,
     -10.58317745
    ]
   },
   "properties": {
    "name": "13 HASTINGS STREET THURSDAY ISLAND 4875",
    "locID": "LOC000074028468",
    "tech": "NULL",
    "upgrade": "NULL_NA",
    "gnaf_pid": "GAQLD155905590",
    "ee": false,
    "tech_change_status": "Not Planned"
   }
  },
  {
   "type": "Feature",
   "geometry": {
    "type": "Point",
    "coordinates": [
     142.22046379,
     -10.58187658
    ]
   },
   "properties": {
    "name": "21 HASTINGS STREET THURSDAY ISLAND 4875",
    "locID": "LOC000149096360",
    "tech": "NULL",
    "upgrade": "NULL_NA",
    "gnaf_pid": "GAQLD155905592",
    "ee": false,
    "tech_change_status": "Not Planned"
   }
  },
  {
   "type": "Feature",
   "geometry": {
    "type": "Point",
    "coordinates": [
     142.22058503,
     -10.58061285
    ]
   },
   "properties": {
    "name": "27 HASTINGS STREET THURSDAY ISLAND 4875",
    "locID": "LOC000058736934",
    "tech": "SATELLITE",
    "upgrade": "NULL_NA",
    "gnaf_pid": "GAQLD155905594",
    "ee": false,
    "tech_change_status": "Not Planned"
   }
  },
  {
   "type": "Feature",
   "geometry": {
    "type": "Point",
    "coordinates": [
     142.21364738,
     -10.58435264
    ]
   },
   "properties": {
    "name": "11 JARDINE STREET THURSDAY ISLAND 4875",
    "locID": "LOC000022542421",
    "tech": "NULL",
    "upgrade": "NULL_NA",
    "gnaf_pid": "GAQLD155905598",
    "ee": false,
    "tech_change_status": "Not Planned"
   }
  },
  {
   "type": "Feature",
   "geometry": {
    "type": "Point",
    "coordinates": [
     142.22176214,
     -10.58316922
    ]
   },
   "properties": {
    "name": "11 JOHN STREET THURSDAY ISLAND 4875",
    "locID": "LOC000049336282",
    "tech": "NULL",
    "upgrade": "NULL_NA",
    "gnaf_pid": "GAQLD155905601",
    "ee": false,
    "tech_change_status": "Not Planned"
   }
  },
  {
   "type": "Feature",
   "geometry": {
    "type": "Point",
    "coordinates": [
     142.22017206,
     -10.58227342
    ]
   },
   "properties": {
    "name": "26 JOHN STREET THURSDAY ISLAND 4875",
    "locID": "LOC000049946804",
    "tech": "NULL",
    "upgrade": "NULL_NA",
    "gnaf_pid": "GAQLD155905627",
    "ee": false,
    "tech_change_status": "Not Planned"
   }
  },
  {
   "type": "Feature",
   "geometry": {
    "type": "Point",
    "coordinates": [
     142.21974613,
     -10.58301
    ]
   },
   "properties": {
    "name": "27 JOHN STREET THURSDAY ISLAND 4875",
    "locID": "LOC000149096373",
    "tech": "NULL",
    "upgrade": "NULL_NA",
    "gnaf_pid": "GAQLD155905628",
    "ee": false,
    "tech_change_status": "Not Planned"
   }
  },
  {
   "type": "Feature",
   "geometry": {
    "type": "Point",
    "coordinates": [
     142.21956284,
     -10.58299553
    ]
   },
   "properties": {
    "name": "29 JOHN STREET THURSDAY ISLAND 4875",
    "locID": "LOC000044878346",
    "tech": "NULL",
    "upgrade": "NULL_NA",
    "gnaf_pid": "GAQLD155905630",
    "ee": false,
    "tech_change_status": "Not Planned"
   }
  },
  {
   "type": "Feature",
   "geometry": {
    "type": "Point",
    "coordinates": [
     142.22249142,
     -10.58320159
    ]
   },
   "properties": {
    "name": "3 JOHN STREET THURSDAY ISLAND 4875",
    "locID": "LOC000036635925",
    "tech": "NULL",
    "upgrade": "NULL_NA",
    "gnaf_pid": "GAQLD155905631",
    "ee": false,
    "tech_change_status": "Not Planned"
   }
  },
  {
   "type": "Feature",
   "geometry": {
    "type": "Point",
    "coordinates": [
     142.22230205,
     -10.58327654
    ]
   },
   "properties": {
    "name": "5 JOHN STREET THURSDAY ISLAND 4875",
    "locID": "LOC000039371094",
    "tech": "NULL",
    "upgrade": "NULL_NA",
    "gnaf_pid": "GAQLD155905652",
    "ee": false,
    "tech_change_status": "Not Planned"
   }
  },
  {
   "type": "Feature",
   "geometry": {
    "type": "Point",
    "coordinates": [
     142.21788601,
     -10.58320528
    ]
   },
   "properties": {
    "name": "11 BLACKALL STREET THURSDAY ISLAND 4875",
    "locID": "LOC000076379196",
    "tech": "NULL",
    "upgrade": "NULL_NA",
    "gnaf_pid": "GAQLD155905894",
    "ee": false,
    "tech_change_status": "Not Planned"
   }
  },
  {
   "type": "Feature",
   "geometry": {
    "type": "Point",
    "coordinates": [
     142.21368822,
     -10.58273304
    ]
   },
   "properties": {
    "name": "15 CHESTER STREET THURSDAY ISLAND 4875",
    "locID": "LOC000015806381",
    "tech": "NULL",
    "upgrade": "NULL_NA",
    "gnaf_pid": "GAQLD155905919",
    "ee": false,
    "tech_change_status": "Not Planned"
   }
  },
  {
   "type": "Feature",
   "geometry": {
    "type": "Point",
    "coordinates": [
     142.21505322,
     -10.58236619
    ]
   },
   "properties": {
    "name": "23 CHESTER STREET THURSDAY ISLAND 4875",
    "locID": "LOC000105778659",
    "tech": "NULL",
    "upgrade": "NULL_NA",
    "gnaf_pid": "GAQLD155905922",
    "ee": false,
    "tech_change_status": "Not Planned"
   }
  },
  {
   "type": "Feature",
   "geometry": {
    "type": "Point",
    "coordinates": [
     142.21893065,
     -10.58340178
    ]
   },
   "properties": {
    "name": "88 DOUGLAS STREET THURSDAY ISLAND 4875",
    "locID": "LOC000097180164",
    "tech": "SATELLITE",
    "upgrade": "NULL_NA",
    "gnaf_pid": "GAQLD155906584",
    "ee": false,
    "tech_change_status": "Not Planned"
   }
  },
  {
   "type": "Feature",
   "geometry": {
    "type": "Point",
    "coordinates": [
     142.21771937,
     -10.58412732
    ]
   },
   "properties": {
    "name": "91 DOUGLAS STREET THURSDAY ISLAND 4875",
    "locID": "LOC000009488660",
    "tech": "SATELLITE",
    "upgrade": "NULL_NA",
    "gnaf_pid": "GAQLD155906586",
    "ee": false,
    "tech_change_status": "Not Planned"
   }
  },
  {
   "type": "Feature",
   "geometry": {
    "type": "Point",
    "coordinates": [
     142.21856461,
     -10.58337287
    ]
   },
   "properties": {
    "name": "96 DOUGLAS STREET THURSDAY ISLAND 4875",
    "locID": "LOC000011590746",
    "tech": "SATELLITE",
    "upgrade": "NULL_NA",
    "gnaf_pid": "GAQLD155906588",
    "ee": false,
    "tech_change_status": "Not Planned"
   }
  },
  {
   "type": "Feature",
   "geometry": {
    "type": "Point",
    "coordinates": [
     142.21900627,
     -10.58295033
    ]
   },
   "properties": {
    "name": "35 JOHN STREET THURSDAY ISLAND 4875",
    "locID": "LOC000081984660",
    "tech": "NULL",
    "upgrade": "NULL_NA",
    "gnaf_pid": "GAQLD155907399",
    "ee": false,
    "tech_change_status": "Not Planned"
   }
  },
  {
   "type": "Feature",
   "geometry": {
    "type": "Point",
    "coordinates": [
     142.21681382,
     -10.58277843
    ]
   },
   "properties": {
    "name": "55 JOHN STREET THURSDAY ISLAND 4875",
    "locID": "LOC000106312102",
    "tech": "SATELLITE",
    "upgrade": "NULL_NA",
    "gnaf_pid": "GAQLD155907421",
    "ee": false,
    "tech_change_status": "Not Planned"
   }
  },
  {
   "type": "Feature",
   "geometry": {
    "type": "Point",
    "coordinates": [
     142.21669637,
     -10.58194802
    ]
   },
   "properties": {
    "name": "58 JOHN STREET THURSDAY ISLAND 4875",
    "locID": "LOC000034763556",
    "tech": "NULL",
    "upgrade": "NULL_NA",
    "gnaf_pid": "GAQLD155907423",
    "ee": false,
    "tech_change_status": "Not Planned"
   }
  },
  {
   "type": "Feature",
   "geometry": {
    "type": "Point",
    "coordinates": [
     142.21288311,
     -10.57961561
    ]
   },
   "properties": {
    "name": "2 CLARK STREET THURSDAY ISLAND 4875",
    "locID": "LOC000038585419",
    "tech": "SATELLITE",
    "upgrade": "NULL_NA",
    "gnaf_pid": "GAQLD155907741",
    "ee": false,
    "tech_change_status": "Not Planned"
   }
  },
  {
   "type": "Feature",
   "geometry": {
    "type": "Point",
    "coordinates": [
     142.21110041,
     -10.58106194
    ]
   },
   "properties": {
    "name": "22 CLARK STREET THURSDAY ISLAND 4875",
    "locID": "LOC000149098498",
    "tech": "NULL",
    "upgrade": "NULL_NA",
    "gnaf_pid": "GAQLD155907743",
    "ee": false,
    "tech_change_status": "Not Planned"
   }
  },
  {
   "type": "Feature",
   "geometry": {
    "type": "Point",
    "coordinates": [
     142.22210286,
     -10.58237495
    ]
   },
   "properties": {
    "name": "8 JOHN STREET THURSDAY ISLAND 4875",
    "locID": "LOC000074845398",
    "tech": "SATELLITE",
    "upgrade": "NULL_NA",
    "gnaf_pid": "GAQLD155909301",
    "ee": false,
    "tech_change_status": "Not Planned"
   }
  },
  {
   "type": "Feature",
   "geometry": {
    "type": "Point",
    "coordinates": [
     142.22266179,
     -10.58230508
    ]
   },
   "properties": {
    "name": "3 MILMAN STREET THURSDAY ISLAND 4875",
    "locID": "LOC100072072132",
    "tech": "NULL",
    "upgrade": "NULL_NA",
    "gnaf_pid": "GAQLD155909332",
    "ee": false,
    "tech_change_status": "Not Planned"
   }
  },
  {
   "type": "Feature",
   "geometry": {
    "type": "Point",
    "coordinates": [
     142.2132239,
     -10.58374279
    ]
   },
   "properties": {
    "name": "7 CHESTER STREET THURSDAY ISLAND 4875",
    "locID": "LOC000149096387",
    "tech": "NULL",
    "upgrade": "NULL_NA",
    "gnaf_pid": "GAQLD155909478",
    "ee": false,
    "tech_change_status": "Not Planned"
   }
  },
  {
   "type": "Feature",
   "geometry": {
    "type": "Point",
    "coordinates": [
     142.21335329,
     -10.58355662
    ]
   },
   "properties": {
    "name": "9 CHESTER STREET THURSDAY ISLAND 4875",
    "locID": "LOC000010859018",
    "tech": "NULL",
    "upgrade": "NULL_NA",
    "gnaf_pid": "GAQLD155909480",
    "ee": false,
    "tech_change_status": "Not Planned"
   }
  },
  {
   "type": "Feature",
   "geometry": {
    "type": "Point",
    "coordinates": [
     142.21056841,
     -10.5819328
    ]
   },
   "properties": {
    "name": "27 CLARK STREET THURSDAY ISLAND 4875",
    "locID": "LOC000055316637",
    "tech": "NULL",
    "upgrade": "NULL_NA",
    "gnaf_pid": "GAQLD155909499",
    "ee": false,
    "tech_change_status": "Not Planned"
   }
  },
  {
   "type": "Feature",
   "geometry": {
    "type": "Point",
    "coordinates": [
     142.21035663,
     -10.58204453
    ]
   },
   "properties": {
    "name": "29 CLARK STREET THURSDAY ISLAND 4875",
    "locID": "LOC000024425574",
    "tech": "NULL",
    "upgrade": "NULL_NA",
    "gnaf_pid": "GAQLD155909501",
    "ee": false,
    "tech_change_status": "Not Planned"
   }
  },
  {
   "type": "Feature",
   "geometry": {
    "type": "Point",
    "coordinates": [
     142.21013116,
     -10.58199718
    ]
   },
   "properties": {
    "name": "31 CLARK STREET THURSDAY ISLAND 4875",
    "locID": "LOC000099515574",
    "tech": "NULL",
    "upgrade": "NULL_NA",
    "gnaf_pid": "GAQLD155909502",
    "ee": false,
    "tech_change_status": "Not Planned"
   }
  },
  {
   "type": "Feature",
   "geometry": {
    "type": "Point",
    "coordinates": [
     142.21218711,
     -10.58020744
    ]
   },
   "properties": {
    "name": "8 CLARK STREET THURSDAY ISLAND 4875",
    "locID": "LOC000025803794",
    "tech": "NULL",
    "upgrade": "NULL_NA",
    "gnaf_pid": "GAQLD155909504",
    "ee": false,
    "tech_change_status": "Not Planned"
   }
  },
  {
   "type": "Feature",
   "geometry": {
    "type": "Point",
    "coordinates": [
     142.21401681,
     -10.58647899
    ]
   },
   "properties": {
    "name": "68 VICTORIA PARADE THURSDAY ISLAND 4875",
    "locID": "LOC000026578711",
    "tech": "NULL",
    "upgrade": "NULL_NA",
    "gnaf_pid": "GAQLD155910273",
    "ee": false,
    "tech_change_status": "Not Planned"
   }
  },
  {
   "type": "Feature",
   "geometry": {
    "type": "Point",
    "coordinates": [
     142.22354059,
     -10.57876948
    ]
   },
   "properties": {
    "name": "LOT 1 MILMAN STREET THURSDAY ISLAND 4875",
    "locID": "LOC000059335683",
    "tech": "NULL",
    "upgrade": "NULL_NA",
    "gnaf_pid": "GAQLD155911099",
    "ee": false,
    "tech_change_status": "Not Planned"
   }
  },
  {
   "type": "Feature",
   "geometry": {
    "type": "Point",
    "coordinates": [
     142.22351553,
     -10.58086707
    ]
   },
   "properties": {
    "name": "14 MILMAN STREET THURSDAY ISLAND 4875",
    "locID": "LOC000077650126",
    "tech": "NULL",
    "upgrade": "NULL_NA",
    "gnaf_pid": "GAQLD155911102",
    "ee": false,
    "tech_change_status": "Not Planned"
   }
  },
  {
   "type": "Feature",
   "geometry": {
    "type": "Point",
    "coordinates": [
     142.21785676,
     -10.58343079
    ]
   },
   "properties": {
    "name": "102 DOUGLAS STREET THURSDAY ISLAND 4875",
    "locID": "LOC000064916209",
    "tech": "NULL",
    "upgrade": "NULL_NA",
    "gnaf_pid": "GAQLD155911320",
    "ee": false,
    "tech_change_status": "Not Planned"
   }
  },
  {
   "type": "Feature",
   "geometry": {
    "type": "Point",
    "coordinates": [
     142.21698631,
     -10.58406935
    ]
   },
   "properties": {
    "name": "107 DOUGLAS STREET THURSDAY ISLAND 4875",
    "locID": "LOC000074234742",
    "tech": "NULL",
    "upgrade": "NULL_NA",
    "gnaf_pid": "GAQLD155911322",
    "ee": false,
    "tech_change_status": "Not Planned"
   }
  },
  {
   "type": "Feature",
   "geometry": {
    "type": "Point",
    "coordinates": [
     142.21696053,
     -10.58324622
    ]
   },
   "properties": {
    "name": "112 DOUGLAS STREET THURSDAY ISLAND 4875",
    "locID": "LOC000054677922",
    "tech": "NULL",
    "upgrade": "NULL_NA",
    "gnaf_pid": "GAQLD155911324",
    "ee": false,
    "tech_change_status": "Not Planned"
   }
  },
  {
   "type": "Feature",
   "geometry": {
    "type": "Point",
    "coordinates": [
     142.21654926,
     -10.5842071
    ]
   },
   "properties": {
    "name": "117 DOUGLAS STREET THURSDAY ISLAND 4875",
    "locID": "LOC000054795385",
    "tech": "NULL",
    "upgrade": "NULL_NA",
    "gnaf_pid": "GAQLD155911326",
    "ee": false,
    "tech_change_status": "Not Planned"
   }
  },
  {
   "type": "Feature",
   "geometry": {
    "type": "Point",
    "coordinates": [
     142.21257326,
     -10.58620603
    ]
   },
   "properties": {
    "name": "150 DOUGLAS STREET THURSDAY ISLAND 4875",
    "locID": "LOC000086910368",
    "tech": "NULL",
    "upgrade": "NULL_NA",
    "gnaf_pid": "GAQLD155911337",
    "ee": false,
    "tech_change_status": "Not Planned"
   }
  },
  {
   "type": "Feature",
   "geometry": {
    "type": "Point",
    "coordinates": [
     142.2208702,
     -10.58425732
    ]
   },
   "properties": {
    "name": "35 DOUGLAS STREET THURSDAY ISLAND 4875",
    "locID": "LOC000076246467",
    "tech": "NULL",
    "upgrade": "NULL_NA",
    "gnaf_pid": "GAQLD155911339",
    "ee": false,
    "tech_change_status": "Not Planned"
   }
  },
  {
   "type": "Feature",
   "geometry": {
    "type": "Point",
    "coordinates": [
     142.22149795,
     -10.58187103
    ]
   },
   "properties": {
    "name": "25 HARGRAVE STREET THURSDAY ISLAND 4875",
    "locID": "LOC000149096394",
    "tech": "SATELLITE",
    "upgrade": "NULL_NA",
    "gnaf_pid": "GAQLD155911494",
    "ee": false,
    "tech_change_status": "Not Planned"
   }
  },
  {
   "type": "Feature",
   "geometry": {
    "type": "Point",
    "coordinates": [
     142.22122304,
     -10.58184928
    ]
   },
   "properties": {
    "name": "27-29 HARGRAVE STREET THURSDAY ISLAND 4875",
    "locID": "LOC000027497904",
    "tech": "NULL",
    "upgrade": "NULL_NA",
    "gnaf_pid": "GAQLD155911495",
    "ee": false,
    "tech_change_status": "Not Planned"
   }
  },
  {
   "type": "Feature",
   "geometry": {
    "type": "Point",
    "coordinates": [
     142.22266845,
     -10.58114233
    ]
   },
   "properties": {
    "name": "28 HARGRAVE STREET THURSDAY ISLAND 4875",
    "locID": "LOC000041768406",
    "tech": "NULL",
    "upgrade": "NULL_NA",
    "gnaf_pid": "GAQLD155911496",
    "ee": false,
    "tech_change_status": "Not Planned"
   }
  },
  {
   "type": "Feature",
   "geometry": {
    "type": "Point",
    "coordinates": [
     142.22603685,
     -10.57344776
    ]
   },
   "properties": {
    "name": "LOT 152 WAIBEN ESPLANADE THURSDAY ISLAND 4875",
    "locID": "LOC000060607167",
    "tech": "NULL",
    "upgrade": "NULL_NA",
    "gnaf_pid": "GAQLD155912099",
    "ee": false,
    "tech_change_status": "Not Planned"
   }
  },
  {
   "type": "Feature",
   "geometry": {
    "type": "Point",
    "coordinates": [
     142.22084014,
     -10.57199126
    ]
   },
   "properties": {
    "name": "10 WAIBEN ESPLANADE THURSDAY ISLAND 4875",
    "locID": "LOC000078047323",
    "tech": "NULL",
    "upgrade": "NULL_NA",
    "gnaf_pid": "GAQLD155912100",
    "ee": false,
    "tech_change_status": "Not Planned"
   }
  },
  {
   "type": "Feature",
   "geometry": {
    "type": "Point",
    "coordinates": [
     142.22090334,
     -10.5715555
    ]
   },
   "properties": {
    "name": "14 WAIBEN ESPLANADE THURSDAY ISLAND 4875",
    "locID": "LOC000004136139",
    "tech": "NULL",
    "upgrade": "NULL_NA",
    "gnaf_pid": "GAQLD155912102",
    "ee": false,
    "tech_change_status": "Not Planned"
   }
  },
  {
   "type": "Feature",
   "geometry": {
    "type": "Point",
    "coordinates": [
     142.22097871,
     -10.57140511
    ]
   },
   "properties": {
    "name": "16 WAIBEN ESPLANADE THURSDAY ISLAND 4875",
    "locID": "LOC000008285919",
    "tech": "NULL",
    "upgrade": "NULL_NA",
    "gnaf_pid": "GAQLD155912103",
    "ee": false,
    "tech_change_status": "Not Planned"
   }
  },
  {
   "type": "Feature",
   "geometry": {
    "type": "Point",
    "coordinates": [
     142.21121909,
     -10.58048581
    ]
   },
   "properties": {
    "name": "15 NAZEER STREET THURSDAY ISLAND 4875",
    "locID": "LOC000082632610",
    "tech": "SATELLITE",
    "upgrade": "NULL_NA",
    "gnaf_pid": "GAQLD155912966",
    "ee": false,
    "tech_change_status": "Not Planned"
   }
  },
  {
   "type": "Feature",
   "geometry": {
    "type": "Point",
    "coordinates": [
     142.21191882,
     -10.57989591
    ]
   },
   "properties": {
    "name": "5 NAZEER STREET THURSDAY ISLAND 4875",
    "locID": "LOC000033368691",
    "tech": "SATELLITE",
    "upgrade": "NULL_NA",
    "gnaf_pid": "GAQLD155912970",
    "ee": false,
    "tech_change_status": "Not Planned"
   }
  },
  {
   "type": "Feature",
   "geometry": {
    "type": "Point",
    "coordinates": [
     142.21163891,
     -10.58013188
    ]
   },
   "properties": {
    "name": "9 NAZEER STREET THURSDAY ISLAND 4875",
    "locID": "LOC000013253325",
    "tech": "NULL",
    "upgrade": "NULL_NA",
    "gnaf_pid": "GAQLD155912971",
    "ee": false,
    "tech_change_status": "Not Planned"
   }
  },
  {
   "type": "Feature",
   "geometry": {
    "type": "Point",
    "coordinates": [
     142.21300603,
     -10.58529075
    ]
   },
   "properties": {
    "name": "12 PEARL STREET THURSDAY ISLAND 4875",
    "locID": "LOC000068832894",
    "tech": "NULL",
    "upgrade": "NULL_NA",
    "gnaf_pid": "GAQLD155912998",
    "ee": false,
    "tech_change_status": "Not Planned"
   }
  },
  {
   "type": "Feature",
   "geometry": {
    "type": "Point",
    "coordinates": [
     142.21150112,
     -10.58583018
    ]
   },
   "properties": {
    "name": "13 PEARL STREET THURSDAY ISLAND 4875",
    "locID": "LOC000149096413",
    "tech": "SATELLITE",
    "upgrade": "NULL_NA",
    "gnaf_pid": "GAQLD155912999",
    "ee": false,
    "tech_change_status": "Not Planned"
   }
  },
  {
   "type": "Feature",
   "geometry": {
    "type": "Point",
    "coordinates": [
     142.2129315,
     -10.58520423
    ]
   },
   "properties": {
    "name": "14 PEARL STREET THURSDAY ISLAND 4875",
    "locID": "LOC000020756492",
    "tech": "SATELLITE",
    "upgrade": "NULL_NA",
    "gnaf_pid": "GAQLD155913000",
    "ee": false,
    "tech_change_status": "Not Planned"
   }
  },
  {
   "type": "Feature",
   "geometry": {
    "type": "Point",
    "coordinates": [
     142.21329172,
     -10.58562244
    ]
   },
   "properties": {
    "name": "6 PEARL STREET THURSDAY ISLAND 4875",
    "locID": "LOC000037428055",
    "tech": "NULL",
    "upgrade": "NULL_NA",
    "gnaf_pid": "GAQLD155913001",
    "ee": false,
    "tech_change_status": "Not Planned"
   }
  },
  {
   "type": "Feature",
   "geometry": {
    "type": "Point",
    "coordinates": [
     142.21151499,
     -10.57890549
    ]
   },
   "properties": {
    "name": "3 PILOT STREET THURSDAY ISLAND 4875",
    "locID": "LOC000071837622",
    "tech": "NULL",
    "upgrade": "NULL_NA",
    "gnaf_pid": "GAQLD155913004",
    "ee": false,
    "tech_change_status": "Not Planned"
   }
  },
  {
   "type": "Feature",
   "geometry": {
    "type": "Point",
    "coordinates": [
     142.22044455,
     -10.58234649
    ]
   },
   "properties": {
    "name": "24 JOHN STREET THURSDAY ISLAND 4875",
    "locID": "LOC000059741629",
    "tech": "NULL",
    "upgrade": "NULL_NA",
    "gnaf_pid": "GAQLD156084826",
    "ee": false,
    "tech_change_status": "Not Planned"
   }
  },
  {
   "type": "Feature",
   "geometry": {
    "type": "Point",
    "coordinates": [
     142.22112066,
     -10.5831186
    ]
   },
   "properties": {
    "name": "17 JOHN STREET THURSDAY ISLAND 4875",
    "locID": "LOC000049862945",
    "tech": "NULL",
    "upgrade": "NULL_NA",
    "gnaf_pid": "GAQLD157214673",
    "ee": false,
    "tech_change_status": "Not Planned"
   }
  },
  {
   "type": "Feature",
   "geometry": {
    "type": "Point",
    "coordinates": [
     142.22271718,
     -10.5825254
    ]
   },
   "properties": {
    "name": "2 JOHN STREET THURSDAY ISLAND 4875",
    "locID": "LOC000097588570",
    "tech": "NULL",
    "upgrade": "NULL_NA",
    "gnaf_pid": "GAQLD157214674",
    "ee": false,
    "tech_change_status": "Not Planned"
   }
  },
  {
   "type": "Feature",
   "geometry": {
    "type": "Point",
    "coordinates": [
     142.22095335,
     -10.58233511
    ]
   },
   "properties": {
    "name": "20 JOHN STREET THURSDAY ISLAND 4875",
    "locID": "LOC000039774255",
    "tech": "NULL",
    "upgrade": "NULL_NA",
    "gnaf_pid": "GAQLD157214675",
    "ee": false,
    "tech_change_status": "Not Planned"
   }
  },
  {
   "type": "Feature",
   "geometry": {
    "type": "Point",
    "coordinates": [
     142.22039644,
     -10.58295079
    ]
   },
   "properties": {
    "name": "21 JOHN STREET THURSDAY ISLAND 4875",
    "locID": "LOC000149096620",
    "tech": "SATELLITE",
    "upgrade": "NULL_NA",
    "gnaf_pid": "GAQLD157214676",
    "ee": false,
    "tech_change_status": "Not Planned"
   }
  },
  {
   "type": "Feature",
   "geometry": {
    "type": "Point",
    "coordinates": [
     142.22011262,
     -10.583039
    ]
   },
   "properties": {
    "name": "23 JOHN STREET THURSDAY ISLAND 4875",
    "locID": "LOC000076217126",
    "tech": "NULL",
    "upgrade": "NULL_NA",
    "gnaf_pid": "GAQLD157214677",
    "ee": false,
    "tech_change_status": "Not Planned"
   }
  },
  {
   "type": "Feature",
   "geometry": {
    "type": "Point",
    "coordinates": [
     142.21992937,
     -10.58302443
    ]
   },
   "properties": {
    "name": "25 JOHN STREET THURSDAY ISLAND 4875",
    "locID": "LOC000053608527",
    "tech": "NULL",
    "upgrade": "NULL_NA",
    "gnaf_pid": "GAQLD157214678",
    "ee": false,
    "tech_change_status": "Not Planned"
   }
  },
  {
   "type": "Feature",
   "geometry": {
    "type": "Point",
    "coordinates": [
     142.22026908,
     -10.58434394
    ]
   },
   "properties": {
    "name": "37 DOUGLAS STREET THURSDAY ISLAND 4875",
    "locID": "LOC000085876344",
    "tech": "SATELLITE",
    "upgrade": "NULL_NA",
    "gnaf_pid": "GAQLD157218192",
    "ee": false,
    "tech_change_status": "Not Planned"
   }
  },
  {
   "type": "Feature",
   "geometry": {
    "type": "Point",
    "coordinates": [
     142.2219875,
     -10.58371816
    ]
   },
   "properties": {
    "name": "38 DOUGLAS STREET THURSDAY ISLAND 4875",
    "locID": "LOC000081800827",
    "tech": "NULL",
    "upgrade": "NULL_NA",
    "gnaf_pid": "GAQLD157218193",
    "ee": false,
    "tech_change_status": "Not Planned"
   }
  },
  {
   "type": "Feature",
   "geometry": {
    "type": "Point",
    "coordinates": [
     142.22182821,
     -10.58374465
    ]
   },
   "properties": {
    "name": "40 DOUGLAS STREET THURSDAY ISLAND 4875",
    "locID": "LOC000085162598",
    "tech": "NULL",
    "upgrade": "NULL_NA",
    "gnaf_pid": "GAQLD157218194",
    "ee": false,
    "tech_change_status": "Not Planned"
   }
  },
  {
   "type": "Feature",
   "geometry": {
    "type": "Point",
    "coordinates": [
     142.22168891,
     -10.58373364
    ]
   },
   "properties": {
    "name": "42 DOUGLAS STREET THURSDAY ISLAND 4875",
    "locID": "LOC000037666545",
    "tech": "NULL",
    "upgrade": "NULL_NA",
    "gnaf_pid": "GAQLD157218195",
    "ee": false,
    "tech_change_status": "Not Planned"
   }
  },
  {
   "type": "Feature",
   "geometry": {
    "type": "Point",
    "coordinates": [
     142.22130405,
     -10.5835892
    ]
   },
   "properties": {
    "name": "50 DOUGLAS STREET THURSDAY ISLAND 4875",
    "locID": "LOC000017833821",
    "tech": "NULL",
    "upgrade": "NULL_NA",
    "gnaf_pid": "GAQLD157218199",
    "ee": false,
    "tech_change_status": "Not Planned"
   }
  },
  {
   "type": "Feature",
   "geometry": {
    "type": "Point",
    "coordinates": [
     142.22117573,
     -10.58357909
    ]
   },
   "properties": {
    "name": "52 DOUGLAS STREET THURSDAY ISLAND 4875",
    "locID": "LOC000004969091",
    "tech": "NULL",
    "upgrade": "NULL_NA",
    "gnaf_pid": "GAQLD157218201",
    "ee": false,
    "tech_change_status": "Not Planned"
   }
  },
  {
   "type": "Feature",
   "geometry": {
    "type": "Point",
    "coordinates": [
     142.21983868,
     -10.5842161
    ]
   },
   "properties": {
    "name": "53 DOUGLAS STREET THURSDAY ISLAND 4875",
    "locID": "LOC000031654051",
    "tech": "NULL",
    "upgrade": "NULL_NA",
    "gnaf_pid": "GAQLD157218202",
    "ee": false,
    "tech_change_status": "Not Planned"
   }
  },
  {
   "type": "Feature",
   "geometry": {
    "type": "Point",
    "coordinates": [
     142.22023976,
     -10.5835052
    ]
   },
   "properties": {
    "name": "60 DOUGLAS STREET THURSDAY ISLAND 4875",
    "locID": "LOC000004523393",
    "tech": "NULL",
    "upgrade": "NULL_NA",
    "gnaf_pid": "GAQLD157221506",
    "ee": false,
    "tech_change_status": "Not Planned"
   }
  },
  {
   "type": "Feature",
   "geometry": {
    "type": "Point",
    "coordinates": [
     142.21923139,
     -10.58424669
    ]
   },
   "properties": {
    "name": "69 DOUGLAS STREET THURSDAY ISLAND 4875",
    "locID": "LOC000003258354",
    "tech": "NULL",
    "upgrade": "NULL_NA",
    "gnaf_pid": "GAQLD157221517",
    "ee": false,
    "tech_change_status": "Not Planned"
   }
  },
  {
   "type": "Feature",
   "geometry": {
    "type": "Point",
    "coordinates": [
     142.21909392,
     -10.58423583
    ]
   },
   "properties": {
    "name": "71 DOUGLAS STREET THURSDAY ISLAND 4875",
    "locID": "LOC000034376959",
    "tech": "NULL",
    "upgrade": "NULL_NA",
    "gnaf_pid": "GAQLD157221519",
    "ee": false,
    "tech_change_status": "Not Planned"
   }
  },
  {
   "type": "Feature",
   "geometry": {
    "type": "Point",
    "coordinates": [
     142.21966999,
     -10.58346017
    ]
   },
   "properties": {
    "name": "72 DOUGLAS STREET THURSDAY ISLAND 4875",
    "locID": "LOC000074121659",
    "tech": "NULL",
    "upgrade": "NULL_NA",
    "gnaf_pid": "GAQLD157221520",
    "ee": false,
    "tech_change_status": "Not Planned"
   }
  },
  {
   "type": "Feature",
   "geometry": {
    "type": "Point",
    "coordinates": [
     142.21894402,
     -10.58422399
    ]
   },
   "properties": {
    "name": "75 DOUGLAS STREET THURSDAY ISLAND 4875",
    "locID": "LOC000094476545",
    "tech": "NULL",
    "upgrade": "NULL_NA",
    "gnaf_pid": "GAQLD157221522",
    "ee": false,
    "tech_change_status": "Not Planned"
   }
  },
  {
   "type": "Feature",
   "geometry": {
    "type": "Point",
    "coordinates": [
     142.21937637,
     -10.58343703
    ]
   },
   "properties": {
    "name": "78 DOUGLAS STREET THURSDAY ISLAND 4875",
    "locID": "LOC000013531874",
    "tech": "NULL",
    "upgrade": "NULL_NA",
    "gnaf_pid": "GAQLD157221524",
    "ee": false,
    "tech_change_status": "Not Planned"
   }
  },
  {
   "type": "Feature",
   "geometry": {
    "type": "Point",
    "coordinates": [
     142.22225889,
     -10.58114192
    ]
   },
   "properties": {
    "name": "32 HARGRAVE STREET THURSDAY ISLAND 4875",
    "locID": "LOC000097672696",
    "tech": "NULL",
    "upgrade": "NULL_NA",
    "gnaf_pid": "GAQLD157221572",
    "ee": false,
    "tech_change_status": "Not Planned"
   }
  },
  {
   "type": "Feature",
   "geometry": {
    "type": "Point",
    "coordinates": [
     142.2150512,
     -10.58123548
    ]
   },
   "properties": {
    "name": "81 HARGRAVE STREET THURSDAY ISLAND 4875",
    "locID": "LOC000023387190",
    "tech": "NULL",
    "upgrade": "NULL_NA",
    "gnaf_pid": "GAQLD157221663",
    "ee": false,
    "tech_change_status": "Not Planned"
   }
  },
  {
   "type": "Feature",
   "geometry": {
    "type": "Point",
    "coordinates": [
     142.21578901,
     -10.58055342
    ]
   },
   "properties": {
    "name": "82 HARGRAVE STREET THURSDAY ISLAND 4875",
    "locID": "LOC000034334462",
    "tech": "NULL",
    "upgrade": "NULL_NA",
    "gnaf_pid": "GAQLD157221664",
    "ee": false,
    "tech_change_status": "Not Planned"
   }
  },
  {
   "type": "Feature",
   "geometry": {
    "type": "Point",
    "coordinates": [
     142.21488342,
     -10.58135406
    ]
   },
   "properties": {
    "name": "83 HARGRAVE STREET THURSDAY ISLAND 4875",
    "locID": "LOC000036495723",
    "tech": "NULL",
    "upgrade": "NULL_NA",
    "gnaf_pid": "GAQLD157221665",
    "ee": false,
    "tech_change_status": "Not Planned"
   }
  },
  {
   "type": "Feature",
   "geometry": {
    "type": "Point",
    "coordinates": [
     142.21563631,
     -10.58054131
    ]
   },
   "properties": {
    "name": "84 HARGRAVE STREET THURSDAY ISLAND 4875",
    "locID": "LOC000149096631",
    "tech": "NULL",
    "upgrade": "NULL_NA",
    "gnaf_pid": "GAQLD157221666",
    "ee": false,
    "tech_change_status": "Not Planned"
   }
  },
  {
   "type": "Feature",
   "geometry": {
    "type": "Point",
    "coordinates": [
     142.21469566,
     -10.5813497
    ]
   },
   "properties": {
    "name": "85 HARGRAVE STREET THURSDAY ISLAND 4875",
    "locID": "LOC000049320073",
    "tech": "NULL",
    "upgrade": "NULL_NA",
    "gnaf_pid": "GAQLD157221667",
    "ee": false,
    "tech_change_status": "Not Planned"
   }
  },
  {
   "type": "Feature",
   "geometry": {
    "type": "Point",
    "coordinates": [
     142.21514991,
     -10.58092213
    ]
   },
   "properties": {
    "name": "86 HARGRAVE STREET THURSDAY ISLAND 4875",
    "locID": "LOC000078619518",
    "tech": "NULL",
    "upgrade": "NULL_NA",
    "gnaf_pid": "GAQLD157221668",
    "ee": false,
    "tech_change_status": "Not Planned"
   }
  },
  {
   "type": "Feature",
   "geometry": {
    "type": "Point",
    "coordinates": [
     142.2148644,
     -10.58089196
    ]
   },
   "properties": {
    "name": "88 HARGRAVE STREET THURSDAY ISLAND 4875",
    "locID": "LOC000055281383",
    "tech": "NULL",
    "upgrade": "NULL_NA",
    "gnaf_pid": "GAQLD157221669",
    "ee": false,
    "tech_change_status": "Not Planned"
   }
  },
  {
   "type": "Feature",
   "geometry": {
    "type": "Point",
    "coordinates": [
     142.22129987,
     -10.58089737
    ]
   },
   "properties": {
    "name": "26 HASTINGS STREET THURSDAY ISLAND 4875",
    "locID": "LOC000076401836",
    "tech": "NULL",
    "upgrade": "NULL_NA",
    "gnaf_pid": "GAQLD157221672",
    "ee": false,
    "tech_change_status": "Not Planned"
   }
  },
  {
   "type": "Feature",
   "geometry": {
    "type": "Point",
    "coordinates": [
     142.22060332,
     -10.58038618
    ]
   },
   "properties": {
    "name": "29 HASTINGS STREET THURSDAY ISLAND 4875",
    "locID": "LOC000055327027",
    "tech": "NULL",
    "upgrade": "NULL_NA",
    "gnaf_pid": "GAQLD157221674",
    "ee": false,
    "tech_change_status": "Not Planned"
   }
  },
  {
   "type": "Feature",
   "geometry": {
    "type": "Point",
    "coordinates": [
     142.21382175,
     -10.58454873
    ]
   },
   "properties": {
    "name": "9 JARDINE STREET THURSDAY ISLAND 4875",
    "locID": "LOC000129738957",
    "tech": "NULL",
    "upgrade": "NULL_NA",
    "gnaf_pid": "GAQLD157221676",
    "ee": false,
    "tech_change_status": "Not Planned"
   }
  },
  {
   "type": "Feature",
   "geometry": {
    "type": "Point",
    "coordinates": [
     142.21947346,
     -10.58258624
    ]
   },
   "properties": {
    "name": "1 JOHN STREET THURSDAY ISLAND 4875",
    "locID": "LOC000006782172",
    "tech": "NULL",
    "upgrade": "NULL_NA",
    "gnaf_pid": "GAQLD157221677",
    "ee": false,
    "tech_change_status": "Not Planned"
   }
  },
  {
   "type": "Feature",
   "geometry": {
    "type": "Point",
    "coordinates": [
     142.21082043,
     -10.58558971
    ]
   },
   "properties": {
    "name": "18 AUBREY PARADE THURSDAY ISLAND 4875",
    "locID": "LOC000055270135",
    "tech": "NULL",
    "upgrade": "NULL_NA",
    "gnaf_pid": "GAQLD157221856",
    "ee": false,
    "tech_change_status": "Not Planned"
   }
  },
  {
   "type": "Feature",
   "geometry": {
    "type": "Point",
    "coordinates": [
     142.2216236,
     -10.57173151
    ]
   },
   "properties": {
    "name": "9 BOWIE CRESCENT THURSDAY ISLAND 4875",
    "locID": "LOC000055554535",
    "tech": "NULL",
    "upgrade": "NULL_NA",
    "gnaf_pid": "GAQLD157221880",
    "ee": false,
    "tech_change_status": "Not Planned"
   }
  },
  {
   "type": "Feature",
   "geometry": {
    "type": "Point",
    "coordinates": [
     142.22514565,
     -10.57038456
    ]
   },
   "properties": {
    "name": "5 SAILOR CRESCENT THURSDAY ISLAND 4875",
    "locID": "LOC000094433530",
    "tech": "NULL",
    "upgrade": "NULL_NA",
    "gnaf_pid": "GAQLD157224793",
    "ee": false,
    "tech_change_status": "Not Planned"
   }
  },
  {
   "type": "Feature",
   "geometry": {
    "type": "Point",
    "coordinates": [
     142.2249033,
     -10.57082985
    ]
   },
   "properties": {
    "name": "6 SAILOR CRESCENT THURSDAY ISLAND 4875",
    "locID": "LOC000009979795",
    "tech": "NULL",
    "upgrade": "NULL_NA",
    "gnaf_pid": "GAQLD157224794",
    "ee": false,
    "tech_change_status": "Not Planned"
   }
  },
  {
   "type": "Feature",
   "geometry": {
    "type": "Point",
    "coordinates": [
     142.22510016,
     -10.57054827
    ]
   },
   "properties": {
    "name": "7 SAILOR CRESCENT THURSDAY ISLAND 4875",
    "locID": "LOC000061544356",
    "tech": "NULL",
    "upgrade": "NULL_NA",
    "gnaf_pid": "GAQLD157224795",
    "ee": false,
    "tech_change_status": "Not Planned"
   }
  },
  {
   "type": "Feature",
   "geometry": {
    "type": "Point",
    "coordinates": [
     142.22459439,
     -10.57062726
    ]
   },
   "properties": {
    "name": "8 SAILOR CRESCENT THURSDAY ISLAND 4875",
    "locID": "LOC000003316690",
    "tech": "NULL",
    "upgrade": "NULL_NA",
    "gnaf_pid": "GAQLD157224796",
    "ee": false,
    "tech_change_status": "Not Planned"
   }
  },
  {
   "type": "Feature",
   "geometry": {
    "type": "Point",
    "coordinates": [
     142.22501415,
     -10.57070163
    ]
   },
   "properties": {
    "name": "9 SAILOR CRESCENT THURSDAY ISLAND 4875",
    "locID": "LOC000039543241",
    "tech": "NULL",
    "upgrade": "NULL_NA",
    "gnaf_pid": "GAQLD157224797",
    "ee": false,
    "tech_change_status": "Not Planned"
   }
  },
  {
   "type": "Feature",
   "geometry": {
    "type": "Point",
    "coordinates": [
     142.22003937,
     -10.58225873
    ]
   },
   "properties": {
    "name": "28 JOHN STREET THURSDAY ISLAND 4875",
    "locID": "LOC000100946232",
    "tech": "NULL",
    "upgrade": "NULL_NA",
    "gnaf_pid": "GAQLD157225042",
    "ee": false,
    "tech_change_status": "Not Planned"
   }
  },
  {
   "type": "Feature",
   "geometry": {
    "type": "Point",
    "coordinates": [
     142.21738304,
     -10.58282337
    ]
   },
   "properties": {
    "name": "49 JOHN STREET THURSDAY ISLAND 4875",
    "locID": "LOC000072131614",
    "tech": "NULL",
    "upgrade": "NULL_NA",
    "gnaf_pid": "GAQLD157225069",
    "ee": false,
    "tech_change_status": "Not Planned"
   }
  },
  {
   "type": "Feature",
   "geometry": {
    "type": "Point",
    "coordinates": [
     142.21845017,
     -10.5841875
    ]
   },
   "properties": {
    "name": "85 DOUGLAS STREET THURSDAY ISLAND 4875",
    "locID": "LOC000072854308",
    "tech": "NULL",
    "upgrade": "NULL_NA",
    "gnaf_pid": "GAQLD157225239",
    "ee": false,
    "tech_change_status": "Not Planned"
   }
  },
  {
   "type": "Feature",
   "geometry": {
    "type": "Point",
    "coordinates": [
     142.21902231,
     -10.58340905
    ]
   },
   "properties": {
    "name": "86 DOUGLAS STREET THURSDAY ISLAND 4875",
    "locID": "LOC000081789882",
    "tech": "NULL",
    "upgrade": "NULL_NA",
    "gnaf_pid": "GAQLD157225240",
    "ee": false,
    "tech_change_status": "Not Planned"
   }
  },
  {
   "type": "Feature",
   "geometry": {
    "type": "Point",
    "coordinates": [
     142.2187885,
     -10.58339595
    ]
   },
   "properties": {
    "name": "90 DOUGLAS STREET THURSDAY ISLAND 4875",
    "locID": "LOC000149096649",
    "tech": "NULL",
    "upgrade": "NULL_NA",
    "gnaf_pid": "GAQLD157225242",
    "ee": false,
    "tech_change_status": "Not Planned"
   }
  },
  {
   "type": "Feature",
   "geometry": {
    "type": "Point",
    "coordinates": [
     142.21865418,
     -10.58338
    ]
   },
   "properties": {
    "name": "94 DOUGLAS STREET THURSDAY ISLAND 4875",
    "locID": "LOC000010786737",
    "tech": "NULL",
    "upgrade": "NULL_NA",
    "gnaf_pid": "GAQLD157225244",
    "ee": false,
    "tech_change_status": "Not Planned"
   }
  },
  {
   "type": "Feature",
   "geometry": {
    "type": "Point",
    "coordinates": [
     142.21847851,
     -10.58336606
    ]
   },
   "properties": {
    "name": "98 DOUGLAS STREET THURSDAY ISLAND 4875",
    "locID": "LOC000011602317",
    "tech": "NULL",
    "upgrade": "NULL_NA",
    "gnaf_pid": "GAQLD157228546",
    "ee": false,
    "tech_change_status": "Not Planned"
   }
  },
  {
   "type": "Feature",
   "geometry": {
    "type": "Point",
    "coordinates": [
     142.21232767,
     -10.5859244
    ]
   },
   "properties": {
    "name": "2 ERUB COURT THURSDAY ISLAND 4875",
    "locID": "LOC100086127973",
    "tech": "SATELLITE",
    "upgrade": "NULL_NA",
    "gnaf_pid": "GAQLD157228547",
    "ee": false,
    "tech_change_status": "Not Planned"
   }
  },
  {
   "type": "Feature",
   "geometry": {
    "type": "Point",
    "coordinates": [
     142.21939121,
     -10.58298199
    ]
   },
   "properties": {
    "name": "31 JOHN STREET THURSDAY ISLAND 4875",
    "locID": "LOC000039729436",
    "tech": "SATELLITE",
    "upgrade": "NULL_NA",
    "gnaf_pid": "GAQLD157228676",
    "ee": false,
    "tech_change_status": "Not Planned"
   }
  },
  {
   "type": "Feature",
   "geometry": {
    "type": "Point",
    "coordinates": [
     142.21964048,
     -10.58222752
    ]
   },
   "properties": {
    "name": "32 JOHN STREET THURSDAY ISLAND 4875",
    "locID": "LOC000072019857",
    "tech": "NULL",
    "upgrade": "NULL_NA",
    "gnaf_pid": "GAQLD157228677",
    "ee": false,
    "tech_change_status": "Not Planned"
   }
  },
  {
   "type": "Feature",
   "geometry": {
    "type": "Point",
    "coordinates": [
     142.21881639,
     -10.58287846
    ]
   },
   "properties": {
    "name": "37 JOHN STREET THURSDAY ISLAND 4875",
    "locID": "LOC000089513412",
    "tech": "NULL",
    "upgrade": "NULL_NA",
    "gnaf_pid": "GAQLD157228681",
    "ee": false,
    "tech_change_status": "Not Planned"
   }
  },
  {
   "type": "Feature",
   "geometry": {
    "type": "Point",
    "coordinates": [
     142.22253275,
     -10.58251481
    ]
   },
   "properties": {
    "name": "4 JOHN STREET THURSDAY ISLAND 4875",
    "locID": "LOC000014817792",
    "tech": "NULL",
    "upgrade": "NULL_NA",
    "gnaf_pid": "GAQLD157228683",
    "ee": false,
    "tech_change_status": "Not Planned"
   }
  },
  {
   "type": "Feature",
   "geometry": {
    "type": "Point",
    "coordinates": [
     142.21871234,
     -10.58210723
    ]
   },
   "properties": {
    "name": "42 JOHN STREET THURSDAY ISLAND 4875",
    "locID": "LOC000009930770",
    "tech": "NULL",
    "upgrade": "NULL_NA",
    "gnaf_pid": "GAQLD157228686",
    "ee": false,
    "tech_change_status": "Not Planned"
   }
  },
  {
   "type": "Feature",
   "geometry": {
    "type": "Point",
    "coordinates": [
     142.21852907,
     -10.58209275
    ]
   },
   "properties": {
    "name": "44 JOHN STREET THURSDAY ISLAND 4875",
    "locID": "LOC000029054560",
    "tech": "NULL",
    "upgrade": "NULL_NA",
    "gnaf_pid": "GAQLD157228687",
    "ee": false,
    "tech_change_status": "Not Planned"
   }
  },
  {
   "type": "Feature",
   "geometry": {
    "type": "Point",
    "coordinates": [
     142.217721,
     -10.58273601
    ]
   },
   "properties": {
    "name": "45 JOHN STREET THURSDAY ISLAND 4875",
    "locID": "LOC000043275305",
    "tech": "NULL",
    "upgrade": "NULL_NA",
    "gnaf_pid": "GAQLD157228688",
    "ee": false,
    "tech_change_status": "Not Planned"
   }
  },
  {
   "type": "Feature",
   "geometry": {
    "type": "Point",
    "coordinates": [
     142.21756636,
     -10.58283786
    ]
   },
   "properties": {
    "name": "47 JOHN STREET THURSDAY ISLAND 4875",
    "locID": "LOC000020762696",
    "tech": "NULL",
    "upgrade": "NULL_NA",
    "gnaf_pid": "GAQLD157228689",
    "ee": false,
    "tech_change_status": "Not Planned"
   }
  },
  {
   "type": "Feature",
   "geometry": {
    "type": "Point",
    "coordinates": [
     142.21734421,
     -10.58199555
    ]
   },
   "properties": {
    "name": "50 JOHN STREET THURSDAY ISLAND 4875",
    "locID": "LOC000149096654",
    "tech": "NULL",
    "upgrade": "NULL_NA",
    "gnaf_pid": "GAQLD157228700",
    "ee": false,
    "tech_change_status": "Not Planned"
   }
  },
  {
   "type": "Feature",
   "geometry": {
    "type": "Point",
    "coordinates": [
     142.21717554,
     -10.58262067
    ]
   },
   "properties": {
    "name": "51 JOHN STREET THURSDAY ISLAND 4875",
    "locID": "LOC000047813840",
    "tech": "NULL",
    "upgrade": "NULL_NA",
    "gnaf_pid": "GAQLD157228701",
    "ee": false,
    "tech_change_status": "Not Planned"
   }
  },
  {
   "type": "Feature",
   "geometry": {
    "type": "Point",
    "coordinates": [
     142.21698042,
     -10.5827916
    ]
   },
   "properties": {
    "name": "53 JOHN STREET THURSDAY ISLAND 4875",
    "locID": "LOC000102797893",
    "tech": "NULL",
    "upgrade": "NULL_NA",
    "gnaf_pid": "GAQLD157228702",
    "ee": false,
    "tech_change_status": "Not Planned"
   }
  },
  {
   "type": "Feature",
   "geometry": {
    "type": "Point",
    "coordinates": [
     142.2169896,
     -10.58174308
    ]
   },
   "properties": {
    "name": "54 JOHN STREET THURSDAY ISLAND 4875",
    "locID": "LOC000051506966",
    "tech": "NULL",
    "upgrade": "NULL_NA",
    "gnaf_pid": "GAQLD157228703",
    "ee": false,
    "tech_change_status": "Not Planned"
   }
  },
  {
   "type": "Feature",
   "geometry": {
    "type": "Point",
    "coordinates": [
     142.21663058,
     -10.58276397
    ]
   },
   "properties": {
    "name": "57 JOHN STREET THURSDAY ISLAND 4875",
    "locID": "LOC000046849074",
    "tech": "SATELLITE",
    "upgrade": "NULL_NA",
    "gnaf_pid": "GAQLD157228705",
    "ee": false,
    "tech_change_status": "Not Planned"
   }
  },
  {
   "type": "Feature",
   "geometry": {
    "type": "Point",
    "coordinates": [
     142.22237773,
     -10.58239666
    ]
   },
   "properties": {
    "name": "6 JOHN STREET THURSDAY ISLAND 4875",
    "locID": "LOC000052337042",
    "tech": "NULL",
    "upgrade": "NULL_NA",
    "gnaf_pid": "GAQLD157228707",
    "ee": false,
    "tech_change_status": "Not Planned"
   }
  },
  {
   "type": "Feature",
   "geometry": {
    "type": "Point",
    "coordinates": [
     142.21781264,
     -10.58297135
    ]
   },
   "properties": {
    "name": "13 BLACKALL STREET THURSDAY ISLAND 4875",
    "locID": "LOC100079520817",
    "tech": "SATELLITE",
    "upgrade": "NULL_NA",
    "gnaf_pid": "GAQLD157228849",
    "ee": false,
    "tech_change_status": "Not Planned"
   }
  },
  {
   "type": "Feature",
   "geometry": {
    "type": "Point",
    "coordinates": [
     142.21790424,
     -10.58275051
    ]
   },
   "properties": {
    "name": "15 BLACKALL STREET THURSDAY ISLAND 4875",
    "locID": "LOC000041882724",
    "tech": "NULL",
    "upgrade": "NULL_NA",
    "gnaf_pid": "GAQLD157228850",
    "ee": false,
    "tech_change_status": "Not Planned"
   }
  },
  {
   "type": "Feature",
   "geometry": {
    "type": "Point",
    "coordinates": [
     142.21778991,
     -10.58211038
    ]
   },
   "properties": {
    "name": "17 BLACKALL STREET THURSDAY ISLAND 4875",
    "locID": "LOC000129736800",
    "tech": "NULL",
    "upgrade": "NULL_NA",
    "gnaf_pid": "GAQLD157228851",
    "ee": false,
    "tech_change_status": "Not Planned"
   }
  },
  {
   "type": "Feature",
   "geometry": {
    "type": "Point",
    "coordinates": [
     142.21871393,
     -10.58094405
    ]
   },
   "properties": {
    "name": "22 BLACKALL STREET THURSDAY ISLAND 4875",
    "locID": "LOC000061501936",
    "tech": "NULL",
    "upgrade": "NULL_NA",
    "gnaf_pid": "GAQLD157228853",
    "ee": false,
    "tech_change_status": "Not Planned"
   }
  },
  {
   "type": "Feature",
   "geometry": {
    "type": "Point",
    "coordinates": [
     142.2180051,
     -10.58151435
    ]
   },
   "properties": {
    "name": "23 BLACKALL STREET THURSDAY ISLAND 4875",
    "locID": "LOC000081321574",
    "tech": "SATELLITE",
    "upgrade": "NULL_NA",
    "gnaf_pid": "GAQLD157228854",
    "ee": false,
    "tech_change_status": "Not Planned"
   }
  },
  {
   "type": "Feature",
   "geometry": {
    "type": "Point",
    "coordinates": [
     142.21803883,
     -10.58054862
    ]
   },
   "properties": {
    "name": "29 BLACKALL STREET THURSDAY ISLAND 4875",
    "locID": "LOC000093742113",
    "tech": "NULL",
    "upgrade": "NULL_NA",
    "gnaf_pid": "GAQLD157228855",
    "ee": false,
    "tech_change_status": "Not Planned"
   }
  },
  {
   "type": "Feature",
   "geometry": {
    "type": "Point",
    "coordinates": [
     142.22143698,
     -10.57114916
    ]
   },
   "properties": {
    "name": "1 BOWIE CRESCENT THURSDAY ISLAND 4875",
    "locID": "LOC000037537186",
    "tech": "NULL",
    "upgrade": "NULL_NA",
    "gnaf_pid": "GAQLD157228856",
    "ee": false,
    "tech_change_status": "Not Planned"
   }
  },
  {
   "type": "Feature",
   "geometry": {
    "type": "Point",
    "coordinates": [
     142.22106169,
     -10.57204985
    ]
   },
   "properties": {
    "name": "17 BOWIE CRESCENT THURSDAY ISLAND 4875",
    "locID": "LOC000064570097",
    "tech": "SATELLITE",
    "upgrade": "NULL_NA",
    "gnaf_pid": "GAQLD157228860",
    "ee": false,
    "tech_change_status": "Not Planned"
   }
  },
  {
   "type": "Feature",
   "geometry": {
    "type": "Point",
    "coordinates": [
     142.22118993,
     -10.57143845
    ]
   },
   "properties": {
    "name": "2 BOWIE CRESCENT THURSDAY ISLAND 4875",
    "locID": "LOC000041719633",
    "tech": "NULL",
    "upgrade": "NULL_NA",
    "gnaf_pid": "GAQLD157228861",
    "ee": false,
    "tech_change_status": "Not Planned"
   }
  },
  {
   "type": "Feature",
   "geometry": {
    "type": "Point",
    "coordinates": [
     142.22154839,
     -10.57126644
    ]
   },
   "properties": {
    "name": "3 BOWIE CRESCENT THURSDAY ISLAND 4875",
    "locID": "LOC000041719633",
    "tech": "NULL",
    "upgrade": "NULL_NA",
    "gnaf_pid": "GAQLD157228862",
    "ee": false,
    "tech_change_status": "Not Planned"
   }
  },
  {
   "type": "Feature",
   "geometry": {
    "type": "Point",
    "coordinates": [
     142.22130932,
     -10.57156689
    ]
   },
   "properties": {
    "name": "4 BOWIE CRESCENT THURSDAY ISLAND 4875",
    "locID": "LOC000033937078",
    "tech": "NULL",
    "upgrade": "NULL_NA",
    "gnaf_pid": "GAQLD157228863",
    "ee": false,
    "tech_change_status": "Not Planned"
   }
  },
  {
   "type": "Feature",
   "geometry": {
    "type": "Point",
    "coordinates": [
     142.22163216,
     -10.5713946
    ]
   },
   "properties": {
    "name": "5 BOWIE CRESCENT THURSDAY ISLAND 4875",
    "locID": "LOC000013388929",
    "tech": "NULL",
    "upgrade": "NULL_NA",
    "gnaf_pid": "GAQLD157228864",
    "ee": false,
    "tech_change_status": "Not Planned"
   }
  },
  {
   "type": "Feature",
   "geometry": {
    "type": "Point",
    "coordinates": [
     142.22110205,
     -10.571698
    ]
   },
   "properties": {
    "name": "6 BOWIE CRESCENT THURSDAY ISLAND 4875",
    "locID": "LOC000088230981",
    "tech": "NULL",
    "upgrade": "NULL_NA",
    "gnaf_pid": "GAQLD157228865",
    "ee": false,
    "tech_change_status": "Not Planned"
   }
  },
  {
   "type": "Feature",
   "geometry": {
    "type": "Point",
    "coordinates": [
     142.21352396,
     -10.58463006
    ]
   },
   "properties": {
    "name": "10 CHESTER STREET THURSDAY ISLAND 4875",
    "locID": "LOC000082656508",
    "tech": "NULL",
    "upgrade": "NULL_NA",
    "gnaf_pid": "GAQLD157228874",
    "ee": false,
    "tech_change_status": "Not Planned"
   }
  },
  {
   "type": "Feature",
   "geometry": {
    "type": "Point",
    "coordinates": [
     142.21360771,
     -10.58347647
    ]
   },
   "properties": {
    "name": "11 CHESTER STREET THURSDAY ISLAND 4875",
    "locID": "LOC000103573196",
    "tech": "NULL",
    "upgrade": "NULL_NA",
    "gnaf_pid": "GAQLD157228875",
    "ee": false,
    "tech_change_status": "Not Planned"
   }
  },
  {
   "type": "Feature",
   "geometry": {
    "type": "Point",
    "coordinates": [
     142.21360206,
     -10.58312826
    ]
   },
   "properties": {
    "name": "13 CHESTER STREET THURSDAY ISLAND 4875",
    "locID": "LOC000043569274",
    "tech": "NULL",
    "upgrade": "NULL_NA",
    "gnaf_pid": "GAQLD157228876",
    "ee": false,
    "tech_change_status": "Not Planned"
   }
  },
  {
   "type": "Feature",
   "geometry": {
    "type": "Point",
    "coordinates": [
     142.21470212,
     -10.58265938
    ]
   },
   "properties": {
    "name": "19 CHESTER STREET THURSDAY ISLAND 4875",
    "locID": "LOC000031799926",
    "tech": "NULL",
    "upgrade": "NULL_NA",
    "gnaf_pid": "GAQLD157228878",
    "ee": false,
    "tech_change_status": "Not Planned"
   }
  },
  {
   "type": "Feature",
   "geometry": {
    "type": "Point",
    "coordinates": [
     142.21461815,
     -10.58242252
    ]
   },
   "properties": {
    "name": "LOT 2 CHESTER STREET THURSDAY ISLAND 4875",
    "locID": "LOC000094836584",
    "tech": "NULL",
    "upgrade": "NULL_NA",
    "gnaf_pid": "GAQLD157228879",
    "ee": false,
    "tech_change_status": "Not Planned"
   }
  },
  {
   "type": "Feature",
   "geometry": {
    "type": "Point",
    "coordinates": [
     142.21434634,
     -10.58214775
    ]
   },
   "properties": {
    "name": "6 QUETTA CLOSE THURSDAY ISLAND 4875",
    "locID": "LOC000010011504",
    "tech": "NULL",
    "upgrade": "NULL_NA",
    "gnaf_pid": "GAQLD157231687",
    "ee": false,
    "tech_change_status": "Not Planned"
   }
  },
  {
   "type": "Feature",
   "geometry": {
    "type": "Point",
    "coordinates": [
     142.22523454,
     -10.57005822
    ]
   },
   "properties": {
    "name": "1 SAILOR CRESCENT THURSDAY ISLAND 4875",
    "locID": "LOC000078535852",
    "tech": "NULL",
    "upgrade": "NULL_NA",
    "gnaf_pid": "GAQLD157231689",
    "ee": false,
    "tech_change_status": "Not Planned"
   }
  },
  {
   "type": "Feature",
   "geometry": {
    "type": "Point",
    "coordinates": [
     142.2244227,
     -10.57059827
    ]
   },
   "properties": {
    "name": "10 SAILOR CRESCENT THURSDAY ISLAND 4875",
    "locID": "LOC000090044833",
    "tech": "SATELLITE",
    "upgrade": "NULL_NA",
    "gnaf_pid": "GAQLD157231690",
    "ee": false,
    "tech_change_status": "Not Planned"
   }
  },
  {
   "type": "Feature",
   "geometry": {
    "type": "Point",
    "coordinates": [
     142.22443818,
     -10.57039598
    ]
   },
   "properties": {
    "name": "12 SAILOR CRESCENT THURSDAY ISLAND 4875",
    "locID": "LOC000098909808",
    "tech": "NULL",
    "upgrade": "NULL_NA",
    "gnaf_pid": "GAQLD157231691",
    "ee": false,
    "tech_change_status": "Not Planned"
   }
  },
  {
   "type": "Feature",
   "geometry": {
    "type": "Point",
    "coordinates": [
     142.22474962,
     -10.57092047
    ]
   },
   "properties": {
    "name": "13 SAILOR CRESCENT THURSDAY ISLAND 4875",
    "locID": "LOC000034140376",
    "tech": "NULL",
    "upgrade": "NULL_NA",
    "gnaf_pid": "GAQLD157231692",
    "ee": false,
    "tech_change_status": "Not Planned"
   }
  },
  {
   "type": "Feature",
   "geometry": {
    "type": "Point",
    "coordinates": [
     142.22444744,
     -10.57022425
    ]
   },
   "properties": {
    "name": "14 SAILOR CRESCENT THURSDAY ISLAND 4875",
    "locID": "LOC000005038244",
    "tech": "NULL",
    "upgrade": "NULL_NA",
    "gnaf_pid": "GAQLD157231693",
    "ee": false,
    "tech_change_status": "Not Planned"
   }
  },
  {
   "type": "Feature",
   "geometry": {
    "type": "Point",
    "coordinates": [
     142.2246016,
     -10.57102401
    ]
   },
   "properties": {
    "name": "15 SAILOR CRESCENT THURSDAY ISLAND 4875",
    "locID": "LOC000049414934",
    "tech": "NULL",
    "upgrade": "NULL_NA",
    "gnaf_pid": "GAQLD157231694",
    "ee": false,
    "tech_change_status": "Not Planned"
   }
  },
  {
   "type": "Feature",
   "geometry": {
    "type": "Point",
    "coordinates": [
     142.22441582,
     -10.57104491
    ]
   },
   "properties": {
    "name": "17 SAILOR CRESCENT THURSDAY ISLAND 4875",
    "locID": "LOC000087761894",
    "tech": "NULL",
    "upgrade": "NULL_NA",
    "gnaf_pid": "GAQLD157231695",
    "ee": false,
    "tech_change_status": "Not Planned"
   }
  },
  {
   "type": "Feature",
   "geometry": {
    "type": "Point",
    "coordinates": [
     142.22425148,
     -10.57096113
    ]
   },
   "properties": {
    "name": "19 SAILOR CRESCENT THURSDAY ISLAND 4875",
    "locID": "LOC000076260858",
    "tech": "NULL",
    "upgrade": "NULL_NA",
    "gnaf_pid": "GAQLD157231696",
    "ee": false,
    "tech_change_status": "Not Planned"
   }
  },
  {
   "type": "Feature",
   "geometry": {
    "type": "Point",
    "coordinates": [
     142.22410255,
     -10.57067339
    ]
   },
   "properties": {
    "name": "23 SAILOR CRESCENT THURSDAY ISLAND 4875",
    "locID": "LOC000087819523",
    "tech": "SATELLITE",
    "upgrade": "NULL_NA",
    "gnaf_pid": "GAQLD157231698",
    "ee": false,
    "tech_change_status": "Not Planned"
   }
  },
  {
   "type": "Feature",
   "geometry": {
    "type": "Point",
    "coordinates": [
     142.22407881,
     -10.57050585
    ]
   },
   "properties": {
    "name": "25 SAILOR CRESCENT THURSDAY ISLAND 4875",
    "locID": "LOC000034140376",
    "tech": "NULL",
    "upgrade": "NULL_NA",
    "gnaf_pid": "GAQLD157231699",
    "ee": false,
    "tech_change_status": "Not Planned"
   }
  },
  {
   "type": "Feature",
   "geometry": {
    "type": "Point",
    "coordinates": [
     142.22407626,
     -10.5703298
    ]
   },
   "properties": {
    "name": "27 SAILOR CRESCENT THURSDAY ISLAND 4875",
    "locID": "LOC000105634277",
    "tech": "NULL",
    "upgrade": "NULL_NA",
    "gnaf_pid": "GAQLD157231700",
    "ee": false,
    "tech_change_status": "Not Planned"
   }
  },
  {
   "type": "Feature",
   "geometry": {
    "type": "Point",
    "coordinates": [
     142.20834656,
     -10.5786432
    ]
   },
   "properties": {
    "name": "19 STEPHEN STREET THURSDAY ISLAND 4875",
    "locID": "LOC000007677356",
    "tech": "NULL",
    "upgrade": "NULL_NA",
    "gnaf_pid": "GAQLD157231717",
    "ee": false,
    "tech_change_status": "Not Planned"
   }
  },
  {
   "type": "Feature",
   "geometry": {
    "type": "Point",
    "coordinates": [
     142.20986893,
     -10.58152245
    ]
   },
   "properties": {
    "name": "6 STEPHEN STREET THURSDAY ISLAND 4875",
    "locID": "LOC000031698773",
    "tech": "SATELLITE",
    "upgrade": "NULL_NA",
    "gnaf_pid": "GAQLD157231719",
    "ee": false,
    "tech_change_status": "Not Planned"
   }
  },
  {
   "type": "Feature",
   "geometry": {
    "type": "Point",
    "coordinates": [
     142.22467932,
     -10.58130109
    ]
   },
   "properties": {
    "name": "10 HARGRAVE STREET THURSDAY ISLAND 4875",
    "locID": "LOC000149096665",
    "tech": "NULL",
    "upgrade": "NULL_NA",
    "gnaf_pid": "GAQLD157232145",
    "ee": false,
    "tech_change_status": "Not Planned"
   }
  },
  {
   "type": "Feature",
   "geometry": {
    "type": "Point",
    "coordinates": [
     142.22449606,
     -10.58128662
    ]
   },
   "properties": {
    "name": "12 HARGRAVE STREET THURSDAY ISLAND 4875",
    "locID": "LOC000076526753",
    "tech": "SATELLITE",
    "upgrade": "NULL_NA",
    "gnaf_pid": "GAQLD157232147",
    "ee": false,
    "tech_change_status": "Not Planned"
   }
  },
  {
   "type": "Feature",
   "geometry": {
    "type": "Point",
    "coordinates": [
     142.22431989,
     -10.58127622
    ]
   },
   "properties": {
    "name": "14 HARGRAVE STREET THURSDAY ISLAND 4875",
    "locID": "LOC000088176569",
    "tech": "NULL",
    "upgrade": "NULL_NA",
    "gnaf_pid": "GAQLD157232148",
    "ee": false,
    "tech_change_status": "Not Planned"
   }
  },
  {
   "type": "Feature",
   "geometry": {
    "type": "Point",
    "coordinates": [
     142.22223105,
     -10.58192889
    ]
   },
   "properties": {
    "name": "15 HARGRAVE STREET THURSDAY ISLAND 4875",
    "locID": "LOC000014478136",
    "tech": "NULL",
    "upgrade": "NULL_NA",
    "gnaf_pid": "GAQLD157232149",
    "ee": false,
    "tech_change_status": "Not Planned"
   }
  },
  {
   "type": "Feature",
   "geometry": {
    "type": "Point",
    "coordinates": [
     142.22397681,
     -10.58124563
    ]
   },
   "properties": {
    "name": "18 HARGRAVE STREET THURSDAY ISLAND 4875",
    "locID": "LOC000058506928",
    "tech": "NULL",
    "upgrade": "NULL_NA",
    "gnaf_pid": "GAQLD157232150",
    "ee": false,
    "tech_change_status": "Not Planned"
   }
  },
  {
   "type": "Feature",
   "geometry": {
    "type": "Point",
    "coordinates": [
     142.22204776,
     -10.58191443
    ]
   },
   "properties": {
    "name": "19 HARGRAVE STREET THURSDAY ISLAND 4875",
    "locID": "LOC000093273023",
    "tech": "NULL",
    "upgrade": "NULL_NA",
    "gnaf_pid": "GAQLD157232151",
    "ee": false,
    "tech_change_status": "Not Planned"
   }
  },
  {
   "type": "Feature",
   "geometry": {
    "type": "Point",
    "coordinates": [
     142.22385465,
     -10.58123596
    ]
   },
   "properties": {
    "name": "20 HARGRAVE STREET THURSDAY ISLAND 4875",
    "locID": "LOC000089995132",
    "tech": "NULL",
    "upgrade": "NULL_NA",
    "gnaf_pid": "GAQLD157232152",
    "ee": false,
    "tech_change_status": "Not Planned"
   }
  },
  {
   "type": "Feature",
   "geometry": {
    "type": "Point",
    "coordinates": [
     142.22216527,
     -10.58111482
    ]
   },
   "properties": {
    "name": "34 HARGRAVE STREET THURSDAY ISLAND 4875",
    "locID": "LOC000074312580",
    "tech": "NULL",
    "upgrade": "NULL_NA",
    "gnaf_pid": "GAQLD157232556",
    "ee": false,
    "tech_change_status": "Not Planned"
   }
  },
  {
   "type": "Feature",
   "geometry": {
    "type": "Point",
    "coordinates": [
     142.22165538,
     -10.58106233
    ]
   },
   "properties": {
    "name": "38 HARGRAVE STREET THURSDAY ISLAND 4875",
    "locID": "LOC000129736902",
    "tech": "NULL",
    "upgrade": "NULL_NA",
    "gnaf_pid": "GAQLD157232557",
    "ee": false,
    "tech_change_status": "Not Planned"
   }
  },
  {
   "type": "Feature",
   "geometry": {
    "type": "Point",
    "coordinates": [
     142.22134082,
     -10.58112911
    ]
   },
   "properties": {
    "name": "42 HARGRAVE STREET THURSDAY ISLAND 4875",
    "locID": "LOC000149096677",
    "tech": "NULL",
    "upgrade": "NULL_NA",
    "gnaf_pid": "GAQLD157232559",
    "ee": false,
    "tech_change_status": "Not Planned"
   }
  },
  {
   "type": "Feature",
   "geometry": {
    "type": "Point",
    "coordinates": [
     142.21902385,
     -10.58167564
    ]
   },
   "properties": {
    "name": "45 HARGRAVE STREET THURSDAY ISLAND 4875",
    "locID": "LOC000009145713",
    "tech": "SATELLITE",
    "upgrade": "NULL_NA",
    "gnaf_pid": "GAQLD157232560",
    "ee": false,
    "tech_change_status": "Not Planned"
   }
  },
  {
   "type": "Feature",
   "geometry": {
    "type": "Point",
    "coordinates": [
     142.22115938,
     -10.58111439
    ]
   },
   "properties": {
    "name": "46 HARGRAVE STREET THURSDAY ISLAND 4875",
    "locID": "LOC000087190260",
    "tech": "NULL",
    "upgrade": "NULL_NA",
    "gnaf_pid": "GAQLD157232561",
    "ee": false,
    "tech_change_status": "Not Planned"
   }
  },
  {
   "type": "Feature",
   "geometry": {
    "type": "Point",
    "coordinates": [
     142.21997443,
     -10.58059923
    ]
   },
   "properties": {
    "name": "UNIT 2, 52 HARGRAVE STREET THURSDAY ISLAND 4875",
    "locID": "LOC000022707994",
    "tech": "SATELLITE",
    "upgrade": "NULL_NA",
    "gnaf_pid": "GAQLD157232564",
    "ee": false,
    "tech_change_status": "Not Planned"
   }
  },
  {
   "type": "Feature",
   "geometry": {
    "type": "Point",
    "coordinates": [
     142.21949326,
     -10.58077013
    ]
   },
   "properties": {
    "name": "54 HARGRAVE STREET THURSDAY ISLAND 4875",
    "locID": "LOC100072084405",
    "tech": "NULL",
    "upgrade": "NULL_NA",
    "gnaf_pid": "GAQLD157232566",
    "ee": false,
    "tech_change_status": "Not Planned"
   }
  },
  {
   "type": "Feature",
   "geometry": {
    "type": "Point",
    "coordinates": [
     142.21911578,
     -10.58063141
    ]
   },
   "properties": {
    "name": "58 HARGRAVE STREET THURSDAY ISLAND 4875",
    "locID": "LOC100072084390",
    "tech": "NULL",
    "upgrade": "NULL_NA",
    "gnaf_pid": "GAQLD157232569",
    "ee": false,
    "tech_change_status": "Not Planned"
   }
  },
  {
   "type": "Feature",
   "geometry": {
    "type": "Point",
    "coordinates": [
     142.22074707,
     -10.57246394
    ]
   },
   "properties": {
    "name": "4 WAIBEN ESPLANADE THURSDAY ISLAND 4875",
    "locID": "LOC000064171733",
    "tech": "NULL",
    "upgrade": "NULL_NA",
    "gnaf_pid": "GAQLD157235162",
    "ee": false,
    "tech_change_status": "Not Planned"
   }
  },
  {
   "type": "Feature",
   "geometry": {
    "type": "Point",
    "coordinates": [
     142.22263952,
     -10.57012165
    ]
   },
   "properties": {
    "name": "42 WAIBEN ESPLANADE THURSDAY ISLAND 4875",
    "locID": "LOC000085966962",
    "tech": "NULL",
    "upgrade": "NULL_NA",
    "gnaf_pid": "GAQLD157235164",
    "ee": false,
    "tech_change_status": "Not Planned"
   }
  },
  {
   "type": "Feature",
   "geometry": {
    "type": "Point",
    "coordinates": [
     142.22279981,
     -10.57007465
    ]
   },
   "properties": {
    "name": "44 WAIBEN ESPLANADE THURSDAY ISLAND 4875",
    "locID": "LOC000077967634",
    "tech": "NULL",
    "upgrade": "NULL_NA",
    "gnaf_pid": "GAQLD157235165",
    "ee": false,
    "tech_change_status": "Not Planned"
   }
  },
  {
   "type": "Feature",
   "geometry": {
    "type": "Point",
    "coordinates": [
     142.22296057,
     -10.57002207
    ]
   },
   "properties": {
    "name": "46 WAIBEN ESPLANADE THURSDAY ISLAND 4875",
    "locID": "LOC000021563082",
    "tech": "NULL",
    "upgrade": "NULL_NA",
    "gnaf_pid": "GAQLD157235166",
    "ee": false,
    "tech_change_status": "Not Planned"
   }
  },
  {
   "type": "Feature",
   "geometry": {
    "type": "Point",
    "coordinates": [
     142.22311962,
     -10.56999721
    ]
   },
   "properties": {
    "name": "48 WAIBEN ESPLANADE THURSDAY ISLAND 4875",
    "locID": "LOC000033545744",
    "tech": "NULL",
    "upgrade": "NULL_NA",
    "gnaf_pid": "GAQLD157235167",
    "ee": false,
    "tech_change_status": "Not Planned"
   }
  },
  {
   "type": "Feature",
   "geometry": {
    "type": "Point",
    "coordinates": [
     142.22328012,
     -10.57000268
    ]
   },
   "properties": {
    "name": "50 WAIBEN ESPLANADE THURSDAY ISLAND 4875",
    "locID": "LOC000090064937",
    "tech": "SATELLITE",
    "upgrade": "NULL_NA",
    "gnaf_pid": "GAQLD157235168",
    "ee": false,
    "tech_change_status": "Not Planned"
   }
  },
  {
   "type": "Feature",
   "geometry": {
    "type": "Point",
    "coordinates": [
     142.2234473,
     -10.57000227
    ]
   },
   "properties": {
    "name": "52 WAIBEN ESPLANADE THURSDAY ISLAND 4875",
    "locID": "LOC000040970491",
    "tech": "NULL",
    "upgrade": "NULL_NA",
    "gnaf_pid": "GAQLD157235169",
    "ee": false,
    "tech_change_status": "Not Planned"
   }
  },
  {
   "type": "Feature",
   "geometry": {
    "type": "Point",
    "coordinates": [
     142.21651312,
     -10.58193357
    ]
   },
   "properties": {
    "name": "60 JOHN STREET THURSDAY ISLAND 4875",
    "locID": "LOC000040468349",
    "tech": "NULL",
    "upgrade": "NULL_NA",
    "gnaf_pid": "GAQLD157235646",
    "ee": false,
    "tech_change_status": "Not Planned"
   }
  },
  {
   "type": "Feature",
   "geometry": {
    "type": "Point",
    "coordinates": [
     142.21628126,
     -10.58278032
    ]
   },
   "properties": {
    "name": "61 JOHN STREET THURSDAY ISLAND 4875",
    "locID": "LOC000062939097",
    "tech": "NULL",
    "upgrade": "NULL_NA",
    "gnaf_pid": "GAQLD157235647",
    "ee": false,
    "tech_change_status": "Not Planned"
   }
  },
  {
   "type": "Feature",
   "geometry": {
    "type": "Point",
    "coordinates": [
     142.21620522,
     -10.58202029
    ]
   },
   "properties": {
    "name": "64 JOHN STREET THURSDAY ISLAND 4875",
    "locID": "LOC000013521664",
    "tech": "SATELLITE",
    "upgrade": "NULL_NA",
    "gnaf_pid": "GAQLD157235649",
    "ee": false,
    "tech_change_status": "Not Planned"
   }
  },
  {
   "type": "Feature",
   "geometry": {
    "type": "Point",
    "coordinates": [
     142.22212867,
     -10.58319817
    ]
   },
   "properties": {
    "name": "7 JOHN STREET THURSDAY ISLAND 4875",
    "locID": "LOC000149096683",
    "tech": "NULL",
    "upgrade": "NULL_NA",
    "gnaf_pid": "GAQLD157235650",
    "ee": false,
    "tech_change_status": "Not Planned"
   }
  },
  {
   "type": "Feature",
   "geometry": {
    "type": "Point",
    "coordinates": [
     142.2219454,
     -10.5831837
    ]
   },
   "properties": {
    "name": "9 JOHN STREET THURSDAY ISLAND 4875",
    "locID": "LOC000149096696",
    "tech": "NULL",
    "upgrade": "NULL_NA",
    "gnaf_pid": "GAQLD157235652",
    "ee": false,
    "tech_change_status": "Not Planned"
   }
  },
  {
   "type": "Feature",
   "geometry": {
    "type": "Point",
    "coordinates": [
     142.220902,
     -10.57972936
    ]
   },
   "properties": {
    "name": "31 LOBAN STREET THURSDAY ISLAND 4875",
    "locID": "LOC000149096704",
    "tech": "NULL",
    "upgrade": "NULL_NA",
    "gnaf_pid": "GAQLD157235653",
    "ee": false,
    "tech_change_status": "Not Planned"
   }
  },
  {
   "type": "Feature",
   "geometry": {
    "type": "Point",
    "coordinates": [
     142.22101119,
     -10.57944329
    ]
   },
   "properties": {
    "name": "33 LOBAN STREET THURSDAY ISLAND 4875",
    "locID": "LOC000093519352",
    "tech": "NULL",
    "upgrade": "NULL_NA",
    "gnaf_pid": "GAQLD157235654",
    "ee": false,
    "tech_change_status": "Not Planned"
   }
  },
  {
   "type": "Feature",
   "geometry": {
    "type": "Point",
    "coordinates": [
     142.22110058,
     -10.57927401
    ]
   },
   "properties": {
    "name": "35 LOBAN STREET THURSDAY ISLAND 4875",
    "locID": "LOC000088150700",
    "tech": "NULL",
    "upgrade": "NULL_NA",
    "gnaf_pid": "GAQLD157235655",
    "ee": false,
    "tech_change_status": "Not Planned"
   }
  },
  {
   "type": "Feature",
   "geometry": {
    "type": "Point",
    "coordinates": [
     142.22119,
     -10.57910473
    ]
   },
   "properties": {
    "name": "37 LOBAN STREET THURSDAY ISLAND 4875",
    "locID": "LOC000149096715",
    "tech": "NULL",
    "upgrade": "NULL_NA",
    "gnaf_pid": "GAQLD157235656",
    "ee": false,
    "tech_change_status": "Not Planned"
   }
  },
  {
   "type": "Feature",
   "geometry": {
    "type": "Point",
    "coordinates": [
     142.22377933,
     -10.57988244
    ]
   },
   "properties": {
    "name": "20 MILMAN STREET THURSDAY ISLAND 4875",
    "locID": "LOC000149096727",
    "tech": "NULL",
    "upgrade": "NULL_NA",
    "gnaf_pid": "GAQLD157235666",
    "ee": false,
    "tech_change_status": "Not Planned"
   }
  },
  {
   "type": "Feature",
   "geometry": {
    "type": "Point",
    "coordinates": [
     142.22354943,
     -10.57956532
    ]
   },
   "properties": {
    "name": "22 MILMAN STREET THURSDAY ISLAND 4875",
    "locID": "LOC000149096736",
    "tech": "NULL",
    "upgrade": "NULL_NA",
    "gnaf_pid": "GAQLD157235667",
    "ee": false,
    "tech_change_status": "Not Planned"
   }
  },
  {
   "type": "Feature",
   "geometry": {
    "type": "Point",
    "coordinates": [
     142.22339578,
     -10.58235118
    ]
   },
   "properties": {
    "name": "4 MILMAN STREET THURSDAY ISLAND 4875",
    "locID": "LOC100072072121",
    "tech": "NULL",
    "upgrade": "NULL_NA",
    "gnaf_pid": "GAQLD157235669",
    "ee": false,
    "tech_change_status": "Not Planned"
   }
  },
  {
   "type": "Feature",
   "geometry": {
    "type": "Point",
    "coordinates": [
     142.22285176,
     -10.58115678
    ]
   },
   "properties": {
    "name": "9 MILMAN STREET THURSDAY ISLAND 4875",
    "locID": "LOC000149096743",
    "tech": "NULL",
    "upgrade": "NULL_NA",
    "gnaf_pid": "GAQLD157235672",
    "ee": false,
    "tech_change_status": "Not Planned"
   }
  },
  {
   "type": "Feature",
   "geometry": {
    "type": "Point",
    "coordinates": [
     142.21334869,
     -10.58316557
    ]
   },
   "properties": {
    "name": "4 MOA LANE THURSDAY ISLAND 4875",
    "locID": "LOC000020062967",
    "tech": "NULL",
    "upgrade": "NULL_NA",
    "gnaf_pid": "GAQLD157235673",
    "ee": false,
    "tech_change_status": "Not Planned"
   }
  },
  {
   "type": "Feature",
   "geometry": {
    "type": "Point",
    "coordinates": [
     142.21352024,
     -10.58293918
    ]
   },
   "properties": {
    "name": "6 MOA LANE THURSDAY ISLAND 4875",
    "locID": "LOC000099399031",
    "tech": "NULL",
    "upgrade": "NULL_NA",
    "gnaf_pid": "GAQLD157235674",
    "ee": false,
    "tech_change_status": "Not Planned"
   }
  },
  {
   "type": "Feature",
   "geometry": {
    "type": "Point",
    "coordinates": [
     142.21522705,
     -10.58221955
    ]
   },
   "properties": {
    "name": "25 CHESTER STREET THURSDAY ISLAND 4875",
    "locID": "LOC000013220250",
    "tech": "NULL",
    "upgrade": "NULL_NA",
    "gnaf_pid": "GAQLD157235899",
    "ee": false,
    "tech_change_status": "Not Planned"
   }
  },
  {
   "type": "Feature",
   "geometry": {
    "type": "Point",
    "coordinates": [
     142.21543066,
     -10.58207536
    ]
   },
   "properties": {
    "name": "27 CHESTER STREET THURSDAY ISLAND 4875",
    "locID": "LOC000008264450",
    "tech": "SATELLITE",
    "upgrade": "NULL_NA",
    "gnaf_pid": "GAQLD157235900",
    "ee": false,
    "tech_change_status": "Not Planned"
   }
  },
  {
   "type": "Feature",
   "geometry": {
    "type": "Point",
    "coordinates": [
     142.21537716,
     -10.58185311
    ]
   },
   "properties": {
    "name": "29 CHESTER STREET THURSDAY ISLAND 4875",
    "locID": "LOC000046226021",
    "tech": "NULL",
    "upgrade": "NULL_NA",
    "gnaf_pid": "GAQLD157235901",
    "ee": false,
    "tech_change_status": "Not Planned"
   }
  },
  {
   "type": "Feature",
   "geometry": {
    "type": "Point",
    "coordinates": [
     142.21528897,
     -10.58165427
    ]
   },
   "properties": {
    "name": "31 CHESTER STREET THURSDAY ISLAND 4875",
    "locID": "LOC000002531056",
    "tech": "NULL",
    "upgrade": "NULL_NA",
    "gnaf_pid": "GAQLD157235902",
    "ee": false,
    "tech_change_status": "Not Planned"
   }
  },
  {
   "type": "Feature",
   "geometry": {
    "type": "Point",
    "coordinates": [
     142.21522449,
     -10.58146695
    ]
   },
   "properties": {
    "name": "33 CHESTER STREET THURSDAY ISLAND 4875",
    "locID": "LOC000052179401",
    "tech": "NULL",
    "upgrade": "NULL_NA",
    "gnaf_pid": "GAQLD157235903",
    "ee": false,
    "tech_change_status": "Not Planned"
   }
  },
  {
   "type": "Feature",
   "geometry": {
    "type": "Point",
    "coordinates": [
     142.21524571,
     -10.58122852
    ]
   },
   "properties": {
    "name": "35 CHESTER STREET THURSDAY ISLAND 4875",
    "locID": "LOC000027468183",
    "tech": "NULL",
    "upgrade": "NULL_NA",
    "gnaf_pid": "GAQLD157235904",
    "ee": false,
    "tech_change_status": "Not Planned"
   }
  },
  {
   "type": "Feature",
   "geometry": {
    "type": "Point",
    "coordinates": [
     142.21130414,
     -10.58085998
    ]
   },
   "properties": {
    "name": "20 CLARK STREET THURSDAY ISLAND 4875",
    "locID": "LOC000095571941",
    "tech": "SATELLITE",
    "upgrade": "NULL_NA",
    "gnaf_pid": "GAQLD157235933",
    "ee": false,
    "tech_change_status": "Not Planned"
   }
  },
  {
   "type": "Feature",
   "geometry": {
    "type": "Point",
    "coordinates": [
     142.22471448,
     -10.58084141
    ]
   },
   "properties": {
    "name": "13 SUMMERS STREET THURSDAY ISLAND 4875",
    "locID": "LOC000061074546",
    "tech": "NULL",
    "upgrade": "NULL_NA",
    "gnaf_pid": "GAQLD157238726",
    "ee": false,
    "tech_change_status": "Not Planned"
   }
  },
  {
   "type": "Feature",
   "geometry": {
    "type": "Point",
    "coordinates": [
     142.22451389,
     -10.58082424
    ]
   },
   "properties": {
    "name": "15 SUMMERS STREET THURSDAY ISLAND 4875",
    "locID": "LOC000097534524",
    "tech": "NULL",
    "upgrade": "NULL_NA",
    "gnaf_pid": "GAQLD157238727",
    "ee": false,
    "tech_change_status": "Not Planned"
   }
  },
  {
   "type": "Feature",
   "geometry": {
    "type": "Point",
    "coordinates": [
     142.22434936,
     -10.58081885
    ]
   },
   "properties": {
    "name": "17 SUMMERS STREET THURSDAY ISLAND 4875",
    "locID": "LOC000058404634",
    "tech": "SATELLITE",
    "upgrade": "NULL_NA",
    "gnaf_pid": "GAQLD157238728",
    "ee": false,
    "tech_change_status": "Not Planned"
   }
  },
  {
   "type": "Feature",
   "geometry": {
    "type": "Point",
    "coordinates": [
     142.22416607,
     -10.58080437
    ]
   },
   "properties": {
    "name": "19 SUMMERS STREET THURSDAY ISLAND 4875",
    "locID": "LOC000096209751",
    "tech": "NULL",
    "upgrade": "NULL_NA",
    "gnaf_pid": "GAQLD157238729",
    "ee": false,
    "tech_change_status": "Not Planned"
   }
  },
  {
   "type": "Feature",
   "geometry": {
    "type": "Point",
    "coordinates": [
     142.22398282,
     -10.5807899
    ]
   },
   "properties": {
    "name": "21 SUMMERS STREET THURSDAY ISLAND 4875",
    "locID": "LOC000186692407",
    "tech": "SATELLITE",
    "upgrade": "NULL_NA",
    "gnaf_pid": "GAQLD157238731",
    "ee": false,
    "tech_change_status": "Not Planned"
   }
  },
  {
   "type": "Feature",
   "geometry": {
    "type": "Point",
    "coordinates": [
     142.22356404,
     -10.58013918
    ]
   },
   "properties": {
    "name": "22 SUMMERS STREET THURSDAY ISLAND 4875",
    "locID": "LOC000102918386",
    "tech": "NULL",
    "upgrade": "NULL_NA",
    "gnaf_pid": "GAQLD157238732",
    "ee": false,
    "tech_change_status": "Not Planned"
   }
  },
  {
   "type": "Feature",
   "geometry": {
    "type": "Point",
    "coordinates": [
     142.2237994,
     -10.5807869
    ]
   },
   "properties": {
    "name": "23 SUMMERS STREET THURSDAY ISLAND 4875",
    "locID": "LOC000089361377",
    "tech": "NULL",
    "upgrade": "NULL_NA",
    "gnaf_pid": "GAQLD157238733",
    "ee": false,
    "tech_change_status": "Not Planned"
   }
  },
  {
   "type": "Feature",
   "geometry": {
    "type": "Point",
    "coordinates": [
     142.22328635,
     -10.58010732
    ]
   },
   "properties": {
    "name": "24 SUMMERS STREET THURSDAY ISLAND 4875",
    "locID": "LOC000129736844",
    "tech": "NULL",
    "upgrade": "NULL_NA",
    "gnaf_pid": "GAQLD157238734",
    "ee": false,
    "tech_change_status": "Not Planned"
   }
  },
  {
   "type": "Feature",
   "geometry": {
    "type": "Point",
    "coordinates": [
     142.22233698,
     -10.58064667
    ]
   },
   "properties": {
    "name": "31 SUMMERS STREET THURSDAY ISLAND 4875",
    "locID": "LOC000129736871",
    "tech": "SATELLITE",
    "upgrade": "NULL_NA",
    "gnaf_pid": "GAQLD157238743",
    "ee": false,
    "tech_change_status": "Not Planned"
   }
  },
  {
   "type": "Feature",
   "geometry": {
    "type": "Point",
    "coordinates": [
     142.22198077,
     -10.58063324
    ]
   },
   "properties": {
    "name": "35 SUMMERS STREET THURSDAY ISLAND 4875",
    "locID": "LOC000129736892",
    "tech": "SATELLITE",
    "upgrade": "NULL_NA",
    "gnaf_pid": "GAQLD157238744",
    "ee": false,
    "tech_change_status": "Not Planned"
   }
  },
  {
   "type": "Feature",
   "geometry": {
    "type": "Point",
    "coordinates": [
     142.22178358,
     -10.58061626
    ]
   },
   "properties": {
    "name": "39 SUMMERS STREET THURSDAY ISLAND 4875",
    "locID": "LOC000149096758",
    "tech": "NULL",
    "upgrade": "NULL_NA",
    "gnaf_pid": "GAQLD157238745",
    "ee": false,
    "tech_change_status": "Not Planned"
   }
  },
  {
   "type": "Feature",
   "geometry": {
    "type": "Point",
    "coordinates": [
     142.22160035,
     -10.58060179
    ]
   },
   "properties": {
    "name": "41 SUMMERS STREET THURSDAY ISLAND 4875",
    "locID": "LOC000080338838",
    "tech": "NULL",
    "upgrade": "NULL_NA",
    "gnaf_pid": "GAQLD157238746",
    "ee": false,
    "tech_change_status": "Not Planned"
   }
  },
  {
   "type": "Feature",
   "geometry": {
    "type": "Point",
    "coordinates": [
     142.22132543,
     -10.58058007
    ]
   },
   "properties": {
    "name": "43 SUMMERS STREET THURSDAY ISLAND 4875",
    "locID": "LOC000096594438",
    "tech": "NULL",
    "upgrade": "NULL_NA",
    "gnaf_pid": "GAQLD157238747",
    "ee": false,
    "tech_change_status": "Not Planned"
   }
  },
  {
   "type": "Feature",
   "geometry": {
    "type": "Point",
    "coordinates": [
     142.22031742,
     -10.58050048
    ]
   },
   "properties": {
    "name": "49 SUMMERS STREET THURSDAY ISLAND 4875",
    "locID": "LOC000054721597",
    "tech": "NULL",
    "upgrade": "NULL_NA",
    "gnaf_pid": "GAQLD157238748",
    "ee": false,
    "tech_change_status": "Not Planned"
   }
  },
  {
   "type": "Feature",
   "geometry": {
    "type": "Point",
    "coordinates": [
     142.2201343,
     -10.58048601
    ]
   },
   "properties": {
    "name": "51 SUMMERS STREET THURSDAY ISLAND 4875",
    "locID": "LOC000032392687",
    "tech": "NULL",
    "upgrade": "NULL_NA",
    "gnaf_pid": "GAQLD157238749",
    "ee": false,
    "tech_change_status": "Not Planned"
   }
  },
  {
   "type": "Feature",
   "geometry": {
    "type": "Point",
    "coordinates": [
     142.2198691,
     -10.5797461
    ]
   },
   "properties": {
    "name": "56 SUMMERS STREET THURSDAY ISLAND 4875",
    "locID": "LOC000067847491",
    "tech": "NULL",
    "upgrade": "NULL_NA",
    "gnaf_pid": "GAQLD157238751",
    "ee": false,
    "tech_change_status": "Not Planned"
   }
  },
  {
   "type": "Feature",
   "geometry": {
    "type": "Point",
    "coordinates": [
     142.21948009,
     -10.57733067
    ]
   },
   "properties": {
    "name": "60 SUMMERS STREET THURSDAY ISLAND 4875",
    "locID": "LOC000100223509",
    "tech": "NULL",
    "upgrade": "NULL_NA",
    "gnaf_pid": "GAQLD157238753",
    "ee": false,
    "tech_change_status": "Not Planned"
   }
  },
  {
   "type": "Feature",
   "geometry": {
    "type": "Point",
    "coordinates": [
     142.2187828,
     -10.58040305
    ]
   },
   "properties": {
    "name": "61 SUMMERS STREET THURSDAY ISLAND 4875",
    "locID": "LOC100072086112",
    "tech": "NULL",
    "upgrade": "NULL_NA",
    "gnaf_pid": "GAQLD157238754",
    "ee": false,
    "tech_change_status": "Not Planned"
   }
  },
  {
   "type": "Feature",
   "geometry": {
    "type": "Point",
    "coordinates": [
     142.21772969,
     -10.58056978
    ]
   },
   "properties": {
    "name": "67 SUMMERS STREET THURSDAY ISLAND 4875",
    "locID": "LOC000031772328",
    "tech": "NULL",
    "upgrade": "NULL_NA",
    "gnaf_pid": "GAQLD157238755",
    "ee": false,
    "tech_change_status": "Not Planned"
   }
  },
  {
   "type": "Feature",
   "geometry": {
    "type": "Point",
    "coordinates": [
     142.21620966,
     -10.58048379
    ]
   },
   "properties": {
    "name": "79 SUMMERS STREET THURSDAY ISLAND 4875",
    "locID": "LOC000037302591",
    "tech": "SATELLITE",
    "upgrade": "NULL_NA",
    "gnaf_pid": "GAQLD157238759",
    "ee": false,
    "tech_change_status": "Not Planned"
   }
  },
  {
   "type": "Feature",
   "geometry": {
    "type": "Point",
    "coordinates": [
     142.22508056,
     -10.58099479
    ]
   },
   "properties": {
    "name": "9 SUMMERS STREET THURSDAY ISLAND 4875",
    "locID": "LOC000043720449",
    "tech": "NULL",
    "upgrade": "NULL_NA",
    "gnaf_pid": "GAQLD157238760",
    "ee": false,
    "tech_change_status": "Not Planned"
   }
  },
  {
   "type": "Feature",
   "geometry": {
    "type": "Point",
    "coordinates": [
     142.21960716,
     -10.58473258
    ]
   },
   "properties": {
    "name": "10 VICTORIA PARADE THURSDAY ISLAND 4875",
    "locID": "LOC100086174574",
    "tech": "NULL",
    "upgrade": "NULL_NA",
    "gnaf_pid": "GAQLD157238761",
    "ee": false,
    "tech_change_status": "Not Planned"
   }
  },
  {
   "type": "Feature",
   "geometry": {
    "type": "Point",
    "coordinates": [
     142.21924068,
     -10.58470364
    ]
   },
   "properties": {
    "name": "14 VICTORIA PARADE THURSDAY ISLAND 4875",
    "locID": "LOC000072823459",
    "tech": "NULL",
    "upgrade": "NULL_NA",
    "gnaf_pid": "GAQLD157238763",
    "ee": false,
    "tech_change_status": "Not Planned"
   }
  },
  {
   "type": "Feature",
   "geometry": {
    "type": "Point",
    "coordinates": [
     142.2190574,
     -10.58468914
    ]
   },
   "properties": {
    "name": "16 VICTORIA PARADE THURSDAY ISLAND 4875",
    "locID": "LOC000091273616",
    "tech": "NULL",
    "upgrade": "NULL_NA",
    "gnaf_pid": "GAQLD157238764",
    "ee": false,
    "tech_change_status": "Not Planned"
   }
  },
  {
   "type": "Feature",
   "geometry": {
    "type": "Point",
    "coordinates": [
     142.21768284,
     -10.58458059
    ]
   },
   "properties": {
    "name": "26 VICTORIA PARADE THURSDAY ISLAND 4875",
    "locID": "LOC000095566920",
    "tech": "NULL",
    "upgrade": "NULL_NA",
    "gnaf_pid": "GAQLD157238767",
    "ee": false,
    "tech_change_status": "Not Planned"
   }
  },
  {
   "type": "Feature",
   "geometry": {
    "type": "Point",
    "coordinates": [
     142.21745379,
     -10.58456251
    ]
   },
   "properties": {
    "name": "32 VICTORIA PARADE THURSDAY ISLAND 4875",
    "locID": "LOC000023240328",
    "tech": "NULL",
    "upgrade": "NULL_NA",
    "gnaf_pid": "GAQLD157238768",
    "ee": false,
    "tech_change_status": "Not Planned"
   }
  },
  {
   "type": "Feature",
   "geometry": {
    "type": "Point",
    "coordinates": [
     142.21722468,
     -10.5845444
    ]
   },
   "properties": {
    "name": "36 VICTORIA PARADE THURSDAY ISLAND 4875",
    "locID": "LOC000020181178",
    "tech": "NULL",
    "upgrade": "NULL_NA",
    "gnaf_pid": "GAQLD157238770",
    "ee": false,
    "tech_change_status": "Not Planned"
   }
  },
  {
   "type": "Feature",
   "geometry": {
    "type": "Point",
    "coordinates": [
     142.21613508,
     -10.58466154
    ]
   },
   "properties": {
    "name": "42 VICTORIA PARADE THURSDAY ISLAND 4875",
    "locID": "LOC000030808361",
    "tech": "NULL",
    "upgrade": "NULL_NA",
    "gnaf_pid": "GAQLD157239124",
    "ee": false,
    "tech_change_status": "Not Planned"
   }
  },
  {
   "type": "Feature",
   "geometry": {
    "type": "Point",
    "coordinates": [
     142.21593621,
     -10.58486671
    ]
   },
   "properties": {
    "name": "44 VICTORIA PARADE THURSDAY ISLAND 4875",
    "locID": "LOC000035711600",
    "tech": "NULL",
    "upgrade": "NULL_NA",
    "gnaf_pid": "GAQLD157239125",
    "ee": false,
    "tech_change_status": "Not Planned"
   }
  },
  {
   "type": "Feature",
   "geometry": {
    "type": "Point",
    "coordinates": [
     142.21520746,
     -10.5848567
    ]
   },
   "properties": {
    "name": "46 VICTORIA PARADE THURSDAY ISLAND 4875",
    "locID": "LOC000049404329",
    "tech": "NULL",
    "upgrade": "NULL_NA",
    "gnaf_pid": "GAQLD157239126",
    "ee": false,
    "tech_change_status": "Not Planned"
   }
  },
  {
   "type": "Feature",
   "geometry": {
    "type": "Point",
    "coordinates": [
     142.21535651,
     -10.58535542
    ]
   },
   "properties": {
    "name": "54 VICTORIA PARADE THURSDAY ISLAND 4875",
    "locID": "LOC000018317430",
    "tech": "NULL",
    "upgrade": "NULL_NA",
    "gnaf_pid": "GAQLD157239127",
    "ee": false,
    "tech_change_status": "Not Planned"
   }
  },
  {
   "type": "Feature",
   "geometry": {
    "type": "Point",
    "coordinates": [
     142.21486673,
     -10.58576834
    ]
   },
   "properties": {
    "name": "56 VICTORIA PARADE THURSDAY ISLAND 4875",
    "locID": "LOC000149096762",
    "tech": "NULL",
    "upgrade": "NULL_NA",
    "gnaf_pid": "GAQLD157239128",
    "ee": false,
    "tech_change_status": "Not Planned"
   }
  },
  {
   "type": "Feature",
   "geometry": {
    "type": "Point",
    "coordinates": [
     142.21991535,
     -10.58447514
    ]
   },
   "properties": {
    "name": "6 VICTORIA PARADE THURSDAY ISLAND 4875",
    "locID": "LOC000095777106",
    "tech": "NULL",
    "upgrade": "NULL_NA",
    "gnaf_pid": "GAQLD157239129",
    "ee": false,
    "tech_change_status": "Not Planned"
   }
  },
  {
   "type": "Feature",
   "geometry": {
    "type": "Point",
    "coordinates": [
     142.21461995,
     -10.58593888
    ]
   },
   "properties": {
    "name": "60 VICTORIA PARADE THURSDAY ISLAND 4875",
    "locID": "LOC000018290033",
    "tech": "SATELLITE",
    "upgrade": "NULL_NA",
    "gnaf_pid": "GAQLD157239130",
    "ee": false,
    "tech_change_status": "Not Planned"
   }
  },
  {
   "type": "Feature",
   "geometry": {
    "type": "Point",
    "coordinates": [
     142.21449941,
     -10.58607805
    ]
   },
   "properties": {
    "name": "62 VICTORIA PARADE THURSDAY ISLAND 4875",
    "locID": "LOC000072307522",
    "tech": "NULL",
    "upgrade": "NULL_NA",
    "gnaf_pid": "GAQLD157239131",
    "ee": false,
    "tech_change_status": "Not Planned"
   }
  },
  {
   "type": "Feature",
   "geometry": {
    "type": "Point",
    "coordinates": [
     142.21449941,
     -10.58607805
    ]
   },
   "properties": {
    "name": "66 VICTORIA PARADE THURSDAY ISLAND 4875",
    "locID": "LOC000072307522",
    "tech": "NULL",
    "upgrade": "NULL_NA",
    "gnaf_pid": "GAQLD157239133",
    "ee": false,
    "tech_change_status": "Not Planned"
   }
  },
  {
   "type": "Feature",
   "geometry": {
    "type": "Point",
    "coordinates": [
     142.22145818,
     -10.5785969
    ]
   },
   "properties": {
    "name": "41 LOBAN STREET THURSDAY ISLAND 4875",
    "locID": "LOC000129736925",
    "tech": "NULL",
    "upgrade": "NULL_NA",
    "gnaf_pid": "GAQLD157239272",
    "ee": false,
    "tech_change_status": "Not Planned"
   }
  },
  {
   "type": "Feature",
   "geometry": {
    "type": "Point",
    "coordinates": [
     142.22091638,
     -10.57869243
    ]
   },
   "properties": {
    "name": "45 LOBAN STREET THURSDAY ISLAND 4875",
    "locID": "LOC000056453589",
    "tech": "NULL",
    "upgrade": "NULL_NA",
    "gnaf_pid": "GAQLD157239273",
    "ee": false,
    "tech_change_status": "Not Planned"
   }
  },
  {
   "type": "Feature",
   "geometry": {
    "type": "Point",
    "coordinates": [
     142.22348075,
     -10.58129771
    ]
   },
   "properties": {
    "name": "10 MILMAN STREET THURSDAY ISLAND 4875",
    "locID": "LOC000034875571",
    "tech": "NULL",
    "upgrade": "NULL_NA",
    "gnaf_pid": "GAQLD157239274",
    "ee": false,
    "tech_change_status": "Not Planned"
   }
  },
  {
   "type": "Feature",
   "geometry": {
    "type": "Point",
    "coordinates": [
     142.22349906,
     -10.58107105
    ]
   },
   "properties": {
    "name": "12 MILMAN STREET THURSDAY ISLAND 4875",
    "locID": "LOC000059335683",
    "tech": "NULL",
    "upgrade": "NULL_NA",
    "gnaf_pid": "GAQLD157239275",
    "ee": false,
    "tech_change_status": "Not Planned"
   }
  },
  {
   "type": "Feature",
   "geometry": {
    "type": "Point",
    "coordinates": [
     142.22353379,
     -10.58064041
    ]
   },
   "properties": {
    "name": "16 MILMAN STREET THURSDAY ISLAND 4875",
    "locID": "LOC000097247746",
    "tech": "NULL",
    "upgrade": "NULL_NA",
    "gnaf_pid": "GAQLD157239277",
    "ee": false,
    "tech_change_status": "Not Planned"
   }
  },
  {
   "type": "Feature",
   "geometry": {
    "type": "Point",
    "coordinates": [
     142.22335493,
     -10.58256243
    ]
   },
   "properties": {
    "name": "2 MILMAN STREET THURSDAY ISLAND 4875",
    "locID": "LOC000026620104",
    "tech": "NULL",
    "upgrade": "NULL_NA",
    "gnaf_pid": "GAQLD157239278",
    "ee": false,
    "tech_change_status": "Not Planned"
   }
  },
  {
   "type": "Feature",
   "geometry": {
    "type": "Point",
    "coordinates": [
     142.21247856,
     -10.57942399
    ]
   },
   "properties": {
    "name": "1 NAZEER STREET THURSDAY ISLAND 4875",
    "locID": "LOC000081348502",
    "tech": "NULL",
    "upgrade": "NULL_NA",
    "gnaf_pid": "GAQLD157239294",
    "ee": false,
    "tech_change_status": "Not Planned"
   }
  },
  {
   "type": "Feature",
   "geometry": {
    "type": "Point",
    "coordinates": [
     142.22503672,
     -10.58144337
    ]
   },
   "properties": {
    "name": "6 HARGRAVE STREET THURSDAY ISLAND 4875",
    "locID": "LOC000129738919",
    "tech": "SATELLITE",
    "upgrade": "NULL_NA",
    "gnaf_pid": "GAQLD157239615",
    "ee": false,
    "tech_change_status": "Not Planned"
   }
  },
  {
   "type": "Feature",
   "geometry": {
    "type": "Point",
    "coordinates": [
     142.21728276,
     -10.58153813
    ]
   },
   "properties": {
    "name": "61 HARGRAVE STREET THURSDAY ISLAND 4875",
    "locID": "LOC000029870295",
    "tech": "NULL",
    "upgrade": "NULL_NA",
    "gnaf_pid": "GAQLD157239616",
    "ee": false,
    "tech_change_status": "Not Planned"
   }
  },
  {
   "type": "Feature",
   "geometry": {
    "type": "Point",
    "coordinates": [
     142.21674061,
     -10.58140863
    ]
   },
   "properties": {
    "name": "67 HARGRAVE STREET THURSDAY ISLAND 4875",
    "locID": "LOC000010035181",
    "tech": "NULL",
    "upgrade": "NULL_NA",
    "gnaf_pid": "GAQLD157239618",
    "ee": false,
    "tech_change_status": "Not Planned"
   }
  },
  {
   "type": "Feature",
   "geometry": {
    "type": "Point",
    "coordinates": [
     142.2163709,
     -10.58134928
    ]
   },
   "properties": {
    "name": "71 HARGRAVE STREET THURSDAY ISLAND 4875",
    "locID": "LOC000014478136",
    "tech": "NULL",
    "upgrade": "NULL_NA",
    "gnaf_pid": "GAQLD157239646",
    "ee": false,
    "tech_change_status": "Not Planned"
   }
  },
  {
   "type": "Feature",
   "geometry": {
    "type": "Point",
    "coordinates": [
     142.21619191,
     -10.58134218
    ]
   },
   "properties": {
    "name": "73 HARGRAVE STREET THURSDAY ISLAND 4875",
    "locID": "LOC000026584600",
    "tech": "NULL",
    "upgrade": "NULL_NA",
    "gnaf_pid": "GAQLD157239648",
    "ee": false,
    "tech_change_status": "Not Planned"
   }
  },
  {
   "type": "Feature",
   "geometry": {
    "type": "Point",
    "coordinates": [
     142.21679126,
     -10.5807694
    ]
   },
   "properties": {
    "name": "74 HARGRAVE STREET THURSDAY ISLAND 4875",
    "locID": "LOC000062585027",
    "tech": "NULL",
    "upgrade": "NULL_NA",
    "gnaf_pid": "GAQLD157239649",
    "ee": false,
    "tech_change_status": "Not Planned"
   }
  },
  {
   "type": "Feature",
   "geometry": {
    "type": "Point",
    "coordinates": [
     142.21582711,
     -10.5813116
    ]
   },
   "properties": {
    "name": "75 HARGRAVE STREET THURSDAY ISLAND 4875",
    "locID": "LOC000011605666",
    "tech": "NULL",
    "upgrade": "NULL_NA",
    "gnaf_pid": "GAQLD157239650",
    "ee": false,
    "tech_change_status": "Not Planned"
   }
  },
  {
   "type": "Feature",
   "geometry": {
    "type": "Point",
    "coordinates": [
     142.21648573,
     -10.58074524
    ]
   },
   "properties": {
    "name": "76 HARGRAVE STREET THURSDAY ISLAND 4875",
    "locID": "LOC000032438807",
    "tech": "NULL",
    "upgrade": "NULL_NA",
    "gnaf_pid": "GAQLD157239651",
    "ee": false,
    "tech_change_status": "Not Planned"
   }
  },
  {
   "type": "Feature",
   "geometry": {
    "type": "Point",
    "coordinates": [
     142.21616405,
     -10.58073351
    ]
   },
   "properties": {
    "name": "78 HARGRAVE STREET THURSDAY ISLAND 4875",
    "locID": "LOC000024047261",
    "tech": "NULL",
    "upgrade": "NULL_NA",
    "gnaf_pid": "GAQLD157239652",
    "ee": false,
    "tech_change_status": "Not Planned"
   }
  },
  {
   "type": "Feature",
   "geometry": {
    "type": "Point",
    "coordinates": [
     142.22019708,
     -10.57375426
    ]
   },
   "properties": {
    "name": "1 WAIBEN ESPLANADE THURSDAY ISLAND 4875",
    "locID": "LOC000129736742",
    "tech": "NULL",
    "upgrade": "NULL_NA",
    "gnaf_pid": "GAQLD157242820",
    "ee": false,
    "tech_change_status": "Not Planned"
   }
  },
  {
   "type": "Feature",
   "geometry": {
    "type": "Point",
    "coordinates": [
     142.22086524,
     -10.57172356
    ]
   },
   "properties": {
    "name": "12 WAIBEN ESPLANADE THURSDAY ISLAND 4875",
    "locID": "LOC000027442377",
    "tech": "NULL",
    "upgrade": "NULL_NA",
    "gnaf_pid": "GAQLD157242822",
    "ee": false,
    "tech_change_status": "Not Planned"
   }
  },
  {
   "type": "Feature",
   "geometry": {
    "type": "Point",
    "coordinates": [
     142.21519503,
     -10.5806882
    ]
   },
   "properties": {
    "name": "39 CHESTER STREET THURSDAY ISLAND 4875",
    "locID": "LOC000076557418",
    "tech": "NULL",
    "upgrade": "NULL_NA",
    "gnaf_pid": "GAQLD157242857",
    "ee": false,
    "tech_change_status": "Not Planned"
   }
  },
  {
   "type": "Feature",
   "geometry": {
    "type": "Point",
    "coordinates": [
     142.21338406,
     -10.58474804
    ]
   },
   "properties": {
    "name": "8 CHESTER STREET THURSDAY ISLAND 4875",
    "locID": "LOC000087897597",
    "tech": "NULL",
    "upgrade": "NULL_NA",
    "gnaf_pid": "GAQLD157242862",
    "ee": false,
    "tech_change_status": "Not Planned"
   }
  },
  {
   "type": "Feature",
   "geometry": {
    "type": "Point",
    "coordinates": [
     142.2120472,
     -10.58032539
    ]
   },
   "properties": {
    "name": "10 CLARK STREET THURSDAY ISLAND 4875",
    "locID": "LOC000059132690",
    "tech": "SATELLITE",
    "upgrade": "NULL_NA",
    "gnaf_pid": "GAQLD157242864",
    "ee": false,
    "tech_change_status": "Not Planned"
   }
  },
  {
   "type": "Feature",
   "geometry": {
    "type": "Point",
    "coordinates": [
     142.21161988,
     -10.5806696
    ]
   },
   "properties": {
    "name": "16 CLARK STREET THURSDAY ISLAND 4875",
    "locID": "LOC000106533843",
    "tech": "NULL",
    "upgrade": "NULL_NA",
    "gnaf_pid": "GAQLD157242866",
    "ee": false,
    "tech_change_status": "Not Planned"
   }
  },
  {
   "type": "Feature",
   "geometry": {
    "type": "Point",
    "coordinates": [
     142.21079139,
     -10.58181502
    ]
   },
   "properties": {
    "name": "25 CLARK STREET THURSDAY ISLAND 4875",
    "locID": "LOC000094122775",
    "tech": "SATELLITE",
    "upgrade": "NULL_NA",
    "gnaf_pid": "GAQLD157242879",
    "ee": false,
    "tech_change_status": "Not Planned"
   }
  },
  {
   "type": "Feature",
   "geometry": {
    "type": "Point",
    "coordinates": [
     142.21029145,
     -10.58141201
    ]
   },
   "properties": {
    "name": "26 CLARK STREET THURSDAY ISLAND 4875",
    "locID": "LOC000061053219",
    "tech": "NULL",
    "upgrade": "NULL_NA",
    "gnaf_pid": "GAQLD157242880",
    "ee": false,
    "tech_change_status": "Not Planned"
   }
  },
  {
   "type": "Feature",
   "geometry": {
    "type": "Point",
    "coordinates": [
     142.21010146,
     -10.58143074
    ]
   },
   "properties": {
    "name": "28 CLARK STREET THURSDAY ISLAND 4875",
    "locID": "LOC100072083812",
    "tech": "NULL",
    "upgrade": "NULL_NA",
    "gnaf_pid": "GAQLD157242882",
    "ee": false,
    "tech_change_status": "Not Planned"
   }
  },
  {
   "type": "Feature",
   "geometry": {
    "type": "Point",
    "coordinates": [
     142.20994691,
     -10.58205296
    ]
   },
   "properties": {
    "name": "33 CLARK STREET THURSDAY ISLAND 4875",
    "locID": "LOC000099974898",
    "tech": "NULL",
    "upgrade": "NULL_NA",
    "gnaf_pid": "GAQLD157242885",
    "ee": false,
    "tech_change_status": "Not Planned"
   }
  },
  {
   "type": "Feature",
   "geometry": {
    "type": "Point",
    "coordinates": [
     142.21149898,
     -10.58024982
    ]
   },
   "properties": {
    "name": "11 NAZEER STREET THURSDAY ISLAND 4875",
    "locID": "LOC000043188567",
    "tech": "NULL",
    "upgrade": "NULL_NA",
    "gnaf_pid": "GAQLD157246265",
    "ee": false,
    "tech_change_status": "Not Planned"
   }
  },
  {
   "type": "Feature",
   "geometry": {
    "type": "Point",
    "coordinates": [
     142.21107917,
     -10.58060379
    ]
   },
   "properties": {
    "name": "17 NAZEER STREET THURSDAY ISLAND 4875",
    "locID": "LOC000081348502",
    "tech": "NULL",
    "upgrade": "NULL_NA",
    "gnaf_pid": "GAQLD157246268",
    "ee": false,
    "tech_change_status": "Not Planned"
   }
  },
  {
   "type": "Feature",
   "geometry": {
    "type": "Point",
    "coordinates": [
     142.21093926,
     -10.58072176
    ]
   },
   "properties": {
    "name": "19 NAZEER STREET THURSDAY ISLAND 4875",
    "locID": "LOC000062017681",
    "tech": "NULL",
    "upgrade": "NULL_NA",
    "gnaf_pid": "GAQLD157246269",
    "ee": false,
    "tech_change_status": "Not Planned"
   }
  },
  {
   "type": "Feature",
   "geometry": {
    "type": "Point",
    "coordinates": [
     142.21080517,
     -10.58084046
    ]
   },
   "properties": {
    "name": "21 NAZEER STREET THURSDAY ISLAND 4875",
    "locID": "LOC000078287831",
    "tech": "NULL",
    "upgrade": "NULL_NA",
    "gnaf_pid": "GAQLD157246270",
    "ee": false,
    "tech_change_status": "Not Planned"
   }
  },
  {
   "type": "Feature",
   "geometry": {
    "type": "Point",
    "coordinates": [
     142.21319238,
     -10.58550708
    ]
   },
   "properties": {
    "name": "8 PEARL STREET THURSDAY ISLAND 4875",
    "locID": "LOC000043456958",
    "tech": "NULL",
    "upgrade": "NULL_NA",
    "gnaf_pid": "GAQLD157246289",
    "ee": false,
    "tech_change_status": "Not Planned"
   }
  },
  {
   "type": "Feature",
   "geometry": {
    "type": "Point",
    "coordinates": [
     142.22694974,
     -10.58230226
    ]
   },
   "properties": {
    "name": "10 DOUGLAS STREET THURSDAY ISLAND 4875",
    "locID": "LOC000039698631",
    "tech": "SATELLITE",
    "upgrade": "NULL_NA",
    "gnaf_pid": "GAQLD157246516",
    "ee": false,
    "tech_change_status": "Not Planned"
   }
  },
  {
   "type": "Feature",
   "geometry": {
    "type": "Point",
    "coordinates": [
     142.21838482,
     -10.58335871
    ]
   },
   "properties": {
    "name": "100 DOUGLAS STREET THURSDAY ISLAND 4875",
    "locID": "LOC000034967391",
    "tech": "NULL",
    "upgrade": "NULL_NA",
    "gnaf_pid": "GAQLD157246517",
    "ee": false,
    "tech_change_status": "Not Planned"
   }
  },
  {
   "type": "Feature",
   "geometry": {
    "type": "Point",
    "coordinates": [
     142.21735287,
     -10.58409833
    ]
   },
   "properties": {
    "name": "101 DOUGLAS STREET THURSDAY ISLAND 4875",
    "locID": "LOC000035740602",
    "tech": "SATELLITE",
    "upgrade": "NULL_NA",
    "gnaf_pid": "GAQLD157246518",
    "ee": false,
    "tech_change_status": "Not Planned"
   }
  },
  {
   "type": "Feature",
   "geometry": {
    "type": "Point",
    "coordinates": [
     142.21768904,
     -10.58329658
    ]
   },
   "properties": {
    "name": "104 DOUGLAS STREET THURSDAY ISLAND 4875",
    "locID": "LOC000025775803",
    "tech": "NULL",
    "upgrade": "NULL_NA",
    "gnaf_pid": "GAQLD157246519",
    "ee": false,
    "tech_change_status": "Not Planned"
   }
  },
  {
   "type": "Feature",
   "geometry": {
    "type": "Point",
    "coordinates": [
     142.21732706,
     -10.58327512
    ]
   },
   "properties": {
    "name": "108 DOUGLAS STREET THURSDAY ISLAND 4875",
    "locID": "LOC000005778521",
    "tech": "NULL",
    "upgrade": "NULL_NA",
    "gnaf_pid": "GAQLD157246521",
    "ee": false,
    "tech_change_status": "Not Planned"
   }
  },
  {
   "type": "Feature",
   "geometry": {
    "type": "Point",
    "coordinates": [
     142.22542977,
     -10.58242693
    ]
   },
   "properties": {
    "name": "11 DOUGLAS STREET THURSDAY ISLAND 4875",
    "locID": "LOC000031534976",
    "tech": "NULL",
    "upgrade": "NULL_NA",
    "gnaf_pid": "GAQLD157246522",
    "ee": false,
    "tech_change_status": "Not Planned"
   }
  },
  {
   "type": "Feature",
   "geometry": {
    "type": "Point",
    "coordinates": [
     142.21634123,
     -10.58325428
    ]
   },
   "properties": {
    "name": "118 DOUGLAS STREET THURSDAY ISLAND 4875",
    "locID": "LOC000004523393",
    "tech": "NULL",
    "upgrade": "NULL_NA",
    "gnaf_pid": "GAQLD157246527",
    "ee": false,
    "tech_change_status": "Not Planned"
   }
  },
  {
   "type": "Feature",
   "geometry": {
    "type": "Point",
    "coordinates": [
     142.2145735,
     -10.58374524
    ]
   },
   "properties": {
    "name": "124 DOUGLAS STREET THURSDAY ISLAND 4875",
    "locID": "LOC000073068057",
    "tech": "NULL",
    "upgrade": "NULL_NA",
    "gnaf_pid": "GAQLD157246529",
    "ee": false,
    "tech_change_status": "Not Planned"
   }
  },
  {
   "type": "Feature",
   "geometry": {
    "type": "Point",
    "coordinates": [
     142.21505835,
     -10.58500929
    ]
   },
   "properties": {
    "name": "127 DOUGLAS STREET THURSDAY ISLAND 4875",
    "locID": "LOC000066005787",
    "tech": "NULL",
    "upgrade": "NULL_NA",
    "gnaf_pid": "GAQLD157246530",
    "ee": false,
    "tech_change_status": "Not Planned"
   }
  },
  {
   "type": "Feature",
   "geometry": {
    "type": "Point",
    "coordinates": [
     142.22513844,
     -10.58235139
    ]
   },
   "properties": {
    "name": "13 DOUGLAS STREET THURSDAY ISLAND 4875",
    "locID": "LOC000106165324",
    "tech": "NULL",
    "upgrade": "NULL_NA",
    "gnaf_pid": "GAQLD157246531",
    "ee": false,
    "tech_change_status": "Not Planned"
   }
  },
  {
   "type": "Feature",
   "geometry": {
    "type": "Point",
    "coordinates": [
     142.21456861,
     -10.58542222
    ]
   },
   "properties": {
    "name": "131 DOUGLAS STREET THURSDAY ISLAND 4875",
    "locID": "LOC000075147397",
    "tech": "NULL",
    "upgrade": "NULL_NA",
    "gnaf_pid": "GAQLD157246541",
    "ee": false,
    "tech_change_status": "Not Planned"
   }
  },
  {
   "type": "Feature",
   "geometry": {
    "type": "Point",
    "coordinates": [
     142.21428243,
     -10.5856635
    ]
   },
   "properties": {
    "name": "135 DOUGLAS STREET THURSDAY ISLAND 4875",
    "locID": "LOC000106165324",
    "tech": "NULL",
    "upgrade": "NULL_NA",
    "gnaf_pid": "GAQLD157246542",
    "ee": false,
    "tech_change_status": "Not Planned"
   }
  },
  {
   "type": "Feature",
   "geometry": {
    "type": "Point",
    "coordinates": [
     142.21407238,
     -10.58481406
    ]
   },
   "properties": {
    "name": "136 DOUGLAS STREET THURSDAY ISLAND 4875",
    "locID": "LOC000038099183",
    "tech": "SATELLITE",
    "upgrade": "NULL_NA",
    "gnaf_pid": "GAQLD157246543",
    "ee": false,
    "tech_change_status": "Not Planned"
   }
  },
  {
   "type": "Feature",
   "geometry": {
    "type": "Point",
    "coordinates": [
     142.21419339,
     -10.58573856
    ]
   },
   "properties": {
    "name": "137 DOUGLAS STREET THURSDAY ISLAND 4875",
    "locID": "LOC000021827722",
    "tech": "NULL",
    "upgrade": "NULL_NA",
    "gnaf_pid": "GAQLD157246544",
    "ee": false,
    "tech_change_status": "Not Planned"
   }
  },
  {
   "type": "Feature",
   "geometry": {
    "type": "Point",
    "coordinates": [
     142.21376811,
     -10.58502167
    ]
   },
   "properties": {
    "name": "138 DOUGLAS STREET THURSDAY ISLAND 4875",
    "locID": "LOC000008604707",
    "tech": "SATELLITE",
    "upgrade": "NULL_NA",
    "gnaf_pid": "GAQLD157246545",
    "ee": false,
    "tech_change_status": "Not Planned"
   }
  },
  {
   "type": "Feature",
   "geometry": {
    "type": "Point",
    "coordinates": [
     142.21411376,
     -10.58580564
    ]
   },
   "properties": {
    "name": "139 DOUGLAS STREET THURSDAY ISLAND 4875",
    "locID": "LOC000104019628",
    "tech": "NULL",
    "upgrade": "NULL_NA",
    "gnaf_pid": "GAQLD157246546",
    "ee": false,
    "tech_change_status": "Not Planned"
   }
  },
  {
   "type": "Feature",
   "geometry": {
    "type": "Point",
    "coordinates": [
     142.2140263,
     -10.58587936
    ]
   },
   "properties": {
    "name": "141 DOUGLAS STREET THURSDAY ISLAND 4875",
    "locID": "LOC000069030146",
    "tech": "SATELLITE",
    "upgrade": "NULL_NA",
    "gnaf_pid": "GAQLD157246547",
    "ee": false,
    "tech_change_status": "Not Planned"
   }
  },
  {
   "type": "Feature",
   "geometry": {
    "type": "Point",
    "coordinates": [
     142.21354219,
     -10.58521215
    ]
   },
   "properties": {
    "name": "142 DOUGLAS STREET THURSDAY ISLAND 4875",
    "locID": "LOC000002462691",
    "tech": "NULL",
    "upgrade": "NULL_NA",
    "gnaf_pid": "GAQLD157246548",
    "ee": false,
    "tech_change_status": "Not Planned"
   }
  },
  {
   "type": "Feature",
   "geometry": {
    "type": "Point",
    "coordinates": [
     142.2139214,
     -10.58596787
    ]
   },
   "properties": {
    "name": "143 DOUGLAS STREET THURSDAY ISLAND 4875",
    "locID": "LOC100071980528",
    "tech": "NULL",
    "upgrade": "NULL_NA",
    "gnaf_pid": "GAQLD157246549",
    "ee": false,
    "tech_change_status": "Not Planned"
   }
  },
  {
   "type": "Feature",
   "geometry": {
    "type": "Point",
    "coordinates": [
     142.21340227,
     -10.58533012
    ]
   },
   "properties": {
    "name": "144 DOUGLAS STREET THURSDAY ISLAND 4875",
    "locID": "LOC000051365500",
    "tech": "NULL",
    "upgrade": "NULL_NA",
    "gnaf_pid": "GAQLD157246550",
    "ee": false,
    "tech_change_status": "Not Planned"
   }
  },
  {
   "type": "Feature",
   "geometry": {
    "type": "Point",
    "coordinates": [
     142.21372901,
     -10.58613012
    ]
   },
   "properties": {
    "name": "145 DOUGLAS STREET THURSDAY ISLAND 4875",
    "locID": "LOC000079434630",
    "tech": "NULL",
    "upgrade": "NULL_NA",
    "gnaf_pid": "GAQLD157246551",
    "ee": false,
    "tech_change_status": "Not Planned"
   }
  },
  {
   "type": "Feature",
   "geometry": {
    "type": "Point",
    "coordinates": [
     142.21275041,
     -10.58606333
    ]
   },
   "properties": {
    "name": "148 DOUGLAS STREET THURSDAY ISLAND 4875",
    "locID": "LOC000103763761",
    "tech": "NULL",
    "upgrade": "NULL_NA",
    "gnaf_pid": "GAQLD157246552",
    "ee": false,
    "tech_change_status": "Not Planned"
   }
  },
  {
   "type": "Feature",
   "geometry": {
    "type": "Point",
    "coordinates": [
     142.22332377,
     -10.58312014
    ]
   },
   "properties": {
    "name": "27 DOUGLAS STREET THURSDAY ISLAND 4875",
    "locID": "LOC000051257442",
    "tech": "NULL",
    "upgrade": "NULL_NA",
    "gnaf_pid": "GAQLD157246554",
    "ee": false,
    "tech_change_status": "Not Planned"
   }
  },
  {
   "type": "Feature",
   "geometry": {
    "type": "Point",
    "coordinates": [
     142.22120465,
     -10.58442056
    ]
   },
   "properties": {
    "name": "29 DOUGLAS STREET THURSDAY ISLAND 4875",
    "locID": "LOC000005778521",
    "tech": "NULL",
    "upgrade": "NULL_NA",
    "gnaf_pid": "GAQLD157246555",
    "ee": false,
    "tech_change_status": "Not Planned"
   }
  },
  {
   "type": "Feature",
   "geometry": {
    "type": "Point",
    "coordinates": [
     142.22218971,
     -10.58361493
    ]
   },
   "properties": {
    "name": "36 DOUGLAS STREET THURSDAY ISLAND 4875",
    "locID": "LOC000149096770",
    "tech": "NULL",
    "upgrade": "NULL_NA",
    "gnaf_pid": "GAQLD157246557",
    "ee": false,
    "tech_change_status": "Not Planned"
   }
  },
  {
   "type": "Feature",
   "geometry": {
    "type": "Point",
    "coordinates": [
     142.22104357,
     -10.57125554
    ]
   },
   "properties": {
    "name": "18 WAIBEN ESPLANADE THURSDAY ISLAND 4875",
    "locID": "LOC000035869905",
    "tech": "NULL",
    "upgrade": "NULL_NA",
    "gnaf_pid": "GAQLD157249716",
    "ee": false,
    "tech_change_status": "Not Planned"
   }
  },
  {
   "type": "Feature",
   "geometry": {
    "type": "Point",
    "coordinates": [
     142.22113521,
     -10.57101865
    ]
   },
   "properties": {
    "name": "20 WAIBEN ESPLANADE THURSDAY ISLAND 4875",
    "locID": "LOC000091268631",
    "tech": "NULL",
    "upgrade": "NULL_NA",
    "gnaf_pid": "GAQLD157249717",
    "ee": false,
    "tech_change_status": "Not Planned"
   }
  },
  {
   "type": "Feature",
   "geometry": {
    "type": "Point",
    "coordinates": [
     142.22133609,
     -10.57077698
    ]
   },
   "properties": {
    "name": "24 WAIBEN ESPLANADE THURSDAY ISLAND 4875",
    "locID": "LOC000084746186",
    "tech": "NULL",
    "upgrade": "NULL_NA",
    "gnaf_pid": "GAQLD157249719",
    "ee": false,
    "tech_change_status": "Not Planned"
   }
  },
  {
   "type": "Feature",
   "geometry": {
    "type": "Point",
    "coordinates": [
     142.22157771,
     -10.57054837
    ]
   },
   "properties": {
    "name": "28 WAIBEN ESPLANADE THURSDAY ISLAND 4875",
    "locID": "LOC000085251641",
    "tech": "SATELLITE",
    "upgrade": "NULL_NA",
    "gnaf_pid": "GAQLD157249721",
    "ee": false,
    "tech_change_status": "Not Planned"
   }
  },
  {
   "type": "Feature",
   "geometry": {
    "type": "Point",
    "coordinates": [
     142.22041632,
     -10.57184
    ]
   },
   "properties": {
    "name": "3 WAIBEN ESPLANADE THURSDAY ISLAND 4875",
    "locID": "LOC000023549827",
    "tech": "NULL",
    "upgrade": "NULL_NA",
    "gnaf_pid": "GAQLD157249722",
    "ee": false,
    "tech_change_status": "Not Planned"
   }
  },
  {
   "type": "Feature",
   "geometry": {
    "type": "Point",
    "coordinates": [
     142.22183256,
     -10.5703477
    ]
   },
   "properties": {
    "name": "32 WAIBEN ESPLANADE THURSDAY ISLAND 4875",
    "locID": "LOC000068677872",
    "tech": "NULL",
    "upgrade": "NULL_NA",
    "gnaf_pid": "GAQLD157249724",
    "ee": false,
    "tech_change_status": "Not Planned"
   }
  },
  {
   "type": "Feature",
   "geometry": {
    "type": "Point",
    "coordinates": [
     142.22215867,
     -10.57026243
    ]
   },
   "properties": {
    "name": "36 WAIBEN ESPLANADE THURSDAY ISLAND 4875",
    "locID": "LOC000051651507",
    "tech": "NULL",
    "upgrade": "NULL_NA",
    "gnaf_pid": "GAQLD157249726",
    "ee": false,
    "tech_change_status": "Not Planned"
   }
  },
  {
   "type": "Feature",
   "geometry": {
    "type": "Point",
    "coordinates": [
     142.22373249,
     -10.58122634
    ]
   },
   "properties": {
    "name": "22 HARGRAVE STREET THURSDAY ISLAND 4875",
    "locID": "LOC000017442127",
    "tech": "NULL",
    "upgrade": "NULL_NA",
    "gnaf_pid": "GAQLD157249947",
    "ee": false,
    "tech_change_status": "Not Planned"
   }
  },
  {
   "type": "Feature",
   "geometry": {
    "type": "Point",
    "coordinates": [
     142.2216812,
     -10.58188549
    ]
   },
   "properties": {
    "name": "23 HARGRAVE STREET THURSDAY ISLAND 4875",
    "locID": "LOC000149096789",
    "tech": "NULL",
    "upgrade": "NULL_NA",
    "gnaf_pid": "GAQLD157249948",
    "ee": false,
    "tech_change_status": "Not Planned"
   }
  },
  {
   "type": "Feature",
   "geometry": {
    "type": "Point",
    "coordinates": [
     142.22242705,
     -10.58132178
    ]
   },
   "properties": {
    "name": "30 HARGRAVE STREET THURSDAY ISLAND 4875",
    "locID": "LOC000043718422",
    "tech": "NULL",
    "upgrade": "NULL_NA",
    "gnaf_pid": "GAQLD157249952",
    "ee": false,
    "tech_change_status": "Not Planned"
   }
  },
  {
   "type": "Feature",
   "geometry": {
    "type": "Point",
    "coordinates": [
     142.2105675,
     -10.58135863
    ]
   },
   "properties": {
    "name": "1 PORUMA STREET THURSDAY ISLAND 4875",
    "locID": "LOC000025694225",
    "tech": "NULL",
    "upgrade": "NULL_NA",
    "gnaf_pid": "GAQLD157253239",
    "ee": false,
    "tech_change_status": "Not Planned"
   }
  },
  {
   "type": "Feature",
   "geometry": {
    "type": "Point",
    "coordinates": [
     142.21006376,
     -10.58081457
    ]
   },
   "properties": {
    "name": "7 PORUMA STREET THURSDAY ISLAND 4875",
    "locID": "LOC000105649084",
    "tech": "NULL",
    "upgrade": "NULL_NA",
    "gnaf_pid": "GAQLD157253242",
    "ee": false,
    "tech_change_status": "Not Planned"
   }
  },
  {
   "type": "Feature",
   "geometry": {
    "type": "Point",
    "coordinates": [
     142.22361441,
     -10.57000184
    ]
   },
   "properties": {
    "name": "54 WAIBEN ESPLANADE THURSDAY ISLAND 4875",
    "locID": "LOC000002573955",
    "tech": "NULL",
    "upgrade": "NULL_NA",
    "gnaf_pid": "GAQLD157256709",
    "ee": false,
    "tech_change_status": "Not Planned"
   }
  },
  {
   "type": "Feature",
   "geometry": {
    "type": "Point",
    "coordinates": [
     142.22378157,
     -10.5700014
    ]
   },
   "properties": {
    "name": "56 WAIBEN ESPLANADE THURSDAY ISLAND 4875",
    "locID": "LOC000106955622",
    "tech": "NULL",
    "upgrade": "NULL_NA",
    "gnaf_pid": "GAQLD157256710",
    "ee": false,
    "tech_change_status": "Not Planned"
   }
  },
  {
   "type": "Feature",
   "geometry": {
    "type": "Point",
    "coordinates": [
     142.22394872,
     -10.57000094
    ]
   },
   "properties": {
    "name": "58 WAIBEN ESPLANADE THURSDAY ISLAND 4875",
    "locID": "LOC000047781152",
    "tech": "NULL",
    "upgrade": "NULL_NA",
    "gnaf_pid": "GAQLD157256711",
    "ee": false,
    "tech_change_status": "Not Planned"
   }
  },
  {
   "type": "Feature",
   "geometry": {
    "type": "Point",
    "coordinates": [
     142.22446134,
     -10.56944481
    ]
   },
   "properties": {
    "name": "59 WAIBEN ESPLANADE THURSDAY ISLAND 4875",
    "locID": "LOC000061484823",
    "tech": "NULL",
    "upgrade": "NULL_NA",
    "gnaf_pid": "GAQLD157256712",
    "ee": false,
    "tech_change_status": "Not Planned"
   }
  },
  {
   "type": "Feature",
   "geometry": {
    "type": "Point",
    "coordinates": [
     142.22077449,
     -10.57230189
    ]
   },
   "properties": {
    "name": "6 WAIBEN ESPLANADE THURSDAY ISLAND 4875",
    "locID": "LOC000090074053",
    "tech": "NULL",
    "upgrade": "NULL_NA",
    "gnaf_pid": "GAQLD157256713",
    "ee": false,
    "tech_change_status": "Not Planned"
   }
  },
  {
   "type": "Feature",
   "geometry": {
    "type": "Point",
    "coordinates": [
     142.2241153,
     -10.57000179
    ]
   },
   "properties": {
    "name": "60 WAIBEN ESPLANADE THURSDAY ISLAND 4875",
    "locID": "LOC100076717493",
    "tech": "SATELLITE",
    "upgrade": "NULL_NA",
    "gnaf_pid": "GAQLD157256714",
    "ee": false,
    "tech_change_status": "Not Planned"
   }
  },
  {
   "type": "Feature",
   "geometry": {
    "type": "Point",
    "coordinates": [
     142.22438108,
     -10.57000006
    ]
   },
   "properties": {
    "name": "62 WAIBEN ESPLANADE THURSDAY ISLAND 4875",
    "locID": "LOC000097242480",
    "tech": "NULL",
    "upgrade": "NULL_NA",
    "gnaf_pid": "GAQLD157256715",
    "ee": false,
    "tech_change_status": "Not Planned"
   }
  },
  {
   "type": "Feature",
   "geometry": {
    "type": "Point",
    "coordinates": [
     142.22454795,
     -10.56999571
    ]
   },
   "properties": {
    "name": "64 WAIBEN ESPLANADE THURSDAY ISLAND 4875",
    "locID": "LOC000101670926",
    "tech": "NULL",
    "upgrade": "NULL_NA",
    "gnaf_pid": "GAQLD157256717",
    "ee": false,
    "tech_change_status": "Not Planned"
   }
  },
  {
   "type": "Feature",
   "geometry": {
    "type": "Point",
    "coordinates": [
     142.225303,
     -10.56946942
    ]
   },
   "properties": {
    "name": "65 WAIBEN ESPLANADE THURSDAY ISLAND 4875",
    "locID": "LOC000184756846",
    "tech": "NULL",
    "upgrade": "NULL_NA",
    "gnaf_pid": "GAQLD157256718",
    "ee": false,
    "tech_change_status": "Not Planned"
   }
  },
  {
   "type": "Feature",
   "geometry": {
    "type": "Point",
    "coordinates": [
     142.22576786,
     -10.56955253
    ]
   },
   "properties": {
    "name": "67 WAIBEN ESPLANADE THURSDAY ISLAND 4875",
    "locID": "LOC000019143096",
    "tech": "NULL",
    "upgrade": "NULL_NA",
    "gnaf_pid": "GAQLD157256719",
    "ee": false,
    "tech_change_status": "Not Planned"
   }
  },
  {
   "type": "Feature",
   "geometry": {
    "type": "Point",
    "coordinates": [
     142.22486629,
     -10.57005842
    ]
   },
   "properties": {
    "name": "68 WAIBEN ESPLANADE THURSDAY ISLAND 4875",
    "locID": "LOC000034954735",
    "tech": "NULL",
    "upgrade": "NULL_NA",
    "gnaf_pid": "GAQLD157256720",
    "ee": false,
    "tech_change_status": "Not Planned"
   }
  },
  {
   "type": "Feature",
   "geometry": {
    "type": "Point",
    "coordinates": [
     142.22081663,
     -10.57214648
    ]
   },
   "properties": {
    "name": "8 WAIBEN ESPLANADE THURSDAY ISLAND 4875",
    "locID": "LOC000017341901",
    "tech": "NULL",
    "upgrade": "NULL_NA",
    "gnaf_pid": "GAQLD157256741",
    "ee": false,
    "tech_change_status": "Not Planned"
   }
  },
  {
   "type": "Feature",
   "geometry": {
    "type": "Point",
    "coordinates": [
     142.22715624,
     -10.57046072
    ]
   },
   "properties": {
    "name": "81 WAIBEN ESPLANADE THURSDAY ISLAND 4875",
    "locID": "LOC000096898227",
    "tech": "SATELLITE",
    "upgrade": "NULL_NA",
    "gnaf_pid": "GAQLD157256742",
    "ee": false,
    "tech_change_status": "Not Planned"
   }
  },
  {
   "type": "Feature",
   "geometry": {
    "type": "Point",
    "coordinates": [
     142.22733053,
     -10.57058109
    ]
   },
   "properties": {
    "name": "83 WAIBEN ESPLANADE THURSDAY ISLAND 4875",
    "locID": "LOC000049210512",
    "tech": "NULL",
    "upgrade": "NULL_NA",
    "gnaf_pid": "GAQLD157256743",
    "ee": false,
    "tech_change_status": "Not Planned"
   }
  },
  {
   "type": "Feature",
   "geometry": {
    "type": "Point",
    "coordinates": [
     142.22752319,
     -10.5706725
    ]
   },
   "properties": {
    "name": "85 WAIBEN ESPLANADE THURSDAY ISLAND 4875",
    "locID": "LOC000005811776",
    "tech": "NULL",
    "upgrade": "NULL_NA",
    "gnaf_pid": "GAQLD157256744",
    "ee": false,
    "tech_change_status": "Not Planned"
   }
  },
  {
   "type": "Feature",
   "geometry": {
    "type": "Point",
    "coordinates": [
     142.22610826,
     -10.56972343
    ]
   },
   "properties": {
    "name": "69 WAIBEN ESPLANADE THURSDAY ISLAND 4875",
    "locID": "LOC000053361920",
    "tech": "SATELLITE",
    "upgrade": "NULL_NA",
    "gnaf_pid": "GAQLD157260439",
    "ee": false,
    "tech_change_status": "Not Planned"
   }
  },
  {
   "type": "Feature",
   "geometry": {
    "type": "Point",
    "coordinates": [
     142.22632534,
     -10.5699465
    ]
   },
   "properties": {
    "name": "71 WAIBEN ESPLANADE THURSDAY ISLAND 4875",
    "locID": "LOC000018381628",
    "tech": "NULL",
    "upgrade": "NULL_NA",
    "gnaf_pid": "GAQLD157260440",
    "ee": false,
    "tech_change_status": "Not Planned"
   }
  },
  {
   "type": "Feature",
   "geometry": {
    "type": "Point",
    "coordinates": [
     142.22649626,
     -10.57005008
    ]
   },
   "properties": {
    "name": "73 WAIBEN ESPLANADE THURSDAY ISLAND 4875",
    "locID": "LOC000055400039",
    "tech": "NULL",
    "upgrade": "NULL_NA",
    "gnaf_pid": "GAQLD157260441",
    "ee": false,
    "tech_change_status": "Not Planned"
   }
  },
  {
   "type": "Feature",
   "geometry": {
    "type": "Point",
    "coordinates": [
     142.22667225,
     -10.57015557
    ]
   },
   "properties": {
    "name": "75 WAIBEN ESPLANADE THURSDAY ISLAND 4875",
    "locID": "LOC000097068084",
    "tech": "NULL",
    "upgrade": "NULL_NA",
    "gnaf_pid": "GAQLD157260442",
    "ee": false,
    "tech_change_status": "Not Planned"
   }
  },
  {
   "type": "Feature",
   "geometry": {
    "type": "Point",
    "coordinates": [
     142.21741316,
     -10.5806817
    ]
   },
   "properties": {
    "name": "71 SUMMERS STREET THURSDAY ISLAND 4875",
    "locID": "LOC000001614365",
    "tech": "SATELLITE",
    "upgrade": "NULL_NA",
    "gnaf_pid": "GAQLD158715799",
    "ee": false,
    "tech_change_status": "Not Planned"
   }
  },
  {
   "type": "Feature",
   "geometry": {
    "type": "Point",
    "coordinates": [
     142.21118334,
     -10.58738328
    ]
   },
   "properties": {
    "name": "2 AUBREY PARADE THURSDAY ISLAND 4875",
    "locID": "LOC000004976195",
    "tech": "NULL",
    "upgrade": "NULL_NA",
    "gnaf_pid": "GAQLD158724217",
    "ee": false,
    "tech_change_status": "Not Planned"
   }
  },
  {
   "type": "Feature",
   "geometry": {
    "type": "Point",
    "coordinates": [
     142.21119975,
     -10.57791756
    ]
   },
   "properties": {
    "name": "3 DAVID STREET THURSDAY ISLAND 4875",
    "locID": "LOC000035154117",
    "tech": "SATELLITE",
    "upgrade": "NULL_NA",
    "gnaf_pid": "GAQLD158725059",
    "ee": false,
    "tech_change_status": "Not Planned"
   }
  },
  {
   "type": "Feature",
   "geometry": {
    "type": "Point",
    "coordinates": [
     142.22059762,
     -10.57976746
    ]
   },
   "properties": {
    "name": "UNIT 1, 52 SUMMERS STREET THURSDAY ISLAND 4875",
    "locID": "LOC000087630818",
    "tech": "NULL",
    "upgrade": "NULL_NA",
    "gnaf_pid": "GAQLD158728847",
    "ee": false,
    "tech_change_status": "Not Planned"
   }
  },
  {
   "type": "Feature",
   "geometry": {
    "type": "Point",
    "coordinates": [
     142.22059762,
     -10.57976746
    ]
   },
   "properties": {
    "name": "UNIT 2, 52 SUMMERS STREET THURSDAY ISLAND 4875",
    "locID": "LOC000087724473",
    "tech": "NULL",
    "upgrade": "NULL_NA",
    "gnaf_pid": "GAQLD158728848",
    "ee": false,
    "tech_change_status": "Not Planned"
   }
  },
  {
   "type": "Feature",
   "geometry": {
    "type": "Point",
    "coordinates": [
     142.22490591,
     -10.57032211
    ]
   },
   "properties": {
    "name": "4 SAILOR CRESCENT THURSDAY ISLAND 4875",
    "locID": "LOC000061544356",
    "tech": "NULL",
    "upgrade": "NULL_NA",
    "gnaf_pid": "GAQLD158728860",
    "ee": false,
    "tech_change_status": "Not Planned"
   }
  },
  {
   "type": "Feature",
   "geometry": {
    "type": "Point",
    "coordinates": [
     142.21028836,
     -10.57904582
    ]
   },
   "properties": {
    "name": "19 OLANDI STREET THURSDAY ISLAND 4875",
    "locID": "LOC000016546925",
    "tech": "NULL",
    "upgrade": "NULL_NA",
    "gnaf_pid": "GAQLD158730149",
    "ee": false,
    "tech_change_status": "Not Planned"
   }
  },
  {
   "type": "Feature",
   "geometry": {
    "type": "Point",
    "coordinates": [
     142.21000797,
     -10.58016517
    ]
   },
   "properties": {
    "name": "12 PORUMA STREET THURSDAY ISLAND 4875",
    "locID": "LOC100086159592",
    "tech": "NULL",
    "upgrade": "NULL_NA",
    "gnaf_pid": "GAQLD158730150",
    "ee": false,
    "tech_change_status": "Not Planned"
   }
  },
  {
   "type": "Feature",
   "geometry": {
    "type": "Point",
    "coordinates": [
     142.2153499,
     -10.57671714
    ]
   },
   "properties": {
    "name": "7 IDAGI CLOSE THURSDAY ISLAND 4875",
    "locID": "LOC000009080309",
    "tech": "NULL",
    "upgrade": "NULL_NA",
    "gnaf_pid": "GAQLD158732971",
    "ee": false,
    "tech_change_status": "Not Planned"
   }
  },
  {
   "type": "Feature",
   "geometry": {
    "type": "Point",
    "coordinates": [
     142.22231019,
     -10.58317743
    ]
   },
   "properties": {
    "name": "UNIT 3, 5 JOHN STREET THURSDAY ISLAND 4875",
    "locID": "LOC000039371094",
    "tech": "NULL",
    "upgrade": "NULL_NA",
    "gnaf_pid": "GAQLD158733417",
    "ee": false,
    "tech_change_status": "Not Planned"
   }
  },
  {
   "type": "Feature",
   "geometry": {
    "type": "Point",
    "coordinates": [
     142.22059762,
     -10.57976746
    ]
   },
   "properties": {
    "name": "UNIT 3, 52 SUMMERS STREET THURSDAY ISLAND 4875",
    "locID": "LOC000088045309",
    "tech": "NULL",
    "upgrade": "NULL_NA",
    "gnaf_pid": "GAQLD158733424",
    "ee": false,
    "tech_change_status": "Not Planned"
   }
  },
  {
   "type": "Feature",
   "geometry": {
    "type": "Point",
    "coordinates": [
     142.22231577,
     -10.58114035
    ]
   },
   "properties": {
    "name": "UNIT 2, 32 HARGRAVE STREET THURSDAY ISLAND 4875",
    "locID": "LOC000097672696",
    "tech": "NULL",
    "upgrade": "NULL_NA",
    "gnaf_pid": "GAQLD158740914",
    "ee": false,
    "tech_change_status": "Not Planned"
   }
  },
  {
   "type": "Feature",
   "geometry": {
    "type": "Point",
    "coordinates": [
     142.22403441,
     -10.58018907
    ]
   },
   "properties": {
    "name": "18B SUMMERS STREET THURSDAY ISLAND 4875",
    "locID": "LOC000129736828",
    "tech": "NULL",
    "upgrade": "NULL_NA",
    "gnaf_pid": "GAQLD158744655",
    "ee": false,
    "tech_change_status": "Not Planned"
   }
  },
  {
   "type": "Feature",
   "geometry": {
    "type": "Point",
    "coordinates": [
     142.22478139,
     -10.58024303
    ]
   },
   "properties": {
    "name": "12 SUMMERS STREET THURSDAY ISLAND 4875",
    "locID": "LOC000073764622",
    "tech": "SATELLITE",
    "upgrade": "NULL_NA",
    "gnaf_pid": "GAQLD158744702",
    "ee": false,
    "tech_change_status": "Not Planned"
   }
  },
  {
   "type": "Feature",
   "geometry": {
    "type": "Point",
    "coordinates": [
     142.2187885,
     -10.58339595
    ]
   },
   "properties": {
    "name": "UNIT 3, 90 DOUGLAS STREET THURSDAY ISLAND 4875",
    "locID": "LOC000149096649",
    "tech": "NULL",
    "upgrade": "NULL_NA",
    "gnaf_pid": "GAQLD158745015",
    "ee": false,
    "tech_change_status": "Not Planned"
   }
  },
  {
   "type": "Feature",
   "geometry": {
    "type": "Point",
    "coordinates": [
     142.22039644,
     -10.58295079
    ]
   },
   "properties": {
    "name": "UNIT 4, 21 JOHN STREET THURSDAY ISLAND 4875",
    "locID": "LOC000023953712",
    "tech": "NULL",
    "upgrade": "NULL_NA",
    "gnaf_pid": "GAQLD158745409",
    "ee": false,
    "tech_change_status": "Not Planned"
   }
  },
  {
   "type": "Feature",
   "geometry": {
    "type": "Point",
    "coordinates": [
     142.20952981,
     -10.57634917
    ]
   },
   "properties": {
    "name": "7 COOK ESPLANADE THURSDAY ISLAND 4875",
    "locID": "LOC100081003676",
    "tech": "NULL",
    "upgrade": "NULL_NA",
    "gnaf_pid": "GAQLD158745440",
    "ee": false,
    "tech_change_status": "Not Planned"
   }
  },
  {
   "type": "Feature",
   "geometry": {
    "type": "Point",
    "coordinates": [
     142.22101119,
     -10.57944329
    ]
   },
   "properties": {
    "name": "UNIT 2, 33 LOBAN STREET THURSDAY ISLAND 4875",
    "locID": "LOC000093519352",
    "tech": "NULL",
    "upgrade": "NULL_NA",
    "gnaf_pid": "GAQLD158745649",
    "ee": false,
    "tech_change_status": "Not Planned"
   }
  },
  {
   "type": "Feature",
   "geometry": {
    "type": "Point",
    "coordinates": [
     142.21089643,
     -10.57812323
    ]
   },
   "properties": {
    "name": "7 DAVID STREET THURSDAY ISLAND 4875",
    "locID": "LOC000057605138",
    "tech": "SATELLITE",
    "upgrade": "NULL_NA",
    "gnaf_pid": "GAQLD158745672",
    "ee": false,
    "tech_change_status": "Not Planned"
   }
  },
  {
   "type": "Feature",
   "geometry": {
    "type": "Point",
    "coordinates": [
     142.22204776,
     -10.58191443
    ]
   },
   "properties": {
    "name": "UNIT 6, 19 HARGRAVE STREET THURSDAY ISLAND 4875",
    "locID": "LOC000093273023",
    "tech": "NULL",
    "upgrade": "NULL_NA",
    "gnaf_pid": "GAQLD158747087",
    "ee": false,
    "tech_change_status": "Not Planned"
   }
  },
  {
   "type": "Feature",
   "geometry": {
    "type": "Point",
    "coordinates": [
     142.22204776,
     -10.58191443
    ]
   },
   "properties": {
    "name": "UNIT 1, 19 HARGRAVE STREET THURSDAY ISLAND 4875",
    "locID": "LOC000093273023",
    "tech": "NULL",
    "upgrade": "NULL_NA",
    "gnaf_pid": "GAQLD158747088",
    "ee": false,
    "tech_change_status": "Not Planned"
   }
  },
  {
   "type": "Feature",
   "geometry": {
    "type": "Point",
    "coordinates": [
     142.21444371,
     -10.58265302
    ]
   },
   "properties": {
    "name": "UNIT 2, 8 QUETTA CLOSE THURSDAY ISLAND 4875",
    "locID": "LOC000092209920",
    "tech": "NULL",
    "upgrade": "NULL_NA",
    "gnaf_pid": "GAQLD158747190",
    "ee": false,
    "tech_change_status": "Not Planned"
   }
  },
  {
   "type": "Feature",
   "geometry": {
    "type": "Point",
    "coordinates": [
     142.21241291,
     -10.58687523
    ]
   },
   "properties": {
    "name": "155 DOUGLAS STREET THURSDAY ISLAND 4875",
    "locID": "LOC000023311112",
    "tech": "NULL",
    "upgrade": "NULL_NA",
    "gnaf_pid": "GAQLD158747464",
    "ee": false,
    "tech_change_status": "Not Planned"
   }
  },
  {
   "type": "Feature",
   "geometry": {
    "type": "Point",
    "coordinates": [
     142.21728276,
     -10.58153813
    ]
   },
   "properties": {
    "name": "UNIT 2, 61 HARGRAVE STREET THURSDAY ISLAND 4875",
    "locID": "LOC000029870295",
    "tech": "NULL",
    "upgrade": "NULL_NA",
    "gnaf_pid": "GAQLD158748112",
    "ee": false,
    "tech_change_status": "Not Planned"
   }
  },
  {
   "type": "Feature",
   "geometry": {
    "type": "Point",
    "coordinates": [
     142.22039644,
     -10.58295079
    ]
   },
   "properties": {
    "name": "UNIT 1, 21 JOHN STREET THURSDAY ISLAND 4875",
    "locID": "LOC000149096620",
    "tech": "SATELLITE",
    "upgrade": "NULL_NA",
    "gnaf_pid": "GAQLD158748118",
    "ee": false,
    "tech_change_status": "Not Planned"
   }
  },
  {
   "type": "Feature",
   "geometry": {
    "type": "Point",
    "coordinates": [
     142.22149795,
     -10.58187103
    ]
   },
   "properties": {
    "name": "UNIT 2, 25 HARGRAVE STREET THURSDAY ISLAND 4875",
    "locID": "LOC000149096394",
    "tech": "SATELLITE",
    "upgrade": "NULL_NA",
    "gnaf_pid": "GAQLD158748122",
    "ee": false,
    "tech_change_status": "Not Planned"
   }
  },
  {
   "type": "Feature",
   "geometry": {
    "type": "Point",
    "coordinates": [
     142.22039644,
     -10.58295079
    ]
   },
   "properties": {
    "name": "UNIT 2, 21 JOHN STREET THURSDAY ISLAND 4875",
    "locID": "LOC000024060867",
    "tech": "NULL",
    "upgrade": "NULL_NA",
    "gnaf_pid": "GAQLD158749213",
    "ee": false,
    "tech_change_status": "Not Planned"
   }
  },
  {
   "type": "Feature",
   "geometry": {
    "type": "Point",
    "coordinates": [
     142.21624012,
     -10.58178984
    ]
   },
   "properties": {
    "name": "UNIT 2, 62 JOHN STREET THURSDAY ISLAND 4875",
    "locID": "LOC000106921150",
    "tech": "NULL",
    "upgrade": "NULL_NA",
    "gnaf_pid": "GAQLD158749472",
    "ee": false,
    "tech_change_status": "Not Planned"
   }
  },
  {
   "type": "Feature",
   "geometry": {
    "type": "Point",
    "coordinates": [
     142.22119,
     -10.57910473
    ]
   },
   "properties": {
    "name": "UNIT 1, 37 LOBAN STREET THURSDAY ISLAND 4875",
    "locID": "LOC000024944333",
    "tech": "NULL",
    "upgrade": "NULL_NA",
    "gnaf_pid": "GAQLD158749478",
    "ee": false,
    "tech_change_status": "Not Planned"
   }
  },
  {
   "type": "Feature",
   "geometry": {
    "type": "Point",
    "coordinates": [
     142.22232358,
     -10.58104837
    ]
   },
   "properties": {
    "name": "UNIT 3, 32 HARGRAVE STREET THURSDAY ISLAND 4875",
    "locID": "LOC000097672696",
    "tech": "NULL",
    "upgrade": "NULL_NA",
    "gnaf_pid": "GAQLD158749482",
    "ee": false,
    "tech_change_status": "Not Planned"
   }
  },
  {
   "type": "Feature",
   "geometry": {
    "type": "Point",
    "coordinates": [
     142.21028836,
     -10.57904582
    ]
   },
   "properties": {
    "name": "1 OLANDI STREET THURSDAY ISLAND 4875",
    "locID": "LOC000079262254",
    "tech": "SATELLITE",
    "upgrade": "NULL_NA",
    "gnaf_pid": "GAQLD158751016",
    "ee": false,
    "tech_change_status": "Not Planned"
   }
  },
  {
   "type": "Feature",
   "geometry": {
    "type": "Point",
    "coordinates": [
     142.22387619,
     -10.58217906
    ]
   },
   "properties": {
    "name": "24 DOUGLAS STREET THURSDAY ISLAND 4875",
    "locID": "LOC100071980494",
    "tech": "NULL",
    "upgrade": "NULL_NA",
    "gnaf_pid": "GAQLD158752071",
    "ee": false,
    "tech_change_status": "Not Planned"
   }
  },
  {
   "type": "Feature",
   "geometry": {
    "type": "Point",
    "coordinates": [
     142.21617605,
     -10.58178489
    ]
   },
   "properties": {
    "name": "UNIT 3, 62 JOHN STREET THURSDAY ISLAND 4875",
    "locID": "LOC000107225125",
    "tech": "NULL",
    "upgrade": "NULL_NA",
    "gnaf_pid": "GAQLD158755589",
    "ee": false,
    "tech_change_status": "Not Planned"
   }
  },
  {
   "type": "Feature",
   "geometry": {
    "type": "Point",
    "coordinates": [
     142.21630337,
     -10.58179482
    ]
   },
   "properties": {
    "name": "UNIT 1, 62 JOHN STREET THURSDAY ISLAND 4875",
    "locID": "LOC000107235567",
    "tech": "NULL",
    "upgrade": "NULL_NA",
    "gnaf_pid": "GAQLD158755592",
    "ee": false,
    "tech_change_status": "Not Planned"
   }
  },
  {
   "type": "Feature",
   "geometry": {
    "type": "Point",
    "coordinates": [
     142.20914154,
     -10.57980389
    ]
   },
   "properties": {
    "name": "29 STEPHEN STREET THURSDAY ISLAND 4875",
    "locID": "LOC000031698773",
    "tech": "SATELLITE",
    "upgrade": "NULL_NA",
    "gnaf_pid": "GAQLD158757723",
    "ee": false,
    "tech_change_status": "Not Planned"
   }
  },
  {
   "type": "Feature",
   "geometry": {
    "type": "Point",
    "coordinates": [
     142.21249235,
     -10.58637627
    ]
   },
   "properties": {
    "name": "152 DOUGLAS STREET THURSDAY ISLAND 4875",
    "locID": "LOC000015326343",
    "tech": "NULL",
    "upgrade": "NULL_NA",
    "gnaf_pid": "GAQLD158757724",
    "ee": false,
    "tech_change_status": "Not Planned"
   }
  },
  {
   "type": "Feature",
   "geometry": {
    "type": "Point",
    "coordinates": [
     142.21064956,
     -10.57873182
    ]
   },
   "properties": {
    "name": "14 PILOT STREET THURSDAY ISLAND 4875",
    "locID": "LOC000052166285",
    "tech": "SATELLITE",
    "upgrade": "NULL_NA",
    "gnaf_pid": "GAQLD158757726",
    "ee": false,
    "tech_change_status": "Not Planned"
   }
  },
  {
   "type": "Feature",
   "geometry": {
    "type": "Point",
    "coordinates": [
     142.21211587,
     -10.5796937
    ]
   },
   "properties": {
    "name": "UNIT 2, 3 NAZEER STREET THURSDAY ISLAND 4875",
    "locID": "LOC000030645852",
    "tech": "NULL",
    "upgrade": "NULL_NA",
    "gnaf_pid": "GAQLD158757732",
    "ee": false,
    "tech_change_status": "Not Planned"
   }
  },
  {
   "type": "Feature",
   "geometry": {
    "type": "Point",
    "coordinates": [
     142.21734421,
     -10.58199555
    ]
   },
   "properties": {
    "name": "UNIT 2, 50 JOHN STREET THURSDAY ISLAND 4875",
    "locID": "LOC000149096654",
    "tech": "NULL",
    "upgrade": "NULL_NA",
    "gnaf_pid": "GAQLD158758140",
    "ee": false,
    "tech_change_status": "Not Planned"
   }
  },
  {
   "type": "Feature",
   "geometry": {
    "type": "Point",
    "coordinates": [
     142.22247683,
     -10.58124647
    ]
   },
   "properties": {
    "name": "UNIT 1, 30 HARGRAVE STREET THURSDAY ISLAND 4875",
    "locID": "LOC000043639817",
    "tech": "NULL",
    "upgrade": "NULL_NA",
    "gnaf_pid": "GAQLD158758142",
    "ee": false,
    "tech_change_status": "Not Planned"
   }
  },
  {
   "type": "Feature",
   "geometry": {
    "type": "Point",
    "coordinates": [
     142.21997443,
     -10.58059923
    ]
   },
   "properties": {
    "name": "52 HARGRAVE STREET THURSDAY ISLAND 4875",
    "locID": "LOC000022707994",
    "tech": "SATELLITE",
    "upgrade": "NULL_NA",
    "gnaf_pid": "GAQLD158758144",
    "ee": false,
    "tech_change_status": "Not Planned"
   }
  },
  {
   "type": "Feature",
   "geometry": {
    "type": "Point",
    "coordinates": [
     142.20914154,
     -10.57980389
    ]
   },
   "properties": {
    "name": "31 STEPHEN STREET THURSDAY ISLAND 4875",
    "locID": "LOC000102492311",
    "tech": "SATELLITE",
    "upgrade": "NULL_NA",
    "gnaf_pid": "GAQLD158758148",
    "ee": false,
    "tech_change_status": "Not Planned"
   }
  },
  {
   "type": "Feature",
   "geometry": {
    "type": "Point",
    "coordinates": [
     142.21111761,
     -10.58716334
    ]
   },
   "properties": {
    "name": "4 AUBREY PARADE THURSDAY ISLAND 4875",
    "locID": "LOC000038427390",
    "tech": "NULL",
    "upgrade": "NULL_NA",
    "gnaf_pid": "GAQLD158758150",
    "ee": false,
    "tech_change_status": "Not Planned"
   }
  },
  {
   "type": "Feature",
   "geometry": {
    "type": "Point",
    "coordinates": [
     142.21000797,
     -10.58016517
    ]
   },
   "properties": {
    "name": "14 PORUMA STREET THURSDAY ISLAND 4875",
    "locID": "LOC000093925679",
    "tech": "SATELLITE",
    "upgrade": "NULL_NA",
    "gnaf_pid": "GAQLD158758157",
    "ee": false,
    "tech_change_status": "Not Planned"
   }
  },
  {
   "type": "Feature",
   "geometry": {
    "type": "Point",
    "coordinates": [
     142.21156991,
     -10.57931615
    ]
   },
   "properties": {
    "name": "6 NAZEER STREET THURSDAY ISLAND 4875",
    "locID": "LOC000073080291",
    "tech": "NULL",
    "upgrade": "NULL_NA",
    "gnaf_pid": "GAQLD158761093",
    "ee": false,
    "tech_change_status": "Not Planned"
   }
  },
  {
   "type": "Feature",
   "geometry": {
    "type": "Point",
    "coordinates": [
     142.21000797,
     -10.58016517
    ]
   },
   "properties": {
    "name": "8 PORUMA STREET THURSDAY ISLAND 4875",
    "locID": "LOC000187233722",
    "tech": "SATELLITE",
    "upgrade": "NULL_NA",
    "gnaf_pid": "GAQLD158761880",
    "ee": false,
    "tech_change_status": "Not Planned"
   }
  },
  {
   "type": "Feature",
   "geometry": {
    "type": "Point",
    "coordinates": [
     142.21139248,
     -10.57946065
    ]
   },
   "properties": {
    "name": "8 NAZEER STREET THURSDAY ISLAND 4875",
    "locID": "LOC000097134914",
    "tech": "SATELLITE",
    "upgrade": "NULL_NA",
    "gnaf_pid": "GAQLD158762473",
    "ee": false,
    "tech_change_status": "Not Planned"
   }
  },
  {
   "type": "Feature",
   "geometry": {
    "type": "Point",
    "coordinates": [
     142.21436411,
     -10.5829755
    ]
   },
   "properties": {
    "name": "UNIT 1, 1 QUETTA CLOSE THURSDAY ISLAND 4875",
    "locID": "LOC000092242850",
    "tech": "NULL",
    "upgrade": "NULL_NA",
    "gnaf_pid": "GAQLD158762589",
    "ee": false,
    "tech_change_status": "Not Planned"
   }
  },
  {
   "type": "Feature",
   "geometry": {
    "type": "Point",
    "coordinates": [
     142.21898945,
     -10.58199048
    ]
   },
   "properties": {
    "name": "38 JOHN STREET THURSDAY ISLAND 4875",
    "locID": "LOC000149096893",
    "tech": "NULL",
    "upgrade": "NULL_NA",
    "gnaf_pid": "GAQLD158762862",
    "ee": false,
    "tech_change_status": "Not Planned"
   }
  },
  {
   "type": "Feature",
   "geometry": {
    "type": "Point",
    "coordinates": [
     142.20914154,
     -10.57980389
    ]
   },
   "properties": {
    "name": "37 STEPHEN STREET THURSDAY ISLAND 4875",
    "locID": "LOC000009507293",
    "tech": "NULL",
    "upgrade": "NULL_NA",
    "gnaf_pid": "GAQLD158764077",
    "ee": false,
    "tech_change_status": "Not Planned"
   }
  },
  {
   "type": "Feature",
   "geometry": {
    "type": "Point",
    "coordinates": [
     142.22212867,
     -10.58319817
    ]
   },
   "properties": {
    "name": "UNIT 1, 7 JOHN STREET THURSDAY ISLAND 4875",
    "locID": "LOC000069171563",
    "tech": "NULL",
    "upgrade": "NULL_NA",
    "gnaf_pid": "GAQLD158764158",
    "ee": false,
    "tech_change_status": "Not Planned"
   }
  },
  {
   "type": "Feature",
   "geometry": {
    "type": "Point",
    "coordinates": [
     142.22467932,
     -10.58130109
    ]
   },
   "properties": {
    "name": "UNIT 2, 10 HARGRAVE STREET THURSDAY ISLAND 4875",
    "locID": "LOC000149096665",
    "tech": "NULL",
    "upgrade": "NULL_NA",
    "gnaf_pid": "GAQLD158764160",
    "ee": false,
    "tech_change_status": "Not Planned"
   }
  },
  {
   "type": "Feature",
   "geometry": {
    "type": "Point",
    "coordinates": [
     142.20914154,
     -10.57980389
    ]
   },
   "properties": {
    "name": "39 STEPHEN STREET THURSDAY ISLAND 4875",
    "locID": "LOC000078127204",
    "tech": "NULL",
    "upgrade": "NULL_NA",
    "gnaf_pid": "GAQLD158764302",
    "ee": false,
    "tech_change_status": "Not Planned"
   }
  },
  {
   "type": "Feature",
   "geometry": {
    "type": "Point",
    "coordinates": [
     142.21028836,
     -10.57904582
    ]
   },
   "properties": {
    "name": "21 OLANDI STREET THURSDAY ISLAND 4875",
    "locID": "LOC000060788121",
    "tech": "SATELLITE",
    "upgrade": "NULL_NA",
    "gnaf_pid": "GAQLD158764321",
    "ee": false,
    "tech_change_status": "Not Planned"
   }
  },
  {
   "type": "Feature",
   "geometry": {
    "type": "Point",
    "coordinates": [
     142.21028836,
     -10.57904582
    ]
   },
   "properties": {
    "name": "9 OLANDI STREET THURSDAY ISLAND 4875",
    "locID": "LOC000031626279",
    "tech": "SATELLITE",
    "upgrade": "NULL_NA",
    "gnaf_pid": "GAQLD158764323",
    "ee": false,
    "tech_change_status": "Not Planned"
   }
  },
  {
   "type": "Feature",
   "geometry": {
    "type": "Point",
    "coordinates": [
     142.22231019,
     -10.58317743
    ]
   },
   "properties": {
    "name": "UNIT 1, 5 JOHN STREET THURSDAY ISLAND 4875",
    "locID": "LOC000028121165",
    "tech": "NULL",
    "upgrade": "NULL_NA",
    "gnaf_pid": "GAQLD158764886",
    "ee": false,
    "tech_change_status": "Not Planned"
   }
  },
  {
   "type": "Feature",
   "geometry": {
    "type": "Point",
    "coordinates": [
     142.22457437,
     -10.58024444
    ]
   },
   "properties": {
    "name": "14 SUMMERS STREET THURSDAY ISLAND 4875",
    "locID": "LOC000022671440",
    "tech": "NULL",
    "upgrade": "NULL_NA",
    "gnaf_pid": "GAQLD158764892",
    "ee": false,
    "tech_change_status": "Not Planned"
   }
  },
  {
   "type": "Feature",
   "geometry": {
    "type": "Point",
    "coordinates": [
     142.2221394,
     -10.58192166
    ]
   },
   "properties": {
    "name": "17 HARGRAVE STREET THURSDAY ISLAND 4875",
    "locID": "LOC000049320073",
    "tech": "NULL",
    "upgrade": "NULL_NA",
    "gnaf_pid": "GAQLD158764894",
    "ee": false,
    "tech_change_status": "Not Planned"
   }
  },
  {
   "type": "Feature",
   "geometry": {
    "type": "Point",
    "coordinates": [
     142.22045864,
     -10.57550103
    ]
   },
   "properties": {
    "name": "1 APLIN ROAD THURSDAY ISLAND 4875",
    "locID": "LOC000062562966",
    "tech": "NULL",
    "upgrade": "NULL_NA",
    "gnaf_pid": "GAQLD158764941",
    "ee": false,
    "tech_change_status": "Not Planned"
   }
  },
  {
   "type": "Feature",
   "geometry": {
    "type": "Point",
    "coordinates": [
     142.21211587,
     -10.5796937
    ]
   },
   "properties": {
    "name": "UNIT 8, 3 NAZEER STREET THURSDAY ISLAND 4875",
    "locID": "LOC000030645852",
    "tech": "NULL",
    "upgrade": "NULL_NA",
    "gnaf_pid": "GAQLD158765129",
    "ee": false,
    "tech_change_status": "Not Planned"
   }
  },
  {
   "type": "Feature",
   "geometry": {
    "type": "Point",
    "coordinates": [
     142.22354703,
     -10.58293386
    ]
   },
   "properties": {
    "name": "25 DOUGLAS STREET THURSDAY ISLAND 4875",
    "locID": "LOC000076434762",
    "tech": "NULL",
    "upgrade": "NULL_NA",
    "gnaf_pid": "GAQLD158765133",
    "ee": false,
    "tech_change_status": "Not Planned"
   }
  },
  {
   "type": "Feature",
   "geometry": {
    "type": "Point",
    "coordinates": [
     142.22421377,
     -10.58021072
    ]
   },
   "properties": {
    "name": "18A SUMMERS STREET THURSDAY ISLAND 4875",
    "locID": "LOC000129736816",
    "tech": "NULL",
    "upgrade": "NULL_NA",
    "gnaf_pid": "GAQLD158766495",
    "ee": false,
    "tech_change_status": "Not Planned"
   }
  },
  {
   "type": "Feature",
   "geometry": {
    "type": "Point",
    "coordinates": [
     142.22398282,
     -10.5807899
    ]
   },
   "properties": {
    "name": "UNIT 2, 21 SUMMERS STREET THURSDAY ISLAND 4875",
    "locID": "LOC000104131399",
    "tech": "NULL",
    "upgrade": "NULL_NA",
    "gnaf_pid": "GAQLD158766496",
    "ee": false,
    "tech_change_status": "Not Planned"
   }
  },
  {
   "type": "Feature",
   "geometry": {
    "type": "Point",
    "coordinates": [
     142.2214179,
     -10.583295
    ]
   },
   "properties": {
    "name": "UNIT 2, 15 JOHN STREET THURSDAY ISLAND 4875",
    "locID": "LOC000106789687",
    "tech": "SATELLITE",
    "upgrade": "NULL_NA",
    "gnaf_pid": "GAQLD158766498",
    "ee": false,
    "tech_change_status": "Not Planned"
   }
  },
  {
   "type": "Feature",
   "geometry": {
    "type": "Point",
    "coordinates": [
     142.21110447,
     -10.57842328
    ]
   },
   "properties": {
    "name": "8 PILOT STREET THURSDAY ISLAND 4875",
    "locID": "LOC000076066545",
    "tech": "NULL",
    "upgrade": "NULL_NA",
    "gnaf_pid": "GAQLD158766570",
    "ee": false,
    "tech_change_status": "Not Planned"
   }
  },
  {
   "type": "Feature",
   "geometry": {
    "type": "Point",
    "coordinates": [
     142.21000797,
     -10.58016517
    ]
   },
   "properties": {
    "name": "24 PORUMA STREET THURSDAY ISLAND 4875",
    "locID": "LOC000040404805",
    "tech": "NULL",
    "upgrade": "NULL_NA",
    "gnaf_pid": "GAQLD158766575",
    "ee": false,
    "tech_change_status": "Not Planned"
   }
  },
  {
   "type": "Feature",
   "geometry": {
    "type": "Point",
    "coordinates": [
     142.22231019,
     -10.58317743
    ]
   },
   "properties": {
    "name": "UNIT 4, 5 JOHN STREET THURSDAY ISLAND 4875",
    "locID": "LOC000039371094",
    "tech": "NULL",
    "upgrade": "NULL_NA",
    "gnaf_pid": "GAQLD158767447",
    "ee": false,
    "tech_change_status": "Not Planned"
   }
  },
  {
   "type": "Feature",
   "geometry": {
    "type": "Point",
    "coordinates": [
     142.22212867,
     -10.58319817
    ]
   },
   "properties": {
    "name": "UNIT 2, 7 JOHN STREET THURSDAY ISLAND 4875",
    "locID": "LOC000068946608",
    "tech": "NULL",
    "upgrade": "NULL_NA",
    "gnaf_pid": "GAQLD158767448",
    "ee": false,
    "tech_change_status": "Not Planned"
   }
  },
  {
   "type": "Feature",
   "geometry": {
    "type": "Point",
    "coordinates": [
     142.22233152,
     -10.58095632
    ]
   },
   "properties": {
    "name": "UNIT 4, 32 HARGRAVE STREET THURSDAY ISLAND 4875",
    "locID": "LOC000097034185",
    "tech": "NULL",
    "upgrade": "NULL_NA",
    "gnaf_pid": "GAQLD158767453",
    "ee": false,
    "tech_change_status": "Not Planned"
   }
  },
  {
   "type": "Feature",
   "geometry": {
    "type": "Point",
    "coordinates": [
     142.22101119,
     -10.57944329
    ]
   },
   "properties": {
    "name": "UNIT 1, 33 LOBAN STREET THURSDAY ISLAND 4875",
    "locID": "LOC000093519352",
    "tech": "NULL",
    "upgrade": "NULL_NA",
    "gnaf_pid": "GAQLD158768617",
    "ee": false,
    "tech_change_status": "Not Planned"
   }
  },
  {
   "type": "Feature",
   "geometry": {
    "type": "Point",
    "coordinates": [
     142.22117573,
     -10.58357909
    ]
   },
   "properties": {
    "name": "UNIT 1, 52 DOUGLAS STREET THURSDAY ISLAND 4875",
    "locID": "LOC000004969091",
    "tech": "NULL",
    "upgrade": "NULL_NA",
    "gnaf_pid": "GAQLD158768719",
    "ee": false,
    "tech_change_status": "Not Planned"
   }
  },
  {
   "type": "Feature",
   "geometry": {
    "type": "Point",
    "coordinates": [
     142.2214179,
     -10.583295
    ]
   },
   "properties": {
    "name": "UNIT 4, 15 JOHN STREET THURSDAY ISLAND 4875",
    "locID": "LOC000106574521",
    "tech": "NULL",
    "upgrade": "NULL_NA",
    "gnaf_pid": "GAQLD158768907",
    "ee": false,
    "tech_change_status": "Not Planned"
   }
  },
  {
   "type": "Feature",
   "geometry": {
    "type": "Point",
    "coordinates": [
     142.22212867,
     -10.58319817
    ]
   },
   "properties": {
    "name": "UNIT 3, 7 JOHN STREET THURSDAY ISLAND 4875",
    "locID": "LOC000149096683",
    "tech": "NULL",
    "upgrade": "NULL_NA",
    "gnaf_pid": "GAQLD158768909",
    "ee": false,
    "tech_change_status": "Not Planned"
   }
  },
  {
   "type": "Feature",
   "geometry": {
    "type": "Point",
    "coordinates": [
     142.22230797,
     -10.58123234
    ]
   },
   "properties": {
    "name": "UNIT 1, 32 HARGRAVE STREET THURSDAY ISLAND 4875",
    "locID": "LOC000097069766",
    "tech": "NULL",
    "upgrade": "NULL_NA",
    "gnaf_pid": "GAQLD158768910",
    "ee": false,
    "tech_change_status": "Not Planned"
   }
  },
  {
   "type": "Feature",
   "geometry": {
    "type": "Point",
    "coordinates": [
     142.21734421,
     -10.58199555
    ]
   },
   "properties": {
    "name": "UNIT 1, 50 JOHN STREET THURSDAY ISLAND 4875",
    "locID": "LOC000149096654",
    "tech": "NULL",
    "upgrade": "NULL_NA",
    "gnaf_pid": "GAQLD158768912",
    "ee": false,
    "tech_change_status": "Not Planned"
   }
  },
  {
   "type": "Feature",
   "geometry": {
    "type": "Point",
    "coordinates": [
     142.2219454,
     -10.5831837
    ]
   },
   "properties": {
    "name": "UNIT 1, 9 JOHN STREET THURSDAY ISLAND 4875",
    "locID": "LOC000183467045",
    "tech": "SATELLITE",
    "upgrade": "NULL_NA",
    "gnaf_pid": "GAQLD158768918",
    "ee": false,
    "tech_change_status": "Not Planned"
   }
  },
  {
   "type": "Feature",
   "geometry": {
    "type": "Point",
    "coordinates": [
     142.22119,
     -10.57910473
    ]
   },
   "properties": {
    "name": "UNIT 2, 37 LOBAN STREET THURSDAY ISLAND 4875",
    "locID": "LOC000024896745",
    "tech": "NULL",
    "upgrade": "NULL_NA",
    "gnaf_pid": "GAQLD158770321",
    "ee": false,
    "tech_change_status": "Not Planned"
   }
  },
  {
   "type": "Feature",
   "geometry": {
    "type": "Point",
    "coordinates": [
     142.21563631,
     -10.58054131
    ]
   },
   "properties": {
    "name": "UNIT 2, 84 HARGRAVE STREET THURSDAY ISLAND 4875",
    "locID": "LOC000149096631",
    "tech": "NULL",
    "upgrade": "NULL_NA",
    "gnaf_pid": "GAQLD158770323",
    "ee": false,
    "tech_change_status": "Not Planned"
   }
  },
  {
   "type": "Feature",
   "geometry": {
    "type": "Point",
    "coordinates": [
     142.22249932,
     -10.58097097
    ]
   },
   "properties": {
    "name": "UNIT 4, 30 HARGRAVE STREET THURSDAY ISLAND 4875",
    "locID": "LOC000043341618",
    "tech": "NULL",
    "upgrade": "NULL_NA",
    "gnaf_pid": "GAQLD158772722",
    "ee": false,
    "tech_change_status": "Not Planned"
   }
  },
  {
   "type": "Feature",
   "geometry": {
    "type": "Point",
    "coordinates": [
     142.22204776,
     -10.58191443
    ]
   },
   "properties": {
    "name": "UNIT 3, 19 HARGRAVE STREET THURSDAY ISLAND 4875",
    "locID": "LOC000093273023",
    "tech": "NULL",
    "upgrade": "NULL_NA",
    "gnaf_pid": "GAQLD158774793",
    "ee": false,
    "tech_change_status": "Not Planned"
   }
  },
  {
   "type": "Feature",
   "geometry": {
    "type": "Point",
    "coordinates": [
     142.22204776,
     -10.58191443
    ]
   },
   "properties": {
    "name": "UNIT 4, 19 HARGRAVE STREET THURSDAY ISLAND 4875",
    "locID": "LOC000093273023",
    "tech": "NULL",
    "upgrade": "NULL_NA",
    "gnaf_pid": "GAQLD158774798",
    "ee": false,
    "tech_change_status": "Not Planned"
   }
  },
  {
   "type": "Feature",
   "geometry": {
    "type": "Point",
    "coordinates": [
     142.22204776,
     -10.58191443
    ]
   },
   "properties": {
    "name": "UNIT 5, 19 HARGRAVE STREET THURSDAY ISLAND 4875",
    "locID": "LOC000093273023",
    "tech": "NULL",
    "upgrade": "NULL_NA",
    "gnaf_pid": "GAQLD158774799",
    "ee": false,
    "tech_change_status": "Not Planned"
   }
  },
  {
   "type": "Feature",
   "geometry": {
    "type": "Point",
    "coordinates": [
     142.21728276,
     -10.58153813
    ]
   },
   "properties": {
    "name": "UNIT 1, 61 HARGRAVE STREET THURSDAY ISLAND 4875",
    "locID": "LOC000029870295",
    "tech": "NULL",
    "upgrade": "NULL_NA",
    "gnaf_pid": "GAQLD158774802",
    "ee": false,
    "tech_change_status": "Not Planned"
   }
  },
  {
   "type": "Feature",
   "geometry": {
    "type": "Point",
    "coordinates": [
     142.22467932,
     -10.58130109
    ]
   },
   "properties": {
    "name": "UNIT 1, 10 HARGRAVE STREET THURSDAY ISLAND 4875",
    "locID": "LOC000149096665",
    "tech": "NULL",
    "upgrade": "NULL_NA",
    "gnaf_pid": "GAQLD158775603",
    "ee": false,
    "tech_change_status": "Not Planned"
   }
  },
  {
   "type": "Feature",
   "geometry": {
    "type": "Point",
    "coordinates": [
     142.21436411,
     -10.5829755
    ]
   },
   "properties": {
    "name": "UNIT 2, 1 QUETTA CLOSE THURSDAY ISLAND 4875",
    "locID": "LOC000149097214",
    "tech": "NULL",
    "upgrade": "NULL_NA",
    "gnaf_pid": "GAQLD158779375",
    "ee": false,
    "tech_change_status": "Not Planned"
   }
  },
  {
   "type": "Feature",
   "geometry": {
    "type": "Point",
    "coordinates": [
     142.21977802,
     -10.57514716
    ]
   },
   "properties": {
    "name": "7 APLIN ROAD THURSDAY ISLAND 4875",
    "locID": "LOC000029877542",
    "tech": "NULL",
    "upgrade": "NULL_NA",
    "gnaf_pid": "GAQLD158781583",
    "ee": false,
    "tech_change_status": "Not Planned"
   }
  },
  {
   "type": "Feature",
   "geometry": {
    "type": "Point",
    "coordinates": [
     142.22001139,
     -10.5754187
    ]
   },
   "properties": {
    "name": "5 APLIN ROAD THURSDAY ISLAND 4875",
    "locID": "LOC000062743055",
    "tech": "NULL",
    "upgrade": "NULL_NA",
    "gnaf_pid": "GAQLD158781596",
    "ee": false,
    "tech_change_status": "Not Planned"
   }
  },
  {
   "type": "Feature",
   "geometry": {
    "type": "Point",
    "coordinates": [
     142.20974087,
     -10.58043193
    ]
   },
   "properties": {
    "name": "11 PORUMA STREET THURSDAY ISLAND 4875",
    "locID": "LOC100077994608",
    "tech": "NULL",
    "upgrade": "NULL_NA",
    "gnaf_pid": "GAQLD158787818",
    "ee": false,
    "tech_change_status": "Not Planned"
   }
  },
  {
   "type": "Feature",
   "geometry": {
    "type": "Point",
    "coordinates": [
     142.22204776,
     -10.58191443
    ]
   },
   "properties": {
    "name": "UNIT 2, 19 HARGRAVE STREET THURSDAY ISLAND 4875",
    "locID": "LOC000093273023",
    "tech": "NULL",
    "upgrade": "NULL_NA",
    "gnaf_pid": "GAQLD158790598",
    "ee": false,
    "tech_change_status": "Not Planned"
   }
  },
  {
   "type": "Feature",
   "geometry": {
    "type": "Point",
    "coordinates": [
     142.22377933,
     -10.57988244
    ]
   },
   "properties": {
    "name": "UNIT 2, 20 MILMAN STREET THURSDAY ISLAND 4875",
    "locID": "LOC000149096727",
    "tech": "NULL",
    "upgrade": "NULL_NA",
    "gnaf_pid": "GAQLD158790601",
    "ee": false,
    "tech_change_status": "Not Planned"
   }
  },
  {
   "type": "Feature",
   "geometry": {
    "type": "Point",
    "coordinates": [
     142.21734641,
     -10.5775337
    ]
   },
   "properties": {
    "name": "19 APLIN ROAD THURSDAY ISLAND 4875",
    "locID": "LOC000104842704",
    "tech": "SATELLITE",
    "upgrade": "NULL_NA",
    "gnaf_pid": "GAQLD158790603",
    "ee": false,
    "tech_change_status": "Not Planned"
   }
  },
  {
   "type": "Feature",
   "geometry": {
    "type": "Point",
    "coordinates": [
     142.21416466,
     -10.5827684
    ]
   },
   "properties": {
    "name": "UNIT 1, 2 QUETTA CLOSE THURSDAY ISLAND 4875",
    "locID": "LOC000149096935",
    "tech": "NULL",
    "upgrade": "NULL_NA",
    "gnaf_pid": "GAQLD158790604",
    "ee": false,
    "tech_change_status": "Not Planned"
   }
  },
  {
   "type": "Feature",
   "geometry": {
    "type": "Point",
    "coordinates": [
     142.22513844,
     -10.58235139
    ]
   },
   "properties": {
    "name": "UNIT 1, 13 DOUGLAS STREET THURSDAY ISLAND 4875",
    "locID": "LOC000106165324",
    "tech": "NULL",
    "upgrade": "NULL_NA",
    "gnaf_pid": "GAQLD158790608",
    "ee": false,
    "tech_change_status": "Not Planned"
   }
  },
  {
   "type": "Feature",
   "geometry": {
    "type": "Point",
    "coordinates": [
     142.22039644,
     -10.58295079
    ]
   },
   "properties": {
    "name": "UNIT 3, 21 JOHN STREET THURSDAY ISLAND 4875",
    "locID": "LOC000024060867",
    "tech": "NULL",
    "upgrade": "NULL_NA",
    "gnaf_pid": "GAQLD158790726",
    "ee": false,
    "tech_change_status": "Not Planned"
   }
  },
  {
   "type": "Feature",
   "geometry": {
    "type": "Point",
    "coordinates": [
     142.22006374,
     -10.58087196
    ]
   },
   "properties": {
    "name": "2 HARGRAVE STREET THURSDAY ISLAND 4875",
    "locID": "LOC000048056205",
    "tech": "SATELLITE",
    "upgrade": "NULL_NA",
    "gnaf_pid": "GAQLD158790728",
    "ee": false,
    "tech_change_status": "Not Planned"
   }
  },
  {
   "type": "Feature",
   "geometry": {
    "type": "Point",
    "coordinates": [
     142.22548093,
     -10.58077636
    ]
   },
   "properties": {
    "name": "7 SUMMERS STREET THURSDAY ISLAND 4875",
    "locID": "LOC000029855161",
    "tech": "NULL",
    "upgrade": "NULL_NA",
    "gnaf_pid": "GAQLD158790731",
    "ee": false,
    "tech_change_status": "Not Planned"
   }
  },
  {
   "type": "Feature",
   "geometry": {
    "type": "Point",
    "coordinates": [
     142.22377933,
     -10.57988244
    ]
   },
   "properties": {
    "name": "UNIT 1, 20 MILMAN STREET THURSDAY ISLAND 4875",
    "locID": "LOC000149096727",
    "tech": "NULL",
    "upgrade": "NULL_NA",
    "gnaf_pid": "GAQLD158792423",
    "ee": false,
    "tech_change_status": "Not Planned"
   }
  },
  {
   "type": "Feature",
   "geometry": {
    "type": "Point",
    "coordinates": [
     142.22178358,
     -10.58061626
    ]
   },
   "properties": {
    "name": "UNIT 2, 39 SUMMERS STREET THURSDAY ISLAND 4875",
    "locID": "LOC000149096758",
    "tech": "NULL",
    "upgrade": "NULL_NA",
    "gnaf_pid": "GAQLD158792428",
    "ee": false,
    "tech_change_status": "Not Planned"
   }
  },
  {
   "type": "Feature",
   "geometry": {
    "type": "Point",
    "coordinates": [
     142.22110058,
     -10.57927401
    ]
   },
   "properties": {
    "name": "UNIT 1, 35 LOBAN STREET THURSDAY ISLAND 4875",
    "locID": "LOC000088150700",
    "tech": "NULL",
    "upgrade": "NULL_NA",
    "gnaf_pid": "GAQLD158792429",
    "ee": false,
    "tech_change_status": "Not Planned"
   }
  },
  {
   "type": "Feature",
   "geometry": {
    "type": "Point",
    "coordinates": [
     142.21095284,
     -10.57852614
    ]
   },
   "properties": {
    "name": "10 PILOT STREET THURSDAY ISLAND 4875",
    "locID": "LOC000008177669",
    "tech": "NULL",
    "upgrade": "NULL_NA",
    "gnaf_pid": "GAQLD158793850",
    "ee": false,
    "tech_change_status": "Not Planned"
   }
  },
  {
   "type": "Feature",
   "geometry": {
    "type": "Point",
    "coordinates": [
     142.22513844,
     -10.58235139
    ]
   },
   "properties": {
    "name": "UNIT 2, 13 DOUGLAS STREET THURSDAY ISLAND 4875",
    "locID": "LOC000106165324",
    "tech": "NULL",
    "upgrade": "NULL_NA",
    "gnaf_pid": "GAQLD158793852",
    "ee": false,
    "tech_change_status": "Not Planned"
   }
  },
  {
   "type": "Feature",
   "geometry": {
    "type": "Point",
    "coordinates": [
     142.21211587,
     -10.5796937
    ]
   },
   "properties": {
    "name": "UNIT 6, 3 NAZEER STREET THURSDAY ISLAND 4875",
    "locID": "LOC000030645852",
    "tech": "NULL",
    "upgrade": "NULL_NA",
    "gnaf_pid": "GAQLD158796997",
    "ee": false,
    "tech_change_status": "Not Planned"
   }
  },
  {
   "type": "Feature",
   "geometry": {
    "type": "Point",
    "coordinates": [
     142.21416466,
     -10.5827684
    ]
   },
   "properties": {
    "name": "UNIT 2, 2 QUETTA CLOSE THURSDAY ISLAND 4875",
    "locID": "LOC000013356297",
    "tech": "NULL",
    "upgrade": "NULL_NA",
    "gnaf_pid": "GAQLD158797765",
    "ee": false,
    "tech_change_status": "Not Planned"
   }
  },
  {
   "type": "Feature",
   "geometry": {
    "type": "Point",
    "coordinates": [
     142.21555842,
     -10.57730688
    ]
   },
   "properties": {
    "name": "13 IDAGI CLOSE THURSDAY ISLAND 4875",
    "locID": "LOC000038300576",
    "tech": "SATELLITE",
    "upgrade": "NULL_NA",
    "gnaf_pid": "GAQLD158797767",
    "ee": false,
    "tech_change_status": "Not Planned"
   }
  },
  {
   "type": "Feature",
   "geometry": {
    "type": "Point",
    "coordinates": [
     142.2219454,
     -10.5831837
    ]
   },
   "properties": {
    "name": "UNIT 4, 9 JOHN STREET THURSDAY ISLAND 4875",
    "locID": "LOC000183467045",
    "tech": "SATELLITE",
    "upgrade": "NULL_NA",
    "gnaf_pid": "GAQLD158797774",
    "ee": false,
    "tech_change_status": "Not Planned"
   }
  },
  {
   "type": "Feature",
   "geometry": {
    "type": "Point",
    "coordinates": [
     142.21544912,
     -10.57714502
    ]
   },
   "properties": {
    "name": "11 IDAGI CLOSE THURSDAY ISLAND 4875",
    "locID": "LOC000049976813",
    "tech": "NULL",
    "upgrade": "NULL_NA",
    "gnaf_pid": "GAQLD158800821",
    "ee": false,
    "tech_change_status": "Not Planned"
   }
  },
  {
   "type": "Feature",
   "geometry": {
    "type": "Point",
    "coordinates": [
     142.21535003,
     -10.57698846
    ]
   },
   "properties": {
    "name": "9 IDAGI CLOSE THURSDAY ISLAND 4875",
    "locID": "LOC000062075481",
    "tech": "SATELLITE",
    "upgrade": "NULL_NA",
    "gnaf_pid": "GAQLD158800822",
    "ee": false,
    "tech_change_status": "Not Planned"
   }
  },
  {
   "type": "Feature",
   "geometry": {
    "type": "Point",
    "coordinates": [
     142.2219454,
     -10.5831837
    ]
   },
   "properties": {
    "name": "UNIT 2, 9 JOHN STREET THURSDAY ISLAND 4875",
    "locID": "LOC000106921150",
    "tech": "NULL",
    "upgrade": "NULL_NA",
    "gnaf_pid": "GAQLD158802395",
    "ee": false,
    "tech_change_status": "Not Planned"
   }
  },
  {
   "type": "Feature",
   "geometry": {
    "type": "Point",
    "coordinates": [
     142.22394009,
     -10.58200019
    ]
   },
   "properties": {
    "name": "LOT 5 HARGRAVE STREET THURSDAY ISLAND 4875",
    "locID": "LOC000093273023",
    "tech": "NULL",
    "upgrade": "NULL_NA",
    "gnaf_pid": "GAQLD158948719",
    "ee": false,
    "tech_change_status": "Not Planned"
   }
  },
  {
   "type": "Feature",
   "geometry": {
    "type": "Point",
    "coordinates": [
     142.22394009,
     -10.58200019
    ]
   },
   "properties": {
    "name": "LOT 3 HARGRAVE STREET THURSDAY ISLAND 4875",
    "locID": "LOC000058506928",
    "tech": "NULL",
    "upgrade": "NULL_NA",
    "gnaf_pid": "GAQLD158950307",
    "ee": false,
    "tech_change_status": "Not Planned"
   }
  },
  {
   "type": "Feature",
   "geometry": {
    "type": "Point",
    "coordinates": [
     142.21132936,
     -10.57903755
    ]
   },
   "properties": {
    "name": "5 PILOT STREET THURSDAY ISLAND 4875",
    "locID": "LOC000052431781",
    "tech": "NULL",
    "upgrade": "NULL_NA",
    "gnaf_pid": "GAQLD160597523",
    "ee": false,
    "tech_change_status": "Not Planned"
   }
  },
  {
   "type": "Feature",
   "geometry": {
    "type": "Point",
    "coordinates": [
     142.2112561,
     -10.57832042
    ]
   },
   "properties": {
    "name": "6 PILOT STREET THURSDAY ISLAND 4875",
    "locID": "LOC000073983598",
    "tech": "SATELLITE",
    "upgrade": "NULL_NA",
    "gnaf_pid": "GAQLD160597524",
    "ee": false,
    "tech_change_status": "Not Planned"
   }
  },
  {
   "type": "Feature",
   "geometry": {
    "type": "Point",
    "coordinates": [
     142.22004519,
     -10.58157534
    ]
   },
   "properties": {
    "name": "31-39 HARGRAVE STREET THURSDAY ISLAND 4875",
    "locID": "LOC000014283704",
    "tech": "NULL",
    "upgrade": "NULL_NA",
    "gnaf_pid": "GAQLD160599022",
    "ee": false,
    "tech_change_status": "Not Planned"
   }
  },
  {
   "type": "Feature",
   "geometry": {
    "type": "Point",
    "coordinates": [
     142.2111441,
     -10.5791729
    ]
   },
   "properties": {
    "name": "7 PILOT STREET THURSDAY ISLAND 4875",
    "locID": "LOC000027573072",
    "tech": "SATELLITE",
    "upgrade": "NULL_NA",
    "gnaf_pid": "GAQLD160602166",
    "ee": false,
    "tech_change_status": "Not Planned"
   }
  },
  {
   "type": "Feature",
   "geometry": {
    "type": "Point",
    "coordinates": [
     142.21080123,
     -10.57862899
    ]
   },
   "properties": {
    "name": "12 PILOT STREET THURSDAY ISLAND 4875",
    "locID": "LOC000093051009",
    "tech": "NULL",
    "upgrade": "NULL_NA",
    "gnaf_pid": "GAQLD160602169",
    "ee": false,
    "tech_change_status": "Not Planned"
   }
  },
  {
   "type": "Feature",
   "geometry": {
    "type": "Point",
    "coordinates": [
     142.21049938,
     -10.5788199
    ]
   },
   "properties": {
    "name": "16 PILOT STREET THURSDAY ISLAND 4875",
    "locID": "LOC000044697018",
    "tech": "NULL",
    "upgrade": "NULL_NA",
    "gnaf_pid": "GAQLD160602171",
    "ee": false,
    "tech_change_status": "Not Planned"
   }
  },
  {
   "type": "Feature",
   "geometry": {
    "type": "Point",
    "coordinates": [
     142.21599663,
     -10.57610834
    ]
   },
   "properties": {
    "name": "21 APLIN ROAD THURSDAY ISLAND 4875",
    "locID": "LOC000054625665",
    "tech": "NULL",
    "upgrade": "NULL_NA",
    "gnaf_pid": "GAQLD160602173",
    "ee": false,
    "tech_change_status": "Not Planned"
   }
  },
  {
   "type": "Feature",
   "geometry": {
    "type": "Point",
    "coordinates": [
     142.22137004,
     -10.58436729
    ]
   },
   "properties": {
    "name": "31 DOUGLAS STREET THURSDAY ISLAND 4875",
    "locID": "LOC000008200419",
    "tech": "NULL",
    "upgrade": "NULL_NA",
    "gnaf_pid": "GAQLD160602180",
    "ee": false,
    "tech_change_status": "Not Planned"
   }
  },
  {
   "type": "Feature",
   "geometry": {
    "type": "Point",
    "coordinates": [
     142.21587879,
     -10.58271858
    ]
   },
   "properties": {
    "name": "7-9 NORMANBY STREET THURSDAY ISLAND 4875",
    "locID": "LOC000052326724",
    "tech": "NULL",
    "upgrade": "NULL_NA",
    "gnaf_pid": "GAQLD160602966",
    "ee": false,
    "tech_change_status": "Not Planned"
   }
  },
  {
   "type": "Feature",
   "geometry": {
    "type": "Point",
    "coordinates": [
     142.21104807,
     -10.5780204
    ]
   },
   "properties": {
    "name": "5 DAVID STREET THURSDAY ISLAND 4875",
    "locID": "LOC000082873260",
    "tech": "SATELLITE",
    "upgrade": "NULL_NA",
    "gnaf_pid": "GAQLD160603737",
    "ee": false,
    "tech_change_status": "Not Planned"
   }
  },
  {
   "type": "Feature",
   "geometry": {
    "type": "Point",
    "coordinates": [
     142.21074483,
     -10.57822612
    ]
   },
   "properties": {
    "name": "9 DAVID STREET THURSDAY ISLAND 4875",
    "locID": "LOC000043821796",
    "tech": "NULL",
    "upgrade": "NULL_NA",
    "gnaf_pid": "GAQLD160608515",
    "ee": false,
    "tech_change_status": "Not Planned"
   }
  },
  {
   "type": "Feature",
   "geometry": {
    "type": "Point",
    "coordinates": [
     142.2105932,
     -10.57832896
    ]
   },
   "properties": {
    "name": "11 DAVID STREET THURSDAY ISLAND 4875",
    "locID": "LOC000016599615",
    "tech": "NULL",
    "upgrade": "NULL_NA",
    "gnaf_pid": "GAQLD160608516",
    "ee": false,
    "tech_change_status": "Not Planned"
   }
  },
  {
   "type": "Feature",
   "geometry": {
    "type": "Point",
    "coordinates": [
     142.21044153,
     -10.57843179
    ]
   },
   "properties": {
    "name": "13 DAVID STREET THURSDAY ISLAND 4875",
    "locID": "LOC000024923435",
    "tech": "SATELLITE",
    "upgrade": "NULL_NA",
    "gnaf_pid": "GAQLD160608517",
    "ee": false,
    "tech_change_status": "Not Planned"
   }
  },
  {
   "type": "Feature",
   "geometry": {
    "type": "Point",
    "coordinates": [
     142.21028136,
     -10.57853746
    ]
   },
   "properties": {
    "name": "15 DAVID STREET THURSDAY ISLAND 4875",
    "locID": "LOC000052484186",
    "tech": "NULL",
    "upgrade": "NULL_NA",
    "gnaf_pid": "GAQLD160608518",
    "ee": false,
    "tech_change_status": "Not Planned"
   }
  },
  {
   "type": "Feature",
   "geometry": {
    "type": "Point",
    "coordinates": [
     142.2114089,
     -10.57818364
    ]
   },
   "properties": {
    "name": "4 PILOT STREET THURSDAY ISLAND 4875",
    "locID": "LOC000082000327",
    "tech": "NULL",
    "upgrade": "NULL_NA",
    "gnaf_pid": "GAQLD160608521",
    "ee": false,
    "tech_change_status": "Not Planned"
   }
  },
  {
   "type": "Feature",
   "geometry": {
    "type": "Point",
    "coordinates": [
     142.22137004,
     -10.58436729
    ]
   },
   "properties": {
    "name": "33 DOUGLAS STREET THURSDAY ISLAND 4875",
    "locID": "LOC000078446442",
    "tech": "NULL",
    "upgrade": "NULL_NA",
    "gnaf_pid": "GAQLD160609084",
    "ee": false,
    "tech_change_status": "Not Planned"
   }
  },
  {
   "type": "Feature",
   "geometry": {
    "type": "Point",
    "coordinates": [
     142.21558313,
     -10.58318441
    ]
   },
   "properties": {
    "name": "122 DOUGLAS STREET THURSDAY ISLAND 4875",
    "locID": "LOC000102982026",
    "tech": "NULL",
    "upgrade": "NULL_NA",
    "gnaf_pid": "GAQLD160609087",
    "ee": false,
    "tech_change_status": "Not Planned"
   }
  },
  {
   "type": "Feature",
   "geometry": {
    "type": "Point",
    "coordinates": [
     142.22674667,
     -10.58273014
    ]
   },
   "properties": {
    "name": "5-9 DOUGLAS STREET THURSDAY ISLAND 4875",
    "locID": "LOC000013364134",
    "tech": "NULL",
    "upgrade": "NULL_NA",
    "gnaf_pid": "GAQLD160675914",
    "ee": false,
    "tech_change_status": "Not Planned"
   }
  },
  {
   "type": "Feature",
   "geometry": {
    "type": "Point",
    "coordinates": [
     142.21872883,
     -10.58076219
    ]
   },
   "properties": {
    "name": "24 BLACKALL STREET THURSDAY ISLAND 4875",
    "locID": "LOC000032360635",
    "tech": "NULL",
    "upgrade": "NULL_NA",
    "gnaf_pid": "GAQLD160697797",
    "ee": false,
    "tech_change_status": "Not Planned"
   }
  },
  {
   "type": "Feature",
   "geometry": {
    "type": "Point",
    "coordinates": [
     142.21119416,
     -10.57993382
    ]
   },
   "properties": {
    "name": "4 NAZEER STREET THURSDAY ISLAND 4875",
    "locID": "LOC000030645852",
    "tech": "NULL",
    "upgrade": "NULL_NA",
    "gnaf_pid": "GAQLD160701254",
    "ee": false,
    "tech_change_status": "Not Planned"
   }
  },
  {
   "type": "Feature",
   "geometry": {
    "type": "Point",
    "coordinates": [
     142.21211587,
     -10.5796937
    ]
   },
   "properties": {
    "name": "UNIT 1, 3 NAZEER STREET THURSDAY ISLAND 4875",
    "locID": "LOC000030645852",
    "tech": "NULL",
    "upgrade": "NULL_NA",
    "gnaf_pid": "GAQLD160701255",
    "ee": false,
    "tech_change_status": "Not Planned"
   }
  },
  {
   "type": "Feature",
   "geometry": {
    "type": "Point",
    "coordinates": [
     142.2127099,
     -10.58688039
    ]
   },
   "properties": {
    "name": "153 DOUGLAS STREET THURSDAY ISLAND 4875",
    "locID": "LOC000052419248",
    "tech": "NULL",
    "upgrade": "NULL_NA",
    "gnaf_pid": "GAQLD160706325",
    "ee": false,
    "tech_change_status": "Not Planned"
   }
  },
  {
   "type": "Feature",
   "geometry": {
    "type": "Point",
    "coordinates": [
     142.2187885,
     -10.58339595
    ]
   },
   "properties": {
    "name": "UNIT 1, 90 DOUGLAS STREET THURSDAY ISLAND 4875",
    "locID": "LOC000149096649",
    "tech": "NULL",
    "upgrade": "NULL_NA",
    "gnaf_pid": "GAQLD160707105",
    "ee": false,
    "tech_change_status": "Not Planned"
   }
  },
  {
   "type": "Feature",
   "geometry": {
    "type": "Point",
    "coordinates": [
     142.22674667,
     -10.58273014
    ]
   },
   "properties": {
    "name": "UNIT 3, 5-9 DOUGLAS STREET THURSDAY ISLAND 4875",
    "locID": "LOC000013604503",
    "tech": "NULL",
    "upgrade": "NULL_NA",
    "gnaf_pid": "GAQLD160707109",
    "ee": false,
    "tech_change_status": "Not Planned"
   }
  },
  {
   "type": "Feature",
   "geometry": {
    "type": "Point",
    "coordinates": [
     142.2187885,
     -10.58339595
    ]
   },
   "properties": {
    "name": "UNIT 2, 90 DOUGLAS STREET THURSDAY ISLAND 4875",
    "locID": "LOC000149096649",
    "tech": "NULL",
    "upgrade": "NULL_NA",
    "gnaf_pid": "GAQLD160708739",
    "ee": false,
    "tech_change_status": "Not Planned"
   }
  },
  {
   "type": "Feature",
   "geometry": {
    "type": "Point",
    "coordinates": [
     142.21997443,
     -10.58059923
    ]
   },
   "properties": {
    "name": "UNIT 1, 52 HARGRAVE STREET THURSDAY ISLAND 4875",
    "locID": "LOC000022707994",
    "tech": "SATELLITE",
    "upgrade": "NULL_NA",
    "gnaf_pid": "GAQLD160709421",
    "ee": false,
    "tech_change_status": "Not Planned"
   }
  },
  {
   "type": "Feature",
   "geometry": {
    "type": "Point",
    "coordinates": [
     142.22046379,
     -10.58187658
    ]
   },
   "properties": {
    "name": "UNIT 1, 21 HASTINGS STREET THURSDAY ISLAND 4875",
    "locID": "LOC100081007466",
    "tech": "NULL",
    "upgrade": "NULL_NA",
    "gnaf_pid": "GAQLD160709422",
    "ee": false,
    "tech_change_status": "Not Planned"
   }
  },
  {
   "type": "Feature",
   "geometry": {
    "type": "Point",
    "coordinates": [
     142.22046379,
     -10.58187658
    ]
   },
   "properties": {
    "name": "UNIT 2, 21 HASTINGS STREET THURSDAY ISLAND 4875",
    "locID": "LOC100081007466",
    "tech": "NULL",
    "upgrade": "NULL_NA",
    "gnaf_pid": "GAQLD160709423",
    "ee": false,
    "tech_change_status": "Not Planned"
   }
  },
  {
   "type": "Feature",
   "geometry": {
    "type": "Point",
    "coordinates": [
     142.22046379,
     -10.58187658
    ]
   },
   "properties": {
    "name": "UNIT 3, 21 HASTINGS STREET THURSDAY ISLAND 4875",
    "locID": "LOC000149096360",
    "tech": "NULL",
    "upgrade": "NULL_NA",
    "gnaf_pid": "GAQLD160709424",
    "ee": false,
    "tech_change_status": "Not Planned"
   }
  },
  {
   "type": "Feature",
   "geometry": {
    "type": "Point",
    "coordinates": [
     142.22387619,
     -10.58217906
    ]
   },
   "properties": {
    "name": "UNIT 2, 24 DOUGLAS STREET THURSDAY ISLAND 4875",
    "locID": "LOC100071980494",
    "tech": "NULL",
    "upgrade": "NULL_NA",
    "gnaf_pid": "GAQLD160713443",
    "ee": false,
    "tech_change_status": "Not Planned"
   }
  },
  {
   "type": "Feature",
   "geometry": {
    "type": "Point",
    "coordinates": [
     142.21106628,
     -10.58696839
    ]
   },
   "properties": {
    "name": "6 AUBREY PARADE THURSDAY ISLAND 4875",
    "locID": "LOC000038283372",
    "tech": "SATELLITE",
    "upgrade": "NULL_NA",
    "gnaf_pid": "GAQLD160942138",
    "ee": false,
    "tech_change_status": "Not Planned"
   }
  },
  {
   "type": "Feature",
   "geometry": {
    "type": "Point",
    "coordinates": [
     142.21801692,
     -10.5808206
    ]
   },
   "properties": {
    "name": "25 BLACKALL STREET THURSDAY ISLAND 4875",
    "locID": "LOC000018254660",
    "tech": "NULL",
    "upgrade": "NULL_NA",
    "gnaf_pid": "GAQLD160943867",
    "ee": false,
    "tech_change_status": "Not Planned"
   }
  },
  {
   "type": "Feature",
   "geometry": {
    "type": "Point",
    "coordinates": [
     142.21876132,
     -10.58035498
    ]
   },
   "properties": {
    "name": "30 BLACKALL STREET THURSDAY ISLAND 4875",
    "locID": "LOC000084597760",
    "tech": "NULL",
    "upgrade": "NULL_NA",
    "gnaf_pid": "GAQLD160943868",
    "ee": false,
    "tech_change_status": "Not Planned"
   }
  },
  {
   "type": "Feature",
   "geometry": {
    "type": "Point",
    "coordinates": [
     142.21247071,
     -10.58409416
    ]
   },
   "properties": {
    "name": "1 CHESTER STREET THURSDAY ISLAND 4875",
    "locID": "LOC000082656508",
    "tech": "NULL",
    "upgrade": "NULL_NA",
    "gnaf_pid": "GAQLD160945821",
    "ee": false,
    "tech_change_status": "Not Planned"
   }
  },
  {
   "type": "Feature",
   "geometry": {
    "type": "Point",
    "coordinates": [
     142.21310416,
     -10.58498397
    ]
   },
   "properties": {
    "name": "4 CHESTER STREET THURSDAY ISLAND 4875",
    "locID": "LOC000010897947",
    "tech": "NULL",
    "upgrade": "NULL_NA",
    "gnaf_pid": "GAQLD160945822",
    "ee": false,
    "tech_change_status": "Not Planned"
   }
  },
  {
   "type": "Feature",
   "geometry": {
    "type": "Point",
    "coordinates": [
     142.22387619,
     -10.58217906
    ]
   },
   "properties": {
    "name": "UNIT 1, 24 DOUGLAS STREET THURSDAY ISLAND 4875",
    "locID": "LOC100071980494",
    "tech": "NULL",
    "upgrade": "NULL_NA",
    "gnaf_pid": "GAQLD160947685",
    "ee": false,
    "tech_change_status": "Not Planned"
   }
  },
  {
   "type": "Feature",
   "geometry": {
    "type": "Point",
    "coordinates": [
     142.21232767,
     -10.5859244
    ]
   },
   "properties": {
    "name": "UNIT 11, 2 ERUB COURT THURSDAY ISLAND 4875",
    "locID": "LOC100086122636",
    "tech": "NULL",
    "upgrade": "NULL_NA",
    "gnaf_pid": "GAQLD160948467",
    "ee": false,
    "tech_change_status": "Not Planned"
   }
  },
  {
   "type": "Feature",
   "geometry": {
    "type": "Point",
    "coordinates": [
     142.21232767,
     -10.5859244
    ]
   },
   "properties": {
    "name": "UNIT 13, 2 ERUB COURT THURSDAY ISLAND 4875",
    "locID": "LOC100086127973",
    "tech": "SATELLITE",
    "upgrade": "NULL_NA",
    "gnaf_pid": "GAQLD160948469",
    "ee": false,
    "tech_change_status": "Not Planned"
   }
  },
  {
   "type": "Feature",
   "geometry": {
    "type": "Point",
    "coordinates": [
     142.21232767,
     -10.5859244
    ]
   },
   "properties": {
    "name": "UNIT 26, 2 ERUB COURT THURSDAY ISLAND 4875",
    "locID": "LOC100086127973",
    "tech": "SATELLITE",
    "upgrade": "NULL_NA",
    "gnaf_pid": "GAQLD160948483",
    "ee": false,
    "tech_change_status": "Not Planned"
   }
  },
  {
   "type": "Feature",
   "geometry": {
    "type": "Point",
    "coordinates": [
     142.21232767,
     -10.5859244
    ]
   },
   "properties": {
    "name": "UNIT 4, 2 ERUB COURT THURSDAY ISLAND 4875",
    "locID": "LOC100086127973",
    "tech": "SATELLITE",
    "upgrade": "NULL_NA",
    "gnaf_pid": "GAQLD160948502",
    "ee": false,
    "tech_change_status": "Not Planned"
   }
  },
  {
   "type": "Feature",
   "geometry": {
    "type": "Point",
    "coordinates": [
     142.22278033,
     -10.58189355
    ]
   },
   "properties": {
    "name": "11 HARGRAVE STREET THURSDAY ISLAND 4875",
    "locID": "LOC000097735105",
    "tech": "NULL",
    "upgrade": "NULL_NA",
    "gnaf_pid": "GAQLD160950841",
    "ee": false,
    "tech_change_status": "Not Planned"
   }
  },
  {
   "type": "Feature",
   "geometry": {
    "type": "Point",
    "coordinates": [
     142.22231019,
     -10.58317743
    ]
   },
   "properties": {
    "name": "UNIT 2, 5 JOHN STREET THURSDAY ISLAND 4875",
    "locID": "LOC000083205952",
    "tech": "NULL",
    "upgrade": "NULL_NA",
    "gnaf_pid": "GAQLD160952181",
    "ee": false,
    "tech_change_status": "Not Planned"
   }
  },
  {
   "type": "Feature",
   "geometry": {
    "type": "Point",
    "coordinates": [
     142.21211587,
     -10.5796937
    ]
   },
   "properties": {
    "name": "UNIT 3, 3 NAZEER STREET THURSDAY ISLAND 4875",
    "locID": "LOC000030686325",
    "tech": "NULL",
    "upgrade": "NULL_NA",
    "gnaf_pid": "GAQLD160957005",
    "ee": false,
    "tech_change_status": "Not Planned"
   }
  },
  {
   "type": "Feature",
   "geometry": {
    "type": "Point",
    "coordinates": [
     142.21211587,
     -10.5796937
    ]
   },
   "properties": {
    "name": "UNIT 5, 3 NAZEER STREET THURSDAY ISLAND 4875",
    "locID": "LOC000030714184",
    "tech": "NULL",
    "upgrade": "NULL_NA",
    "gnaf_pid": "GAQLD160957006",
    "ee": false,
    "tech_change_status": "Not Planned"
   }
  },
  {
   "type": "Feature",
   "geometry": {
    "type": "Point",
    "coordinates": [
     142.21251942,
     -10.58585741
    ]
   },
   "properties": {
    "name": "9 PEARL STREET THURSDAY ISLAND 4875",
    "locID": "LOC000101738245",
    "tech": "NULL",
    "upgrade": "NULL_NA",
    "gnaf_pid": "GAQLD160958469",
    "ee": false,
    "tech_change_status": "Not Planned"
   }
  },
  {
   "type": "Feature",
   "geometry": {
    "type": "Point",
    "coordinates": [
     142.21487602,
     -10.58251278
    ]
   },
   "properties": {
    "name": "21 CHESTER STREET THURSDAY ISLAND 4875",
    "locID": "LOC000078294571",
    "tech": "NULL",
    "upgrade": "NULL_NA",
    "gnaf_pid": "GAQLD160994328",
    "ee": false,
    "tech_change_status": "Not Planned"
   }
  },
  {
   "type": "Feature",
   "geometry": {
    "type": "Point",
    "coordinates": [
     142.21281973,
     -10.58507441
    ]
   },
   "properties": {
    "name": "2 CHESTER STREET THURSDAY ISLAND 4875",
    "locID": "LOC000094836584",
    "tech": "NULL",
    "upgrade": "NULL_NA",
    "gnaf_pid": "GAQLD160994329",
    "ee": false,
    "tech_change_status": "Not Planned"
   }
  },
  {
   "type": "Feature",
   "geometry": {
    "type": "Point",
    "coordinates": [
     142.2130895,
     -10.58392929
    ]
   },
   "properties": {
    "name": "5 CHESTER STREET THURSDAY ISLAND 4875",
    "locID": "LOC000081377488",
    "tech": "NULL",
    "upgrade": "NULL_NA",
    "gnaf_pid": "GAQLD160994330",
    "ee": false,
    "tech_change_status": "Not Planned"
   }
  },
  {
   "type": "Feature",
   "geometry": {
    "type": "Point",
    "coordinates": [
     142.21324407,
     -10.58486602
    ]
   },
   "properties": {
    "name": "6 CHESTER STREET THURSDAY ISLAND 4875",
    "locID": "LOC000046226021",
    "tech": "NULL",
    "upgrade": "NULL_NA",
    "gnaf_pid": "GAQLD160994331",
    "ee": false,
    "tech_change_status": "Not Planned"
   }
  },
  {
   "type": "Feature",
   "geometry": {
    "type": "Point",
    "coordinates": [
     142.21783098,
     -10.58150813
    ]
   },
   "properties": {
    "name": "55 HARGRAVE STREET THURSDAY ISLAND 4875",
    "locID": "LOC000074312580",
    "tech": "NULL",
    "upgrade": "NULL_NA",
    "gnaf_pid": "GAQLD160997507",
    "ee": false,
    "tech_change_status": "Not Planned"
   }
  },
  {
   "type": "Feature",
   "geometry": {
    "type": "Point",
    "coordinates": [
     142.21746604,
     -10.58155263
    ]
   },
   "properties": {
    "name": "59 HARGRAVE STREET THURSDAY ISLAND 4875",
    "locID": "LOC000068514470",
    "tech": "SATELLITE",
    "upgrade": "NULL_NA",
    "gnaf_pid": "GAQLD160997508",
    "ee": false,
    "tech_change_status": "Not Planned"
   }
  },
  {
   "type": "Feature",
   "geometry": {
    "type": "Point",
    "coordinates": [
     142.22146142,
     -10.58232434
    ]
   },
   "properties": {
    "name": "16 JOHN STREET THURSDAY ISLAND 4875",
    "locID": "LOC000054774230",
    "tech": "SATELLITE",
    "upgrade": "NULL_NA",
    "gnaf_pid": "GAQLD160998446",
    "ee": false,
    "tech_change_status": "Not Planned"
   }
  },
  {
   "type": "Feature",
   "geometry": {
    "type": "Point",
    "coordinates": [
     142.21416466,
     -10.5827684
    ]
   },
   "properties": {
    "name": "2 QUETTA CLOSE THURSDAY ISLAND 4875",
    "locID": "LOC000149096935",
    "tech": "NULL",
    "upgrade": "NULL_NA",
    "gnaf_pid": "GAQLD161002309",
    "ee": false,
    "tech_change_status": "Not Planned"
   }
  },
  {
   "type": "Feature",
   "geometry": {
    "type": "Point",
    "coordinates": [
     142.22415777,
     -10.57083021
    ]
   },
   "properties": {
    "name": "21 SAILOR CRESCENT THURSDAY ISLAND 4875",
    "locID": "LOC000040718581",
    "tech": "NULL",
    "upgrade": "NULL_NA",
    "gnaf_pid": "GAQLD161002890",
    "ee": false,
    "tech_change_status": "Not Planned"
   }
  },
  {
   "type": "Feature",
   "geometry": {
    "type": "Point",
    "coordinates": [
     142.22519718,
     -10.57022035
    ]
   },
   "properties": {
    "name": "3 SAILOR CRESCENT THURSDAY ISLAND 4875",
    "locID": "LOC000070016844",
    "tech": "SATELLITE",
    "upgrade": "NULL_NA",
    "gnaf_pid": "GAQLD161002891",
    "ee": false,
    "tech_change_status": "Not Planned"
   }
  },
  {
   "type": "Feature",
   "geometry": {
    "type": "Point",
    "coordinates": [
     142.210119,
     -10.58235309
    ]
   },
   "properties": {
    "name": "2 STEPHEN STREET THURSDAY ISLAND 4875",
    "locID": "LOC000005802138",
    "tech": "NULL",
    "upgrade": "NULL_NA",
    "gnaf_pid": "GAQLD161004213",
    "ee": false,
    "tech_change_status": "Not Planned"
   }
  },
  {
   "type": "Feature",
   "geometry": {
    "type": "Point",
    "coordinates": [
     142.22645828,
     -10.58180458
    ]
   },
   "properties": {
    "name": "1 SUMMERS STREET THURSDAY ISLAND 4875",
    "locID": "LOC000129736735",
    "tech": "NULL",
    "upgrade": "NULL_NA",
    "gnaf_pid": "GAQLD161004334",
    "ee": false,
    "tech_change_status": "Not Planned"
   }
  },
  {
   "type": "Feature",
   "geometry": {
    "type": "Point",
    "coordinates": [
     142.21334431,
     -10.57846326
    ]
   },
   "properties": {
    "name": "LOT 144 APLIN ROAD THURSDAY ISLAND 4875",
    "locID": "LOC000030288354",
    "tech": "NULL",
    "upgrade": "NULL_NA",
    "gnaf_pid": "GAQLD161050722",
    "ee": false,
    "tech_change_status": "Not Planned"
   }
  },
  {
   "type": "Feature",
   "geometry": {
    "type": "Point",
    "coordinates": [
     142.21138482,
     -10.58652599
    ]
   },
   "properties": {
    "name": "LOT 34 AUBREY PARADE THURSDAY ISLAND 4875",
    "locID": "LOC000129739004",
    "tech": "NULL",
    "upgrade": "NULL_NA",
    "gnaf_pid": "GAQLD161054731",
    "ee": false,
    "tech_change_status": "Not Planned"
   }
  },
  {
   "type": "Feature",
   "geometry": {
    "type": "Point",
    "coordinates": [
     142.2124916,
     -10.58232909
    ]
   },
   "properties": {
    "name": "LOT 1 CHESTER STREET THURSDAY ISLAND 4875",
    "locID": "LOC000082656508",
    "tech": "NULL",
    "upgrade": "NULL_NA",
    "gnaf_pid": "GAQLD161101556",
    "ee": false,
    "tech_change_status": "Not Planned"
   }
  },
  {
   "type": "Feature",
   "geometry": {
    "type": "Point",
    "coordinates": [
     142.2116537,
     -10.58279108
    ]
   },
   "properties": {
    "name": "LOT 9 CHESTER STREET THURSDAY ISLAND 4875",
    "locID": "LOC000010859018",
    "tech": "NULL",
    "upgrade": "NULL_NA",
    "gnaf_pid": "GAQLD161101557",
    "ee": false,
    "tech_change_status": "Not Planned"
   }
  },
  {
   "type": "Feature",
   "geometry": {
    "type": "Point",
    "coordinates": [
     142.21200481,
     -10.58664833
    ]
   },
   "properties": {
    "name": "LOT 28 DOUGLAS STREET THURSDAY ISLAND 4875",
    "locID": "LOC000129739062",
    "tech": "SATELLITE",
    "upgrade": "NULL_NA",
    "gnaf_pid": "GAQLD161129810",
    "ee": false,
    "tech_change_status": "Not Planned"
   }
  },
  {
   "type": "Feature",
   "geometry": {
    "type": "Point",
    "coordinates": [
     142.22394009,
     -10.58200019
    ]
   },
   "properties": {
    "name": "LOT 1 HARGRAVE STREET THURSDAY ISLAND 4875",
    "locID": "LOC000017442127",
    "tech": "NULL",
    "upgrade": "NULL_NA",
    "gnaf_pid": "GAQLD161173982",
    "ee": false,
    "tech_change_status": "Not Planned"
   }
  },
  {
   "type": "Feature",
   "geometry": {
    "type": "Point",
    "coordinates": [
     142.22394009,
     -10.58200019
    ]
   },
   "properties": {
    "name": "LOT 2 HARGRAVE STREET THURSDAY ISLAND 4875",
    "locID": "LOC000068514470",
    "tech": "SATELLITE",
    "upgrade": "NULL_NA",
    "gnaf_pid": "GAQLD161173983",
    "ee": false,
    "tech_change_status": "Not Planned"
   }
  },
  {
   "type": "Feature",
   "geometry": {
    "type": "Point",
    "coordinates": [
     142.22394009,
     -10.58200019
    ]
   },
   "properties": {
    "name": "LOT 4 HARGRAVE STREET THURSDAY ISLAND 4875",
    "locID": "LOC000097034185",
    "tech": "NULL",
    "upgrade": "NULL_NA",
    "gnaf_pid": "GAQLD161173985",
    "ee": false,
    "tech_change_status": "Not Planned"
   }
  },
  {
   "type": "Feature",
   "geometry": {
    "type": "Point",
    "coordinates": [
     142.22394009,
     -10.58200019
    ]
   },
   "properties": {
    "name": "LOT 6 HARGRAVE STREET THURSDAY ISLAND 4875",
    "locID": "LOC000129738919",
    "tech": "SATELLITE",
    "upgrade": "NULL_NA",
    "gnaf_pid": "GAQLD161173986",
    "ee": false,
    "tech_change_status": "Not Planned"
   }
  },
  {
   "type": "Feature",
   "geometry": {
    "type": "Point",
    "coordinates": [
     142.22378229,
     -10.58198908
    ]
   },
   "properties": {
    "name": "LOT 9999 HARGRAVE STREET THURSDAY ISLAND 4875",
    "locID": "LOC000129739155",
    "tech": "NULL",
    "upgrade": "NULL_NA",
    "gnaf_pid": "GAQLD161173987",
    "ee": false,
    "tech_change_status": "Not Planned"
   }
  },
  {
   "type": "Feature",
   "geometry": {
    "type": "Point",
    "coordinates": [
     142.22101514,
     -10.57614671
    ]
   },
   "properties": {
    "name": "LOT 5 LOBAN STREET THURSDAY ISLAND 4875",
    "locID": "LOC000031721876",
    "tech": "SATELLITE",
    "upgrade": "NULL_NA",
    "gnaf_pid": "GAQLD161215648",
    "ee": false,
    "tech_change_status": "Not Planned"
   }
  },
  {
   "type": "Feature",
   "geometry": {
    "type": "Point",
    "coordinates": [
     142.21174403,
     -10.57917044
    ]
   },
   "properties": {
    "name": "LOT 25 PILOT STREET THURSDAY ISLAND 4875",
    "locID": "LOC100077994575",
    "tech": "NULL",
    "upgrade": "NULL_NA",
    "gnaf_pid": "GAQLD161277476",
    "ee": false,
    "tech_change_status": "Not Planned"
   }
  },
  {
   "type": "Feature",
   "geometry": {
    "type": "Point",
    "coordinates": [
     142.20754343,
     -10.57898987
    ]
   },
   "properties": {
    "name": "LOT 1 STEPHEN STREET THURSDAY ISLAND 4875",
    "locID": "LOC000083016527",
    "tech": "NULL",
    "upgrade": "NULL_NA",
    "gnaf_pid": "GAQLD161317455",
    "ee": false,
    "tech_change_status": "Not Planned"
   }
  },
  {
   "type": "Feature",
   "geometry": {
    "type": "Point",
    "coordinates": [
     142.22669437,
     -10.58041584
    ]
   },
   "properties": {
    "name": "LOT 11 SUMMERS STREET THURSDAY ISLAND 4875",
    "locID": "LOC000044517123",
    "tech": "NULL",
    "upgrade": "NULL_NA",
    "gnaf_pid": "GAQLD161320585",
    "ee": false,
    "tech_change_status": "Not Planned"
   }
  },
  {
   "type": "Feature",
   "geometry": {
    "type": "Point",
    "coordinates": [
     142.2224813,
     -10.57911367
    ]
   },
   "properties": {
    "name": "LOT 2 SUMMERS STREET THURSDAY ISLAND 4875",
    "locID": "LOC000129741308",
    "tech": "NULL",
    "upgrade": "NULL_NA",
    "gnaf_pid": "GAQLD161320587",
    "ee": false,
    "tech_change_status": "Not Planned"
   }
  },
  {
   "type": "Feature",
   "geometry": {
    "type": "Point",
    "coordinates": [
     142.2260473,
     -10.58227126
    ]
   },
   "properties": {
    "name": "LOT 35 SUMMERS STREET THURSDAY ISLAND 4875",
    "locID": "LOC000129736892",
    "tech": "SATELLITE",
    "upgrade": "NULL_NA",
    "gnaf_pid": "GAQLD161320589",
    "ee": false,
    "tech_change_status": "Not Planned"
   }
  },
  {
   "type": "Feature",
   "geometry": {
    "type": "Point",
    "coordinates": [
     142.22058602,
     -10.57947134
    ]
   },
   "properties": {
    "name": "LOT 3 SUMMERS STREET THURSDAY ISLAND 4875",
    "locID": "LOC000102918386",
    "tech": "NULL",
    "upgrade": "NULL_NA",
    "gnaf_pid": "GAQLD161320590",
    "ee": false,
    "tech_change_status": "Not Planned"
   }
  },
  {
   "type": "Feature",
   "geometry": {
    "type": "Point",
    "coordinates": [
     142.21971917,
     -10.58592748
    ]
   },
   "properties": {
    "name": "LOT 157 VICTORIA PARADE THURSDAY ISLAND 4875",
    "locID": "LOC000095777106",
    "tech": "NULL",
    "upgrade": "NULL_NA",
    "gnaf_pid": "GAQLD161340962",
    "ee": false,
    "tech_change_status": "Not Planned"
   }
  },
  {
   "type": "Feature",
   "geometry": {
    "type": "Point",
    "coordinates": [
     142.22848612,
     -10.58182577
    ]
   },
   "properties": {
    "name": "LOT 62 VICTORIA STREET THURSDAY ISLAND 4875",
    "locID": "LOC000072307522",
    "tech": "NULL",
    "upgrade": "NULL_NA",
    "gnaf_pid": "GAQLD161341098",
    "ee": false,
    "tech_change_status": "Not Planned"
   }
  },
  {
   "type": "Feature",
   "geometry": {
    "type": "Point",
    "coordinates": [
     142.22191755,
     -10.57412042
    ]
   },
   "properties": {
    "name": "LOT 100 WAIBEN ESPLANADE THURSDAY ISLAND 4875",
    "locID": "LOC000060607167",
    "tech": "NULL",
    "upgrade": "NULL_NA",
    "gnaf_pid": "GAQLD161342751",
    "ee": false,
    "tech_change_status": "Not Planned"
   }
  },
  {
   "type": "Feature",
   "geometry": {
    "type": "Point",
    "coordinates": [
     142.22117573,
     -10.58357909
    ]
   },
   "properties": {
    "name": "UNIT 2, 52 DOUGLAS STREET THURSDAY ISLAND 4875",
    "locID": "LOC000004969091",
    "tech": "NULL",
    "upgrade": "NULL_NA",
    "gnaf_pid": "GAQLD161366300",
    "ee": false,
    "tech_change_status": "Not Planned"
   }
  },
  {
   "type": "Feature",
   "geometry": {
    "type": "Point",
    "coordinates": [
     142.21387365,
     -10.58238322
    ]
   },
   "properties": {
    "name": "4 QUETTA CLOSE THURSDAY ISLAND 4875",
    "locID": "LOC000095448496",
    "tech": "SATELLITE",
    "upgrade": "NULL_NA",
    "gnaf_pid": "GAQLD161370941",
    "ee": false,
    "tech_change_status": "Not Planned"
   }
  },
  {
   "type": "Feature",
   "geometry": {
    "type": "Point",
    "coordinates": [
     142.21841594,
     -10.58463853
    ]
   },
   "properties": {
    "name": "22 VICTORIA PARADE THURSDAY ISLAND 4875",
    "locID": "LOC000050341243",
    "tech": "NULL",
    "upgrade": "NULL_NA",
    "gnaf_pid": "GAQLD161372436",
    "ee": false,
    "tech_change_status": "Not Planned"
   }
  },
  {
   "type": "Feature",
   "geometry": {
    "type": "Point",
    "coordinates": [
     142.2139214,
     -10.58596787
    ]
   },
   "properties": {
    "name": "UNIT 1, 143 DOUGLAS STREET THURSDAY ISLAND 4875",
    "locID": "LOC100071980528",
    "tech": "NULL",
    "upgrade": "NULL_NA",
    "gnaf_pid": "GAQLD161469112",
    "ee": false,
    "tech_change_status": "Not Planned"
   }
  },
  {
   "type": "Feature",
   "geometry": {
    "type": "Point",
    "coordinates": [
     142.2139214,
     -10.58596787
    ]
   },
   "properties": {
    "name": "UNIT 2, 143 DOUGLAS STREET THURSDAY ISLAND 4875",
    "locID": "LOC100071980528",
    "tech": "NULL",
    "upgrade": "NULL_NA",
    "gnaf_pid": "GAQLD161469113",
    "ee": false,
    "tech_change_status": "Not Planned"
   }
  },
  {
   "type": "Feature",
   "geometry": {
    "type": "Point",
    "coordinates": [
     142.22752582,
     -10.58278335
    ]
   },
   "properties": {
    "name": "3 DOUGLAS STREET THURSDAY ISLAND 4875",
    "locID": "LOC000081800827",
    "tech": "NULL",
    "upgrade": "NULL_NA",
    "gnaf_pid": "GAQLD161469114",
    "ee": false,
    "tech_change_status": "Not Planned"
   }
  },
  {
   "type": "Feature",
   "geometry": {
    "type": "Point",
    "coordinates": [
     142.21465435,
     -10.57722576
    ]
   },
   "properties": {
    "name": "1 IDAGI CLOSE THURSDAY ISLAND 4875",
    "locID": "LOC000083738392",
    "tech": "NULL",
    "upgrade": "NULL_NA",
    "gnaf_pid": "GAQLD161471924",
    "ee": false,
    "tech_change_status": "Not Planned"
   }
  },
  {
   "type": "Feature",
   "geometry": {
    "type": "Point",
    "coordinates": [
     142.21098426,
     -10.58646418
    ]
   },
   "properties": {
    "name": "10 AUBREY PARADE THURSDAY ISLAND 4875",
    "locID": "LOC000061692278",
    "tech": "NULL",
    "upgrade": "NULL_NA",
    "gnaf_pid": "GAQLD161649613",
    "ee": false,
    "tech_change_status": "Not Planned"
   }
  },
  {
   "type": "Feature",
   "geometry": {
    "type": "Point",
    "coordinates": [
     142.21873936,
     -10.58062569
    ]
   },
   "properties": {
    "name": "26 BLACKALL STREET THURSDAY ISLAND 4875",
    "locID": "LOC000040641302",
    "tech": "SATELLITE",
    "upgrade": "NULL_NA",
    "gnaf_pid": "GAQLD161651049",
    "ee": false,
    "tech_change_status": "Not Planned"
   }
  },
  {
   "type": "Feature",
   "geometry": {
    "type": "Point",
    "coordinates": [
     142.21875044,
     -10.58049022
    ]
   },
   "properties": {
    "name": "28 BLACKALL STREET THURSDAY ISLAND 4875",
    "locID": "LOC000076444362",
    "tech": "SATELLITE",
    "upgrade": "NULL_NA",
    "gnaf_pid": "GAQLD161651050",
    "ee": false,
    "tech_change_status": "Not Planned"
   }
  },
  {
   "type": "Feature",
   "geometry": {
    "type": "Point",
    "coordinates": [
     142.21138531,
     -10.57782995
    ]
   },
   "properties": {
    "name": "1 DAVID STREET THURSDAY ISLAND 4875",
    "locID": "LOC000095762529",
    "tech": "SATELLITE",
    "upgrade": "NULL_NA",
    "gnaf_pid": "GAQLD161654412",
    "ee": false,
    "tech_change_status": "Not Planned"
   }
  },
  {
   "type": "Feature",
   "geometry": {
    "type": "Point",
    "coordinates": [
     142.22004519,
     -10.58157534
    ]
   },
   "properties": {
    "name": "UNIT 1, 31 HARGRAVE STREET THURSDAY ISLAND 4875",
    "locID": "LOC000183301758",
    "tech": "NULL",
    "upgrade": "NULL_NA",
    "gnaf_pid": "GAQLD161658456",
    "ee": false,
    "tech_change_status": "Not Planned"
   }
  },
  {
   "type": "Feature",
   "geometry": {
    "type": "Point",
    "coordinates": [
     142.22004519,
     -10.58157534
    ]
   },
   "properties": {
    "name": "UNIT 2, 31 HARGRAVE STREET THURSDAY ISLAND 4875",
    "locID": "LOC000183301758",
    "tech": "NULL",
    "upgrade": "NULL_NA",
    "gnaf_pid": "GAQLD161658457",
    "ee": false,
    "tech_change_status": "Not Planned"
   }
  },
  {
   "type": "Feature",
   "geometry": {
    "type": "Point",
    "coordinates": [
     142.21563147,
     -10.57750991
    ]
   },
   "properties": {
    "name": "15 IDAGI CLOSE THURSDAY ISLAND 4875",
    "locID": "LOC000054714702",
    "tech": "NULL",
    "upgrade": "NULL_NA",
    "gnaf_pid": "GAQLD161659513",
    "ee": false,
    "tech_change_status": "Not Planned"
   }
  },
  {
   "type": "Feature",
   "geometry": {
    "type": "Point",
    "coordinates": [
     142.21556238,
     -10.57766348
    ]
   },
   "properties": {
    "name": "17 IDAGI CLOSE THURSDAY ISLAND 4875",
    "locID": "LOC000047890420",
    "tech": "SATELLITE",
    "upgrade": "NULL_NA",
    "gnaf_pid": "GAQLD161659514",
    "ee": false,
    "tech_change_status": "Not Planned"
   }
  },
  {
   "type": "Feature",
   "geometry": {
    "type": "Point",
    "coordinates": [
     142.2153785,
     -10.57774154
    ]
   },
   "properties": {
    "name": "19 IDAGI CLOSE THURSDAY ISLAND 4875",
    "locID": "LOC000091234265",
    "tech": "NULL",
    "upgrade": "NULL_NA",
    "gnaf_pid": "GAQLD161659515",
    "ee": false,
    "tech_change_status": "Not Planned"
   }
  },
  {
   "type": "Feature",
   "geometry": {
    "type": "Point",
    "coordinates": [
     142.21519083,
     -10.57784863
    ]
   },
   "properties": {
    "name": "21 IDAGI CLOSE THURSDAY ISLAND 4875",
    "locID": "LOC000021589581",
    "tech": "NULL",
    "upgrade": "NULL_NA",
    "gnaf_pid": "GAQLD161659516",
    "ee": false,
    "tech_change_status": "Not Planned"
   }
  },
  {
   "type": "Feature",
   "geometry": {
    "type": "Point",
    "coordinates": [
     142.21507193,
     -10.57766818
    ]
   },
   "properties": {
    "name": "23 IDAGI CLOSE THURSDAY ISLAND 4875",
    "locID": "LOC000088879537",
    "tech": "SATELLITE",
    "upgrade": "NULL_NA",
    "gnaf_pid": "GAQLD161659517",
    "ee": false,
    "tech_change_status": "Not Planned"
   }
  },
  {
   "type": "Feature",
   "geometry": {
    "type": "Point",
    "coordinates": [
     142.21496981,
     -10.57753415
    ]
   },
   "properties": {
    "name": "25 IDAGI CLOSE THURSDAY ISLAND 4875",
    "locID": "LOC000040992376",
    "tech": "NULL",
    "upgrade": "NULL_NA",
    "gnaf_pid": "GAQLD161659518",
    "ee": false,
    "tech_change_status": "Not Planned"
   }
  },
  {
   "type": "Feature",
   "geometry": {
    "type": "Point",
    "coordinates": [
     142.21483753,
     -10.57710479
    ]
   },
   "properties": {
    "name": "3 IDAGI CLOSE THURSDAY ISLAND 4875",
    "locID": "LOC000059880027",
    "tech": "NULL",
    "upgrade": "NULL_NA",
    "gnaf_pid": "GAQLD161659519",
    "ee": false,
    "tech_change_status": "Not Planned"
   }
  },
  {
   "type": "Feature",
   "geometry": {
    "type": "Point",
    "coordinates": [
     142.21507845,
     -10.57693732
    ]
   },
   "properties": {
    "name": "5 IDAGI CLOSE THURSDAY ISLAND 4875",
    "locID": "LOC000065907863",
    "tech": "NULL",
    "upgrade": "NULL_NA",
    "gnaf_pid": "GAQLD161659520",
    "ee": false,
    "tech_change_status": "Not Planned"
   }
  },
  {
   "type": "Feature",
   "geometry": {
    "type": "Point",
    "coordinates": [
     142.21974613,
     -10.58301
    ]
   },
   "properties": {
    "name": "UNIT 1, 27 JOHN STREET THURSDAY ISLAND 4875",
    "locID": "LOC000149096373",
    "tech": "NULL",
    "upgrade": "NULL_NA",
    "gnaf_pid": "GAQLD161659930",
    "ee": false,
    "tech_change_status": "Not Planned"
   }
  },
  {
   "type": "Feature",
   "geometry": {
    "type": "Point",
    "coordinates": [
     142.21974613,
     -10.58301
    ]
   },
   "properties": {
    "name": "UNIT 2, 27 JOHN STREET THURSDAY ISLAND 4875",
    "locID": "LOC000149096373",
    "tech": "NULL",
    "upgrade": "NULL_NA",
    "gnaf_pid": "GAQLD161659931",
    "ee": false,
    "tech_change_status": "Not Planned"
   }
  },
  {
   "type": "Feature",
   "geometry": {
    "type": "Point",
    "coordinates": [
     142.2214179,
     -10.583295
    ]
   },
   "properties": {
    "name": "UNIT 3, 15 JOHN STREET THURSDAY ISLAND 4875",
    "locID": "LOC000106621959",
    "tech": "NULL",
    "upgrade": "NULL_NA",
    "gnaf_pid": "GAQLD161659932",
    "ee": false,
    "tech_change_status": "Not Planned"
   }
  },
  {
   "type": "Feature",
   "geometry": {
    "type": "Point",
    "coordinates": [
     142.21974613,
     -10.58301
    ]
   },
   "properties": {
    "name": "UNIT 3, 27 JOHN STREET THURSDAY ISLAND 4875",
    "locID": "LOC000149096373",
    "tech": "NULL",
    "upgrade": "NULL_NA",
    "gnaf_pid": "GAQLD161659933",
    "ee": false,
    "tech_change_status": "Not Planned"
   }
  },
  {
   "type": "Feature",
   "geometry": {
    "type": "Point",
    "coordinates": [
     142.21096215,
     -10.57930975
    ]
   },
   "properties": {
    "name": "2-4 OLANDI STREET THURSDAY ISLAND 4875",
    "locID": "LOC000060788121",
    "tech": "SATELLITE",
    "upgrade": "NULL_NA",
    "gnaf_pid": "GAQLD161664925",
    "ee": false,
    "tech_change_status": "Not Planned"
   }
  },
  {
   "type": "Feature",
   "geometry": {
    "type": "Point",
    "coordinates": [
     142.20944631,
     -10.58002204
    ]
   },
   "properties": {
    "name": "15 PORUMA STREET THURSDAY ISLAND 4875",
    "locID": "LOC000029090856",
    "tech": "NULL",
    "upgrade": "NULL_NA",
    "gnaf_pid": "GAQLD161666023",
    "ee": false,
    "tech_change_status": "Not Planned"
   }
  },
  {
   "type": "Feature",
   "geometry": {
    "type": "Point",
    "coordinates": [
     142.21000797,
     -10.58016517
    ]
   },
   "properties": {
    "name": "20 PORUMA STREET THURSDAY ISLAND 4875",
    "locID": "LOC000005819209",
    "tech": "SATELLITE",
    "upgrade": "NULL_NA",
    "gnaf_pid": "GAQLD161666024",
    "ee": false,
    "tech_change_status": "Not Planned"
   }
  },
  {
   "type": "Feature",
   "geometry": {
    "type": "Point",
    "coordinates": [
     142.2248772,
     -10.57083404
    ]
   },
   "properties": {
    "name": "11 SAILOR CRESCENT THURSDAY ISLAND 4875",
    "locID": "LOC000040718581",
    "tech": "NULL",
    "upgrade": "NULL_NA",
    "gnaf_pid": "GAQLD161667384",
    "ee": false,
    "tech_change_status": "Not Planned"
   }
  },
  {
   "type": "Feature",
   "geometry": {
    "type": "Point",
    "coordinates": [
     142.23062976,
     -10.57231561
    ]
   },
   "properties": {
    "name": "121 WAIBEN ESPLANADE THURSDAY ISLAND 4875",
    "locID": "LOC000060607167",
    "tech": "NULL",
    "upgrade": "NULL_NA",
    "gnaf_pid": "GAQLD161670979",
    "ee": false,
    "tech_change_status": "Not Planned"
   }
  },
  {
   "type": "Feature",
   "geometry": {
    "type": "Point",
    "coordinates": [
     142.21411785,
     -10.58217074
    ]
   },
   "properties": {
    "name": "5 QUETTA CLOSE THURSDAY ISLAND 4875",
    "locID": "LOC000017334015",
    "tech": "NULL",
    "upgrade": "NULL_NA",
    "gnaf_pid": "GAQLD161732537",
    "ee": false,
    "tech_change_status": "Not Planned"
   }
  },
  {
   "type": "Feature",
   "geometry": {
    "type": "Point",
    "coordinates": [
     142.21599663,
     -10.57610834
    ]
   },
   "properties": {
    "name": "14 APLIN ROAD THURSDAY ISLAND 4875",
    "locID": "LOC000104842704",
    "tech": "SATELLITE",
    "upgrade": "NULL_NA",
    "gnaf_pid": "GAQLD161738202",
    "ee": false,
    "tech_change_status": "Not Planned"
   }
  },
  {
   "type": "Feature",
   "geometry": {
    "type": "Point",
    "coordinates": [
     142.2194281,
     -10.58382326
    ]
   },
   "properties": {
    "name": "163 DOUGLAS STREET THURSDAY ISLAND 4875",
    "locID": "LOC000187505673",
    "tech": "SATELLITE",
    "upgrade": "NULL_NA",
    "gnaf_pid": "GAQLD161739004",
    "ee": false,
    "tech_change_status": "Not Planned"
   }
  },
  {
   "type": "Feature",
   "geometry": {
    "type": "Point",
    "coordinates": [
     142.22657403,
     -10.5823897
    ]
   },
   "properties": {
    "name": "UNIT 1, 12-16 DOUGLAS STREET THURSDAY ISLAND 4875",
    "locID": "LOC000077914226",
    "tech": "SATELLITE",
    "upgrade": "NULL_NA",
    "gnaf_pid": "GAQLD161781116",
    "ee": false,
    "tech_change_status": "Not Planned"
   }
  },
  {
   "type": "Feature",
   "geometry": {
    "type": "Point",
    "coordinates": [
     142.22218971,
     -10.58361493
    ]
   },
   "properties": {
    "name": "UNIT 1, 36 DOUGLAS STREET THURSDAY ISLAND 4875",
    "locID": "LOC000149096770",
    "tech": "NULL",
    "upgrade": "NULL_NA",
    "gnaf_pid": "GAQLD161781117",
    "ee": false,
    "tech_change_status": "Not Planned"
   }
  },
  {
   "type": "Feature",
   "geometry": {
    "type": "Point",
    "coordinates": [
     142.22674667,
     -10.58273014
    ]
   },
   "properties": {
    "name": "UNIT 1, 5-9 DOUGLAS STREET THURSDAY ISLAND 4875",
    "locID": "LOC000013364134",
    "tech": "NULL",
    "upgrade": "NULL_NA",
    "gnaf_pid": "GAQLD161781118",
    "ee": false,
    "tech_change_status": "Not Planned"
   }
  },
  {
   "type": "Feature",
   "geometry": {
    "type": "Point",
    "coordinates": [
     142.22657403,
     -10.5823897
    ]
   },
   "properties": {
    "name": "UNIT 2, 12-16 DOUGLAS STREET THURSDAY ISLAND 4875",
    "locID": "LOC000149097192",
    "tech": "NULL",
    "upgrade": "NULL_NA",
    "gnaf_pid": "GAQLD161781119",
    "ee": false,
    "tech_change_status": "Not Planned"
   }
  },
  {
   "type": "Feature",
   "geometry": {
    "type": "Point",
    "coordinates": [
     142.22218971,
     -10.58361493
    ]
   },
   "properties": {
    "name": "UNIT 2, 36 DOUGLAS STREET THURSDAY ISLAND 4875",
    "locID": "LOC000149096770",
    "tech": "NULL",
    "upgrade": "NULL_NA",
    "gnaf_pid": "GAQLD161781120",
    "ee": false,
    "tech_change_status": "Not Planned"
   }
  },
  {
   "type": "Feature",
   "geometry": {
    "type": "Point",
    "coordinates": [
     142.22674667,
     -10.58273014
    ]
   },
   "properties": {
    "name": "UNIT 2, 5-9 DOUGLAS STREET THURSDAY ISLAND 4875",
    "locID": "LOC000013364134",
    "tech": "NULL",
    "upgrade": "NULL_NA",
    "gnaf_pid": "GAQLD161781121",
    "ee": false,
    "tech_change_status": "Not Planned"
   }
  },
  {
   "type": "Feature",
   "geometry": {
    "type": "Point",
    "coordinates": [
     142.22657403,
     -10.5823897
    ]
   },
   "properties": {
    "name": "UNIT 3, 12-16 DOUGLAS STREET THURSDAY ISLAND 4875",
    "locID": "LOC000149097192",
    "tech": "NULL",
    "upgrade": "NULL_NA",
    "gnaf_pid": "GAQLD161781122",
    "ee": false,
    "tech_change_status": "Not Planned"
   }
  },
  {
   "type": "Feature",
   "geometry": {
    "type": "Point",
    "coordinates": [
     142.22387619,
     -10.58217906
    ]
   },
   "properties": {
    "name": "UNIT 3, 24 DOUGLAS STREET THURSDAY ISLAND 4875",
    "locID": "LOC100071980494",
    "tech": "NULL",
    "upgrade": "NULL_NA",
    "gnaf_pid": "GAQLD161781123",
    "ee": false,
    "tech_change_status": "Not Planned"
   }
  },
  {
   "type": "Feature",
   "geometry": {
    "type": "Point",
    "coordinates": [
     142.22218971,
     -10.58361493
    ]
   },
   "properties": {
    "name": "UNIT 3, 36 DOUGLAS STREET THURSDAY ISLAND 4875",
    "locID": "LOC000149096770",
    "tech": "NULL",
    "upgrade": "NULL_NA",
    "gnaf_pid": "GAQLD161781124",
    "ee": false,
    "tech_change_status": "Not Planned"
   }
  },
  {
   "type": "Feature",
   "geometry": {
    "type": "Point",
    "coordinates": [
     142.22657403,
     -10.5823897
    ]
   },
   "properties": {
    "name": "UNIT 4, 12-16 DOUGLAS STREET THURSDAY ISLAND 4875",
    "locID": "LOC000077914226",
    "tech": "SATELLITE",
    "upgrade": "NULL_NA",
    "gnaf_pid": "GAQLD161781125",
    "ee": false,
    "tech_change_status": "Not Planned"
   }
  },
  {
   "type": "Feature",
   "geometry": {
    "type": "Point",
    "coordinates": [
     142.22674667,
     -10.58273014
    ]
   },
   "properties": {
    "name": "UNIT 4, 5-9 DOUGLAS STREET THURSDAY ISLAND 4875",
    "locID": "LOC000013364134",
    "tech": "NULL",
    "upgrade": "NULL_NA",
    "gnaf_pid": "GAQLD161781126",
    "ee": false,
    "tech_change_status": "Not Planned"
   }
  },
  {
   "type": "Feature",
   "geometry": {
    "type": "Point",
    "coordinates": [
     142.22657403,
     -10.5823897
    ]
   },
   "properties": {
    "name": "UNIT 5, 12-16 DOUGLAS STREET THURSDAY ISLAND 4875",
    "locID": "LOC000149097192",
    "tech": "NULL",
    "upgrade": "NULL_NA",
    "gnaf_pid": "GAQLD161781127",
    "ee": false,
    "tech_change_status": "Not Planned"
   }
  },
  {
   "type": "Feature",
   "geometry": {
    "type": "Point",
    "coordinates": [
     142.22657403,
     -10.5823897
    ]
   },
   "properties": {
    "name": "UNIT 6, 12-16 DOUGLAS STREET THURSDAY ISLAND 4875",
    "locID": "LOC000077914226",
    "tech": "SATELLITE",
    "upgrade": "NULL_NA",
    "gnaf_pid": "GAQLD161781128",
    "ee": false,
    "tech_change_status": "Not Planned"
   }
  },
  {
   "type": "Feature",
   "geometry": {
    "type": "Point",
    "coordinates": [
     142.21592986,
     -10.58426531
    ]
   },
   "properties": {
    "name": "119 DOUGLAS STREET THURSDAY ISLAND 4875",
    "locID": "LOC000033634193",
    "tech": "NULL",
    "upgrade": "NULL_NA",
    "gnaf_pid": "GAQLD161781131",
    "ee": false,
    "tech_change_status": "Not Planned"
   }
  },
  {
   "type": "Feature",
   "geometry": {
    "type": "Point",
    "coordinates": [
     142.2155524,
     -10.58460201
    ]
   },
   "properties": {
    "name": "121-125 DOUGLAS STREET THURSDAY ISLAND 4875",
    "locID": "LOC000059838171",
    "tech": "NULL",
    "upgrade": "NULL_NA",
    "gnaf_pid": "GAQLD161781133",
    "ee": false,
    "tech_change_status": "Not Planned"
   }
  },
  {
   "type": "Feature",
   "geometry": {
    "type": "Point",
    "coordinates": [
     142.2194281,
     -10.58382326
    ]
   },
   "properties": {
    "name": "156 DOUGLAS STREET THURSDAY ISLAND 4875",
    "locID": "LOC000020006436",
    "tech": "SATELLITE",
    "upgrade": "NULL_NA",
    "gnaf_pid": "GAQLD161781137",
    "ee": false,
    "tech_change_status": "Not Planned"
   }
  },
  {
   "type": "Feature",
   "geometry": {
    "type": "Point",
    "coordinates": [
     142.2194281,
     -10.58382326
    ]
   },
   "properties": {
    "name": "160 DOUGLAS STREET THURSDAY ISLAND 4875",
    "locID": "LOC000077586179",
    "tech": "SATELLITE",
    "upgrade": "NULL_NA",
    "gnaf_pid": "GAQLD161781140",
    "ee": false,
    "tech_change_status": "Not Planned"
   }
  },
  {
   "type": "Feature",
   "geometry": {
    "type": "Point",
    "coordinates": [
     142.22528416,
     -10.581986
    ]
   },
   "properties": {
    "name": "18 DOUGLAS STREET THURSDAY ISLAND 4875",
    "locID": "LOC000005054430",
    "tech": "NULL",
    "upgrade": "NULL_NA",
    "gnaf_pid": "GAQLD161781142",
    "ee": false,
    "tech_change_status": "Not Planned"
   }
  },
  {
   "type": "Feature",
   "geometry": {
    "type": "Point",
    "coordinates": [
     142.22410179,
     -10.58195399
    ]
   },
   "properties": {
    "name": "22 DOUGLAS STREET THURSDAY ISLAND 4875",
    "locID": "LOC100072084083",
    "tech": "NULL",
    "upgrade": "NULL_NA",
    "gnaf_pid": "GAQLD161781144",
    "ee": false,
    "tech_change_status": "Not Planned"
   }
  },
  {
   "type": "Feature",
   "geometry": {
    "type": "Point",
    "coordinates": [
     142.22366221,
     -10.5823495
    ]
   },
   "properties": {
    "name": "26 DOUGLAS STREET THURSDAY ISLAND 4875",
    "locID": "LOC100071980516",
    "tech": "NULL",
    "upgrade": "NULL_NA",
    "gnaf_pid": "GAQLD161781145",
    "ee": false,
    "tech_change_status": "Not Planned"
   }
  },
  {
   "type": "Feature",
   "geometry": {
    "type": "Point",
    "coordinates": [
     142.22044268,
     -10.58352122
    ]
   },
   "properties": {
    "name": "56-58 DOUGLAS STREET THURSDAY ISLAND 4875",
    "locID": "LOC000004853858",
    "tech": "NULL",
    "upgrade": "NULL_NA",
    "gnaf_pid": "GAQLD161781148",
    "ee": false,
    "tech_change_status": "Not Planned"
   }
  },
  {
   "type": "Feature",
   "geometry": {
    "type": "Point",
    "coordinates": [
     142.22122304,
     -10.58184928
    ]
   },
   "properties": {
    "name": "UNIT 1, 27-29 HARGRAVE STREET THURSDAY ISLAND 4875",
    "locID": "LOC000027497904",
    "tech": "NULL",
    "upgrade": "NULL_NA",
    "gnaf_pid": "GAQLD161785445",
    "ee": false,
    "tech_change_status": "Not Planned"
   }
  },
  {
   "type": "Feature",
   "geometry": {
    "type": "Point",
    "coordinates": [
     142.22165538,
     -10.58106233
    ]
   },
   "properties": {
    "name": "UNIT 1, 38-40 HARGRAVE STREET THURSDAY ISLAND 4875",
    "locID": "LOC000149097602",
    "tech": "NULL",
    "upgrade": "NULL_NA",
    "gnaf_pid": "GAQLD161785446",
    "ee": false,
    "tech_change_status": "Not Planned"
   }
  },
  {
   "type": "Feature",
   "geometry": {
    "type": "Point",
    "coordinates": [
     142.22006374,
     -10.58087196
    ]
   },
   "properties": {
    "name": "UNIT 1, 3 HARGRAVE STREET THURSDAY ISLAND 4875",
    "locID": "LOC000043639817",
    "tech": "NULL",
    "upgrade": "NULL_NA",
    "gnaf_pid": "GAQLD161785447",
    "ee": false,
    "tech_change_status": "Not Planned"
   }
  },
  {
   "type": "Feature",
   "geometry": {
    "type": "Point",
    "coordinates": [
     142.21939032,
     -10.58170477
    ]
   },
   "properties": {
    "name": "UNIT 1, 41 HARGRAVE STREET THURSDAY ISLAND 4875",
    "locID": "LOC000056900015",
    "tech": "NULL",
    "upgrade": "NULL_NA",
    "gnaf_pid": "GAQLD161785448",
    "ee": false,
    "tech_change_status": "Not Planned"
   }
  },
  {
   "type": "Feature",
   "geometry": {
    "type": "Point",
    "coordinates": [
     142.22134082,
     -10.58112911
    ]
   },
   "properties": {
    "name": "UNIT 1, 42 HARGRAVE STREET THURSDAY ISLAND 4875",
    "locID": "LOC000149096677",
    "tech": "NULL",
    "upgrade": "NULL_NA",
    "gnaf_pid": "GAQLD161785449",
    "ee": false,
    "tech_change_status": "Not Planned"
   }
  },
  {
   "type": "Feature",
   "geometry": {
    "type": "Point",
    "coordinates": [
     142.22367431,
     -10.58206013
    ]
   },
   "properties": {
    "name": "UNIT 1, 5 HARGRAVE STREET THURSDAY ISLAND 4875",
    "locID": "LOC000053080076",
    "tech": "SATELLITE",
    "upgrade": "NULL_NA",
    "gnaf_pid": "GAQLD161785450",
    "ee": false,
    "tech_change_status": "Not Planned"
   }
  },
  {
   "type": "Feature",
   "geometry": {
    "type": "Point",
    "coordinates": [
     142.22122304,
     -10.58184928
    ]
   },
   "properties": {
    "name": "UNIT 2, 27-29 HARGRAVE STREET THURSDAY ISLAND 4875",
    "locID": "LOC000027529488",
    "tech": "SATELLITE",
    "upgrade": "NULL_NA",
    "gnaf_pid": "GAQLD161785451",
    "ee": false,
    "tech_change_status": "Not Planned"
   }
  },
  {
   "type": "Feature",
   "geometry": {
    "type": "Point",
    "coordinates": [
     142.22248433,
     -10.58115463
    ]
   },
   "properties": {
    "name": "UNIT 2, 30 HARGRAVE STREET THURSDAY ISLAND 4875",
    "locID": "LOC000043718422",
    "tech": "NULL",
    "upgrade": "NULL_NA",
    "gnaf_pid": "GAQLD161785452",
    "ee": false,
    "tech_change_status": "Not Planned"
   }
  },
  {
   "type": "Feature",
   "geometry": {
    "type": "Point",
    "coordinates": [
     142.22165538,
     -10.58106233
    ]
   },
   "properties": {
    "name": "UNIT 2, 38-40 HARGRAVE STREET THURSDAY ISLAND 4875",
    "locID": "LOC000033325539",
    "tech": "NULL",
    "upgrade": "NULL_NA",
    "gnaf_pid": "GAQLD161785453",
    "ee": false,
    "tech_change_status": "Not Planned"
   }
  },
  {
   "type": "Feature",
   "geometry": {
    "type": "Point",
    "coordinates": [
     142.22006374,
     -10.58087196
    ]
   },
   "properties": {
    "name": "UNIT 2, 3 HARGRAVE STREET THURSDAY ISLAND 4875",
    "locID": "LOC000027358876",
    "tech": "SATELLITE",
    "upgrade": "NULL_NA",
    "gnaf_pid": "GAQLD161785454",
    "ee": false,
    "tech_change_status": "Not Planned"
   }
  },
  {
   "type": "Feature",
   "geometry": {
    "type": "Point",
    "coordinates": [
     142.21939032,
     -10.58170477
    ]
   },
   "properties": {
    "name": "UNIT 2, 41 HARGRAVE STREET THURSDAY ISLAND 4875",
    "locID": "LOC000056466706",
    "tech": "NULL",
    "upgrade": "NULL_NA",
    "gnaf_pid": "GAQLD161785455",
    "ee": false,
    "tech_change_status": "Not Planned"
   }
  },
  {
   "type": "Feature",
   "geometry": {
    "type": "Point",
    "coordinates": [
     142.22134082,
     -10.58112911
    ]
   },
   "properties": {
    "name": "UNIT 2, 42 HARGRAVE STREET THURSDAY ISLAND 4875",
    "locID": "LOC000149096677",
    "tech": "NULL",
    "upgrade": "NULL_NA",
    "gnaf_pid": "GAQLD161785456",
    "ee": false,
    "tech_change_status": "Not Planned"
   }
  },
  {
   "type": "Feature",
   "geometry": {
    "type": "Point",
    "coordinates": [
     142.22367431,
     -10.58206013
    ]
   },
   "properties": {
    "name": "UNIT 2, 5 HARGRAVE STREET THURSDAY ISLAND 4875",
    "locID": "LOC000093273023",
    "tech": "NULL",
    "upgrade": "NULL_NA",
    "gnaf_pid": "GAQLD161785457",
    "ee": false,
    "tech_change_status": "Not Planned"
   }
  },
  {
   "type": "Feature",
   "geometry": {
    "type": "Point",
    "coordinates": [
     142.22122304,
     -10.58184928
    ]
   },
   "properties": {
    "name": "UNIT 3, 27-29 HARGRAVE STREET THURSDAY ISLAND 4875",
    "locID": "LOC000027358876",
    "tech": "SATELLITE",
    "upgrade": "NULL_NA",
    "gnaf_pid": "GAQLD161785458",
    "ee": false,
    "tech_change_status": "Not Planned"
   }
  },
  {
   "type": "Feature",
   "geometry": {
    "type": "Point",
    "coordinates": [
     142.22249182,
     -10.58106281
    ]
   },
   "properties": {
    "name": "UNIT 3, 30 HARGRAVE STREET THURSDAY ISLAND 4875",
    "locID": "LOC000043510515",
    "tech": "NULL",
    "upgrade": "NULL_NA",
    "gnaf_pid": "GAQLD161785459",
    "ee": false,
    "tech_change_status": "Not Planned"
   }
  },
  {
   "type": "Feature",
   "geometry": {
    "type": "Point",
    "coordinates": [
     142.22165538,
     -10.58106233
    ]
   },
   "properties": {
    "name": "UNIT 3, 38-40 HARGRAVE STREET THURSDAY ISLAND 4875",
    "locID": "LOC000033404722",
    "tech": "NULL",
    "upgrade": "NULL_NA",
    "gnaf_pid": "GAQLD161785460",
    "ee": false,
    "tech_change_status": "Not Planned"
   }
  },
  {
   "type": "Feature",
   "geometry": {
    "type": "Point",
    "coordinates": [
     142.22006374,
     -10.58087196
    ]
   },
   "properties": {
    "name": "UNIT 3, 3 HARGRAVE STREET THURSDAY ISLAND 4875",
    "locID": "LOC000043510515",
    "tech": "NULL",
    "upgrade": "NULL_NA",
    "gnaf_pid": "GAQLD161785461",
    "ee": false,
    "tech_change_status": "Not Planned"
   }
  },
  {
   "type": "Feature",
   "geometry": {
    "type": "Point",
    "coordinates": [
     142.22134082,
     -10.58112911
    ]
   },
   "properties": {
    "name": "UNIT 3, 42 HARGRAVE STREET THURSDAY ISLAND 4875",
    "locID": "LOC000149096677",
    "tech": "NULL",
    "upgrade": "NULL_NA",
    "gnaf_pid": "GAQLD161785463",
    "ee": false,
    "tech_change_status": "Not Planned"
   }
  },
  {
   "type": "Feature",
   "geometry": {
    "type": "Point",
    "coordinates": [
     142.22367431,
     -10.58206013
    ]
   },
   "properties": {
    "name": "UNIT 3, 5 HARGRAVE STREET THURSDAY ISLAND 4875",
    "locID": "LOC000033404722",
    "tech": "NULL",
    "upgrade": "NULL_NA",
    "gnaf_pid": "GAQLD161785464",
    "ee": false,
    "tech_change_status": "Not Planned"
   }
  },
  {
   "type": "Feature",
   "geometry": {
    "type": "Point",
    "coordinates": [
     142.22165538,
     -10.58106233
    ]
   },
   "properties": {
    "name": "UNIT 4, 38-40 HARGRAVE STREET THURSDAY ISLAND 4875",
    "locID": "LOC000033380887",
    "tech": "NULL",
    "upgrade": "NULL_NA",
    "gnaf_pid": "GAQLD161785465",
    "ee": false,
    "tech_change_status": "Not Planned"
   }
  },
  {
   "type": "Feature",
   "geometry": {
    "type": "Point",
    "coordinates": [
     142.22006374,
     -10.58087196
    ]
   },
   "properties": {
    "name": "UNIT 4, 3 HARGRAVE STREET THURSDAY ISLAND 4875",
    "locID": "LOC000043510515",
    "tech": "NULL",
    "upgrade": "NULL_NA",
    "gnaf_pid": "GAQLD161785466",
    "ee": false,
    "tech_change_status": "Not Planned"
   }
  },
  {
   "type": "Feature",
   "geometry": {
    "type": "Point",
    "coordinates": [
     142.22006374,
     -10.58087196
    ]
   },
   "properties": {
    "name": "UNIT 5, 3 HARGRAVE STREET THURSDAY ISLAND 4875",
    "locID": "LOC100072084422",
    "tech": "NULL",
    "upgrade": "NULL_NA",
    "gnaf_pid": "GAQLD161785468",
    "ee": false,
    "tech_change_status": "Not Planned"
   }
  },
  {
   "type": "Feature",
   "geometry": {
    "type": "Point",
    "coordinates": [
     142.22006374,
     -10.58087196
    ]
   },
   "properties": {
    "name": "UNIT 6, 3 HARGRAVE STREET THURSDAY ISLAND 4875",
    "locID": "LOC000043510515",
    "tech": "NULL",
    "upgrade": "NULL_NA",
    "gnaf_pid": "GAQLD161785470",
    "ee": false,
    "tech_change_status": "Not Planned"
   }
  },
  {
   "type": "Feature",
   "geometry": {
    "type": "Point",
    "coordinates": [
     142.22261724,
     -10.58184318
    ]
   },
   "properties": {
    "name": "13 HARGRAVE STREET THURSDAY ISLAND 4875",
    "locID": "LOC000065048465",
    "tech": "NULL",
    "upgrade": "NULL_NA",
    "gnaf_pid": "GAQLD161785471",
    "ee": false,
    "tech_change_status": "Not Planned"
   }
  },
  {
   "type": "Feature",
   "geometry": {
    "type": "Point",
    "coordinates": [
     142.22006374,
     -10.58087196
    ]
   },
   "properties": {
    "name": "4 HARGRAVE STREET THURSDAY ISLAND 4875",
    "locID": "LOC000033380887",
    "tech": "NULL",
    "upgrade": "NULL_NA",
    "gnaf_pid": "GAQLD161785472",
    "ee": false,
    "tech_change_status": "Not Planned"
   }
  },
  {
   "type": "Feature",
   "geometry": {
    "type": "Point",
    "coordinates": [
     142.21939638,
     -10.58098593
    ]
   },
   "properties": {
    "name": "56 HARGRAVE STREET THURSDAY ISLAND 4875",
    "locID": "LOC000022635537",
    "tech": "NULL",
    "upgrade": "NULL_NA",
    "gnaf_pid": "GAQLD161785473",
    "ee": false,
    "tech_change_status": "Not Planned"
   }
  },
  {
   "type": "Feature",
   "geometry": {
    "type": "Point",
    "coordinates": [
     142.22172498,
     -10.58234938
    ]
   },
   "properties": {
    "name": "UNIT 1, 12-14 JOHN STREET THURSDAY ISLAND 4875",
    "locID": "LOC000093454699",
    "tech": "SATELLITE",
    "upgrade": "NULL_NA",
    "gnaf_pid": "GAQLD161786862",
    "ee": false,
    "tech_change_status": "Not Planned"
   }
  },
  {
   "type": "Feature",
   "geometry": {
    "type": "Point",
    "coordinates": [
     142.2214179,
     -10.583295
    ]
   },
   "properties": {
    "name": "UNIT 1, 15 JOHN STREET THURSDAY ISLAND 4875",
    "locID": "LOC000106519363",
    "tech": "NULL",
    "upgrade": "NULL_NA",
    "gnaf_pid": "GAQLD161786863",
    "ee": false,
    "tech_change_status": "Not Planned"
   }
  },
  {
   "type": "Feature",
   "geometry": {
    "type": "Point",
    "coordinates": [
     142.22210286,
     -10.58237495
    ]
   },
   "properties": {
    "name": "UNIT 1, 8-10 JOHN STREET THURSDAY ISLAND 4875",
    "locID": "LOC000028121165",
    "tech": "NULL",
    "upgrade": "NULL_NA",
    "gnaf_pid": "GAQLD161786865",
    "ee": false,
    "tech_change_status": "Not Planned"
   }
  },
  {
   "type": "Feature",
   "geometry": {
    "type": "Point",
    "coordinates": [
     142.22172498,
     -10.58234938
    ]
   },
   "properties": {
    "name": "UNIT 2, 12-14 JOHN STREET THURSDAY ISLAND 4875",
    "locID": "LOC000149096341",
    "tech": "NULL",
    "upgrade": "NULL_NA",
    "gnaf_pid": "GAQLD161786866",
    "ee": false,
    "tech_change_status": "Not Planned"
   }
  },
  {
   "type": "Feature",
   "geometry": {
    "type": "Point",
    "coordinates": [
     142.21933849,
     -10.58215667
    ]
   },
   "properties": {
    "name": "UNIT 2, 34-36 JOHN STREET THURSDAY ISLAND 4875",
    "locID": "LOC100088347914",
    "tech": "NULL",
    "upgrade": "NULL_NA",
    "gnaf_pid": "GAQLD161786867",
    "ee": false,
    "tech_change_status": "Not Planned"
   }
  },
  {
   "type": "Feature",
   "geometry": {
    "type": "Point",
    "coordinates": [
     142.22210286,
     -10.58237495
    ]
   },
   "properties": {
    "name": "UNIT 2, 8-10 JOHN STREET THURSDAY ISLAND 4875",
    "locID": "LOC000074845398",
    "tech": "SATELLITE",
    "upgrade": "NULL_NA",
    "gnaf_pid": "GAQLD161786868",
    "ee": false,
    "tech_change_status": "Not Planned"
   }
  },
  {
   "type": "Feature",
   "geometry": {
    "type": "Point",
    "coordinates": [
     142.22172498,
     -10.58234938
    ]
   },
   "properties": {
    "name": "UNIT 3, 12-14 JOHN STREET THURSDAY ISLAND 4875",
    "locID": "LOC000149096341",
    "tech": "NULL",
    "upgrade": "NULL_NA",
    "gnaf_pid": "GAQLD161786869",
    "ee": false,
    "tech_change_status": "Not Planned"
   }
  },
  {
   "type": "Feature",
   "geometry": {
    "type": "Point",
    "coordinates": [
     142.21933849,
     -10.58215667
    ]
   },
   "properties": {
    "name": "UNIT 3, 34-36 JOHN STREET THURSDAY ISLAND 4875",
    "locID": "LOC000039640851",
    "tech": "NULL",
    "upgrade": "NULL_NA",
    "gnaf_pid": "GAQLD161786870",
    "ee": false,
    "tech_change_status": "Not Planned"
   }
  },
  {
   "type": "Feature",
   "geometry": {
    "type": "Point",
    "coordinates": [
     142.22210286,
     -10.58237495
    ]
   },
   "properties": {
    "name": "UNIT 3, 8-10 JOHN STREET THURSDAY ISLAND 4875",
    "locID": "LOC000074845398",
    "tech": "SATELLITE",
    "upgrade": "NULL_NA",
    "gnaf_pid": "GAQLD161786871",
    "ee": false,
    "tech_change_status": "Not Planned"
   }
  },
  {
   "type": "Feature",
   "geometry": {
    "type": "Point",
    "coordinates": [
     142.22172498,
     -10.58234938
    ]
   },
   "properties": {
    "name": "UNIT 4, 12-14 JOHN STREET THURSDAY ISLAND 4875",
    "locID": "LOC000093454699",
    "tech": "SATELLITE",
    "upgrade": "NULL_NA",
    "gnaf_pid": "GAQLD161786872",
    "ee": false,
    "tech_change_status": "Not Planned"
   }
  },
  {
   "type": "Feature",
   "geometry": {
    "type": "Point",
    "coordinates": [
     142.22210286,
     -10.58237495
    ]
   },
   "properties": {
    "name": "UNIT 4, 8-10 JOHN STREET THURSDAY ISLAND 4875",
    "locID": "LOC000028121165",
    "tech": "NULL",
    "upgrade": "NULL_NA",
    "gnaf_pid": "GAQLD161786874",
    "ee": false,
    "tech_change_status": "Not Planned"
   }
  },
  {
   "type": "Feature",
   "geometry": {
    "type": "Point",
    "coordinates": [
     142.22210286,
     -10.58237495
    ]
   },
   "properties": {
    "name": "UNIT 5, 8-10 JOHN STREET THURSDAY ISLAND 4875",
    "locID": "LOC000028121165",
    "tech": "NULL",
    "upgrade": "NULL_NA",
    "gnaf_pid": "GAQLD161786876",
    "ee": false,
    "tech_change_status": "Not Planned"
   }
  },
  {
   "type": "Feature",
   "geometry": {
    "type": "Point",
    "coordinates": [
     142.22210286,
     -10.58237495
    ]
   },
   "properties": {
    "name": "UNIT 6, 8-10 JOHN STREET THURSDAY ISLAND 4875",
    "locID": "LOC000074845398",
    "tech": "SATELLITE",
    "upgrade": "NULL_NA",
    "gnaf_pid": "GAQLD161786877",
    "ee": false,
    "tech_change_status": "Not Planned"
   }
  },
  {
   "type": "Feature",
   "geometry": {
    "type": "Point",
    "coordinates": [
     142.22110058,
     -10.57927401
    ]
   },
   "properties": {
    "name": "UNIT 2, 35 LOBAN STREET THURSDAY ISLAND 4875",
    "locID": "LOC000088150700",
    "tech": "NULL",
    "upgrade": "NULL_NA",
    "gnaf_pid": "GAQLD161789455",
    "ee": false,
    "tech_change_status": "Not Planned"
   }
  },
  {
   "type": "Feature",
   "geometry": {
    "type": "Point",
    "coordinates": [
     142.220902,
     -10.57972936
    ]
   },
   "properties": {
    "name": "UNIT 36A, 31 LOBAN STREET THURSDAY ISLAND 4875",
    "locID": "LOC000149096704",
    "tech": "NULL",
    "upgrade": "NULL_NA",
    "gnaf_pid": "GAQLD161789457",
    "ee": false,
    "tech_change_status": "Not Planned"
   }
  },
  {
   "type": "Feature",
   "geometry": {
    "type": "Point",
    "coordinates": [
     142.220902,
     -10.57972936
    ]
   },
   "properties": {
    "name": "UNIT 36B, 31 LOBAN STREET THURSDAY ISLAND 4875",
    "locID": "LOC000149096704",
    "tech": "NULL",
    "upgrade": "NULL_NA",
    "gnaf_pid": "GAQLD161789458",
    "ee": false,
    "tech_change_status": "Not Planned"
   }
  },
  {
   "type": "Feature",
   "geometry": {
    "type": "Point",
    "coordinates": [
     142.22301766,
     -10.57731926
    ]
   },
   "properties": {
    "name": "40 LOBAN STREET THURSDAY ISLAND 4875",
    "locID": "LOC000077820547",
    "tech": "NULL",
    "upgrade": "NULL_NA",
    "gnaf_pid": "GAQLD161789459",
    "ee": false,
    "tech_change_status": "Not Planned"
   }
  },
  {
   "type": "Feature",
   "geometry": {
    "type": "Point",
    "coordinates": [
     142.22181327,
     -10.57770541
    ]
   },
   "properties": {
    "name": "50 LOBAN STREET THURSDAY ISLAND 4875",
    "locID": "LOC000031721876",
    "tech": "SATELLITE",
    "upgrade": "NULL_NA",
    "gnaf_pid": "GAQLD161789461",
    "ee": false,
    "tech_change_status": "Not Planned"
   }
  },
  {
   "type": "Feature",
   "geometry": {
    "type": "Point",
    "coordinates": [
     142.21211587,
     -10.5796937
    ]
   },
   "properties": {
    "name": "UNIT 4, 3 NAZEER STREET THURSDAY ISLAND 4875",
    "locID": "LOC000030686325",
    "tech": "NULL",
    "upgrade": "NULL_NA",
    "gnaf_pid": "GAQLD161793364",
    "ee": false,
    "tech_change_status": "Not Planned"
   }
  },
  {
   "type": "Feature",
   "geometry": {
    "type": "Point",
    "coordinates": [
     142.21211587,
     -10.5796937
    ]
   },
   "properties": {
    "name": "UNIT 7, 3 NAZEER STREET THURSDAY ISLAND 4875",
    "locID": "LOC000030580994",
    "tech": "NULL",
    "upgrade": "NULL_NA",
    "gnaf_pid": "GAQLD161793365",
    "ee": false,
    "tech_change_status": "Not Planned"
   }
  },
  {
   "type": "Feature",
   "geometry": {
    "type": "Point",
    "coordinates": [
     142.21191882,
     -10.57989591
    ]
   },
   "properties": {
    "name": "7 NAZEER STREET THURSDAY ISLAND 4875",
    "locID": "LOC000030580994",
    "tech": "NULL",
    "upgrade": "NULL_NA",
    "gnaf_pid": "GAQLD161793366",
    "ee": false,
    "tech_change_status": "Not Planned"
   }
  },
  {
   "type": "Feature",
   "geometry": {
    "type": "Point",
    "coordinates": [
     142.21028836,
     -10.57904582
    ]
   },
   "properties": {
    "name": "13-15 OLANDI STREET THURSDAY ISLAND 4875",
    "locID": "LOC000079262254",
    "tech": "SATELLITE",
    "upgrade": "NULL_NA",
    "gnaf_pid": "GAQLD161794127",
    "ee": false,
    "tech_change_status": "Not Planned"
   }
  },
  {
   "type": "Feature",
   "geometry": {
    "type": "Point",
    "coordinates": [
     142.21444371,
     -10.58265302
    ]
   },
   "properties": {
    "name": "UNIT 1, 8 QUETTA CLOSE THURSDAY ISLAND 4875",
    "locID": "LOC000092242850",
    "tech": "NULL",
    "upgrade": "NULL_NA",
    "gnaf_pid": "GAQLD161796004",
    "ee": false,
    "tech_change_status": "Not Planned"
   }
  },
  {
   "type": "Feature",
   "geometry": {
    "type": "Point",
    "coordinates": [
     142.20975127,
     -10.58097283
    ]
   },
   "properties": {
    "name": "UNIT 1, 10 STEPHEN STREET THURSDAY ISLAND 4875",
    "locID": "LOC000149096302",
    "tech": "NULL",
    "upgrade": "NULL_NA",
    "gnaf_pid": "GAQLD161798511",
    "ee": false,
    "tech_change_status": "Not Planned"
   }
  },
  {
   "type": "Feature",
   "geometry": {
    "type": "Point",
    "coordinates": [
     142.2096584,
     -10.5807272
    ]
   },
   "properties": {
    "name": "UNIT 1, 12 STEPHEN STREET THURSDAY ISLAND 4875",
    "locID": "LOC000149096318",
    "tech": "NULL",
    "upgrade": "NULL_NA",
    "gnaf_pid": "GAQLD161798512",
    "ee": false,
    "tech_change_status": "Not Planned"
   }
  },
  {
   "type": "Feature",
   "geometry": {
    "type": "Point",
    "coordinates": [
     142.2096733,
     -10.58045631
    ]
   },
   "properties": {
    "name": "UNIT 1, 14 STEPHEN STREET THURSDAY ISLAND 4875",
    "locID": "LOC000149096325",
    "tech": "NULL",
    "upgrade": "NULL_NA",
    "gnaf_pid": "GAQLD161798513",
    "ee": false,
    "tech_change_status": "Not Planned"
   }
  },
  {
   "type": "Feature",
   "geometry": {
    "type": "Point",
    "coordinates": [
     142.20975127,
     -10.58097283
    ]
   },
   "properties": {
    "name": "UNIT 2, 10 STEPHEN STREET THURSDAY ISLAND 4875",
    "locID": "LOC000149096302",
    "tech": "NULL",
    "upgrade": "NULL_NA",
    "gnaf_pid": "GAQLD161798514",
    "ee": false,
    "tech_change_status": "Not Planned"
   }
  },
  {
   "type": "Feature",
   "geometry": {
    "type": "Point",
    "coordinates": [
     142.2096584,
     -10.5807272
    ]
   },
   "properties": {
    "name": "UNIT 2, 12 STEPHEN STREET THURSDAY ISLAND 4875",
    "locID": "LOC000149096318",
    "tech": "NULL",
    "upgrade": "NULL_NA",
    "gnaf_pid": "GAQLD161798515",
    "ee": false,
    "tech_change_status": "Not Planned"
   }
  },
  {
   "type": "Feature",
   "geometry": {
    "type": "Point",
    "coordinates": [
     142.2096733,
     -10.58045631
    ]
   },
   "properties": {
    "name": "UNIT 2, 14 STEPHEN STREET THURSDAY ISLAND 4875",
    "locID": "LOC000149096325",
    "tech": "NULL",
    "upgrade": "NULL_NA",
    "gnaf_pid": "GAQLD161798516",
    "ee": false,
    "tech_change_status": "Not Planned"
   }
  },
  {
   "type": "Feature",
   "geometry": {
    "type": "Point",
    "coordinates": [
     142.22398282,
     -10.5807899
    ]
   },
   "properties": {
    "name": "UNIT 1, 21 SUMMERS STREET THURSDAY ISLAND 4875",
    "locID": "LOC000104131399",
    "tech": "NULL",
    "upgrade": "NULL_NA",
    "gnaf_pid": "GAQLD161798720",
    "ee": false,
    "tech_change_status": "Not Planned"
   }
  },
  {
   "type": "Feature",
   "geometry": {
    "type": "Point",
    "coordinates": [
     142.22178358,
     -10.58061626
    ]
   },
   "properties": {
    "name": "UNIT 1, 39 SUMMERS STREET THURSDAY ISLAND 4875",
    "locID": "LOC100078171106",
    "tech": "NULL",
    "upgrade": "NULL_NA",
    "gnaf_pid": "GAQLD161798722",
    "ee": false,
    "tech_change_status": "Not Planned"
   }
  },
  {
   "type": "Feature",
   "geometry": {
    "type": "Point",
    "coordinates": [
     142.21666983,
     -10.58045335
    ]
   },
   "properties": {
    "name": "UNIT 1, 77 SUMMERS STREET THURSDAY ISLAND 4875",
    "locID": "LOC000086952987",
    "tech": "SATELLITE",
    "upgrade": "NULL_NA",
    "gnaf_pid": "GAQLD161798723",
    "ee": false,
    "tech_change_status": "Not Planned"
   }
  },
  {
   "type": "Feature",
   "geometry": {
    "type": "Point",
    "coordinates": [
     142.21666983,
     -10.58045335
    ]
   },
   "properties": {
    "name": "UNIT 2, 77 SUMMERS STREET THURSDAY ISLAND 4875",
    "locID": "LOC000086952987",
    "tech": "SATELLITE",
    "upgrade": "NULL_NA",
    "gnaf_pid": "GAQLD161798726",
    "ee": false,
    "tech_change_status": "Not Planned"
   }
  },
  {
   "type": "Feature",
   "geometry": {
    "type": "Point",
    "coordinates": [
     142.22233698,
     -10.58064667
    ]
   },
   "properties": {
    "name": "UNIT 31A, 31-33 SUMMERS STREET THURSDAY ISLAND 4875",
    "locID": "LOC000149097884",
    "tech": "NULL",
    "upgrade": "NULL_NA",
    "gnaf_pid": "GAQLD161798727",
    "ee": false,
    "tech_change_status": "Not Planned"
   }
  },
  {
   "type": "Feature",
   "geometry": {
    "type": "Point",
    "coordinates": [
     142.22233698,
     -10.58064667
    ]
   },
   "properties": {
    "name": "UNIT 31B, 31-33 SUMMERS STREET THURSDAY ISLAND 4875",
    "locID": "LOC000149097884",
    "tech": "NULL",
    "upgrade": "NULL_NA",
    "gnaf_pid": "GAQLD161798728",
    "ee": false,
    "tech_change_status": "Not Planned"
   }
  },
  {
   "type": "Feature",
   "geometry": {
    "type": "Point",
    "coordinates": [
     142.22233698,
     -10.58064667
    ]
   },
   "properties": {
    "name": "UNIT 32A, 31-33 SUMMERS STREET THURSDAY ISLAND 4875",
    "locID": "LOC000149097884",
    "tech": "NULL",
    "upgrade": "NULL_NA",
    "gnaf_pid": "GAQLD161798729",
    "ee": false,
    "tech_change_status": "Not Planned"
   }
  },
  {
   "type": "Feature",
   "geometry": {
    "type": "Point",
    "coordinates": [
     142.22233698,
     -10.58064667
    ]
   },
   "properties": {
    "name": "UNIT 32B, 31-33 SUMMERS STREET THURSDAY ISLAND 4875",
    "locID": "LOC000149097884",
    "tech": "NULL",
    "upgrade": "NULL_NA",
    "gnaf_pid": "GAQLD161798730",
    "ee": false,
    "tech_change_status": "Not Planned"
   }
  },
  {
   "type": "Feature",
   "geometry": {
    "type": "Point",
    "coordinates": [
     142.22233698,
     -10.58064667
    ]
   },
   "properties": {
    "name": "UNIT 33A, 31-33 SUMMERS STREET THURSDAY ISLAND 4875",
    "locID": "LOC000149097884",
    "tech": "NULL",
    "upgrade": "NULL_NA",
    "gnaf_pid": "GAQLD161798731",
    "ee": false,
    "tech_change_status": "Not Planned"
   }
  },
  {
   "type": "Feature",
   "geometry": {
    "type": "Point",
    "coordinates": [
     142.22233698,
     -10.58064667
    ]
   },
   "properties": {
    "name": "UNIT 33B, 31-33 SUMMERS STREET THURSDAY ISLAND 4875",
    "locID": "LOC000149097884",
    "tech": "NULL",
    "upgrade": "NULL_NA",
    "gnaf_pid": "GAQLD161798732",
    "ee": false,
    "tech_change_status": "Not Planned"
   }
  },
  {
   "type": "Feature",
   "geometry": {
    "type": "Point",
    "coordinates": [
     142.22233698,
     -10.58064667
    ]
   },
   "properties": {
    "name": "UNIT 34A, 31-33 SUMMERS STREET THURSDAY ISLAND 4875",
    "locID": "LOC000149097884",
    "tech": "NULL",
    "upgrade": "NULL_NA",
    "gnaf_pid": "GAQLD161798733",
    "ee": false,
    "tech_change_status": "Not Planned"
   }
  },
  {
   "type": "Feature",
   "geometry": {
    "type": "Point",
    "coordinates": [
     142.22233698,
     -10.58064667
    ]
   },
   "properties": {
    "name": "UNIT 34B, 31-33 SUMMERS STREET THURSDAY ISLAND 4875",
    "locID": "LOC000149097884",
    "tech": "NULL",
    "upgrade": "NULL_NA",
    "gnaf_pid": "GAQLD161798734",
    "ee": false,
    "tech_change_status": "Not Planned"
   }
  },
  {
   "type": "Feature",
   "geometry": {
    "type": "Point",
    "coordinates": [
     142.21666983,
     -10.58045335
    ]
   },
   "properties": {
    "name": "UNIT 3, 77 SUMMERS STREET THURSDAY ISLAND 4875",
    "locID": "LOC000087216203",
    "tech": "NULL",
    "upgrade": "NULL_NA",
    "gnaf_pid": "GAQLD161798736",
    "ee": false,
    "tech_change_status": "Not Planned"
   }
  },
  {
   "type": "Feature",
   "geometry": {
    "type": "Point",
    "coordinates": [
     142.2265476,
     -10.58204835
    ]
   },
   "properties": {
    "name": "1-3 SUMMERS STREET THURSDAY ISLAND 4875",
    "locID": "LOC000079229916",
    "tech": "NULL",
    "upgrade": "NULL_NA",
    "gnaf_pid": "GAQLD161798737",
    "ee": false,
    "tech_change_status": "Not Planned"
   }
  },
  {
   "type": "Feature",
   "geometry": {
    "type": "Point",
    "coordinates": [
     142.22318907,
     -10.58005155
    ]
   },
   "properties": {
    "name": "26-48 SUMMERS STREET THURSDAY ISLAND 4875",
    "locID": "LOC000037639702",
    "tech": "NULL",
    "upgrade": "NULL_NA",
    "gnaf_pid": "GAQLD161798738",
    "ee": false,
    "tech_change_status": "Not Planned"
   }
  },
  {
   "type": "Feature",
   "geometry": {
    "type": "Point",
    "coordinates": [
     142.22584464,
     -10.58137739
    ]
   },
   "properties": {
    "name": "5 SUMMERS STREET THURSDAY ISLAND 4875",
    "locID": "LOC100072086108",
    "tech": "NULL",
    "upgrade": "NULL_NA",
    "gnaf_pid": "GAQLD161798740",
    "ee": false,
    "tech_change_status": "Not Planned"
   }
  },
  {
   "type": "Feature",
   "geometry": {
    "type": "Point",
    "coordinates": [
     142.22024862,
     -10.58478323
    ]
   },
   "properties": {
    "name": "4 VICTORIA PARADE THURSDAY ISLAND 4875",
    "locID": "LOC000081656109",
    "tech": "NULL",
    "upgrade": "NULL_NA",
    "gnaf_pid": "GAQLD161800675",
    "ee": false,
    "tech_change_status": "Not Planned"
   }
  },
  {
   "type": "Feature",
   "geometry": {
    "type": "Point",
    "coordinates": [
     142.21549542,
     -10.58522215
    ]
   },
   "properties": {
    "name": "52 VICTORIA PARADE THURSDAY ISLAND 4875",
    "locID": "LOC000001814282",
    "tech": "NULL",
    "upgrade": "NULL_NA",
    "gnaf_pid": "GAQLD161800676",
    "ee": false,
    "tech_change_status": "Not Planned"
   }
  },
  {
   "type": "Feature",
   "geometry": {
    "type": "Point",
    "coordinates": [
     142.22344587,
     -10.58241926
    ]
   },
   "properties": {
    "name": "UNIT 1, 28 DOUGLAS STREET THURSDAY ISLAND 4875",
    "locID": "LOC000071298121",
    "tech": "NULL",
    "upgrade": "NULL_NA",
    "gnaf_pid": "GAQLD161951798",
    "ee": false,
    "tech_change_status": "Not Planned"
   }
  },
  {
   "type": "Feature",
   "geometry": {
    "type": "Point",
    "coordinates": [
     142.22344587,
     -10.58241926
    ]
   },
   "properties": {
    "name": "UNIT 2, 28 DOUGLAS STREET THURSDAY ISLAND 4875",
    "locID": "LOC000070871329",
    "tech": "NULL",
    "upgrade": "NULL_NA",
    "gnaf_pid": "GAQLD161951799",
    "ee": false,
    "tech_change_status": "Not Planned"
   }
  },
  {
   "type": "Feature",
   "geometry": {
    "type": "Point",
    "coordinates": [
     142.22149795,
     -10.58187103
    ]
   },
   "properties": {
    "name": "UNIT 1, 25 HARGRAVE STREET THURSDAY ISLAND 4875",
    "locID": "LOC000149096394",
    "tech": "SATELLITE",
    "upgrade": "NULL_NA",
    "gnaf_pid": "GAQLD161955955",
    "ee": false,
    "tech_change_status": "Not Planned"
   }
  },
  {
   "type": "Feature",
   "geometry": {
    "type": "Point",
    "coordinates": [
     142.2219454,
     -10.5831837
    ]
   },
   "properties": {
    "name": "UNIT 3, 9 JOHN STREET THURSDAY ISLAND 4875",
    "locID": "LOC000107225125",
    "tech": "NULL",
    "upgrade": "NULL_NA",
    "gnaf_pid": "GAQLD161957193",
    "ee": false,
    "tech_change_status": "Not Planned"
   }
  },
  {
   "type": "Feature",
   "geometry": {
    "type": "Point",
    "coordinates": [
     142.2219454,
     -10.5831837
    ]
   },
   "properties": {
    "name": "UNIT 5, 9 JOHN STREET THURSDAY ISLAND 4875",
    "locID": "LOC000149096696",
    "tech": "NULL",
    "upgrade": "NULL_NA",
    "gnaf_pid": "GAQLD161957194",
    "ee": false,
    "tech_change_status": "Not Planned"
   }
  },
  {
   "type": "Feature",
   "geometry": {
    "type": "Point",
    "coordinates": [
     142.21097337,
     -10.58629145
    ]
   },
   "properties": {
    "name": "12 AUBREY PARADE THURSDAY ISLAND 4875",
    "locID": "LOC000129736761",
    "tech": "NULL",
    "upgrade": "NULL_NA",
    "gnaf_pid": "GAQLD162007152",
    "ee": false,
    "tech_change_status": "Not Planned"
   }
  },
  {
   "type": "Feature",
   "geometry": {
    "type": "Point",
    "coordinates": [
     142.21877327,
     -10.58021915
    ]
   },
   "properties": {
    "name": "32 BLACKALL STREET THURSDAY ISLAND 4875",
    "locID": "LOC000061645040",
    "tech": "NULL",
    "upgrade": "NULL_NA",
    "gnaf_pid": "GAQLD162010793",
    "ee": false,
    "tech_change_status": "Not Planned"
   }
  },
  {
   "type": "Feature",
   "geometry": {
    "type": "Point",
    "coordinates": [
     142.21360206,
     -10.58312826
    ]
   },
   "properties": {
    "name": "13A CHESTER STREET THURSDAY ISLAND 4875",
    "locID": "LOC000150205114",
    "tech": "SATELLITE",
    "upgrade": "NULL_NA",
    "gnaf_pid": "GAQLD162017466",
    "ee": false,
    "tech_change_status": "Not Planned"
   }
  },
  {
   "type": "Feature",
   "geometry": {
    "type": "Point",
    "coordinates": [
     142.21429364,
     -10.58398119
    ]
   },
   "properties": {
    "name": "14A CHESTER STREET THURSDAY ISLAND 4875",
    "locID": "LOC000105282419",
    "tech": "SATELLITE",
    "upgrade": "NULL_NA",
    "gnaf_pid": "GAQLD162017467",
    "ee": false,
    "tech_change_status": "Not Planned"
   }
  },
  {
   "type": "Feature",
   "geometry": {
    "type": "Point",
    "coordinates": [
     142.21467921,
     -10.57984363
    ]
   },
   "properties": {
    "name": "41 CHESTER STREET THURSDAY ISLAND 4875",
    "locID": "LOC000105282419",
    "tech": "SATELLITE",
    "upgrade": "NULL_NA",
    "gnaf_pid": "GAQLD162017469",
    "ee": false,
    "tech_change_status": "Not Planned"
   }
  },
  {
   "type": "Feature",
   "geometry": {
    "type": "Point",
    "coordinates": [
     142.22657403,
     -10.5823897
    ]
   },
   "properties": {
    "name": "12-16 DOUGLAS STREET THURSDAY ISLAND 4875",
    "locID": "LOC000149097192",
    "tech": "NULL",
    "upgrade": "NULL_NA",
    "gnaf_pid": "GAQLD162023310",
    "ee": false,
    "tech_change_status": "Not Planned"
   }
  },
  {
   "type": "Feature",
   "geometry": {
    "type": "Point",
    "coordinates": [
     142.21180387,
     -10.58642183
    ]
   },
   "properties": {
    "name": "154 DOUGLAS STREET THURSDAY ISLAND 4875",
    "locID": "LOC000040042922",
    "tech": "NULL",
    "upgrade": "NULL_NA",
    "gnaf_pid": "GAQLD162023311",
    "ee": false,
    "tech_change_status": "Not Planned"
   }
  },
  {
   "type": "Feature",
   "geometry": {
    "type": "Point",
    "coordinates": [
     142.21933849,
     -10.58215667
    ]
   },
   "properties": {
    "name": "34-36 JOHN STREET THURSDAY ISLAND 4875",
    "locID": "LOC000039640851",
    "tech": "NULL",
    "upgrade": "NULL_NA",
    "gnaf_pid": "GAQLD162039767",
    "ee": false,
    "tech_change_status": "Not Planned"
   }
  },
  {
   "type": "Feature",
   "geometry": {
    "type": "Point",
    "coordinates": [
     142.22373759,
     -10.57769834
    ]
   },
   "properties": {
    "name": "LOT 2 MILMAN STREET THURSDAY ISLAND 4875",
    "locID": "LOC000026620104",
    "tech": "NULL",
    "upgrade": "NULL_NA",
    "gnaf_pid": "GAQLD162050131",
    "ee": false,
    "tech_change_status": "Not Planned"
   }
  },
  {
   "type": "Feature",
   "geometry": {
    "type": "Point",
    "coordinates": [
     142.22342229,
     -10.58202299
    ]
   },
   "properties": {
    "name": "8 MILMAN STREET THURSDAY ISLAND 4875",
    "locID": "LOC000129738942",
    "tech": "NULL",
    "upgrade": "NULL_NA",
    "gnaf_pid": "GAQLD162050133",
    "ee": false,
    "tech_change_status": "Not Planned"
   }
  },
  {
   "type": "Feature",
   "geometry": {
    "type": "Point",
    "coordinates": [
     142.20957315,
     -10.58026472
    ]
   },
   "properties": {
    "name": "13 PORUMA STREET THURSDAY ISLAND 4875",
    "locID": "LOC000005819209",
    "tech": "SATELLITE",
    "upgrade": "NULL_NA",
    "gnaf_pid": "GAQLD162059370",
    "ee": false,
    "tech_change_status": "Not Planned"
   }
  },
  {
   "type": "Feature",
   "geometry": {
    "type": "Point",
    "coordinates": [
     142.21000797,
     -10.58016517
    ]
   },
   "properties": {
    "name": "22 PORUMA STREET THURSDAY ISLAND 4875",
    "locID": "LOC000091185571",
    "tech": "NULL",
    "upgrade": "NULL_NA",
    "gnaf_pid": "GAQLD162059371",
    "ee": false,
    "tech_change_status": "Not Planned"
   }
  },
  {
   "type": "Feature",
   "geometry": {
    "type": "Point",
    "coordinates": [
     142.21436411,
     -10.5829755
    ]
   },
   "properties": {
    "name": "1 QUETTA CLOSE THURSDAY ISLAND 4875",
    "locID": "LOC000149097214",
    "tech": "NULL",
    "upgrade": "NULL_NA",
    "gnaf_pid": "GAQLD162060249",
    "ee": false,
    "tech_change_status": "Not Planned"
   }
  },
  {
   "type": "Feature",
   "geometry": {
    "type": "Point",
    "coordinates": [
     142.22059762,
     -10.57976746
    ]
   },
   "properties": {
    "name": "52 SUMMERS STREET THURSDAY ISLAND 4875",
    "locID": "LOC000149097233",
    "tech": "SATELLITE",
    "upgrade": "NULL_NA",
    "gnaf_pid": "GAQLD162068370",
    "ee": false,
    "tech_change_status": "Not Planned"
   }
  },
  {
   "type": "Feature",
   "geometry": {
    "type": "Point",
    "coordinates": [
     142.219614,
     -10.58520061
    ]
   },
   "properties": {
    "name": "23 VICTORIA PARADE THURSDAY ISLAND 4875",
    "locID": "LOC000111638472",
    "tech": "NULL",
    "upgrade": "NULL_NA",
    "gnaf_pid": "GAQLD162073473",
    "ee": false,
    "tech_change_status": "Not Planned"
   }
  },
  {
   "type": "Feature",
   "geometry": {
    "type": "Point",
    "coordinates": [
     142.21574808,
     -10.5851374
    ]
   },
   "properties": {
    "name": "UNIT 1, 46 VICTORIA PARADE THURSDAY ISLAND 4875",
    "locID": "LOC000150903614",
    "tech": "NULL",
    "upgrade": "NULL_NA",
    "gnaf_pid": "GAQLD162203280",
    "ee": false,
    "tech_change_status": "Not Planned"
   }
  },
  {
   "type": "Feature",
   "geometry": {
    "type": "Point",
    "coordinates": [
     142.22180498,
     -10.58177726
    ]
   },
   "properties": {
    "name": "UNIT 1, 21 HARGRAVE STREET THURSDAY ISLAND 4875",
    "locID": "LOC000048056205",
    "tech": "SATELLITE",
    "upgrade": "NULL_NA",
    "gnaf_pid": "GAQLD162216235",
    "ee": false,
    "tech_change_status": "Not Planned"
   }
  },
  {
   "type": "Feature",
   "geometry": {
    "type": "Point",
    "coordinates": [
     142.21563631,
     -10.58054131
    ]
   },
   "properties": {
    "name": "UNIT 1, 84 HARGRAVE STREET THURSDAY ISLAND 4875",
    "locID": "LOC000149096631",
    "tech": "NULL",
    "upgrade": "NULL_NA",
    "gnaf_pid": "GAQLD162216236",
    "ee": false,
    "tech_change_status": "Not Planned"
   }
  },
  {
   "type": "Feature",
   "geometry": {
    "type": "Point",
    "coordinates": [
     142.22180498,
     -10.58177726
    ]
   },
   "properties": {
    "name": "UNIT 2, 21 HARGRAVE STREET THURSDAY ISLAND 4875",
    "locID": "LOC000048056205",
    "tech": "SATELLITE",
    "upgrade": "NULL_NA",
    "gnaf_pid": "GAQLD162216237",
    "ee": false,
    "tech_change_status": "Not Planned"
   }
  },
  {
   "type": "Feature",
   "geometry": {
    "type": "Point",
    "coordinates": [
     142.22212867,
     -10.58319817
    ]
   },
   "properties": {
    "name": "UNIT 4, 7 JOHN STREET THURSDAY ISLAND 4875",
    "locID": "LOC000068946608",
    "tech": "NULL",
    "upgrade": "NULL_NA",
    "gnaf_pid": "GAQLD162217026",
    "ee": false,
    "tech_change_status": "Not Planned"
   }
  },
  {
   "type": "Feature",
   "geometry": {
    "type": "Point",
    "coordinates": [
     142.22354943,
     -10.57956532
    ]
   },
   "properties": {
    "name": "UNIT 1, 22 MILMAN STREET THURSDAY ISLAND 4875",
    "locID": "LOC000149096736",
    "tech": "NULL",
    "upgrade": "NULL_NA",
    "gnaf_pid": "GAQLD162305741",
    "ee": false,
    "tech_change_status": "Not Planned"
   }
  },
  {
   "type": "Feature",
   "geometry": {
    "type": "Point",
    "coordinates": [
     142.22354943,
     -10.57956532
    ]
   },
   "properties": {
    "name": "UNIT 2, 22 MILMAN STREET THURSDAY ISLAND 4875",
    "locID": "LOC000149096736",
    "tech": "NULL",
    "upgrade": "NULL_NA",
    "gnaf_pid": "GAQLD162305742",
    "ee": false,
    "tech_change_status": "Not Planned"
   }
  },
  {
   "type": "Feature",
   "geometry": {
    "type": "Point",
    "coordinates": [
     142.22165538,
     -10.58106233
    ]
   },
   "properties": {
    "name": "UNIT 5, 38-40 HARGRAVE STREET THURSDAY ISLAND 4875",
    "locID": "LOC000033404722",
    "tech": "NULL",
    "upgrade": "NULL_NA",
    "gnaf_pid": "GAQLD162374215",
    "ee": false,
    "tech_change_status": "Not Planned"
   }
  },
  {
   "type": "Feature",
   "geometry": {
    "type": "Point",
    "coordinates": [
     142.22249142,
     -10.58320159
    ]
   },
   "properties": {
    "name": "UNIT 1, 3 JOHN STREET THURSDAY ISLAND 4875",
    "locID": "LOC000106621959",
    "tech": "NULL",
    "upgrade": "NULL_NA",
    "gnaf_pid": "GAQLD162374652",
    "ee": false,
    "tech_change_status": "Not Planned"
   }
  },
  {
   "type": "Feature",
   "geometry": {
    "type": "Point",
    "coordinates": [
     142.22249142,
     -10.58320159
    ]
   },
   "properties": {
    "name": "UNIT 2, 3 JOHN STREET THURSDAY ISLAND 4875",
    "locID": "LOC000024060867",
    "tech": "NULL",
    "upgrade": "NULL_NA",
    "gnaf_pid": "GAQLD162374654",
    "ee": false,
    "tech_change_status": "Not Planned"
   }
  },
  {
   "type": "Feature",
   "geometry": {
    "type": "Point",
    "coordinates": [
     142.22249142,
     -10.58320159
    ]
   },
   "properties": {
    "name": "UNIT 3, 3 JOHN STREET THURSDAY ISLAND 4875",
    "locID": "LOC000036635925",
    "tech": "NULL",
    "upgrade": "NULL_NA",
    "gnaf_pid": "GAQLD162374655",
    "ee": false,
    "tech_change_status": "Not Planned"
   }
  },
  {
   "type": "Feature",
   "geometry": {
    "type": "Point",
    "coordinates": [
     142.21734421,
     -10.58199555
    ]
   },
   "properties": {
    "name": "UNIT 3, 50 JOHN STREET THURSDAY ISLAND 4875",
    "locID": "LOC000053827200",
    "tech": "NULL",
    "upgrade": "NULL_NA",
    "gnaf_pid": "GAQLD162374656",
    "ee": false,
    "tech_change_status": "Not Planned"
   }
  },
  {
   "type": "Feature",
   "geometry": {
    "type": "Point",
    "coordinates": [
     142.21734421,
     -10.58199555
    ]
   },
   "properties": {
    "name": "UNIT 4, 50 JOHN STREET THURSDAY ISLAND 4875",
    "locID": "LOC000053827200",
    "tech": "NULL",
    "upgrade": "NULL_NA",
    "gnaf_pid": "GAQLD162374657",
    "ee": false,
    "tech_change_status": "Not Planned"
   }
  },
  {
   "type": "Feature",
   "geometry": {
    "type": "Point",
    "coordinates": [
     142.21734421,
     -10.58199555
    ]
   },
   "properties": {
    "name": "UNIT 5, 50 JOHN STREET THURSDAY ISLAND 4875",
    "locID": "LOC000184992219",
    "tech": "NULL",
    "upgrade": "NULL_NA",
    "gnaf_pid": "GAQLD162374658",
    "ee": false,
    "tech_change_status": "Not Planned"
   }
  },
  {
   "type": "Feature",
   "geometry": {
    "type": "Point",
    "coordinates": [
     142.21734421,
     -10.58199555
    ]
   },
   "properties": {
    "name": "UNIT 6, 50 JOHN STREET THURSDAY ISLAND 4875",
    "locID": "LOC000149096654",
    "tech": "NULL",
    "upgrade": "NULL_NA",
    "gnaf_pid": "GAQLD162374659",
    "ee": false,
    "tech_change_status": "Not Planned"
   }
  },
  {
   "type": "Feature",
   "geometry": {
    "type": "Point",
    "coordinates": [
     142.21734421,
     -10.58199555
    ]
   },
   "properties": {
    "name": "UNIT 7, 50 JOHN STREET THURSDAY ISLAND 4875",
    "locID": "LOC000149096654",
    "tech": "NULL",
    "upgrade": "NULL_NA",
    "gnaf_pid": "GAQLD162374660",
    "ee": false,
    "tech_change_status": "Not Planned"
   }
  },
  {
   "type": "Feature",
   "geometry": {
    "type": "Point",
    "coordinates": [
     142.21734421,
     -10.58199555
    ]
   },
   "properties": {
    "name": "UNIT 8, 50 JOHN STREET THURSDAY ISLAND 4875",
    "locID": "LOC000149096654",
    "tech": "NULL",
    "upgrade": "NULL_NA",
    "gnaf_pid": "GAQLD162374661",
    "ee": false,
    "tech_change_status": "Not Planned"
   }
  },
  {
   "type": "Feature",
   "geometry": {
    "type": "Point",
    "coordinates": [
     142.21929901,
     -10.57577943
    ]
   },
   "properties": {
    "name": "9 APLIN ROAD THURSDAY ISLAND 4875",
    "locID": "LOC000005802299",
    "tech": "SATELLITE",
    "upgrade": "NULL_NA",
    "gnaf_pid": "GAQLD162450848",
    "ee": false,
    "tech_change_status": "Not Planned"
   }
  },
  {
   "type": "Feature",
   "geometry": {
    "type": "Point",
    "coordinates": [
     142.21086099,
     -10.58576075
    ]
   },
   "properties": {
    "name": "16 AUBREY PARADE THURSDAY ISLAND 4875",
    "locID": "LOC000085578686",
    "tech": "NULL",
    "upgrade": "NULL_NA",
    "gnaf_pid": "GAQLD162450925",
    "ee": false,
    "tech_change_status": "Not Planned"
   }
  },
  {
   "type": "Feature",
   "geometry": {
    "type": "Point",
    "coordinates": [
     142.22366221,
     -10.5823495
    ]
   },
   "properties": {
    "name": "UNIT 1, 26 DOUGLAS STREET THURSDAY ISLAND 4875",
    "locID": "LOC000038647704",
    "tech": "NULL",
    "upgrade": "NULL_NA",
    "gnaf_pid": "GAQLD162452879",
    "ee": false,
    "tech_change_status": "Not Planned"
   }
  },
  {
   "type": "Feature",
   "geometry": {
    "type": "Point",
    "coordinates": [
     142.22366221,
     -10.5823495
    ]
   },
   "properties": {
    "name": "UNIT 2, 26 DOUGLAS STREET THURSDAY ISLAND 4875",
    "locID": "LOC100071980516",
    "tech": "NULL",
    "upgrade": "NULL_NA",
    "gnaf_pid": "GAQLD162452880",
    "ee": false,
    "tech_change_status": "Not Planned"
   }
  },
  {
   "type": "Feature",
   "geometry": {
    "type": "Point",
    "coordinates": [
     142.21444371,
     -10.58265302
    ]
   },
   "properties": {
    "name": "3 QUETTA CLOSE THURSDAY ISLAND 4875",
    "locID": "LOC000059496484",
    "tech": "NULL",
    "upgrade": "NULL_NA",
    "gnaf_pid": "GAQLD162457909",
    "ee": false,
    "tech_change_status": "Not Planned"
   }
  },
  {
   "type": "Feature",
   "geometry": {
    "type": "Point",
    "coordinates": [
     142.225303,
     -10.56946942
    ]
   },
   "properties": {
    "name": "UNIT 1, 65 WAIBEN ESPLANADE THURSDAY ISLAND 4875",
    "locID": "LOC000184756846",
    "tech": "NULL",
    "upgrade": "NULL_NA",
    "gnaf_pid": "GAQLD162459803",
    "ee": false,
    "tech_change_status": "Not Planned"
   }
  },
  {
   "type": "Feature",
   "geometry": {
    "type": "Point",
    "coordinates": [
     142.225303,
     -10.56946942
    ]
   },
   "properties": {
    "name": "UNIT 2, 65 WAIBEN ESPLANADE THURSDAY ISLAND 4875",
    "locID": "LOC000184756846",
    "tech": "NULL",
    "upgrade": "NULL_NA",
    "gnaf_pid": "GAQLD162459804",
    "ee": false,
    "tech_change_status": "Not Planned"
   }
  },
  {
   "type": "Feature",
   "geometry": {
    "type": "Point",
    "coordinates": [
     142.21397537,
     -10.58358987
    ]
   },
   "properties": {
    "name": "16 CHESTER STREET THURSDAY ISLAND 4875",
    "locID": "LOC000052179401",
    "tech": "NULL",
    "upgrade": "NULL_NA",
    "gnaf_pid": "GAQLD162664318",
    "ee": false,
    "tech_change_status": "Not Planned"
   }
  },
  {
   "type": "Feature",
   "geometry": {
    "type": "Point",
    "coordinates": [
     142.22694974,
     -10.58230226
    ]
   },
   "properties": {
    "name": "UNIT 1, 10 DOUGLAS STREET THURSDAY ISLAND 4875",
    "locID": "LOC000039436573",
    "tech": "NULL",
    "upgrade": "NULL_NA",
    "gnaf_pid": "GAQLD162664894",
    "ee": false,
    "tech_change_status": "Not Planned"
   }
  },
  {
   "type": "Feature",
   "geometry": {
    "type": "Point",
    "coordinates": [
     142.22694974,
     -10.58230226
    ]
   },
   "properties": {
    "name": "UNIT 2, 10 DOUGLAS STREET THURSDAY ISLAND 4875",
    "locID": "LOC000039431121",
    "tech": "NULL",
    "upgrade": "NULL_NA",
    "gnaf_pid": "GAQLD162664895",
    "ee": false,
    "tech_change_status": "Not Planned"
   }
  },
  {
   "type": "Feature",
   "geometry": {
    "type": "Point",
    "coordinates": [
     142.22387619,
     -10.58217906
    ]
   },
   "properties": {
    "name": "UNIT 4, 24 DOUGLAS STREET THURSDAY ISLAND 4875",
    "locID": "LOC100071980494",
    "tech": "NULL",
    "upgrade": "NULL_NA",
    "gnaf_pid": "GAQLD162664896",
    "ee": false,
    "tech_change_status": "Not Planned"
   }
  },
  {
   "type": "Feature",
   "geometry": {
    "type": "Point",
    "coordinates": [
     142.21457047,
     -10.58485886
    ]
   },
   "properties": {
    "name": "UNIT 1, 3 JARDINE STREET THURSDAY ISLAND 4875",
    "locID": "LOC000129738957",
    "tech": "NULL",
    "upgrade": "NULL_NA",
    "gnaf_pid": "GAQLD162666103",
    "ee": false,
    "tech_change_status": "Not Planned"
   }
  },
  {
   "type": "Feature",
   "geometry": {
    "type": "Point",
    "coordinates": [
     142.21457047,
     -10.58485886
    ]
   },
   "properties": {
    "name": "UNIT 2, 3 JARDINE STREET THURSDAY ISLAND 4875",
    "locID": "LOC000129738957",
    "tech": "NULL",
    "upgrade": "NULL_NA",
    "gnaf_pid": "GAQLD162666104",
    "ee": false,
    "tech_change_status": "Not Planned"
   }
  },
  {
   "type": "Feature",
   "geometry": {
    "type": "Point",
    "coordinates": [
     142.21587879,
     -10.58271858
    ]
   },
   "properties": {
    "name": "12 NORMANBY STREET THURSDAY ISLAND 4875",
    "locID": "LOC000094403541",
    "tech": "NULL",
    "upgrade": "NULL_NA",
    "gnaf_pid": "GAQLD162667542",
    "ee": false,
    "tech_change_status": "Not Planned"
   }
  },
  {
   "type": "Feature",
   "geometry": {
    "type": "Point",
    "coordinates": [
     142.21242592,
     -10.58005214
    ]
   },
   "properties": {
    "name": "UNIT 1, 6 CLARK STREET THURSDAY ISLAND 4875",
    "locID": "LOC000010027815",
    "tech": "NULL",
    "upgrade": "NULL_NA",
    "gnaf_pid": "GAQLD162700698",
    "ee": false,
    "tech_change_status": "Not Planned"
   }
  },
  {
   "type": "Feature",
   "geometry": {
    "type": "Point",
    "coordinates": [
     142.21252413,
     -10.57997929
    ]
   },
   "properties": {
    "name": "UNIT 2, 6 CLARK STREET THURSDAY ISLAND 4875",
    "locID": "LOC000009976885",
    "tech": "NULL",
    "upgrade": "NULL_NA",
    "gnaf_pid": "GAQLD162700699",
    "ee": false,
    "tech_change_status": "Not Planned"
   }
  },
  {
   "type": "Feature",
   "geometry": {
    "type": "Point",
    "coordinates": [
     142.21220353,
     -10.57995049
    ]
   },
   "properties": {
    "name": "UNIT 3, 6 CLARK STREET THURSDAY ISLAND 4875",
    "locID": "LOC000009902677",
    "tech": "SATELLITE",
    "upgrade": "NULL_NA",
    "gnaf_pid": "GAQLD162700700",
    "ee": false,
    "tech_change_status": "Not Planned"
   }
  },
  {
   "type": "Feature",
   "geometry": {
    "type": "Point",
    "coordinates": [
     142.21231011,
     -10.57989864
    ]
   },
   "properties": {
    "name": "UNIT 4, 6 CLARK STREET THURSDAY ISLAND 4875",
    "locID": "LOC000010027815",
    "tech": "NULL",
    "upgrade": "NULL_NA",
    "gnaf_pid": "GAQLD162700701",
    "ee": false,
    "tech_change_status": "Not Planned"
   }
  },
  {
   "type": "Feature",
   "geometry": {
    "type": "Point",
    "coordinates": [
     142.22285176,
     -10.58115678
    ]
   },
   "properties": {
    "name": "UNIT 1A, 9 MILMAN STREET THURSDAY ISLAND 4875",
    "locID": "LOC000004885524",
    "tech": "NULL",
    "upgrade": "NULL_NA",
    "gnaf_pid": "GAQLD162736246",
    "ee": false,
    "tech_change_status": "Not Planned"
   }
  },
  {
   "type": "Feature",
   "geometry": {
    "type": "Point",
    "coordinates": [
     142.22285176,
     -10.58115678
    ]
   },
   "properties": {
    "name": "UNIT 1B, 9 MILMAN STREET THURSDAY ISLAND 4875",
    "locID": "LOC000004977658",
    "tech": "NULL",
    "upgrade": "NULL_NA",
    "gnaf_pid": "GAQLD162736247",
    "ee": false,
    "tech_change_status": "Not Planned"
   }
  },
  {
   "type": "Feature",
   "geometry": {
    "type": "Point",
    "coordinates": [
     142.22285176,
     -10.58115678
    ]
   },
   "properties": {
    "name": "UNIT 2A, 9 MILMAN STREET THURSDAY ISLAND 4875",
    "locID": "LOC000005003870",
    "tech": "NULL",
    "upgrade": "NULL_NA",
    "gnaf_pid": "GAQLD162736248",
    "ee": false,
    "tech_change_status": "Not Planned"
   }
  },
  {
   "type": "Feature",
   "geometry": {
    "type": "Point",
    "coordinates": [
     142.22285176,
     -10.58115678
    ]
   },
   "properties": {
    "name": "UNIT 2B, 9 MILMAN STREET THURSDAY ISLAND 4875",
    "locID": "LOC000005052861",
    "tech": "NULL",
    "upgrade": "NULL_NA",
    "gnaf_pid": "GAQLD162736249",
    "ee": false,
    "tech_change_status": "Not Planned"
   }
  },
  {
   "type": "Feature",
   "geometry": {
    "type": "Point",
    "coordinates": [
     142.21897357,
     -10.58223853
    ]
   },
   "properties": {
    "name": "40 JOHN STREET THURSDAY ISLAND 4875",
    "locID": "LOC100072084785",
    "tech": "NULL",
    "upgrade": "NULL_NA",
    "gnaf_pid": "GAQLD162827711",
    "ee": false,
    "tech_change_status": "Not Planned"
   }
  },
  {
   "type": "Feature",
   "geometry": {
    "type": "Point",
    "coordinates": [
     142.21855492,
     -10.58291592
    ]
   },
   "properties": {
    "name": "UNIT 1, 14 BLACKALL STREET THURSDAY ISLAND 4875",
    "locID": "LOC000064249780",
    "tech": "NULL",
    "upgrade": "NULL_NA",
    "gnaf_pid": "GAQLD162844305",
    "ee": false,
    "tech_change_status": "Not Planned"
   }
  },
  {
   "type": "Feature",
   "geometry": {
    "type": "Point",
    "coordinates": [
     142.21816822,
     -10.58259922
    ]
   },
   "properties": {
    "name": "UNIT 1, 5 BLACKALL STREET THURSDAY ISLAND 4875",
    "locID": "LOC000064323013",
    "tech": "NULL",
    "upgrade": "NULL_NA",
    "gnaf_pid": "GAQLD162844306",
    "ee": false,
    "tech_change_status": "Not Planned"
   }
  },
  {
   "type": "Feature",
   "geometry": {
    "type": "Point",
    "coordinates": [
     142.21855492,
     -10.58291592
    ]
   },
   "properties": {
    "name": "UNIT 2, 14 BLACKALL STREET THURSDAY ISLAND 4875",
    "locID": "LOC000064323009",
    "tech": "NULL",
    "upgrade": "NULL_NA",
    "gnaf_pid": "GAQLD162844307",
    "ee": false,
    "tech_change_status": "Not Planned"
   }
  },
  {
   "type": "Feature",
   "geometry": {
    "type": "Point",
    "coordinates": [
     142.21816822,
     -10.58259922
    ]
   },
   "properties": {
    "name": "UNIT 2, 5 BLACKALL STREET THURSDAY ISLAND 4875",
    "locID": "LOC000001775949",
    "tech": "SATELLITE",
    "upgrade": "NULL_NA",
    "gnaf_pid": "GAQLD162844308",
    "ee": false,
    "tech_change_status": "Not Planned"
   }
  },
  {
   "type": "Feature",
   "geometry": {
    "type": "Point",
    "coordinates": [
     142.21855492,
     -10.58291592
    ]
   },
   "properties": {
    "name": "UNIT 3, 14 BLACKALL STREET THURSDAY ISLAND 4875",
    "locID": "LOC000064076900",
    "tech": "SATELLITE",
    "upgrade": "NULL_NA",
    "gnaf_pid": "GAQLD162844309",
    "ee": false,
    "tech_change_status": "Not Planned"
   }
  },
  {
   "type": "Feature",
   "geometry": {
    "type": "Point",
    "coordinates": [
     142.21816822,
     -10.58259922
    ]
   },
   "properties": {
    "name": "UNIT 3, 5 BLACKALL STREET THURSDAY ISLAND 4875",
    "locID": "LOC000001775949",
    "tech": "SATELLITE",
    "upgrade": "NULL_NA",
    "gnaf_pid": "GAQLD162844310",
    "ee": false,
    "tech_change_status": "Not Planned"
   }
  },
  {
   "type": "Feature",
   "geometry": {
    "type": "Point",
    "coordinates": [
     142.21855492,
     -10.58291592
    ]
   },
   "properties": {
    "name": "UNIT 4, 14 BLACKALL STREET THURSDAY ISLAND 4875",
    "locID": "LOC000064395885",
    "tech": "NULL",
    "upgrade": "NULL_NA",
    "gnaf_pid": "GAQLD162844311",
    "ee": false,
    "tech_change_status": "Not Planned"
   }
  },
  {
   "type": "Feature",
   "geometry": {
    "type": "Point",
    "coordinates": [
     142.21816822,
     -10.58259922
    ]
   },
   "properties": {
    "name": "UNIT 4, 5 BLACKALL STREET THURSDAY ISLAND 4875",
    "locID": "LOC000001775949",
    "tech": "SATELLITE",
    "upgrade": "NULL_NA",
    "gnaf_pid": "GAQLD162844312",
    "ee": false,
    "tech_change_status": "Not Planned"
   }
  },
  {
   "type": "Feature",
   "geometry": {
    "type": "Point",
    "coordinates": [
     142.21855492,
     -10.58291592
    ]
   },
   "properties": {
    "name": "UNIT 5, 14 BLACKALL STREET THURSDAY ISLAND 4875",
    "locID": "LOC000064323013",
    "tech": "NULL",
    "upgrade": "NULL_NA",
    "gnaf_pid": "GAQLD162844313",
    "ee": false,
    "tech_change_status": "Not Planned"
   }
  },
  {
   "type": "Feature",
   "geometry": {
    "type": "Point",
    "coordinates": [
     142.21855492,
     -10.58291592
    ]
   },
   "properties": {
    "name": "UNIT 6, 14 BLACKALL STREET THURSDAY ISLAND 4875",
    "locID": "LOC000064323021",
    "tech": "NULL",
    "upgrade": "NULL_NA",
    "gnaf_pid": "GAQLD162844314",
    "ee": false,
    "tech_change_status": "Not Planned"
   }
  },
  {
   "type": "Feature",
   "geometry": {
    "type": "Point",
    "coordinates": [
     142.21855492,
     -10.58291592
    ]
   },
   "properties": {
    "name": "UNIT 7, 14 BLACKALL STREET THURSDAY ISLAND 4875",
    "locID": "LOC000064323032",
    "tech": "NULL",
    "upgrade": "NULL_NA",
    "gnaf_pid": "GAQLD162844315",
    "ee": false,
    "tech_change_status": "Not Planned"
   }
  },
  {
   "type": "Feature",
   "geometry": {
    "type": "Point",
    "coordinates": [
     142.21855492,
     -10.58291592
    ]
   },
   "properties": {
    "name": "UNIT 8, 14 BLACKALL STREET THURSDAY ISLAND 4875",
    "locID": "LOC000064191646",
    "tech": "NULL",
    "upgrade": "NULL_NA",
    "gnaf_pid": "GAQLD162844316",
    "ee": false,
    "tech_change_status": "Not Planned"
   }
  },
  {
   "type": "Feature",
   "geometry": {
    "type": "Point",
    "coordinates": [
     142.21960716,
     -10.58473258
    ]
   },
   "properties": {
    "name": "UNIT 1, 10 VICTORIA PARADE THURSDAY ISLAND 4875",
    "locID": "LOC100072086385",
    "tech": "NULL",
    "upgrade": "NULL_NA",
    "gnaf_pid": "GAQLD162978066",
    "ee": false,
    "tech_change_status": "Not Planned"
   }
  },
  {
   "type": "Feature",
   "geometry": {
    "type": "Point",
    "coordinates": [
     142.21855492,
     -10.58291592
    ]
   },
   "properties": {
    "name": "14 BLACKALL STREET THURSDAY ISLAND 4875",
    "locID": "LOC000064323013",
    "tech": "NULL",
    "upgrade": "NULL_NA",
    "gnaf_pid": "GAQLD162991853",
    "ee": false,
    "tech_change_status": "Not Planned"
   }
  },
  {
   "type": "Feature",
   "geometry": {
    "type": "Point",
    "coordinates": [
     142.21816822,
     -10.58259922
    ]
   },
   "properties": {
    "name": "5 BLACKALL STREET THURSDAY ISLAND 4875",
    "locID": "LOC000001775949",
    "tech": "SATELLITE",
    "upgrade": "NULL_NA",
    "gnaf_pid": "GAQLD162991854",
    "ee": false,
    "tech_change_status": "Not Planned"
   }
  },
  {
   "type": "Feature",
   "geometry": {
    "type": "Point",
    "coordinates": [
     142.21233754,
     -10.58014356
    ]
   },
   "properties": {
    "name": "6 CLARK STREET THURSDAY ISLAND 4875",
    "locID": "LOC000010027815",
    "tech": "NULL",
    "upgrade": "NULL_NA",
    "gnaf_pid": "GAQLD162992645",
    "ee": false,
    "tech_change_status": "Not Planned"
   }
  },
  {
   "type": "Feature",
   "geometry": {
    "type": "Point",
    "coordinates": [
     142.22344587,
     -10.58241926
    ]
   },
   "properties": {
    "name": "28 DOUGLAS STREET THURSDAY ISLAND 4875",
    "locID": "LOC000129739062",
    "tech": "SATELLITE",
    "upgrade": "NULL_NA",
    "gnaf_pid": "GAQLD162993177",
    "ee": false,
    "tech_change_status": "Not Planned"
   }
  },
  {
   "type": "Feature",
   "geometry": {
    "type": "Point",
    "coordinates": [
     142.22180498,
     -10.58177726
    ]
   },
   "properties": {
    "name": "21 HARGRAVE STREET THURSDAY ISLAND 4875",
    "locID": "LOC000048056205",
    "tech": "SATELLITE",
    "upgrade": "NULL_NA",
    "gnaf_pid": "GAQLD162994305",
    "ee": false,
    "tech_change_status": "Not Planned"
   }
  },
  {
   "type": "Feature",
   "geometry": {
    "type": "Point",
    "coordinates": [
     142.22006374,
     -10.58087196
    ]
   },
   "properties": {
    "name": "3 HARGRAVE STREET THURSDAY ISLAND 4875",
    "locID": "LOC000043510515",
    "tech": "NULL",
    "upgrade": "NULL_NA",
    "gnaf_pid": "GAQLD162994307",
    "ee": false,
    "tech_change_status": "Not Planned"
   }
  },
  {
   "type": "Feature",
   "geometry": {
    "type": "Point",
    "coordinates": [
     142.22367431,
     -10.58206013
    ]
   },
   "properties": {
    "name": "5 HARGRAVE STREET THURSDAY ISLAND 4875",
    "locID": "LOC000053080076",
    "tech": "SATELLITE",
    "upgrade": "NULL_NA",
    "gnaf_pid": "GAQLD162994308",
    "ee": false,
    "tech_change_status": "Not Planned"
   }
  },
  {
   "type": "Feature",
   "geometry": {
    "type": "Point",
    "coordinates": [
     142.21457047,
     -10.58485886
    ]
   },
   "properties": {
    "name": "3 JARDINE STREET THURSDAY ISLAND 4875",
    "locID": "LOC000129738957",
    "tech": "NULL",
    "upgrade": "NULL_NA",
    "gnaf_pid": "GAQLD162994719",
    "ee": false,
    "tech_change_status": "Not Planned"
   }
  },
  {
   "type": "Feature",
   "geometry": {
    "type": "Point",
    "coordinates": [
     142.22141698,
     -10.58320583
    ]
   },
   "properties": {
    "name": "15 JOHN STREET THURSDAY ISLAND 4875",
    "locID": "LOC000150205122",
    "tech": "NULL",
    "upgrade": "NULL_NA",
    "gnaf_pid": "GAQLD162994770",
    "ee": false,
    "tech_change_status": "Not Planned"
   }
  },
  {
   "type": "Feature",
   "geometry": {
    "type": "Point",
    "coordinates": [
     142.21628387,
     -10.5818609
    ]
   },
   "properties": {
    "name": "62 JOHN STREET THURSDAY ISLAND 4875",
    "locID": "LOC000107235567",
    "tech": "NULL",
    "upgrade": "NULL_NA",
    "gnaf_pid": "GAQLD162994772",
    "ee": false,
    "tech_change_status": "Not Planned"
   }
  },
  {
   "type": "Feature",
   "geometry": {
    "type": "Point",
    "coordinates": [
     142.21211587,
     -10.5796937
    ]
   },
   "properties": {
    "name": "3 NAZEER STREET THURSDAY ISLAND 4875",
    "locID": "LOC000030686325",
    "tech": "NULL",
    "upgrade": "NULL_NA",
    "gnaf_pid": "GAQLD162996191",
    "ee": false,
    "tech_change_status": "Not Planned"
   }
  },
  {
   "type": "Feature",
   "geometry": {
    "type": "Point",
    "coordinates": [
     142.21444371,
     -10.58265302
    ]
   },
   "properties": {
    "name": "8 QUETTA CLOSE THURSDAY ISLAND 4875",
    "locID": "LOC000092242850",
    "tech": "NULL",
    "upgrade": "NULL_NA",
    "gnaf_pid": "GAQLD162996957",
    "ee": false,
    "tech_change_status": "Not Planned"
   }
  },
  {
   "type": "Feature",
   "geometry": {
    "type": "Point",
    "coordinates": [
     142.22403441,
     -10.58018907
    ]
   },
   "properties": {
    "name": "18 SUMMERS STREET THURSDAY ISLAND 4875",
    "locID": "LOC000105219564",
    "tech": "NULL",
    "upgrade": "NULL_NA",
    "gnaf_pid": "GAQLD162997855",
    "ee": false,
    "tech_change_status": "Not Planned"
   }
  },
  {
   "type": "Feature",
   "geometry": {
    "type": "Point",
    "coordinates": [
     142.21666983,
     -10.58045335
    ]
   },
   "properties": {
    "name": "77 SUMMERS STREET THURSDAY ISLAND 4875",
    "locID": "LOC000086952987",
    "tech": "SATELLITE",
    "upgrade": "NULL_NA",
    "gnaf_pid": "GAQLD162997858",
    "ee": false,
    "tech_change_status": "Not Planned"
   }
  },
  {
   "type": "Feature",
   "geometry": {
    "type": "Point",
    "coordinates": [
     142.21781432,
     -10.58180813
    ]
   },
   "properties": {
    "name": "UNIT 1, 19-21 BLACKALL STREET THURSDAY ISLAND 4875",
    "locID": "LOC000015791611",
    "tech": "SATELLITE",
    "upgrade": "NULL_NA",
    "gnaf_pid": "GAQLD163020646",
    "ee": false,
    "tech_change_status": "Not Planned"
   }
  },
  {
   "type": "Feature",
   "geometry": {
    "type": "Point",
    "coordinates": [
     142.21781432,
     -10.58180813
    ]
   },
   "properties": {
    "name": "UNIT 2, 19-21 BLACKALL STREET THURSDAY ISLAND 4875",
    "locID": "LOC000015791611",
    "tech": "SATELLITE",
    "upgrade": "NULL_NA",
    "gnaf_pid": "GAQLD163020647",
    "ee": false,
    "tech_change_status": "Not Planned"
   }
  },
  {
   "type": "Feature",
   "geometry": {
    "type": "Point",
    "coordinates": [
     142.21781432,
     -10.58180813
    ]
   },
   "properties": {
    "name": "UNIT 3, 19-21 BLACKALL STREET THURSDAY ISLAND 4875",
    "locID": "LOC000015791611",
    "tech": "SATELLITE",
    "upgrade": "NULL_NA",
    "gnaf_pid": "GAQLD163020648",
    "ee": false,
    "tech_change_status": "Not Planned"
   }
  },
  {
   "type": "Feature",
   "geometry": {
    "type": "Point",
    "coordinates": [
     142.21781432,
     -10.58180813
    ]
   },
   "properties": {
    "name": "UNIT 4, 19-21 BLACKALL STREET THURSDAY ISLAND 4875",
    "locID": "LOC000015896217",
    "tech": "NULL",
    "upgrade": "NULL_NA",
    "gnaf_pid": "GAQLD163020649",
    "ee": false,
    "tech_change_status": "Not Planned"
   }
  },
  {
   "type": "Feature",
   "geometry": {
    "type": "Point",
    "coordinates": [
     142.2216812,
     -10.58188549
    ]
   },
   "properties": {
    "name": "UNIT 1, 23 HARGRAVE STREET THURSDAY ISLAND 4875",
    "locID": "LOC000149096789",
    "tech": "NULL",
    "upgrade": "NULL_NA",
    "gnaf_pid": "GAQLD163022647",
    "ee": false,
    "tech_change_status": "Not Planned"
   }
  },
  {
   "type": "Feature",
   "geometry": {
    "type": "Point",
    "coordinates": [
     142.2216812,
     -10.58188549
    ]
   },
   "properties": {
    "name": "UNIT 2, 23 HARGRAVE STREET THURSDAY ISLAND 4875",
    "locID": "LOC000149096789",
    "tech": "NULL",
    "upgrade": "NULL_NA",
    "gnaf_pid": "GAQLD163022648",
    "ee": false,
    "tech_change_status": "Not Planned"
   }
  },
  {
   "type": "Feature",
   "geometry": {
    "type": "Point",
    "coordinates": [
     142.22467932,
     -10.58130109
    ]
   },
   "properties": {
    "name": "UNIT 3, 10 HARGRAVE STREET THURSDAY ISLAND 4875",
    "locID": "LOC000149096665",
    "tech": "NULL",
    "upgrade": "NULL_NA",
    "gnaf_pid": "GAQLD163022649",
    "ee": false,
    "tech_change_status": "Not Planned"
   }
  },
  {
   "type": "Feature",
   "geometry": {
    "type": "Point",
    "coordinates": [
     142.2216812,
     -10.58188549
    ]
   },
   "properties": {
    "name": "UNIT 3, 23 HARGRAVE STREET THURSDAY ISLAND 4875",
    "locID": "LOC000149096789",
    "tech": "NULL",
    "upgrade": "NULL_NA",
    "gnaf_pid": "GAQLD163022650",
    "ee": false,
    "tech_change_status": "Not Planned"
   }
  },
  {
   "type": "Feature",
   "geometry": {
    "type": "Point",
    "coordinates": [
     142.22149795,
     -10.58187103
    ]
   },
   "properties": {
    "name": "UNIT 3, 25 HARGRAVE STREET THURSDAY ISLAND 4875",
    "locID": "LOC000149096394",
    "tech": "SATELLITE",
    "upgrade": "NULL_NA",
    "gnaf_pid": "GAQLD163022651",
    "ee": false,
    "tech_change_status": "Not Planned"
   }
  },
  {
   "type": "Feature",
   "geometry": {
    "type": "Point",
    "coordinates": [
     142.2216812,
     -10.58188549
    ]
   },
   "properties": {
    "name": "UNIT 4, 23 HARGRAVE STREET THURSDAY ISLAND 4875",
    "locID": "LOC000149096789",
    "tech": "NULL",
    "upgrade": "NULL_NA",
    "gnaf_pid": "GAQLD163022652",
    "ee": false,
    "tech_change_status": "Not Planned"
   }
  },
  {
   "type": "Feature",
   "geometry": {
    "type": "Point",
    "coordinates": [
     142.22149795,
     -10.58187103
    ]
   },
   "properties": {
    "name": "UNIT 4, 25 HARGRAVE STREET THURSDAY ISLAND 4875",
    "locID": "LOC000149096394",
    "tech": "SATELLITE",
    "upgrade": "NULL_NA",
    "gnaf_pid": "GAQLD163022653",
    "ee": false,
    "tech_change_status": "Not Planned"
   }
  },
  {
   "type": "Feature",
   "geometry": {
    "type": "Point",
    "coordinates": [
     142.21150112,
     -10.58583018
    ]
   },
   "properties": {
    "name": "UNIT 1, 13 PEARL STREET THURSDAY ISLAND 4875",
    "locID": "LOC000050086039",
    "tech": "NULL",
    "upgrade": "NULL_NA",
    "gnaf_pid": "GAQLD163039654",
    "ee": false,
    "tech_change_status": "Not Planned"
   }
  },
  {
   "type": "Feature",
   "geometry": {
    "type": "Point",
    "coordinates": [
     142.21150112,
     -10.58583018
    ]
   },
   "properties": {
    "name": "UNIT 2, 13 PEARL STREET THURSDAY ISLAND 4875",
    "locID": "LOC000050205134",
    "tech": "NULL",
    "upgrade": "NULL_NA",
    "gnaf_pid": "GAQLD163039655",
    "ee": false,
    "tech_change_status": "Not Planned"
   }
  },
  {
   "type": "Feature",
   "geometry": {
    "type": "Point",
    "coordinates": [
     142.21150112,
     -10.58583018
    ]
   },
   "properties": {
    "name": "UNIT 3, 13 PEARL STREET THURSDAY ISLAND 4875",
    "locID": "LOC000050406788",
    "tech": "SATELLITE",
    "upgrade": "NULL_NA",
    "gnaf_pid": "GAQLD163039656",
    "ee": false,
    "tech_change_status": "Not Planned"
   }
  },
  {
   "type": "Feature",
   "geometry": {
    "type": "Point",
    "coordinates": [
     142.2194281,
     -10.58382326
    ]
   },
   "properties": {
    "name": "2 DOUGLAS STREET THURSDAY ISLAND 4875",
    "locID": "LOC000003526510",
    "tech": "NULL",
    "upgrade": "NULL_NA",
    "gnaf_pid": "GAQLD163067304",
    "ee": false,
    "tech_change_status": "Not Planned"
   }
  },
  {
   "type": "Feature",
   "geometry": {
    "type": "Point",
    "coordinates": [
     142.21948706,
     -10.58426543
    ]
   },
   "properties": {
    "name": "63 DOUGLAS STREET THURSDAY ISLAND 4875",
    "locID": "LOC000075101523",
    "tech": "NULL",
    "upgrade": "NULL_NA",
    "gnaf_pid": "GAQLD163067307",
    "ee": false,
    "tech_change_status": "Not Planned"
   }
  },
  {
   "type": "Feature",
   "geometry": {
    "type": "Point",
    "coordinates": [
     142.21897357,
     -10.58223853
    ]
   },
   "properties": {
    "name": "UNIT 1, 40 JOHN STREET THURSDAY ISLAND 4875",
    "locID": "LOC100072084802",
    "tech": "NULL",
    "upgrade": "NULL_NA",
    "gnaf_pid": "GAQLD163124573",
    "ee": false,
    "tech_change_status": "Not Planned"
   }
  },
  {
   "type": "Feature",
   "geometry": {
    "type": "Point",
    "coordinates": [
     142.21897357,
     -10.58223853
    ]
   },
   "properties": {
    "name": "UNIT 2, 40 JOHN STREET THURSDAY ISLAND 4875",
    "locID": "LOC100072084792",
    "tech": "NULL",
    "upgrade": "NULL_NA",
    "gnaf_pid": "GAQLD163124574",
    "ee": false,
    "tech_change_status": "Not Planned"
   }
  },
  {
   "type": "Feature",
   "geometry": {
    "type": "Point",
    "coordinates": [
     142.21360206,
     -10.58312826
    ]
   },
   "properties": {
    "name": "UNIT 1, 13A CHESTER STREET THURSDAY ISLAND 4875",
    "locID": "LOC000186851089",
    "tech": "NULL",
    "upgrade": "NULL_NA",
    "gnaf_pid": "GAQLD163253100",
    "ee": false,
    "tech_change_status": "Not Planned"
   }
  },
  {
   "type": "Feature",
   "geometry": {
    "type": "Point",
    "coordinates": [
     142.21360206,
     -10.58312826
    ]
   },
   "properties": {
    "name": "UNIT 2, 13A CHESTER STREET THURSDAY ISLAND 4875",
    "locID": "LOC000150205114",
    "tech": "SATELLITE",
    "upgrade": "NULL_NA",
    "gnaf_pid": "GAQLD163253101",
    "ee": false,
    "tech_change_status": "Not Planned"
   }
  },
  {
   "type": "Feature",
   "geometry": {
    "type": "Point",
    "coordinates": [
     142.21360206,
     -10.58312826
    ]
   },
   "properties": {
    "name": "UNIT 3, 13A CHESTER STREET THURSDAY ISLAND 4875",
    "locID": "LOC000150205114",
    "tech": "SATELLITE",
    "upgrade": "NULL_NA",
    "gnaf_pid": "GAQLD163253102",
    "ee": false,
    "tech_change_status": "Not Planned"
   }
  },
  {
   "type": "Feature",
   "geometry": {
    "type": "Point",
    "coordinates": [
     142.21935035,
     -10.5842489
    ]
   },
   "properties": {
    "name": "UNIT 1, 67 DOUGLAS STREET THURSDAY ISLAND 4875",
    "locID": "LOC000058128854",
    "tech": "NULL",
    "upgrade": "NULL_NA",
    "gnaf_pid": "GAQLD163253779",
    "ee": false,
    "tech_change_status": "Not Planned"
   }
  },
  {
   "type": "Feature",
   "geometry": {
    "type": "Point",
    "coordinates": [
     142.21935035,
     -10.5842489
    ]
   },
   "properties": {
    "name": "UNIT 2, 67 DOUGLAS STREET THURSDAY ISLAND 4875",
    "locID": "LOC000058128854",
    "tech": "NULL",
    "upgrade": "NULL_NA",
    "gnaf_pid": "GAQLD163253780",
    "ee": false,
    "tech_change_status": "Not Planned"
   }
  },
  {
   "type": "Feature",
   "geometry": {
    "type": "Point",
    "coordinates": [
     142.21935035,
     -10.5842489
    ]
   },
   "properties": {
    "name": "UNIT 3, 67 DOUGLAS STREET THURSDAY ISLAND 4875",
    "locID": "LOC000058128854",
    "tech": "NULL",
    "upgrade": "NULL_NA",
    "gnaf_pid": "GAQLD163253781",
    "ee": false,
    "tech_change_status": "Not Planned"
   }
  },
  {
   "type": "Feature",
   "geometry": {
    "type": "Point",
    "coordinates": [
     142.22006374,
     -10.58087196
    ]
   },
   "properties": {
    "name": "UNIT 1, 1 HARGRAVE STREET THURSDAY ISLAND 4875",
    "locID": "LOC100072084390",
    "tech": "NULL",
    "upgrade": "NULL_NA",
    "gnaf_pid": "GAQLD163254683",
    "ee": false,
    "tech_change_status": "Not Planned"
   }
  },
  {
   "type": "Feature",
   "geometry": {
    "type": "Point",
    "coordinates": [
     142.22006374,
     -10.58087196
    ]
   },
   "properties": {
    "name": "UNIT 2, 1 HARGRAVE STREET THURSDAY ISLAND 4875",
    "locID": "LOC000027497904",
    "tech": "NULL",
    "upgrade": "NULL_NA",
    "gnaf_pid": "GAQLD163254684",
    "ee": false,
    "tech_change_status": "Not Planned"
   }
  },
  {
   "type": "Feature",
   "geometry": {
    "type": "Point",
    "coordinates": [
     142.22006374,
     -10.58087196
    ]
   },
   "properties": {
    "name": "UNIT 3, 1 HARGRAVE STREET THURSDAY ISLAND 4875",
    "locID": "LOC000043639817",
    "tech": "NULL",
    "upgrade": "NULL_NA",
    "gnaf_pid": "GAQLD163254685",
    "ee": false,
    "tech_change_status": "Not Planned"
   }
  },
  {
   "type": "Feature",
   "geometry": {
    "type": "Point",
    "coordinates": [
     142.21898945,
     -10.58199048
    ]
   },
   "properties": {
    "name": "UNIT 1, 38 JOHN STREET THURSDAY ISLAND 4875",
    "locID": "LOC000149096893",
    "tech": "NULL",
    "upgrade": "NULL_NA",
    "gnaf_pid": "GAQLD163255044",
    "ee": false,
    "tech_change_status": "Not Planned"
   }
  },
  {
   "type": "Feature",
   "geometry": {
    "type": "Point",
    "coordinates": [
     142.21898945,
     -10.58199048
    ]
   },
   "properties": {
    "name": "UNIT 2, 38 JOHN STREET THURSDAY ISLAND 4875",
    "locID": "LOC000149096893",
    "tech": "NULL",
    "upgrade": "NULL_NA",
    "gnaf_pid": "GAQLD163255045",
    "ee": false,
    "tech_change_status": "Not Planned"
   }
  },
  {
   "type": "Feature",
   "geometry": {
    "type": "Point",
    "coordinates": [
     142.21898945,
     -10.58199048
    ]
   },
   "properties": {
    "name": "UNIT 3, 38 JOHN STREET THURSDAY ISLAND 4875",
    "locID": "LOC000149096893",
    "tech": "NULL",
    "upgrade": "NULL_NA",
    "gnaf_pid": "GAQLD163255046",
    "ee": false,
    "tech_change_status": "Not Planned"
   }
  },
  {
   "type": "Feature",
   "geometry": {
    "type": "Point",
    "coordinates": [
     142.22249142,
     -10.58320159
    ]
   },
   "properties": {
    "name": "UNIT 4, 3 JOHN STREET THURSDAY ISLAND 4875",
    "locID": "LOC000036635925",
    "tech": "NULL",
    "upgrade": "NULL_NA",
    "gnaf_pid": "GAQLD163255047",
    "ee": false,
    "tech_change_status": "Not Planned"
   }
  },
  {
   "type": "Feature",
   "geometry": {
    "type": "Point",
    "coordinates": [
     142.21191882,
     -10.57989591
    ]
   },
   "properties": {
    "name": "UNIT 1, 7 NAZEER STREET THURSDAY ISLAND 4875",
    "locID": "LOC000030580994",
    "tech": "NULL",
    "upgrade": "NULL_NA",
    "gnaf_pid": "GAQLD163255849",
    "ee": false,
    "tech_change_status": "Not Planned"
   }
  },
  {
   "type": "Feature",
   "geometry": {
    "type": "Point",
    "coordinates": [
     142.21191882,
     -10.57989591
    ]
   },
   "properties": {
    "name": "UNIT 2, 7 NAZEER STREET THURSDAY ISLAND 4875",
    "locID": "LOC000030580994",
    "tech": "NULL",
    "upgrade": "NULL_NA",
    "gnaf_pid": "GAQLD163255850",
    "ee": false,
    "tech_change_status": "Not Planned"
   }
  },
  {
   "type": "Feature",
   "geometry": {
    "type": "Point",
    "coordinates": [
     142.22006374,
     -10.58087196
    ]
   },
   "properties": {
    "name": "1 HARGRAVE STREET THURSDAY ISLAND 4875",
    "locID": "LOC000017442127",
    "tech": "NULL",
    "upgrade": "NULL_NA",
    "gnaf_pid": "GAQLD163269384",
    "ee": false,
    "tech_change_status": "Not Planned"
   }
  },
  {
   "type": "Feature",
   "geometry": {
    "type": "Point",
    "coordinates": [
     142.21486673,
     -10.58576834
    ]
   },
   "properties": {
    "name": "UNIT 1, 56 VICTORIA PARADE THURSDAY ISLAND 4875",
    "locID": "LOC000190044504",
    "tech": "NULL",
    "upgrade": "NULL_NA",
    "gnaf_pid": "GAQLD163334131",
    "ee": false,
    "tech_change_status": "Not Planned"
   }
  },
  {
   "type": "Feature",
   "geometry": {
    "type": "Point",
    "coordinates": [
     142.21486673,
     -10.58576834
    ]
   },
   "properties": {
    "name": "UNIT 2, 56 VICTORIA PARADE THURSDAY ISLAND 4875",
    "locID": "LOC000149096762",
    "tech": "NULL",
    "upgrade": "NULL_NA",
    "gnaf_pid": "GAQLD163334132",
    "ee": false,
    "tech_change_status": "Not Planned"
   }
  },
  {
   "type": "Feature",
   "geometry": {
    "type": "Point",
    "coordinates": [
     142.21486673,
     -10.58576834
    ]
   },
   "properties": {
    "name": "UNIT 3, 56 VICTORIA PARADE THURSDAY ISLAND 4875",
    "locID": "LOC000188990605",
    "tech": "SATELLITE",
    "upgrade": "NULL_NA",
    "gnaf_pid": "GAQLD163334133",
    "ee": false,
    "tech_change_status": "Not Planned"
   }
  },
  {
   "type": "Feature",
   "geometry": {
    "type": "Point",
    "coordinates": [
     142.21486673,
     -10.58576834
    ]
   },
   "properties": {
    "name": "UNIT 4, 56 VICTORIA PARADE THURSDAY ISLAND 4875",
    "locID": "LOC000190044504",
    "tech": "NULL",
    "upgrade": "NULL_NA",
    "gnaf_pid": "GAQLD163334134",
    "ee": false,
    "tech_change_status": "Not Planned"
   }
  },
  {
   "type": "Feature",
   "geometry": {
    "type": "Point",
    "coordinates": [
     142.21486673,
     -10.58576834
    ]
   },
   "properties": {
    "name": "UNIT 5, 56 VICTORIA PARADE THURSDAY ISLAND 4875",
    "locID": "LOC000190044504",
    "tech": "NULL",
    "upgrade": "NULL_NA",
    "gnaf_pid": "GAQLD163334135",
    "ee": false,
    "tech_change_status": "Not Planned"
   }
  },
  {
   "type": "Feature",
   "geometry": {
    "type": "Point",
    "coordinates": [
     142.21486673,
     -10.58576834
    ]
   },
   "properties": {
    "name": "UNIT 6, 56 VICTORIA PARADE THURSDAY ISLAND 4875",
    "locID": "LOC000149096762",
    "tech": "NULL",
    "upgrade": "NULL_NA",
    "gnaf_pid": "GAQLD163334136",
    "ee": false,
    "tech_change_status": "Not Planned"
   }
  },
  {
   "type": "Feature",
   "geometry": {
    "type": "Point",
    "coordinates": [
     142.21486673,
     -10.58576834
    ]
   },
   "properties": {
    "name": "UNIT 7, 56 VICTORIA PARADE THURSDAY ISLAND 4875",
    "locID": "LOC000149096762",
    "tech": "NULL",
    "upgrade": "NULL_NA",
    "gnaf_pid": "GAQLD163334137",
    "ee": false,
    "tech_change_status": "Not Planned"
   }
  },
  {
   "type": "Feature",
   "geometry": {
    "type": "Point",
    "coordinates": [
     142.21486673,
     -10.58576834
    ]
   },
   "properties": {
    "name": "UNIT 8, 56 VICTORIA PARADE THURSDAY ISLAND 4875",
    "locID": "LOC000149096762",
    "tech": "NULL",
    "upgrade": "NULL_NA",
    "gnaf_pid": "GAQLD163334138",
    "ee": false,
    "tech_change_status": "Not Planned"
   }
  },
  {
   "type": "Feature",
   "geometry": {
    "type": "Point",
    "coordinates": [
     142.21105256,
     -10.58679586
    ]
   },
   "properties": {
    "name": "UNIT A, 8 AUBREY PARADE THURSDAY ISLAND 4875",
    "locID": "LOC000129736676",
    "tech": "NULL",
    "upgrade": "NULL_NA",
    "gnaf_pid": "GAQLD163348903",
    "ee": false,
    "tech_change_status": "Not Planned"
   }
  },
  {
   "type": "Feature",
   "geometry": {
    "type": "Point",
    "coordinates": [
     142.21105256,
     -10.58679586
    ]
   },
   "properties": {
    "name": "UNIT C, 8 AUBREY PARADE THURSDAY ISLAND 4875",
    "locID": "LOC000129736695",
    "tech": "NULL",
    "upgrade": "NULL_NA",
    "gnaf_pid": "GAQLD163348907",
    "ee": false,
    "tech_change_status": "Not Planned"
   }
  },
  {
   "type": "Feature",
   "geometry": {
    "type": "Point",
    "coordinates": [
     142.21105256,
     -10.58679586
    ]
   },
   "properties": {
    "name": "UNIT D, 8 AUBREY PARADE THURSDAY ISLAND 4875",
    "locID": "LOC000129736703",
    "tech": "NULL",
    "upgrade": "NULL_NA",
    "gnaf_pid": "GAQLD163348909",
    "ee": false,
    "tech_change_status": "Not Planned"
   }
  },
  {
   "type": "Feature",
   "geometry": {
    "type": "Point",
    "coordinates": [
     142.21105256,
     -10.58679586
    ]
   },
   "properties": {
    "name": "UNIT E, 8 AUBREY PARADE THURSDAY ISLAND 4875",
    "locID": "LOC000129736719",
    "tech": "NULL",
    "upgrade": "NULL_NA",
    "gnaf_pid": "GAQLD163348910",
    "ee": false,
    "tech_change_status": "Not Planned"
   }
  },
  {
   "type": "Feature",
   "geometry": {
    "type": "Point",
    "coordinates": [
     142.21105256,
     -10.58679586
    ]
   },
   "properties": {
    "name": "UNIT F, 8 AUBREY PARADE THURSDAY ISLAND 4875",
    "locID": "LOC000129736726",
    "tech": "NULL",
    "upgrade": "NULL_NA",
    "gnaf_pid": "GAQLD163348911",
    "ee": false,
    "tech_change_status": "Not Planned"
   }
  },
  {
   "type": "Feature",
   "geometry": {
    "type": "Point",
    "coordinates": [
     142.22071534,
     -10.58261645
    ]
   },
   "properties": {
    "name": "UNIT B, 10 HASTINGS STREET THURSDAY ISLAND 4875",
    "locID": "LOC000129734508",
    "tech": "SATELLITE",
    "upgrade": "NULL_NA",
    "gnaf_pid": "GAQLD163352695",
    "ee": false,
    "tech_change_status": "Not Planned"
   }
  },
  {
   "type": "Feature",
   "geometry": {
    "type": "Point",
    "coordinates": [
     142.22071534,
     -10.58261645
    ]
   },
   "properties": {
    "name": "UNIT C, 10 HASTINGS STREET THURSDAY ISLAND 4875",
    "locID": "LOC000129734508",
    "tech": "SATELLITE",
    "upgrade": "NULL_NA",
    "gnaf_pid": "GAQLD163352697",
    "ee": false,
    "tech_change_status": "Not Planned"
   }
  },
  {
   "type": "Feature",
   "geometry": {
    "type": "Point",
    "coordinates": [
     142.22071534,
     -10.58261645
    ]
   },
   "properties": {
    "name": "UNIT D, 10 HASTINGS STREET THURSDAY ISLAND 4875",
    "locID": "LOC000129734508",
    "tech": "SATELLITE",
    "upgrade": "NULL_NA",
    "gnaf_pid": "GAQLD163352699",
    "ee": false,
    "tech_change_status": "Not Planned"
   }
  },
  {
   "type": "Feature",
   "geometry": {
    "type": "Point",
    "coordinates": [
     142.22071534,
     -10.58261645
    ]
   },
   "properties": {
    "name": "UNIT E, 10 HASTINGS STREET THURSDAY ISLAND 4875",
    "locID": "LOC000129734508",
    "tech": "SATELLITE",
    "upgrade": "NULL_NA",
    "gnaf_pid": "GAQLD163352700",
    "ee": false,
    "tech_change_status": "Not Planned"
   }
  },
  {
   "type": "Feature",
   "geometry": {
    "type": "Point",
    "coordinates": [
     142.2132239,
     -10.58374279
    ]
   },
   "properties": {
    "name": "UNIT 1, 7 CHESTER STREET THURSDAY ISLAND 4875",
    "locID": "LOC000149096387",
    "tech": "NULL",
    "upgrade": "NULL_NA",
    "gnaf_pid": "GAQLD163372896",
    "ee": false,
    "tech_change_status": "Not Planned"
   }
  },
  {
   "type": "Feature",
   "geometry": {
    "type": "Point",
    "coordinates": [
     142.2132239,
     -10.58374279
    ]
   },
   "properties": {
    "name": "UNIT 2, 7 CHESTER STREET THURSDAY ISLAND 4875",
    "locID": "LOC000149096387",
    "tech": "NULL",
    "upgrade": "NULL_NA",
    "gnaf_pid": "GAQLD163372897",
    "ee": false,
    "tech_change_status": "Not Planned"
   }
  },
  {
   "type": "Feature",
   "geometry": {
    "type": "Point",
    "coordinates": [
     142.2132239,
     -10.58374279
    ]
   },
   "properties": {
    "name": "UNIT 3, 7 CHESTER STREET THURSDAY ISLAND 4875",
    "locID": "LOC000115121447",
    "tech": "NULL",
    "upgrade": "NULL_NA",
    "gnaf_pid": "GAQLD163372898",
    "ee": false,
    "tech_change_status": "Not Planned"
   }
  },
  {
   "type": "Feature",
   "geometry": {
    "type": "Point",
    "coordinates": [
     142.2132239,
     -10.58374279
    ]
   },
   "properties": {
    "name": "UNIT 4, 7 CHESTER STREET THURSDAY ISLAND 4875",
    "locID": "LOC000114083585",
    "tech": "NULL",
    "upgrade": "NULL_NA",
    "gnaf_pid": "GAQLD163372899",
    "ee": false,
    "tech_change_status": "Not Planned"
   }
  },
  {
   "type": "Feature",
   "geometry": {
    "type": "Point",
    "coordinates": [
     142.2132239,
     -10.58374279
    ]
   },
   "properties": {
    "name": "UNIT 5, 7 CHESTER STREET THURSDAY ISLAND 4875",
    "locID": "LOC000149096387",
    "tech": "NULL",
    "upgrade": "NULL_NA",
    "gnaf_pid": "GAQLD163372900",
    "ee": false,
    "tech_change_status": "Not Planned"
   }
  },
  {
   "type": "Feature",
   "geometry": {
    "type": "Point",
    "coordinates": [
     142.2132239,
     -10.58374279
    ]
   },
   "properties": {
    "name": "UNIT 6, 7 CHESTER STREET THURSDAY ISLAND 4875",
    "locID": "LOC000149096387",
    "tech": "NULL",
    "upgrade": "NULL_NA",
    "gnaf_pid": "GAQLD163372901",
    "ee": false,
    "tech_change_status": "Not Planned"
   }
  },
  {
   "type": "Feature",
   "geometry": {
    "type": "Point",
    "coordinates": [
     142.2132239,
     -10.58374279
    ]
   },
   "properties": {
    "name": "UNIT 7, 7 CHESTER STREET THURSDAY ISLAND 4875",
    "locID": "LOC000114083585",
    "tech": "NULL",
    "upgrade": "NULL_NA",
    "gnaf_pid": "GAQLD163372902",
    "ee": false,
    "tech_change_status": "Not Planned"
   }
  },
  {
   "type": "Feature",
   "geometry": {
    "type": "Point",
    "coordinates": [
     142.2132239,
     -10.58374279
    ]
   },
   "properties": {
    "name": "UNIT 8, 7 CHESTER STREET THURSDAY ISLAND 4875",
    "locID": "LOC000149096387",
    "tech": "NULL",
    "upgrade": "NULL_NA",
    "gnaf_pid": "GAQLD163372903",
    "ee": false,
    "tech_change_status": "Not Planned"
   }
  },
  {
   "type": "Feature",
   "geometry": {
    "type": "Point",
    "coordinates": [
     142.21105256,
     -10.58679586
    ]
   },
   "properties": {
    "name": "8 AUBREY PARADE THURSDAY ISLAND 4875",
    "locID": "LOC000149098240",
    "tech": "NULL",
    "upgrade": "NULL_NA",
    "gnaf_pid": "GAQLD163375403",
    "ee": false,
    "tech_change_status": "Not Planned"
   }
  },
  {
   "type": "Feature",
   "geometry": {
    "type": "Point",
    "coordinates": [
     142.21781432,
     -10.58180813
    ]
   },
   "properties": {
    "name": "19-21 BLACKALL STREET THURSDAY ISLAND 4875",
    "locID": "LOC000015791611",
    "tech": "SATELLITE",
    "upgrade": "NULL_NA",
    "gnaf_pid": "GAQLD163375434",
    "ee": false,
    "tech_change_status": "Not Planned"
   }
  },
  {
   "type": "Feature",
   "geometry": {
    "type": "Point",
    "coordinates": [
     142.22071534,
     -10.58261645
    ]
   },
   "properties": {
    "name": "10 HASTINGS STREET THURSDAY ISLAND 4875",
    "locID": "LOC000129734508",
    "tech": "SATELLITE",
    "upgrade": "NULL_NA",
    "gnaf_pid": "GAQLD163375622",
    "ee": false,
    "tech_change_status": "Not Planned"
   }
  },
  {
   "type": "Feature",
   "geometry": {
    "type": "Point",
    "coordinates": [
     142.22045211,
     -10.58211449
    ]
   },
   "properties": {
    "name": "19 HASTINGS STREET THURSDAY ISLAND 4875",
    "locID": "LOC100018455542",
    "tech": "NULL",
    "upgrade": "NULL_NA",
    "gnaf_pid": "GAQLD163375623",
    "ee": false,
    "tech_change_status": "Not Planned"
   }
  },
  {
   "type": "Feature",
   "geometry": {
    "type": "Point",
    "coordinates": [
     142.21920794,
     -10.58296752
    ]
   },
   "properties": {
    "name": "33 JOHN STREET THURSDAY ISLAND 4875",
    "locID": "LOC000150903565",
    "tech": "SATELLITE",
    "upgrade": "NULL_NA",
    "gnaf_pid": "GAQLD163375649",
    "ee": false,
    "tech_change_status": "Not Planned"
   }
  },
  {
   "type": "Feature",
   "geometry": {
    "type": "Point",
    "coordinates": [
     142.2227385,
     -10.57675601
    ]
   },
   "properties": {
    "name": "LOT 17 LOBAN STREET THURSDAY ISLAND 4875",
    "locID": "LOC000186754251",
    "tech": "NULL",
    "upgrade": "NULL_NA",
    "gnaf_pid": "GAQLD163375674",
    "ee": false,
    "tech_change_status": "Not Planned"
   }
  },
  {
   "type": "Feature",
   "geometry": {
    "type": "Point",
    "coordinates": [
     142.21947346,
     -10.58258624
    ]
   },
   "properties": {
    "name": "UNIT 1, 1 JOHN STREET THURSDAY ISLAND 4875",
    "locID": "LOC000186754383",
    "tech": "NULL",
    "upgrade": "NULL_NA",
    "gnaf_pid": "GAQLD424858667",
    "ee": false,
    "tech_change_status": "Not Planned"
   }
  },
  {
   "type": "Feature",
   "geometry": {
    "type": "Point",
    "coordinates": [
     142.21947346,
     -10.58258624
    ]
   },
   "properties": {
    "name": "UNIT 2, 1 JOHN STREET THURSDAY ISLAND 4875",
    "locID": "LOC000097794153",
    "tech": "NULL",
    "upgrade": "NULL_NA",
    "gnaf_pid": "GAQLD424858668",
    "ee": false,
    "tech_change_status": "Not Planned"
   }
  },
  {
   "type": "Feature",
   "geometry": {
    "type": "Point",
    "coordinates": [
     142.22181327,
     -10.57770541
    ]
   },
   "properties": {
    "name": "UNIT 1, 1 LOBAN STREET THURSDAY ISLAND 4875",
    "locID": "LOC000093519352",
    "tech": "NULL",
    "upgrade": "NULL_NA",
    "gnaf_pid": "GAQLD424859334",
    "ee": false,
    "tech_change_status": "Not Planned"
   }
  },
  {
   "type": "Feature",
   "geometry": {
    "type": "Point",
    "coordinates": [
     142.22181327,
     -10.57770541
    ]
   },
   "properties": {
    "name": "UNIT 2, 2 LOBAN STREET THURSDAY ISLAND 4875",
    "locID": "LOC000024896745",
    "tech": "NULL",
    "upgrade": "NULL_NA",
    "gnaf_pid": "GAQLD424859335",
    "ee": false,
    "tech_change_status": "Not Planned"
   }
  },
  {
   "type": "Feature",
   "geometry": {
    "type": "Point",
    "coordinates": [
     142.22181327,
     -10.57770541
    ]
   },
   "properties": {
    "name": "UNIT 3, 3 LOBAN STREET THURSDAY ISLAND 4875",
    "locID": "LOC000093519352",
    "tech": "NULL",
    "upgrade": "NULL_NA",
    "gnaf_pid": "GAQLD424859336",
    "ee": false,
    "tech_change_status": "Not Planned"
   }
  },
  {
   "type": "Feature",
   "geometry": {
    "type": "Point",
    "coordinates": [
     142.22181327,
     -10.57770541
    ]
   },
   "properties": {
    "name": "1 LOBAN STREET THURSDAY ISLAND 4875",
    "locID": "LOC000093519352",
    "tech": "NULL",
    "upgrade": "NULL_NA",
    "gnaf_pid": "GAQLD424871087",
    "ee": false,
    "tech_change_status": "Not Planned"
   }
  },
  {
   "type": "Feature",
   "geometry": {
    "type": "Point",
    "coordinates": [
     142.22181327,
     -10.57770541
    ]
   },
   "properties": {
    "name": "2 LOBAN STREET THURSDAY ISLAND 4875",
    "locID": "LOC000024896745",
    "tech": "NULL",
    "upgrade": "NULL_NA",
    "gnaf_pid": "GAQLD424871088",
    "ee": false,
    "tech_change_status": "Not Planned"
   }
  },
  {
   "type": "Feature",
   "geometry": {
    "type": "Point",
    "coordinates": [
     142.22181327,
     -10.57770541
    ]
   },
   "properties": {
    "name": "3 LOBAN STREET THURSDAY ISLAND 4875",
    "locID": "LOC000186754251",
    "tech": "NULL",
    "upgrade": "NULL_NA",
    "gnaf_pid": "GAQLD424871089",
    "ee": false,
    "tech_change_status": "Not Planned"
   }
  },
  {
   "type": "Feature",
   "geometry": {
    "type": "Point",
    "coordinates": [
     142.22285176,
     -10.58115678
    ]
   },
   "properties": {
    "name": "UNIT 1, 9 MILMAN STREET THURSDAY ISLAND 4875",
    "locID": "LOC000004885524",
    "tech": "NULL",
    "upgrade": "NULL_NA",
    "gnaf_pid": "GAQLD424943736",
    "ee": false,
    "tech_change_status": "Not Planned"
   }
  },
  {
   "type": "Feature",
   "geometry": {
    "type": "Point",
    "coordinates": [
     142.22285176,
     -10.58115678
    ]
   },
   "properties": {
    "name": "UNIT 2, 9 MILMAN STREET THURSDAY ISLAND 4875",
    "locID": "LOC000005003870",
    "tech": "NULL",
    "upgrade": "NULL_NA",
    "gnaf_pid": "GAQLD424943738",
    "ee": false,
    "tech_change_status": "Not Planned"
   }
  },
  {
   "type": "Feature",
   "geometry": {
    "type": "Point",
    "coordinates": [
     142.22285176,
     -10.58115678
    ]
   },
   "properties": {
    "name": "UNIT 3, 9 MILMAN STREET THURSDAY ISLAND 4875",
    "locID": "LOC000149096743",
    "tech": "NULL",
    "upgrade": "NULL_NA",
    "gnaf_pid": "GAQLD424943740",
    "ee": false,
    "tech_change_status": "Not Planned"
   }
  },
  {
   "type": "Feature",
   "geometry": {
    "type": "Point",
    "coordinates": [
     142.22285176,
     -10.58115678
    ]
   },
   "properties": {
    "name": "UNIT 4, 9 MILMAN STREET THURSDAY ISLAND 4875",
    "locID": "LOC000004885524",
    "tech": "NULL",
    "upgrade": "NULL_NA",
    "gnaf_pid": "GAQLD424943742",
    "ee": false,
    "tech_change_status": "Not Planned"
   }
  },
  {
   "type": "Feature",
   "geometry": {
    "type": "Point",
    "coordinates": [
     142.21105256,
     -10.58679586
    ]
   },
   "properties": {
    "name": "UNIT B, 8 AUBREY PARADE THURSDAY ISLAND 4875",
    "locID": "LOC000129736682",
    "tech": "NULL",
    "upgrade": "NULL_NA",
    "gnaf_pid": "GAQLD425045125",
    "ee": false,
    "tech_change_status": "Not Planned"
   }
  },
  {
   "type": "Feature",
   "geometry": {
    "type": "Point",
    "coordinates": [
     142.21110041,
     -10.58106194
    ]
   },
   "properties": {
    "name": "UNIT 1, 22 CLARK STREET THURSDAY ISLAND 4875",
    "locID": "LOC000149098498",
    "tech": "NULL",
    "upgrade": "NULL_NA",
    "gnaf_pid": "GAQLD425047249",
    "ee": false,
    "tech_change_status": "Not Planned"
   }
  },
  {
   "type": "Feature",
   "geometry": {
    "type": "Point",
    "coordinates": [
     142.21010146,
     -10.58143074
    ]
   },
   "properties": {
    "name": "UNIT 1, 28 CLARK STREET THURSDAY ISLAND 4875",
    "locID": "LOC100072083798",
    "tech": "NULL",
    "upgrade": "NULL_NA",
    "gnaf_pid": "GAQLD425047250",
    "ee": false,
    "tech_change_status": "Not Planned"
   }
  },
  {
   "type": "Feature",
   "geometry": {
    "type": "Point",
    "coordinates": [
     142.21110041,
     -10.58106194
    ]
   },
   "properties": {
    "name": "UNIT 2, 22 CLARK STREET THURSDAY ISLAND 4875",
    "locID": "LOC000149098498",
    "tech": "NULL",
    "upgrade": "NULL_NA",
    "gnaf_pid": "GAQLD425047251",
    "ee": false,
    "tech_change_status": "Not Planned"
   }
  },
  {
   "type": "Feature",
   "geometry": {
    "type": "Point",
    "coordinates": [
     142.21010146,
     -10.58143074
    ]
   },
   "properties": {
    "name": "UNIT 2, 28 CLARK STREET THURSDAY ISLAND 4875",
    "locID": "LOC100072083812",
    "tech": "NULL",
    "upgrade": "NULL_NA",
    "gnaf_pid": "GAQLD425047252",
    "ee": false,
    "tech_change_status": "Not Planned"
   }
  },
  {
   "type": "Feature",
   "geometry": {
    "type": "Point",
    "coordinates": [
     142.21110041,
     -10.58106194
    ]
   },
   "properties": {
    "name": "UNIT 3, 22 CLARK STREET THURSDAY ISLAND 4875",
    "locID": "LOC000149098498",
    "tech": "NULL",
    "upgrade": "NULL_NA",
    "gnaf_pid": "GAQLD425047253",
    "ee": false,
    "tech_change_status": "Not Planned"
   }
  },
  {
   "type": "Feature",
   "geometry": {
    "type": "Point",
    "coordinates": [
     142.21010146,
     -10.58143074
    ]
   },
   "properties": {
    "name": "UNIT 3, 28 CLARK STREET THURSDAY ISLAND 4875",
    "locID": "LOC100072083820",
    "tech": "NULL",
    "upgrade": "NULL_NA",
    "gnaf_pid": "GAQLD425047254",
    "ee": false,
    "tech_change_status": "Not Planned"
   }
  },
  {
   "type": "Feature",
   "geometry": {
    "type": "Point",
    "coordinates": [
     142.21110041,
     -10.58106194
    ]
   },
   "properties": {
    "name": "UNIT 4, 22 CLARK STREET THURSDAY ISLAND 4875",
    "locID": "LOC000149098498",
    "tech": "NULL",
    "upgrade": "NULL_NA",
    "gnaf_pid": "GAQLD425047255",
    "ee": false,
    "tech_change_status": "Not Planned"
   }
  },
  {
   "type": "Feature",
   "geometry": {
    "type": "Point",
    "coordinates": [
     142.21110041,
     -10.58106194
    ]
   },
   "properties": {
    "name": "UNIT 5, 22 CLARK STREET THURSDAY ISLAND 4875",
    "locID": "LOC000149098498",
    "tech": "NULL",
    "upgrade": "NULL_NA",
    "gnaf_pid": "GAQLD425047256",
    "ee": false,
    "tech_change_status": "Not Planned"
   }
  },
  {
   "type": "Feature",
   "geometry": {
    "type": "Point",
    "coordinates": [
     142.21110041,
     -10.58106194
    ]
   },
   "properties": {
    "name": "UNIT 6, 22 CLARK STREET THURSDAY ISLAND 4875",
    "locID": "LOC000149098498",
    "tech": "NULL",
    "upgrade": "NULL_NA",
    "gnaf_pid": "GAQLD425047257",
    "ee": false,
    "tech_change_status": "Not Planned"
   }
  },
  {
   "type": "Feature",
   "geometry": {
    "type": "Point",
    "coordinates": [
     142.21249235,
     -10.58637627
    ]
   },
   "properties": {
    "name": "UNIT 1, 152 DOUGLAS STREET THURSDAY ISLAND 4875",
    "locID": "LOC000015326343",
    "tech": "NULL",
    "upgrade": "NULL_NA",
    "gnaf_pid": "GAQLD425047599",
    "ee": false,
    "tech_change_status": "Not Planned"
   }
  },
  {
   "type": "Feature",
   "geometry": {
    "type": "Point",
    "coordinates": [
     142.22354703,
     -10.58293386
    ]
   },
   "properties": {
    "name": "UNIT 1, 25 DOUGLAS STREET THURSDAY ISLAND 4875",
    "locID": "LOC000076434762",
    "tech": "NULL",
    "upgrade": "NULL_NA",
    "gnaf_pid": "GAQLD425047600",
    "ee": false,
    "tech_change_status": "Not Planned"
   }
  },
  {
   "type": "Feature",
   "geometry": {
    "type": "Point",
    "coordinates": [
     142.21249235,
     -10.58637627
    ]
   },
   "properties": {
    "name": "UNIT 2, 152 DOUGLAS STREET THURSDAY ISLAND 4875",
    "locID": "LOC000015326343",
    "tech": "NULL",
    "upgrade": "NULL_NA",
    "gnaf_pid": "GAQLD425047601",
    "ee": false,
    "tech_change_status": "Not Planned"
   }
  },
  {
   "type": "Feature",
   "geometry": {
    "type": "Point",
    "coordinates": [
     142.22354703,
     -10.58293386
    ]
   },
   "properties": {
    "name": "UNIT 2, 25 DOUGLAS STREET THURSDAY ISLAND 4875",
    "locID": "LOC000076434762",
    "tech": "NULL",
    "upgrade": "NULL_NA",
    "gnaf_pid": "GAQLD425047602",
    "ee": false,
    "tech_change_status": "Not Planned"
   }
  },
  {
   "type": "Feature",
   "geometry": {
    "type": "Point",
    "coordinates": [
     142.21249235,
     -10.58637627
    ]
   },
   "properties": {
    "name": "UNIT 3, 152 DOUGLAS STREET THURSDAY ISLAND 4875",
    "locID": "LOC000015326343",
    "tech": "NULL",
    "upgrade": "NULL_NA",
    "gnaf_pid": "GAQLD425047603",
    "ee": false,
    "tech_change_status": "Not Planned"
   }
  },
  {
   "type": "Feature",
   "geometry": {
    "type": "Point",
    "coordinates": [
     142.22354703,
     -10.58293386
    ]
   },
   "properties": {
    "name": "UNIT 3, 25 DOUGLAS STREET THURSDAY ISLAND 4875",
    "locID": "LOC000076434762",
    "tech": "NULL",
    "upgrade": "NULL_NA",
    "gnaf_pid": "GAQLD425047604",
    "ee": false,
    "tech_change_status": "Not Planned"
   }
  },
  {
   "type": "Feature",
   "geometry": {
    "type": "Point",
    "coordinates": [
     142.21249235,
     -10.58637627
    ]
   },
   "properties": {
    "name": "UNIT 4, 152 DOUGLAS STREET THURSDAY ISLAND 4875",
    "locID": "LOC000015326343",
    "tech": "NULL",
    "upgrade": "NULL_NA",
    "gnaf_pid": "GAQLD425047605",
    "ee": false,
    "tech_change_status": "Not Planned"
   }
  },
  {
   "type": "Feature",
   "geometry": {
    "type": "Point",
    "coordinates": [
     142.22071534,
     -10.58261645
    ]
   },
   "properties": {
    "name": "UNIT A, 10 HASTINGS STREET THURSDAY ISLAND 4875",
    "locID": "LOC000129734508",
    "tech": "SATELLITE",
    "upgrade": "NULL_NA",
    "gnaf_pid": "GAQLD425049150",
    "ee": false,
    "tech_change_status": "Not Planned"
   }
  },
  {
   "type": "Feature",
   "geometry": {
    "type": "Point",
    "coordinates": [
     142.21897357,
     -10.58223853
    ]
   },
   "properties": {
    "name": "UNIT 3, 40 JOHN STREET THURSDAY ISLAND 4875",
    "locID": "LOC100072084763",
    "tech": "NULL",
    "upgrade": "NULL_NA",
    "gnaf_pid": "GAQLD425049426",
    "ee": false,
    "tech_change_status": "Not Planned"
   }
  },
  {
   "type": "Feature",
   "geometry": {
    "type": "Point",
    "coordinates": [
     142.21897357,
     -10.58223853
    ]
   },
   "properties": {
    "name": "UNIT 4, 40 JOHN STREET THURSDAY ISLAND 4875",
    "locID": "LOC100072084785",
    "tech": "NULL",
    "upgrade": "NULL_NA",
    "gnaf_pid": "GAQLD425049427",
    "ee": false,
    "tech_change_status": "Not Planned"
   }
  },
  {
   "type": "Feature",
   "geometry": {
    "type": "Point",
    "coordinates": [
     142.22110058,
     -10.57927401
    ]
   },
   "properties": {
    "name": "UNIT 3, 35 LOBAN STREET THURSDAY ISLAND 4875",
    "locID": "LOC000088150700",
    "tech": "NULL",
    "upgrade": "NULL_NA",
    "gnaf_pid": "GAQLD425050041",
    "ee": false,
    "tech_change_status": "Not Planned"
   }
  },
  {
   "type": "Feature",
   "geometry": {
    "type": "Point",
    "coordinates": [
     142.21918219,
     -10.58342274
    ]
   },
   "properties": {
    "name": "82 DOUGLAS STREET THURSDAY ISLAND 4875",
    "locID": "LOC000149099194",
    "tech": "SATELLITE",
    "upgrade": "NULL_NA",
    "gnaf_pid": "GAQLD425119829",
    "ee": false,
    "tech_change_status": "Not Planned"
   }
  },
  {
   "type": "Feature",
   "geometry": {
    "type": "Point",
    "coordinates": [
     142.22045211,
     -10.58211449
    ]
   },
   "properties": {
    "name": "UNIT 1, 19 HASTINGS STREET THURSDAY ISLAND 4875",
    "locID": "LOC100072084479",
    "tech": "NULL",
    "upgrade": "NULL_NA",
    "gnaf_pid": "GAQLD425144069",
    "ee": false,
    "tech_change_status": "Not Planned"
   }
  },
  {
   "type": "Feature",
   "geometry": {
    "type": "Point",
    "coordinates": [
     142.22045211,
     -10.58211449
    ]
   },
   "properties": {
    "name": "UNIT 2, 19 HASTINGS STREET THURSDAY ISLAND 4875",
    "locID": "LOC100072084480",
    "tech": "NULL",
    "upgrade": "NULL_NA",
    "gnaf_pid": "GAQLD425144070",
    "ee": false,
    "tech_change_status": "Not Planned"
   }
  },
  {
   "type": "Feature",
   "geometry": {
    "type": "Point",
    "coordinates": [
     142.22045211,
     -10.58211449
    ]
   },
   "properties": {
    "name": "UNIT 3, 19 HASTINGS STREET THURSDAY ISLAND 4875",
    "locID": "LOC100072084511",
    "tech": "NULL",
    "upgrade": "NULL_NA",
    "gnaf_pid": "GAQLD425144071",
    "ee": false,
    "tech_change_status": "Not Planned"
   }
  },
  {
   "type": "Feature",
   "geometry": {
    "type": "Point",
    "coordinates": [
     142.2231302,
     -10.58057372
    ]
   },
   "properties": {
    "name": "24 MILMAN STREET THURSDAY ISLAND 4875",
    "locID": "LOC100080977284",
    "tech": "NULL",
    "upgrade": "NULL_NA",
    "gnaf_pid": "GAQLD425144830",
    "ee": false,
    "tech_change_status": "Not Planned"
   }
  },
  {
   "type": "Feature",
   "geometry": {
    "type": "Point",
    "coordinates": [
     142.21191882,
     -10.57989591
    ]
   },
   "properties": {
    "name": "UNIT 2, 5 NAZEER STREET THURSDAY ISLAND 4875",
    "locID": "LOC000033368691",
    "tech": "SATELLITE",
    "upgrade": "NULL_NA",
    "gnaf_pid": "GAQLD425145010",
    "ee": false,
    "tech_change_status": "Not Planned"
   }
  },
  {
   "type": "Feature",
   "geometry": {
    "type": "Point",
    "coordinates": [
     142.22397681,
     -10.58124563
    ]
   },
   "properties": {
    "name": "UNIT 1, 18 HARGRAVE STREET THURSDAY ISLAND 4875",
    "locID": "LOC000058506928",
    "tech": "NULL",
    "upgrade": "NULL_NA",
    "gnaf_pid": "GAQLD425179295",
    "ee": false,
    "tech_change_status": "Not Planned"
   }
  },
  {
   "type": "Feature",
   "geometry": {
    "type": "Point",
    "coordinates": [
     142.22397681,
     -10.58124563
    ]
   },
   "properties": {
    "name": "UNIT 2, 18 HARGRAVE STREET THURSDAY ISLAND 4875",
    "locID": "LOC000058506928",
    "tech": "NULL",
    "upgrade": "NULL_NA",
    "gnaf_pid": "GAQLD425179296",
    "ee": false,
    "tech_change_status": "Not Planned"
   }
  },
  {
   "type": "Feature",
   "geometry": {
    "type": "Point",
    "coordinates": [
     142.21191882,
     -10.57989591
    ]
   },
   "properties": {
    "name": "UNIT 1, 5 NAZEER STREET THURSDAY ISLAND 4875",
    "locID": "LOC000033368691",
    "tech": "SATELLITE",
    "upgrade": "NULL_NA",
    "gnaf_pid": "GAQLD425179978",
    "ee": false,
    "tech_change_status": "Not Planned"
   }
  },
  {
   "type": "Feature",
   "geometry": {
    "type": "Point",
    "coordinates": [
     142.21911578,
     -10.58063141
    ]
   },
   "properties": {
    "name": "UNIT 10, 58 HARGRAVE STREET THURSDAY ISLAND 4875",
    "locID": "LOC100072084390",
    "tech": "NULL",
    "upgrade": "NULL_NA",
    "gnaf_pid": "GAQLD425250793",
    "ee": false,
    "tech_change_status": "Not Planned"
   }
  },
  {
   "type": "Feature",
   "geometry": {
    "type": "Point",
    "coordinates": [
     142.21911578,
     -10.58063141
    ]
   },
   "properties": {
    "name": "UNIT 11, 58 HARGRAVE STREET THURSDAY ISLAND 4875",
    "locID": "LOC100072084390",
    "tech": "NULL",
    "upgrade": "NULL_NA",
    "gnaf_pid": "GAQLD425250794",
    "ee": false,
    "tech_change_status": "Not Planned"
   }
  },
  {
   "type": "Feature",
   "geometry": {
    "type": "Point",
    "coordinates": [
     142.21911578,
     -10.58063141
    ]
   },
   "properties": {
    "name": "UNIT 12, 58 HARGRAVE STREET THURSDAY ISLAND 4875",
    "locID": "LOC100072084390",
    "tech": "NULL",
    "upgrade": "NULL_NA",
    "gnaf_pid": "GAQLD425250795",
    "ee": false,
    "tech_change_status": "Not Planned"
   }
  },
  {
   "type": "Feature",
   "geometry": {
    "type": "Point",
    "coordinates": [
     142.21949326,
     -10.58077013
    ]
   },
   "properties": {
    "name": "UNIT 1, 54 HARGRAVE STREET THURSDAY ISLAND 4875",
    "locID": "LOC100072084361",
    "tech": "NULL",
    "upgrade": "NULL_NA",
    "gnaf_pid": "GAQLD425250796",
    "ee": false,
    "tech_change_status": "Not Planned"
   }
  },
  {
   "type": "Feature",
   "geometry": {
    "type": "Point",
    "coordinates": [
     142.21911578,
     -10.58063141
    ]
   },
   "properties": {
    "name": "UNIT 1, 58 HARGRAVE STREET THURSDAY ISLAND 4875",
    "locID": "LOC100072084390",
    "tech": "NULL",
    "upgrade": "NULL_NA",
    "gnaf_pid": "GAQLD425250797",
    "ee": false,
    "tech_change_status": "Not Planned"
   }
  },
  {
   "type": "Feature",
   "geometry": {
    "type": "Point",
    "coordinates": [
     142.21949326,
     -10.58077013
    ]
   },
   "properties": {
    "name": "UNIT 2, 54 HARGRAVE STREET THURSDAY ISLAND 4875",
    "locID": "LOC100072084405",
    "tech": "NULL",
    "upgrade": "NULL_NA",
    "gnaf_pid": "GAQLD425250798",
    "ee": false,
    "tech_change_status": "Not Planned"
   }
  },
  {
   "type": "Feature",
   "geometry": {
    "type": "Point",
    "coordinates": [
     142.21911578,
     -10.58063141
    ]
   },
   "properties": {
    "name": "UNIT 2, 58 HARGRAVE STREET THURSDAY ISLAND 4875",
    "locID": "LOC100072084414",
    "tech": "NULL",
    "upgrade": "NULL_NA",
    "gnaf_pid": "GAQLD425250799",
    "ee": false,
    "tech_change_status": "Not Planned"
   }
  },
  {
   "type": "Feature",
   "geometry": {
    "type": "Point",
    "coordinates": [
     142.21949326,
     -10.58077013
    ]
   },
   "properties": {
    "name": "UNIT 3, 54 HARGRAVE STREET THURSDAY ISLAND 4875",
    "locID": "LOC100072084422",
    "tech": "NULL",
    "upgrade": "NULL_NA",
    "gnaf_pid": "GAQLD425250800",
    "ee": false,
    "tech_change_status": "Not Planned"
   }
  },
  {
   "type": "Feature",
   "geometry": {
    "type": "Point",
    "coordinates": [
     142.21911578,
     -10.58063141
    ]
   },
   "properties": {
    "name": "UNIT 3, 58 HARGRAVE STREET THURSDAY ISLAND 4875",
    "locID": "LOC100072084446",
    "tech": "NULL",
    "upgrade": "NULL_NA",
    "gnaf_pid": "GAQLD425250801",
    "ee": false,
    "tech_change_status": "Not Planned"
   }
  },
  {
   "type": "Feature",
   "geometry": {
    "type": "Point",
    "coordinates": [
     142.21911578,
     -10.58063141
    ]
   },
   "properties": {
    "name": "UNIT 4, 58 HARGRAVE STREET THURSDAY ISLAND 4875",
    "locID": "LOC100072084507",
    "tech": "NULL",
    "upgrade": "NULL_NA",
    "gnaf_pid": "GAQLD425250802",
    "ee": false,
    "tech_change_status": "Not Planned"
   }
  },
  {
   "type": "Feature",
   "geometry": {
    "type": "Point",
    "coordinates": [
     142.21911578,
     -10.58063141
    ]
   },
   "properties": {
    "name": "UNIT 5, 58 HARGRAVE STREET THURSDAY ISLAND 4875",
    "locID": "LOC100072084451",
    "tech": "NULL",
    "upgrade": "NULL_NA",
    "gnaf_pid": "GAQLD425250803",
    "ee": false,
    "tech_change_status": "Not Planned"
   }
  },
  {
   "type": "Feature",
   "geometry": {
    "type": "Point",
    "coordinates": [
     142.21911578,
     -10.58063141
    ]
   },
   "properties": {
    "name": "UNIT 6, 58 HARGRAVE STREET THURSDAY ISLAND 4875",
    "locID": "LOC100072084390",
    "tech": "NULL",
    "upgrade": "NULL_NA",
    "gnaf_pid": "GAQLD425250804",
    "ee": false,
    "tech_change_status": "Not Planned"
   }
  },
  {
   "type": "Feature",
   "geometry": {
    "type": "Point",
    "coordinates": [
     142.21911578,
     -10.58063141
    ]
   },
   "properties": {
    "name": "UNIT 7, 58 HARGRAVE STREET THURSDAY ISLAND 4875",
    "locID": "LOC100078171168",
    "tech": "NULL",
    "upgrade": "NULL_NA",
    "gnaf_pid": "GAQLD425250805",
    "ee": false,
    "tech_change_status": "Not Planned"
   }
  },
  {
   "type": "Feature",
   "geometry": {
    "type": "Point",
    "coordinates": [
     142.21911578,
     -10.58063141
    ]
   },
   "properties": {
    "name": "UNIT 8, 58 HARGRAVE STREET THURSDAY ISLAND 4875",
    "locID": "LOC100078171168",
    "tech": "NULL",
    "upgrade": "NULL_NA",
    "gnaf_pid": "GAQLD425250806",
    "ee": false,
    "tech_change_status": "Not Planned"
   }
  },
  {
   "type": "Feature",
   "geometry": {
    "type": "Point",
    "coordinates": [
     142.21911578,
     -10.58063141
    ]
   },
   "properties": {
    "name": "UNIT 9, 58 HARGRAVE STREET THURSDAY ISLAND 4875",
    "locID": "LOC100072084390",
    "tech": "NULL",
    "upgrade": "NULL_NA",
    "gnaf_pid": "GAQLD425250807",
    "ee": false,
    "tech_change_status": "Not Planned"
   }
  },
  {
   "type": "Feature",
   "geometry": {
    "type": "Point",
    "coordinates": [
     142.2123015,
     -10.58594868
    ]
   },
   "properties": {
    "name": "2B ERUB COURT THURSDAY ISLAND 4875",
    "locID": "LOC100086122636",
    "tech": "NULL",
    "upgrade": "NULL_NA",
    "gnaf_pid": "GAQLD425329486",
    "ee": false,
    "tech_change_status": "Not Planned"
   }
  },
  {
   "type": "Feature",
   "geometry": {
    "type": "Point",
    "coordinates": [
     142.21251942,
     -10.58585741
    ]
   },
   "properties": {
    "name": "9A PEARL STREET THURSDAY ISLAND 4875",
    "locID": "LOC000149114991",
    "tech": "SATELLITE",
    "upgrade": "NULL_NA",
    "gnaf_pid": "GAQLD425333034",
    "ee": false,
    "tech_change_status": "Not Planned"
   }
  },
  {
   "type": "Feature",
   "geometry": {
    "type": "Point",
    "coordinates": [
     142.21251942,
     -10.58585741
    ]
   },
   "properties": {
    "name": "9B PEARL STREET THURSDAY ISLAND 4875",
    "locID": "LOC000149115009",
    "tech": "NULL",
    "upgrade": "NULL_NA",
    "gnaf_pid": "GAQLD425333035",
    "ee": false,
    "tech_change_status": "Not Planned"
   }
  },
  {
   "type": "Feature",
   "geometry": {
    "type": "Point",
    "coordinates": [
     142.21111761,
     -10.58716334
    ]
   },
   "properties": {
    "name": "UNIT 1, 4 AUBREY PARADE THURSDAY ISLAND 4875",
    "locID": "LOC000150903679",
    "tech": "NULL",
    "upgrade": "NULL_NA",
    "gnaf_pid": "GAQLD425342131",
    "ee": false,
    "tech_change_status": "Not Planned"
   }
  },
  {
   "type": "Feature",
   "geometry": {
    "type": "Point",
    "coordinates": [
     142.21111761,
     -10.58716334
    ]
   },
   "properties": {
    "name": "UNIT 2, 4 AUBREY PARADE THURSDAY ISLAND 4875",
    "locID": "LOC000038427390",
    "tech": "NULL",
    "upgrade": "NULL_NA",
    "gnaf_pid": "GAQLD425342132",
    "ee": false,
    "tech_change_status": "Not Planned"
   }
  },
  {
   "type": "Feature",
   "geometry": {
    "type": "Point",
    "coordinates": [
     142.21111761,
     -10.58716334
    ]
   },
   "properties": {
    "name": "UNIT 3, 4 AUBREY PARADE THURSDAY ISLAND 4875",
    "locID": "LOC000150903679",
    "tech": "NULL",
    "upgrade": "NULL_NA",
    "gnaf_pid": "GAQLD425342133",
    "ee": false,
    "tech_change_status": "Not Planned"
   }
  },
  {
   "type": "Feature",
   "geometry": {
    "type": "Point",
    "coordinates": [
     142.21802788,
     -10.58068461
    ]
   },
   "properties": {
    "name": "27 BLACKALL STREET THURSDAY ISLAND 4875",
    "locID": "LOC000081321574",
    "tech": "SATELLITE",
    "upgrade": "NULL_NA",
    "gnaf_pid": "GAQLD425342342",
    "ee": false,
    "tech_change_status": "Not Planned"
   }
  },
  {
   "type": "Feature",
   "geometry": {
    "type": "Point",
    "coordinates": [
     142.2155524,
     -10.58460201
    ]
   },
   "properties": {
    "name": "UNIT 1, 121-125 DOUGLAS STREET THURSDAY ISLAND 4875",
    "locID": "LOC000059838171",
    "tech": "NULL",
    "upgrade": "NULL_NA",
    "gnaf_pid": "GAQLD425342904",
    "ee": false,
    "tech_change_status": "Not Planned"
   }
  },
  {
   "type": "Feature",
   "geometry": {
    "type": "Point",
    "coordinates": [
     142.2155524,
     -10.58460201
    ]
   },
   "properties": {
    "name": "UNIT 2, 121-125 DOUGLAS STREET THURSDAY ISLAND 4875",
    "locID": "LOC000059838171",
    "tech": "NULL",
    "upgrade": "NULL_NA",
    "gnaf_pid": "GAQLD425342905",
    "ee": false,
    "tech_change_status": "Not Planned"
   }
  },
  {
   "type": "Feature",
   "geometry": {
    "type": "Point",
    "coordinates": [
     142.2155524,
     -10.58460201
    ]
   },
   "properties": {
    "name": "UNIT 3, 121-125 DOUGLAS STREET THURSDAY ISLAND 4875",
    "locID": "LOC000059838171",
    "tech": "NULL",
    "upgrade": "NULL_NA",
    "gnaf_pid": "GAQLD425342906",
    "ee": false,
    "tech_change_status": "Not Planned"
   }
  },
  {
   "type": "Feature",
   "geometry": {
    "type": "Point",
    "coordinates": [
     142.22356404,
     -10.58013918
    ]
   },
   "properties": {
    "name": "UNIT 1, 22 SUMMERS STREET THURSDAY ISLAND 4875",
    "locID": "LOC000102918386",
    "tech": "NULL",
    "upgrade": "NULL_NA",
    "gnaf_pid": "GAQLD425345477",
    "ee": false,
    "tech_change_status": "Not Planned"
   }
  },
  {
   "type": "Feature",
   "geometry": {
    "type": "Point",
    "coordinates": [
     142.22356404,
     -10.58013918
    ]
   },
   "properties": {
    "name": "UNIT 2, 22 SUMMERS STREET THURSDAY ISLAND 4875",
    "locID": "LOC000102918386",
    "tech": "NULL",
    "upgrade": "NULL_NA",
    "gnaf_pid": "GAQLD425345478",
    "ee": false,
    "tech_change_status": "Not Planned"
   }
  },
  {
   "type": "Feature",
   "geometry": {
    "type": "Point",
    "coordinates": [
     142.22231019,
     -10.58317743
    ]
   },
   "properties": {
    "name": "UNIT 1B, 5 JOHN STREET THURSDAY ISLAND 4875",
    "locID": "LOC000085272899",
    "tech": "NULL",
    "upgrade": "NULL_NA",
    "gnaf_pid": "GAQLD425348598",
    "ee": false,
    "tech_change_status": "Not Planned"
   }
  },
  {
   "type": "Feature",
   "geometry": {
    "type": "Point",
    "coordinates": [
     142.22231019,
     -10.58317743
    ]
   },
   "properties": {
    "name": "UNIT 3B, 5 JOHN STREET THURSDAY ISLAND 4875",
    "locID": "LOC000085272899",
    "tech": "NULL",
    "upgrade": "NULL_NA",
    "gnaf_pid": "GAQLD425348602",
    "ee": false,
    "tech_change_status": "Not Planned"
   }
  },
  {
   "type": "Feature",
   "geometry": {
    "type": "Point",
    "coordinates": [
     142.22970678,
     -10.57195478
    ]
   },
   "properties": {
    "name": "UNIT 1, 3 MAGALA CLOSE THURSDAY ISLAND 4875",
    "locID": "LOC100033619467",
    "tech": "SATELLITE",
    "upgrade": "NULL_NA",
    "gnaf_pid": "GAQLD425382640",
    "ee": false,
    "tech_change_status": "Not Planned"
   }
  },
  {
   "type": "Feature",
   "geometry": {
    "type": "Point",
    "coordinates": [
     142.22970678,
     -10.57195478
    ]
   },
   "properties": {
    "name": "UNIT 2, 3 MAGALA CLOSE THURSDAY ISLAND 4875",
    "locID": "LOC100033619467",
    "tech": "SATELLITE",
    "upgrade": "NULL_NA",
    "gnaf_pid": "GAQLD425382641",
    "ee": false,
    "tech_change_status": "Not Planned"
   }
  },
  {
   "type": "Feature",
   "geometry": {
    "type": "Point",
    "coordinates": [
     142.22970678,
     -10.57195478
    ]
   },
   "properties": {
    "name": "1 MAGALA CLOSE THURSDAY ISLAND 4875",
    "locID": "LOC100087477892",
    "tech": "NULL",
    "upgrade": "NULL_NA",
    "gnaf_pid": "GAQLD425382645",
    "ee": false,
    "tech_change_status": "Not Planned"
   }
  },
  {
   "type": "Feature",
   "geometry": {
    "type": "Point",
    "coordinates": [
     142.22970678,
     -10.57195478
    ]
   },
   "properties": {
    "name": "2 MAGALA CLOSE THURSDAY ISLAND 4875",
    "locID": "LOC100087332199",
    "tech": "SATELLITE",
    "upgrade": "NULL_NA",
    "gnaf_pid": "GAQLD425382646",
    "ee": false,
    "tech_change_status": "Not Planned"
   }
  },
  {
   "type": "Feature",
   "geometry": {
    "type": "Point",
    "coordinates": [
     142.22970678,
     -10.57195478
    ]
   },
   "properties": {
    "name": "4 MAGALA CLOSE THURSDAY ISLAND 4875",
    "locID": "LOC100033619467",
    "tech": "SATELLITE",
    "upgrade": "NULL_NA",
    "gnaf_pid": "GAQLD425382647",
    "ee": false,
    "tech_change_status": "Not Planned"
   }
  },
  {
   "type": "Feature",
   "geometry": {
    "type": "Point",
    "coordinates": [
     142.22970678,
     -10.57195478
    ]
   },
   "properties": {
    "name": "6 MAGALA CLOSE THURSDAY ISLAND 4875",
    "locID": "LOC100087070712",
    "tech": "NULL",
    "upgrade": "NULL_NA",
    "gnaf_pid": "GAQLD425382649",
    "ee": false,
    "tech_change_status": "Not Planned"
   }
  },
  {
   "type": "Feature",
   "geometry": {
    "type": "Point",
    "coordinates": [
     142.22970678,
     -10.57195478
    ]
   },
   "properties": {
    "name": "3 MAGALA CLOSE THURSDAY ISLAND 4875",
    "locID": "LOC100033619467",
    "tech": "SATELLITE",
    "upgrade": "NULL_NA",
    "gnaf_pid": "GAQLD425387965",
    "ee": false,
    "tech_change_status": "Not Planned"
   }
  },
  {
   "type": "Feature",
   "geometry": {
    "type": "Point",
    "coordinates": [
     142.21338406,
     -10.58474804
    ]
   },
   "properties": {
    "name": "UNIT 1, 8 CHESTER STREET THURSDAY ISLAND 4875",
    "locID": "LOC000087897597",
    "tech": "NULL",
    "upgrade": "NULL_NA",
    "gnaf_pid": "GAQLD425490539",
    "ee": false,
    "tech_change_status": "Not Planned"
   }
  },
  {
   "type": "Feature",
   "geometry": {
    "type": "Point",
    "coordinates": [
     142.21338406,
     -10.58474804
    ]
   },
   "properties": {
    "name": "UNIT 2, 8 CHESTER STREET THURSDAY ISLAND 4875",
    "locID": "LOC000087897597",
    "tech": "NULL",
    "upgrade": "NULL_NA",
    "gnaf_pid": "GAQLD425490540",
    "ee": false,
    "tech_change_status": "Not Planned"
   }
  },
  {
   "type": "Feature",
   "geometry": {
    "type": "Point",
    "coordinates": [
     142.21942392,
     -10.58471809
    ]
   },
   "properties": {
    "name": "UNIT 1, 12 VICTORIA PARADE THURSDAY ISLAND 4875",
    "locID": "LOC000190044504",
    "tech": "NULL",
    "upgrade": "NULL_NA",
    "gnaf_pid": "GAQLD425493413",
    "ee": false,
    "tech_change_status": "Not Planned"
   }
  },
  {
   "type": "Feature",
   "geometry": {
    "type": "Point",
    "coordinates": [
     142.21942392,
     -10.58471809
    ]
   },
   "properties": {
    "name": "UNIT 2, 12 VICTORIA PARADE THURSDAY ISLAND 4875",
    "locID": "LOC000030790659",
    "tech": "NULL",
    "upgrade": "NULL_NA",
    "gnaf_pid": "GAQLD425493414",
    "ee": false,
    "tech_change_status": "Not Planned"
   }
  },
  {
   "type": "Feature",
   "geometry": {
    "type": "Point",
    "coordinates": [
     142.22071534,
     -10.58261645
    ]
   },
   "properties": {
    "name": "12-14 HASTINGS STREET THURSDAY ISLAND 4875",
    "locID": "LOC000129731922",
    "tech": "SATELLITE",
    "upgrade": "NULL_NA",
    "gnaf_pid": "GAQLD425508015",
    "ee": false,
    "tech_change_status": "Not Planned"
   }
  },
  {
   "type": "Feature",
   "geometry": {
    "type": "Point",
    "coordinates": [
     142.21715853,
     -10.58269312
    ]
   },
   "properties": {
    "name": "UNIT 1, 51 JOHN STREET THURSDAY ISLAND 4875",
    "locID": "LOC000150903294",
    "tech": "NULL",
    "upgrade": "NULL_NA",
    "gnaf_pid": "GAQLD425590213",
    "ee": false,
    "tech_change_status": "Not Planned"
   }
  },
  {
   "type": "Feature",
   "geometry": {
    "type": "Point",
    "coordinates": [
     142.21715272,
     -10.58276523
    ]
   },
   "properties": {
    "name": "UNIT 2, 51 JOHN STREET THURSDAY ISLAND 4875",
    "locID": "LOC000150903937",
    "tech": "NULL",
    "upgrade": "NULL_NA",
    "gnaf_pid": "GAQLD425590214",
    "ee": false,
    "tech_change_status": "Not Planned"
   }
  },
  {
   "type": "Feature",
   "geometry": {
    "type": "Point",
    "coordinates": [
     142.21714691,
     -10.58283734
    ]
   },
   "properties": {
    "name": "UNIT 3, 51 JOHN STREET THURSDAY ISLAND 4875",
    "locID": "LOC000047813840",
    "tech": "NULL",
    "upgrade": "NULL_NA",
    "gnaf_pid": "GAQLD425590215",
    "ee": false,
    "tech_change_status": "Not Planned"
   }
  },
  {
   "type": "Feature",
   "geometry": {
    "type": "Point",
    "coordinates": [
     142.21714111,
     -10.58290945
    ]
   },
   "properties": {
    "name": "UNIT 4, 51 JOHN STREET THURSDAY ISLAND 4875",
    "locID": "LOC000150904976",
    "tech": "NULL",
    "upgrade": "NULL_NA",
    "gnaf_pid": "GAQLD425590216",
    "ee": false,
    "tech_change_status": "Not Planned"
   }
  },
  {
   "type": "Feature",
   "geometry": {
    "type": "Point",
    "coordinates": [
     142.21713473,
     -10.58298855
    ]
   },
   "properties": {
    "name": "UNIT 5, 51 JOHN STREET THURSDAY ISLAND 4875",
    "locID": "LOC000150905189",
    "tech": "NULL",
    "upgrade": "NULL_NA",
    "gnaf_pid": "GAQLD425590217",
    "ee": false,
    "tech_change_status": "Not Planned"
   }
  },
  {
   "type": "Feature",
   "geometry": {
    "type": "Point",
    "coordinates": [
     142.21920794,
     -10.58296752
    ]
   },
   "properties": {
    "name": "UNIT 1, 33 JOHN STREET THURSDAY ISLAND 4875",
    "locID": "LOC000150903531",
    "tech": "NULL",
    "upgrade": "NULL_NA",
    "gnaf_pid": "GAQLD425601741",
    "ee": false,
    "tech_change_status": "Not Planned"
   }
  },
  {
   "type": "Feature",
   "geometry": {
    "type": "Point",
    "coordinates": [
     142.21920794,
     -10.58296752
    ]
   },
   "properties": {
    "name": "UNIT 2, 33 JOHN STREET THURSDAY ISLAND 4875",
    "locID": "LOC000150903565",
    "tech": "SATELLITE",
    "upgrade": "NULL_NA",
    "gnaf_pid": "GAQLD425601742",
    "ee": false,
    "tech_change_status": "Not Planned"
   }
  },
  {
   "type": "Feature",
   "geometry": {
    "type": "Point",
    "coordinates": [
     142.21920794,
     -10.58296752
    ]
   },
   "properties": {
    "name": "UNIT 3, 33 JOHN STREET THURSDAY ISLAND 4875",
    "locID": "LOC000150903565",
    "tech": "SATELLITE",
    "upgrade": "NULL_NA",
    "gnaf_pid": "GAQLD425601743",
    "ee": false,
    "tech_change_status": "Not Planned"
   }
  },
  {
   "type": "Feature",
   "geometry": {
    "type": "Point",
    "coordinates": [
     142.21920794,
     -10.58296752
    ]
   },
   "properties": {
    "name": "UNIT 4, 33 JOHN STREET THURSDAY ISLAND 4875",
    "locID": "LOC000150903565",
    "tech": "SATELLITE",
    "upgrade": "NULL_NA",
    "gnaf_pid": "GAQLD425601744",
    "ee": false,
    "tech_change_status": "Not Planned"
   }
  },
  {
   "type": "Feature",
   "geometry": {
    "type": "Point",
    "coordinates": [
     142.21920794,
     -10.58296752
    ]
   },
   "properties": {
    "name": "UNIT 5, 33 JOHN STREET THURSDAY ISLAND 4875",
    "locID": "LOC000150903531",
    "tech": "NULL",
    "upgrade": "NULL_NA",
    "gnaf_pid": "GAQLD425601745",
    "ee": false,
    "tech_change_status": "Not Planned"
   }
  },
  {
   "type": "Feature",
   "geometry": {
    "type": "Point",
    "coordinates": [
     142.21920794,
     -10.58296752
    ]
   },
   "properties": {
    "name": "UNIT 6, 33 JOHN STREET THURSDAY ISLAND 4875",
    "locID": "LOC000150903565",
    "tech": "SATELLITE",
    "upgrade": "NULL_NA",
    "gnaf_pid": "GAQLD425601746",
    "ee": false,
    "tech_change_status": "Not Planned"
   }
  },
  {
   "type": "Feature",
   "geometry": {
    "type": "Point",
    "coordinates": [
     142.21920794,
     -10.58296752
    ]
   },
   "properties": {
    "name": "UNIT 7, 33 JOHN STREET THURSDAY ISLAND 4875",
    "locID": "LOC000150903565",
    "tech": "SATELLITE",
    "upgrade": "NULL_NA",
    "gnaf_pid": "GAQLD425601747",
    "ee": false,
    "tech_change_status": "Not Planned"
   }
  },
  {
   "type": "Feature",
   "geometry": {
    "type": "Point",
    "coordinates": [
     142.21920794,
     -10.58296752
    ]
   },
   "properties": {
    "name": "UNIT 8, 33 JOHN STREET THURSDAY ISLAND 4875",
    "locID": "LOC000150903565",
    "tech": "SATELLITE",
    "upgrade": "NULL_NA",
    "gnaf_pid": "GAQLD425601748",
    "ee": false,
    "tech_change_status": "Not Planned"
   }
  },
  {
   "type": "Feature",
   "geometry": {
    "type": "Point",
    "coordinates": [
     142.2187828,
     -10.58040305
    ]
   },
   "properties": {
    "name": "UNIT 1, 61 SUMMERS STREET THURSDAY ISLAND 4875",
    "locID": "LOC100072086098",
    "tech": "NULL",
    "upgrade": "NULL_NA",
    "gnaf_pid": "GAQLD719084451",
    "ee": false,
    "tech_change_status": "Not Planned"
   }
  },
  {
   "type": "Feature",
   "geometry": {
    "type": "Point",
    "coordinates": [
     142.2187828,
     -10.58040305
    ]
   },
   "properties": {
    "name": "UNIT 9, 61 SUMMERS STREET THURSDAY ISLAND 4875",
    "locID": "LOC100072086112",
    "tech": "NULL",
    "upgrade": "NULL_NA",
    "gnaf_pid": "GAQLD719084470",
    "ee": false,
    "tech_change_status": "Not Planned"
   }
  },
  {
   "type": "Feature",
   "geometry": {
    "type": "Point",
    "coordinates": [
     142.22048441,
     -10.5815717
    ]
   },
   "properties": {
    "name": "UNIT 1, 23 HASTINGS STREET THURSDAY ISLAND 4875",
    "locID": "LOC100072084433",
    "tech": "NULL",
    "upgrade": "NULL_NA",
    "gnaf_pid": "GAQLD719084499",
    "ee": false,
    "tech_change_status": "Not Planned"
   }
  },
  {
   "type": "Feature",
   "geometry": {
    "type": "Point",
    "coordinates": [
     142.2187828,
     -10.58040305
    ]
   },
   "properties": {
    "name": "UNIT 2, 61 SUMMERS STREET THURSDAY ISLAND 4875",
    "locID": "LOC100072086112",
    "tech": "NULL",
    "upgrade": "NULL_NA",
    "gnaf_pid": "GAQLD719084506",
    "ee": false,
    "tech_change_status": "Not Planned"
   }
  },
  {
   "type": "Feature",
   "geometry": {
    "type": "Point",
    "coordinates": [
     142.22048441,
     -10.5815717
    ]
   },
   "properties": {
    "name": "UNIT 2, 23 HASTINGS STREET THURSDAY ISLAND 4875",
    "locID": "LOC100072084467",
    "tech": "NULL",
    "upgrade": "NULL_NA",
    "gnaf_pid": "GAQLD719084663",
    "ee": false,
    "tech_change_status": "Not Planned"
   }
  },
  {
   "type": "Feature",
   "geometry": {
    "type": "Point",
    "coordinates": [
     142.22410179,
     -10.58195399
    ]
   },
   "properties": {
    "name": "UNIT 2, 22 DOUGLAS STREET THURSDAY ISLAND 4875",
    "locID": "LOC100072084077",
    "tech": "NULL",
    "upgrade": "NULL_NA",
    "gnaf_pid": "GAQLD719085321",
    "ee": false,
    "tech_change_status": "Not Planned"
   }
  },
  {
   "type": "Feature",
   "geometry": {
    "type": "Point",
    "coordinates": [
     142.2187828,
     -10.58040305
    ]
   },
   "properties": {
    "name": "UNIT 6, 61 SUMMERS STREET THURSDAY ISLAND 4875",
    "locID": "LOC100072086112",
    "tech": "NULL",
    "upgrade": "NULL_NA",
    "gnaf_pid": "GAQLD719085841",
    "ee": false,
    "tech_change_status": "Not Planned"
   }
  },
  {
   "type": "Feature",
   "geometry": {
    "type": "Point",
    "coordinates": [
     142.22410179,
     -10.58195399
    ]
   },
   "properties": {
    "name": "UNIT 3, 22 DOUGLAS STREET THURSDAY ISLAND 4875",
    "locID": "LOC100072084065",
    "tech": "NULL",
    "upgrade": "NULL_NA",
    "gnaf_pid": "GAQLD719086226",
    "ee": false,
    "tech_change_status": "Not Planned"
   }
  },
  {
   "type": "Feature",
   "geometry": {
    "type": "Point",
    "coordinates": [
     142.2187828,
     -10.58040305
    ]
   },
   "properties": {
    "name": "UNIT 5, 61 SUMMERS STREET THURSDAY ISLAND 4875",
    "locID": "LOC100072086108",
    "tech": "NULL",
    "upgrade": "NULL_NA",
    "gnaf_pid": "GAQLD719086255",
    "ee": false,
    "tech_change_status": "Not Planned"
   }
  },
  {
   "type": "Feature",
   "geometry": {
    "type": "Point",
    "coordinates": [
     142.2187828,
     -10.58040305
    ]
   },
   "properties": {
    "name": "UNIT 10, 61 SUMMERS STREET THURSDAY ISLAND 4875",
    "locID": "LOC100072086112",
    "tech": "NULL",
    "upgrade": "NULL_NA",
    "gnaf_pid": "GAQLD719086465",
    "ee": false,
    "tech_change_status": "Not Planned"
   }
  },
  {
   "type": "Feature",
   "geometry": {
    "type": "Point",
    "coordinates": [
     142.2187828,
     -10.58040305
    ]
   },
   "properties": {
    "name": "UNIT 8, 61 SUMMERS STREET THURSDAY ISLAND 4875",
    "locID": "LOC100072086131",
    "tech": "NULL",
    "upgrade": "NULL_NA",
    "gnaf_pid": "GAQLD719086715",
    "ee": false,
    "tech_change_status": "Not Planned"
   }
  },
  {
   "type": "Feature",
   "geometry": {
    "type": "Point",
    "coordinates": [
     142.22410179,
     -10.58195399
    ]
   },
   "properties": {
    "name": "UNIT 1, 22 DOUGLAS STREET THURSDAY ISLAND 4875",
    "locID": "LOC100072084083",
    "tech": "NULL",
    "upgrade": "NULL_NA",
    "gnaf_pid": "GAQLD719086759",
    "ee": false,
    "tech_change_status": "Not Planned"
   }
  },
  {
   "type": "Feature",
   "geometry": {
    "type": "Point",
    "coordinates": [
     142.2187828,
     -10.58040305
    ]
   },
   "properties": {
    "name": "UNIT 7, 61 SUMMERS STREET THURSDAY ISLAND 4875",
    "locID": "LOC100072086131",
    "tech": "NULL",
    "upgrade": "NULL_NA",
    "gnaf_pid": "GAQLD719086923",
    "ee": false,
    "tech_change_status": "Not Planned"
   }
  },
  {
   "type": "Feature",
   "geometry": {
    "type": "Point",
    "coordinates": [
     142.2187828,
     -10.58040305
    ]
   },
   "properties": {
    "name": "UNIT 3, 61 SUMMERS STREET THURSDAY ISLAND 4875",
    "locID": "LOC100072086131",
    "tech": "NULL",
    "upgrade": "NULL_NA",
    "gnaf_pid": "GAQLD719087134",
    "ee": false,
    "tech_change_status": "Not Planned"
   }
  },
  {
   "type": "Feature",
   "geometry": {
    "type": "Point",
    "coordinates": [
     142.2187828,
     -10.58040305
    ]
   },
   "properties": {
    "name": "UNIT 4, 61 SUMMERS STREET THURSDAY ISLAND 4875",
    "locID": "LOC100072086131",
    "tech": "NULL",
    "upgrade": "NULL_NA",
    "gnaf_pid": "GAQLD719087135",
    "ee": false,
    "tech_change_status": "Not Planned"
   }
  },
  {
   "type": "Feature",
   "geometry": {
    "type": "Point",
    "coordinates": [
     142.22048441,
     -10.5815717
    ]
   },
   "properties": {
    "name": "23 HASTINGS STREET THURSDAY ISLAND 4875",
    "locID": "LOC100072084433",
    "tech": "NULL",
    "upgrade": "NULL_NA",
    "gnaf_pid": "GAQLD719093322",
    "ee": false,
    "tech_change_status": "Not Planned"
   }
  },
  {
   "type": "Feature",
   "geometry": {
    "type": "Point",
    "coordinates": [
     142.21245765,
     -10.58778434
    ]
   },
   "properties": {
    "name": "LOT 1 VICTORIA PARADE THURSDAY ISLAND 4875",
    "locID": "LOC000030790659",
    "tech": "NULL",
    "upgrade": "NULL_NA",
    "gnaf_pid": "GAQLD719127990",
    "ee": false,
    "tech_change_status": "Not Planned"
   }
  },
  {
   "type": "Feature",
   "geometry": {
    "type": "Point",
    "coordinates": [
     142.21088897,
     -10.58812389
    ]
   },
   "properties": {
    "name": "LOT 1 AUBREY PARADE THURSDAY ISLAND 4875",
    "locID": "LOC100071882075",
    "tech": "SATELLITE",
    "upgrade": "NULL_NA",
    "gnaf_pid": "GAQLD719264757",
    "ee": false,
    "tech_change_status": "Not Planned"
   }
  },
  {
   "type": "Feature",
   "geometry": {
    "type": "Point",
    "coordinates": [
     142.22267611,
     -10.5820858
    ]
   },
   "properties": {
    "name": "5 MILMAN STREET THURSDAY ISLAND 4875",
    "locID": "LOC000173811233",
    "tech": "NULL",
    "upgrade": "NULL_NA",
    "gnaf_pid": "GAQLD719266696",
    "ee": false,
    "tech_change_status": "Not Planned"
   }
  },
  {
   "type": "Feature",
   "geometry": {
    "type": "Point",
    "coordinates": [
     142.21009453,
     -10.57985169
    ]
   },
   "properties": {
    "name": "LOT 114 PORUMA STREET THURSDAY ISLAND 4875",
    "locID": "LOC100086160124",
    "tech": "NULL",
    "upgrade": "NULL_NA",
    "gnaf_pid": "GAQLD719328238",
    "ee": false,
    "tech_change_status": "Not Planned"
   }
  },
  {
   "type": "Feature",
   "geometry": {
    "type": "Point",
    "coordinates": [
     142.21434996,
     -10.58619899
    ]
   },
   "properties": {
    "name": "LOT 10 VICTORIA PARADE THURSDAY ISLAND 4875",
    "locID": "LOC000026578711",
    "tech": "NULL",
    "upgrade": "NULL_NA",
    "gnaf_pid": "GAQLD719328424",
    "ee": false,
    "tech_change_status": "Not Planned"
   }
  },
  {
   "type": "Feature",
   "geometry": {
    "type": "Point",
    "coordinates": [
     142.22695778,
     -10.57884525
    ]
   },
   "properties": {
    "name": "LOT 3 MILMAN STREET THURSDAY ISLAND 4875",
    "locID": "LOC100072072132",
    "tech": "NULL",
    "upgrade": "NULL_NA",
    "gnaf_pid": "GAQLD719329099",
    "ee": false,
    "tech_change_status": "Not Planned"
   }
  },
  {
   "type": "Feature",
   "geometry": {
    "type": "Point",
    "coordinates": [
     142.21046244,
     -10.57965619
    ]
   },
   "properties": {
    "name": "LOT 107 OLANDI STREET THURSDAY ISLAND 4875",
    "locID": "LOC100077994612",
    "tech": "NULL",
    "upgrade": "NULL_NA",
    "gnaf_pid": "GAQLD719329129",
    "ee": false,
    "tech_change_status": "Not Planned"
   }
  },
  {
   "type": "Feature",
   "geometry": {
    "type": "Point",
    "coordinates": [
     142.22766836,
     -10.57917187
    ]
   },
   "properties": {
    "name": "LOT 4 MILMAN STREET THURSDAY ISLAND 4875",
    "locID": "LOC100072072121",
    "tech": "NULL",
    "upgrade": "NULL_NA",
    "gnaf_pid": "GAQLD719329171",
    "ee": false,
    "tech_change_status": "Not Planned"
   }
  },
  {
   "type": "Feature",
   "geometry": {
    "type": "Point",
    "coordinates": [
     142.21515893,
     -10.57734309
    ]
   },
   "properties": {
    "name": "LOT 15 IDAGI CLOSE THURSDAY ISLAND 4875",
    "locID": "LOC000054714702",
    "tech": "NULL",
    "upgrade": "NULL_NA",
    "gnaf_pid": "GAQLD719331113",
    "ee": false,
    "tech_change_status": "Not Planned"
   }
  },
  {
   "type": "Feature",
   "geometry": {
    "type": "Point",
    "coordinates": [
     142.21028646,
     -10.58007224
    ]
   },
   "properties": {
    "name": "LOT 112 PORUMA STREET THURSDAY ISLAND 4875",
    "locID": "LOC100086160315",
    "tech": "NULL",
    "upgrade": "NULL_NA",
    "gnaf_pid": "GAQLD719331267",
    "ee": false,
    "tech_change_status": "Not Planned"
   }
  },
  {
   "type": "Feature",
   "geometry": {
    "type": "Point",
    "coordinates": [
     142.21936346,
     -10.58604949
    ]
   },
   "properties": {
    "name": "LOT 156 VICTORIA PARADE THURSDAY ISLAND 4875",
    "locID": "LOC000095777106",
    "tech": "NULL",
    "upgrade": "NULL_NA",
    "gnaf_pid": "GAQLD719331452",
    "ee": false,
    "tech_change_status": "Not Planned"
   }
  },
  {
   "type": "Feature",
   "geometry": {
    "type": "Point",
    "coordinates": [
     142.22077965,
     -10.5695419
    ]
   },
   "properties": {
    "name": "LOT 4 WAIBEN ESPLANADE THURSDAY ISLAND 4875",
    "locID": "LOC000064171733",
    "tech": "NULL",
    "upgrade": "NULL_NA",
    "gnaf_pid": "GAQLD719331518",
    "ee": false,
    "tech_change_status": "Not Planned"
   }
  },
  {
   "type": "Feature",
   "geometry": {
    "type": "Point",
    "coordinates": [
     142.22798777,
     -10.58329337
    ]
   },
   "properties": {
    "name": "LOT 142 DOUGLAS STREET THURSDAY ISLAND 4875",
    "locID": "LOC000002462691",
    "tech": "NULL",
    "upgrade": "NULL_NA",
    "gnaf_pid": "GAQLD719331525",
    "ee": false,
    "tech_change_status": "Not Planned"
   }
  },
  {
   "type": "Feature",
   "geometry": {
    "type": "Point",
    "coordinates": [
     142.21580169,
     -10.5773925
    ]
   },
   "properties": {
    "name": "LOT 19 APLIN ROAD THURSDAY ISLAND 4875",
    "locID": "LOC000104842704",
    "tech": "SATELLITE",
    "upgrade": "NULL_NA",
    "gnaf_pid": "GAQLD719333016",
    "ee": false,
    "tech_change_status": "Not Planned"
   }
  },
  {
   "type": "Feature",
   "geometry": {
    "type": "Point",
    "coordinates": [
     142.22421335,
     -10.58196136
    ]
   },
   "properties": {
    "name": "LOT 42 DOUGLAS STREET THURSDAY ISLAND 4875",
    "locID": "LOC000037666545",
    "tech": "NULL",
    "upgrade": "NULL_NA",
    "gnaf_pid": "GAQLD719333260",
    "ee": false,
    "tech_change_status": "Not Planned"
   }
  },
  {
   "type": "Feature",
   "geometry": {
    "type": "Point",
    "coordinates": [
     142.21050587,
     -10.5803218
    ]
   },
   "properties": {
    "name": "LOT 117 PORUMA STREET THURSDAY ISLAND 4875",
    "locID": "LOC000187233722",
    "tech": "SATELLITE",
    "upgrade": "NULL_NA",
    "gnaf_pid": "GAQLD719333522",
    "ee": false,
    "tech_change_status": "Not Planned"
   }
  },
  {
   "type": "Feature",
   "geometry": {
    "type": "Point",
    "coordinates": [
     142.21019097,
     -10.57996194
    ]
   },
   "properties": {
    "name": "LOT 113 PORUMA STREET THURSDAY ISLAND 4875",
    "locID": "LOC100086160304",
    "tech": "NULL",
    "upgrade": "NULL_NA",
    "gnaf_pid": "GAQLD719333528",
    "ee": false,
    "tech_change_status": "Not Planned"
   }
  },
  {
   "type": "Feature",
   "geometry": {
    "type": "Point",
    "coordinates": [
     142.22412667,
     -10.58117656
    ]
   },
   "properties": {
    "name": "LOT 52 HARGRAVE STREET THURSDAY ISLAND 4875",
    "locID": "LOC000022707994",
    "tech": "SATELLITE",
    "upgrade": "NULL_NA",
    "gnaf_pid": "GAQLD719333532",
    "ee": false,
    "tech_change_status": "Not Planned"
   }
  },
  {
   "type": "Feature",
   "geometry": {
    "type": "Point",
    "coordinates": [
     142.20971489,
     -10.57941166
    ]
   },
   "properties": {
    "name": "LOT 119 PORUMA STREET THURSDAY ISLAND 4875",
    "locID": "LOC100077994608",
    "tech": "NULL",
    "upgrade": "NULL_NA",
    "gnaf_pid": "GAQLD719334372",
    "ee": false,
    "tech_change_status": "Not Planned"
   }
  },
  {
   "type": "Feature",
   "geometry": {
    "type": "Point",
    "coordinates": [
     142.2166391,
     -10.58163074
    ]
   },
   "properties": {
    "name": "67A HARGRAVE STREET THURSDAY ISLAND 4875",
    "locID": "LOC100080270632",
    "tech": "SATELLITE",
    "upgrade": "NULL_NA",
    "gnaf_pid": "GAQLD719334902",
    "ee": false,
    "tech_change_status": "Not Planned"
   }
  },
  {
   "type": "Feature",
   "geometry": {
    "type": "Point",
    "coordinates": [
     142.21044774,
     -10.57667259
    ]
   },
   "properties": {
    "name": "LOT 4 COOK ESPLANADE THURSDAY ISLAND 4875",
    "locID": "LOC100081003676",
    "tech": "NULL",
    "upgrade": "NULL_NA",
    "gnaf_pid": "GAQLD719335160",
    "ee": false,
    "tech_change_status": "Not Planned"
   }
  },
  {
   "type": "Feature",
   "geometry": {
    "type": "Point",
    "coordinates": [
     142.20958326,
     -10.57925906
    ]
   },
   "properties": {
    "name": "LOT 120 PORUMA STREET THURSDAY ISLAND 4875",
    "locID": "LOC100086159592",
    "tech": "NULL",
    "upgrade": "NULL_NA",
    "gnaf_pid": "GAQLD719335248",
    "ee": false,
    "tech_change_status": "Not Planned"
   }
  },
  {
   "type": "Feature",
   "geometry": {
    "type": "Point",
    "coordinates": [
     142.21948706,
     -10.58426543
    ]
   },
   "properties": {
    "name": "61-63 DOUGLAS STREET THURSDAY ISLAND 4875",
    "locID": "LOC000063922734",
    "tech": "NULL",
    "upgrade": "NULL_NA",
    "gnaf_pid": "GAQLD719335251",
    "ee": false,
    "tech_change_status": "Not Planned"
   }
  },
  {
   "type": "Feature",
   "geometry": {
    "type": "Point",
    "coordinates": [
     142.21022087,
     -10.5793776
    ]
   },
   "properties": {
    "name": "LOT 105 OLANDI STREET THURSDAY ISLAND 4875",
    "locID": "LOC100077994599",
    "tech": "NULL",
    "upgrade": "NULL_NA",
    "gnaf_pid": "GAQLD719336391",
    "ee": false,
    "tech_change_status": "Not Planned"
   }
  },
  {
   "type": "Feature",
   "geometry": {
    "type": "Point",
    "coordinates": [
     142.22115178,
     -10.56990644
    ]
   },
   "properties": {
    "name": "LOT 5 WAIBEN ESPLANADE THURSDAY ISLAND 4875",
    "locID": "LOC000068677872",
    "tech": "NULL",
    "upgrade": "NULL_NA",
    "gnaf_pid": "GAQLD719336955",
    "ee": false,
    "tech_change_status": "Not Planned"
   }
  },
  {
   "type": "Feature",
   "geometry": {
    "type": "Point",
    "coordinates": [
     142.20945562,
     -10.57909857
    ]
   },
   "properties": {
    "name": "LOT 116 PORUMA STREET THURSDAY ISLAND 4875",
    "locID": "LOC100086159585",
    "tech": "NULL",
    "upgrade": "NULL_NA",
    "gnaf_pid": "GAQLD719337354",
    "ee": false,
    "tech_change_status": "Not Planned"
   }
  },
  {
   "type": "Feature",
   "geometry": {
    "type": "Point",
    "coordinates": [
     142.22054381,
     -10.58085171
    ]
   },
   "properties": {
    "name": "LOT 1 HASTINGS STREET THURSDAY ISLAND 4875",
    "locID": "LOC000055327027",
    "tech": "NULL",
    "upgrade": "NULL_NA",
    "gnaf_pid": "GAQLD719339379",
    "ee": false,
    "tech_change_status": "Not Planned"
   }
  },
  {
   "type": "Feature",
   "geometry": {
    "type": "Point",
    "coordinates": [
     142.21655785,
     -10.5813999
    ]
   },
   "properties": {
    "name": "69 HARGRAVE STREET THURSDAY ISLAND 4875",
    "locID": "LOC100071882034",
    "tech": "NULL",
    "upgrade": "NULL_NA",
    "gnaf_pid": "GAQLD719339633",
    "ee": false,
    "tech_change_status": "Not Planned"
   }
  },
  {
   "type": "Feature",
   "geometry": {
    "type": "Point",
    "coordinates": [
     142.20997969,
     -10.57971732
    ]
   },
   "properties": {
    "name": "LOT 115 PORUMA STREET THURSDAY ISLAND 4875",
    "locID": "LOC000187233722",
    "tech": "SATELLITE",
    "upgrade": "NULL_NA",
    "gnaf_pid": "GAQLD719339693",
    "ee": false,
    "tech_change_status": "Not Planned"
   }
  },
  {
   "type": "Feature",
   "geometry": {
    "type": "Point",
    "coordinates": [
     142.22606025,
     -10.57887038
    ]
   },
   "properties": {
    "name": "LOT 5 MILMAN STREET THURSDAY ISLAND 4875",
    "locID": "LOC000173811233",
    "tech": "NULL",
    "upgrade": "NULL_NA",
    "gnaf_pid": "GAQLD719339752",
    "ee": false,
    "tech_change_status": "Not Planned"
   }
  },
  {
   "type": "Feature",
   "geometry": {
    "type": "Point",
    "coordinates": [
     142.22148556,
     -10.58629769
    ]
   },
   "properties": {
    "name": "LOT 191 VICTORIA PARADE THURSDAY ISLAND 4875",
    "locID": "LOC000095777106",
    "tech": "NULL",
    "upgrade": "NULL_NA",
    "gnaf_pid": "GAQLD719341363",
    "ee": false,
    "tech_change_status": "Not Planned"
   }
  },
  {
   "type": "Feature",
   "geometry": {
    "type": "Point",
    "coordinates": [
     142.21164613,
     -10.58695485
    ]
   },
   "properties": {
    "name": "LOT 29 DOUGLAS STREET THURSDAY ISLAND 4875",
    "locID": "LOC000005778521",
    "tech": "NULL",
    "upgrade": "NULL_NA",
    "gnaf_pid": "GAQLD719341440",
    "ee": false,
    "tech_change_status": "Not Planned"
   }
  },
  {
   "type": "Feature",
   "geometry": {
    "type": "Point",
    "coordinates": [
     142.22060731,
     -10.5810798
    ]
   },
   "properties": {
    "name": "LOT 2 HASTINGS STREET THURSDAY ISLAND 4875",
    "locID": "LOC100072072150",
    "tech": "NULL",
    "upgrade": "NULL_NA",
    "gnaf_pid": "GAQLD719341730",
    "ee": false,
    "tech_change_status": "Not Planned"
   }
  },
  {
   "type": "Feature",
   "geometry": {
    "type": "Point",
    "coordinates": [
     142.21221552,
     -10.58637054
    ]
   },
   "properties": {
    "name": "LOT 260 DOUGLAS STREET THURSDAY ISLAND 4875",
    "locID": "LOC000038099183",
    "tech": "SATELLITE",
    "upgrade": "NULL_NA",
    "gnaf_pid": "GAQLD719341740",
    "ee": false,
    "tech_change_status": "Not Planned"
   }
  },
  {
   "type": "Feature",
   "geometry": {
    "type": "Point",
    "coordinates": [
     142.21463071,
     -10.57760234
    ]
   },
   "properties": {
    "name": "LOT 17 MOSBY ROAD THURSDAY ISLAND 4875",
    "locID": "LOC100071882006",
    "tech": "NULL",
    "upgrade": "NULL_NA",
    "gnaf_pid": "GAQLD719342574",
    "ee": false,
    "tech_change_status": "Not Planned"
   }
  },
  {
   "type": "Feature",
   "geometry": {
    "type": "Point",
    "coordinates": [
     142.22087698,
     -10.58445434
    ]
   },
   "properties": {
    "name": "LOT 401 HASTINGS STREET THURSDAY ISLAND 4875",
    "locID": "LOC100072072145",
    "tech": "NULL",
    "upgrade": "NULL_NA",
    "gnaf_pid": "GAQLD719343272",
    "ee": false,
    "tech_change_status": "Not Planned"
   }
  },
  {
   "type": "Feature",
   "geometry": {
    "type": "Point",
    "coordinates": [
     142.22776449,
     -10.58362424
    ]
   },
   "properties": {
    "name": "LOT 140 DOUGLAS STREET THURSDAY ISLAND 4875",
    "locID": "LOC000038099183",
    "tech": "SATELLITE",
    "upgrade": "NULL_NA",
    "gnaf_pid": "GAQLD719343415",
    "ee": false,
    "tech_change_status": "Not Planned"
   }
  },
  {
   "type": "Feature",
   "geometry": {
    "type": "Point",
    "coordinates": [
     142.22814514,
     -10.57114421
    ]
   },
   "properties": {
    "name": "LOT 82 WAIBEN ESPLANADE THURSDAY ISLAND 4875",
    "locID": "LOC000060607167",
    "tech": "NULL",
    "upgrade": "NULL_NA",
    "gnaf_pid": "GAQLD719343782",
    "ee": false,
    "tech_change_status": "Not Planned"
   }
  },
  {
   "type": "Feature",
   "geometry": {
    "type": "Point",
    "coordinates": [
     142.22591239,
     -10.57748625
    ]
   },
   "properties": {
    "name": "LOT 6 MILMAN STREET THURSDAY ISLAND 4875",
    "locID": "LOC100080977284",
    "tech": "NULL",
    "upgrade": "NULL_NA",
    "gnaf_pid": "GAQLD719343836",
    "ee": false,
    "tech_change_status": "Not Planned"
   }
  },
  {
   "type": "Feature",
   "geometry": {
    "type": "Point",
    "coordinates": [
     142.21449941,
     -10.58607805
    ]
   },
   "properties": {
    "name": "UNIT 18, 62-66 VICTORIA PARADE THURSDAY ISLAND 4875",
    "locID": "LOC000072307522",
    "tech": "NULL",
    "upgrade": "NULL_NA",
    "gnaf_pid": "GAQLD719367603",
    "ee": false,
    "tech_change_status": "Not Planned"
   }
  },
  {
   "type": "Feature",
   "geometry": {
    "type": "Point",
    "coordinates": [
     142.21449941,
     -10.58607805
    ]
   },
   "properties": {
    "name": "UNIT 9, 62-66 VICTORIA PARADE THURSDAY ISLAND 4875",
    "locID": "LOC000072307522",
    "tech": "NULL",
    "upgrade": "NULL_NA",
    "gnaf_pid": "GAQLD719368798",
    "ee": false,
    "tech_change_status": "Not Planned"
   }
  },
  {
   "type": "Feature",
   "geometry": {
    "type": "Point",
    "coordinates": [
     142.21449941,
     -10.58607805
    ]
   },
   "properties": {
    "name": "UNIT 4, 62-66 VICTORIA PARADE THURSDAY ISLAND 4875",
    "locID": "LOC000072307522",
    "tech": "NULL",
    "upgrade": "NULL_NA",
    "gnaf_pid": "GAQLD719368821",
    "ee": false,
    "tech_change_status": "Not Planned"
   }
  },
  {
   "type": "Feature",
   "geometry": {
    "type": "Point",
    "coordinates": [
     142.21449941,
     -10.58607805
    ]
   },
   "properties": {
    "name": "UNIT 1, 62-66 VICTORIA PARADE THURSDAY ISLAND 4875",
    "locID": "LOC000072307522",
    "tech": "NULL",
    "upgrade": "NULL_NA",
    "gnaf_pid": "GAQLD719369053",
    "ee": false,
    "tech_change_status": "Not Planned"
   }
  },
  {
   "type": "Feature",
   "geometry": {
    "type": "Point",
    "coordinates": [
     142.21449941,
     -10.58607805
    ]
   },
   "properties": {
    "name": "UNIT 15, 62-66 VICTORIA PARADE THURSDAY ISLAND 4875",
    "locID": "LOC000072307522",
    "tech": "NULL",
    "upgrade": "NULL_NA",
    "gnaf_pid": "GAQLD719369187",
    "ee": false,
    "tech_change_status": "Not Planned"
   }
  },
  {
   "type": "Feature",
   "geometry": {
    "type": "Point",
    "coordinates": [
     142.21449941,
     -10.58607805
    ]
   },
   "properties": {
    "name": "UNIT 17, 62-66 VICTORIA PARADE THURSDAY ISLAND 4875",
    "locID": "LOC000072307522",
    "tech": "NULL",
    "upgrade": "NULL_NA",
    "gnaf_pid": "GAQLD719369561",
    "ee": false,
    "tech_change_status": "Not Planned"
   }
  },
  {
   "type": "Feature",
   "geometry": {
    "type": "Point",
    "coordinates": [
     142.21449941,
     -10.58607805
    ]
   },
   "properties": {
    "name": "UNIT 6, 62-66 VICTORIA PARADE THURSDAY ISLAND 4875",
    "locID": "LOC000072307522",
    "tech": "NULL",
    "upgrade": "NULL_NA",
    "gnaf_pid": "GAQLD719369562",
    "ee": false,
    "tech_change_status": "Not Planned"
   }
  },
  {
   "type": "Feature",
   "geometry": {
    "type": "Point",
    "coordinates": [
     142.21449941,
     -10.58607805
    ]
   },
   "properties": {
    "name": "UNIT 11, 62-66 VICTORIA PARADE THURSDAY ISLAND 4875",
    "locID": "LOC000072307522",
    "tech": "NULL",
    "upgrade": "NULL_NA",
    "gnaf_pid": "GAQLD719370005",
    "ee": false,
    "tech_change_status": "Not Planned"
   }
  },
  {
   "type": "Feature",
   "geometry": {
    "type": "Point",
    "coordinates": [
     142.21449941,
     -10.58607805
    ]
   },
   "properties": {
    "name": "UNIT 5, 62-66 VICTORIA PARADE THURSDAY ISLAND 4875",
    "locID": "LOC000072307522",
    "tech": "NULL",
    "upgrade": "NULL_NA",
    "gnaf_pid": "GAQLD719370143",
    "ee": false,
    "tech_change_status": "Not Planned"
   }
  },
  {
   "type": "Feature",
   "geometry": {
    "type": "Point",
    "coordinates": [
     142.21449941,
     -10.58607805
    ]
   },
   "properties": {
    "name": "UNIT 3, 62-66 VICTORIA PARADE THURSDAY ISLAND 4875",
    "locID": "LOC000072307522",
    "tech": "NULL",
    "upgrade": "NULL_NA",
    "gnaf_pid": "GAQLD719370492",
    "ee": false,
    "tech_change_status": "Not Planned"
   }
  },
  {
   "type": "Feature",
   "geometry": {
    "type": "Point",
    "coordinates": [
     142.21449941,
     -10.58607805
    ]
   },
   "properties": {
    "name": "UNIT 7, 62-66 VICTORIA PARADE THURSDAY ISLAND 4875",
    "locID": "LOC000072307522",
    "tech": "NULL",
    "upgrade": "NULL_NA",
    "gnaf_pid": "GAQLD719370493",
    "ee": false,
    "tech_change_status": "Not Planned"
   }
  },
  {
   "type": "Feature",
   "geometry": {
    "type": "Point",
    "coordinates": [
     142.22657403,
     -10.5823897
    ]
   },
   "properties": {
    "name": "UNIT 7, 12-16 DOUGLAS STREET THURSDAY ISLAND 4875",
    "locID": "LOC000149097192",
    "tech": "NULL",
    "upgrade": "NULL_NA",
    "gnaf_pid": "GAQLD719370625",
    "ee": false,
    "tech_change_status": "Not Planned"
   }
  },
  {
   "type": "Feature",
   "geometry": {
    "type": "Point",
    "coordinates": [
     142.21449941,
     -10.58607805
    ]
   },
   "properties": {
    "name": "UNIT 16, 62-66 VICTORIA PARADE THURSDAY ISLAND 4875",
    "locID": "LOC000072307522",
    "tech": "NULL",
    "upgrade": "NULL_NA",
    "gnaf_pid": "GAQLD719370626",
    "ee": false,
    "tech_change_status": "Not Planned"
   }
  },
  {
   "type": "Feature",
   "geometry": {
    "type": "Point",
    "coordinates": [
     142.21449941,
     -10.58607805
    ]
   },
   "properties": {
    "name": "UNIT 2, 62-66 VICTORIA PARADE THURSDAY ISLAND 4875",
    "locID": "LOC000072307522",
    "tech": "NULL",
    "upgrade": "NULL_NA",
    "gnaf_pid": "GAQLD719370766",
    "ee": false,
    "tech_change_status": "Not Planned"
   }
  },
  {
   "type": "Feature",
   "geometry": {
    "type": "Point",
    "coordinates": [
     142.21449941,
     -10.58607805
    ]
   },
   "properties": {
    "name": "UNIT 14, 62-66 VICTORIA PARADE THURSDAY ISLAND 4875",
    "locID": "LOC000072307522",
    "tech": "NULL",
    "upgrade": "NULL_NA",
    "gnaf_pid": "GAQLD719370767",
    "ee": false,
    "tech_change_status": "Not Planned"
   }
  },
  {
   "type": "Feature",
   "geometry": {
    "type": "Point",
    "coordinates": [
     142.21449941,
     -10.58607805
    ]
   },
   "properties": {
    "name": "UNIT 10, 62-66 VICTORIA PARADE THURSDAY ISLAND 4875",
    "locID": "LOC000072307522",
    "tech": "NULL",
    "upgrade": "NULL_NA",
    "gnaf_pid": "GAQLD719370969",
    "ee": false,
    "tech_change_status": "Not Planned"
   }
  },
  {
   "type": "Feature",
   "geometry": {
    "type": "Point",
    "coordinates": [
     142.21449941,
     -10.58607805
    ]
   },
   "properties": {
    "name": "UNIT 13, 62-66 VICTORIA PARADE THURSDAY ISLAND 4875",
    "locID": "LOC000072307522",
    "tech": "NULL",
    "upgrade": "NULL_NA",
    "gnaf_pid": "GAQLD719371220",
    "ee": false,
    "tech_change_status": "Not Planned"
   }
  },
  {
   "type": "Feature",
   "geometry": {
    "type": "Point",
    "coordinates": [
     142.21449941,
     -10.58607805
    ]
   },
   "properties": {
    "name": "UNIT 8, 62-66 VICTORIA PARADE THURSDAY ISLAND 4875",
    "locID": "LOC000072307522",
    "tech": "NULL",
    "upgrade": "NULL_NA",
    "gnaf_pid": "GAQLD719371347",
    "ee": false,
    "tech_change_status": "Not Planned"
   }
  },
  {
   "type": "Feature",
   "geometry": {
    "type": "Point",
    "coordinates": [
     142.21449941,
     -10.58607805
    ]
   },
   "properties": {
    "name": "UNIT 12, 62-66 VICTORIA PARADE THURSDAY ISLAND 4875",
    "locID": "LOC000072307522",
    "tech": "NULL",
    "upgrade": "NULL_NA",
    "gnaf_pid": "GAQLD719371348",
    "ee": false,
    "tech_change_status": "Not Planned"
   }
  },
  {
   "type": "Feature",
   "geometry": {
    "type": "Point",
    "coordinates": [
     142.21449941,
     -10.58607805
    ]
   },
   "properties": {
    "name": "62-66 VICTORIA PARADE THURSDAY ISLAND 4875",
    "locID": "LOC000072307522",
    "tech": "NULL",
    "upgrade": "NULL_NA",
    "gnaf_pid": "GAQLD719401029",
    "ee": false,
    "tech_change_status": "Not Planned"
   }
  },
  {
   "type": "Feature",
   "geometry": {
    "type": "Point",
    "coordinates": [
     142.21574808,
     -10.5851374
    ]
   },
   "properties": {
    "name": "UNIT 3, 46 VICTORIA PARADE THURSDAY ISLAND 4875",
    "locID": "LOC000049404329",
    "tech": "NULL",
    "upgrade": "NULL_NA",
    "gnaf_pid": "GAQLD719448087",
    "ee": false,
    "tech_change_status": "Not Planned"
   }
  },
  {
   "type": "Feature",
   "geometry": {
    "type": "Point",
    "coordinates": [
     142.21574808,
     -10.5851374
    ]
   },
   "properties": {
    "name": "UNIT 2, 46 VICTORIA PARADE THURSDAY ISLAND 4875",
    "locID": "LOC000150903614",
    "tech": "NULL",
    "upgrade": "NULL_NA",
    "gnaf_pid": "GAQLD719449029",
    "ee": false,
    "tech_change_status": "Not Planned"
   }
  },
  {
   "type": "Feature",
   "geometry": {
    "type": "Point",
    "coordinates": [
     142.21486673,
     -10.58576834
    ]
   },
   "properties": {
    "name": "UNIT 10, 56-58 VICTORIA PARADE THURSDAY ISLAND 4875",
    "locID": "LOC100072086385",
    "tech": "NULL",
    "upgrade": "NULL_NA",
    "gnaf_pid": "GAQLD719475983",
    "ee": false,
    "tech_change_status": "Not Planned"
   }
  },
  {
   "type": "Feature",
   "geometry": {
    "type": "Point",
    "coordinates": [
     142.22387619,
     -10.58217906
    ]
   },
   "properties": {
    "name": "UNIT 5, 24 DOUGLAS STREET THURSDAY ISLAND 4875",
    "locID": "LOC100071980494",
    "tech": "NULL",
    "upgrade": "NULL_NA",
    "gnaf_pid": "GAQLD719477245",
    "ee": false,
    "tech_change_status": "Not Planned"
   }
  },
  {
   "type": "Feature",
   "geometry": {
    "type": "Point",
    "coordinates": [
     142.21486673,
     -10.58576834
    ]
   },
   "properties": {
    "name": "UNIT 11, 56-58 VICTORIA PARADE THURSDAY ISLAND 4875",
    "locID": "LOC100072086363",
    "tech": "NULL",
    "upgrade": "NULL_NA",
    "gnaf_pid": "GAQLD719477683",
    "ee": false,
    "tech_change_status": "Not Planned"
   }
  },
  {
   "type": "Feature",
   "geometry": {
    "type": "Point",
    "coordinates": [
     142.21486673,
     -10.58576834
    ]
   },
   "properties": {
    "name": "UNIT 12, 56-58 VICTORIA PARADE THURSDAY ISLAND 4875",
    "locID": "LOC000188990605",
    "tech": "SATELLITE",
    "upgrade": "NULL_NA",
    "gnaf_pid": "GAQLD719477684",
    "ee": false,
    "tech_change_status": "Not Planned"
   }
  },
  {
   "type": "Feature",
   "geometry": {
    "type": "Point",
    "coordinates": [
     142.21486673,
     -10.58576834
    ]
   },
   "properties": {
    "name": "UNIT 9, 56-58 VICTORIA PARADE THURSDAY ISLAND 4875",
    "locID": "LOC100072086359",
    "tech": "NULL",
    "upgrade": "NULL_NA",
    "gnaf_pid": "GAQLD719478072",
    "ee": false,
    "tech_change_status": "Not Planned"
   }
  },
  {
   "type": "Feature",
   "geometry": {
    "type": "Point",
    "coordinates": [
     142.21149287,
     -10.58159152
    ]
   },
   "properties": {
    "name": "UNIT 2, 6 SAILA TERRACE THURSDAY ISLAND 4875",
    "locID": "LOC100071981403",
    "tech": "NULL",
    "upgrade": "NULL_NA",
    "gnaf_pid": "GAQLD719554270",
    "ee": false,
    "tech_change_status": "Not Planned"
   }
  },
  {
   "type": "Feature",
   "geometry": {
    "type": "Point",
    "coordinates": [
     142.21074831,
     -10.58227655
    ]
   },
   "properties": {
    "name": "UNIT 1, 3 SAILA TERRACE THURSDAY ISLAND 4875",
    "locID": "LOC100071981380",
    "tech": "NULL",
    "upgrade": "NULL_NA",
    "gnaf_pid": "GAQLD719554971",
    "ee": false,
    "tech_change_status": "Not Planned"
   }
  },
  {
   "type": "Feature",
   "geometry": {
    "type": "Point",
    "coordinates": [
     142.22182821,
     -10.58374465
    ]
   },
   "properties": {
    "name": "UNIT 1, 40 DOUGLAS STREET THURSDAY ISLAND 4875",
    "locID": "LOC100071980500",
    "tech": "NULL",
    "upgrade": "NULL_NA",
    "gnaf_pid": "GAQLD719555293",
    "ee": false,
    "tech_change_status": "Not Planned"
   }
  },
  {
   "type": "Feature",
   "geometry": {
    "type": "Point",
    "coordinates": [
     142.22182821,
     -10.58374465
    ]
   },
   "properties": {
    "name": "UNIT 2, 40 DOUGLAS STREET THURSDAY ISLAND 4875",
    "locID": "LOC100075309234",
    "tech": "NULL",
    "upgrade": "NULL_NA",
    "gnaf_pid": "GAQLD719555295",
    "ee": false,
    "tech_change_status": "Not Planned"
   }
  },
  {
   "type": "Feature",
   "geometry": {
    "type": "Point",
    "coordinates": [
     142.21115075,
     -10.58193585
    ]
   },
   "properties": {
    "name": "UNIT 2, 5 SAILA TERRACE THURSDAY ISLAND 4875",
    "locID": "LOC100071981435",
    "tech": "NULL",
    "upgrade": "NULL_NA",
    "gnaf_pid": "GAQLD719555628",
    "ee": false,
    "tech_change_status": "Not Planned"
   }
  },
  {
   "type": "Feature",
   "geometry": {
    "type": "Point",
    "coordinates": [
     142.21486673,
     -10.58576834
    ]
   },
   "properties": {
    "name": "UNIT 14, 56-58 VICTORIA PARADE THURSDAY ISLAND 4875",
    "locID": "LOC000188990605",
    "tech": "SATELLITE",
    "upgrade": "NULL_NA",
    "gnaf_pid": "GAQLD719555761",
    "ee": false,
    "tech_change_status": "Not Planned"
   }
  },
  {
   "type": "Feature",
   "geometry": {
    "type": "Point",
    "coordinates": [
     142.21054713,
     -10.58244333
    ]
   },
   "properties": {
    "name": "UNIT 1, 2 SAILA TERRACE THURSDAY ISLAND 4875",
    "locID": "LOC100071981367",
    "tech": "NULL",
    "upgrade": "NULL_NA",
    "gnaf_pid": "GAQLD719556068",
    "ee": false,
    "tech_change_status": "Not Planned"
   }
  },
  {
   "type": "Feature",
   "geometry": {
    "type": "Point",
    "coordinates": [
     142.2109493,
     -10.58210755
    ]
   },
   "properties": {
    "name": "UNIT 1, 4 SAILA TERRACE THURSDAY ISLAND 4875",
    "locID": "LOC100071981398",
    "tech": "NULL",
    "upgrade": "NULL_NA",
    "gnaf_pid": "GAQLD719556939",
    "ee": false,
    "tech_change_status": "Not Planned"
   }
  },
  {
   "type": "Feature",
   "geometry": {
    "type": "Point",
    "coordinates": [
     142.21149287,
     -10.58159152
    ]
   },
   "properties": {
    "name": "UNIT 1, 6 SAILA TERRACE THURSDAY ISLAND 4875",
    "locID": "LOC100071981403",
    "tech": "NULL",
    "upgrade": "NULL_NA",
    "gnaf_pid": "GAQLD719557235",
    "ee": false,
    "tech_change_status": "Not Planned"
   }
  },
  {
   "type": "Feature",
   "geometry": {
    "type": "Point",
    "coordinates": [
     142.21074831,
     -10.58227655
    ]
   },
   "properties": {
    "name": "UNIT 2, 3 SAILA TERRACE THURSDAY ISLAND 4875",
    "locID": "LOC100071981380",
    "tech": "NULL",
    "upgrade": "NULL_NA",
    "gnaf_pid": "GAQLD719557873",
    "ee": false,
    "tech_change_status": "Not Planned"
   }
  },
  {
   "type": "Feature",
   "geometry": {
    "type": "Point",
    "coordinates": [
     142.21165762,
     -10.58177538
    ]
   },
   "properties": {
    "name": "UNIT 2, 7 SAILA TERRACE THURSDAY ISLAND 4875",
    "locID": "LOC100071981419",
    "tech": "NULL",
    "upgrade": "NULL_NA",
    "gnaf_pid": "GAQLD719558801",
    "ee": false,
    "tech_change_status": "Not Planned"
   }
  },
  {
   "type": "Feature",
   "geometry": {
    "type": "Point",
    "coordinates": [
     142.21054713,
     -10.58244333
    ]
   },
   "properties": {
    "name": "UNIT 2, 2 SAILA TERRACE THURSDAY ISLAND 4875",
    "locID": "LOC100071981367",
    "tech": "NULL",
    "upgrade": "NULL_NA",
    "gnaf_pid": "GAQLD719558804",
    "ee": false,
    "tech_change_status": "Not Planned"
   }
  },
  {
   "type": "Feature",
   "geometry": {
    "type": "Point",
    "coordinates": [
     142.2109493,
     -10.58210755
    ]
   },
   "properties": {
    "name": "UNIT 2, 4 SAILA TERRACE THURSDAY ISLAND 4875",
    "locID": "LOC100071981367",
    "tech": "NULL",
    "upgrade": "NULL_NA",
    "gnaf_pid": "GAQLD719558875",
    "ee": false,
    "tech_change_status": "Not Planned"
   }
  },
  {
   "type": "Feature",
   "geometry": {
    "type": "Point",
    "coordinates": [
     142.21486673,
     -10.58576834
    ]
   },
   "properties": {
    "name": "UNIT 13, 56-58 VICTORIA PARADE THURSDAY ISLAND 4875",
    "locID": "LOC000188990605",
    "tech": "SATELLITE",
    "upgrade": "NULL_NA",
    "gnaf_pid": "GAQLD719559014",
    "ee": false,
    "tech_change_status": "Not Planned"
   }
  },
  {
   "type": "Feature",
   "geometry": {
    "type": "Point",
    "coordinates": [
     142.22366221,
     -10.5823495
    ]
   },
   "properties": {
    "name": "UNIT 3, 26 DOUGLAS STREET THURSDAY ISLAND 4875",
    "locID": "LOC100071980516",
    "tech": "NULL",
    "upgrade": "NULL_NA",
    "gnaf_pid": "GAQLD719559310",
    "ee": false,
    "tech_change_status": "Not Planned"
   }
  },
  {
   "type": "Feature",
   "geometry": {
    "type": "Point",
    "coordinates": [
     142.21165762,
     -10.58177538
    ]
   },
   "properties": {
    "name": "UNIT 1, 7 SAILA TERRACE THURSDAY ISLAND 4875",
    "locID": "LOC100071981419",
    "tech": "NULL",
    "upgrade": "NULL_NA",
    "gnaf_pid": "GAQLD719560161",
    "ee": false,
    "tech_change_status": "Not Planned"
   }
  },
  {
   "type": "Feature",
   "geometry": {
    "type": "Point",
    "coordinates": [
     142.21025978,
     -10.58286936
    ]
   },
   "properties": {
    "name": "UNIT 2, 1 SAILA TERRACE THURSDAY ISLAND 4875",
    "locID": "LOC100071981367",
    "tech": "NULL",
    "upgrade": "NULL_NA",
    "gnaf_pid": "GAQLD719560763",
    "ee": false,
    "tech_change_status": "Not Planned"
   }
  },
  {
   "type": "Feature",
   "geometry": {
    "type": "Point",
    "coordinates": [
     142.21025978,
     -10.58286936
    ]
   },
   "properties": {
    "name": "UNIT 1, 1 SAILA TERRACE THURSDAY ISLAND 4875",
    "locID": "LOC100071981426",
    "tech": "NULL",
    "upgrade": "NULL_NA",
    "gnaf_pid": "GAQLD719561759",
    "ee": false,
    "tech_change_status": "Not Planned"
   }
  },
  {
   "type": "Feature",
   "geometry": {
    "type": "Point",
    "coordinates": [
     142.21115075,
     -10.58193585
    ]
   },
   "properties": {
    "name": "UNIT 1, 5 SAILA TERRACE THURSDAY ISLAND 4875",
    "locID": "LOC100071981435",
    "tech": "NULL",
    "upgrade": "NULL_NA",
    "gnaf_pid": "GAQLD719561896",
    "ee": false,
    "tech_change_status": "Not Planned"
   }
  },
  {
   "type": "Feature",
   "geometry": {
    "type": "Point",
    "coordinates": [
     142.2139214,
     -10.58596787
    ]
   },
   "properties": {
    "name": "UNIT 3, 143 DOUGLAS STREET THURSDAY ISLAND 4875",
    "locID": "LOC100071980528",
    "tech": "NULL",
    "upgrade": "NULL_NA",
    "gnaf_pid": "GAQLD719562040",
    "ee": false,
    "tech_change_status": "Not Planned"
   }
  },
  {
   "type": "Feature",
   "geometry": {
    "type": "Point",
    "coordinates": [
     142.21165762,
     -10.58177538
    ]
   },
   "properties": {
    "name": "7 SAILA TERRACE THURSDAY ISLAND 4875",
    "locID": "LOC100071981419",
    "tech": "NULL",
    "upgrade": "NULL_NA",
    "gnaf_pid": "GAQLD719570660",
    "ee": false,
    "tech_change_status": "Not Planned"
   }
  },
  {
   "type": "Feature",
   "geometry": {
    "type": "Point",
    "coordinates": [
     142.21054713,
     -10.58244333
    ]
   },
   "properties": {
    "name": "2 SAILA TERRACE THURSDAY ISLAND 4875",
    "locID": "LOC100071981367",
    "tech": "NULL",
    "upgrade": "NULL_NA",
    "gnaf_pid": "GAQLD719570662",
    "ee": false,
    "tech_change_status": "Not Planned"
   }
  },
  {
   "type": "Feature",
   "geometry": {
    "type": "Point",
    "coordinates": [
     142.2109493,
     -10.58210755
    ]
   },
   "properties": {
    "name": "4 SAILA TERRACE THURSDAY ISLAND 4875",
    "locID": "LOC100071981398",
    "tech": "NULL",
    "upgrade": "NULL_NA",
    "gnaf_pid": "GAQLD719570663",
    "ee": false,
    "tech_change_status": "Not Planned"
   }
  },
  {
   "type": "Feature",
   "geometry": {
    "type": "Point",
    "coordinates": [
     142.21115075,
     -10.58193585
    ]
   },
   "properties": {
    "name": "5 SAILA TERRACE THURSDAY ISLAND 4875",
    "locID": "LOC100071981435",
    "tech": "NULL",
    "upgrade": "NULL_NA",
    "gnaf_pid": "GAQLD719570669",
    "ee": false,
    "tech_change_status": "Not Planned"
   }
  },
  {
   "type": "Feature",
   "geometry": {
    "type": "Point",
    "coordinates": [
     142.21025978,
     -10.58286936
    ]
   },
   "properties": {
    "name": "1 SAILA TERRACE THURSDAY ISLAND 4875",
    "locID": "LOC100071981426",
    "tech": "NULL",
    "upgrade": "NULL_NA",
    "gnaf_pid": "GAQLD719570670",
    "ee": false,
    "tech_change_status": "Not Planned"
   }
  },
  {
   "type": "Feature",
   "geometry": {
    "type": "Point",
    "coordinates": [
     142.21074831,
     -10.58227655
    ]
   },
   "properties": {
    "name": "3 SAILA TERRACE THURSDAY ISLAND 4875",
    "locID": "LOC100071981380",
    "tech": "NULL",
    "upgrade": "NULL_NA",
    "gnaf_pid": "GAQLD719570675",
    "ee": false,
    "tech_change_status": "Not Planned"
   }
  },
  {
   "type": "Feature",
   "geometry": {
    "type": "Point",
    "coordinates": [
     142.21149287,
     -10.58159152
    ]
   },
   "properties": {
    "name": "6 SAILA TERRACE THURSDAY ISLAND 4875",
    "locID": "LOC100071981403",
    "tech": "NULL",
    "upgrade": "NULL_NA",
    "gnaf_pid": "GAQLD719570683",
    "ee": false,
    "tech_change_status": "Not Planned"
   }
  },
  {
   "type": "Feature",
   "geometry": {
    "type": "Point",
    "coordinates": [
     142.21205747,
     -10.58126795
    ]
   },
   "properties": {
    "name": "21 CLARK STREET THURSDAY ISLAND 4875",
    "locID": "LOC100071882023",
    "tech": "NULL",
    "upgrade": "NULL_NA",
    "gnaf_pid": "GAQLD719626393",
    "ee": false,
    "tech_change_status": "Not Planned"
   }
  },
  {
   "type": "Feature",
   "geometry": {
    "type": "Point",
    "coordinates": [
     142.21182481,
     -10.58146356
    ]
   },
   "properties": {
    "name": "23 CLARK STREET THURSDAY ISLAND 4875",
    "locID": "LOC100071882047",
    "tech": "NULL",
    "upgrade": "NULL_NA",
    "gnaf_pid": "GAQLD719626398",
    "ee": false,
    "tech_change_status": "Not Planned"
   }
  },
  {
   "type": "Feature",
   "geometry": {
    "type": "Point",
    "coordinates": [
     142.21360206,
     -10.58312826
    ]
   },
   "properties": {
    "name": "UNIT 4, 13A CHESTER STREET THURSDAY ISLAND 4875",
    "locID": "LOC000186851089",
    "tech": "NULL",
    "upgrade": "NULL_NA",
    "gnaf_pid": "GAQLD719720699",
    "ee": false,
    "tech_change_status": "Not Planned"
   }
  },
  {
   "type": "Feature",
   "geometry": {
    "type": "Point",
    "coordinates": [
     142.22140916,
     -10.583032
    ]
   },
   "properties": {
    "name": "UNIT 1, 15A JOHN STREET THURSDAY ISLAND 4875",
    "locID": "LOC000186754383",
    "tech": "NULL",
    "upgrade": "NULL_NA",
    "gnaf_pid": "GAQLD719819864",
    "ee": false,
    "tech_change_status": "Not Planned"
   }
  },
  {
   "type": "Feature",
   "geometry": {
    "type": "Point",
    "coordinates": [
     142.22140916,
     -10.583032
    ]
   },
   "properties": {
    "name": "UNIT 4, 15A JOHN STREET THURSDAY ISLAND 4875",
    "locID": "LOC000186754383",
    "tech": "NULL",
    "upgrade": "NULL_NA",
    "gnaf_pid": "GAQLD719820860",
    "ee": false,
    "tech_change_status": "Not Planned"
   }
  },
  {
   "type": "Feature",
   "geometry": {
    "type": "Point",
    "coordinates": [
     142.22140916,
     -10.583032
    ]
   },
   "properties": {
    "name": "UNIT 3, 15A JOHN STREET THURSDAY ISLAND 4875",
    "locID": "LOC000186754383",
    "tech": "NULL",
    "upgrade": "NULL_NA",
    "gnaf_pid": "GAQLD719822988",
    "ee": false,
    "tech_change_status": "Not Planned"
   }
  },
  {
   "type": "Feature",
   "geometry": {
    "type": "Point",
    "coordinates": [
     142.22140916,
     -10.583032
    ]
   },
   "properties": {
    "name": "UNIT 2, 15A JOHN STREET THURSDAY ISLAND 4875",
    "locID": "LOC000186754383",
    "tech": "NULL",
    "upgrade": "NULL_NA",
    "gnaf_pid": "GAQLD719823791",
    "ee": false,
    "tech_change_status": "Not Planned"
   }
  },
  {
   "type": "Feature",
   "geometry": {
    "type": "Point",
    "coordinates": [
     142.22140916,
     -10.583032
    ]
   },
   "properties": {
    "name": "15A JOHN STREET THURSDAY ISLAND 4875",
    "locID": "LOC000186754383",
    "tech": "NULL",
    "upgrade": "NULL_NA",
    "gnaf_pid": "GAQLD719840859",
    "ee": false,
    "tech_change_status": "Not Planned"
   }
  },
  {
   "type": "Feature",
   "geometry": {
    "type": "Point",
    "coordinates": [
     142.22233698,
     -10.58064667
    ]
   },
   "properties": {
    "name": "UNIT 6, 31 SUMMERS STREET THURSDAY ISLAND 4875",
    "locID": "LOC000129736871",
    "tech": "SATELLITE",
    "upgrade": "NULL_NA",
    "gnaf_pid": "GAQLD720042127",
    "ee": false,
    "tech_change_status": "Not Planned"
   }
  },
  {
   "type": "Feature",
   "geometry": {
    "type": "Point",
    "coordinates": [
     142.22233698,
     -10.58064667
    ]
   },
   "properties": {
    "name": "UNIT 8, 31 SUMMERS STREET THURSDAY ISLAND 4875",
    "locID": "LOC000129736871",
    "tech": "SATELLITE",
    "upgrade": "NULL_NA",
    "gnaf_pid": "GAQLD720042273",
    "ee": false,
    "tech_change_status": "Not Planned"
   }
  },
  {
   "type": "Feature",
   "geometry": {
    "type": "Point",
    "coordinates": [
     142.22233698,
     -10.58064667
    ]
   },
   "properties": {
    "name": "UNIT 5, 31 SUMMERS STREET THURSDAY ISLAND 4875",
    "locID": "LOC000129736871",
    "tech": "SATELLITE",
    "upgrade": "NULL_NA",
    "gnaf_pid": "GAQLD720042919",
    "ee": false,
    "tech_change_status": "Not Planned"
   }
  },
  {
   "type": "Feature",
   "geometry": {
    "type": "Point",
    "coordinates": [
     142.22233698,
     -10.58064667
    ]
   },
   "properties": {
    "name": "UNIT 1, 31 SUMMERS STREET THURSDAY ISLAND 4875",
    "locID": "LOC000129736871",
    "tech": "SATELLITE",
    "upgrade": "NULL_NA",
    "gnaf_pid": "GAQLD720042920",
    "ee": false,
    "tech_change_status": "Not Planned"
   }
  },
  {
   "type": "Feature",
   "geometry": {
    "type": "Point",
    "coordinates": [
     142.22233698,
     -10.58064667
    ]
   },
   "properties": {
    "name": "UNIT 4, 31 SUMMERS STREET THURSDAY ISLAND 4875",
    "locID": "LOC000186983362",
    "tech": "SATELLITE",
    "upgrade": "NULL_NA",
    "gnaf_pid": "GAQLD720043583",
    "ee": false,
    "tech_change_status": "Not Planned"
   }
  },
  {
   "type": "Feature",
   "geometry": {
    "type": "Point",
    "coordinates": [
     142.22233698,
     -10.58064667
    ]
   },
   "properties": {
    "name": "UNIT 2, 31 SUMMERS STREET THURSDAY ISLAND 4875",
    "locID": "LOC000129736871",
    "tech": "SATELLITE",
    "upgrade": "NULL_NA",
    "gnaf_pid": "GAQLD720043835",
    "ee": false,
    "tech_change_status": "Not Planned"
   }
  },
  {
   "type": "Feature",
   "geometry": {
    "type": "Point",
    "coordinates": [
     142.22233698,
     -10.58064667
    ]
   },
   "properties": {
    "name": "UNIT 3, 31 SUMMERS STREET THURSDAY ISLAND 4875",
    "locID": "LOC000186983362",
    "tech": "SATELLITE",
    "upgrade": "NULL_NA",
    "gnaf_pid": "GAQLD720045107",
    "ee": false,
    "tech_change_status": "Not Planned"
   }
  },
  {
   "type": "Feature",
   "geometry": {
    "type": "Point",
    "coordinates": [
     142.22233698,
     -10.58064667
    ]
   },
   "properties": {
    "name": "UNIT 7, 31 SUMMERS STREET THURSDAY ISLAND 4875",
    "locID": "LOC000129736871",
    "tech": "SATELLITE",
    "upgrade": "NULL_NA",
    "gnaf_pid": "GAQLD720045190",
    "ee": false,
    "tech_change_status": "Not Planned"
   }
  },
  {
   "type": "Feature",
   "geometry": {
    "type": "Point",
    "coordinates": [
     142.22212867,
     -10.58319817
    ]
   },
   "properties": {
    "name": "UNIT 5, 7 JOHN STREET THURSDAY ISLAND 4875",
    "locID": "LOC000149096683",
    "tech": "NULL",
    "upgrade": "NULL_NA",
    "gnaf_pid": "GAQLD720330895",
    "ee": false,
    "tech_change_status": "Not Planned"
   }
  },
  {
   "type": "Feature",
   "geometry": {
    "type": "Point",
    "coordinates": [
     142.22230205,
     -10.58327654
    ]
   },
   "properties": {
    "name": "UNIT 12, 5 JOHN STREET THURSDAY ISLAND 4875",
    "locID": "LOC000085272899",
    "tech": "NULL",
    "upgrade": "NULL_NA",
    "gnaf_pid": "GAQLD720477232",
    "ee": false,
    "tech_change_status": "Not Planned"
   }
  },
  {
   "type": "Feature",
   "geometry": {
    "type": "Point",
    "coordinates": [
     142.22172498,
     -10.58234938
    ]
   },
   "properties": {
    "name": "UNIT 5, 12-14 JOHN STREET THURSDAY ISLAND 4875",
    "locID": "LOC000149096341",
    "tech": "NULL",
    "upgrade": "NULL_NA",
    "gnaf_pid": "GAQLD720477233",
    "ee": false,
    "tech_change_status": "Not Planned"
   }
  },
  {
   "type": "Feature",
   "geometry": {
    "type": "Point",
    "coordinates": [
     142.20944631,
     -10.58002204
    ]
   },
   "properties": {
    "name": "UNIT A, 15 PORUMA STREET THURSDAY ISLAND 4875",
    "locID": "LOC000029090856",
    "tech": "NULL",
    "upgrade": "NULL_NA",
    "gnaf_pid": "GAQLD720479333",
    "ee": false,
    "tech_change_status": "Not Planned"
   }
  },
  {
   "type": "Feature",
   "geometry": {
    "type": "Point",
    "coordinates": [
     142.20944631,
     -10.58002204
    ]
   },
   "properties": {
    "name": "UNIT B, 15 PORUMA STREET THURSDAY ISLAND 4875",
    "locID": "LOC000029090856",
    "tech": "NULL",
    "upgrade": "NULL_NA",
    "gnaf_pid": "GAQLD720479824",
    "ee": false,
    "tech_change_status": "Not Planned"
   }
  },
  {
   "type": "Feature",
   "geometry": {
    "type": "Point",
    "coordinates": [
     142.21232767,
     -10.5859244
    ]
   },
   "properties": {
    "name": "UNIT A, 2 ERUB COURT THURSDAY ISLAND 4875",
    "locID": "LOC100086127973",
    "tech": "SATELLITE",
    "upgrade": "NULL_NA",
    "gnaf_pid": "GAQLD720618327",
    "ee": false,
    "tech_change_status": "Not Planned"
   }
  },
  {
   "type": "Feature",
   "geometry": {
    "type": "Point",
    "coordinates": [
     142.21967459,
     -10.57853839
    ]
   },
   "properties": {
    "name": "58 SUMMERS STREET THURSDAY ISLAND 4875",
    "locID": "LOC000181086221",
    "tech": "SATELLITE",
    "upgrade": "NULL_NA",
    "gnaf_pid": "GAQLD720769370",
    "ee": false,
    "tech_change_status": "Not Planned"
   }
  },
  {
   "type": "Feature",
   "geometry": {
    "type": "Point",
    "coordinates": [
     142.22387619,
     -10.58217906
    ]
   },
   "properties": {
    "name": "UNIT 1A, 24 DOUGLAS STREET THURSDAY ISLAND 4875",
    "locID": "LOC100071980494",
    "tech": "NULL",
    "upgrade": "NULL_NA",
    "gnaf_pid": "GAQLD720770421",
    "ee": false,
    "tech_change_status": "Not Planned"
   }
  },
  {
   "type": "Feature",
   "geometry": {
    "type": "Point",
    "coordinates": [
     142.21947346,
     -10.58258624
    ]
   },
   "properties": {
    "name": "UNIT 8, 28A JOHN STREET THURSDAY ISLAND 4875",
    "locID": "LOC000100946232",
    "tech": "NULL",
    "upgrade": "NULL_NA",
    "gnaf_pid": "GAQLD721257091",
    "ee": false,
    "tech_change_status": "Not Planned"
   }
  },
  {
   "type": "Feature",
   "geometry": {
    "type": "Point",
    "coordinates": [
     142.2231302,
     -10.58057372
    ]
   },
   "properties": {
    "name": "UNIT 3, 24 MILMAN STREET THURSDAY ISLAND 4875",
    "locID": "LOC000191945257",
    "tech": "NULL",
    "upgrade": "NULL_NA",
    "gnaf_pid": "GAQLD721257092",
    "ee": false,
    "tech_change_status": "Not Planned"
   }
  },
  {
   "type": "Feature",
   "geometry": {
    "type": "Point",
    "coordinates": [
     142.21947346,
     -10.58258624
    ]
   },
   "properties": {
    "name": "UNIT 13, 28A JOHN STREET THURSDAY ISLAND 4875",
    "locID": "LOC000187847917",
    "tech": "NULL",
    "upgrade": "NULL_NA",
    "gnaf_pid": "GAQLD721257351",
    "ee": false,
    "tech_change_status": "Not Planned"
   }
  },
  {
   "type": "Feature",
   "geometry": {
    "type": "Point",
    "coordinates": [
     142.2231302,
     -10.58057372
    ]
   },
   "properties": {
    "name": "UNIT 4, 24 MILMAN STREET THURSDAY ISLAND 4875",
    "locID": "LOC000191945257",
    "tech": "NULL",
    "upgrade": "NULL_NA",
    "gnaf_pid": "GAQLD721257352",
    "ee": false,
    "tech_change_status": "Not Planned"
   }
  },
  {
   "type": "Feature",
   "geometry": {
    "type": "Point",
    "coordinates": [
     142.21947346,
     -10.58258624
    ]
   },
   "properties": {
    "name": "UNIT 10, 28A JOHN STREET THURSDAY ISLAND 4875",
    "locID": "LOC000100946232",
    "tech": "NULL",
    "upgrade": "NULL_NA",
    "gnaf_pid": "GAQLD721258107",
    "ee": false,
    "tech_change_status": "Not Planned"
   }
  },
  {
   "type": "Feature",
   "geometry": {
    "type": "Point",
    "coordinates": [
     142.21947346,
     -10.58258624
    ]
   },
   "properties": {
    "name": "UNIT 7, 28A JOHN STREET THURSDAY ISLAND 4875",
    "locID": "LOC000100946232",
    "tech": "NULL",
    "upgrade": "NULL_NA",
    "gnaf_pid": "GAQLD721258108",
    "ee": false,
    "tech_change_status": "Not Planned"
   }
  },
  {
   "type": "Feature",
   "geometry": {
    "type": "Point",
    "coordinates": [
     142.21947346,
     -10.58258624
    ]
   },
   "properties": {
    "name": "UNIT 9, 28A JOHN STREET THURSDAY ISLAND 4875",
    "locID": "LOC000100946232",
    "tech": "NULL",
    "upgrade": "NULL_NA",
    "gnaf_pid": "GAQLD721258142",
    "ee": false,
    "tech_change_status": "Not Planned"
   }
  },
  {
   "type": "Feature",
   "geometry": {
    "type": "Point",
    "coordinates": [
     142.2231302,
     -10.58057372
    ]
   },
   "properties": {
    "name": "UNIT 6, 24 MILMAN STREET THURSDAY ISLAND 4875",
    "locID": "LOC100080977284",
    "tech": "NULL",
    "upgrade": "NULL_NA",
    "gnaf_pid": "GAQLD721258342",
    "ee": false,
    "tech_change_status": "Not Planned"
   }
  },
  {
   "type": "Feature",
   "geometry": {
    "type": "Point",
    "coordinates": [
     142.2231302,
     -10.58057372
    ]
   },
   "properties": {
    "name": "UNIT 2, 24 MILMAN STREET THURSDAY ISLAND 4875",
    "locID": "LOC000191945257",
    "tech": "NULL",
    "upgrade": "NULL_NA",
    "gnaf_pid": "GAQLD721258382",
    "ee": false,
    "tech_change_status": "Not Planned"
   }
  },
  {
   "type": "Feature",
   "geometry": {
    "type": "Point",
    "coordinates": [
     142.2231302,
     -10.58057372
    ]
   },
   "properties": {
    "name": "UNIT 7, 24 MILMAN STREET THURSDAY ISLAND 4875",
    "locID": "LOC000191945257",
    "tech": "NULL",
    "upgrade": "NULL_NA",
    "gnaf_pid": "GAQLD721258383",
    "ee": false,
    "tech_change_status": "Not Planned"
   }
  },
  {
   "type": "Feature",
   "geometry": {
    "type": "Point",
    "coordinates": [
     142.2231302,
     -10.58057372
    ]
   },
   "properties": {
    "name": "UNIT 9, 24 MILMAN STREET THURSDAY ISLAND 4875",
    "locID": "LOC000191945274",
    "tech": "NULL",
    "upgrade": "NULL_NA",
    "gnaf_pid": "GAQLD721258581",
    "ee": false,
    "tech_change_status": "Not Planned"
   }
  },
  {
   "type": "Feature",
   "geometry": {
    "type": "Point",
    "coordinates": [
     142.2231302,
     -10.58057372
    ]
   },
   "properties": {
    "name": "UNIT 1, 24 MILMAN STREET THURSDAY ISLAND 4875",
    "locID": "LOC100078415143",
    "tech": "NULL",
    "upgrade": "NULL_NA",
    "gnaf_pid": "GAQLD721258619",
    "ee": false,
    "tech_change_status": "Not Planned"
   }
  },
  {
   "type": "Feature",
   "geometry": {
    "type": "Point",
    "coordinates": [
     142.21947346,
     -10.58258624
    ]
   },
   "properties": {
    "name": "UNIT 11, 28A JOHN STREET THURSDAY ISLAND 4875",
    "locID": "LOC000100946232",
    "tech": "NULL",
    "upgrade": "NULL_NA",
    "gnaf_pid": "GAQLD721258881",
    "ee": false,
    "tech_change_status": "Not Planned"
   }
  },
  {
   "type": "Feature",
   "geometry": {
    "type": "Point",
    "coordinates": [
     142.2231302,
     -10.58057372
    ]
   },
   "properties": {
    "name": "UNIT 8, 24 MILMAN STREET THURSDAY ISLAND 4875",
    "locID": "LOC000191574344",
    "tech": "NULL",
    "upgrade": "NULL_NA",
    "gnaf_pid": "GAQLD721258893",
    "ee": false,
    "tech_change_status": "Not Planned"
   }
  },
  {
   "type": "Feature",
   "geometry": {
    "type": "Point",
    "coordinates": [
     142.2231302,
     -10.58057372
    ]
   },
   "properties": {
    "name": "UNIT 5, 24 MILMAN STREET THURSDAY ISLAND 4875",
    "locID": "LOC000188541921",
    "tech": "NULL",
    "upgrade": "NULL_NA",
    "gnaf_pid": "GAQLD721258965",
    "ee": false,
    "tech_change_status": "Not Planned"
   }
  },
  {
   "type": "Feature",
   "geometry": {
    "type": "Point",
    "coordinates": [
     142.21947346,
     -10.58258624
    ]
   },
   "properties": {
    "name": "UNIT 12, 28A JOHN STREET THURSDAY ISLAND 4875",
    "locID": "LOC000100946232",
    "tech": "NULL",
    "upgrade": "NULL_NA",
    "gnaf_pid": "GAQLD721258995",
    "ee": false,
    "tech_change_status": "Not Planned"
   }
  },
  {
   "type": "Feature",
   "geometry": {
    "type": "Point",
    "coordinates": [
     142.21947346,
     -10.58258624
    ]
   },
   "properties": {
    "name": "28A JOHN STREET THURSDAY ISLAND 4875",
    "locID": "LOC000187847917",
    "tech": "NULL",
    "upgrade": "NULL_NA",
    "gnaf_pid": "GAQLD721272304",
    "ee": false,
    "tech_change_status": "Not Planned"
   }
  },
  {
   "type": "Feature",
   "geometry": {
    "type": "Point",
    "coordinates": [
     142.22268089,
     -10.583138
    ]
   },
   "properties": {
    "name": "1 JOHN ST CORNER THURSDAY ISLAND 4875",
    "locID": "LOC100087288025",
    "tech": "NULL",
    "upgrade": "NULL_NA",
    "gnaf_pid": "GAQLD721432001",
    "ee": false,
    "tech_change_status": "Not Planned"
   }
  },
  {
   "type": "Feature",
   "geometry": {
    "type": "Point",
    "coordinates": [
     142.20814128,
     -10.57779006
    ]
   },
   "properties": {
    "name": "18 ABEDNEGO CLOSE THURSDAY ISLAND 4875",
    "locID": "LOC000024504572",
    "tech": "NULL",
    "upgrade": "NULL_NA",
    "gnaf_pid": "GAQLD721449985",
    "ee": false,
    "tech_change_status": "Not Planned"
   }
  },
  {
   "type": "Feature",
   "geometry": {
    "type": "Point",
    "coordinates": [
     142.20814128,
     -10.57779006
    ]
   },
   "properties": {
    "name": "15 ABEDNEGO CLOSE THURSDAY ISLAND 4875",
    "locID": "LOC000001796236",
    "tech": "NULL",
    "upgrade": "NULL_NA",
    "gnaf_pid": "GAQLD721450234",
    "ee": false,
    "tech_change_status": "Not Planned"
   }
  },
  {
   "type": "Feature",
   "geometry": {
    "type": "Point",
    "coordinates": [
     142.20814128,
     -10.57779006
    ]
   },
   "properties": {
    "name": "8 ABEDNEGO CLOSE THURSDAY ISLAND 4875",
    "locID": "LOC000002605993",
    "tech": "NULL",
    "upgrade": "NULL_NA",
    "gnaf_pid": "GAQLD721450504",
    "ee": false,
    "tech_change_status": "Not Planned"
   }
  },
  {
   "type": "Feature",
   "geometry": {
    "type": "Point",
    "coordinates": [
     142.20814128,
     -10.57779006
    ]
   },
   "properties": {
    "name": "1 ABEDNEGO CLOSE THURSDAY ISLAND 4875",
    "locID": "LOC000001796236",
    "tech": "NULL",
    "upgrade": "NULL_NA",
    "gnaf_pid": "GAQLD721450897",
    "ee": false,
    "tech_change_status": "Not Planned"
   }
  },
  {
   "type": "Feature",
   "geometry": {
    "type": "Point",
    "coordinates": [
     142.20814128,
     -10.57779006
    ]
   },
   "properties": {
    "name": "9 ABEDNEGO CLOSE THURSDAY ISLAND 4875",
    "locID": "LOC000012561675",
    "tech": "NULL",
    "upgrade": "NULL_NA",
    "gnaf_pid": "GAQLD721451265",
    "ee": false,
    "tech_change_status": "Not Planned"
   }
  },
  {
   "type": "Feature",
   "geometry": {
    "type": "Point",
    "coordinates": [
     142.20814128,
     -10.57779006
    ]
   },
   "properties": {
    "name": "6 ABEDNEGO CLOSE THURSDAY ISLAND 4875",
    "locID": "LOC000025302264",
    "tech": "NULL",
    "upgrade": "NULL_NA",
    "gnaf_pid": "GAQLD721451407",
    "ee": false,
    "tech_change_status": "Not Planned"
   }
  },
  {
   "type": "Feature",
   "geometry": {
    "type": "Point",
    "coordinates": [
     142.20814128,
     -10.57779006
    ]
   },
   "properties": {
    "name": "10 ABEDNEGO CLOSE THURSDAY ISLAND 4875",
    "locID": "LOC000041083300",
    "tech": "SATELLITE",
    "upgrade": "NULL_NA",
    "gnaf_pid": "GAQLD721451449",
    "ee": false,
    "tech_change_status": "Not Planned"
   }
  },
  {
   "type": "Feature",
   "geometry": {
    "type": "Point",
    "coordinates": [
     142.20814128,
     -10.57779006
    ]
   },
   "properties": {
    "name": "4 ABEDNEGO CLOSE THURSDAY ISLAND 4875",
    "locID": "LOC000030891288",
    "tech": "NULL",
    "upgrade": "NULL_NA",
    "gnaf_pid": "GAQLD721451477",
    "ee": false,
    "tech_change_status": "Not Planned"
   }
  }
 ]
}