{
 "type": "FeatureCollection",
 "generated": "2025-06-15T07:34:05.457211",
 "suburb": "YARRAMAN",
 "features": [
  {
   "type": "Feature",
   "geometry": {
    "type": "Point",
    "coordinates": [
     151.96286748,
     -26.85396153
    ]
   },
   "properties": {
    "name": "6 ERIC STREET YARRAMAN 4614",
    "locID": "LOC000093298510",
    "tech": "WIRELESS",
    "upgrade": "NULL_NA",
    "gnaf_pid": "GAQLD155215806",
    "ee": true,
    "tech_change_status": "Not Planned",
    "program_type": "Fixed Wireless and Satellite Upgrade Program",
    "target_eligibility_quarter": "NA"
   }
  },
  {
   "type": "Feature",
   "geometry": {
    "type": "Point",
    "coordinates": [
     151.98275639,
     -26.83936935
    ]
   },
   "properties": {
    "name": "4 DAVIES STREET YARRAMAN 4614",
    "locID": "LOC000095331416",
    "tech": "WIRELESS",
    "upgrade": "NULL_NA",
    "gnaf_pid": "GAQLD156001971",
    "ee": true,
    "tech_change_status": "Not Planned",
    "program_type": "Fixed Wireless and Satellite Upgrade Program",
    "target_eligibility_quarter": "NA"
   }
  },
  {
   "type": "Feature",
   "geometry": {
    "type": "Point",
    "coordinates": [
     151.97623174,
     -26.83863704
    ]
   },
   "properties": {
    "name": "12 LISTER STREET YARRAMAN 4614",
    "locID": "LOC000084814738",
    "tech": "WIRELESS",
    "upgrade": "NULL_NA",
    "gnaf_pid": "GAQLD156002196",
    "ee": true,
    "tech_change_status": "Not Planned",
    "program_type": "Fixed Wireless and Satellite Upgrade Program",
    "target_eligibility_quarter": "NA"
   }
  },
  {
   "type": "Feature",
   "geometry": {
    "type": "Point",
    "coordinates": [
     151.97640725,
     -26.83799071
    ]
   },
   "properties": {
    "name": "13 LISTER STREET YARRAMAN 4614",
    "locID": "LOC000105637613",
    "tech": "WIRELESS",
    "upgrade": "NULL_NA",
    "gnaf_pid": "GAQLD156002197",
    "ee": true,
    "tech_change_status": "Not Planned",
    "program_type": "Fixed Wireless and Satellite Upgrade Program",
    "target_eligibility_quarter": "NA"
   }
  },
  {
   "type": "Feature",
   "geometry": {
    "type": "Point",
    "coordinates": [
     151.97588823,
     -26.84239396
    ]
   },
   "properties": {
    "name": "1 JANE STREET YARRAMAN 4614",
    "locID": "LOC000006832252",
    "tech": "WIRELESS",
    "upgrade": "NULL_NA",
    "gnaf_pid": "GAQLD156002766",
    "ee": true,
    "tech_change_status": "Not Planned",
    "program_type": "Fixed Wireless and Satellite Upgrade Program",
    "target_eligibility_quarter": "NA"
   }
  },
  {
   "type": "Feature",
   "geometry": {
    "type": "Point",
    "coordinates": [
     151.9766138,
     -26.84326203
    ]
   },
   "properties": {
    "name": "13 JANE STREET YARRAMAN 4614",
    "locID": "LOC000102762359",
    "tech": "WIRELESS",
    "upgrade": "NULL_NA",
    "gnaf_pid": "GAQLD156002767",
    "ee": true,
    "tech_change_status": "Not Planned",
    "program_type": "Fixed Wireless and Satellite Upgrade Program",
    "target_eligibility_quarter": "NA"
   }
  },
  {
   "type": "Feature",
   "geometry": {
    "type": "Point",
    "coordinates": [
     151.97612657,
     -26.84268578
    ]
   },
   "properties": {
    "name": "5 JANE STREET YARRAMAN 4614",
    "locID": "LOC000028416038",
    "tech": "WIRELESS",
    "upgrade": "NULL_NA",
    "gnaf_pid": "GAQLD156002768",
    "ee": true,
    "tech_change_status": "Not Planned",
    "program_type": "Fixed Wireless and Satellite Upgrade Program",
    "target_eligibility_quarter": "NA"
   }
  },
  {
   "type": "Feature",
   "geometry": {
    "type": "Point",
    "coordinates": [
     151.97933349,
     -26.83988763
    ]
   },
   "properties": {
    "name": "1 JOHN STREET YARRAMAN 4614",
    "locID": "LOC000069009401",
    "tech": "WIRELESS",
    "upgrade": "NULL_NA",
    "gnaf_pid": "GAQLD156002771",
    "ee": true,
    "tech_change_status": "Not Planned",
    "program_type": "Fixed Wireless and Satellite Upgrade Program",
    "target_eligibility_quarter": "NA"
   }
  },
  {
   "type": "Feature",
   "geometry": {
    "type": "Point",
    "coordinates": [
     151.97874251,
     -26.8408094
    ]
   },
   "properties": {
    "name": "12 JOHN STREET YARRAMAN 4614",
    "locID": "LOC000103668972",
    "tech": "WIRELESS",
    "upgrade": "NULL_NA",
    "gnaf_pid": "GAQLD156002773",
    "ee": true,
    "tech_change_status": "Not Planned",
    "program_type": "Fixed Wireless and Satellite Upgrade Program",
    "target_eligibility_quarter": "NA"
   }
  },
  {
   "type": "Feature",
   "geometry": {
    "type": "Point",
    "coordinates": [
     151.9910254,
     -26.84803285
    ]
   },
   "properties": {
    "name": "10 DIOTH STREET YARRAMAN 4614",
    "locID": "LOC000102904439",
    "tech": "WIRELESS",
    "upgrade": "NULL_NA",
    "gnaf_pid": "GAQLD156003750",
    "ee": true,
    "tech_change_status": "Not Planned",
    "program_type": "Fixed Wireless and Satellite Upgrade Program",
    "target_eligibility_quarter": "NA"
   }
  },
  {
   "type": "Feature",
   "geometry": {
    "type": "Point",
    "coordinates": [
     151.9915171,
     -26.847073
    ]
   },
   "properties": {
    "name": "14 DIOTH STREET YARRAMAN 4614",
    "locID": "LOC000052421411",
    "tech": "WIRELESS",
    "upgrade": "NULL_NA",
    "gnaf_pid": "GAQLD156003753",
    "ee": true,
    "tech_change_status": "Not Planned",
    "program_type": "Fixed Wireless and Satellite Upgrade Program",
    "target_eligibility_quarter": "NA"
   }
  },
  {
   "type": "Feature",
   "geometry": {
    "type": "Point",
    "coordinates": [
     151.9905766,
     -26.84742315
    ]
   },
   "properties": {
    "name": "16 DIOTH STREET YARRAMAN 4614",
    "locID": "LOC000060267399",
    "tech": "WIRELESS",
    "upgrade": "NULL_NA",
    "gnaf_pid": "GAQLD156003755",
    "ee": true,
    "tech_change_status": "Not Planned",
    "program_type": "Fixed Wireless and Satellite Upgrade Program",
    "target_eligibility_quarter": "NA"
   }
  },
  {
   "type": "Feature",
   "geometry": {
    "type": "Point",
    "coordinates": [
     151.99116635,
     -26.84666106
    ]
   },
   "properties": {
    "name": "18 DIOTH STREET YARRAMAN 4614",
    "locID": "LOC000056471131",
    "tech": "WIRELESS",
    "upgrade": "NULL_NA",
    "gnaf_pid": "GAQLD156003756",
    "ee": true,
    "tech_change_status": "Not Planned",
    "program_type": "Fixed Wireless and Satellite Upgrade Program",
    "target_eligibility_quarter": "NA"
   }
  },
  {
   "type": "Feature",
   "geometry": {
    "type": "Point",
    "coordinates": [
     151.99055601,
     -26.84314639
    ]
   },
   "properties": {
    "name": "21 DIOTH STREET YARRAMAN 4614",
    "locID": "LOC000039516661",
    "tech": "WIRELESS",
    "upgrade": "NULL_NA",
    "gnaf_pid": "GAQLD156003757",
    "ee": true,
    "tech_change_status": "Not Planned",
    "program_type": "Fixed Wireless and Satellite Upgrade Program",
    "target_eligibility_quarter": "NA"
   }
  },
  {
   "type": "Feature",
   "geometry": {
    "type": "Point",
    "coordinates": [
     151.98926289,
     -26.84418219
    ]
   },
   "properties": {
    "name": "23 DIOTH STREET YARRAMAN 4614",
    "locID": "LOC000102991439",
    "tech": "WIRELESS",
    "upgrade": "NULL_NA",
    "gnaf_pid": "GAQLD156003759",
    "ee": true,
    "tech_change_status": "Not Planned",
    "program_type": "Fixed Wireless and Satellite Upgrade Program",
    "target_eligibility_quarter": "NA"
   }
  },
  {
   "type": "Feature",
   "geometry": {
    "type": "Point",
    "coordinates": [
     151.98996176,
     -26.84597623
    ]
   },
   "properties": {
    "name": "24 DIOTH STREET YARRAMAN 4614",
    "locID": "LOC000043780498",
    "tech": "WIRELESS",
    "upgrade": "NULL_NA",
    "gnaf_pid": "GAQLD156003760",
    "ee": true,
    "tech_change_status": "Not Planned",
    "program_type": "Fixed Wireless and Satellite Upgrade Program",
    "target_eligibility_quarter": "NA"
   }
  },
  {
   "type": "Feature",
   "geometry": {
    "type": "Point",
    "coordinates": [
     151.98851386,
     -26.84349225
    ]
   },
   "properties": {
    "name": "25 DIOTH STREET YARRAMAN 4614",
    "locID": "LOC000037528912",
    "tech": "WIRELESS",
    "upgrade": "NULL_NA",
    "gnaf_pid": "GAQLD156003766",
    "ee": true,
    "tech_change_status": "Not Planned",
    "program_type": "Fixed Wireless and Satellite Upgrade Program",
    "target_eligibility_quarter": "NA"
   }
  },
  {
   "type": "Feature",
   "geometry": {
    "type": "Point",
    "coordinates": [
     151.98921764,
     -26.84550099
    ]
   },
   "properties": {
    "name": "26 DIOTH STREET YARRAMAN 4614",
    "locID": "LOC000015772010",
    "tech": "WIRELESS",
    "upgrade": "NULL_NA",
    "gnaf_pid": "GAQLD156003767",
    "ee": true,
    "tech_change_status": "Not Planned",
    "program_type": "Fixed Wireless and Satellite Upgrade Program",
    "target_eligibility_quarter": "NA"
   }
  },
  {
   "type": "Feature",
   "geometry": {
    "type": "Point",
    "coordinates": [
     151.98799808,
     -26.84384006
    ]
   },
   "properties": {
    "name": "27 DIOTH STREET YARRAMAN 4614",
    "locID": "LOC000064132125",
    "tech": "WIRELESS",
    "upgrade": "NULL_NA",
    "gnaf_pid": "GAQLD156003768",
    "ee": true,
    "tech_change_status": "Not Planned",
    "program_type": "Fixed Wireless and Satellite Upgrade Program",
    "target_eligibility_quarter": "NA"
   }
  },
  {
   "type": "Feature",
   "geometry": {
    "type": "Point",
    "coordinates": [
     151.98869833,
     -26.84575432
    ]
   },
   "properties": {
    "name": "28 DIOTH STREET YARRAMAN 4614",
    "locID": "LOC000050954051",
    "tech": "WIRELESS",
    "upgrade": "NULL_NA",
    "gnaf_pid": "GAQLD156003769",
    "ee": true,
    "tech_change_status": "Not Planned",
    "program_type": "Fixed Wireless and Satellite Upgrade Program",
    "target_eligibility_quarter": "NA"
   }
  },
  {
   "type": "Feature",
   "geometry": {
    "type": "Point",
    "coordinates": [
     151.99327011,
     -26.85054939
    ]
   },
   "properties": {
    "name": "14 SMITH STREET YARRAMAN 4614",
    "locID": "LOC000029040176",
    "tech": "WIRELESS",
    "upgrade": "NULL_NA",
    "gnaf_pid": "GAQLD156004002",
    "ee": true,
    "tech_change_status": "Not Planned",
    "program_type": "Fixed Wireless and Satellite Upgrade Program",
    "target_eligibility_quarter": "NA"
   }
  },
  {
   "type": "Feature",
   "geometry": {
    "type": "Point",
    "coordinates": [
     151.99143025,
     -26.84954427
    ]
   },
   "properties": {
    "name": "15 SMITH STREET YARRAMAN 4614",
    "locID": "LOC000088386091",
    "tech": "WIRELESS",
    "upgrade": "NULL_NA",
    "gnaf_pid": "GAQLD156004003",
    "ee": true,
    "tech_change_status": "Not Planned",
    "program_type": "Fixed Wireless and Satellite Upgrade Program",
    "target_eligibility_quarter": "NA"
   }
  },
  {
   "type": "Feature",
   "geometry": {
    "type": "Point",
    "coordinates": [
     151.97918435,
     -26.84206695
    ]
   },
   "properties": {
    "name": "17 MARGARET STREET YARRAMAN 4614",
    "locID": "LOC000005795910",
    "tech": "WIRELESS",
    "upgrade": "NULL_NA",
    "gnaf_pid": "GAQLD156004672",
    "ee": true,
    "tech_change_status": "Not Planned",
    "program_type": "Fixed Wireless and Satellite Upgrade Program",
    "target_eligibility_quarter": "NA"
   }
  },
  {
   "type": "Feature",
   "geometry": {
    "type": "Point",
    "coordinates": [
     151.97900593,
     -26.84217218
    ]
   },
   "properties": {
    "name": "19 MARGARET STREET YARRAMAN 4614",
    "locID": "LOC000096766569",
    "tech": "WIRELESS",
    "upgrade": "NULL_NA",
    "gnaf_pid": "GAQLD156004673",
    "ee": true,
    "tech_change_status": "Not Planned",
    "program_type": "Fixed Wireless and Satellite Upgrade Program",
    "target_eligibility_quarter": "NA"
   }
  },
  {
   "type": "Feature",
   "geometry": {
    "type": "Point",
    "coordinates": [
     151.97669923,
     -26.84353989
    ]
   },
   "properties": {
    "name": "43 MARGARET STREET YARRAMAN 4614",
    "locID": "LOC000034657664",
    "tech": "WIRELESS",
    "upgrade": "NULL_NA",
    "gnaf_pid": "GAQLD156004694",
    "ee": true,
    "tech_change_status": "Not Planned",
    "program_type": "Fixed Wireless and Satellite Upgrade Program",
    "target_eligibility_quarter": "NA"
   }
  },
  {
   "type": "Feature",
   "geometry": {
    "type": "Point",
    "coordinates": [
     151.97653136,
     -26.8436402
    ]
   },
   "properties": {
    "name": "45 MARGARET STREET YARRAMAN 4614",
    "locID": "LOC000060917281",
    "tech": "WIRELESS",
    "upgrade": "NULL_NA",
    "gnaf_pid": "GAQLD156004695",
    "ee": true,
    "tech_change_status": "Not Planned",
    "program_type": "Fixed Wireless and Satellite Upgrade Program",
    "target_eligibility_quarter": "NA"
   }
  },
  {
   "type": "Feature",
   "geometry": {
    "type": "Point",
    "coordinates": [
     151.97636349,
     -26.84374055
    ]
   },
   "properties": {
    "name": "47 MARGARET STREET YARRAMAN 4614",
    "locID": "LOC000016558682",
    "tech": "WIRELESS",
    "upgrade": "NULL_NA",
    "gnaf_pid": "GAQLD156004696",
    "ee": true,
    "tech_change_status": "Not Planned",
    "program_type": "Fixed Wireless and Satellite Upgrade Program",
    "target_eligibility_quarter": "NA"
   }
  },
  {
   "type": "Feature",
   "geometry": {
    "type": "Point",
    "coordinates": [
     151.9803096,
     -26.84141252
    ]
   },
   "properties": {
    "name": "5 MARGARET STREET YARRAMAN 4614",
    "locID": "LOC000061425400",
    "tech": "WIRELESS",
    "upgrade": "NULL_NA",
    "gnaf_pid": "GAQLD156004698",
    "ee": true,
    "tech_change_status": "Not Planned",
    "program_type": "Fixed Wireless and Satellite Upgrade Program",
    "target_eligibility_quarter": "NA"
   }
  },
  {
   "type": "Feature",
   "geometry": {
    "type": "Point",
    "coordinates": [
     151.9930135,
     -26.84711549
    ]
   },
   "properties": {
    "name": "3 DIOTH STREET YARRAMAN 4614",
    "locID": "LOC000102473954",
    "tech": "WIRELESS",
    "upgrade": "NULL_NA",
    "gnaf_pid": "GAQLD156005477",
    "ee": true,
    "tech_change_status": "Not Planned",
    "program_type": "Fixed Wireless and Satellite Upgrade Program",
    "target_eligibility_quarter": "NA"
   }
  },
  {
   "type": "Feature",
   "geometry": {
    "type": "Point",
    "coordinates": [
     151.98700219,
     -26.8446954
    ]
   },
   "properties": {
    "name": "31 DIOTH STREET YARRAMAN 4614",
    "locID": "LOC000033446925",
    "tech": "WIRELESS",
    "upgrade": "NULL_NA",
    "gnaf_pid": "GAQLD156005479",
    "ee": true,
    "tech_change_status": "Not Planned",
    "program_type": "Fixed Wireless and Satellite Upgrade Program",
    "target_eligibility_quarter": "NA"
   }
  },
  {
   "type": "Feature",
   "geometry": {
    "type": "Point",
    "coordinates": [
     151.98914894,
     -26.84757868
    ]
   },
   "properties": {
    "name": "32 DIOTH STREET YARRAMAN 4614",
    "locID": "LOC000041448559",
    "tech": "WIRELESS",
    "upgrade": "NULL_NA",
    "gnaf_pid": "GAQLD156005480",
    "ee": true,
    "tech_change_status": "Not Planned",
    "program_type": "Fixed Wireless and Satellite Upgrade Program",
    "target_eligibility_quarter": "NA"
   }
  },
  {
   "type": "Feature",
   "geometry": {
    "type": "Point",
    "coordinates": [
     151.98667632,
     -26.84503736
    ]
   },
   "properties": {
    "name": "33 DIOTH STREET YARRAMAN 4614",
    "locID": "LOC000028223562",
    "tech": "WIRELESS",
    "upgrade": "NULL_NA",
    "gnaf_pid": "GAQLD156005481",
    "ee": true,
    "tech_change_status": "Not Planned",
    "program_type": "Fixed Wireless and Satellite Upgrade Program",
    "target_eligibility_quarter": "NA"
   }
  },
  {
   "type": "Feature",
   "geometry": {
    "type": "Point",
    "coordinates": [
     151.98848281,
     -26.84811589
    ]
   },
   "properties": {
    "name": "34 DIOTH STREET YARRAMAN 4614",
    "locID": "LOC000028123700",
    "tech": "WIRELESS",
    "upgrade": "NULL_NA",
    "gnaf_pid": "GAQLD156005482",
    "ee": true,
    "tech_change_status": "Not Planned",
    "program_type": "Fixed Wireless and Satellite Upgrade Program",
    "target_eligibility_quarter": "NA"
   }
  },
  {
   "type": "Feature",
   "geometry": {
    "type": "Point",
    "coordinates": [
     151.9868423,
     -26.84653894
    ]
   },
   "properties": {
    "name": "37 DIOTH STREET YARRAMAN 4614",
    "locID": "LOC000104801842",
    "tech": "WIRELESS",
    "upgrade": "NULL_NA",
    "gnaf_pid": "GAQLD156005484",
    "ee": true,
    "tech_change_status": "Not Planned",
    "program_type": "Fixed Wireless and Satellite Upgrade Program",
    "target_eligibility_quarter": "NA"
   }
  },
  {
   "type": "Feature",
   "geometry": {
    "type": "Point",
    "coordinates": [
     151.99256542,
     -26.8482122
    ]
   },
   "properties": {
    "name": "4 DIOTH STREET YARRAMAN 4614",
    "locID": "LOC000033492294",
    "tech": "WIRELESS",
    "upgrade": "NULL_NA",
    "gnaf_pid": "GAQLD156005486",
    "ee": true,
    "tech_change_status": "Not Planned",
    "program_type": "Fixed Wireless and Satellite Upgrade Program",
    "target_eligibility_quarter": "NA"
   }
  },
  {
   "type": "Feature",
   "geometry": {
    "type": "Point",
    "coordinates": [
     151.97968606,
     -26.84133851
    ]
   },
   "properties": {
    "name": "10 DOUGLAS STREET YARRAMAN 4614",
    "locID": "LOC000039951436",
    "tech": "WIRELESS",
    "upgrade": "NULL_NA",
    "gnaf_pid": "GAQLD156005503",
    "ee": true,
    "tech_change_status": "Not Planned",
    "program_type": "Fixed Wireless and Satellite Upgrade Program",
    "target_eligibility_quarter": "NA"
   }
  },
  {
   "type": "Feature",
   "geometry": {
    "type": "Point",
    "coordinates": [
     151.97881744,
     -26.84228519
    ]
   },
   "properties": {
    "name": "21 MARGARET STREET YARRAMAN 4614",
    "locID": "LOC000069855115",
    "tech": "WIRELESS",
    "upgrade": "NULL_NA",
    "gnaf_pid": "GAQLD156005692",
    "ee": true,
    "tech_change_status": "Not Planned",
    "program_type": "Fixed Wireless and Satellite Upgrade Program",
    "target_eligibility_quarter": "NA"
   }
  },
  {
   "type": "Feature",
   "geometry": {
    "type": "Point",
    "coordinates": [
     151.97815104,
     -26.84267815
    ]
   },
   "properties": {
    "name": "29 MARGARET STREET YARRAMAN 4614",
    "locID": "LOC000099396001",
    "tech": "WIRELESS",
    "upgrade": "NULL_NA",
    "gnaf_pid": "GAQLD156005694",
    "ee": true,
    "tech_change_status": "Not Planned",
    "program_type": "Fixed Wireless and Satellite Upgrade Program",
    "target_eligibility_quarter": "NA"
   }
  },
  {
   "type": "Feature",
   "geometry": {
    "type": "Point",
    "coordinates": [
     151.9804325,
     -26.8413315
    ]
   },
   "properties": {
    "name": "3 MARGARET STREET YARRAMAN 4614",
    "locID": "LOC000075888489",
    "tech": "WIRELESS",
    "upgrade": "NULL_NA",
    "gnaf_pid": "GAQLD156005695",
    "ee": true,
    "tech_change_status": "Not Planned",
    "program_type": "Fixed Wireless and Satellite Upgrade Program",
    "target_eligibility_quarter": "NA"
   }
  },
  {
   "type": "Feature",
   "geometry": {
    "type": "Point",
    "coordinates": [
     151.97764258,
     -26.84298187
    ]
   },
   "properties": {
    "name": "33 MARGARET STREET YARRAMAN 4614",
    "locID": "LOC000045192458",
    "tech": "WIRELESS",
    "upgrade": "NULL_NA",
    "gnaf_pid": "GAQLD156005697",
    "ee": true,
    "tech_change_status": "Not Planned",
    "program_type": "Fixed Wireless and Satellite Upgrade Program",
    "target_eligibility_quarter": "NA"
   }
  },
  {
   "type": "Feature",
   "geometry": {
    "type": "Point",
    "coordinates": [
     151.97744995,
     -26.84303173
    ]
   },
   "properties": {
    "name": "35 MARGARET STREET YARRAMAN 4614",
    "locID": "LOC000106235880",
    "tech": "WIRELESS",
    "upgrade": "NULL_NA",
    "gnaf_pid": "GAQLD156005698",
    "ee": true,
    "tech_change_status": "Not Planned",
    "program_type": "Fixed Wireless and Satellite Upgrade Program",
    "target_eligibility_quarter": "NA"
   }
  },
  {
   "type": "Feature",
   "geometry": {
    "type": "Point",
    "coordinates": [
     151.97717205,
     -26.84320477
    ]
   },
   "properties": {
    "name": "39 MARGARET STREET YARRAMAN 4614",
    "locID": "LOC000039916111",
    "tech": "WIRELESS",
    "upgrade": "NULL_NA",
    "gnaf_pid": "GAQLD156005699",
    "ee": true,
    "tech_change_status": "Not Planned",
    "program_type": "Fixed Wireless and Satellite Upgrade Program",
    "target_eligibility_quarter": "NA"
   }
  },
  {
   "type": "Feature",
   "geometry": {
    "type": "Point",
    "coordinates": [
     151.97687764,
     -26.84342939
    ]
   },
   "properties": {
    "name": "41 MARGARET STREET YARRAMAN 4614",
    "locID": "LOC000093553485",
    "tech": "WIRELESS",
    "upgrade": "NULL_NA",
    "gnaf_pid": "GAQLD156005700",
    "ee": true,
    "tech_change_status": "Not Planned",
    "program_type": "Fixed Wireless and Satellite Upgrade Program",
    "target_eligibility_quarter": "NA"
   }
  },
  {
   "type": "Feature",
   "geometry": {
    "type": "Point",
    "coordinates": [
     151.97586819,
     -26.84403198
    ]
   },
   "properties": {
    "name": "51 MARGARET STREET YARRAMAN 4614",
    "locID": "LOC000040693651",
    "tech": "WIRELESS",
    "upgrade": "NULL_NA",
    "gnaf_pid": "GAQLD156006413",
    "ee": true,
    "tech_change_status": "Not Planned",
    "program_type": "Fixed Wireless and Satellite Upgrade Program",
    "target_eligibility_quarter": "NA"
   }
  },
  {
   "type": "Feature",
   "geometry": {
    "type": "Point",
    "coordinates": [
     151.98084302,
     -26.84176504
    ]
   },
   "properties": {
    "name": "6 MARGARET STREET YARRAMAN 4614",
    "locID": "LOC000060917281",
    "tech": "WIRELESS",
    "upgrade": "NULL_NA",
    "gnaf_pid": "GAQLD156006416",
    "ee": true,
    "tech_change_status": "Not Planned",
    "program_type": "Fixed Wireless and Satellite Upgrade Program",
    "target_eligibility_quarter": "NA"
   }
  },
  {
   "type": "Feature",
   "geometry": {
    "type": "Point",
    "coordinates": [
     151.98021449,
     -26.84144907
    ]
   },
   "properties": {
    "name": "7 MARGARET STREET YARRAMAN 4614",
    "locID": "LOC000076174583",
    "tech": "WIRELESS",
    "upgrade": "NULL_NA",
    "gnaf_pid": "GAQLD156006417",
    "ee": true,
    "tech_change_status": "Not Planned",
    "program_type": "Fixed Wireless and Satellite Upgrade Program",
    "target_eligibility_quarter": "NA"
   }
  },
  {
   "type": "Feature",
   "geometry": {
    "type": "Point",
    "coordinates": [
     151.98075113,
     -26.84178906
    ]
   },
   "properties": {
    "name": "8 MARGARET STREET YARRAMAN 4614",
    "locID": "LOC000071103924",
    "tech": "WIRELESS",
    "upgrade": "NULL_NA",
    "gnaf_pid": "GAQLD156006418",
    "ee": true,
    "tech_change_status": "Not Planned",
    "program_type": "Fixed Wireless and Satellite Upgrade Program",
    "target_eligibility_quarter": "NA"
   }
  },
  {
   "type": "Feature",
   "geometry": {
    "type": "Point",
    "coordinates": [
     151.98009406,
     -26.84152862
    ]
   },
   "properties": {
    "name": "9 MARGARET STREET YARRAMAN 4614",
    "locID": "LOC000096043278",
    "tech": "WIRELESS",
    "upgrade": "NULL_NA",
    "gnaf_pid": "GAQLD156006419",
    "ee": true,
    "tech_change_status": "Not Planned",
    "program_type": "Fixed Wireless and Satellite Upgrade Program",
    "target_eligibility_quarter": "NA"
   }
  },
  {
   "type": "Feature",
   "geometry": {
    "type": "Point",
    "coordinates": [
     151.98769032,
     -26.84450909
    ]
   },
   "properties": {
    "name": "29 DIOTH STREET YARRAMAN 4614",
    "locID": "LOC000060514333",
    "tech": "WIRELESS",
    "upgrade": "NULL_NA",
    "gnaf_pid": "GAQLD156006514",
    "ee": true,
    "tech_change_status": "Not Planned",
    "program_type": "Fixed Wireless and Satellite Upgrade Program",
    "target_eligibility_quarter": "NA"
   }
  },
  {
   "type": "Feature",
   "geometry": {
    "type": "Point",
    "coordinates": [
     151.98848545,
     -26.85111649
    ]
   },
   "properties": {
    "name": "13 DONALD COURT YARRAMAN 4614",
    "locID": "LOC000085524250",
    "tech": "WIRELESS",
    "upgrade": "NULL_NA",
    "gnaf_pid": "GAQLD156006534",
    "ee": true,
    "tech_change_status": "Not Planned",
    "program_type": "Fixed Wireless and Satellite Upgrade Program",
    "target_eligibility_quarter": "NA"
   }
  },
  {
   "type": "Feature",
   "geometry": {
    "type": "Point",
    "coordinates": [
     151.98814096,
     -26.85061473
    ]
   },
   "properties": {
    "name": "15 DONALD COURT YARRAMAN 4614",
    "locID": "LOC000105518468",
    "tech": "WIRELESS",
    "upgrade": "NULL_NA",
    "gnaf_pid": "GAQLD156006535",
    "ee": true,
    "tech_change_status": "Not Planned",
    "program_type": "Fixed Wireless and Satellite Upgrade Program",
    "target_eligibility_quarter": "NA"
   }
  },
  {
   "type": "Feature",
   "geometry": {
    "type": "Point",
    "coordinates": [
     151.98788113,
     -26.85010561
    ]
   },
   "properties": {
    "name": "17 DONALD COURT YARRAMAN 4614",
    "locID": "LOC000003341611",
    "tech": "WIRELESS",
    "upgrade": "NULL_NA",
    "gnaf_pid": "GAQLD156006536",
    "ee": true,
    "tech_change_status": "Not Planned",
    "program_type": "Fixed Wireless and Satellite Upgrade Program",
    "target_eligibility_quarter": "NA"
   }
  },
  {
   "type": "Feature",
   "geometry": {
    "type": "Point",
    "coordinates": [
     151.98745424,
     -26.84999468
    ]
   },
   "properties": {
    "name": "19 DONALD COURT YARRAMAN 4614",
    "locID": "LOC000003460233",
    "tech": "WIRELESS",
    "upgrade": "NULL_NA",
    "gnaf_pid": "GAQLD156006537",
    "ee": true,
    "tech_change_status": "Not Planned",
    "program_type": "Fixed Wireless and Satellite Upgrade Program",
    "target_eligibility_quarter": "NA"
   }
  },
  {
   "type": "Feature",
   "geometry": {
    "type": "Point",
    "coordinates": [
     151.98017831,
     -26.84106343
    ]
   },
   "properties": {
    "name": "4 DOUGLAS STREET YARRAMAN 4614",
    "locID": "LOC000015406633",
    "tech": "WIRELESS",
    "upgrade": "NULL_NA",
    "gnaf_pid": "GAQLD156008333",
    "ee": true,
    "tech_change_status": "Not Planned",
    "program_type": "Fixed Wireless and Satellite Upgrade Program",
    "target_eligibility_quarter": "NA"
   }
  },
  {
   "type": "Feature",
   "geometry": {
    "type": "Point",
    "coordinates": [
     151.97901396,
     -26.84354378
    ]
   },
   "properties": {
    "name": "LOT 1 EMMERT STREET YARRAMAN 4614",
    "locID": "LOC000127870024",
    "tech": "WIRELESS",
    "upgrade": "NULL_NA",
    "gnaf_pid": "GAQLD156008339",
    "ee": true,
    "tech_change_status": "Not Planned"
   }
  },
  {
   "type": "Feature",
   "geometry": {
    "type": "Point",
    "coordinates": [
     151.98012616,
     -26.84384336
    ]
   },
   "properties": {
    "name": "5 EMMERT STREET YARRAMAN 4614",
    "locID": "LOC000068933115",
    "tech": "WIRELESS",
    "upgrade": "NULL_NA",
    "gnaf_pid": "GAQLD156008340",
    "ee": true,
    "tech_change_status": "Not Planned",
    "program_type": "Fixed Wireless and Satellite Upgrade Program",
    "target_eligibility_quarter": "NA"
   }
  },
  {
   "type": "Feature",
   "geometry": {
    "type": "Point",
    "coordinates": [
     151.97463073,
     -26.83679879
    ]
   },
   "properties": {
    "name": "10 ROSALIE DRIVE YARRAMAN 4614",
    "locID": "LOC000098818378",
    "tech": "WIRELESS",
    "upgrade": "NULL_NA",
    "gnaf_pid": "GAQLD156009085",
    "ee": true,
    "tech_change_status": "Not Planned",
    "program_type": "Fixed Wireless and Satellite Upgrade Program",
    "target_eligibility_quarter": "NA"
   }
  },
  {
   "type": "Feature",
   "geometry": {
    "type": "Point",
    "coordinates": [
     151.97633649,
     -26.83737012
    ]
   },
   "properties": {
    "name": "2 ROSALIE DRIVE YARRAMAN 4614",
    "locID": "LOC000074030052",
    "tech": "WIRELESS",
    "upgrade": "NULL_NA",
    "gnaf_pid": "GAQLD156009092",
    "ee": true,
    "tech_change_status": "Not Planned",
    "program_type": "Fixed Wireless and Satellite Upgrade Program",
    "target_eligibility_quarter": "NA"
   }
  },
  {
   "type": "Feature",
   "geometry": {
    "type": "Point",
    "coordinates": [
     151.9737916,
     -26.83767993
    ]
   },
   "properties": {
    "name": "27 ROSALIE DRIVE YARRAMAN 4614",
    "locID": "LOC000089560464",
    "tech": "WIRELESS",
    "upgrade": "NULL_NA",
    "gnaf_pid": "GAQLD156009096",
    "ee": true,
    "tech_change_status": "Not Planned",
    "program_type": "Fixed Wireless and Satellite Upgrade Program",
    "target_eligibility_quarter": "NA"
   }
  },
  {
   "type": "Feature",
   "geometry": {
    "type": "Point",
    "coordinates": [
     151.97686084,
     -26.83641247
    ]
   },
   "properties": {
    "name": "3 ROSALIE DRIVE YARRAMAN 4614",
    "locID": "LOC000054793171",
    "tech": "WIRELESS",
    "upgrade": "NULL_NA",
    "gnaf_pid": "GAQLD156009098",
    "ee": true,
    "tech_change_status": "Not Planned",
    "program_type": "Fixed Wireless and Satellite Upgrade Program",
    "target_eligibility_quarter": "NA"
   }
  },
  {
   "type": "Feature",
   "geometry": {
    "type": "Point",
    "coordinates": [
     151.97480202,
     -26.83836386
    ]
   },
   "properties": {
    "name": "33 ROSALIE DRIVE YARRAMAN 4614",
    "locID": "LOC000094898651",
    "tech": "WIRELESS",
    "upgrade": "NULL_NA",
    "gnaf_pid": "GAQLD156009100",
    "ee": true,
    "tech_change_status": "Not Planned",
    "program_type": "Fixed Wireless and Satellite Upgrade Program",
    "target_eligibility_quarter": "NA"
   }
  },
  {
   "type": "Feature",
   "geometry": {
    "type": "Point",
    "coordinates": [
     151.99445897,
     -26.84629519
    ]
   },
   "properties": {
    "name": "1 SMITH STREET YARRAMAN 4614",
    "locID": "LOC000076262947",
    "tech": "WIRELESS",
    "upgrade": "NULL_NA",
    "gnaf_pid": "GAQLD156009106",
    "ee": true,
    "tech_change_status": "Not Planned",
    "program_type": "Fixed Wireless and Satellite Upgrade Program",
    "target_eligibility_quarter": "NA"
   }
  },
  {
   "type": "Feature",
   "geometry": {
    "type": "Point",
    "coordinates": [
     151.99446982,
     -26.84971076
    ]
   },
   "properties": {
    "name": "10 SMITH STREET YARRAMAN 4614",
    "locID": "LOC000039554908",
    "tech": "WIRELESS",
    "upgrade": "NULL_NA",
    "gnaf_pid": "GAQLD156009107",
    "ee": true,
    "tech_change_status": "Not Planned",
    "program_type": "Fixed Wireless and Satellite Upgrade Program",
    "target_eligibility_quarter": "NA"
   }
  },
  {
   "type": "Feature",
   "geometry": {
    "type": "Point",
    "coordinates": [
     151.97491902,
     -26.8433984
    ]
   },
   "properties": {
    "name": "6 GEORGE STREET YARRAMAN 4614",
    "locID": "LOC000107089440",
    "tech": "WIRELESS",
    "upgrade": "NULL_NA",
    "gnaf_pid": "GAQLD156009380",
    "ee": true,
    "tech_change_status": "Not Planned",
    "program_type": "Fixed Wireless and Satellite Upgrade Program",
    "target_eligibility_quarter": "NA"
   }
  },
  {
   "type": "Feature",
   "geometry": {
    "type": "Point",
    "coordinates": [
     151.97504006,
     -26.84354414
    ]
   },
   "properties": {
    "name": "8 GEORGE STREET YARRAMAN 4614",
    "locID": "LOC000088997530",
    "tech": "WIRELESS",
    "upgrade": "NULL_NA",
    "gnaf_pid": "GAQLD156009381",
    "ee": true,
    "tech_change_status": "Not Planned",
    "program_type": "Fixed Wireless and Satellite Upgrade Program",
    "target_eligibility_quarter": "NA"
   }
  },
  {
   "type": "Feature",
   "geometry": {
    "type": "Point",
    "coordinates": [
     151.98664033,
     -26.84030657
    ]
   },
   "properties": {
    "name": "13 MILLAR STREET YARRAMAN 4614",
    "locID": "LOC000049365522",
    "tech": "WIRELESS",
    "upgrade": "NULL_NA",
    "gnaf_pid": "GAQLD156009721",
    "ee": true,
    "tech_change_status": "Not Planned",
    "program_type": "Fixed Wireless and Satellite Upgrade Program",
    "target_eligibility_quarter": "NA"
   }
  },
  {
   "type": "Feature",
   "geometry": {
    "type": "Point",
    "coordinates": [
     151.9872414,
     -26.84079971
    ]
   },
   "properties": {
    "name": "14 MILLAR STREET YARRAMAN 4614",
    "locID": "LOC000017572843",
    "tech": "WIRELESS",
    "upgrade": "NULL_NA",
    "gnaf_pid": "GAQLD156009722",
    "ee": true,
    "tech_change_status": "Not Planned",
    "program_type": "Fixed Wireless and Satellite Upgrade Program",
    "target_eligibility_quarter": "NA"
   }
  },
  {
   "type": "Feature",
   "geometry": {
    "type": "Point",
    "coordinates": [
     151.98644855,
     -26.84036247
    ]
   },
   "properties": {
    "name": "15 MILLAR STREET YARRAMAN 4614",
    "locID": "LOC000064323764",
    "tech": "WIRELESS",
    "upgrade": "NULL_NA",
    "gnaf_pid": "GAQLD156009723",
    "ee": true,
    "tech_change_status": "Not Planned",
    "program_type": "Fixed Wireless and Satellite Upgrade Program",
    "target_eligibility_quarter": "NA"
   }
  },
  {
   "type": "Feature",
   "geometry": {
    "type": "Point",
    "coordinates": [
     151.98704945,
     -26.84085549
    ]
   },
   "properties": {
    "name": "16 MILLAR STREET YARRAMAN 4614",
    "locID": "LOC000041720074",
    "tech": "WIRELESS",
    "upgrade": "NULL_NA",
    "gnaf_pid": "GAQLD156009724",
    "ee": true,
    "tech_change_status": "Not Planned",
    "program_type": "Fixed Wireless and Satellite Upgrade Program",
    "target_eligibility_quarter": "NA"
   }
  },
  {
   "type": "Feature",
   "geometry": {
    "type": "Point",
    "coordinates": [
     151.98605117,
     -26.84047284
    ]
   },
   "properties": {
    "name": "17 MILLAR STREET YARRAMAN 4614",
    "locID": "LOC000093376333",
    "tech": "WIRELESS",
    "upgrade": "NULL_NA",
    "gnaf_pid": "GAQLD156009725",
    "ee": true,
    "tech_change_status": "Not Planned",
    "program_type": "Fixed Wireless and Satellite Upgrade Program",
    "target_eligibility_quarter": "NA"
   }
  },
  {
   "type": "Feature",
   "geometry": {
    "type": "Point",
    "coordinates": [
     151.98685747,
     -26.84091125
    ]
   },
   "properties": {
    "name": "18 MILLAR STREET YARRAMAN 4614",
    "locID": "LOC000038647935",
    "tech": "WIRELESS",
    "upgrade": "NULL_NA",
    "gnaf_pid": "GAQLD156009726",
    "ee": true,
    "tech_change_status": "Not Planned",
    "program_type": "Fixed Wireless and Satellite Upgrade Program",
    "target_eligibility_quarter": "NA"
   }
  },
  {
   "type": "Feature",
   "geometry": {
    "type": "Point",
    "coordinates": [
     151.98666549,
     -26.84096704
    ]
   },
   "properties": {
    "name": "20 MILLAR STREET YARRAMAN 4614",
    "locID": "LOC000076270292",
    "tech": "WIRELESS",
    "upgrade": "NULL_NA",
    "gnaf_pid": "GAQLD156009727",
    "ee": true,
    "tech_change_status": "Not Planned",
    "program_type": "Fixed Wireless and Satellite Upgrade Program",
    "target_eligibility_quarter": "NA"
   }
  },
  {
   "type": "Feature",
   "geometry": {
    "type": "Point",
    "coordinates": [
     151.98567718,
     -26.84059092
    ]
   },
   "properties": {
    "name": "21 MILLAR STREET YARRAMAN 4614",
    "locID": "LOC000043363758",
    "tech": "WIRELESS",
    "upgrade": "NULL_NA",
    "gnaf_pid": "GAQLD156009728",
    "ee": true,
    "tech_change_status": "Not Planned",
    "program_type": "Fixed Wireless and Satellite Upgrade Program",
    "target_eligibility_quarter": "NA"
   }
  },
  {
   "type": "Feature",
   "geometry": {
    "type": "Point",
    "coordinates": [
     151.9852927,
     -26.84069774
    ]
   },
   "properties": {
    "name": "25 MILLAR STREET YARRAMAN 4614",
    "locID": "LOC000176443526",
    "tech": "WIRELESS",
    "upgrade": "NULL_NA",
    "gnaf_pid": "GAQLD156009732",
    "ee": true,
    "tech_change_status": "Not Planned",
    "program_type": "Fixed Wireless and Satellite Upgrade Program",
    "target_eligibility_quarter": "NA"
   }
  },
  {
   "type": "Feature",
   "geometry": {
    "type": "Point",
    "coordinates": [
     151.98510027,
     -26.84075388
    ]
   },
   "properties": {
    "name": "27 MILLAR STREET YARRAMAN 4614",
    "locID": "LOC000044619367",
    "tech": "WIRELESS",
    "upgrade": "NULL_NA",
    "gnaf_pid": "GAQLD156009733",
    "ee": true,
    "tech_change_status": "Not Planned",
    "program_type": "Fixed Wireless and Satellite Upgrade Program",
    "target_eligibility_quarter": "NA"
   }
  },
  {
   "type": "Feature",
   "geometry": {
    "type": "Point",
    "coordinates": [
     151.98490781,
     -26.84081001
    ]
   },
   "properties": {
    "name": "29 MILLAR STREET YARRAMAN 4614",
    "locID": "LOC000073438425",
    "tech": "WIRELESS",
    "upgrade": "NULL_NA",
    "gnaf_pid": "GAQLD156009734",
    "ee": true,
    "tech_change_status": "Not Planned",
    "program_type": "Fixed Wireless and Satellite Upgrade Program",
    "target_eligibility_quarter": "NA"
   }
  },
  {
   "type": "Feature",
   "geometry": {
    "type": "Point",
    "coordinates": [
     151.98766503,
     -26.84000152
    ]
   },
   "properties": {
    "name": "3 MILLAR STREET YARRAMAN 4614",
    "locID": "LOC000029877975",
    "tech": "WIRELESS",
    "upgrade": "NULL_NA",
    "gnaf_pid": "GAQLD156009735",
    "ee": true,
    "tech_change_status": "Not Planned",
    "program_type": "Fixed Wireless and Satellite Upgrade Program",
    "target_eligibility_quarter": "NA"
   }
  },
  {
   "type": "Feature",
   "geometry": {
    "type": "Point",
    "coordinates": [
     151.98471534,
     -26.84086614
    ]
   },
   "properties": {
    "name": "31 MILLAR STREET YARRAMAN 4614",
    "locID": "LOC000005827828",
    "tech": "WIRELESS",
    "upgrade": "NULL_NA",
    "gnaf_pid": "GAQLD156009736",
    "ee": true,
    "tech_change_status": "Not Planned",
    "program_type": "Fixed Wireless and Satellite Upgrade Program",
    "target_eligibility_quarter": "NA"
   }
  },
  {
   "type": "Feature",
   "geometry": {
    "type": "Point",
    "coordinates": [
     151.98493318,
     -26.84147428
    ]
   },
   "properties": {
    "name": "32 MILLAR STREET YARRAMAN 4614",
    "locID": "LOC000034017635",
    "tech": "WIRELESS",
    "upgrade": "NULL_NA",
    "gnaf_pid": "GAQLD156009737",
    "ee": true,
    "tech_change_status": "Not Planned",
    "program_type": "Fixed Wireless and Satellite Upgrade Program",
    "target_eligibility_quarter": "NA"
   }
  },
  {
   "type": "Feature",
   "geometry": {
    "type": "Point",
    "coordinates": [
     151.98452322,
     -26.8409258
    ]
   },
   "properties": {
    "name": "33 MILLAR STREET YARRAMAN 4614",
    "locID": "LOC000039494783",
    "tech": "WIRELESS",
    "upgrade": "NULL_NA",
    "gnaf_pid": "GAQLD156010788",
    "ee": true,
    "tech_change_status": "Not Planned",
    "program_type": "Fixed Wireless and Satellite Upgrade Program",
    "target_eligibility_quarter": "NA"
   }
  },
  {
   "type": "Feature",
   "geometry": {
    "type": "Point",
    "coordinates": [
     151.98474088,
     -26.8415302
    ]
   },
   "properties": {
    "name": "34 MILLAR STREET YARRAMAN 4614",
    "locID": "LOC000061660850",
    "tech": "WIRELESS",
    "upgrade": "NULL_NA",
    "gnaf_pid": "GAQLD156010789",
    "ee": true,
    "tech_change_status": "Not Planned",
    "program_type": "Fixed Wireless and Satellite Upgrade Program",
    "target_eligibility_quarter": "NA"
   }
  },
  {
   "type": "Feature",
   "geometry": {
    "type": "Point",
    "coordinates": [
     151.98454894,
     -26.84158001
    ]
   },
   "properties": {
    "name": "36 MILLAR STREET YARRAMAN 4614",
    "locID": "LOC000012404213",
    "tech": "WIRELESS",
    "upgrade": "NULL_NA",
    "gnaf_pid": "GAQLD156010790",
    "ee": true,
    "tech_change_status": "Not Planned",
    "program_type": "Fixed Wireless and Satellite Upgrade Program",
    "target_eligibility_quarter": "NA"
   }
  },
  {
   "type": "Feature",
   "geometry": {
    "type": "Point",
    "coordinates": [
     151.9884916,
     -26.84043645
    ]
   },
   "properties": {
    "name": "4 MILLAR STREET YARRAMAN 4614",
    "locID": "LOC000017486872",
    "tech": "WIRELESS",
    "upgrade": "NULL_NA",
    "gnaf_pid": "GAQLD156010791",
    "ee": true,
    "tech_change_status": "Not Planned",
    "program_type": "Fixed Wireless and Satellite Upgrade Program",
    "target_eligibility_quarter": "NA"
   }
  },
  {
   "type": "Feature",
   "geometry": {
    "type": "Point",
    "coordinates": [
     151.98742788,
     -26.84007702
    ]
   },
   "properties": {
    "name": "5 MILLAR STREET YARRAMAN 4614",
    "locID": "LOC000004175944",
    "tech": "WIRELESS",
    "upgrade": "NULL_NA",
    "gnaf_pid": "GAQLD156010792",
    "ee": true,
    "tech_change_status": "Not Planned",
    "program_type": "Fixed Wireless and Satellite Upgrade Program",
    "target_eligibility_quarter": "NA"
   }
  },
  {
   "type": "Feature",
   "geometry": {
    "type": "Point",
    "coordinates": [
     151.98523803,
     -26.84524576
    ]
   },
   "properties": {
    "name": "10 PARK DRIVE YARRAMAN 4614",
    "locID": "LOC000002580024",
    "tech": "WIRELESS",
    "upgrade": "NULL_NA",
    "gnaf_pid": "GAQLD156010795",
    "ee": true,
    "tech_change_status": "Not Planned",
    "program_type": "Fixed Wireless and Satellite Upgrade Program",
    "target_eligibility_quarter": "NA"
   }
  },
  {
   "type": "Feature",
   "geometry": {
    "type": "Point",
    "coordinates": [
     151.98511879,
     -26.84510516
    ]
   },
   "properties": {
    "name": "12 PARK DRIVE YARRAMAN 4614",
    "locID": "LOC000061488906",
    "tech": "WIRELESS",
    "upgrade": "NULL_NA",
    "gnaf_pid": "GAQLD156010797",
    "ee": true,
    "tech_change_status": "Not Planned",
    "program_type": "Fixed Wireless and Satellite Upgrade Program",
    "target_eligibility_quarter": "NA"
   }
  },
  {
   "type": "Feature",
   "geometry": {
    "type": "Point",
    "coordinates": [
     151.98506205,
     -26.84407825
    ]
   },
   "properties": {
    "name": "17 PARK DRIVE YARRAMAN 4614",
    "locID": "LOC000033572282",
    "tech": "WIRELESS",
    "upgrade": "NULL_NA",
    "gnaf_pid": "GAQLD156010800",
    "ee": true,
    "tech_change_status": "Not Planned",
    "program_type": "Fixed Wireless and Satellite Upgrade Program",
    "target_eligibility_quarter": "NA"
   }
  },
  {
   "type": "Feature",
   "geometry": {
    "type": "Point",
    "coordinates": [
     151.98561401,
     -26.84565545
    ]
   },
   "properties": {
    "name": "4 PARK DRIVE YARRAMAN 4614",
    "locID": "LOC000073720692",
    "tech": "WIRELESS",
    "upgrade": "NULL_NA",
    "gnaf_pid": "GAQLD156010802",
    "ee": true,
    "tech_change_status": "Not Planned",
    "program_type": "Fixed Wireless and Satellite Upgrade Program",
    "target_eligibility_quarter": "NA"
   }
  },
  {
   "type": "Feature",
   "geometry": {
    "type": "Point",
    "coordinates": [
     151.98578056,
     -26.84495572
    ]
   },
   "properties": {
    "name": "5 PARK DRIVE YARRAMAN 4614",
    "locID": "LOC000041912758",
    "tech": "WIRELESS",
    "upgrade": "NULL_NA",
    "gnaf_pid": "GAQLD156010803",
    "ee": true,
    "tech_change_status": "Not Planned",
    "program_type": "Fixed Wireless and Satellite Upgrade Program",
    "target_eligibility_quarter": "NA"
   }
  },
  {
   "type": "Feature",
   "geometry": {
    "type": "Point",
    "coordinates": [
     151.97742706,
     -26.8425663
    ]
   },
   "properties": {
    "name": "11 PINE STREET YARRAMAN 4614",
    "locID": "LOC000059925855",
    "tech": "WIRELESS",
    "upgrade": "NULL_NA",
    "gnaf_pid": "GAQLD156010807",
    "ee": true,
    "tech_change_status": "Not Planned",
    "program_type": "Fixed Wireless and Satellite Upgrade Program",
    "target_eligibility_quarter": "NA"
   }
  },
  {
   "type": "Feature",
   "geometry": {
    "type": "Point",
    "coordinates": [
     151.9769467,
     -26.84198324
    ]
   },
   "properties": {
    "name": "3 PINE STREET YARRAMAN 4614",
    "locID": "LOC000072504205",
    "tech": "WIRELESS",
    "upgrade": "NULL_NA",
    "gnaf_pid": "GAQLD156010809",
    "ee": true,
    "tech_change_status": "Not Planned",
    "program_type": "Fixed Wireless and Satellite Upgrade Program",
    "target_eligibility_quarter": "NA"
   }
  },
  {
   "type": "Feature",
   "geometry": {
    "type": "Point",
    "coordinates": [
     151.9770568,
     -26.84213748
    ]
   },
   "properties": {
    "name": "5 PINE STREET YARRAMAN 4614",
    "locID": "LOC000058336378",
    "tech": "WIRELESS",
    "upgrade": "NULL_NA",
    "gnaf_pid": "GAQLD156010810",
    "ee": true,
    "tech_change_status": "Not Planned",
    "program_type": "Fixed Wireless and Satellite Upgrade Program",
    "target_eligibility_quarter": "NA"
   }
  },
  {
   "type": "Feature",
   "geometry": {
    "type": "Point",
    "coordinates": [
     151.97717696,
     -26.84228437
    ]
   },
   "properties": {
    "name": "7 PINE STREET YARRAMAN 4614",
    "locID": "LOC000005688538",
    "tech": "WIRELESS",
    "upgrade": "NULL_NA",
    "gnaf_pid": "GAQLD156010811",
    "ee": true,
    "tech_change_status": "Not Planned",
    "program_type": "Fixed Wireless and Satellite Upgrade Program",
    "target_eligibility_quarter": "NA"
   }
  },
  {
   "type": "Feature",
   "geometry": {
    "type": "Point",
    "coordinates": [
     151.97730693,
     -26.84242052
    ]
   },
   "properties": {
    "name": "9 PINE STREET YARRAMAN 4614",
    "locID": "LOC000098897870",
    "tech": "WIRELESS",
    "upgrade": "NULL_NA",
    "gnaf_pid": "GAQLD156010812",
    "ee": true,
    "tech_change_status": "Not Planned",
    "program_type": "Fixed Wireless and Satellite Upgrade Program",
    "target_eligibility_quarter": "NA"
   }
  },
  {
   "type": "Feature",
   "geometry": {
    "type": "Point",
    "coordinates": [
     151.98702388,
     -26.84019484
    ]
   },
   "properties": {
    "name": "9 MILLAR STREET YARRAMAN 4614",
    "locID": "LOC000023561311",
    "tech": "WIRELESS",
    "upgrade": "NULL_NA",
    "gnaf_pid": "GAQLD156013062",
    "ee": true,
    "tech_change_status": "Not Planned",
    "program_type": "Fixed Wireless and Satellite Upgrade Program",
    "target_eligibility_quarter": "NA"
   }
  },
  {
   "type": "Feature",
   "geometry": {
    "type": "Point",
    "coordinates": [
     151.9811457,
     -26.83937754
    ]
   },
   "properties": {
    "name": "20 DAVIES STREET YARRAMAN 4614",
    "locID": "LOC000009933124",
    "tech": "WIRELESS",
    "upgrade": "NULL_NA",
    "gnaf_pid": "GAQLD156015563",
    "ee": true,
    "tech_change_status": "Not Planned",
    "program_type": "Fixed Wireless and Satellite Upgrade Program",
    "target_eligibility_quarter": "NA"
   }
  },
  {
   "type": "Feature",
   "geometry": {
    "type": "Point",
    "coordinates": [
     151.97547183,
     -26.83887424
    ]
   },
   "properties": {
    "name": "20 LISTER STREET YARRAMAN 4614",
    "locID": "LOC000039898261",
    "tech": "WIRELESS",
    "upgrade": "NULL_NA",
    "gnaf_pid": "GAQLD156015793",
    "ee": true,
    "tech_change_status": "Not Planned",
    "program_type": "Fixed Wireless and Satellite Upgrade Program",
    "target_eligibility_quarter": "NA"
   }
  },
  {
   "type": "Feature",
   "geometry": {
    "type": "Point",
    "coordinates": [
     151.97716147,
     -26.83824655
    ]
   },
   "properties": {
    "name": "6 LISTER STREET YARRAMAN 4614",
    "locID": "LOC000044696184",
    "tech": "WIRELESS",
    "upgrade": "NULL_NA",
    "gnaf_pid": "GAQLD156015797",
    "ee": true,
    "tech_change_status": "Not Planned",
    "program_type": "Fixed Wireless and Satellite Upgrade Program",
    "target_eligibility_quarter": "NA"
   }
  },
  {
   "type": "Feature",
   "geometry": {
    "type": "Point",
    "coordinates": [
     151.98213854,
     -26.84096954
    ]
   },
   "properties": {
    "name": "17 BROWNE STREET YARRAMAN 4614",
    "locID": "LOC000056555839",
    "tech": "WIRELESS",
    "upgrade": "NULL_NA",
    "gnaf_pid": "GAQLD156016737",
    "ee": true,
    "tech_change_status": "Not Planned",
    "program_type": "Fixed Wireless and Satellite Upgrade Program",
    "target_eligibility_quarter": "NA"
   }
  },
  {
   "type": "Feature",
   "geometry": {
    "type": "Point",
    "coordinates": [
     151.98220894,
     -26.84157707
    ]
   },
   "properties": {
    "name": "20 BROWNE STREET YARRAMAN 4614",
    "locID": "LOC000030736549",
    "tech": "WIRELESS",
    "upgrade": "NULL_NA",
    "gnaf_pid": "GAQLD156016748",
    "ee": true,
    "tech_change_status": "Not Planned",
    "program_type": "Fixed Wireless and Satellite Upgrade Program",
    "target_eligibility_quarter": "NA"
   }
  },
  {
   "type": "Feature",
   "geometry": {
    "type": "Point",
    "coordinates": [
     151.98355105,
     -26.84096003
    ]
   },
   "properties": {
    "name": "3 BROWNE STREET YARRAMAN 4614",
    "locID": "LOC000009452839",
    "tech": "WIRELESS",
    "upgrade": "NULL_NA",
    "gnaf_pid": "GAQLD156016751",
    "ee": true,
    "tech_change_status": "Not Planned",
    "program_type": "Fixed Wireless and Satellite Upgrade Program",
    "target_eligibility_quarter": "NA"
   }
  },
  {
   "type": "Feature",
   "geometry": {
    "type": "Point",
    "coordinates": [
     151.98376323,
     -26.84159328
    ]
   },
   "properties": {
    "name": "4 BROWNE STREET YARRAMAN 4614",
    "locID": "LOC000063258966",
    "tech": "WIRELESS",
    "upgrade": "NULL_NA",
    "gnaf_pid": "GAQLD156016752",
    "ee": true,
    "tech_change_status": "Not Planned",
    "program_type": "Fixed Wireless and Satellite Upgrade Program",
    "target_eligibility_quarter": "NA"
   }
  },
  {
   "type": "Feature",
   "geometry": {
    "type": "Point",
    "coordinates": [
     151.97881227,
     -26.8395142
    ]
   },
   "properties": {
    "name": "2 BUDGEN STREET YARRAMAN 4614",
    "locID": "LOC000035851067",
    "tech": "WIRELESS",
    "upgrade": "NULL_NA",
    "gnaf_pid": "GAQLD156018594",
    "ee": true,
    "tech_change_status": "Not Planned",
    "program_type": "Fixed Wireless and Satellite Upgrade Program",
    "target_eligibility_quarter": "NA"
   }
  },
  {
   "type": "Feature",
   "geometry": {
    "type": "Point",
    "coordinates": [
     151.97823331,
     -26.83978719
    ]
   },
   "properties": {
    "name": "8 BUDGEN STREET YARRAMAN 4614",
    "locID": "LOC000052478162",
    "tech": "WIRELESS",
    "upgrade": "NULL_NA",
    "gnaf_pid": "GAQLD156019646",
    "ee": true,
    "tech_change_status": "Not Planned",
    "program_type": "Fixed Wireless and Satellite Upgrade Program",
    "target_eligibility_quarter": "NA"
   }
  },
  {
   "type": "Feature",
   "geometry": {
    "type": "Point",
    "coordinates": [
     151.98399056,
     -26.84550281
    ]
   },
   "properties": {
    "name": "11 BUNYA DRIVE YARRAMAN 4614",
    "locID": "LOC000103190738",
    "tech": "WIRELESS",
    "upgrade": "NULL_NA",
    "gnaf_pid": "GAQLD156019649",
    "ee": true,
    "tech_change_status": "Not Planned",
    "program_type": "Fixed Wireless and Satellite Upgrade Program",
    "target_eligibility_quarter": "NA"
   }
  },
  {
   "type": "Feature",
   "geometry": {
    "type": "Point",
    "coordinates": [
     151.9836216,
     -26.84488332
    ]
   },
   "properties": {
    "name": "14 BUNYA DRIVE YARRAMAN 4614",
    "locID": "LOC000082539675",
    "tech": "WIRELESS",
    "upgrade": "NULL_NA",
    "gnaf_pid": "GAQLD156019650",
    "ee": true,
    "tech_change_status": "Not Planned",
    "program_type": "Fixed Wireless and Satellite Upgrade Program",
    "target_eligibility_quarter": "NA"
   }
  },
  {
   "type": "Feature",
   "geometry": {
    "type": "Point",
    "coordinates": [
     151.98434068,
     -26.84482109
    ]
   },
   "properties": {
    "name": "17 BUNYA DRIVE YARRAMAN 4614",
    "locID": "LOC000095553487",
    "tech": "WIRELESS",
    "upgrade": "NULL_NA",
    "gnaf_pid": "GAQLD156019651",
    "ee": true,
    "tech_change_status": "Not Planned",
    "program_type": "Fixed Wireless and Satellite Upgrade Program",
    "target_eligibility_quarter": "NA"
   }
  },
  {
   "type": "Feature",
   "geometry": {
    "type": "Point",
    "coordinates": [
     151.98338946,
     -26.84457885
    ]
   },
   "properties": {
    "name": "18 BUNYA DRIVE YARRAMAN 4614",
    "locID": "LOC000091196466",
    "tech": "WIRELESS",
    "upgrade": "NULL_NA",
    "gnaf_pid": "GAQLD156019652",
    "ee": true,
    "tech_change_status": "Not Planned",
    "program_type": "Fixed Wireless and Satellite Upgrade Program",
    "target_eligibility_quarter": "NA"
   }
  },
  {
   "type": "Feature",
   "geometry": {
    "type": "Point",
    "coordinates": [
     151.98376403,
     -26.84419205
    ]
   },
   "properties": {
    "name": "25 BUNYA DRIVE YARRAMAN 4614",
    "locID": "LOC000061624201",
    "tech": "WIRELESS",
    "upgrade": "NULL_NA",
    "gnaf_pid": "GAQLD156019653",
    "ee": true,
    "tech_change_status": "Not Planned",
    "program_type": "Fixed Wireless and Satellite Upgrade Program",
    "target_eligibility_quarter": "NA"
   }
  },
  {
   "type": "Feature",
   "geometry": {
    "type": "Point",
    "coordinates": [
     151.98421513,
     -26.84390983
    ]
   },
   "properties": {
    "name": "29 BUNYA DRIVE YARRAMAN 4614",
    "locID": "LOC000039365049",
    "tech": "WIRELESS",
    "upgrade": "NULL_NA",
    "gnaf_pid": "GAQLD156019654",
    "ee": true,
    "tech_change_status": "Not Planned",
    "program_type": "Fixed Wireless and Satellite Upgrade Program",
    "target_eligibility_quarter": "NA"
   }
  },
  {
   "type": "Feature",
   "geometry": {
    "type": "Point",
    "coordinates": [
     151.98544993,
     -26.83935001
    ]
   },
   "properties": {
    "name": "11 CHEADLE STREET YARRAMAN 4614",
    "locID": "LOC000070296556",
    "tech": "WIRELESS",
    "upgrade": "NULL_NA",
    "gnaf_pid": "GAQLD156019658",
    "ee": true,
    "tech_change_status": "Not Planned",
    "program_type": "Fixed Wireless and Satellite Upgrade Program",
    "target_eligibility_quarter": "NA"
   }
  },
  {
   "type": "Feature",
   "geometry": {
    "type": "Point",
    "coordinates": [
     151.98626586,
     -26.83985876
    ]
   },
   "properties": {
    "name": "12 CHEADLE STREET YARRAMAN 4614",
    "locID": "LOC000043292928",
    "tech": "WIRELESS",
    "upgrade": "NULL_NA",
    "gnaf_pid": "GAQLD156019659",
    "ee": true,
    "tech_change_status": "Not Planned",
    "program_type": "Fixed Wireless and Satellite Upgrade Program",
    "target_eligibility_quarter": "NA"
   }
  },
  {
   "type": "Feature",
   "geometry": {
    "type": "Point",
    "coordinates": [
     151.98569015,
     -26.84002049
    ]
   },
   "properties": {
    "name": "16 CHEADLE STREET YARRAMAN 4614",
    "locID": "LOC000039908810",
    "tech": "WIRELESS",
    "upgrade": "NULL_NA",
    "gnaf_pid": "GAQLD156019664",
    "ee": true,
    "tech_change_status": "Not Planned",
    "program_type": "Fixed Wireless and Satellite Upgrade Program",
    "target_eligibility_quarter": "NA"
   }
  },
  {
   "type": "Feature",
   "geometry": {
    "type": "Point",
    "coordinates": [
     151.98963691,
     -26.84987658
    ]
   },
   "properties": {
    "name": "19 SMITH STREET YARRAMAN 4614",
    "locID": "LOC000039718875",
    "tech": "WIRELESS",
    "upgrade": "NULL_NA",
    "gnaf_pid": "GAQLD156020269",
    "ee": true,
    "tech_change_status": "Not Planned",
    "program_type": "Fixed Wireless and Satellite Upgrade Program",
    "target_eligibility_quarter": "NA"
   }
  },
  {
   "type": "Feature",
   "geometry": {
    "type": "Point",
    "coordinates": [
     151.99150978,
     -26.85185588
    ]
   },
   "properties": {
    "name": "20 SMITH STREET YARRAMAN 4614",
    "locID": "LOC000026639432",
    "tech": "WIRELESS",
    "upgrade": "NULL_NA",
    "gnaf_pid": "GAQLD156020271",
    "ee": true,
    "tech_change_status": "Not Planned",
    "program_type": "Fixed Wireless and Satellite Upgrade Program",
    "target_eligibility_quarter": "NA"
   }
  },
  {
   "type": "Feature",
   "geometry": {
    "type": "Point",
    "coordinates": [
     151.98891573,
     -26.85036547
    ]
   },
   "properties": {
    "name": "21 SMITH STREET YARRAMAN 4614",
    "locID": "LOC000039679469",
    "tech": "WIRELESS",
    "upgrade": "NULL_NA",
    "gnaf_pid": "GAQLD156020272",
    "ee": true,
    "tech_change_status": "Not Planned",
    "program_type": "Fixed Wireless and Satellite Upgrade Program",
    "target_eligibility_quarter": "NA"
   }
  },
  {
   "type": "Feature",
   "geometry": {
    "type": "Point",
    "coordinates": [
     151.99086542,
     -26.85226482
    ]
   },
   "properties": {
    "name": "22 SMITH STREET YARRAMAN 4614",
    "locID": "LOC000030694670",
    "tech": "WIRELESS",
    "upgrade": "NULL_NA",
    "gnaf_pid": "GAQLD156020273",
    "ee": true,
    "tech_change_status": "Not Planned",
    "program_type": "Fixed Wireless and Satellite Upgrade Program",
    "target_eligibility_quarter": "NA"
   }
  },
  {
   "type": "Feature",
   "geometry": {
    "type": "Point",
    "coordinates": [
     151.97797392,
     -26.84055481
    ]
   },
   "properties": {
    "name": "15A JOHN STREET YARRAMAN 4614",
    "locID": "LOC100055255899",
    "tech": "WIRELESS",
    "upgrade": "NULL_NA",
    "gnaf_pid": "GAQLD156020600",
    "ee": true,
    "tech_change_status": "Not Planned",
    "program_type": "Fixed Wireless and Satellite Upgrade Program",
    "target_eligibility_quarter": "NA"
   }
  },
  {
   "type": "Feature",
   "geometry": {
    "type": "Point",
    "coordinates": [
     151.97780729,
     -26.84136149
    ]
   },
   "properties": {
    "name": "16 JOHN STREET YARRAMAN 4614",
    "locID": "LOC000054858457",
    "tech": "WIRELESS",
    "upgrade": "NULL_NA",
    "gnaf_pid": "GAQLD156020601",
    "ee": true,
    "tech_change_status": "Not Planned",
    "program_type": "Fixed Wireless and Satellite Upgrade Program",
    "target_eligibility_quarter": "NA"
   }
  },
  {
   "type": "Feature",
   "geometry": {
    "type": "Point",
    "coordinates": [
     151.9776388,
     -26.84146261
    ]
   },
   "properties": {
    "name": "18 JOHN STREET YARRAMAN 4614",
    "locID": "LOC000083874676",
    "tech": "WIRELESS",
    "upgrade": "NULL_NA",
    "gnaf_pid": "GAQLD156020602",
    "ee": true,
    "tech_change_status": "Not Planned",
    "program_type": "Fixed Wireless and Satellite Upgrade Program",
    "target_eligibility_quarter": "NA"
   }
  },
  {
   "type": "Feature",
   "geometry": {
    "type": "Point",
    "coordinates": [
     151.98724443,
     -26.83958243
    ]
   },
   "properties": {
    "name": "2A CHEADLE STREET YARRAMAN 4614",
    "locID": "LOC000049990593",
    "tech": "WIRELESS",
    "upgrade": "NULL_NA",
    "gnaf_pid": "GAQLD156021465",
    "ee": true,
    "tech_change_status": "Not Planned",
    "program_type": "Fixed Wireless and Satellite Upgrade Program",
    "target_eligibility_quarter": "NA"
   }
  },
  {
   "type": "Feature",
   "geometry": {
    "type": "Point",
    "coordinates": [
     151.98684251,
     -26.83969248
    ]
   },
   "properties": {
    "name": "6 CHEADLE STREET YARRAMAN 4614",
    "locID": "LOC000039169508",
    "tech": "WIRELESS",
    "upgrade": "NULL_NA",
    "gnaf_pid": "GAQLD156021476",
    "ee": true,
    "tech_change_status": "Not Planned",
    "program_type": "Fixed Wireless and Satellite Upgrade Program",
    "target_eligibility_quarter": "NA"
   }
  },
  {
   "type": "Feature",
   "geometry": {
    "type": "Point",
    "coordinates": [
     151.98005543,
     -26.84035648
    ]
   },
   "properties": {
    "name": "13 TOOMEY STREET YARRAMAN 4614",
    "locID": "LOC000106043796",
    "tech": "WIRELESS",
    "upgrade": "NULL_NA",
    "gnaf_pid": "GAQLD156022170",
    "ee": true,
    "tech_change_status": "Not Planned",
    "program_type": "Fixed Wireless and Satellite Upgrade Program",
    "target_eligibility_quarter": "NA"
   }
  },
  {
   "type": "Feature",
   "geometry": {
    "type": "Point",
    "coordinates": [
     151.98017512,
     -26.84050355
    ]
   },
   "properties": {
    "name": "15 TOOMEY STREET YARRAMAN 4614",
    "locID": "LOC000043607806",
    "tech": "WIRELESS",
    "upgrade": "NULL_NA",
    "gnaf_pid": "GAQLD156022172",
    "ee": true,
    "tech_change_status": "Not Planned",
    "program_type": "Fixed Wireless and Satellite Upgrade Program",
    "target_eligibility_quarter": "NA"
   }
  },
  {
   "type": "Feature",
   "geometry": {
    "type": "Point",
    "coordinates": [
     151.98129713,
     -26.84068142
    ]
   },
   "properties": {
    "name": "16 TOOMEY STREET YARRAMAN 4614",
    "locID": "LOC000068824156",
    "tech": "WIRELESS",
    "upgrade": "NULL_NA",
    "gnaf_pid": "GAQLD156022173",
    "ee": true,
    "tech_change_status": "Not Planned",
    "program_type": "Fixed Wireless and Satellite Upgrade Program",
    "target_eligibility_quarter": "NA"
   }
  },
  {
   "type": "Feature",
   "geometry": {
    "type": "Point",
    "coordinates": [
     151.98061985,
     -26.84089982
    ]
   },
   "properties": {
    "name": "17 TOOMEY STREET YARRAMAN 4614",
    "locID": "LOC000086396617",
    "tech": "WIRELESS",
    "upgrade": "NULL_NA",
    "gnaf_pid": "GAQLD156022174",
    "ee": true,
    "tech_change_status": "Not Planned",
    "program_type": "Fixed Wireless and Satellite Upgrade Program",
    "target_eligibility_quarter": "NA"
   }
  },
  {
   "type": "Feature",
   "geometry": {
    "type": "Point",
    "coordinates": [
     151.98149141,
     -26.84082773
    ]
   },
   "properties": {
    "name": "18 TOOMEY STREET YARRAMAN 4614",
    "locID": "LOC000030657554",
    "tech": "WIRELESS",
    "upgrade": "NULL_NA",
    "gnaf_pid": "GAQLD156022175",
    "ee": true,
    "tech_change_status": "Not Planned",
    "program_type": "Fixed Wireless and Satellite Upgrade Program",
    "target_eligibility_quarter": "NA"
   }
  },
  {
   "type": "Feature",
   "geometry": {
    "type": "Point",
    "coordinates": [
     151.98069027,
     -26.84106082
    ]
   },
   "properties": {
    "name": "19 TOOMEY STREET YARRAMAN 4614",
    "locID": "LOC100076871779",
    "tech": "WIRELESS",
    "upgrade": "NULL_NA",
    "gnaf_pid": "GAQLD156022176",
    "ee": true,
    "tech_change_status": "Not Planned",
    "program_type": "Fixed Wireless and Satellite Upgrade Program",
    "target_eligibility_quarter": "NA"
   }
  },
  {
   "type": "Feature",
   "geometry": {
    "type": "Point",
    "coordinates": [
     151.97941925,
     -26.8404073
    ]
   },
   "properties": {
    "name": "4 JOHN STREET YARRAMAN 4614",
    "locID": "LOC000014901429",
    "tech": "WIRELESS",
    "upgrade": "NULL_NA",
    "gnaf_pid": "GAQLD156022356",
    "ee": true,
    "tech_change_status": "Not Planned",
    "program_type": "Fixed Wireless and Satellite Upgrade Program",
    "target_eligibility_quarter": "NA"
   }
  },
  {
   "type": "Feature",
   "geometry": {
    "type": "Point",
    "coordinates": [
     151.98563487,
     -26.83930524
    ]
   },
   "properties": {
    "name": "9 CHEADLE STREET YARRAMAN 4614",
    "locID": "LOC000102714977",
    "tech": "WIRELESS",
    "upgrade": "NULL_NA",
    "gnaf_pid": "GAQLD156023218",
    "ee": true,
    "tech_change_status": "Not Planned",
    "program_type": "Fixed Wireless and Satellite Upgrade Program",
    "target_eligibility_quarter": "NA"
   }
  },
  {
   "type": "Feature",
   "geometry": {
    "type": "Point",
    "coordinates": [
     151.98324648,
     -26.84512767
    ]
   },
   "properties": {
    "name": "3 CREEK COURT YARRAMAN 4614",
    "locID": "LOC000074535613",
    "tech": "WIRELESS",
    "upgrade": "NULL_NA",
    "gnaf_pid": "GAQLD156023220",
    "ee": true,
    "tech_change_status": "Not Planned",
    "program_type": "Fixed Wireless and Satellite Upgrade Program",
    "target_eligibility_quarter": "NA"
   }
  },
  {
   "type": "Feature",
   "geometry": {
    "type": "Point",
    "coordinates": [
     151.98195106,
     -26.83937346
    ]
   },
   "properties": {
    "name": "12 DAVIES STREET YARRAMAN 4614",
    "locID": "LOC000052170397",
    "tech": "WIRELESS",
    "upgrade": "NULL_NA",
    "gnaf_pid": "GAQLD156023224",
    "ee": true,
    "tech_change_status": "Not Planned",
    "program_type": "Fixed Wireless and Satellite Upgrade Program",
    "target_eligibility_quarter": "NA"
   }
  },
  {
   "type": "Feature",
   "geometry": {
    "type": "Point",
    "coordinates": [
     151.97886424,
     -26.83885204
    ]
   },
   "properties": {
    "name": "18 JUILLERAT STREET YARRAMAN 4614",
    "locID": "LOC000105573649",
    "tech": "WIRELESS",
    "upgrade": "NULL_NA",
    "gnaf_pid": "GAQLD156025221",
    "ee": true,
    "tech_change_status": "Not Planned",
    "program_type": "Fixed Wireless and Satellite Upgrade Program",
    "target_eligibility_quarter": "NA"
   }
  },
  {
   "type": "Feature",
   "geometry": {
    "type": "Point",
    "coordinates": [
     151.97784846,
     -26.83858806
    ]
   },
   "properties": {
    "name": "7 JUILLERAT STREET YARRAMAN 4614",
    "locID": "LOC000031513165",
    "tech": "WIRELESS",
    "upgrade": "NULL_NA",
    "gnaf_pid": "GAQLD156025225",
    "ee": true,
    "tech_change_status": "Not Planned",
    "program_type": "Fixed Wireless and Satellite Upgrade Program",
    "target_eligibility_quarter": "NA"
   }
  },
  {
   "type": "Feature",
   "geometry": {
    "type": "Point",
    "coordinates": [
     151.97659668,
     -26.83794139
    ]
   },
   "properties": {
    "name": "11 LISTER STREET YARRAMAN 4614",
    "locID": "LOC000014380360",
    "tech": "WIRELESS",
    "upgrade": "NULL_NA",
    "gnaf_pid": "GAQLD156025229",
    "ee": true,
    "tech_change_status": "Not Planned",
    "program_type": "Fixed Wireless and Satellite Upgrade Program",
    "target_eligibility_quarter": "NA"
   }
  },
  {
   "type": "Feature",
   "geometry": {
    "type": "Point",
    "coordinates": [
     151.98086572,
     -26.84110857
    ]
   },
   "properties": {
    "name": "21 TOOMEY STREET YARRAMAN 4614",
    "locID": "LOC000106452664",
    "tech": "WIRELESS",
    "upgrade": "NULL_NA",
    "gnaf_pid": "GAQLD156025925",
    "ee": true,
    "tech_change_status": "Not Planned",
    "program_type": "Fixed Wireless and Satellite Upgrade Program",
    "target_eligibility_quarter": "NA"
   }
  },
  {
   "type": "Feature",
   "geometry": {
    "type": "Point",
    "coordinates": [
     151.98085887,
     -26.84122041
    ]
   },
   "properties": {
    "name": "23 TOOMEY STREET YARRAMAN 4614",
    "locID": "LOC000055377766",
    "tech": "WIRELESS",
    "upgrade": "NULL_NA",
    "gnaf_pid": "GAQLD156025926",
    "ee": true,
    "tech_change_status": "Not Planned",
    "program_type": "Fixed Wireless and Satellite Upgrade Program",
    "target_eligibility_quarter": "NA"
   }
  },
  {
   "type": "Feature",
   "geometry": {
    "type": "Point",
    "coordinates": [
     151.9824906,
     -26.84199763
    ]
   },
   "properties": {
    "name": "26 TOOMEY STREET YARRAMAN 4614",
    "locID": "LOC000067075966",
    "tech": "WIRELESS",
    "upgrade": "NULL_NA",
    "gnaf_pid": "GAQLD156025927",
    "ee": true,
    "tech_change_status": "Not Planned",
    "program_type": "Fixed Wireless and Satellite Upgrade Program",
    "target_eligibility_quarter": "NA"
   }
  },
  {
   "type": "Feature",
   "geometry": {
    "type": "Point",
    "coordinates": [
     151.98132525,
     -26.84182982
    ]
   },
   "properties": {
    "name": "27 TOOMEY STREET YARRAMAN 4614",
    "locID": "LOC000030816730",
    "tech": "WIRELESS",
    "upgrade": "NULL_NA",
    "gnaf_pid": "GAQLD156025928",
    "ee": true,
    "tech_change_status": "Not Planned",
    "program_type": "Fixed Wireless and Satellite Upgrade Program",
    "target_eligibility_quarter": "NA"
   }
  },
  {
   "type": "Feature",
   "geometry": {
    "type": "Point",
    "coordinates": [
     151.98425461,
     -26.84216151
    ]
   },
   "properties": {
    "name": "15 WATSON STREET YARRAMAN 4614",
    "locID": "LOC000034342403",
    "tech": "WIRELESS",
    "upgrade": "NULL_NA",
    "gnaf_pid": "GAQLD156025937",
    "ee": true,
    "tech_change_status": "Not Planned",
    "program_type": "Fixed Wireless and Satellite Upgrade Program",
    "target_eligibility_quarter": "NA"
   }
  },
  {
   "type": "Feature",
   "geometry": {
    "type": "Point",
    "coordinates": [
     151.97528185,
     -26.83893352
    ]
   },
   "properties": {
    "name": "22 WILLIAMS COURT YARRAMAN 4614",
    "locID": "LOC000079320815",
    "tech": "WIRELESS",
    "upgrade": "NULL_NA",
    "gnaf_pid": "GAQLD156025945",
    "ee": true,
    "tech_change_status": "Not Planned",
    "program_type": "Fixed Wireless and Satellite Upgrade Program",
    "target_eligibility_quarter": "NA"
   }
  },
  {
   "type": "Feature",
   "geometry": {
    "type": "Point",
    "coordinates": [
     151.97914719,
     -26.83886069
    ]
   },
   "properties": {
    "name": "5 TOOMEY STREET YARRAMAN 4614",
    "locID": "LOC000105901518",
    "tech": "WIRELESS",
    "upgrade": "NULL_NA",
    "gnaf_pid": "GAQLD156027746",
    "ee": true,
    "tech_change_status": "Not Planned",
    "program_type": "Fixed Wireless and Satellite Upgrade Program",
    "target_eligibility_quarter": "NA"
   }
  },
  {
   "type": "Feature",
   "geometry": {
    "type": "Point",
    "coordinates": [
     151.98059534,
     -26.83974587
    ]
   },
   "properties": {
    "name": "6 TOOMEY STREET YARRAMAN 4614",
    "locID": "LOC000005805780",
    "tech": "WIRELESS",
    "upgrade": "NULL_NA",
    "gnaf_pid": "GAQLD156027747",
    "ee": true,
    "tech_change_status": "Not Planned",
    "program_type": "Fixed Wireless and Satellite Upgrade Program",
    "target_eligibility_quarter": "NA"
   }
  },
  {
   "type": "Feature",
   "geometry": {
    "type": "Point",
    "coordinates": [
     151.97983328,
     -26.84005569
    ]
   },
   "properties": {
    "name": "9 TOOMEY STREET YARRAMAN 4614",
    "locID": "LOC000079390898",
    "tech": "WIRELESS",
    "upgrade": "NULL_NA",
    "gnaf_pid": "GAQLD156027748",
    "ee": true,
    "tech_change_status": "Not Planned",
    "program_type": "Fixed Wireless and Satellite Upgrade Program",
    "target_eligibility_quarter": "NA"
   }
  },
  {
   "type": "Feature",
   "geometry": {
    "type": "Point",
    "coordinates": [
     151.98406659,
     -26.84170529
    ]
   },
   "properties": {
    "name": "11 WATSON STREET YARRAMAN 4614",
    "locID": "LOC000074519709",
    "tech": "WIRELESS",
    "upgrade": "NULL_NA",
    "gnaf_pid": "GAQLD156027751",
    "ee": true,
    "tech_change_status": "Not Planned",
    "program_type": "Fixed Wireless and Satellite Upgrade Program",
    "target_eligibility_quarter": "NA"
   }
  },
  {
   "type": "Feature",
   "geometry": {
    "type": "Point",
    "coordinates": [
     151.97504462,
     -26.84289567
    ]
   },
   "properties": {
    "name": "1 ANN STREET YARRAMAN 4614",
    "locID": "LOC000017350030",
    "tech": "WIRELESS",
    "upgrade": "NULL_NA",
    "gnaf_pid": "GAQLD156027767",
    "ee": true,
    "tech_change_status": "Not Planned",
    "program_type": "Fixed Wireless and Satellite Upgrade Program",
    "target_eligibility_quarter": "NA"
   }
  },
  {
   "type": "Feature",
   "geometry": {
    "type": "Point",
    "coordinates": [
     151.97485608,
     -26.83909939
    ]
   },
   "properties": {
    "name": "26 WILLIAMS COURT YARRAMAN 4614",
    "locID": "LOC000070163566",
    "tech": "WIRELESS",
    "upgrade": "NULL_NA",
    "gnaf_pid": "GAQLD156027770",
    "ee": true,
    "tech_change_status": "Not Planned",
    "program_type": "Fixed Wireless and Satellite Upgrade Program",
    "target_eligibility_quarter": "NA"
   }
  },
  {
   "type": "Feature",
   "geometry": {
    "type": "Point",
    "coordinates": [
     151.97457349,
     -26.83853634
    ]
   },
   "properties": {
    "name": "27 WILLIAMS COURT YARRAMAN 4614",
    "locID": "LOC000065750598",
    "tech": "WIRELESS",
    "upgrade": "NULL_NA",
    "gnaf_pid": "GAQLD156027789",
    "ee": true,
    "tech_change_status": "Not Planned",
    "program_type": "Fixed Wireless and Satellite Upgrade Program",
    "target_eligibility_quarter": "NA"
   }
  },
  {
   "type": "Feature",
   "geometry": {
    "type": "Point",
    "coordinates": [
     151.97614858,
     -26.84332494
    ]
   },
   "properties": {
    "name": "12 ANN STREET YARRAMAN 4614",
    "locID": "LOC000095153677",
    "tech": "WIRELESS",
    "upgrade": "NULL_NA",
    "gnaf_pid": "GAQLD156029530",
    "ee": true,
    "tech_change_status": "Not Planned",
    "program_type": "Fixed Wireless and Satellite Upgrade Program",
    "target_eligibility_quarter": "NA"
   }
  },
  {
   "type": "Feature",
   "geometry": {
    "type": "Point",
    "coordinates": [
     151.97626803,
     -26.8434711
    ]
   },
   "properties": {
    "name": "14 ANN STREET YARRAMAN 4614",
    "locID": "LOC000041641188",
    "tech": "WIRELESS",
    "upgrade": "NULL_NA",
    "gnaf_pid": "GAQLD156029532",
    "ee": true,
    "tech_change_status": "Not Planned",
    "program_type": "Fixed Wireless and Satellite Upgrade Program",
    "target_eligibility_quarter": "NA"
   }
  },
  {
   "type": "Feature",
   "geometry": {
    "type": "Point",
    "coordinates": [
     151.9743248,
     -26.83871004
    ]
   },
   "properties": {
    "name": "29 WILLIAMS COURT YARRAMAN 4614",
    "locID": "LOC000069071853",
    "tech": "WIRELESS",
    "upgrade": "NULL_NA",
    "gnaf_pid": "GAQLD156029549",
    "ee": true,
    "tech_change_status": "Not Planned",
    "program_type": "Fixed Wireless and Satellite Upgrade Program",
    "target_eligibility_quarter": "NA"
   }
  },
  {
   "type": "Feature",
   "geometry": {
    "type": "Point",
    "coordinates": [
     151.9823404,
     -26.84096822
    ]
   },
   "properties": {
    "name": "15 BROWNE STREET YARRAMAN 4614",
    "locID": "LOC000082418375",
    "tech": "WIRELESS",
    "upgrade": "NULL_NA",
    "gnaf_pid": "GAQLD156070316",
    "ee": true,
    "tech_change_status": "Not Planned",
    "program_type": "Fixed Wireless and Satellite Upgrade Program",
    "target_eligibility_quarter": "NA"
   }
  },
  {
   "type": "Feature",
   "geometry": {
    "type": "Point",
    "coordinates": [
     151.97731213,
     -26.84312142
    ]
   },
   "properties": {
    "name": "37 MARGARET STREET YARRAMAN 4614",
    "locID": "LOC000097289288",
    "tech": "WIRELESS",
    "upgrade": "NULL_NA",
    "gnaf_pid": "GAQLD156071113",
    "ee": true,
    "tech_change_status": "Not Planned",
    "program_type": "Fixed Wireless and Satellite Upgrade Program",
    "target_eligibility_quarter": "NA"
   }
  },
  {
   "type": "Feature",
   "geometry": {
    "type": "Point",
    "coordinates": [
     151.97648404,
     -26.84312354
    ]
   },
   "properties": {
    "name": "11 JANE STREET YARRAMAN 4614",
    "locID": "LOC000006832252",
    "tech": "WIRELESS",
    "upgrade": "NULL_NA",
    "gnaf_pid": "GAQLD156079506",
    "ee": true,
    "tech_change_status": "Not Planned",
    "program_type": "Fixed Wireless and Satellite Upgrade Program",
    "target_eligibility_quarter": "NA"
   }
  },
  {
   "type": "Feature",
   "geometry": {
    "type": "Point",
    "coordinates": [
     151.97819889,
     -26.84041205
    ]
   },
   "properties": {
    "name": "15 JOHN STREET YARRAMAN 4614",
    "locID": "LOC000106922690",
    "tech": "WIRELESS",
    "upgrade": "NULL_NA",
    "gnaf_pid": "GAQLD156079507",
    "ee": true,
    "tech_change_status": "Not Planned",
    "program_type": "Fixed Wireless and Satellite Upgrade Program",
    "target_eligibility_quarter": "NA"
   }
  },
  {
   "type": "Feature",
   "geometry": {
    "type": "Point",
    "coordinates": [
     151.9824245,
     -26.84185803
    ]
   },
   "properties": {
    "name": "24 TOOMEY STREET YARRAMAN 4614",
    "locID": "LOC000022497366",
    "tech": "WIRELESS",
    "upgrade": "NULL_NA",
    "gnaf_pid": "GAQLD156099640",
    "ee": true,
    "tech_change_status": "Not Planned",
    "program_type": "Fixed Wireless and Satellite Upgrade Program",
    "target_eligibility_quarter": "NA"
   }
  },
  {
   "type": "Feature",
   "geometry": {
    "type": "Point",
    "coordinates": [
     151.97782301,
     -26.83937858
    ]
   },
   "properties": {
    "name": "9 BUDGEN STREET YARRAMAN 4614",
    "locID": "LOC000093517206",
    "tech": "WIRELESS",
    "upgrade": "NULL_NA",
    "gnaf_pid": "GAQLD156099699",
    "ee": true,
    "tech_change_status": "Not Planned",
    "program_type": "Fixed Wireless and Satellite Upgrade Program",
    "target_eligibility_quarter": "NA"
   }
  },
  {
   "type": "Feature",
   "geometry": {
    "type": "Point",
    "coordinates": [
     151.98174968,
     -26.83937448
    ]
   },
   "properties": {
    "name": "14 DAVIES STREET YARRAMAN 4614",
    "locID": "LOC000015821024",
    "tech": "WIRELESS",
    "upgrade": "NULL_NA",
    "gnaf_pid": "GAQLD157320298",
    "ee": true,
    "tech_change_status": "Not Planned",
    "program_type": "Fixed Wireless and Satellite Upgrade Program",
    "target_eligibility_quarter": "NA"
   }
  },
  {
   "type": "Feature",
   "geometry": {
    "type": "Point",
    "coordinates": [
     151.98155013,
     -26.8393644
    ]
   },
   "properties": {
    "name": "16 DAVIES STREET YARRAMAN 4614",
    "locID": "LOC000053520435",
    "tech": "WIRELESS",
    "upgrade": "NULL_NA",
    "gnaf_pid": "GAQLD157320299",
    "ee": true,
    "tech_change_status": "Not Planned",
    "program_type": "Fixed Wireless and Satellite Upgrade Program",
    "target_eligibility_quarter": "NA"
   }
  },
  {
   "type": "Feature",
   "geometry": {
    "type": "Point",
    "coordinates": [
     151.98134703,
     -26.83937656
    ]
   },
   "properties": {
    "name": "18 DAVIES STREET YARRAMAN 4614",
    "locID": "LOC000088218054",
    "tech": "WIRELESS",
    "upgrade": "NULL_NA",
    "gnaf_pid": "GAQLD157320300",
    "ee": true,
    "tech_change_status": "Not Planned",
    "program_type": "Fixed Wireless and Satellite Upgrade Program",
    "target_eligibility_quarter": "NA"
   }
  },
  {
   "type": "Feature",
   "geometry": {
    "type": "Point",
    "coordinates": [
     151.98295756,
     -26.83935612
    ]
   },
   "properties": {
    "name": "2 DAVIES STREET YARRAMAN 4614",
    "locID": "LOC000016647372",
    "tech": "WIRELESS",
    "upgrade": "NULL_NA",
    "gnaf_pid": "GAQLD157320301",
    "ee": true,
    "tech_change_status": "Not Planned",
    "program_type": "Fixed Wireless and Satellite Upgrade Program",
    "target_eligibility_quarter": "NA"
   }
  },
  {
   "type": "Feature",
   "geometry": {
    "type": "Point",
    "coordinates": [
     151.98801073,
     -26.84057596
    ]
   },
   "properties": {
    "name": "8 MILLAR STREET YARRAMAN 4614",
    "locID": "LOC000068484328",
    "tech": "WIRELESS",
    "upgrade": "NULL_NA",
    "gnaf_pid": "GAQLD157320643",
    "ee": true,
    "tech_change_status": "Not Planned",
    "program_type": "Fixed Wireless and Satellite Upgrade Program",
    "target_eligibility_quarter": "NA"
   }
  },
  {
   "type": "Feature",
   "geometry": {
    "type": "Point",
    "coordinates": [
     151.98602067,
     -26.84523684
    ]
   },
   "properties": {
    "name": "1 PARK DRIVE YARRAMAN 4614",
    "locID": "LOC000036681010",
    "tech": "WIRELESS",
    "upgrade": "NULL_NA",
    "gnaf_pid": "GAQLD157320648",
    "ee": true,
    "tech_change_status": "Not Planned",
    "program_type": "Fixed Wireless and Satellite Upgrade Program",
    "target_eligibility_quarter": "NA"
   }
  },
  {
   "type": "Feature",
   "geometry": {
    "type": "Point",
    "coordinates": [
     151.98030752,
     -26.84284291
    ]
   },
   "properties": {
    "name": "42 BARR SMITH STREET YARRAMAN 4614",
    "locID": "LOC000103063629",
    "tech": "WIRELESS",
    "upgrade": "NULL_NA",
    "gnaf_pid": "GAQLD157320900",
    "ee": true,
    "tech_change_status": "Not Planned",
    "program_type": "Fixed Wireless and Satellite Upgrade Program",
    "target_eligibility_quarter": "NA"
   }
  },
  {
   "type": "Feature",
   "geometry": {
    "type": "Point",
    "coordinates": [
     151.98008984,
     -26.84281191
    ]
   },
   "properties": {
    "name": "44 BARR SMITH STREET YARRAMAN 4614",
    "locID": "LOC000019966632",
    "tech": "WIRELESS",
    "upgrade": "NULL_NA",
    "gnaf_pid": "GAQLD157320901",
    "ee": true,
    "tech_change_status": "Not Planned",
    "program_type": "Fixed Wireless and Satellite Upgrade Program",
    "target_eligibility_quarter": "NA"
   }
  },
  {
   "type": "Feature",
   "geometry": {
    "type": "Point",
    "coordinates": [
     151.98396829,
     -26.84204394
    ]
   },
   "properties": {
    "name": "45 BARR SMITH STREET YARRAMAN 4614",
    "locID": "LOC000064801851",
    "tech": "WIRELESS",
    "upgrade": "NULL_NA",
    "gnaf_pid": "GAQLD157320902",
    "ee": true,
    "tech_change_status": "Not Planned",
    "program_type": "Fixed Wireless and Satellite Upgrade Program",
    "target_eligibility_quarter": "NA"
   }
  },
  {
   "type": "Feature",
   "geometry": {
    "type": "Point",
    "coordinates": [
     151.98356336,
     -26.8420463
    ]
   },
   "properties": {
    "name": "49 BARR SMITH STREET YARRAMAN 4614",
    "locID": "LOC000093181954",
    "tech": "WIRELESS",
    "upgrade": "NULL_NA",
    "gnaf_pid": "GAQLD157320903",
    "ee": true,
    "tech_change_status": "Not Planned",
    "program_type": "Fixed Wireless and Satellite Upgrade Program",
    "target_eligibility_quarter": "NA"
   }
  },
  {
   "type": "Feature",
   "geometry": {
    "type": "Point",
    "coordinates": [
     151.98336186,
     -26.84204753
    ]
   },
   "properties": {
    "name": "51 BARR SMITH STREET YARRAMAN 4614",
    "locID": "LOC000089700808",
    "tech": "WIRELESS",
    "upgrade": "NULL_NA",
    "gnaf_pid": "GAQLD157320904",
    "ee": true,
    "tech_change_status": "Not Planned",
    "program_type": "Fixed Wireless and Satellite Upgrade Program",
    "target_eligibility_quarter": "NA"
   }
  },
  {
   "type": "Feature",
   "geometry": {
    "type": "Point",
    "coordinates": [
     151.98119,
     -26.84214079
    ]
   },
   "properties": {
    "name": "61 BARR SMITH STREET YARRAMAN 4614",
    "locID": "LOC000063232403",
    "tech": "WIRELESS",
    "upgrade": "NULL_NA",
    "gnaf_pid": "GAQLD157320906",
    "ee": true,
    "tech_change_status": "Not Planned",
    "program_type": "Fixed Wireless and Satellite Upgrade Program",
    "target_eligibility_quarter": "NA"
   }
  },
  {
   "type": "Feature",
   "geometry": {
    "type": "Point",
    "coordinates": [
     151.98080444,
     -26.84212112
    ]
   },
   "properties": {
    "name": "63 BARR SMITH STREET YARRAMAN 4614",
    "locID": "LOC000099375595",
    "tech": "WIRELESS",
    "upgrade": "NULL_NA",
    "gnaf_pid": "GAQLD157320907",
    "ee": true,
    "tech_change_status": "Not Planned",
    "program_type": "Fixed Wireless and Satellite Upgrade Program",
    "target_eligibility_quarter": "NA"
   }
  },
  {
   "type": "Feature",
   "geometry": {
    "type": "Point",
    "coordinates": [
     151.98071349,
     -26.84211606
    ]
   },
   "properties": {
    "name": "65 BARR SMITH STREET YARRAMAN 4614",
    "locID": "LOC000056693530",
    "tech": "WIRELESS",
    "upgrade": "NULL_NA",
    "gnaf_pid": "GAQLD157320908",
    "ee": true,
    "tech_change_status": "Not Planned",
    "program_type": "Fixed Wireless and Satellite Upgrade Program",
    "target_eligibility_quarter": "NA"
   }
  },
  {
   "type": "Feature",
   "geometry": {
    "type": "Point",
    "coordinates": [
     151.98816715,
     -26.84101103
    ]
   },
   "properties": {
    "name": "9 BARR SMITH STREET YARRAMAN 4614",
    "locID": "LOC000064496991",
    "tech": "WIRELESS",
    "upgrade": "NULL_NA",
    "gnaf_pid": "GAQLD157320910",
    "ee": true,
    "tech_change_status": "Not Planned",
    "program_type": "Fixed Wireless and Satellite Upgrade Program",
    "target_eligibility_quarter": "NA"
   }
  },
  {
   "type": "Feature",
   "geometry": {
    "type": "Point",
    "coordinates": [
     151.98385203,
     -26.84107747
    ]
   },
   "properties": {
    "name": "1 BROWNE STREET YARRAMAN 4614",
    "locID": "LOC000105187615",
    "tech": "WIRELESS",
    "upgrade": "NULL_NA",
    "gnaf_pid": "GAQLD157320911",
    "ee": true,
    "tech_change_status": "Not Planned",
    "program_type": "Fixed Wireless and Satellite Upgrade Program",
    "target_eligibility_quarter": "NA"
   }
  },
  {
   "type": "Feature",
   "geometry": {
    "type": "Point",
    "coordinates": [
     151.98193664,
     -26.84097087
    ]
   },
   "properties": {
    "name": "19 BROWNE STREET YARRAMAN 4614",
    "locID": "LOC000031631399",
    "tech": "WIRELESS",
    "upgrade": "NULL_NA",
    "gnaf_pid": "GAQLD157320924",
    "ee": true,
    "tech_change_status": "Not Planned",
    "program_type": "Fixed Wireless and Satellite Upgrade Program",
    "target_eligibility_quarter": "NA"
   }
  },
  {
   "type": "Feature",
   "geometry": {
    "type": "Point",
    "coordinates": [
     151.98402434,
     -26.8414811
    ]
   },
   "properties": {
    "name": "2 BROWNE STREET YARRAMAN 4614",
    "locID": "LOC000031532851",
    "tech": "WIRELESS",
    "upgrade": "NULL_NA",
    "gnaf_pid": "GAQLD157320925",
    "ee": true,
    "tech_change_status": "Not Planned",
    "program_type": "Fixed Wireless and Satellite Upgrade Program",
    "target_eligibility_quarter": "NA"
   }
  },
  {
   "type": "Feature",
   "geometry": {
    "type": "Point",
    "coordinates": [
     151.98202918,
     -26.84155592
    ]
   },
   "properties": {
    "name": "22 BROWNE STREET YARRAMAN 4614",
    "locID": "LOC000030720649",
    "tech": "WIRELESS",
    "upgrade": "NULL_NA",
    "gnaf_pid": "GAQLD157320928",
    "ee": true,
    "tech_change_status": "Not Planned",
    "program_type": "Fixed Wireless and Satellite Upgrade Program",
    "target_eligibility_quarter": "NA"
   }
  },
  {
   "type": "Feature",
   "geometry": {
    "type": "Point",
    "coordinates": [
     151.98093387,
     -26.8393717
    ]
   },
   "properties": {
    "name": "22 DAVIES STREET YARRAMAN 4614",
    "locID": "LOC000105294287",
    "tech": "WIRELESS",
    "upgrade": "NULL_NA",
    "gnaf_pid": "GAQLD157327327",
    "ee": true,
    "tech_change_status": "Not Planned",
    "program_type": "Fixed Wireless and Satellite Upgrade Program",
    "target_eligibility_quarter": "NA"
   }
  },
  {
   "type": "Feature",
   "geometry": {
    "type": "Point",
    "coordinates": [
     151.98073225,
     -26.83936935
    ]
   },
   "properties": {
    "name": "24 DAVIES STREET YARRAMAN 4614",
    "locID": "LOC000100715506",
    "tech": "WIRELESS",
    "upgrade": "NULL_NA",
    "gnaf_pid": "GAQLD157327328",
    "ee": true,
    "tech_change_status": "Not Planned",
    "program_type": "Fixed Wireless and Satellite Upgrade Program",
    "target_eligibility_quarter": "NA"
   }
  },
  {
   "type": "Feature",
   "geometry": {
    "type": "Point",
    "coordinates": [
     151.97676263,
     -26.84246983
    ]
   },
   "properties": {
    "name": "2 JANE STREET YARRAMAN 4614",
    "locID": "LOC000062877672",
    "tech": "WIRELESS",
    "upgrade": "NULL_NA",
    "gnaf_pid": "GAQLD157327438",
    "ee": true,
    "tech_change_status": "Not Planned",
    "program_type": "Fixed Wireless and Satellite Upgrade Program",
    "target_eligibility_quarter": "NA"
   }
  },
  {
   "type": "Feature",
   "geometry": {
    "type": "Point",
    "coordinates": [
     151.97600742,
     -26.84253988
    ]
   },
   "properties": {
    "name": "3 JANE STREET YARRAMAN 4614",
    "locID": "LOC000040983442",
    "tech": "WIRELESS",
    "upgrade": "NULL_NA",
    "gnaf_pid": "GAQLD157327439",
    "ee": true,
    "tech_change_status": "Not Planned",
    "program_type": "Fixed Wireless and Satellite Upgrade Program",
    "target_eligibility_quarter": "NA"
   }
  },
  {
   "type": "Feature",
   "geometry": {
    "type": "Point",
    "coordinates": [
     151.97624572,
     -26.84283172
    ]
   },
   "properties": {
    "name": "7 JANE STREET YARRAMAN 4614",
    "locID": "LOC000081842715",
    "tech": "WIRELESS",
    "upgrade": "NULL_NA",
    "gnaf_pid": "GAQLD157327441",
    "ee": true,
    "tech_change_status": "Not Planned",
    "program_type": "Fixed Wireless and Satellite Upgrade Program",
    "target_eligibility_quarter": "NA"
   }
  },
  {
   "type": "Feature",
   "geometry": {
    "type": "Point",
    "coordinates": [
     151.97891165,
     -26.84070888
    ]
   },
   "properties": {
    "name": "10 JOHN STREET YARRAMAN 4614",
    "locID": "LOC000042827925",
    "tech": "WIRELESS",
    "upgrade": "NULL_NA",
    "gnaf_pid": "GAQLD157327442",
    "ee": true,
    "tech_change_status": "Not Planned",
    "program_type": "Fixed Wireless and Satellite Upgrade Program",
    "target_eligibility_quarter": "NA"
   }
  },
  {
   "type": "Feature",
   "geometry": {
    "type": "Point",
    "coordinates": [
     151.97855196,
     -26.84092236
    ]
   },
   "properties": {
    "name": "14 JOHN STREET YARRAMAN 4614",
    "locID": "LOC000022688288",
    "tech": "WIRELESS",
    "upgrade": "NULL_NA",
    "gnaf_pid": "GAQLD157327443",
    "ee": true,
    "tech_change_status": "Not Planned",
    "program_type": "Fixed Wireless and Satellite Upgrade Program",
    "target_eligibility_quarter": "NA"
   }
  },
  {
   "type": "Feature",
   "geometry": {
    "type": "Point",
    "coordinates": [
     151.98334972,
     -26.84096152
    ]
   },
   "properties": {
    "name": "5 BROWNE STREET YARRAMAN 4614",
    "locID": "LOC000050626135",
    "tech": "WIRELESS",
    "upgrade": "NULL_NA",
    "gnaf_pid": "GAQLD157327907",
    "ee": true,
    "tech_change_status": "Not Planned",
    "program_type": "Fixed Wireless and Satellite Upgrade Program",
    "target_eligibility_quarter": "NA"
   }
  },
  {
   "type": "Feature",
   "geometry": {
    "type": "Point",
    "coordinates": [
     151.98355902,
     -26.84159154
    ]
   },
   "properties": {
    "name": "6 BROWNE STREET YARRAMAN 4614",
    "locID": "LOC000041623009",
    "tech": "WIRELESS",
    "upgrade": "NULL_NA",
    "gnaf_pid": "GAQLD157327908",
    "ee": true,
    "tech_change_status": "Not Planned",
    "program_type": "Fixed Wireless and Satellite Upgrade Program",
    "target_eligibility_quarter": "NA"
   }
  },
  {
   "type": "Feature",
   "geometry": {
    "type": "Point",
    "coordinates": [
     151.9831479,
     -26.84096285
    ]
   },
   "properties": {
    "name": "7 BROWNE STREET YARRAMAN 4614",
    "locID": "LOC000016565251",
    "tech": "WIRELESS",
    "upgrade": "NULL_NA",
    "gnaf_pid": "GAQLD157327909",
    "ee": true,
    "tech_change_status": "Not Planned",
    "program_type": "Fixed Wireless and Satellite Upgrade Program",
    "target_eligibility_quarter": "NA"
   }
  },
  {
   "type": "Feature",
   "geometry": {
    "type": "Point",
    "coordinates": [
     151.98335753,
     -26.8415933
    ]
   },
   "properties": {
    "name": "8 BROWNE STREET YARRAMAN 4614",
    "locID": "LOC000056419170",
    "tech": "WIRELESS",
    "upgrade": "NULL_NA",
    "gnaf_pid": "GAQLD157327910",
    "ee": true,
    "tech_change_status": "Not Planned",
    "program_type": "Fixed Wireless and Satellite Upgrade Program",
    "target_eligibility_quarter": "NA"
   }
  },
  {
   "type": "Feature",
   "geometry": {
    "type": "Point",
    "coordinates": [
     151.98294603,
     -26.84096419
    ]
   },
   "properties": {
    "name": "9 BROWNE STREET YARRAMAN 4614",
    "locID": "LOC000032638889",
    "tech": "WIRELESS",
    "upgrade": "NULL_NA",
    "gnaf_pid": "GAQLD157327911",
    "ee": true,
    "tech_change_status": "Not Planned",
    "program_type": "Fixed Wireless and Satellite Upgrade Program",
    "target_eligibility_quarter": "NA"
   }
  },
  {
   "type": "Feature",
   "geometry": {
    "type": "Point",
    "coordinates": [
     151.9776975,
     -26.84003007
    ]
   },
   "properties": {
    "name": "21 MCDOUGALL STREET YARRAMAN 4614",
    "locID": "LOC000105371430",
    "tech": "WIRELESS",
    "upgrade": "NULL_NA",
    "gnaf_pid": "GAQLD157330452",
    "ee": true,
    "tech_change_status": "Not Planned",
    "program_type": "Fixed Wireless and Satellite Upgrade Program",
    "target_eligibility_quarter": "NA"
   }
  },
  {
   "type": "Feature",
   "geometry": {
    "type": "Point",
    "coordinates": [
     151.97784957,
     -26.84019527
    ]
   },
   "properties": {
    "name": "23 MCDOUGALL STREET YARRAMAN 4614",
    "locID": "LOC000102765114",
    "tech": "WIRELESS",
    "upgrade": "NULL_NA",
    "gnaf_pid": "GAQLD157330453",
    "ee": true,
    "tech_change_status": "Not Planned",
    "program_type": "Fixed Wireless and Satellite Upgrade Program",
    "target_eligibility_quarter": "NA"
   }
  },
  {
   "type": "Feature",
   "geometry": {
    "type": "Point",
    "coordinates": [
     151.97659566,
     -26.83868789
    ]
   },
   "properties": {
    "name": "3 MCDOUGALL STREET YARRAMAN 4614",
    "locID": "LOC000083833145",
    "tech": "WIRELESS",
    "upgrade": "NULL_NA",
    "gnaf_pid": "GAQLD157330454",
    "ee": true,
    "tech_change_status": "Not Planned",
    "program_type": "Fixed Wireless and Satellite Upgrade Program",
    "target_eligibility_quarter": "NA"
   }
  },
  {
   "type": "Feature",
   "geometry": {
    "type": "Point",
    "coordinates": [
     151.9772514,
     -26.83851016
    ]
   },
   "properties": {
    "name": "4 MCDOUGALL STREET YARRAMAN 4614",
    "locID": "LOC000028167760",
    "tech": "WIRELESS",
    "upgrade": "NULL_NA",
    "gnaf_pid": "GAQLD157330455",
    "ee": true,
    "tech_change_status": "Not Planned",
    "program_type": "Fixed Wireless and Satellite Upgrade Program",
    "target_eligibility_quarter": "NA"
   }
  },
  {
   "type": "Feature",
   "geometry": {
    "type": "Point",
    "coordinates": [
     151.97670703,
     -26.83884415
    ]
   },
   "properties": {
    "name": "5 MCDOUGALL STREET YARRAMAN 4614",
    "locID": "LOC000093917373",
    "tech": "WIRELESS",
    "upgrade": "NULL_NA",
    "gnaf_pid": "GAQLD157330456",
    "ee": true,
    "tech_change_status": "Not Planned",
    "program_type": "Fixed Wireless and Satellite Upgrade Program",
    "target_eligibility_quarter": "NA"
   }
  },
  {
   "type": "Feature",
   "geometry": {
    "type": "Point",
    "coordinates": [
     151.9773706,
     -26.83865625
    ]
   },
   "properties": {
    "name": "6 MCDOUGALL STREET YARRAMAN 4614",
    "locID": "LOC000081980095",
    "tech": "WIRELESS",
    "upgrade": "NULL_NA",
    "gnaf_pid": "GAQLD157330457",
    "ee": true,
    "tech_change_status": "Not Planned",
    "program_type": "Fixed Wireless and Satellite Upgrade Program",
    "target_eligibility_quarter": "NA"
   }
  },
  {
   "type": "Feature",
   "geometry": {
    "type": "Point",
    "coordinates": [
     151.9768347,
     -26.83897925
    ]
   },
   "properties": {
    "name": "7 MCDOUGALL STREET YARRAMAN 4614",
    "locID": "LOC000106864118",
    "tech": "WIRELESS",
    "upgrade": "NULL_NA",
    "gnaf_pid": "GAQLD157330458",
    "ee": true,
    "tech_change_status": "Not Planned",
    "program_type": "Fixed Wireless and Satellite Upgrade Program",
    "target_eligibility_quarter": "NA"
   }
  },
  {
   "type": "Feature",
   "geometry": {
    "type": "Point",
    "coordinates": [
     151.98941898,
     -26.85289302
    ]
   },
   "properties": {
    "name": "LOT 1 DESLEY COURT YARRAMAN 4614",
    "locID": "LOC000071132978",
    "tech": "WIRELESS",
    "upgrade": "NULL_NA",
    "gnaf_pid": "GAQLD157330967",
    "ee": true,
    "tech_change_status": "Not Planned",
    "program_type": "Fixed Wireless and Satellite Upgrade Program",
    "target_eligibility_quarter": "NA"
   }
  },
  {
   "type": "Feature",
   "geometry": {
    "type": "Point",
    "coordinates": [
     151.98865837,
     -26.85270333
    ]
   },
   "properties": {
    "name": "10 DESLEY COURT YARRAMAN 4614",
    "locID": "LOC000070200535",
    "tech": "WIRELESS",
    "upgrade": "NULL_NA",
    "gnaf_pid": "GAQLD157330968",
    "ee": true,
    "tech_change_status": "Not Planned",
    "program_type": "Fixed Wireless and Satellite Upgrade Program",
    "target_eligibility_quarter": "NA"
   }
  },
  {
   "type": "Feature",
   "geometry": {
    "type": "Point",
    "coordinates": [
     151.99010883,
     -26.85277078
    ]
   },
   "properties": {
    "name": "5 DESLEY COURT YARRAMAN 4614",
    "locID": "LOC000059948463",
    "tech": "WIRELESS",
    "upgrade": "NULL_NA",
    "gnaf_pid": "GAQLD157330970",
    "ee": true,
    "tech_change_status": "Not Planned",
    "program_type": "Fixed Wireless and Satellite Upgrade Program",
    "target_eligibility_quarter": "NA"
   }
  },
  {
   "type": "Feature",
   "geometry": {
    "type": "Point",
    "coordinates": [
     151.98935544,
     -26.85351776
    ]
   },
   "properties": {
    "name": "6 DESLEY COURT YARRAMAN 4614",
    "locID": "LOC000091300059",
    "tech": "WIRELESS",
    "upgrade": "NULL_NA",
    "gnaf_pid": "GAQLD157330971",
    "ee": true,
    "tech_change_status": "Not Planned",
    "program_type": "Fixed Wireless and Satellite Upgrade Program",
    "target_eligibility_quarter": "NA"
   }
  },
  {
   "type": "Feature",
   "geometry": {
    "type": "Point",
    "coordinates": [
     151.9898145,
     -26.85238789
    ]
   },
   "properties": {
    "name": "7 DESLEY COURT YARRAMAN 4614",
    "locID": "LOC000055330075",
    "tech": "WIRELESS",
    "upgrade": "NULL_NA",
    "gnaf_pid": "GAQLD157330972",
    "ee": true,
    "tech_change_status": "Not Planned",
    "program_type": "Fixed Wireless and Satellite Upgrade Program",
    "target_eligibility_quarter": "NA"
   }
  },
  {
   "type": "Feature",
   "geometry": {
    "type": "Point",
    "coordinates": [
     151.99309415,
     -26.84550644
    ]
   },
   "properties": {
    "name": "11 DIOTH STREET YARRAMAN 4614",
    "locID": "LOC000095586379",
    "tech": "WIRELESS",
    "upgrade": "NULL_NA",
    "gnaf_pid": "GAQLD157330976",
    "ee": true,
    "tech_change_status": "Not Planned",
    "program_type": "Fixed Wireless and Satellite Upgrade Program",
    "target_eligibility_quarter": "NA"
   }
  },
  {
   "type": "Feature",
   "geometry": {
    "type": "Point",
    "coordinates": [
     151.99178772,
     -26.84736865
    ]
   },
   "properties": {
    "name": "12 DIOTH STREET YARRAMAN 4614",
    "locID": "LOC000033315454",
    "tech": "WIRELESS",
    "upgrade": "NULL_NA",
    "gnaf_pid": "GAQLD157330977",
    "ee": true,
    "tech_change_status": "Not Planned",
    "program_type": "Fixed Wireless and Satellite Upgrade Program",
    "target_eligibility_quarter": "NA"
   }
  },
  {
   "type": "Feature",
   "geometry": {
    "type": "Point",
    "coordinates": [
     151.99277063,
     -26.84493121
    ]
   },
   "properties": {
    "name": "13 DIOTH STREET YARRAMAN 4614",
    "locID": "LOC000097224752",
    "tech": "WIRELESS",
    "upgrade": "NULL_NA",
    "gnaf_pid": "GAQLD157330978",
    "ee": true,
    "tech_change_status": "Not Planned",
    "program_type": "Fixed Wireless and Satellite Upgrade Program",
    "target_eligibility_quarter": "NA"
   }
  },
  {
   "type": "Feature",
   "geometry": {
    "type": "Point",
    "coordinates": [
     151.99140494,
     -26.84521122
    ]
   },
   "properties": {
    "name": "15 DIOTH STREET YARRAMAN 4614",
    "locID": "LOC000025831979",
    "tech": "WIRELESS",
    "upgrade": "NULL_NA",
    "gnaf_pid": "GAQLD157330980",
    "ee": true,
    "tech_change_status": "Not Planned",
    "program_type": "Fixed Wireless and Satellite Upgrade Program",
    "target_eligibility_quarter": "NA"
   }
  },
  {
   "type": "Feature",
   "geometry": {
    "type": "Point",
    "coordinates": [
     151.99005188,
     -26.84481859
    ]
   },
   "properties": {
    "name": "19 DIOTH STREET YARRAMAN 4614",
    "locID": "LOC000087206542",
    "tech": "WIRELESS",
    "upgrade": "NULL_NA",
    "gnaf_pid": "GAQLD157330983",
    "ee": true,
    "tech_change_status": "Not Planned",
    "program_type": "Fixed Wireless and Satellite Upgrade Program",
    "target_eligibility_quarter": "NA"
   }
  },
  {
   "type": "Feature",
   "geometry": {
    "type": "Point",
    "coordinates": [
     151.97602691,
     -26.83812215
    ]
   },
   "properties": {
    "name": "17 LISTER STREET YARRAMAN 4614",
    "locID": "LOC000012567549",
    "tech": "WIRELESS",
    "upgrade": "NULL_NA",
    "gnaf_pid": "GAQLD157331222",
    "ee": true,
    "tech_change_status": "Not Planned",
    "program_type": "Fixed Wireless and Satellite Upgrade Program",
    "target_eligibility_quarter": "NA"
   }
  },
  {
   "type": "Feature",
   "geometry": {
    "type": "Point",
    "coordinates": [
     151.97565891,
     -26.83882541
    ]
   },
   "properties": {
    "name": "18 LISTER STREET YARRAMAN 4614",
    "locID": "LOC000027455655",
    "tech": "WIRELESS",
    "upgrade": "NULL_NA",
    "gnaf_pid": "GAQLD157331223",
    "ee": true,
    "tech_change_status": "Not Planned",
    "program_type": "Fixed Wireless and Satellite Upgrade Program",
    "target_eligibility_quarter": "NA"
   }
  },
  {
   "type": "Feature",
   "geometry": {
    "type": "Point",
    "coordinates": [
     151.97583546,
     -26.83817118
    ]
   },
   "properties": {
    "name": "19 LISTER STREET YARRAMAN 4614",
    "locID": "LOC000082425700",
    "tech": "WIRELESS",
    "upgrade": "NULL_NA",
    "gnaf_pid": "GAQLD157331224",
    "ee": true,
    "tech_change_status": "Not Planned",
    "program_type": "Fixed Wireless and Satellite Upgrade Program",
    "target_eligibility_quarter": "NA"
   }
  },
  {
   "type": "Feature",
   "geometry": {
    "type": "Point",
    "coordinates": [
     151.97564198,
     -26.83823125
    ]
   },
   "properties": {
    "name": "21 LISTER STREET YARRAMAN 4614",
    "locID": "LOC000016573445",
    "tech": "WIRELESS",
    "upgrade": "NULL_NA",
    "gnaf_pid": "GAQLD157331226",
    "ee": true,
    "tech_change_status": "Not Planned",
    "program_type": "Fixed Wireless and Satellite Upgrade Program",
    "target_eligibility_quarter": "NA"
   }
  },
  {
   "type": "Feature",
   "geometry": {
    "type": "Point",
    "coordinates": [
     151.9774139,
     -26.837432
    ]
   },
   "properties": {
    "name": "3 LISTER STREET YARRAMAN 4614",
    "locID": "LOC000066029969",
    "tech": "WIRELESS",
    "upgrade": "NULL_NA",
    "gnaf_pid": "GAQLD157331227",
    "ee": true,
    "tech_change_status": "Not Planned",
    "program_type": "Fixed Wireless and Satellite Upgrade Program",
    "target_eligibility_quarter": "NA"
   }
  },
  {
   "type": "Feature",
   "geometry": {
    "type": "Point",
    "coordinates": [
     151.97734417,
     -26.83813886
    ]
   },
   "properties": {
    "name": "4 LISTER STREET YARRAMAN 4614",
    "locID": "LOC000044696184",
    "tech": "WIRELESS",
    "upgrade": "NULL_NA",
    "gnaf_pid": "GAQLD157331228",
    "ee": true,
    "tech_change_status": "Not Planned",
    "program_type": "Fixed Wireless and Satellite Upgrade Program",
    "target_eligibility_quarter": "NA"
   }
  },
  {
   "type": "Feature",
   "geometry": {
    "type": "Point",
    "coordinates": [
     151.97714549,
     -26.83762558
    ]
   },
   "properties": {
    "name": "5 LISTER STREET YARRAMAN 4614",
    "locID": "LOC000015762480",
    "tech": "WIRELESS",
    "upgrade": "NULL_NA",
    "gnaf_pid": "GAQLD157331229",
    "ee": true,
    "tech_change_status": "Not Planned",
    "program_type": "Fixed Wireless and Satellite Upgrade Program",
    "target_eligibility_quarter": "NA"
   }
  },
  {
   "type": "Feature",
   "geometry": {
    "type": "Point",
    "coordinates": [
     151.97677617,
     -26.83784109
    ]
   },
   "properties": {
    "name": "9 LISTER STREET YARRAMAN 4614",
    "locID": "LOC000006607730",
    "tech": "WIRELESS",
    "upgrade": "NULL_NA",
    "gnaf_pid": "GAQLD157331232",
    "ee": true,
    "tech_change_status": "Not Planned",
    "program_type": "Fixed Wireless and Satellite Upgrade Program",
    "target_eligibility_quarter": "NA"
   }
  },
  {
   "type": "Feature",
   "geometry": {
    "type": "Point",
    "coordinates": [
     151.97901396,
     -26.84354378
    ]
   },
   "properties": {
    "name": "LOT 1 MARGARET STREET YARRAMAN 4614",
    "locID": "LOC000042864398",
    "tech": "WIRELESS",
    "upgrade": "NULL_NA",
    "gnaf_pid": "GAQLD157331233",
    "ee": true,
    "tech_change_status": "Not Planned",
    "program_type": "Fixed Wireless and Satellite Upgrade Program",
    "target_eligibility_quarter": "NA"
   }
  },
  {
   "type": "Feature",
   "geometry": {
    "type": "Point",
    "coordinates": [
     151.97819155,
     -26.83916197
    ]
   },
   "properties": {
    "name": "5 BUDGEN STREET YARRAMAN 4614",
    "locID": "LOC000093517206",
    "tech": "WIRELESS",
    "upgrade": "NULL_NA",
    "gnaf_pid": "GAQLD157334879",
    "ee": true,
    "tech_change_status": "Not Planned",
    "program_type": "Fixed Wireless and Satellite Upgrade Program",
    "target_eligibility_quarter": "NA"
   }
  },
  {
   "type": "Feature",
   "geometry": {
    "type": "Point",
    "coordinates": [
     151.9780044,
     -26.8392699
    ]
   },
   "properties": {
    "name": "7 BUDGEN STREET YARRAMAN 4614",
    "locID": "LOC000018322578",
    "tech": "WIRELESS",
    "upgrade": "NULL_NA",
    "gnaf_pid": "GAQLD157334880",
    "ee": true,
    "tech_change_status": "Not Planned",
    "program_type": "Fixed Wireless and Satellite Upgrade Program",
    "target_eligibility_quarter": "NA"
   }
  },
  {
   "type": "Feature",
   "geometry": {
    "type": "Point",
    "coordinates": [
     151.98417176,
     -26.8460544
    ]
   },
   "properties": {
    "name": "1 BUNYA DRIVE YARRAMAN 4614",
    "locID": "LOC000004038220",
    "tech": "WIRELESS",
    "upgrade": "NULL_NA",
    "gnaf_pid": "GAQLD157334882",
    "ee": true,
    "tech_change_status": "Not Planned",
    "program_type": "Fixed Wireless and Satellite Upgrade Program",
    "target_eligibility_quarter": "NA"
   }
  },
  {
   "type": "Feature",
   "geometry": {
    "type": "Point",
    "coordinates": [
     151.9832267,
     -26.84445908
    ]
   },
   "properties": {
    "name": "20 BUNYA DRIVE YARRAMAN 4614",
    "locID": "LOC000096413372",
    "tech": "WIRELESS",
    "upgrade": "NULL_NA",
    "gnaf_pid": "GAQLD157334887",
    "ee": true,
    "tech_change_status": "Not Planned",
    "program_type": "Fixed Wireless and Satellite Upgrade Program",
    "target_eligibility_quarter": "NA"
   }
  },
  {
   "type": "Feature",
   "geometry": {
    "type": "Point",
    "coordinates": [
     151.98385131,
     -26.84581476
    ]
   },
   "properties": {
    "name": "5 BUNYA DRIVE YARRAMAN 4614",
    "locID": "LOC000050132237",
    "tech": "WIRELESS",
    "upgrade": "NULL_NA",
    "gnaf_pid": "GAQLD157334890",
    "ee": true,
    "tech_change_status": "Not Planned",
    "program_type": "Fixed Wireless and Satellite Upgrade Program",
    "target_eligibility_quarter": "NA"
   }
  },
  {
   "type": "Feature",
   "geometry": {
    "type": "Point",
    "coordinates": [
     151.98645807,
     -26.83980333
    ]
   },
   "properties": {
    "name": "10 CHEADLE STREET YARRAMAN 4614",
    "locID": "LOC000047700522",
    "tech": "WIRELESS",
    "upgrade": "NULL_NA",
    "gnaf_pid": "GAQLD157334893",
    "ee": true,
    "tech_change_status": "Not Planned",
    "program_type": "Fixed Wireless and Satellite Upgrade Program",
    "target_eligibility_quarter": "NA"
   }
  },
  {
   "type": "Feature",
   "geometry": {
    "type": "Point",
    "coordinates": [
     151.98487537,
     -26.83951749
    ]
   },
   "properties": {
    "name": "17 CHEADLE STREET YARRAMAN 4614",
    "locID": "LOC000013973577",
    "tech": "WIRELESS",
    "upgrade": "NULL_NA",
    "gnaf_pid": "GAQLD157334910",
    "ee": true,
    "tech_change_status": "Not Planned",
    "program_type": "Fixed Wireless and Satellite Upgrade Program",
    "target_eligibility_quarter": "NA"
   }
  },
  {
   "type": "Feature",
   "geometry": {
    "type": "Point",
    "coordinates": [
     151.97992518,
     -26.84162825
    ]
   },
   "properties": {
    "name": "11 MARGARET STREET YARRAMAN 4614",
    "locID": "LOC000047955062",
    "tech": "WIRELESS",
    "upgrade": "NULL_NA",
    "gnaf_pid": "GAQLD157337937",
    "ee": true,
    "tech_change_status": "Not Planned",
    "program_type": "Fixed Wireless and Satellite Upgrade Program",
    "target_eligibility_quarter": "NA"
   }
  },
  {
   "type": "Feature",
   "geometry": {
    "type": "Point",
    "coordinates": [
     151.97603643,
     -26.8439315
    ]
   },
   "properties": {
    "name": "49 MARGARET STREET YARRAMAN 4614",
    "locID": "LOC000029844830",
    "tech": "WIRELESS",
    "upgrade": "NULL_NA",
    "gnaf_pid": "GAQLD157337963",
    "ee": true,
    "tech_change_status": "Not Planned",
    "program_type": "Fixed Wireless and Satellite Upgrade Program",
    "target_eligibility_quarter": "NA"
   }
  },
  {
   "type": "Feature",
   "geometry": {
    "type": "Point",
    "coordinates": [
     151.98915123,
     -26.84680808
    ]
   },
   "properties": {
    "name": "30 DIOTH STREET YARRAMAN 4614",
    "locID": "LOC000029035462",
    "tech": "WIRELESS",
    "upgrade": "NULL_NA",
    "gnaf_pid": "GAQLD157338100",
    "ee": true,
    "tech_change_status": "Not Planned",
    "program_type": "Fixed Wireless and Satellite Upgrade Program",
    "target_eligibility_quarter": "NA"
   }
  },
  {
   "type": "Feature",
   "geometry": {
    "type": "Point",
    "coordinates": [
     151.97604176,
     -26.83869637
    ]
   },
   "properties": {
    "name": "14 LISTER STREET YARRAMAN 4614",
    "locID": "LOC000010692773",
    "tech": "WIRELESS",
    "upgrade": "NULL_NA",
    "gnaf_pid": "GAQLD157338129",
    "ee": true,
    "tech_change_status": "Not Planned",
    "program_type": "Fixed Wireless and Satellite Upgrade Program",
    "target_eligibility_quarter": "NA"
   }
  },
  {
   "type": "Feature",
   "geometry": {
    "type": "Point",
    "coordinates": [
     151.97621481,
     -26.83806103
    ]
   },
   "properties": {
    "name": "15 LISTER STREET YARRAMAN 4614",
    "locID": "LOC000062854382",
    "tech": "WIRELESS",
    "upgrade": "NULL_NA",
    "gnaf_pid": "GAQLD157338130",
    "ee": true,
    "tech_change_status": "Not Planned",
    "program_type": "Fixed Wireless and Satellite Upgrade Program",
    "target_eligibility_quarter": "NA"
   }
  },
  {
   "type": "Feature",
   "geometry": {
    "type": "Point",
    "coordinates": [
     151.97584889,
     -26.8387661
    ]
   },
   "properties": {
    "name": "16 LISTER STREET YARRAMAN 4614",
    "locID": "LOC000060583691",
    "tech": "WIRELESS",
    "upgrade": "NULL_NA",
    "gnaf_pid": "GAQLD157338131",
    "ee": true,
    "tech_change_status": "Not Planned",
    "program_type": "Fixed Wireless and Satellite Upgrade Program",
    "target_eligibility_quarter": "NA"
   }
  },
  {
   "type": "Feature",
   "geometry": {
    "type": "Point",
    "coordinates": [
     151.97748987,
     -26.83880231
    ]
   },
   "properties": {
    "name": "8 MCDOUGALL STREET YARRAMAN 4614",
    "locID": "LOC000062968154",
    "tech": "WIRELESS",
    "upgrade": "NULL_NA",
    "gnaf_pid": "GAQLD157341101",
    "ee": true,
    "tech_change_status": "Not Planned",
    "program_type": "Fixed Wireless and Satellite Upgrade Program",
    "target_eligibility_quarter": "NA"
   }
  },
  {
   "type": "Feature",
   "geometry": {
    "type": "Point",
    "coordinates": [
     151.97697454,
     -26.83915204
    ]
   },
   "properties": {
    "name": "9 MCDOUGALL STREET YARRAMAN 4614",
    "locID": "LOC000079347691",
    "tech": "WIRELESS",
    "upgrade": "NULL_NA",
    "gnaf_pid": "GAQLD157341102",
    "ee": true,
    "tech_change_status": "Not Planned",
    "program_type": "Fixed Wireless and Satellite Upgrade Program",
    "target_eligibility_quarter": "NA"
   }
  },
  {
   "type": "Feature",
   "geometry": {
    "type": "Point",
    "coordinates": [
     151.99153574,
     -26.83620426
    ]
   },
   "properties": {
    "name": "LOT 4 MCNEIL STREET YARRAMAN 4614",
    "locID": "LOC000109345142",
    "tech": "WIRELESS",
    "upgrade": "NULL_NA",
    "gnaf_pid": "GAQLD157341103",
    "ee": true,
    "tech_change_status": "Not Planned",
    "program_type": "Fixed Wireless and Satellite Upgrade Program",
    "target_eligibility_quarter": "NA"
   }
  },
  {
   "type": "Feature",
   "geometry": {
    "type": "Point",
    "coordinates": [
     151.98781864,
     -26.84063397
    ]
   },
   "properties": {
    "name": "10 MILLAR STREET YARRAMAN 4614",
    "locID": "LOC000027366411",
    "tech": "WIRELESS",
    "upgrade": "NULL_NA",
    "gnaf_pid": "GAQLD157341105",
    "ee": true,
    "tech_change_status": "Not Planned",
    "program_type": "Fixed Wireless and Satellite Upgrade Program",
    "target_eligibility_quarter": "NA"
   }
  },
  {
   "type": "Feature",
   "geometry": {
    "type": "Point",
    "coordinates": [
     151.98683208,
     -26.84025071
    ]
   },
   "properties": {
    "name": "11 MILLAR STREET YARRAMAN 4614",
    "locID": "LOC000042091833",
    "tech": "WIRELESS",
    "upgrade": "NULL_NA",
    "gnaf_pid": "GAQLD157341114",
    "ee": true,
    "tech_change_status": "Not Planned",
    "program_type": "Fixed Wireless and Satellite Upgrade Program",
    "target_eligibility_quarter": "NA"
   }
  },
  {
   "type": "Feature",
   "geometry": {
    "type": "Point",
    "coordinates": [
     151.98762575,
     -26.8406899
    ]
   },
   "properties": {
    "name": "12 MILLAR STREET YARRAMAN 4614",
    "locID": "LOC000077860020",
    "tech": "WIRELESS",
    "upgrade": "NULL_NA",
    "gnaf_pid": "GAQLD157341115",
    "ee": true,
    "tech_change_status": "Not Planned",
    "program_type": "Fixed Wireless and Satellite Upgrade Program",
    "target_eligibility_quarter": "NA"
   }
  },
  {
   "type": "Feature",
   "geometry": {
    "type": "Point",
    "coordinates": [
     151.98548515,
     -26.8406416
    ]
   },
   "properties": {
    "name": "23 MILLAR STREET YARRAMAN 4614",
    "locID": "LOC000060252658",
    "tech": "WIRELESS",
    "upgrade": "NULL_NA",
    "gnaf_pid": "GAQLD157341125",
    "ee": true,
    "tech_change_status": "Not Planned",
    "program_type": "Fixed Wireless and Satellite Upgrade Program",
    "target_eligibility_quarter": "NA"
   }
  },
  {
   "type": "Feature",
   "geometry": {
    "type": "Point",
    "coordinates": [
     151.98772107,
     -26.84794586
    ]
   },
   "properties": {
    "name": "41 DIOTH STREET YARRAMAN 4614",
    "locID": "LOC000019115688",
    "tech": "WIRELESS",
    "upgrade": "NULL_NA",
    "gnaf_pid": "GAQLD157341409",
    "ee": true,
    "tech_change_status": "Not Planned",
    "program_type": "Fixed Wireless and Satellite Upgrade Program",
    "target_eligibility_quarter": "NA"
   }
  },
  {
   "type": "Feature",
   "geometry": {
    "type": "Point",
    "coordinates": [
     151.978981,
     -26.84110492
    ]
   },
   "properties": {
    "name": "11 DOUGLAS STREET YARRAMAN 4614",
    "locID": "LOC000031582614",
    "tech": "WIRELESS",
    "upgrade": "NULL_NA",
    "gnaf_pid": "GAQLD157341438",
    "ee": true,
    "tech_change_status": "Not Planned",
    "program_type": "Fixed Wireless and Satellite Upgrade Program",
    "target_eligibility_quarter": "NA"
   }
  },
  {
   "type": "Feature",
   "geometry": {
    "type": "Point",
    "coordinates": [
     151.99183603,
     -26.84924401
    ]
   },
   "properties": {
    "name": "13 SMITH STREET YARRAMAN 4614",
    "locID": "LOC000062767481",
    "tech": "WIRELESS",
    "upgrade": "NULL_NA",
    "gnaf_pid": "GAQLD157341703",
    "ee": true,
    "tech_change_status": "Not Planned",
    "program_type": "Fixed Wireless and Satellite Upgrade Program",
    "target_eligibility_quarter": "NA"
   }
  },
  {
   "type": "Feature",
   "geometry": {
    "type": "Point",
    "coordinates": [
     151.99275742,
     -26.85102804
    ]
   },
   "properties": {
    "name": "16 SMITH STREET YARRAMAN 4614",
    "locID": "LOC000096245089",
    "tech": "WIRELESS",
    "upgrade": "NULL_NA",
    "gnaf_pid": "GAQLD157341706",
    "ee": true,
    "tech_change_status": "Not Planned",
    "program_type": "Fixed Wireless and Satellite Upgrade Program",
    "target_eligibility_quarter": "NA"
   }
  },
  {
   "type": "Feature",
   "geometry": {
    "type": "Point",
    "coordinates": [
     151.98549671,
     -26.84008212
    ]
   },
   "properties": {
    "name": "18 CHEADLE STREET YARRAMAN 4614",
    "locID": "LOC000072796973",
    "tech": "WIRELESS",
    "upgrade": "NULL_NA",
    "gnaf_pid": "GAQLD157341927",
    "ee": true,
    "tech_change_status": "Not Planned",
    "program_type": "Fixed Wireless and Satellite Upgrade Program",
    "target_eligibility_quarter": "NA"
   }
  },
  {
   "type": "Feature",
   "geometry": {
    "type": "Point",
    "coordinates": [
     151.98449232,
     -26.83962917
    ]
   },
   "properties": {
    "name": "19A CHEADLE STREET YARRAMAN 4614",
    "locID": "LOC000070747048",
    "tech": "WIRELESS",
    "upgrade": "NULL_NA",
    "gnaf_pid": "GAQLD157341928",
    "ee": true,
    "tech_change_status": "Not Planned",
    "program_type": "Fixed Wireless and Satellite Upgrade Program",
    "target_eligibility_quarter": "NA"
   }
  },
  {
   "type": "Feature",
   "geometry": {
    "type": "Point",
    "coordinates": [
     151.98468388,
     -26.83957332
    ]
   },
   "properties": {
    "name": "19 CHEADLE STREET YARRAMAN 4614",
    "locID": "LOC000068507589",
    "tech": "WIRELESS",
    "upgrade": "NULL_NA",
    "gnaf_pid": "GAQLD157341929",
    "ee": true,
    "tech_change_status": "Not Planned",
    "program_type": "Fixed Wireless and Satellite Upgrade Program",
    "target_eligibility_quarter": "NA"
   }
  },
  {
   "type": "Feature",
   "geometry": {
    "type": "Point",
    "coordinates": [
     151.98749366,
     -26.83954269
    ]
   },
   "properties": {
    "name": "2 CHEADLE STREET YARRAMAN 4614",
    "locID": "LOC000050406454",
    "tech": "WIRELESS",
    "upgrade": "NULL_NA",
    "gnaf_pid": "GAQLD157341931",
    "ee": true,
    "tech_change_status": "Not Planned",
    "program_type": "Fixed Wireless and Satellite Upgrade Program",
    "target_eligibility_quarter": "NA"
   }
  },
  {
   "type": "Feature",
   "geometry": {
    "type": "Point",
    "coordinates": [
     151.98530407,
     -26.8401378
    ]
   },
   "properties": {
    "name": "20 CHEADLE STREET YARRAMAN 4614",
    "locID": "LOC000043057468",
    "tech": "WIRELESS",
    "upgrade": "NULL_NA",
    "gnaf_pid": "GAQLD157341932",
    "ee": true,
    "tech_change_status": "Not Planned",
    "program_type": "Fixed Wireless and Satellite Upgrade Program",
    "target_eligibility_quarter": "NA"
   }
  },
  {
   "type": "Feature",
   "geometry": {
    "type": "Point",
    "coordinates": [
     151.9842823,
     -26.8396977
    ]
   },
   "properties": {
    "name": "21 CHEADLE STREET YARRAMAN 4614",
    "locID": "LOC000011737140",
    "tech": "WIRELESS",
    "upgrade": "NULL_NA",
    "gnaf_pid": "GAQLD157341933",
    "ee": true,
    "tech_change_status": "Not Planned",
    "program_type": "Fixed Wireless and Satellite Upgrade Program",
    "target_eligibility_quarter": "NA"
   }
  },
  {
   "type": "Feature",
   "geometry": {
    "type": "Point",
    "coordinates": [
     151.98511145,
     -26.84019348
    ]
   },
   "properties": {
    "name": "22 CHEADLE STREET YARRAMAN 4614",
    "locID": "LOC000054643145",
    "tech": "WIRELESS",
    "upgrade": "NULL_NA",
    "gnaf_pid": "GAQLD157341934",
    "ee": true,
    "tech_change_status": "Not Planned",
    "program_type": "Fixed Wireless and Satellite Upgrade Program",
    "target_eligibility_quarter": "NA"
   }
  },
  {
   "type": "Feature",
   "geometry": {
    "type": "Point",
    "coordinates": [
     151.98409912,
     -26.83974812
    ]
   },
   "properties": {
    "name": "23 CHEADLE STREET YARRAMAN 4614",
    "locID": "LOC000014077383",
    "tech": "WIRELESS",
    "upgrade": "NULL_NA",
    "gnaf_pid": "GAQLD157341935",
    "ee": true,
    "tech_change_status": "Not Planned",
    "program_type": "Fixed Wireless and Satellite Upgrade Program",
    "target_eligibility_quarter": "NA"
   }
  },
  {
   "type": "Feature",
   "geometry": {
    "type": "Point",
    "coordinates": [
     151.9849188,
     -26.8402491
    ]
   },
   "properties": {
    "name": "24 CHEADLE STREET YARRAMAN 4614",
    "locID": "LOC000105534829",
    "tech": "WIRELESS",
    "upgrade": "NULL_NA",
    "gnaf_pid": "GAQLD157341936",
    "ee": true,
    "tech_change_status": "Not Planned",
    "program_type": "Fixed Wireless and Satellite Upgrade Program",
    "target_eligibility_quarter": "NA"
   }
  },
  {
   "type": "Feature",
   "geometry": {
    "type": "Point",
    "coordinates": [
     151.98390669,
     -26.8398037
    ]
   },
   "properties": {
    "name": "25 CHEADLE STREET YARRAMAN 4614",
    "locID": "LOC000008574107",
    "tech": "WIRELESS",
    "upgrade": "NULL_NA",
    "gnaf_pid": "GAQLD157341937",
    "ee": true,
    "tech_change_status": "Not Planned",
    "program_type": "Fixed Wireless and Satellite Upgrade Program",
    "target_eligibility_quarter": "NA"
   }
  },
  {
   "type": "Feature",
   "geometry": {
    "type": "Point",
    "coordinates": [
     151.98472615,
     -26.84030478
    ]
   },
   "properties": {
    "name": "26 CHEADLE STREET YARRAMAN 4614",
    "locID": "LOC000102813884",
    "tech": "WIRELESS",
    "upgrade": "NULL_NA",
    "gnaf_pid": "GAQLD157341938",
    "ee": true,
    "tech_change_status": "Not Planned",
    "program_type": "Fixed Wireless and Satellite Upgrade Program",
    "target_eligibility_quarter": "NA"
   }
  },
  {
   "type": "Feature",
   "geometry": {
    "type": "Point",
    "coordinates": [
     151.98453349,
     -26.84036045
    ]
   },
   "properties": {
    "name": "28 CHEADLE STREET YARRAMAN 4614",
    "locID": "LOC000043190237",
    "tech": "WIRELESS",
    "upgrade": "NULL_NA",
    "gnaf_pid": "GAQLD157341939",
    "ee": true,
    "tech_change_status": "Not Planned",
    "program_type": "Fixed Wireless and Satellite Upgrade Program",
    "target_eligibility_quarter": "NA"
   }
  },
  {
   "type": "Feature",
   "geometry": {
    "type": "Point",
    "coordinates": [
     151.98703474,
     -26.83963705
    ]
   },
   "properties": {
    "name": "4 CHEADLE STREET YARRAMAN 4614",
    "locID": "LOC000029053770",
    "tech": "WIRELESS",
    "upgrade": "NULL_NA",
    "gnaf_pid": "GAQLD157341941",
    "ee": true,
    "tech_change_status": "Not Planned",
    "program_type": "Fixed Wireless and Satellite Upgrade Program",
    "target_eligibility_quarter": "NA"
   }
  },
  {
   "type": "Feature",
   "geometry": {
    "type": "Point",
    "coordinates": [
     151.97468017,
     -26.83533516
    ]
   },
   "properties": {
    "name": "13 ROSALIE DRIVE YARRAMAN 4614",
    "locID": "LOC000006611815",
    "tech": "WIRELESS",
    "upgrade": "NULL_NA",
    "gnaf_pid": "GAQLD157344797",
    "ee": true,
    "tech_change_status": "Not Planned",
    "program_type": "Fixed Wireless and Satellite Upgrade Program",
    "target_eligibility_quarter": "NA"
   }
  },
  {
   "type": "Feature",
   "geometry": {
    "type": "Point",
    "coordinates": [
     151.97531798,
     -26.83760013
    ]
   },
   "properties": {
    "name": "14 ROSALIE DRIVE YARRAMAN 4614",
    "locID": "LOC000053623684",
    "tech": "WIRELESS",
    "upgrade": "NULL_NA",
    "gnaf_pid": "GAQLD157344798",
    "ee": true,
    "tech_change_status": "Not Planned",
    "program_type": "Fixed Wireless and Satellite Upgrade Program",
    "target_eligibility_quarter": "NA"
   }
  },
  {
   "type": "Feature",
   "geometry": {
    "type": "Point",
    "coordinates": [
     151.97438147,
     -26.83558227
    ]
   },
   "properties": {
    "name": "15 ROSALIE DRIVE YARRAMAN 4614",
    "locID": "LOC000054793171",
    "tech": "WIRELESS",
    "upgrade": "NULL_NA",
    "gnaf_pid": "GAQLD157344799",
    "ee": true,
    "tech_change_status": "Not Planned",
    "program_type": "Fixed Wireless and Satellite Upgrade Program",
    "target_eligibility_quarter": "NA"
   }
  },
  {
   "type": "Feature",
   "geometry": {
    "type": "Point",
    "coordinates": [
     151.97547489,
     -26.83788377
    ]
   },
   "properties": {
    "name": "16 ROSALIE DRIVE YARRAMAN 4614",
    "locID": "LOC000020089150",
    "tech": "WIRELESS",
    "upgrade": "NULL_NA",
    "gnaf_pid": "GAQLD157344800",
    "ee": true,
    "tech_change_status": "Not Planned",
    "program_type": "Fixed Wireless and Satellite Upgrade Program",
    "target_eligibility_quarter": "NA"
   }
  },
  {
   "type": "Feature",
   "geometry": {
    "type": "Point",
    "coordinates": [
     151.97407635,
     -26.83582014
    ]
   },
   "properties": {
    "name": "17 ROSALIE DRIVE YARRAMAN 4614",
    "locID": "LOC000091224079",
    "tech": "WIRELESS",
    "upgrade": "NULL_NA",
    "gnaf_pid": "GAQLD157344801",
    "ee": true,
    "tech_change_status": "Not Planned",
    "program_type": "Fixed Wireless and Satellite Upgrade Program",
    "target_eligibility_quarter": "NA"
   }
  },
  {
   "type": "Feature",
   "geometry": {
    "type": "Point",
    "coordinates": [
     151.9753946,
     -26.83830669
    ]
   },
   "properties": {
    "name": "18 ROSALIE DRIVE YARRAMAN 4614",
    "locID": "LOC000099707854",
    "tech": "WIRELESS",
    "upgrade": "NULL_NA",
    "gnaf_pid": "GAQLD157344802",
    "ee": true,
    "tech_change_status": "Not Planned",
    "program_type": "Fixed Wireless and Satellite Upgrade Program",
    "target_eligibility_quarter": "NA"
   }
  },
  {
   "type": "Feature",
   "geometry": {
    "type": "Point",
    "coordinates": [
     151.9737828,
     -26.83607786
    ]
   },
   "properties": {
    "name": "19 ROSALIE DRIVE YARRAMAN 4614",
    "locID": "LOC000097492409",
    "tech": "WIRELESS",
    "upgrade": "NULL_NA",
    "gnaf_pid": "GAQLD157344803",
    "ee": true,
    "tech_change_status": "Not Planned",
    "program_type": "Fixed Wireless and Satellite Upgrade Program",
    "target_eligibility_quarter": "NA"
   }
  },
  {
   "type": "Feature",
   "geometry": {
    "type": "Point",
    "coordinates": [
     151.97342014,
     -26.83634475
    ]
   },
   "properties": {
    "name": "21 ROSALIE DRIVE YARRAMAN 4614",
    "locID": "LOC000085986961",
    "tech": "WIRELESS",
    "upgrade": "NULL_NA",
    "gnaf_pid": "GAQLD157344805",
    "ee": true,
    "tech_change_status": "Not Planned",
    "program_type": "Fixed Wireless and Satellite Upgrade Program",
    "target_eligibility_quarter": "NA"
   }
  },
  {
   "type": "Feature",
   "geometry": {
    "type": "Point",
    "coordinates": [
     151.97293699,
     -26.83663286
    ]
   },
   "properties": {
    "name": "23 ROSALIE DRIVE YARRAMAN 4614",
    "locID": "LOC000067016134",
    "tech": "WIRELESS",
    "upgrade": "NULL_NA",
    "gnaf_pid": "GAQLD157344806",
    "ee": true,
    "tech_change_status": "Not Planned",
    "program_type": "Fixed Wireless and Satellite Upgrade Program",
    "target_eligibility_quarter": "NA"
   }
  },
  {
   "type": "Feature",
   "geometry": {
    "type": "Point",
    "coordinates": [
     151.97349342,
     -26.83726765
    ]
   },
   "properties": {
    "name": "25 ROSALIE DRIVE YARRAMAN 4614",
    "locID": "LOC000041582076",
    "tech": "WIRELESS",
    "upgrade": "NULL_NA",
    "gnaf_pid": "GAQLD157344807",
    "ee": true,
    "tech_change_status": "Not Planned",
    "program_type": "Fixed Wireless and Satellite Upgrade Program",
    "target_eligibility_quarter": "NA"
   }
  },
  {
   "type": "Feature",
   "geometry": {
    "type": "Point",
    "coordinates": [
     151.9757399,
     -26.83678838
    ]
   },
   "properties": {
    "name": "4 ROSALIE DRIVE YARRAMAN 4614",
    "locID": "LOC000047250636",
    "tech": "WIRELESS",
    "upgrade": "NULL_NA",
    "gnaf_pid": "GAQLD157344813",
    "ee": true,
    "tech_change_status": "Not Planned",
    "program_type": "Fixed Wireless and Satellite Upgrade Program",
    "target_eligibility_quarter": "NA"
   }
  },
  {
   "type": "Feature",
   "geometry": {
    "type": "Point",
    "coordinates": [
     151.97670408,
     -26.83638184
    ]
   },
   "properties": {
    "name": "5 ROSALIE DRIVE YARRAMAN 4614",
    "locID": "LOC000062541001",
    "tech": "WIRELESS",
    "upgrade": "NULL_NA",
    "gnaf_pid": "GAQLD157344814",
    "ee": true,
    "tech_change_status": "Not Planned",
    "program_type": "Fixed Wireless and Satellite Upgrade Program",
    "target_eligibility_quarter": "NA"
   }
  },
  {
   "type": "Feature",
   "geometry": {
    "type": "Point",
    "coordinates": [
     151.97544232,
     -26.8362734
    ]
   },
   "properties": {
    "name": "6 ROSALIE DRIVE YARRAMAN 4614",
    "locID": "LOC000093526064",
    "tech": "WIRELESS",
    "upgrade": "NULL_NA",
    "gnaf_pid": "GAQLD157344815",
    "ee": true,
    "tech_change_status": "Not Planned",
    "program_type": "Fixed Wireless and Satellite Upgrade Program",
    "target_eligibility_quarter": "NA"
   }
  },
  {
   "type": "Feature",
   "geometry": {
    "type": "Point",
    "coordinates": [
     151.97601969,
     -26.83547161
    ]
   },
   "properties": {
    "name": "7 ROSALIE DRIVE YARRAMAN 4614",
    "locID": "LOC000025842411",
    "tech": "WIRELESS",
    "upgrade": "NULL_NA",
    "gnaf_pid": "GAQLD157344816",
    "ee": true,
    "tech_change_status": "Not Planned",
    "program_type": "Fixed Wireless and Satellite Upgrade Program",
    "target_eligibility_quarter": "NA"
   }
  },
  {
   "type": "Feature",
   "geometry": {
    "type": "Point",
    "coordinates": [
     151.97502504,
     -26.83659948
    ]
   },
   "properties": {
    "name": "8 ROSALIE DRIVE YARRAMAN 4614",
    "locID": "LOC000093021074",
    "tech": "WIRELESS",
    "upgrade": "NULL_NA",
    "gnaf_pid": "GAQLD157344817",
    "ee": true,
    "tech_change_status": "Not Planned",
    "program_type": "Fixed Wireless and Satellite Upgrade Program",
    "target_eligibility_quarter": "NA"
   }
  },
  {
   "type": "Feature",
   "geometry": {
    "type": "Point",
    "coordinates": [
     151.97558514,
     -26.83505517
    ]
   },
   "properties": {
    "name": "9 ROSALIE DRIVE YARRAMAN 4614",
    "locID": "LOC000064095831",
    "tech": "WIRELESS",
    "upgrade": "NULL_NA",
    "gnaf_pid": "GAQLD157344818",
    "ee": true,
    "tech_change_status": "Not Planned",
    "program_type": "Fixed Wireless and Satellite Upgrade Program",
    "target_eligibility_quarter": "NA"
   }
  },
  {
   "type": "Feature",
   "geometry": {
    "type": "Point",
    "coordinates": [
     151.99218802,
     -26.84889697
    ]
   },
   "properties": {
    "name": "11 SMITH STREET YARRAMAN 4614",
    "locID": "LOC000076482946",
    "tech": "WIRELESS",
    "upgrade": "NULL_NA",
    "gnaf_pid": "GAQLD157344830",
    "ee": true,
    "tech_change_status": "Not Planned",
    "program_type": "Fixed Wireless and Satellite Upgrade Program",
    "target_eligibility_quarter": "NA"
   }
  },
  {
   "type": "Feature",
   "geometry": {
    "type": "Point",
    "coordinates": [
     151.9939316,
     -26.85021409
    ]
   },
   "properties": {
    "name": "12 SMITH STREET YARRAMAN 4614",
    "locID": "LOC000003303661",
    "tech": "WIRELESS",
    "upgrade": "NULL_NA",
    "gnaf_pid": "GAQLD157344831",
    "ee": true,
    "tech_change_status": "Not Planned",
    "program_type": "Fixed Wireless and Satellite Upgrade Program",
    "target_eligibility_quarter": "NA"
   }
  },
  {
   "type": "Feature",
   "geometry": {
    "type": "Point",
    "coordinates": [
     151.978648,
     -26.84238606
    ]
   },
   "properties": {
    "name": "23 MARGARET STREET YARRAMAN 4614",
    "locID": "LOC000064028873",
    "tech": "WIRELESS",
    "upgrade": "NULL_NA",
    "gnaf_pid": "GAQLD157344934",
    "ee": true,
    "tech_change_status": "Not Planned",
    "program_type": "Fixed Wireless and Satellite Upgrade Program",
    "target_eligibility_quarter": "NA"
   }
  },
  {
   "type": "Feature",
   "geometry": {
    "type": "Point",
    "coordinates": [
     151.97847856,
     -26.8424869
    ]
   },
   "properties": {
    "name": "25 MARGARET STREET YARRAMAN 4614",
    "locID": "LOC000099333855",
    "tech": "WIRELESS",
    "upgrade": "NULL_NA",
    "gnaf_pid": "GAQLD157344935",
    "ee": true,
    "tech_change_status": "Not Planned",
    "program_type": "Fixed Wireless and Satellite Upgrade Program",
    "target_eligibility_quarter": "NA"
   }
  },
  {
   "type": "Feature",
   "geometry": {
    "type": "Point",
    "coordinates": [
     151.9778156,
     -26.84287854
    ]
   },
   "properties": {
    "name": "31 MARGARET STREET YARRAMAN 4614",
    "locID": "LOC000025790524",
    "tech": "WIRELESS",
    "upgrade": "NULL_NA",
    "gnaf_pid": "GAQLD157344938",
    "ee": true,
    "tech_change_status": "Not Planned",
    "program_type": "Fixed Wireless and Satellite Upgrade Program",
    "target_eligibility_quarter": "NA"
   }
  },
  {
   "type": "Feature",
   "geometry": {
    "type": "Point",
    "coordinates": [
     151.97569993,
     -26.84413242
    ]
   },
   "properties": {
    "name": "53 MARGARET STREET YARRAMAN 4614",
    "locID": "LOC000066899974",
    "tech": "WIRELESS",
    "upgrade": "NULL_NA",
    "gnaf_pid": "GAQLD157344959",
    "ee": true,
    "tech_change_status": "Not Planned",
    "program_type": "Fixed Wireless and Satellite Upgrade Program",
    "target_eligibility_quarter": "NA"
   }
  },
  {
   "type": "Feature",
   "geometry": {
    "type": "Point",
    "coordinates": [
     151.97553165,
     -26.84423292
    ]
   },
   "properties": {
    "name": "55 MARGARET STREET YARRAMAN 4614",
    "locID": "LOC000019080954",
    "tech": "WIRELESS",
    "upgrade": "NULL_NA",
    "gnaf_pid": "GAQLD157344960",
    "ee": true,
    "tech_change_status": "Not Planned",
    "program_type": "Fixed Wireless and Satellite Upgrade Program",
    "target_eligibility_quarter": "NA"
   }
  },
  {
   "type": "Feature",
   "geometry": {
    "type": "Point",
    "coordinates": [
     151.99353127,
     -26.84602024
    ]
   },
   "properties": {
    "name": "5 DIOTH STREET YARRAMAN 4614",
    "locID": "LOC000072986701",
    "tech": "WIRELESS",
    "upgrade": "NULL_NA",
    "gnaf_pid": "GAQLD157345079",
    "ee": true,
    "tech_change_status": "Not Planned",
    "program_type": "Fixed Wireless and Satellite Upgrade Program",
    "target_eligibility_quarter": "NA"
   }
  },
  {
   "type": "Feature",
   "geometry": {
    "type": "Point",
    "coordinates": [
     151.99226432,
     -26.84793419
    ]
   },
   "properties": {
    "name": "6 DIOTH STREET YARRAMAN 4614",
    "locID": "LOC000087938036",
    "tech": "WIRELESS",
    "upgrade": "NULL_NA",
    "gnaf_pid": "GAQLD157345080",
    "ee": true,
    "tech_change_status": "Not Planned",
    "program_type": "Fixed Wireless and Satellite Upgrade Program",
    "target_eligibility_quarter": "NA"
   }
  },
  {
   "type": "Feature",
   "geometry": {
    "type": "Point",
    "coordinates": [
     151.99259505,
     -26.84647401
    ]
   },
   "properties": {
    "name": "7 DIOTH STREET YARRAMAN 4614",
    "locID": "LOC000043748184",
    "tech": "WIRELESS",
    "upgrade": "NULL_NA",
    "gnaf_pid": "GAQLD157345081",
    "ee": true,
    "tech_change_status": "Not Planned",
    "program_type": "Fixed Wireless and Satellite Upgrade Program",
    "target_eligibility_quarter": "NA"
   }
  },
  {
   "type": "Feature",
   "geometry": {
    "type": "Point",
    "coordinates": [
     151.99142562,
     -26.84844851
    ]
   },
   "properties": {
    "name": "8 DIOTH STREET YARRAMAN 4614",
    "locID": "LOC000053658080",
    "tech": "WIRELESS",
    "upgrade": "NULL_NA",
    "gnaf_pid": "GAQLD157345082",
    "ee": true,
    "tech_change_status": "Not Planned",
    "program_type": "Fixed Wireless and Satellite Upgrade Program",
    "target_eligibility_quarter": "NA"
   }
  },
  {
   "type": "Feature",
   "geometry": {
    "type": "Point",
    "coordinates": [
     151.99232808,
     -26.8461667
    ]
   },
   "properties": {
    "name": "9 DIOTH STREET YARRAMAN 4614",
    "locID": "LOC000062064993",
    "tech": "WIRELESS",
    "upgrade": "NULL_NA",
    "gnaf_pid": "GAQLD157345083",
    "ee": true,
    "tech_change_status": "Not Planned",
    "program_type": "Fixed Wireless and Satellite Upgrade Program",
    "target_eligibility_quarter": "NA"
   }
  },
  {
   "type": "Feature",
   "geometry": {
    "type": "Point",
    "coordinates": [
     151.98820894,
     -26.85236083
    ]
   },
   "properties": {
    "name": "12 DONALD COURT YARRAMAN 4614",
    "locID": "LOC000052981823",
    "tech": "WIRELESS",
    "upgrade": "NULL_NA",
    "gnaf_pid": "GAQLD157345084",
    "ee": true,
    "tech_change_status": "Not Planned",
    "program_type": "Fixed Wireless and Satellite Upgrade Program",
    "target_eligibility_quarter": "NA"
   }
  },
  {
   "type": "Feature",
   "geometry": {
    "type": "Point",
    "coordinates": [
     151.98791567,
     -26.85194882
    ]
   },
   "properties": {
    "name": "14 DONALD COURT YARRAMAN 4614",
    "locID": "LOC000097494031",
    "tech": "WIRELESS",
    "upgrade": "NULL_NA",
    "gnaf_pid": "GAQLD157345086",
    "ee": true,
    "tech_change_status": "Not Planned",
    "program_type": "Fixed Wireless and Satellite Upgrade Program",
    "target_eligibility_quarter": "NA"
   }
  },
  {
   "type": "Feature",
   "geometry": {
    "type": "Point",
    "coordinates": [
     151.98693467,
     -26.85080075
    ]
   },
   "properties": {
    "name": "18 DONALD COURT YARRAMAN 4614",
    "locID": "LOC000053599167",
    "tech": "WIRELESS",
    "upgrade": "NULL_NA",
    "gnaf_pid": "GAQLD157345089",
    "ee": true,
    "tech_change_status": "Not Planned",
    "program_type": "Fixed Wireless and Satellite Upgrade Program",
    "target_eligibility_quarter": "NA"
   }
  },
  {
   "type": "Feature",
   "geometry": {
    "type": "Point",
    "coordinates": [
     151.98690418,
     -26.8503613
    ]
   },
   "properties": {
    "name": "20 DONALD COURT YARRAMAN 4614",
    "locID": "LOC000079487859",
    "tech": "WIRELESS",
    "upgrade": "NULL_NA",
    "gnaf_pid": "GAQLD157345091",
    "ee": true,
    "tech_change_status": "Not Planned",
    "program_type": "Fixed Wireless and Satellite Upgrade Program",
    "target_eligibility_quarter": "NA"
   }
  },
  {
   "type": "Feature",
   "geometry": {
    "type": "Point",
    "coordinates": [
     151.97982727,
     -26.8406014
    ]
   },
   "properties": {
    "name": "1 DOUGLAS STREET YARRAMAN 4614",
    "locID": "LOC000045015670",
    "tech": "WIRELESS",
    "upgrade": "NULL_NA",
    "gnaf_pid": "GAQLD157345092",
    "ee": true,
    "tech_change_status": "Not Planned",
    "program_type": "Fixed Wireless and Satellite Upgrade Program",
    "target_eligibility_quarter": "NA"
   }
  },
  {
   "type": "Feature",
   "geometry": {
    "type": "Point",
    "coordinates": [
     151.99040039,
     -26.84937426
    ]
   },
   "properties": {
    "name": "17 SMITH STREET YARRAMAN 4614",
    "locID": "LOC000072589551",
    "tech": "WIRELESS",
    "upgrade": "NULL_NA",
    "gnaf_pid": "GAQLD157345293",
    "ee": true,
    "tech_change_status": "Not Planned",
    "program_type": "Fixed Wireless and Satellite Upgrade Program",
    "target_eligibility_quarter": "NA"
   }
  },
  {
   "type": "Feature",
   "geometry": {
    "type": "Point",
    "coordinates": [
     151.99213082,
     -26.85142703
    ]
   },
   "properties": {
    "name": "18 SMITH STREET YARRAMAN 4614",
    "locID": "LOC000079691480",
    "tech": "WIRELESS",
    "upgrade": "NULL_NA",
    "gnaf_pid": "GAQLD157345294",
    "ee": true,
    "tech_change_status": "Not Planned",
    "program_type": "Fixed Wireless and Satellite Upgrade Program",
    "target_eligibility_quarter": "NA"
   }
  },
  {
   "type": "Feature",
   "geometry": {
    "type": "Point",
    "coordinates": [
     151.99527196,
     -26.84719143
    ]
   },
   "properties": {
    "name": "2 SMITH STREET YARRAMAN 4614",
    "locID": "LOC000029896464",
    "tech": "WIRELESS",
    "upgrade": "NULL_NA",
    "gnaf_pid": "GAQLD157345296",
    "ee": true,
    "tech_change_status": "Not Planned",
    "program_type": "Fixed Wireless and Satellite Upgrade Program",
    "target_eligibility_quarter": "NA"
   }
  },
  {
   "type": "Feature",
   "geometry": {
    "type": "Point",
    "coordinates": [
     151.98893003,
     -26.8515835
    ]
   },
   "properties": {
    "name": "23 SMITH STREET YARRAMAN 4614",
    "locID": "LOC000041875396",
    "tech": "WIRELESS",
    "upgrade": "NULL_NA",
    "gnaf_pid": "GAQLD157345300",
    "ee": true,
    "tech_change_status": "Not Planned",
    "program_type": "Fixed Wireless and Satellite Upgrade Program",
    "target_eligibility_quarter": "NA"
   }
  },
  {
   "type": "Feature",
   "geometry": {
    "type": "Point",
    "coordinates": [
     151.9940773,
     -26.84674774
    ]
   },
   "properties": {
    "name": "3 SMITH STREET YARRAMAN 4614",
    "locID": "LOC000099634915",
    "tech": "WIRELESS",
    "upgrade": "NULL_NA",
    "gnaf_pid": "GAQLD157345301",
    "ee": true,
    "tech_change_status": "Not Planned",
    "program_type": "Fixed Wireless and Satellite Upgrade Program",
    "target_eligibility_quarter": "NA"
   }
  },
  {
   "type": "Feature",
   "geometry": {
    "type": "Point",
    "coordinates": [
     151.9955578,
     -26.84799418
    ]
   },
   "properties": {
    "name": "4 SMITH STREET YARRAMAN 4614",
    "locID": "LOC000072121820",
    "tech": "WIRELESS",
    "upgrade": "NULL_NA",
    "gnaf_pid": "GAQLD157345302",
    "ee": true,
    "tech_change_status": "Not Planned",
    "program_type": "Fixed Wireless and Satellite Upgrade Program",
    "target_eligibility_quarter": "NA"
   }
  },
  {
   "type": "Feature",
   "geometry": {
    "type": "Point",
    "coordinates": [
     151.99375802,
     -26.84701045
    ]
   },
   "properties": {
    "name": "5 SMITH STREET YARRAMAN 4614",
    "locID": "LOC000027526356",
    "tech": "WIRELESS",
    "upgrade": "NULL_NA",
    "gnaf_pid": "GAQLD157345303",
    "ee": true,
    "tech_change_status": "Not Planned",
    "program_type": "Fixed Wireless and Satellite Upgrade Program",
    "target_eligibility_quarter": "NA"
   }
  },
  {
   "type": "Feature",
   "geometry": {
    "type": "Point",
    "coordinates": [
     151.99579687,
     -26.84876218
    ]
   },
   "properties": {
    "name": "6 SMITH STREET YARRAMAN 4614",
    "locID": "LOC000021855723",
    "tech": "WIRELESS",
    "upgrade": "NULL_NA",
    "gnaf_pid": "GAQLD157345304",
    "ee": true,
    "tech_change_status": "Not Planned",
    "program_type": "Fixed Wireless and Satellite Upgrade Program",
    "target_eligibility_quarter": "NA"
   }
  },
  {
   "type": "Feature",
   "geometry": {
    "type": "Point",
    "coordinates": [
     151.99516161,
     -26.84927989
    ]
   },
   "properties": {
    "name": "8 SMITH STREET YARRAMAN 4614",
    "locID": "LOC000024810546",
    "tech": "WIRELESS",
    "upgrade": "NULL_NA",
    "gnaf_pid": "GAQLD157345305",
    "ee": true,
    "tech_change_status": "Not Planned",
    "program_type": "Fixed Wireless and Satellite Upgrade Program",
    "target_eligibility_quarter": "NA"
   }
  },
  {
   "type": "Feature",
   "geometry": {
    "type": "Point",
    "coordinates": [
     151.99277633,
     -26.8485802
    ]
   },
   "properties": {
    "name": "9 SMITH STREET YARRAMAN 4614",
    "locID": "LOC000042803327",
    "tech": "WIRELESS",
    "upgrade": "NULL_NA",
    "gnaf_pid": "GAQLD157345306",
    "ee": true,
    "tech_change_status": "Not Planned",
    "program_type": "Fixed Wireless and Satellite Upgrade Program",
    "target_eligibility_quarter": "NA"
   }
  },
  {
   "type": "Feature",
   "geometry": {
    "type": "Point",
    "coordinates": [
     151.98588064,
     -26.83997125
    ]
   },
   "properties": {
    "name": "1 SYME STREET YARRAMAN 4614",
    "locID": "LOC000001686150",
    "tech": "WIRELESS",
    "upgrade": "NULL_NA",
    "gnaf_pid": "GAQLD157345307",
    "ee": true,
    "tech_change_status": "Not Planned",
    "program_type": "Fixed Wireless and Satellite Upgrade Program",
    "target_eligibility_quarter": "NA"
   }
  },
  {
   "type": "Feature",
   "geometry": {
    "type": "Point",
    "coordinates": [
     151.99331886,
     -26.83659019
    ]
   },
   "properties": {
    "name": "10 THOMSETT STREET YARRAMAN 4614",
    "locID": "LOC000127918972",
    "tech": "WIRELESS",
    "upgrade": "NULL_NA",
    "gnaf_pid": "GAQLD157345308",
    "ee": true,
    "tech_change_status": "Not Planned",
    "program_type": "Fixed Wireless and Satellite Upgrade Program",
    "target_eligibility_quarter": "NA"
   }
  },
  {
   "type": "Feature",
   "geometry": {
    "type": "Point",
    "coordinates": [
     151.99336315,
     -26.83641271
    ]
   },
   "properties": {
    "name": "8 THOMSETT STREET YARRAMAN 4614",
    "locID": "LOC100057816007",
    "tech": "WIRELESS",
    "upgrade": "NULL_NA",
    "gnaf_pid": "GAQLD157345349",
    "ee": true,
    "tech_change_status": "Not Planned",
    "program_type": "Fixed Wireless and Satellite Upgrade Program",
    "target_eligibility_quarter": "NA"
   }
  },
  {
   "type": "Feature",
   "geometry": {
    "type": "Point",
    "coordinates": [
     151.97747033,
     -26.84156374
    ]
   },
   "properties": {
    "name": "20 JOHN STREET YARRAMAN 4614",
    "locID": "LOC000039266431",
    "tech": "WIRELESS",
    "upgrade": "NULL_NA",
    "gnaf_pid": "GAQLD157345396",
    "ee": true,
    "tech_change_status": "Not Planned",
    "program_type": "Fixed Wireless and Satellite Upgrade Program",
    "target_eligibility_quarter": "NA"
   }
  },
  {
   "type": "Feature",
   "geometry": {
    "type": "Point",
    "coordinates": [
     151.97730188,
     -26.84166487
    ]
   },
   "properties": {
    "name": "22 JOHN STREET YARRAMAN 4614",
    "locID": "LOC000106765424",
    "tech": "WIRELESS",
    "upgrade": "NULL_NA",
    "gnaf_pid": "GAQLD157345397",
    "ee": true,
    "tech_change_status": "Not Planned",
    "program_type": "Fixed Wireless and Satellite Upgrade Program",
    "target_eligibility_quarter": "NA"
   }
  },
  {
   "type": "Feature",
   "geometry": {
    "type": "Point",
    "coordinates": [
     151.97910935,
     -26.83988285
    ]
   },
   "properties": {
    "name": "3 JOHN STREET YARRAMAN 4614",
    "locID": "LOC000036563628",
    "tech": "WIRELESS",
    "upgrade": "NULL_NA",
    "gnaf_pid": "GAQLD157345398",
    "ee": true,
    "tech_change_status": "Not Planned",
    "program_type": "Fixed Wireless and Satellite Upgrade Program",
    "target_eligibility_quarter": "NA"
   }
  },
  {
   "type": "Feature",
   "geometry": {
    "type": "Point",
    "coordinates": [
     151.97470642,
     -26.8430972
    ]
   },
   "properties": {
    "name": "34 JOHN STREET YARRAMAN 4614",
    "locID": "LOC000100708776",
    "tech": "WIRELESS",
    "upgrade": "NULL_NA",
    "gnaf_pid": "GAQLD157345399",
    "ee": true,
    "tech_change_status": "Not Planned",
    "program_type": "Fixed Wireless and Satellite Upgrade Program",
    "target_eligibility_quarter": "NA"
   }
  },
  {
   "type": "Feature",
   "geometry": {
    "type": "Point",
    "coordinates": [
     151.97894137,
     -26.83998275
    ]
   },
   "properties": {
    "name": "5 JOHN STREET YARRAMAN 4614",
    "locID": "LOC000085248513",
    "tech": "WIRELESS",
    "upgrade": "NULL_NA",
    "gnaf_pid": "GAQLD157345401",
    "ee": true,
    "tech_change_status": "Not Planned",
    "program_type": "Fixed Wireless and Satellite Upgrade Program",
    "target_eligibility_quarter": "NA"
   }
  },
  {
   "type": "Feature",
   "geometry": {
    "type": "Point",
    "coordinates": [
     151.97925006,
     -26.84050781
    ]
   },
   "properties": {
    "name": "6 JOHN STREET YARRAMAN 4614",
    "locID": "LOC000052301737",
    "tech": "WIRELESS",
    "upgrade": "NULL_NA",
    "gnaf_pid": "GAQLD157345402",
    "ee": true,
    "tech_change_status": "Not Planned",
    "program_type": "Fixed Wireless and Satellite Upgrade Program",
    "target_eligibility_quarter": "NA"
   }
  },
  {
   "type": "Feature",
   "geometry": {
    "type": "Point",
    "coordinates": [
     151.9788008,
     -26.84011729
    ]
   },
   "properties": {
    "name": "7 JOHN STREET YARRAMAN 4614",
    "locID": "LOC000069009401",
    "tech": "WIRELESS",
    "upgrade": "NULL_NA",
    "gnaf_pid": "GAQLD157345403",
    "ee": true,
    "tech_change_status": "Not Planned",
    "program_type": "Fixed Wireless and Satellite Upgrade Program",
    "target_eligibility_quarter": "NA"
   }
  },
  {
   "type": "Feature",
   "geometry": {
    "type": "Point",
    "coordinates": [
     151.97908086,
     -26.84060833
    ]
   },
   "properties": {
    "name": "8 JOHN STREET YARRAMAN 4614",
    "locID": "LOC000074968219",
    "tech": "WIRELESS",
    "upgrade": "NULL_NA",
    "gnaf_pid": "GAQLD157345404",
    "ee": true,
    "tech_change_status": "Not Planned",
    "program_type": "Fixed Wireless and Satellite Upgrade Program",
    "target_eligibility_quarter": "NA"
   }
  },
  {
   "type": "Feature",
   "geometry": {
    "type": "Point",
    "coordinates": [
     151.97752841,
     -26.83802763
    ]
   },
   "properties": {
    "name": "1 JUILLERAT STREET YARRAMAN 4614",
    "locID": "LOC000019857319",
    "tech": "WIRELESS",
    "upgrade": "NULL_NA",
    "gnaf_pid": "GAQLD157345405",
    "ee": true,
    "tech_change_status": "Not Planned",
    "program_type": "Fixed Wireless and Satellite Upgrade Program",
    "target_eligibility_quarter": "NA"
   }
  },
  {
   "type": "Feature",
   "geometry": {
    "type": "Point",
    "coordinates": [
     151.97836827,
     -26.83824836
    ]
   },
   "properties": {
    "name": "10 JUILLERAT STREET YARRAMAN 4614",
    "locID": "LOC000009989501",
    "tech": "WIRELESS",
    "upgrade": "NULL_NA",
    "gnaf_pid": "GAQLD157345406",
    "ee": true,
    "tech_change_status": "Not Planned",
    "program_type": "Fixed Wireless and Satellite Upgrade Program",
    "target_eligibility_quarter": "NA"
   }
  },
  {
   "type": "Feature",
   "geometry": {
    "type": "Point",
    "coordinates": [
     151.97810294,
     -26.83887552
    ]
   },
   "properties": {
    "name": "11 JUILLERAT STREET YARRAMAN 4614",
    "locID": "LOC000053151187",
    "tech": "WIRELESS",
    "upgrade": "NULL_NA",
    "gnaf_pid": "GAQLD157345407",
    "ee": true,
    "tech_change_status": "Not Planned",
    "program_type": "Fixed Wireless and Satellite Upgrade Program",
    "target_eligibility_quarter": "NA"
   }
  },
  {
   "type": "Feature",
   "geometry": {
    "type": "Point",
    "coordinates": [
     151.97848789,
     -26.83839426
    ]
   },
   "properties": {
    "name": "12 JUILLERAT STREET YARRAMAN 4614",
    "locID": "LOC000028185924",
    "tech": "WIRELESS",
    "upgrade": "NULL_NA",
    "gnaf_pid": "GAQLD157345408",
    "ee": true,
    "tech_change_status": "Not Planned",
    "program_type": "Fixed Wireless and Satellite Upgrade Program",
    "target_eligibility_quarter": "NA"
   }
  },
  {
   "type": "Feature",
   "geometry": {
    "type": "Point",
    "coordinates": [
     151.97836508,
     -26.83905572
    ]
   },
   "properties": {
    "name": "13 JUILLERAT STREET YARRAMAN 4614",
    "locID": "LOC000082184823",
    "tech": "WIRELESS",
    "upgrade": "NULL_NA",
    "gnaf_pid": "GAQLD157345409",
    "ee": true,
    "tech_change_status": "Not Planned",
    "program_type": "Fixed Wireless and Satellite Upgrade Program",
    "target_eligibility_quarter": "NA"
   }
  },
  {
   "type": "Feature",
   "geometry": {
    "type": "Point",
    "coordinates": [
     151.98528891,
     -26.84437421
    ]
   },
   "properties": {
    "name": "13 PARK DRIVE YARRAMAN 4614",
    "locID": "LOC000073574235",
    "tech": "WIRELESS",
    "upgrade": "NULL_NA",
    "gnaf_pid": "GAQLD157348101",
    "ee": true,
    "tech_change_status": "Not Planned",
    "program_type": "Fixed Wireless and Satellite Upgrade Program",
    "target_eligibility_quarter": "NA"
   }
  },
  {
   "type": "Feature",
   "geometry": {
    "type": "Point",
    "coordinates": [
     151.98498797,
     -26.84494535
    ]
   },
   "properties": {
    "name": "14 PARK DRIVE YARRAMAN 4614",
    "locID": "LOC000002521614",
    "tech": "WIRELESS",
    "upgrade": "NULL_NA",
    "gnaf_pid": "GAQLD157348102",
    "ee": true,
    "tech_change_status": "Not Planned",
    "program_type": "Fixed Wireless and Satellite Upgrade Program",
    "target_eligibility_quarter": "NA"
   }
  },
  {
   "type": "Feature",
   "geometry": {
    "type": "Point",
    "coordinates": [
     151.98491801,
     -26.84389478
    ]
   },
   "properties": {
    "name": "19 PARK DRIVE YARRAMAN 4614",
    "locID": "LOC000026570236",
    "tech": "WIRELESS",
    "upgrade": "NULL_NA",
    "gnaf_pid": "GAQLD157348104",
    "ee": true,
    "tech_change_status": "Not Planned",
    "program_type": "Fixed Wireless and Satellite Upgrade Program",
    "target_eligibility_quarter": "NA"
   }
  },
  {
   "type": "Feature",
   "geometry": {
    "type": "Point",
    "coordinates": [
     151.98590061,
     -26.84509628
    ]
   },
   "properties": {
    "name": "3 PARK DRIVE YARRAMAN 4614",
    "locID": "LOC000022509262",
    "tech": "WIRELESS",
    "upgrade": "NULL_NA",
    "gnaf_pid": "GAQLD157348105",
    "ee": true,
    "tech_change_status": "Not Planned",
    "program_type": "Fixed Wireless and Satellite Upgrade Program",
    "target_eligibility_quarter": "NA"
   }
  },
  {
   "type": "Feature",
   "geometry": {
    "type": "Point",
    "coordinates": [
     151.98566344,
     -26.84481081
    ]
   },
   "properties": {
    "name": "7 PARK DRIVE YARRAMAN 4614",
    "locID": "LOC000082770117",
    "tech": "WIRELESS",
    "upgrade": "NULL_NA",
    "gnaf_pid": "GAQLD157348108",
    "ee": true,
    "tech_change_status": "Not Planned",
    "program_type": "Fixed Wireless and Satellite Upgrade Program",
    "target_eligibility_quarter": "NA"
   }
  },
  {
   "type": "Feature",
   "geometry": {
    "type": "Point",
    "coordinates": [
     151.97682658,
     -26.84183744
    ]
   },
   "properties": {
    "name": "1 PINE STREET YARRAMAN 4614",
    "locID": "LOC000072939606",
    "tech": "WIRELESS",
    "upgrade": "NULL_NA",
    "gnaf_pid": "GAQLD157348109",
    "ee": true,
    "tech_change_status": "Not Planned",
    "program_type": "Fixed Wireless and Satellite Upgrade Program",
    "target_eligibility_quarter": "NA"
   }
  },
  {
   "type": "Feature",
   "geometry": {
    "type": "Point",
    "coordinates": [
     151.97754893,
     -26.84271374
    ]
   },
   "properties": {
    "name": "13 PINE STREET YARRAMAN 4614",
    "locID": "LOC000105687029",
    "tech": "WIRELESS",
    "upgrade": "NULL_NA",
    "gnaf_pid": "GAQLD157348111",
    "ee": true,
    "tech_change_status": "Not Planned",
    "program_type": "Fixed Wireless and Satellite Upgrade Program",
    "target_eligibility_quarter": "NA"
   }
  },
  {
   "type": "Feature",
   "geometry": {
    "type": "Point",
    "coordinates": [
     151.9866503,
     -26.83974789
    ]
   },
   "properties": {
    "name": "8 CHEADLE STREET YARRAMAN 4614",
    "locID": "LOC000039360775",
    "tech": "WIRELESS",
    "upgrade": "NULL_NA",
    "gnaf_pid": "GAQLD157348910",
    "ee": true,
    "tech_change_status": "Not Planned",
    "program_type": "Fixed Wireless and Satellite Upgrade Program",
    "target_eligibility_quarter": "NA"
   }
  },
  {
   "type": "Feature",
   "geometry": {
    "type": "Point",
    "coordinates": [
     151.98336674,
     -26.84528161
    ]
   },
   "properties": {
    "name": "1 CREEK COURT YARRAMAN 4614",
    "locID": "LOC000068274341",
    "tech": "WIRELESS",
    "upgrade": "NULL_NA",
    "gnaf_pid": "GAQLD157348912",
    "ee": true,
    "tech_change_status": "Not Planned",
    "program_type": "Fixed Wireless and Satellite Upgrade Program",
    "target_eligibility_quarter": "NA"
   }
  },
  {
   "type": "Feature",
   "geometry": {
    "type": "Point",
    "coordinates": [
     151.98313429,
     -26.8449809
    ]
   },
   "properties": {
    "name": "5 CREEK COURT YARRAMAN 4614",
    "locID": "LOC000076651034",
    "tech": "WIRELESS",
    "upgrade": "NULL_NA",
    "gnaf_pid": "GAQLD157348914",
    "ee": true,
    "tech_change_status": "Not Planned",
    "program_type": "Fixed Wireless and Satellite Upgrade Program",
    "target_eligibility_quarter": "NA"
   }
  },
  {
   "type": "Feature",
   "geometry": {
    "type": "Point",
    "coordinates": [
     151.98301811,
     -26.84483411
    ]
   },
   "properties": {
    "name": "7 CREEK COURT YARRAMAN 4614",
    "locID": "LOC000089525874",
    "tech": "WIRELESS",
    "upgrade": "NULL_NA",
    "gnaf_pid": "GAQLD157348915",
    "ee": true,
    "tech_change_status": "Not Planned",
    "program_type": "Fixed Wireless and Satellite Upgrade Program",
    "target_eligibility_quarter": "NA"
   }
  },
  {
   "type": "Feature",
   "geometry": {
    "type": "Point",
    "coordinates": [
     151.98346063,
     -26.83998621
    ]
   },
   "properties": {
    "name": "1 MCDANIELL STREET YARRAMAN 4614",
    "locID": "LOC000047797493",
    "tech": "WIRELESS",
    "upgrade": "NULL_NA",
    "gnaf_pid": "GAQLD157351982",
    "ee": true,
    "tech_change_status": "Not Planned",
    "program_type": "Fixed Wireless and Satellite Upgrade Program",
    "target_eligibility_quarter": "NA"
   }
  },
  {
   "type": "Feature",
   "geometry": {
    "type": "Point",
    "coordinates": [
     151.98274085,
     -26.84051175
    ]
   },
   "properties": {
    "name": "10 MCDANIELL STREET YARRAMAN 4614",
    "locID": "LOC000068801926",
    "tech": "WIRELESS",
    "upgrade": "NULL_NA",
    "gnaf_pid": "GAQLD157351983",
    "ee": true,
    "tech_change_status": "Not Planned",
    "program_type": "Fixed Wireless and Satellite Upgrade Program",
    "target_eligibility_quarter": "NA"
   }
  },
  {
   "type": "Feature",
   "geometry": {
    "type": "Point",
    "coordinates": [
     151.98235245,
     -26.83988138
    ]
   },
   "properties": {
    "name": "11 MCDANIELL STREET YARRAMAN 4614",
    "locID": "LOC000109066689",
    "tech": "WIRELESS",
    "upgrade": "NULL_NA",
    "gnaf_pid": "GAQLD157351984",
    "ee": true,
    "tech_change_status": "Not Planned",
    "program_type": "Fixed Wireless and Satellite Upgrade Program",
    "target_eligibility_quarter": "NA"
   }
  },
  {
   "type": "Feature",
   "geometry": {
    "type": "Point",
    "coordinates": [
     151.98215143,
     -26.83988245
    ]
   },
   "properties": {
    "name": "13 MCDANIELL STREET YARRAMAN 4614",
    "locID": "LOC000070339218",
    "tech": "WIRELESS",
    "upgrade": "NULL_NA",
    "gnaf_pid": "GAQLD157351985",
    "ee": true,
    "tech_change_status": "Not Planned",
    "program_type": "Fixed Wireless and Satellite Upgrade Program",
    "target_eligibility_quarter": "NA"
   }
  },
  {
   "type": "Feature",
   "geometry": {
    "type": "Point",
    "coordinates": [
     151.98195042,
     -26.8398835
    ]
   },
   "properties": {
    "name": "15 MCDANIELL STREET YARRAMAN 4614",
    "locID": "LOC000004901074",
    "tech": "WIRELESS",
    "upgrade": "NULL_NA",
    "gnaf_pid": "GAQLD157351986",
    "ee": true,
    "tech_change_status": "Not Planned",
    "program_type": "Fixed Wireless and Satellite Upgrade Program",
    "target_eligibility_quarter": "NA"
   }
  },
  {
   "type": "Feature",
   "geometry": {
    "type": "Point",
    "coordinates": [
     151.98174942,
     -26.83988456
    ]
   },
   "properties": {
    "name": "17 MCDANIELL STREET YARRAMAN 4614",
    "locID": "LOC000054934160",
    "tech": "WIRELESS",
    "upgrade": "NULL_NA",
    "gnaf_pid": "GAQLD157351987",
    "ee": true,
    "tech_change_status": "Not Planned",
    "program_type": "Fixed Wireless and Satellite Upgrade Program",
    "target_eligibility_quarter": "NA"
   }
  },
  {
   "type": "Feature",
   "geometry": {
    "type": "Point",
    "coordinates": [
     151.98193332,
     -26.84051736
    ]
   },
   "properties": {
    "name": "18 MCDANIELL STREET YARRAMAN 4614",
    "locID": "LOC000029828328",
    "tech": "WIRELESS",
    "upgrade": "NULL_NA",
    "gnaf_pid": "GAQLD157351988",
    "ee": true,
    "tech_change_status": "Not Planned",
    "program_type": "Fixed Wireless and Satellite Upgrade Program",
    "target_eligibility_quarter": "NA"
   }
  },
  {
   "type": "Feature",
   "geometry": {
    "type": "Point",
    "coordinates": [
     151.98154835,
     -26.83988561
    ]
   },
   "properties": {
    "name": "19 MCDANIELL STREET YARRAMAN 4614",
    "locID": "LOC000034185895",
    "tech": "WIRELESS",
    "upgrade": "NULL_NA",
    "gnaf_pid": "GAQLD157351989",
    "ee": true,
    "tech_change_status": "Not Planned",
    "program_type": "Fixed Wireless and Satellite Upgrade Program",
    "target_eligibility_quarter": "NA"
   }
  },
  {
   "type": "Feature",
   "geometry": {
    "type": "Point",
    "coordinates": [
     151.98362503,
     -26.84039517
    ]
   },
   "properties": {
    "name": "2 MCDANIELL STREET YARRAMAN 4614",
    "locID": "LOC000060910751",
    "tech": "WIRELESS",
    "upgrade": "NULL_NA",
    "gnaf_pid": "GAQLD157351990",
    "ee": true,
    "tech_change_status": "Not Planned",
    "program_type": "Fixed Wireless and Satellite Upgrade Program",
    "target_eligibility_quarter": "NA"
   }
  },
  {
   "type": "Feature",
   "geometry": {
    "type": "Point",
    "coordinates": [
     151.98173135,
     -26.84050985
    ]
   },
   "properties": {
    "name": "20 MCDANIELL STREET YARRAMAN 4614",
    "locID": "LOC000034944394",
    "tech": "WIRELESS",
    "upgrade": "NULL_NA",
    "gnaf_pid": "GAQLD157351991",
    "ee": true,
    "tech_change_status": "Not Planned",
    "program_type": "Fixed Wireless and Satellite Upgrade Program",
    "target_eligibility_quarter": "NA"
   }
  },
  {
   "type": "Feature",
   "geometry": {
    "type": "Point",
    "coordinates": [
     151.98134734,
     -26.83988667
    ]
   },
   "properties": {
    "name": "21 MCDANIELL STREET YARRAMAN 4614",
    "locID": "LOC000107058459",
    "tech": "WIRELESS",
    "upgrade": "NULL_NA",
    "gnaf_pid": "GAQLD157351992",
    "ee": true,
    "tech_change_status": "Not Planned",
    "program_type": "Fixed Wireless and Satellite Upgrade Program",
    "target_eligibility_quarter": "NA"
   }
  },
  {
   "type": "Feature",
   "geometry": {
    "type": "Point",
    "coordinates": [
     151.98114634,
     -26.83988773
    ]
   },
   "properties": {
    "name": "23 MCDANIELL STREET YARRAMAN 4614",
    "locID": "LOC000066237103",
    "tech": "WIRELESS",
    "upgrade": "NULL_NA",
    "gnaf_pid": "GAQLD157351993",
    "ee": true,
    "tech_change_status": "Not Planned",
    "program_type": "Fixed Wireless and Satellite Upgrade Program",
    "target_eligibility_quarter": "NA"
   }
  },
  {
   "type": "Feature",
   "geometry": {
    "type": "Point",
    "coordinates": [
     151.98094532,
     -26.83988878
    ]
   },
   "properties": {
    "name": "25 MCDANIELL STREET YARRAMAN 4614",
    "locID": "LOC000033385003",
    "tech": "WIRELESS",
    "upgrade": "NULL_NA",
    "gnaf_pid": "GAQLD157351994",
    "ee": true,
    "tech_change_status": "Not Planned",
    "program_type": "Fixed Wireless and Satellite Upgrade Program",
    "target_eligibility_quarter": "NA"
   }
  },
  {
   "type": "Feature",
   "geometry": {
    "type": "Point",
    "coordinates": [
     151.98316447,
     -26.83986542
    ]
   },
   "properties": {
    "name": "3 MCDANIELL STREET YARRAMAN 4614",
    "locID": "LOC000105544729",
    "tech": "WIRELESS",
    "upgrade": "NULL_NA",
    "gnaf_pid": "GAQLD157351995",
    "ee": true,
    "tech_change_status": "Not Planned",
    "program_type": "Fixed Wireless and Satellite Upgrade Program",
    "target_eligibility_quarter": "NA"
   }
  },
  {
   "type": "Feature",
   "geometry": {
    "type": "Point",
    "coordinates": [
     151.9833492,
     -26.8405045
    ]
   },
   "properties": {
    "name": "4 MCDANIELL STREET YARRAMAN 4614",
    "locID": "LOC000098617244",
    "tech": "WIRELESS",
    "upgrade": "NULL_NA",
    "gnaf_pid": "GAQLD157351996",
    "ee": true,
    "tech_change_status": "Not Planned",
    "program_type": "Fixed Wireless and Satellite Upgrade Program",
    "target_eligibility_quarter": "NA"
   }
  },
  {
   "type": "Feature",
   "geometry": {
    "type": "Point",
    "coordinates": [
     151.98295553,
     -26.83987818
    ]
   },
   "properties": {
    "name": "5 MCDANIELL STREET YARRAMAN 4614",
    "locID": "LOC000008293506",
    "tech": "WIRELESS",
    "upgrade": "NULL_NA",
    "gnaf_pid": "GAQLD157351997",
    "ee": true,
    "tech_change_status": "Not Planned",
    "program_type": "Fixed Wireless and Satellite Upgrade Program",
    "target_eligibility_quarter": "NA"
   }
  },
  {
   "type": "Feature",
   "geometry": {
    "type": "Point",
    "coordinates": [
     151.98314463,
     -26.84050892
    ]
   },
   "properties": {
    "name": "6 MCDANIELL STREET YARRAMAN 4614",
    "locID": "LOC000056357427",
    "tech": "WIRELESS",
    "upgrade": "NULL_NA",
    "gnaf_pid": "GAQLD157351998",
    "ee": true,
    "tech_change_status": "Not Planned",
    "program_type": "Fixed Wireless and Satellite Upgrade Program",
    "target_eligibility_quarter": "NA"
   }
  },
  {
   "type": "Feature",
   "geometry": {
    "type": "Point",
    "coordinates": [
     151.98275451,
     -26.83987924
    ]
   },
   "properties": {
    "name": "7 MCDANIELL STREET YARRAMAN 4614",
    "locID": "LOC000072293782",
    "tech": "WIRELESS",
    "upgrade": "NULL_NA",
    "gnaf_pid": "GAQLD157351999",
    "ee": true,
    "tech_change_status": "Not Planned",
    "program_type": "Fixed Wireless and Satellite Upgrade Program",
    "target_eligibility_quarter": "NA"
   }
  },
  {
   "type": "Feature",
   "geometry": {
    "type": "Point",
    "coordinates": [
     151.98294277,
     -26.84051034
    ]
   },
   "properties": {
    "name": "8 MCDANIELL STREET YARRAMAN 4614",
    "locID": "LOC000038174413",
    "tech": "WIRELESS",
    "upgrade": "NULL_NA",
    "gnaf_pid": "GAQLD157352000",
    "ee": true,
    "tech_change_status": "Not Planned",
    "program_type": "Fixed Wireless and Satellite Upgrade Program",
    "target_eligibility_quarter": "NA"
   }
  },
  {
   "type": "Feature",
   "geometry": {
    "type": "Point",
    "coordinates": [
     151.98255345,
     -26.83988032
    ]
   },
   "properties": {
    "name": "9 MCDANIELL STREET YARRAMAN 4614",
    "locID": "LOC000068801926",
    "tech": "WIRELESS",
    "upgrade": "NULL_NA",
    "gnaf_pid": "GAQLD157352001",
    "ee": true,
    "tech_change_status": "Not Planned",
    "program_type": "Fixed Wireless and Satellite Upgrade Program",
    "target_eligibility_quarter": "NA"
   }
  },
  {
   "type": "Feature",
   "geometry": {
    "type": "Point",
    "coordinates": [
     151.97646129,
     -26.83851513
    ]
   },
   "properties": {
    "name": "1 MCDOUGALL STREET YARRAMAN 4614",
    "locID": "LOC000030665961",
    "tech": "WIRELESS",
    "upgrade": "NULL_NA",
    "gnaf_pid": "GAQLD157352002",
    "ee": true,
    "tech_change_status": "Not Planned",
    "program_type": "Fixed Wireless and Satellite Upgrade Program",
    "target_eligibility_quarter": "NA"
   }
  },
  {
   "type": "Feature",
   "geometry": {
    "type": "Point",
    "coordinates": [
     151.97760909,
     -26.83894839
    ]
   },
   "properties": {
    "name": "10 MCDOUGALL STREET YARRAMAN 4614",
    "locID": "LOC000020830035",
    "tech": "WIRELESS",
    "upgrade": "NULL_NA",
    "gnaf_pid": "GAQLD157352003",
    "ee": true,
    "tech_change_status": "Not Planned",
    "program_type": "Fixed Wireless and Satellite Upgrade Program",
    "target_eligibility_quarter": "NA"
   }
  },
  {
   "type": "Feature",
   "geometry": {
    "type": "Point",
    "coordinates": [
     151.97772831,
     -26.83909443
    ]
   },
   "properties": {
    "name": "12 MCDOUGALL STREET YARRAMAN 4614",
    "locID": "LOC000047025842",
    "tech": "WIRELESS",
    "upgrade": "NULL_NA",
    "gnaf_pid": "GAQLD157352004",
    "ee": true,
    "tech_change_status": "Not Planned",
    "program_type": "Fixed Wireless and Satellite Upgrade Program",
    "target_eligibility_quarter": "NA"
   }
  },
  {
   "type": "Feature",
   "geometry": {
    "type": "Point",
    "coordinates": [
     151.97951743,
     -26.84143848
    ]
   },
   "properties": {
    "name": "12 DOUGLAS STREET YARRAMAN 4614",
    "locID": "LOC000010671862",
    "tech": "WIRELESS",
    "upgrade": "NULL_NA",
    "gnaf_pid": "GAQLD157352133",
    "ee": true,
    "tech_change_status": "Not Planned",
    "program_type": "Fixed Wireless and Satellite Upgrade Program",
    "target_eligibility_quarter": "NA"
   }
  },
  {
   "type": "Feature",
   "geometry": {
    "type": "Point",
    "coordinates": [
     151.97879108,
     -26.84121766
    ]
   },
   "properties": {
    "name": "13 DOUGLAS STREET YARRAMAN 4614",
    "locID": "LOC000079856056",
    "tech": "WIRELESS",
    "upgrade": "NULL_NA",
    "gnaf_pid": "GAQLD157352134",
    "ee": true,
    "tech_change_status": "Not Planned",
    "program_type": "Fixed Wireless and Satellite Upgrade Program",
    "target_eligibility_quarter": "NA"
   }
  },
  {
   "type": "Feature",
   "geometry": {
    "type": "Point",
    "coordinates": [
     151.97934885,
     -26.84154025
    ]
   },
   "properties": {
    "name": "14 DOUGLAS STREET YARRAMAN 4614",
    "locID": "LOC000016622577",
    "tech": "WIRELESS",
    "upgrade": "NULL_NA",
    "gnaf_pid": "GAQLD157352135",
    "ee": true,
    "tech_change_status": "Not Planned",
    "program_type": "Fixed Wireless and Satellite Upgrade Program",
    "target_eligibility_quarter": "NA"
   }
  },
  {
   "type": "Feature",
   "geometry": {
    "type": "Point",
    "coordinates": [
     151.97840855,
     -26.84143979
    ]
   },
   "properties": {
    "name": "15 DOUGLAS STREET YARRAMAN 4614",
    "locID": "LOC000034147977",
    "tech": "WIRELESS",
    "upgrade": "NULL_NA",
    "gnaf_pid": "GAQLD157352136",
    "ee": true,
    "tech_change_status": "Not Planned",
    "program_type": "Fixed Wireless and Satellite Upgrade Program",
    "target_eligibility_quarter": "NA"
   }
  },
  {
   "type": "Feature",
   "geometry": {
    "type": "Point",
    "coordinates": [
     151.97910458,
     -26.84160104
    ]
   },
   "properties": {
    "name": "16 DOUGLAS STREET YARRAMAN 4614",
    "locID": "LOC000102822104",
    "tech": "WIRELESS",
    "upgrade": "NULL_NA",
    "gnaf_pid": "GAQLD157352137",
    "ee": true,
    "tech_change_status": "Not Planned",
    "program_type": "Fixed Wireless and Satellite Upgrade Program",
    "target_eligibility_quarter": "NA"
   }
  },
  {
   "type": "Feature",
   "geometry": {
    "type": "Point",
    "coordinates": [
     151.9782178,
     -26.84155433
    ]
   },
   "properties": {
    "name": "17 DOUGLAS STREET YARRAMAN 4614",
    "locID": "LOC000087087092",
    "tech": "WIRELESS",
    "upgrade": "NULL_NA",
    "gnaf_pid": "GAQLD157352144",
    "ee": true,
    "tech_change_status": "Not Planned",
    "program_type": "Fixed Wireless and Satellite Upgrade Program",
    "target_eligibility_quarter": "NA"
   }
  },
  {
   "type": "Feature",
   "geometry": {
    "type": "Point",
    "coordinates": [
     151.97876846,
     -26.84188186
    ]
   },
   "properties": {
    "name": "18 DOUGLAS STREET YARRAMAN 4614",
    "locID": "LOC000005010234",
    "tech": "WIRELESS",
    "upgrade": "NULL_NA",
    "gnaf_pid": "GAQLD157352145",
    "ee": true,
    "tech_change_status": "Not Planned",
    "program_type": "Fixed Wireless and Satellite Upgrade Program",
    "target_eligibility_quarter": "NA"
   }
  },
  {
   "type": "Feature",
   "geometry": {
    "type": "Point",
    "coordinates": [
     151.98036382,
     -26.84093465
    ]
   },
   "properties": {
    "name": "2 DOUGLAS STREET YARRAMAN 4614",
    "locID": "LOC000003365959",
    "tech": "WIRELESS",
    "upgrade": "NULL_NA",
    "gnaf_pid": "GAQLD157352146",
    "ee": true,
    "tech_change_status": "Not Planned",
    "program_type": "Fixed Wireless and Satellite Upgrade Program",
    "target_eligibility_quarter": "NA"
   }
  },
  {
   "type": "Feature",
   "geometry": {
    "type": "Point",
    "coordinates": [
     151.97857941,
     -26.84199536
    ]
   },
   "properties": {
    "name": "20 DOUGLAS STREET YARRAMAN 4614",
    "locID": "LOC000072897802",
    "tech": "WIRELESS",
    "upgrade": "NULL_NA",
    "gnaf_pid": "GAQLD157352147",
    "ee": true,
    "tech_change_status": "Not Planned",
    "program_type": "Fixed Wireless and Satellite Upgrade Program",
    "target_eligibility_quarter": "NA"
   }
  },
  {
   "type": "Feature",
   "geometry": {
    "type": "Point",
    "coordinates": [
     151.97841024,
     -26.84209625
    ]
   },
   "properties": {
    "name": "22 DOUGLAS STREET YARRAMAN 4614",
    "locID": "LOC000052573944",
    "tech": "WIRELESS",
    "upgrade": "NULL_NA",
    "gnaf_pid": "GAQLD157352149",
    "ee": true,
    "tech_change_status": "Not Planned",
    "program_type": "Fixed Wireless and Satellite Upgrade Program",
    "target_eligibility_quarter": "NA"
   }
  },
  {
   "type": "Feature",
   "geometry": {
    "type": "Point",
    "coordinates": [
     151.97771159,
     -26.84185881
    ]
   },
   "properties": {
    "name": "23 DOUGLAS STREET YARRAMAN 4614",
    "locID": "LOC000022323362",
    "tech": "WIRELESS",
    "upgrade": "NULL_NA",
    "gnaf_pid": "GAQLD157352150",
    "ee": true,
    "tech_change_status": "Not Planned",
    "program_type": "Fixed Wireless and Satellite Upgrade Program",
    "target_eligibility_quarter": "NA"
   }
  },
  {
   "type": "Feature",
   "geometry": {
    "type": "Point",
    "coordinates": [
     151.97824104,
     -26.84219716
    ]
   },
   "properties": {
    "name": "24 DOUGLAS STREET YARRAMAN 4614",
    "locID": "LOC000049836148",
    "tech": "WIRELESS",
    "upgrade": "NULL_NA",
    "gnaf_pid": "GAQLD157352151",
    "ee": true,
    "tech_change_status": "Not Planned",
    "program_type": "Fixed Wireless and Satellite Upgrade Program",
    "target_eligibility_quarter": "NA"
   }
  },
  {
   "type": "Feature",
   "geometry": {
    "type": "Point",
    "coordinates": [
     151.97754321,
     -26.84195986
    ]
   },
   "properties": {
    "name": "25 DOUGLAS STREET YARRAMAN 4614",
    "locID": "LOC000076339685",
    "tech": "WIRELESS",
    "upgrade": "NULL_NA",
    "gnaf_pid": "GAQLD157352152",
    "ee": true,
    "tech_change_status": "Not Planned",
    "program_type": "Fixed Wireless and Satellite Upgrade Program",
    "target_eligibility_quarter": "NA"
   }
  },
  {
   "type": "Feature",
   "geometry": {
    "type": "Point",
    "coordinates": [
     151.97965799,
     -26.84070209
    ]
   },
   "properties": {
    "name": "3 DOUGLAS STREET YARRAMAN 4614",
    "locID": "LOC000028598752",
    "tech": "WIRELESS",
    "upgrade": "NULL_NA",
    "gnaf_pid": "GAQLD157352154",
    "ee": true,
    "tech_change_status": "Not Planned",
    "program_type": "Fixed Wireless and Satellite Upgrade Program",
    "target_eligibility_quarter": "NA"
   }
  },
  {
   "type": "Feature",
   "geometry": {
    "type": "Point",
    "coordinates": [
     151.97948875,
     -26.84080279
    ]
   },
   "properties": {
    "name": "5 DOUGLAS STREET YARRAMAN 4614",
    "locID": "LOC000010777090",
    "tech": "WIRELESS",
    "upgrade": "NULL_NA",
    "gnaf_pid": "GAQLD157352156",
    "ee": true,
    "tech_change_status": "Not Planned",
    "program_type": "Fixed Wireless and Satellite Upgrade Program",
    "target_eligibility_quarter": "NA"
   }
  },
  {
   "type": "Feature",
   "geometry": {
    "type": "Point",
    "coordinates": [
     151.98000809,
     -26.84115569
    ]
   },
   "properties": {
    "name": "6 DOUGLAS STREET YARRAMAN 4614",
    "locID": "LOC000060303588",
    "tech": "WIRELESS",
    "upgrade": "NULL_NA",
    "gnaf_pid": "GAQLD157352157",
    "ee": true,
    "tech_change_status": "Not Planned",
    "program_type": "Fixed Wireless and Satellite Upgrade Program",
    "target_eligibility_quarter": "NA"
   }
  },
  {
   "type": "Feature",
   "geometry": {
    "type": "Point",
    "coordinates": [
     151.97931948,
     -26.84090349
    ]
   },
   "properties": {
    "name": "7 DOUGLAS STREET YARRAMAN 4614",
    "locID": "LOC000026614144",
    "tech": "WIRELESS",
    "upgrade": "NULL_NA",
    "gnaf_pid": "GAQLD157352158",
    "ee": true,
    "tech_change_status": "Not Planned",
    "program_type": "Fixed Wireless and Satellite Upgrade Program",
    "target_eligibility_quarter": "NA"
   }
  },
  {
   "type": "Feature",
   "geometry": {
    "type": "Point",
    "coordinates": [
     151.97985473,
     -26.84123854
    ]
   },
   "properties": {
    "name": "8 DOUGLAS STREET YARRAMAN 4614",
    "locID": "LOC000001690293",
    "tech": "WIRELESS",
    "upgrade": "NULL_NA",
    "gnaf_pid": "GAQLD157352159",
    "ee": true,
    "tech_change_status": "Not Planned",
    "program_type": "Fixed Wireless and Satellite Upgrade Program",
    "target_eligibility_quarter": "NA"
   }
  },
  {
   "type": "Feature",
   "geometry": {
    "type": "Point",
    "coordinates": [
     151.97915023,
     -26.84100422
    ]
   },
   "properties": {
    "name": "9 DOUGLAS STREET YARRAMAN 4614",
    "locID": "LOC000061190764",
    "tech": "WIRELESS",
    "upgrade": "NULL_NA",
    "gnaf_pid": "GAQLD157352160",
    "ee": true,
    "tech_change_status": "Not Planned",
    "program_type": "Fixed Wireless and Satellite Upgrade Program",
    "target_eligibility_quarter": "NA"
   }
  },
  {
   "type": "Feature",
   "geometry": {
    "type": "Point",
    "coordinates": [
     151.97519027,
     -26.84367249
    ]
   },
   "properties": {
    "name": "10 GEORGE STREET YARRAMAN 4614",
    "locID": "LOC000021780406",
    "tech": "WIRELESS",
    "upgrade": "NULL_NA",
    "gnaf_pid": "GAQLD157352163",
    "ee": true,
    "tech_change_status": "Not Planned",
    "program_type": "Fixed Wireless and Satellite Upgrade Program",
    "target_eligibility_quarter": "NA"
   }
  },
  {
   "type": "Feature",
   "geometry": {
    "type": "Point",
    "coordinates": [
     151.97530995,
     -26.8438194
    ]
   },
   "properties": {
    "name": "12 GEORGE STREET YARRAMAN 4614",
    "locID": "LOC000070004823",
    "tech": "WIRELESS",
    "upgrade": "NULL_NA",
    "gnaf_pid": "GAQLD157352164",
    "ee": true,
    "tech_change_status": "Not Planned",
    "program_type": "Fixed Wireless and Satellite Upgrade Program",
    "target_eligibility_quarter": "NA"
   }
  },
  {
   "type": "Feature",
   "geometry": {
    "type": "Point",
    "coordinates": [
     151.97993574,
     -26.84020943
    ]
   },
   "properties": {
    "name": "11 TOOMEY STREET YARRAMAN 4614",
    "locID": "LOC000108458287",
    "tech": "WIRELESS",
    "upgrade": "NULL_NA",
    "gnaf_pid": "GAQLD157352196",
    "ee": true,
    "tech_change_status": "Not Planned",
    "program_type": "Fixed Wireless and Satellite Upgrade Program",
    "target_eligibility_quarter": "NA"
   }
  },
  {
   "type": "Feature",
   "geometry": {
    "type": "Point",
    "coordinates": [
     151.98118433,
     -26.84041927
    ]
   },
   "properties": {
    "name": "12 TOOMEY STREET YARRAMAN 4614",
    "locID": "LOC000062855017",
    "tech": "WIRELESS",
    "upgrade": "NULL_NA",
    "gnaf_pid": "GAQLD157352197",
    "ee": true,
    "tech_change_status": "Not Planned",
    "program_type": "Fixed Wireless and Satellite Upgrade Program",
    "target_eligibility_quarter": "NA"
   }
  },
  {
   "type": "Feature",
   "geometry": {
    "type": "Point",
    "coordinates": [
     151.98122154,
     -26.84054845
    ]
   },
   "properties": {
    "name": "14 TOOMEY STREET YARRAMAN 4614",
    "locID": "LOC000043482129",
    "tech": "WIRELESS",
    "upgrade": "NULL_NA",
    "gnaf_pid": "GAQLD157352198",
    "ee": true,
    "tech_change_status": "Not Planned",
    "program_type": "Fixed Wireless and Satellite Upgrade Program",
    "target_eligibility_quarter": "NA"
   }
  },
  {
   "type": "Feature",
   "geometry": {
    "type": "Point",
    "coordinates": [
     151.97699561,
     -26.83693966
    ]
   },
   "properties": {
    "name": "1 ROSALIE DRIVE YARRAMAN 4614",
    "locID": "LOC000010429299",
    "tech": "WIRELESS",
    "upgrade": "NULL_NA",
    "gnaf_pid": "GAQLD157355084",
    "ee": true,
    "tech_change_status": "Not Planned",
    "program_type": "Fixed Wireless and Satellite Upgrade Program",
    "target_eligibility_quarter": "NA"
   }
  },
  {
   "type": "Feature",
   "geometry": {
    "type": "Point",
    "coordinates": [
     151.97513106,
     -26.83512072
    ]
   },
   "properties": {
    "name": "11 ROSALIE DRIVE YARRAMAN 4614",
    "locID": "LOC000103190738",
    "tech": "WIRELESS",
    "upgrade": "NULL_NA",
    "gnaf_pid": "GAQLD157355086",
    "ee": true,
    "tech_change_status": "Not Planned",
    "program_type": "Fixed Wireless and Satellite Upgrade Program",
    "target_eligibility_quarter": "NA"
   }
  },
  {
   "type": "Feature",
   "geometry": {
    "type": "Point",
    "coordinates": [
     151.97512528,
     -26.83727285
    ]
   },
   "properties": {
    "name": "12 ROSALIE DRIVE YARRAMAN 4614",
    "locID": "LOC000025770795",
    "tech": "WIRELESS",
    "upgrade": "NULL_NA",
    "gnaf_pid": "GAQLD157355087",
    "ee": true,
    "tech_change_status": "Not Planned",
    "program_type": "Fixed Wireless and Satellite Upgrade Program",
    "target_eligibility_quarter": "NA"
   }
  },
  {
   "type": "Feature",
   "geometry": {
    "type": "Point",
    "coordinates": [
     151.97721349,
     -26.83944442
    ]
   },
   "properties": {
    "name": "13 MCDOUGALL STREET YARRAMAN 4614",
    "locID": "LOC000014088959",
    "tech": "WIRELESS",
    "upgrade": "NULL_NA",
    "gnaf_pid": "GAQLD157355677",
    "ee": true,
    "tech_change_status": "Not Planned",
    "program_type": "Fixed Wireless and Satellite Upgrade Program",
    "target_eligibility_quarter": "NA"
   }
  },
  {
   "type": "Feature",
   "geometry": {
    "type": "Point",
    "coordinates": [
     151.97733293,
     -26.83959062
    ]
   },
   "properties": {
    "name": "15 MCDOUGALL STREET YARRAMAN 4614",
    "locID": "LOC000003469039",
    "tech": "WIRELESS",
    "upgrade": "NULL_NA",
    "gnaf_pid": "GAQLD157355679",
    "ee": true,
    "tech_change_status": "Not Planned",
    "program_type": "Fixed Wireless and Satellite Upgrade Program",
    "target_eligibility_quarter": "NA"
   }
  },
  {
   "type": "Feature",
   "geometry": {
    "type": "Point",
    "coordinates": [
     151.97745243,
     -26.8397368
    ]
   },
   "properties": {
    "name": "17 MCDOUGALL STREET YARRAMAN 4614",
    "locID": "LOC000043400315",
    "tech": "WIRELESS",
    "upgrade": "NULL_NA",
    "gnaf_pid": "GAQLD157355680",
    "ee": true,
    "tech_change_status": "Not Planned",
    "program_type": "Fixed Wireless and Satellite Upgrade Program",
    "target_eligibility_quarter": "NA"
   }
  },
  {
   "type": "Feature",
   "geometry": {
    "type": "Point",
    "coordinates": [
     151.97853743,
     -26.8399448
    ]
   },
   "properties": {
    "name": "18 MCDOUGALL STREET YARRAMAN 4614",
    "locID": "LOC000004946278",
    "tech": "WIRELESS",
    "upgrade": "NULL_NA",
    "gnaf_pid": "GAQLD157355681",
    "ee": true,
    "tech_change_status": "Not Planned",
    "program_type": "Fixed Wireless and Satellite Upgrade Program",
    "target_eligibility_quarter": "NA"
   }
  },
  {
   "type": "Feature",
   "geometry": {
    "type": "Point",
    "coordinates": [
     151.97757188,
     -26.83988299
    ]
   },
   "properties": {
    "name": "19 MCDOUGALL STREET YARRAMAN 4614",
    "locID": "LOC000098557920",
    "tech": "WIRELESS",
    "upgrade": "NULL_NA",
    "gnaf_pid": "GAQLD157355682",
    "ee": true,
    "tech_change_status": "Not Planned",
    "program_type": "Fixed Wireless and Satellite Upgrade Program",
    "target_eligibility_quarter": "NA"
   }
  },
  {
   "type": "Feature",
   "geometry": {
    "type": "Point",
    "coordinates": [
     151.97697274,
     -26.83836784
    ]
   },
   "properties": {
    "name": "2 MCDOUGALL STREET YARRAMAN 4614",
    "locID": "LOC000097715774",
    "tech": "WIRELESS",
    "upgrade": "NULL_NA",
    "gnaf_pid": "GAQLD157355683",
    "ee": true,
    "tech_change_status": "Not Planned",
    "program_type": "Fixed Wireless and Satellite Upgrade Program",
    "target_eligibility_quarter": "NA"
   }
  },
  {
   "type": "Feature",
   "geometry": {
    "type": "Point",
    "coordinates": [
     151.97860754,
     -26.83854011
    ]
   },
   "properties": {
    "name": "14 JUILLERAT STREET YARRAMAN 4614",
    "locID": "LOC000082483460",
    "tech": "WIRELESS",
    "upgrade": "NULL_NA",
    "gnaf_pid": "GAQLD157356111",
    "ee": true,
    "tech_change_status": "Not Planned",
    "program_type": "Fixed Wireless and Satellite Upgrade Program",
    "target_eligibility_quarter": "NA"
   }
  },
  {
   "type": "Feature",
   "geometry": {
    "type": "Point",
    "coordinates": [
     151.97872716,
     -26.83868597
    ]
   },
   "properties": {
    "name": "16 JUILLERAT STREET YARRAMAN 4614",
    "locID": "LOC000086838891",
    "tech": "WIRELESS",
    "upgrade": "NULL_NA",
    "gnaf_pid": "GAQLD157356112",
    "ee": true,
    "tech_change_status": "Not Planned",
    "program_type": "Fixed Wireless and Satellite Upgrade Program",
    "target_eligibility_quarter": "NA"
   }
  },
  {
   "type": "Feature",
   "geometry": {
    "type": "Point",
    "coordinates": [
     151.97760788,
     -26.83829646
    ]
   },
   "properties": {
    "name": "3 JUILLERAT STREET YARRAMAN 4614",
    "locID": "LOC000103451333",
    "tech": "WIRELESS",
    "upgrade": "NULL_NA",
    "gnaf_pid": "GAQLD157356113",
    "ee": true,
    "tech_change_status": "Not Planned",
    "program_type": "Fixed Wireless and Satellite Upgrade Program",
    "target_eligibility_quarter": "NA"
   }
  },
  {
   "type": "Feature",
   "geometry": {
    "type": "Point",
    "coordinates": [
     151.9780692,
     -26.83788371
    ]
   },
   "properties": {
    "name": "4 JUILLERAT STREET YARRAMAN 4614",
    "locID": "LOC000105574399",
    "tech": "WIRELESS",
    "upgrade": "NULL_NA",
    "gnaf_pid": "GAQLD157356114",
    "ee": true,
    "tech_change_status": "Not Planned",
    "program_type": "Fixed Wireless and Satellite Upgrade Program",
    "target_eligibility_quarter": "NA"
   }
  },
  {
   "type": "Feature",
   "geometry": {
    "type": "Point",
    "coordinates": [
     151.97772817,
     -26.83844227
    ]
   },
   "properties": {
    "name": "5 JUILLERAT STREET YARRAMAN 4614",
    "locID": "LOC000024028394",
    "tech": "WIRELESS",
    "upgrade": "NULL_NA",
    "gnaf_pid": "GAQLD157356115",
    "ee": true,
    "tech_change_status": "Not Planned",
    "program_type": "Fixed Wireless and Satellite Upgrade Program",
    "target_eligibility_quarter": "NA"
   }
  },
  {
   "type": "Feature",
   "geometry": {
    "type": "Point",
    "coordinates": [
     151.97812901,
     -26.83795664
    ]
   },
   "properties": {
    "name": "6 JUILLERAT STREET YARRAMAN 4614",
    "locID": "LOC000026501735",
    "tech": "WIRELESS",
    "upgrade": "NULL_NA",
    "gnaf_pid": "GAQLD157356116",
    "ee": true,
    "tech_change_status": "Not Planned",
    "program_type": "Fixed Wireless and Satellite Upgrade Program",
    "target_eligibility_quarter": "NA"
   }
  },
  {
   "type": "Feature",
   "geometry": {
    "type": "Point",
    "coordinates": [
     151.97824866,
     -26.83810251
    ]
   },
   "properties": {
    "name": "8 JUILLERAT STREET YARRAMAN 4614",
    "locID": "LOC000008176798",
    "tech": "WIRELESS",
    "upgrade": "NULL_NA",
    "gnaf_pid": "GAQLD157356117",
    "ee": true,
    "tech_change_status": "Not Planned",
    "program_type": "Fixed Wireless and Satellite Upgrade Program",
    "target_eligibility_quarter": "NA"
   }
  },
  {
   "type": "Feature",
   "geometry": {
    "type": "Point",
    "coordinates": [
     151.9779687,
     -26.83873393
    ]
   },
   "properties": {
    "name": "9 JUILLERAT STREET YARRAMAN 4614",
    "locID": "LOC000041196054",
    "tech": "WIRELESS",
    "upgrade": "NULL_NA",
    "gnaf_pid": "GAQLD157356118",
    "ee": true,
    "tech_change_status": "Not Planned",
    "program_type": "Fixed Wireless and Satellite Upgrade Program",
    "target_eligibility_quarter": "NA"
   }
  },
  {
   "type": "Feature",
   "geometry": {
    "type": "Point",
    "coordinates": [
     151.97770295,
     -26.83742262
    ]
   },
   "properties": {
    "name": "1 LISTER STREET YARRAMAN 4614",
    "locID": "LOC000044416056",
    "tech": "WIRELESS",
    "upgrade": "NULL_NA",
    "gnaf_pid": "GAQLD157356119",
    "ee": true,
    "tech_change_status": "Not Planned",
    "program_type": "Fixed Wireless and Satellite Upgrade Program",
    "target_eligibility_quarter": "NA"
   }
  },
  {
   "type": "Feature",
   "geometry": {
    "type": "Point",
    "coordinates": [
     151.97543188,
     -26.84396259
    ]
   },
   "properties": {
    "name": "14 GEORGE STREET YARRAMAN 4614",
    "locID": "LOC000100475473",
    "tech": "WIRELESS",
    "upgrade": "NULL_NA",
    "gnaf_pid": "GAQLD157359141",
    "ee": true,
    "tech_change_status": "Not Planned",
    "program_type": "Fixed Wireless and Satellite Upgrade Program",
    "target_eligibility_quarter": "NA"
   }
  },
  {
   "type": "Feature",
   "geometry": {
    "type": "Point",
    "coordinates": [
     151.97483074,
     -26.84323222
    ]
   },
   "properties": {
    "name": "4 GEORGE STREET YARRAMAN 4614",
    "locID": "LOC000043994245",
    "tech": "WIRELESS",
    "upgrade": "NULL_NA",
    "gnaf_pid": "GAQLD157359142",
    "ee": true,
    "tech_change_status": "Not Planned",
    "program_type": "Fixed Wireless and Satellite Upgrade Program",
    "target_eligibility_quarter": "NA"
   }
  },
  {
   "type": "Feature",
   "geometry": {
    "type": "Point",
    "coordinates": [
     151.98258017,
     -26.84216794
    ]
   },
   "properties": {
    "name": "28 TOOMEY STREET YARRAMAN 4614",
    "locID": "LOC000086014445",
    "tech": "WIRELESS",
    "upgrade": "NULL_NA",
    "gnaf_pid": "GAQLD157359434",
    "ee": true,
    "tech_change_status": "Not Planned",
    "program_type": "Fixed Wireless and Satellite Upgrade Program",
    "target_eligibility_quarter": "NA"
   }
  },
  {
   "type": "Feature",
   "geometry": {
    "type": "Point",
    "coordinates": [
     151.98153988,
     -26.84209033
    ]
   },
   "properties": {
    "name": "31 TOOMEY STREET YARRAMAN 4614",
    "locID": "LOC000100515434",
    "tech": "WIRELESS",
    "upgrade": "NULL_NA",
    "gnaf_pid": "GAQLD157359435",
    "ee": true,
    "tech_change_status": "Not Planned",
    "program_type": "Fixed Wireless and Satellite Upgrade Program",
    "target_eligibility_quarter": "NA"
   }
  },
  {
   "type": "Feature",
   "geometry": {
    "type": "Point",
    "coordinates": [
     151.98234934,
     -26.84283466
    ]
   },
   "properties": {
    "name": "33 TOOMEY STREET YARRAMAN 4614",
    "locID": "LOC000095522443",
    "tech": "WIRELESS",
    "upgrade": "NULL_NA",
    "gnaf_pid": "GAQLD157359436",
    "ee": true,
    "tech_change_status": "Not Planned",
    "program_type": "Fixed Wireless and Satellite Upgrade Program",
    "target_eligibility_quarter": "NA"
   }
  },
  {
   "type": "Feature",
   "geometry": {
    "type": "Point",
    "coordinates": [
     151.9842125,
     -26.84193546
    ]
   },
   "properties": {
    "name": "13 WATSON STREET YARRAMAN 4614",
    "locID": "LOC000025694888",
    "tech": "WIRELESS",
    "upgrade": "NULL_NA",
    "gnaf_pid": "GAQLD157362760",
    "ee": true,
    "tech_change_status": "Not Planned",
    "program_type": "Fixed Wireless and Satellite Upgrade Program",
    "target_eligibility_quarter": "NA"
   }
  },
  {
   "type": "Feature",
   "geometry": {
    "type": "Point",
    "coordinates": [
     151.9837851,
     -26.83918063
    ]
   },
   "properties": {
    "name": "2 WATSON STREET YARRAMAN 4614",
    "locID": "LOC000030773872",
    "tech": "WIRELESS",
    "upgrade": "NULL_NA",
    "gnaf_pid": "GAQLD157362762",
    "ee": true,
    "tech_change_status": "Not Planned",
    "program_type": "Fixed Wireless and Satellite Upgrade Program",
    "target_eligibility_quarter": "NA"
   }
  },
  {
   "type": "Feature",
   "geometry": {
    "type": "Point",
    "coordinates": [
     151.98326714,
     -26.83947319
    ]
   },
   "properties": {
    "name": "3 WATSON STREET YARRAMAN 4614",
    "locID": "LOC000091135012",
    "tech": "WIRELESS",
    "upgrade": "NULL_NA",
    "gnaf_pid": "GAQLD157362763",
    "ee": true,
    "tech_change_status": "Not Planned",
    "program_type": "Fixed Wireless and Satellite Upgrade Program",
    "target_eligibility_quarter": "NA"
   }
  },
  {
   "type": "Feature",
   "geometry": {
    "type": "Point",
    "coordinates": [
     151.98386262,
     -26.83939673
    ]
   },
   "properties": {
    "name": "4 WATSON STREET YARRAMAN 4614",
    "locID": "LOC000097566656",
    "tech": "WIRELESS",
    "upgrade": "NULL_NA",
    "gnaf_pid": "GAQLD157362764",
    "ee": true,
    "tech_change_status": "Not Planned",
    "program_type": "Fixed Wireless and Satellite Upgrade Program",
    "target_eligibility_quarter": "NA"
   }
  },
  {
   "type": "Feature",
   "geometry": {
    "type": "Point",
    "coordinates": [
     151.98341091,
     -26.83975855
    ]
   },
   "properties": {
    "name": "5 WATSON STREET YARRAMAN 4614",
    "locID": "LOC000084287780",
    "tech": "WIRELESS",
    "upgrade": "NULL_NA",
    "gnaf_pid": "GAQLD157362765",
    "ee": true,
    "tech_change_status": "Not Planned",
    "program_type": "Fixed Wireless and Satellite Upgrade Program",
    "target_eligibility_quarter": "NA"
   }
  },
  {
   "type": "Feature",
   "geometry": {
    "type": "Point",
    "coordinates": [
     151.98366149,
     -26.84061854
    ]
   },
   "properties": {
    "name": "7 WATSON STREET YARRAMAN 4614",
    "locID": "LOC000039400299",
    "tech": "WIRELESS",
    "upgrade": "NULL_NA",
    "gnaf_pid": "GAQLD157362766",
    "ee": true,
    "tech_change_status": "Not Planned",
    "program_type": "Fixed Wireless and Satellite Upgrade Program",
    "target_eligibility_quarter": "NA"
   }
  },
  {
   "type": "Feature",
   "geometry": {
    "type": "Point",
    "coordinates": [
     151.98380986,
     -26.84084609
    ]
   },
   "properties": {
    "name": "9 WATSON STREET YARRAMAN 4614",
    "locID": "LOC000011585173",
    "tech": "WIRELESS",
    "upgrade": "NULL_NA",
    "gnaf_pid": "GAQLD157362767",
    "ee": true,
    "tech_change_status": "Not Planned",
    "program_type": "Fixed Wireless and Satellite Upgrade Program",
    "target_eligibility_quarter": "NA"
   }
  },
  {
   "type": "Feature",
   "geometry": {
    "type": "Point",
    "coordinates": [
     151.98071425,
     -26.83996067
    ]
   },
   "properties": {
    "name": "8 TOOMEY STREET YARRAMAN 4614",
    "locID": "LOC000087024107",
    "tech": "WIRELESS",
    "upgrade": "NULL_NA",
    "gnaf_pid": "GAQLD157366327",
    "ee": true,
    "tech_change_status": "Not Planned",
    "program_type": "Fixed Wireless and Satellite Upgrade Program",
    "target_eligibility_quarter": "NA"
   }
  },
  {
   "type": "Feature",
   "geometry": {
    "type": "Point",
    "coordinates": [
     151.98322087,
     -26.83924802
    ]
   },
   "properties": {
    "name": "1 WATSON STREET YARRAMAN 4614",
    "locID": "LOC000063194856",
    "tech": "WIRELESS",
    "upgrade": "NULL_NA",
    "gnaf_pid": "GAQLD157366329",
    "ee": true,
    "tech_change_status": "Not Planned",
    "program_type": "Fixed Wireless and Satellite Upgrade Program",
    "target_eligibility_quarter": "NA"
   }
  },
  {
   "type": "Feature",
   "geometry": {
    "type": "Point",
    "coordinates": [
     151.97602911,
     -26.84317882
    ]
   },
   "properties": {
    "name": "10 ANN STREET YARRAMAN 4614",
    "locID": "LOC000036665458",
    "tech": "WIRELESS",
    "upgrade": "NULL_NA",
    "gnaf_pid": "GAQLD157366345",
    "ee": true,
    "tech_change_status": "Not Planned",
    "program_type": "Fixed Wireless and Satellite Upgrade Program",
    "target_eligibility_quarter": "NA"
   }
  },
  {
   "type": "Feature",
   "geometry": {
    "type": "Point",
    "coordinates": [
     151.97508812,
     -26.83900465
    ]
   },
   "properties": {
    "name": "24 WILLIAMS COURT YARRAMAN 4614",
    "locID": "LOC000025045293",
    "tech": "WIRELESS",
    "upgrade": "NULL_NA",
    "gnaf_pid": "GAQLD157366347",
    "ee": true,
    "tech_change_status": "Not Planned",
    "program_type": "Fixed Wireless and Satellite Upgrade Program",
    "target_eligibility_quarter": "NA"
   }
  },
  {
   "type": "Feature",
   "geometry": {
    "type": "Point",
    "coordinates": [
     151.97552217,
     -26.84348065
    ]
   },
   "properties": {
    "name": "9 ANN STREET YARRAMAN 4614",
    "locID": "LOC000080857033",
    "tech": "WIRELESS",
    "upgrade": "NULL_NA",
    "gnaf_pid": "GAQLD157366359",
    "ee": true,
    "tech_change_status": "Not Planned",
    "program_type": "Fixed Wireless and Satellite Upgrade Program",
    "target_eligibility_quarter": "NA"
   }
  },
  {
   "type": "Feature",
   "geometry": {
    "type": "Point",
    "coordinates": [
     151.98701259,
     -26.84134172
    ]
   },
   "properties": {
    "name": "17 BARR SMITH STREET YARRAMAN 4614",
    "locID": "LOC000002540752",
    "tech": "WIRELESS",
    "upgrade": "NULL_NA",
    "gnaf_pid": "GAQLD157366363",
    "ee": true,
    "tech_change_status": "Not Planned",
    "program_type": "Fixed Wireless and Satellite Upgrade Program",
    "target_eligibility_quarter": "NA"
   }
  },
  {
   "type": "Feature",
   "geometry": {
    "type": "Point",
    "coordinates": [
     151.98682068,
     -26.84139754
    ]
   },
   "properties": {
    "name": "19 BARR SMITH STREET YARRAMAN 4614",
    "locID": "LOC000043640273",
    "tech": "WIRELESS",
    "upgrade": "NULL_NA",
    "gnaf_pid": "GAQLD157366364",
    "ee": true,
    "tech_change_status": "Not Planned",
    "program_type": "Fixed Wireless and Satellite Upgrade Program",
    "target_eligibility_quarter": "NA"
   }
  },
  {
   "type": "Feature",
   "geometry": {
    "type": "Point",
    "coordinates": [
     151.98505748,
     -26.84265239
    ]
   },
   "properties": {
    "name": "20 BARR SMITH STREET YARRAMAN 4614",
    "locID": "LOC000052333366",
    "tech": "WIRELESS",
    "upgrade": "NULL_NA",
    "gnaf_pid": "GAQLD157366365",
    "ee": true,
    "tech_change_status": "Not Planned",
    "program_type": "Fixed Wireless and Satellite Upgrade Program",
    "target_eligibility_quarter": "NA"
   }
  },
  {
   "type": "Feature",
   "geometry": {
    "type": "Point",
    "coordinates": [
     151.98497099,
     -26.84274728
    ]
   },
   "properties": {
    "name": "22 BARR SMITH STREET YARRAMAN 4614",
    "locID": "LOC000049382405",
    "tech": "WIRELESS",
    "upgrade": "NULL_NA",
    "gnaf_pid": "GAQLD157366366",
    "ee": true,
    "tech_change_status": "Not Planned",
    "program_type": "Fixed Wireless and Satellite Upgrade Program",
    "target_eligibility_quarter": "NA"
   }
  },
  {
   "type": "Feature",
   "geometry": {
    "type": "Point",
    "coordinates": [
     151.98475388,
     -26.84280526
    ]
   },
   "properties": {
    "name": "24 BARR SMITH STREET YARRAMAN 4614",
    "locID": "LOC000012751462",
    "tech": "WIRELESS",
    "upgrade": "NULL_NA",
    "gnaf_pid": "GAQLD157366367",
    "ee": true,
    "tech_change_status": "Not Planned",
    "program_type": "Fixed Wireless and Satellite Upgrade Program",
    "target_eligibility_quarter": "NA"
   }
  },
  {
   "type": "Feature",
   "geometry": {
    "type": "Point",
    "coordinates": [
     151.98325153,
     -26.84296096
    ]
   },
   "properties": {
    "name": "26 BARR SMITH STREET YARRAMAN 4614",
    "locID": "LOC000043640273",
    "tech": "WIRELESS",
    "upgrade": "NULL_NA",
    "gnaf_pid": "GAQLD157366368",
    "ee": true,
    "tech_change_status": "Not Planned",
    "program_type": "Fixed Wireless and Satellite Upgrade Program",
    "target_eligibility_quarter": "NA"
   }
  },
  {
   "type": "Feature",
   "geometry": {
    "type": "Point",
    "coordinates": [
     151.98112166,
     -26.84284478
    ]
   },
   "properties": {
    "name": "34 BARR SMITH STREET YARRAMAN 4614",
    "locID": "LOC000023553478",
    "tech": "WIRELESS",
    "upgrade": "NULL_NA",
    "gnaf_pid": "GAQLD157366369",
    "ee": true,
    "tech_change_status": "Not Planned",
    "program_type": "Fixed Wireless and Satellite Upgrade Program",
    "target_eligibility_quarter": "NA"
   }
  },
  {
   "type": "Feature",
   "geometry": {
    "type": "Point",
    "coordinates": [
     151.98091891,
     -26.84284718
    ]
   },
   "properties": {
    "name": "36 BARR SMITH STREET YARRAMAN 4614",
    "locID": "LOC000001793591",
    "tech": "WIRELESS",
    "upgrade": "NULL_NA",
    "gnaf_pid": "GAQLD157366370",
    "ee": true,
    "tech_change_status": "Not Planned",
    "program_type": "Fixed Wireless and Satellite Upgrade Program",
    "target_eligibility_quarter": "NA"
   }
  },
  {
   "type": "Feature",
   "geometry": {
    "type": "Point",
    "coordinates": [
     151.98820302,
     -26.84052203
    ]
   },
   "properties": {
    "name": "6 MILLAR STREET YARRAMAN 4614",
    "locID": "LOC000035745576",
    "tech": "WIRELESS",
    "upgrade": "NULL_NA",
    "gnaf_pid": "GAQLD157369744",
    "ee": true,
    "tech_change_status": "Not Planned",
    "program_type": "Fixed Wireless and Satellite Upgrade Program",
    "target_eligibility_quarter": "NA"
   }
  },
  {
   "type": "Feature",
   "geometry": {
    "type": "Point",
    "coordinates": [
     151.98721562,
     -26.84013895
    ]
   },
   "properties": {
    "name": "7 MILLAR STREET YARRAMAN 4614",
    "locID": "LOC000027537498",
    "tech": "WIRELESS",
    "upgrade": "NULL_NA",
    "gnaf_pid": "GAQLD157369745",
    "ee": true,
    "tech_change_status": "Not Planned",
    "program_type": "Fixed Wireless and Satellite Upgrade Program",
    "target_eligibility_quarter": "NA"
   }
  },
  {
   "type": "Feature",
   "geometry": {
    "type": "Point",
    "coordinates": [
     151.97564189,
     -26.84362741
    ]
   },
   "properties": {
    "name": "11 ANN STREET YARRAMAN 4614",
    "locID": "LOC000094496526",
    "tech": "WIRELESS",
    "upgrade": "NULL_NA",
    "gnaf_pid": "GAQLD157369988",
    "ee": true,
    "tech_change_status": "Not Planned",
    "program_type": "Fixed Wireless and Satellite Upgrade Program",
    "target_eligibility_quarter": "NA"
   }
  },
  {
   "type": "Feature",
   "geometry": {
    "type": "Point",
    "coordinates": [
     151.97576924,
     -26.8437623
    ]
   },
   "properties": {
    "name": "13 ANN STREET YARRAMAN 4614",
    "locID": "LOC000007690000",
    "tech": "WIRELESS",
    "upgrade": "NULL_NA",
    "gnaf_pid": "GAQLD157369990",
    "ee": true,
    "tech_change_status": "Not Planned",
    "program_type": "Fixed Wireless and Satellite Upgrade Program",
    "target_eligibility_quarter": "NA"
   }
  },
  {
   "type": "Feature",
   "geometry": {
    "type": "Point",
    "coordinates": [
     151.9755513,
     -26.84259423
    ]
   },
   "properties": {
    "name": "2 ANN STREET YARRAMAN 4614",
    "locID": "LOC000095370860",
    "tech": "WIRELESS",
    "upgrade": "NULL_NA",
    "gnaf_pid": "GAQLD157369991",
    "ee": true,
    "tech_change_status": "Not Planned",
    "program_type": "Fixed Wireless and Satellite Upgrade Program",
    "target_eligibility_quarter": "NA"
   }
  },
  {
   "type": "Feature",
   "geometry": {
    "type": "Point",
    "coordinates": [
     151.97516455,
     -26.84304265
    ]
   },
   "properties": {
    "name": "3 ANN STREET YARRAMAN 4614",
    "locID": "LOC000016501938",
    "tech": "WIRELESS",
    "upgrade": "NULL_NA",
    "gnaf_pid": "GAQLD157369992",
    "ee": true,
    "tech_change_status": "Not Planned",
    "program_type": "Fixed Wireless and Satellite Upgrade Program",
    "target_eligibility_quarter": "NA"
   }
  },
  {
   "type": "Feature",
   "geometry": {
    "type": "Point",
    "coordinates": [
     151.97567075,
     -26.84274039
    ]
   },
   "properties": {
    "name": "4 ANN STREET YARRAMAN 4614",
    "locID": "LOC000097507545",
    "tech": "WIRELESS",
    "upgrade": "NULL_NA",
    "gnaf_pid": "GAQLD157369993",
    "ee": true,
    "tech_change_status": "Not Planned",
    "program_type": "Fixed Wireless and Satellite Upgrade Program",
    "target_eligibility_quarter": "NA"
   }
  },
  {
   "type": "Feature",
   "geometry": {
    "type": "Point",
    "coordinates": [
     151.9757902,
     -26.84288654
    ]
   },
   "properties": {
    "name": "6 ANN STREET YARRAMAN 4614",
    "locID": "LOC000068096623",
    "tech": "WIRELESS",
    "upgrade": "NULL_NA",
    "gnaf_pid": "GAQLD157369994",
    "ee": true,
    "tech_change_status": "Not Planned",
    "program_type": "Fixed Wireless and Satellite Upgrade Program",
    "target_eligibility_quarter": "NA"
   }
  },
  {
   "type": "Feature",
   "geometry": {
    "type": "Point",
    "coordinates": [
     151.97590966,
     -26.84303267
    ]
   },
   "properties": {
    "name": "8 ANN STREET YARRAMAN 4614",
    "locID": "LOC000017553550",
    "tech": "WIRELESS",
    "upgrade": "NULL_NA",
    "gnaf_pid": "GAQLD157369996",
    "ee": true,
    "tech_change_status": "Not Planned",
    "program_type": "Fixed Wireless and Satellite Upgrade Program",
    "target_eligibility_quarter": "NA"
   }
  },
  {
   "type": "Feature",
   "geometry": {
    "type": "Point",
    "coordinates": [
     151.97500746,
     -26.83869849
    ]
   },
   "properties": {
    "name": "30 WILLIAMS COURT YARRAMAN 4614",
    "locID": "LOC000085520068",
    "tech": "WIRELESS",
    "upgrade": "NULL_NA",
    "gnaf_pid": "GAQLD157373316",
    "ee": true,
    "tech_change_status": "Not Planned",
    "program_type": "Fixed Wireless and Satellite Upgrade Program",
    "target_eligibility_quarter": "NA"
   }
  },
  {
   "type": "Feature",
   "geometry": {
    "type": "Point",
    "coordinates": [
     151.98583057,
     -26.84573657
    ]
   },
   "properties": {
    "name": "16 PARK DRIVE YARRAMAN 4614",
    "locID": "LOC000002580024",
    "tech": "WIRELESS",
    "upgrade": "NULL_NA",
    "gnaf_pid": "GAQLD158894569",
    "ee": true,
    "tech_change_status": "Not Planned",
    "program_type": "Fixed Wireless and Satellite Upgrade Program",
    "target_eligibility_quarter": "NA"
   }
  },
  {
   "type": "Feature",
   "geometry": {
    "type": "Point",
    "coordinates": [
     151.98531778,
     -26.84136241
    ]
   },
   "properties": {
    "name": "26 MILLAR STREET YARRAMAN 4614",
    "locID": "LOC000076511296",
    "tech": "WIRELESS",
    "upgrade": "NULL_NA",
    "gnaf_pid": "GAQLD158894606",
    "ee": true,
    "tech_change_status": "Not Planned",
    "program_type": "Fixed Wireless and Satellite Upgrade Program",
    "target_eligibility_quarter": "NA"
   }
  },
  {
   "type": "Feature",
   "geometry": {
    "type": "Point",
    "coordinates": [
     151.98218195,
     -26.83854897
    ]
   },
   "properties": {
    "name": "3 DAVIES STREET YARRAMAN 4614",
    "locID": "LOC000084773019",
    "tech": "WIRELESS",
    "upgrade": "NULL_NA",
    "gnaf_pid": "GAQLD158894608",
    "ee": true,
    "tech_change_status": "Not Planned",
    "program_type": "Fixed Wireless and Satellite Upgrade Program",
    "target_eligibility_quarter": "NA"
   }
  },
  {
   "type": "Feature",
   "geometry": {
    "type": "Point",
    "coordinates": [
     151.92741231,
     -26.86537564
    ]
   },
   "properties": {
    "name": "590 NEW ENGLAND HIGHWAY YARRAMAN 4614",
    "locID": "LOC000050855935",
    "tech": "NULL",
    "upgrade": "NULL_NA",
    "gnaf_pid": "GAQLD158898823",
    "ee": true,
    "tech_change_status": "Not Planned"
   }
  },
  {
   "type": "Feature",
   "geometry": {
    "type": "Point",
    "coordinates": [
     152.02277314,
     -26.7991019
    ]
   },
   "properties": {
    "name": "656 NOORA ROAD YARRAMAN 4614",
    "locID": "LOC000023249099",
    "tech": "NULL",
    "upgrade": "NULL_NA",
    "gnaf_pid": "GAQLD158898824",
    "ee": true,
    "tech_change_status": "Not Planned"
   }
  },
  {
   "type": "Feature",
   "geometry": {
    "type": "Point",
    "coordinates": [
     151.92575222,
     -26.86907103
    ]
   },
   "properties": {
    "name": "656 NEW ENGLAND HIGHWAY YARRAMAN 4614",
    "locID": "LOC000089989316",
    "tech": "NULL",
    "upgrade": "NULL_NA",
    "gnaf_pid": "GAQLD158898825",
    "ee": true,
    "tech_change_status": "Not Planned"
   }
  },
  {
   "type": "Feature",
   "geometry": {
    "type": "Point",
    "coordinates": [
     152.00590187,
     -26.83202517
    ]
   },
   "properties": {
    "name": "173 NOORA ROAD YARRAMAN 4614",
    "locID": "LOC000065048227",
    "tech": "WIRELESS",
    "upgrade": "NULL_NA",
    "gnaf_pid": "GAQLD158898826",
    "ee": true,
    "tech_change_status": "Not Planned",
    "program_type": "Fixed Wireless and Satellite Upgrade Program",
    "target_eligibility_quarter": "NA"
   }
  },
  {
   "type": "Feature",
   "geometry": {
    "type": "Point",
    "coordinates": [
     151.92654458,
     -26.87187567
    ]
   },
   "properties": {
    "name": "657 NEW ENGLAND HIGHWAY YARRAMAN 4614",
    "locID": "LOC000106982539",
    "tech": "NULL",
    "upgrade": "NULL_NA",
    "gnaf_pid": "GAQLD158898828",
    "ee": true,
    "tech_change_status": "Not Planned"
   }
  },
  {
   "type": "Feature",
   "geometry": {
    "type": "Point",
    "coordinates": [
     152.0494063,
     -26.81406547
    ]
   },
   "properties": {
    "name": "314 NOORA ROAD YARRAMAN 4614",
    "locID": "LOC000093207548",
    "tech": "WIRELESS",
    "upgrade": "NULL_NA",
    "gnaf_pid": "GAQLD158898830",
    "ee": true,
    "tech_change_status": "Not Planned",
    "program_type": "Fixed Wireless and Satellite Upgrade Program",
    "target_eligibility_quarter": "NA"
   }
  },
  {
   "type": "Feature",
   "geometry": {
    "type": "Point",
    "coordinates": [
     151.9852927,
     -26.84069774
    ]
   },
   "properties": {
    "name": "UNIT 1, 25 MILLAR STREET YARRAMAN 4614",
    "locID": "LOC000019129897",
    "tech": "WIRELESS",
    "upgrade": "NULL_NA",
    "gnaf_pid": "GAQLD158898833",
    "ee": true,
    "tech_change_status": "Not Planned",
    "program_type": "Fixed Wireless and Satellite Upgrade Program",
    "target_eligibility_quarter": "NA"
   }
  },
  {
   "type": "Feature",
   "geometry": {
    "type": "Point",
    "coordinates": [
     151.9852927,
     -26.84069774
    ]
   },
   "properties": {
    "name": "UNIT 4, 25 MILLAR STREET YARRAMAN 4614",
    "locID": "LOC000019120070",
    "tech": "WIRELESS",
    "upgrade": "NULL_NA",
    "gnaf_pid": "GAQLD158898834",
    "ee": true,
    "tech_change_status": "Not Planned",
    "program_type": "Fixed Wireless and Satellite Upgrade Program",
    "target_eligibility_quarter": "NA"
   }
  },
  {
   "type": "Feature",
   "geometry": {
    "type": "Point",
    "coordinates": [
     151.98213524,
     -26.84051596
    ]
   },
   "properties": {
    "name": "16 MCDANIELL STREET YARRAMAN 4614",
    "locID": "LOC000033088407",
    "tech": "WIRELESS",
    "upgrade": "NULL_NA",
    "gnaf_pid": "GAQLD158898878",
    "ee": true,
    "tech_change_status": "Not Planned",
    "program_type": "Fixed Wireless and Satellite Upgrade Program",
    "target_eligibility_quarter": "NA"
   }
  },
  {
   "type": "Feature",
   "geometry": {
    "type": "Point",
    "coordinates": [
     151.96058115,
     -26.85341123
    ]
   },
   "properties": {
    "name": "9 ERIC STREET YARRAMAN 4614",
    "locID": "LOC000015846534",
    "tech": "WIRELESS",
    "upgrade": "NULL_NA",
    "gnaf_pid": "GAQLD158899239",
    "ee": true,
    "tech_change_status": "Not Planned",
    "program_type": "Fixed Wireless and Satellite Upgrade Program",
    "target_eligibility_quarter": "NA"
   }
  },
  {
   "type": "Feature",
   "geometry": {
    "type": "Point",
    "coordinates": [
     151.9852927,
     -26.84069774
    ]
   },
   "properties": {
    "name": "UNIT 3, 25 MILLAR STREET YARRAMAN 4614",
    "locID": "LOC000019203742",
    "tech": "WIRELESS",
    "upgrade": "NULL_NA",
    "gnaf_pid": "GAQLD158903386",
    "ee": true,
    "tech_change_status": "Not Planned",
    "program_type": "Fixed Wireless and Satellite Upgrade Program",
    "target_eligibility_quarter": "NA"
   }
  },
  {
   "type": "Feature",
   "geometry": {
    "type": "Point",
    "coordinates": [
     151.9894684,
     -26.8520347
    ]
   },
   "properties": {
    "name": "9 DESLEY COURT YARRAMAN 4614",
    "locID": "LOC000061735614",
    "tech": "WIRELESS",
    "upgrade": "NULL_NA",
    "gnaf_pid": "GAQLD158903390",
    "ee": true,
    "tech_change_status": "Not Planned",
    "program_type": "Fixed Wireless and Satellite Upgrade Program",
    "target_eligibility_quarter": "NA"
   }
  },
  {
   "type": "Feature",
   "geometry": {
    "type": "Point",
    "coordinates": [
     151.95734449,
     -26.85529128
    ]
   },
   "properties": {
    "name": "19 ERIC STREET YARRAMAN 4614",
    "locID": "LOC000067546365",
    "tech": "WIRELESS",
    "upgrade": "NULL_NA",
    "gnaf_pid": "GAQLD158903449",
    "ee": true,
    "tech_change_status": "Not Planned",
    "program_type": "Fixed Wireless and Satellite Upgrade Program",
    "target_eligibility_quarter": "NA"
   }
  },
  {
   "type": "Feature",
   "geometry": {
    "type": "Point",
    "coordinates": [
     151.95421679,
     -26.85194176
    ]
   },
   "properties": {
    "name": "12 MERLE COURT YARRAMAN 4614",
    "locID": "LOC000014063029",
    "tech": "WIRELESS",
    "upgrade": "NULL_NA",
    "gnaf_pid": "GAQLD158903450",
    "ee": true,
    "tech_change_status": "Not Planned",
    "program_type": "Fixed Wireless and Satellite Upgrade Program",
    "target_eligibility_quarter": "NA"
   }
  },
  {
   "type": "Feature",
   "geometry": {
    "type": "Point",
    "coordinates": [
     151.9814274,
     -26.84195306
    ]
   },
   "properties": {
    "name": "29 TOOMEY STREET YARRAMAN 4614",
    "locID": "LOC000100515434",
    "tech": "WIRELESS",
    "upgrade": "NULL_NA",
    "gnaf_pid": "GAQLD158903869",
    "ee": true,
    "tech_change_status": "Not Planned",
    "program_type": "Fixed Wireless and Satellite Upgrade Program",
    "target_eligibility_quarter": "NA"
   }
  },
  {
   "type": "Feature",
   "geometry": {
    "type": "Point",
    "coordinates": [
     151.99033719,
     -26.85385492
    ]
   },
   "properties": {
    "name": "2 DESLEY COURT YARRAMAN 4614",
    "locID": "LOC000071132978",
    "tech": "WIRELESS",
    "upgrade": "NULL_NA",
    "gnaf_pid": "GAQLD158905662",
    "ee": true,
    "tech_change_status": "Not Planned",
    "program_type": "Fixed Wireless and Satellite Upgrade Program",
    "target_eligibility_quarter": "NA"
   }
  },
  {
   "type": "Feature",
   "geometry": {
    "type": "Point",
    "coordinates": [
     151.98973095,
     -26.85391569
    ]
   },
   "properties": {
    "name": "4 DESLEY COURT YARRAMAN 4614",
    "locID": "LOC000021587362",
    "tech": "WIRELESS",
    "upgrade": "NULL_NA",
    "gnaf_pid": "GAQLD158905664",
    "ee": true,
    "tech_change_status": "Not Planned",
    "program_type": "Fixed Wireless and Satellite Upgrade Program",
    "target_eligibility_quarter": "NA"
   }
  },
  {
   "type": "Feature",
   "geometry": {
    "type": "Point",
    "coordinates": [
     151.97491902,
     -26.8433984
    ]
   },
   "properties": {
    "name": "UNIT 2, 6 GEORGE STREET YARRAMAN 4614",
    "locID": "LOC000106774789",
    "tech": "WIRELESS",
    "upgrade": "NULL_NA",
    "gnaf_pid": "GAQLD158907123",
    "ee": true,
    "tech_change_status": "Not Planned",
    "program_type": "Fixed Wireless and Satellite Upgrade Program",
    "target_eligibility_quarter": "NA"
   }
  },
  {
   "type": "Feature",
   "geometry": {
    "type": "Point",
    "coordinates": [
     151.9792897,
     -26.83947571
    ]
   },
   "properties": {
    "name": "7 TOOMEY STREET YARRAMAN 4614",
    "locID": "LOC000084327250",
    "tech": "WIRELESS",
    "upgrade": "NULL_NA",
    "gnaf_pid": "GAQLD158907125",
    "ee": true,
    "tech_change_status": "Not Planned",
    "program_type": "Fixed Wireless and Satellite Upgrade Program",
    "target_eligibility_quarter": "NA"
   }
  },
  {
   "type": "Feature",
   "geometry": {
    "type": "Point",
    "coordinates": [
     151.98762575,
     -26.8406899
    ]
   },
   "properties": {
    "name": "12A MILLAR STREET YARRAMAN 4614",
    "locID": "LOC000077500805",
    "tech": "WIRELESS",
    "upgrade": "NULL_NA",
    "gnaf_pid": "GAQLD158907925",
    "ee": true,
    "tech_change_status": "Not Planned",
    "program_type": "Fixed Wireless and Satellite Upgrade Program",
    "target_eligibility_quarter": "NA"
   }
  },
  {
   "type": "Feature",
   "geometry": {
    "type": "Point",
    "coordinates": [
     151.97709399,
     -26.83929823
    ]
   },
   "properties": {
    "name": "UNIT 1, 11 MCDOUGALL STREET YARRAMAN 4614",
    "locID": "LOC000044797624",
    "tech": "WIRELESS",
    "upgrade": "NULL_NA",
    "gnaf_pid": "GAQLD158910075",
    "ee": true,
    "tech_change_status": "Not Planned",
    "program_type": "Fixed Wireless and Satellite Upgrade Program",
    "target_eligibility_quarter": "NA"
   }
  },
  {
   "type": "Feature",
   "geometry": {
    "type": "Point",
    "coordinates": [
     151.96350802,
     -26.85588958
    ]
   },
   "properties": {
    "name": "241 NEW ENGLAND HIGHWAY YARRAMAN 4614",
    "locID": "LOC000085131926",
    "tech": "WIRELESS",
    "upgrade": "NULL_NA",
    "gnaf_pid": "GAQLD158914032",
    "ee": true,
    "tech_change_status": "Not Planned",
    "program_type": "Fixed Wireless and Satellite Upgrade Program",
    "target_eligibility_quarter": "NA"
   }
  },
  {
   "type": "Feature",
   "geometry": {
    "type": "Point",
    "coordinates": [
     151.97359765,
     -26.83684289
    ]
   },
   "properties": {
    "name": "23A ROSALIE DRIVE YARRAMAN 4614",
    "locID": "LOC000067188070",
    "tech": "WIRELESS",
    "upgrade": "NULL_NA",
    "gnaf_pid": "GAQLD158914033",
    "ee": true,
    "tech_change_status": "Not Planned",
    "program_type": "Fixed Wireless and Satellite Upgrade Program",
    "target_eligibility_quarter": "NA"
   }
  },
  {
   "type": "Feature",
   "geometry": {
    "type": "Point",
    "coordinates": [
     151.99145242,
     -26.83725497
    ]
   },
   "properties": {
    "name": "3 MCNEIL STREET YARRAMAN 4614",
    "locID": "LOC000109465076",
    "tech": "WIRELESS",
    "upgrade": "NULL_NA",
    "gnaf_pid": "GAQLD158915406",
    "ee": true,
    "tech_change_status": "Not Planned",
    "program_type": "Fixed Wireless and Satellite Upgrade Program",
    "target_eligibility_quarter": "NA"
   }
  },
  {
   "type": "Feature",
   "geometry": {
    "type": "Point",
    "coordinates": [
     151.97732463,
     -26.84081083
    ]
   },
   "properties": {
    "name": "17 JOHN STREET YARRAMAN 4614",
    "locID": "LOC000049655987",
    "tech": "WIRELESS",
    "upgrade": "NULL_NA",
    "gnaf_pid": "GAQLD158915682",
    "ee": true,
    "tech_change_status": "Not Planned",
    "program_type": "Fixed Wireless and Satellite Upgrade Program",
    "target_eligibility_quarter": "NA"
   }
  },
  {
   "type": "Feature",
   "geometry": {
    "type": "Point",
    "coordinates": [
     151.97754321,
     -26.84195986
    ]
   },
   "properties": {
    "name": "UNIT 1, 25 DOUGLAS STREET YARRAMAN 4614",
    "locID": "LOC000076339685",
    "tech": "WIRELESS",
    "upgrade": "NULL_NA",
    "gnaf_pid": "GAQLD158915693",
    "ee": true,
    "tech_change_status": "Not Planned",
    "program_type": "Fixed Wireless and Satellite Upgrade Program",
    "target_eligibility_quarter": "NA"
   }
  },
  {
   "type": "Feature",
   "geometry": {
    "type": "Point",
    "coordinates": [
     151.98435,
     -26.84431
    ]
   },
   "properties": {
    "name": "UNIT 2, 22 PARK DRIVE YARRAMAN 4614",
    "locID": "LOC000050536378",
    "tech": "WIRELESS",
    "upgrade": "NULL_NA",
    "gnaf_pid": "GAQLD158917922",
    "ee": true,
    "tech_change_status": "Not Planned",
    "program_type": "Fixed Wireless and Satellite Upgrade Program",
    "target_eligibility_quarter": "NA"
   }
  },
  {
   "type": "Feature",
   "geometry": {
    "type": "Point",
    "coordinates": [
     151.98449,
     -26.84414
    ]
   },
   "properties": {
    "name": "UNIT 4, 22 PARK DRIVE YARRAMAN 4614",
    "locID": "LOC000050341215",
    "tech": "WIRELESS",
    "upgrade": "NULL_NA",
    "gnaf_pid": "GAQLD158917923",
    "ee": true,
    "tech_change_status": "Not Planned",
    "program_type": "Fixed Wireless and Satellite Upgrade Program",
    "target_eligibility_quarter": "NA"
   }
  },
  {
   "type": "Feature",
   "geometry": {
    "type": "Point",
    "coordinates": [
     151.98422,
     -26.84422
    ]
   },
   "properties": {
    "name": "UNIT 1, 22 PARK DRIVE YARRAMAN 4614",
    "locID": "LOC000050274697",
    "tech": "WIRELESS",
    "upgrade": "NULL_NA",
    "gnaf_pid": "GAQLD158917924",
    "ee": true,
    "tech_change_status": "Not Planned",
    "program_type": "Fixed Wireless and Satellite Upgrade Program",
    "target_eligibility_quarter": "NA"
   }
  },
  {
   "type": "Feature",
   "geometry": {
    "type": "Point",
    "coordinates": [
     151.98432,
     -26.84408
    ]
   },
   "properties": {
    "name": "UNIT 3, 22 PARK DRIVE YARRAMAN 4614",
    "locID": "LOC000022509262",
    "tech": "WIRELESS",
    "upgrade": "NULL_NA",
    "gnaf_pid": "GAQLD158917925",
    "ee": true,
    "tech_change_status": "Not Planned",
    "program_type": "Fixed Wireless and Satellite Upgrade Program",
    "target_eligibility_quarter": "NA"
   }
  },
  {
   "type": "Feature",
   "geometry": {
    "type": "Point",
    "coordinates": [
     151.9906408,
     -26.84500378
    ]
   },
   "properties": {
    "name": "17 DIOTH STREET YARRAMAN 4614",
    "locID": "LOC000028174689",
    "tech": "WIRELESS",
    "upgrade": "NULL_NA",
    "gnaf_pid": "GAQLD158918247",
    "ee": true,
    "tech_change_status": "Not Planned",
    "program_type": "Fixed Wireless and Satellite Upgrade Program",
    "target_eligibility_quarter": "NA"
   }
  },
  {
   "type": "Feature",
   "geometry": {
    "type": "Point",
    "coordinates": [
     151.98240228,
     -26.84158233
    ]
   },
   "properties": {
    "name": "18 BROWNE STREET YARRAMAN 4614",
    "locID": "LOC000060101729",
    "tech": "WIRELESS",
    "upgrade": "NULL_NA",
    "gnaf_pid": "GAQLD158918248",
    "ee": true,
    "tech_change_status": "Not Planned",
    "program_type": "Fixed Wireless and Satellite Upgrade Program",
    "target_eligibility_quarter": "NA"
   }
  },
  {
   "type": "Feature",
   "geometry": {
    "type": "Point",
    "coordinates": [
     151.9852927,
     -26.84069774
    ]
   },
   "properties": {
    "name": "UNIT 2, 25 MILLAR STREET YARRAMAN 4614",
    "locID": "LOC000019129897",
    "tech": "WIRELESS",
    "upgrade": "NULL_NA",
    "gnaf_pid": "GAQLD158918253",
    "ee": true,
    "tech_change_status": "Not Planned",
    "program_type": "Fixed Wireless and Satellite Upgrade Program",
    "target_eligibility_quarter": "NA"
   }
  },
  {
   "type": "Feature",
   "geometry": {
    "type": "Point",
    "coordinates": [
     151.99347827,
     -26.84766046
    ]
   },
   "properties": {
    "name": "7 SMITH STREET YARRAMAN 4614",
    "locID": "LOC000001771405",
    "tech": "WIRELESS",
    "upgrade": "NULL_NA",
    "gnaf_pid": "GAQLD158918257",
    "ee": true,
    "tech_change_status": "Not Planned",
    "program_type": "Fixed Wireless and Satellite Upgrade Program",
    "target_eligibility_quarter": "NA"
   }
  },
  {
   "type": "Feature",
   "geometry": {
    "type": "Point",
    "coordinates": [
     151.97831959,
     -26.84257784
    ]
   },
   "properties": {
    "name": "27 MARGARET STREET YARRAMAN 4614",
    "locID": "LOC000077601988",
    "tech": "WIRELESS",
    "upgrade": "NULL_NA",
    "gnaf_pid": "GAQLD158918608",
    "ee": true,
    "tech_change_status": "Not Planned",
    "program_type": "Fixed Wireless and Satellite Upgrade Program",
    "target_eligibility_quarter": "NA"
   }
  },
  {
   "type": "Feature",
   "geometry": {
    "type": "Point",
    "coordinates": [
     151.97910458,
     -26.84160104
    ]
   },
   "properties": {
    "name": "16A DOUGLAS STREET YARRAMAN 4614",
    "locID": "LOC000102800032",
    "tech": "WIRELESS",
    "upgrade": "NULL_NA",
    "gnaf_pid": "GAQLD158918652",
    "ee": true,
    "tech_change_status": "Not Planned",
    "program_type": "Fixed Wireless and Satellite Upgrade Program",
    "target_eligibility_quarter": "NA"
   }
  },
  {
   "type": "Feature",
   "geometry": {
    "type": "Point",
    "coordinates": [
     151.96178314,
     -26.85495098
    ]
   },
   "properties": {
    "name": "10 ERIC STREET YARRAMAN 4614",
    "locID": "LOC000098983429",
    "tech": "WIRELESS",
    "upgrade": "NULL_NA",
    "gnaf_pid": "GAQLD158918657",
    "ee": true,
    "tech_change_status": "Not Planned",
    "program_type": "Fixed Wireless and Satellite Upgrade Program",
    "target_eligibility_quarter": "NA"
   }
  },
  {
   "type": "Feature",
   "geometry": {
    "type": "Point",
    "coordinates": [
     151.97492876,
     -26.83855029
    ]
   },
   "properties": {
    "name": "35 ROSALIE DRIVE YARRAMAN 4614",
    "locID": "LOC000098723917",
    "tech": "WIRELESS",
    "upgrade": "NULL_NA",
    "gnaf_pid": "GAQLD158918659",
    "ee": true,
    "tech_change_status": "Not Planned",
    "program_type": "Fixed Wireless and Satellite Upgrade Program",
    "target_eligibility_quarter": "NA"
   }
  },
  {
   "type": "Feature",
   "geometry": {
    "type": "Point",
    "coordinates": [
     151.93608285,
     -26.88590387
    ]
   },
   "properties": {
    "name": "32 FROHLOFFS ROAD YARRAMAN 4614",
    "locID": "LOC000064188554",
    "tech": "WIRELESS",
    "upgrade": "NULL_NA",
    "gnaf_pid": "GAQLD158918678",
    "ee": true,
    "tech_change_status": "Not Planned",
    "program_type": "Fixed Wireless and Satellite Upgrade Program",
    "target_eligibility_quarter": "NA"
   }
  },
  {
   "type": "Feature",
   "geometry": {
    "type": "Point",
    "coordinates": [
     151.92639787,
     -26.86486937
    ]
   },
   "properties": {
    "name": "592 NEW ENGLAND HIGHWAY YARRAMAN 4614",
    "locID": "LOC000093915345",
    "tech": "NULL",
    "upgrade": "NULL_NA",
    "gnaf_pid": "GAQLD158918679",
    "ee": true,
    "tech_change_status": "Not Planned"
   }
  },
  {
   "type": "Feature",
   "geometry": {
    "type": "Point",
    "coordinates": [
     151.97407643,
     -26.85655121
    ]
   },
   "properties": {
    "name": "137 NEW ENGLAND HIGHWAY YARRAMAN 4614",
    "locID": "LOC000053561899",
    "tech": "WIRELESS",
    "upgrade": "NULL_NA",
    "gnaf_pid": "GAQLD158918682",
    "ee": true,
    "tech_change_status": "Not Planned",
    "program_type": "Fixed Wireless and Satellite Upgrade Program",
    "target_eligibility_quarter": "NA"
   }
  },
  {
   "type": "Feature",
   "geometry": {
    "type": "Point",
    "coordinates": [
     151.96168652,
     -26.85831244
    ]
   },
   "properties": {
    "name": "302 NEW ENGLAND HIGHWAY YARRAMAN 4614",
    "locID": "LOC000096804921",
    "tech": "WIRELESS",
    "upgrade": "NULL_NA",
    "gnaf_pid": "GAQLD158918685",
    "ee": true,
    "tech_change_status": "Not Planned",
    "program_type": "Fixed Wireless and Satellite Upgrade Program",
    "target_eligibility_quarter": "NA"
   }
  },
  {
   "type": "Feature",
   "geometry": {
    "type": "Point",
    "coordinates": [
     151.98260768,
     -26.84157586
    ]
   },
   "properties": {
    "name": "12 BROWNE STREET YARRAMAN 4614",
    "locID": "LOC000034301438",
    "tech": "WIRELESS",
    "upgrade": "NULL_NA",
    "gnaf_pid": "GAQLD158919100",
    "ee": true,
    "tech_change_status": "Not Planned",
    "program_type": "Fixed Wireless and Satellite Upgrade Program",
    "target_eligibility_quarter": "NA"
   }
  },
  {
   "type": "Feature",
   "geometry": {
    "type": "Point",
    "coordinates": [
     151.9865349,
     -26.84205595
    ]
   },
   "properties": {
    "name": "6 BARR SMITH STREET YARRAMAN 4614",
    "locID": "LOC000023553478",
    "tech": "WIRELESS",
    "upgrade": "NULL_NA",
    "gnaf_pid": "GAQLD158921099",
    "ee": true,
    "tech_change_status": "Not Planned",
    "program_type": "Fixed Wireless and Satellite Upgrade Program",
    "target_eligibility_quarter": "NA"
   }
  },
  {
   "type": "Feature",
   "geometry": {
    "type": "Point",
    "coordinates": [
     151.96528308,
     -26.84461485
    ]
   },
   "properties": {
    "name": "140 NEW ENGLAND HIGHWAY YARRAMAN 4614",
    "locID": "LOC000039118698",
    "tech": "WIRELESS",
    "upgrade": "NULL_NA",
    "gnaf_pid": "GAQLD158922441",
    "ee": true,
    "tech_change_status": "Not Planned",
    "program_type": "Fixed Wireless and Satellite Upgrade Program",
    "target_eligibility_quarter": "NA"
   }
  },
  {
   "type": "Feature",
   "geometry": {
    "type": "Point",
    "coordinates": [
     151.97754321,
     -26.84195986
    ]
   },
   "properties": {
    "name": "UNIT 2, 25 DOUGLAS STREET YARRAMAN 4614",
    "locID": "LOC000076036472",
    "tech": "WIRELESS",
    "upgrade": "NULL_NA",
    "gnaf_pid": "GAQLD158924500",
    "ee": true,
    "tech_change_status": "Not Planned",
    "program_type": "Fixed Wireless and Satellite Upgrade Program",
    "target_eligibility_quarter": "NA"
   }
  },
  {
   "type": "Feature",
   "geometry": {
    "type": "Point",
    "coordinates": [
     151.97910458,
     -26.84160104
    ]
   },
   "properties": {
    "name": "16B DOUGLAS STREET YARRAMAN 4614",
    "locID": "LOC000102640978",
    "tech": "WIRELESS",
    "upgrade": "NULL_NA",
    "gnaf_pid": "GAQLD158925445",
    "ee": true,
    "tech_change_status": "Not Planned",
    "program_type": "Fixed Wireless and Satellite Upgrade Program",
    "target_eligibility_quarter": "NA"
   }
  },
  {
   "type": "Feature",
   "geometry": {
    "type": "Point",
    "coordinates": [
     151.98029715,
     -26.83924374
    ]
   },
   "properties": {
    "name": "4 TOOMEY STREET YARRAMAN 4614",
    "locID": "LOC000051012544",
    "tech": "WIRELESS",
    "upgrade": "NULL_NA",
    "gnaf_pid": "GAQLD158925453",
    "ee": true,
    "tech_change_status": "Not Planned",
    "program_type": "Fixed Wireless and Satellite Upgrade Program",
    "target_eligibility_quarter": "NA"
   }
  },
  {
   "type": "Feature",
   "geometry": {
    "type": "Point",
    "coordinates": [
     151.95838521,
     -26.854338
    ]
   },
   "properties": {
    "name": "15 ERIC STREET YARRAMAN 4614",
    "locID": "LOC000060210606",
    "tech": "WIRELESS",
    "upgrade": "NULL_NA",
    "gnaf_pid": "GAQLD158925470",
    "ee": true,
    "tech_change_status": "Not Planned",
    "program_type": "Fixed Wireless and Satellite Upgrade Program",
    "target_eligibility_quarter": "NA"
   }
  },
  {
   "type": "Feature",
   "geometry": {
    "type": "Point",
    "coordinates": [
     151.96232926,
     -26.85445672
    ]
   },
   "properties": {
    "name": "8 ERIC STREET YARRAMAN 4614",
    "locID": "LOC000044812114",
    "tech": "WIRELESS",
    "upgrade": "NULL_NA",
    "gnaf_pid": "GAQLD158925471",
    "ee": true,
    "tech_change_status": "Not Planned",
    "program_type": "Fixed Wireless and Satellite Upgrade Program",
    "target_eligibility_quarter": "NA"
   }
  },
  {
   "type": "Feature",
   "geometry": {
    "type": "Point",
    "coordinates": [
     151.9585202,
     -26.85812058
    ]
   },
   "properties": {
    "name": "22 ERIC STREET YARRAMAN 4614",
    "locID": "LOC000109713195",
    "tech": "WIRELESS",
    "upgrade": "NULL_NA",
    "gnaf_pid": "GAQLD158925472",
    "ee": true,
    "tech_change_status": "Not Planned",
    "program_type": "Fixed Wireless and Satellite Upgrade Program",
    "target_eligibility_quarter": "NA"
   }
  },
  {
   "type": "Feature",
   "geometry": {
    "type": "Point",
    "coordinates": [
     151.96123903,
     -26.85545214
    ]
   },
   "properties": {
    "name": "12 ERIC STREET YARRAMAN 4614",
    "locID": "LOC000106533862",
    "tech": "WIRELESS",
    "upgrade": "NULL_NA",
    "gnaf_pid": "GAQLD158925473",
    "ee": true,
    "tech_change_status": "Not Planned",
    "program_type": "Fixed Wireless and Satellite Upgrade Program",
    "target_eligibility_quarter": "NA"
   }
  },
  {
   "type": "Feature",
   "geometry": {
    "type": "Point",
    "coordinates": [
     151.96015145,
     -26.85645273
    ]
   },
   "properties": {
    "name": "16 ERIC STREET YARRAMAN 4614",
    "locID": "LOC000076377263",
    "tech": "WIRELESS",
    "upgrade": "NULL_NA",
    "gnaf_pid": "GAQLD158925481",
    "ee": true,
    "tech_change_status": "Not Planned",
    "program_type": "Fixed Wireless and Satellite Upgrade Program",
    "target_eligibility_quarter": "NA"
   }
  },
  {
   "type": "Feature",
   "geometry": {
    "type": "Point",
    "coordinates": [
     151.98941898,
     -26.85289302
    ]
   },
   "properties": {
    "name": "18 DESLEY COURT YARRAMAN 4614",
    "locID": "LOC000071132978",
    "tech": "WIRELESS",
    "upgrade": "NULL_NA",
    "gnaf_pid": "GAQLD158925517",
    "ee": true,
    "tech_change_status": "Not Planned",
    "program_type": "Fixed Wireless and Satellite Upgrade Program",
    "target_eligibility_quarter": "NA"
   }
  },
  {
   "type": "Feature",
   "geometry": {
    "type": "Point",
    "coordinates": [
     151.98087844,
     -26.84160314
    ]
   },
   "properties": {
    "name": "4 MARGARET STREET YARRAMAN 4614",
    "locID": "LOC000006752773",
    "tech": "WIRELESS",
    "upgrade": "NULL_NA",
    "gnaf_pid": "GAQLD158929118",
    "ee": true,
    "tech_change_status": "Not Planned",
    "program_type": "Fixed Wireless and Satellite Upgrade Program",
    "target_eligibility_quarter": "NA"
   }
  },
  {
   "type": "Feature",
   "geometry": {
    "type": "Point",
    "coordinates": [
     151.98941898,
     -26.85289302
    ]
   },
   "properties": {
    "name": "16 DESLEY COURT YARRAMAN 4614",
    "locID": "LOC000067324862",
    "tech": "WIRELESS",
    "upgrade": "NULL_NA",
    "gnaf_pid": "GAQLD158929119",
    "ee": true,
    "tech_change_status": "Not Planned",
    "program_type": "Fixed Wireless and Satellite Upgrade Program",
    "target_eligibility_quarter": "NA"
   }
  },
  {
   "type": "Feature",
   "geometry": {
    "type": "Point",
    "coordinates": [
     151.98458796,
     -26.8444273
    ]
   },
   "properties": {
    "name": "20 PARK DRIVE YARRAMAN 4614",
    "locID": "LOC000043094139",
    "tech": "WIRELESS",
    "upgrade": "NULL_NA",
    "gnaf_pid": "GAQLD158929120",
    "ee": true,
    "tech_change_status": "Not Planned",
    "program_type": "Fixed Wireless and Satellite Upgrade Program",
    "target_eligibility_quarter": "NA"
   }
  },
  {
   "type": "Feature",
   "geometry": {
    "type": "Point",
    "coordinates": [
     151.96699999,
     -26.84912238
    ]
   },
   "properties": {
    "name": "160 NEW ENGLAND HIGHWAY YARRAMAN 4614",
    "locID": "LOC000097779154",
    "tech": "WIRELESS",
    "upgrade": "NULL_NA",
    "gnaf_pid": "GAQLD158930019",
    "ee": true,
    "tech_change_status": "Not Planned",
    "program_type": "Fixed Wireless and Satellite Upgrade Program",
    "target_eligibility_quarter": "NA"
   }
  },
  {
   "type": "Feature",
   "geometry": {
    "type": "Point",
    "coordinates": [
     151.97104576,
     -26.86001567
    ]
   },
   "properties": {
    "name": "191 NEW ENGLAND HIGHWAY YARRAMAN 4614",
    "locID": "LOC000096940968",
    "tech": "WIRELESS",
    "upgrade": "NULL_NA",
    "gnaf_pid": "GAQLD158930020",
    "ee": true,
    "tech_change_status": "Not Planned",
    "program_type": "Fixed Wireless and Satellite Upgrade Program",
    "target_eligibility_quarter": "NA"
   }
  },
  {
   "type": "Feature",
   "geometry": {
    "type": "Point",
    "coordinates": [
     151.94014347,
     -26.86304075
    ]
   },
   "properties": {
    "name": "426 NEW ENGLAND HIGHWAY YARRAMAN 4614",
    "locID": "LOC000041571949",
    "tech": "SATELLITE",
    "upgrade": "NULL_NA",
    "gnaf_pid": "GAQLD158930021",
    "ee": true,
    "tech_change_status": "Not Planned"
   }
  },
  {
   "type": "Feature",
   "geometry": {
    "type": "Point",
    "coordinates": [
     151.96411171,
     -26.8590422
    ]
   },
   "properties": {
    "name": "58 HOLMES ROAD YARRAMAN 4614",
    "locID": "LOC000036673610",
    "tech": "WIRELESS",
    "upgrade": "NULL_NA",
    "gnaf_pid": "GAQLD158934038",
    "ee": true,
    "tech_change_status": "Not Planned",
    "program_type": "Fixed Wireless and Satellite Upgrade Program",
    "target_eligibility_quarter": "NA"
   }
  },
  {
   "type": "Feature",
   "geometry": {
    "type": "Point",
    "coordinates": [
     152.00833088,
     -26.83145071
    ]
   },
   "properties": {
    "name": "201 NOORA ROAD YARRAMAN 4614",
    "locID": "LOC000003371163",
    "tech": "WIRELESS",
    "upgrade": "NULL_NA",
    "gnaf_pid": "GAQLD158934039",
    "ee": true,
    "tech_change_status": "Not Planned",
    "program_type": "Fixed Wireless and Satellite Upgrade Program",
    "target_eligibility_quarter": "NA"
   }
  },
  {
   "type": "Feature",
   "geometry": {
    "type": "Point",
    "coordinates": [
     151.98032116,
     -26.84212324
    ]
   },
   "properties": {
    "name": "12 MARGARET STREET YARRAMAN 4614",
    "locID": "LOC000085005534",
    "tech": "WIRELESS",
    "upgrade": "NULL_NA",
    "gnaf_pid": "GAQLD158934643",
    "ee": true,
    "tech_change_status": "Not Planned",
    "program_type": "Fixed Wireless and Satellite Upgrade Program",
    "target_eligibility_quarter": "NA"
   }
  },
  {
   "type": "Feature",
   "geometry": {
    "type": "Point",
    "coordinates": [
     151.97491902,
     -26.8433984
    ]
   },
   "properties": {
    "name": "UNIT 1, 6 GEORGE STREET YARRAMAN 4614",
    "locID": "LOC000107089440",
    "tech": "WIRELESS",
    "upgrade": "NULL_NA",
    "gnaf_pid": "GAQLD158935635",
    "ee": true,
    "tech_change_status": "Not Planned",
    "program_type": "Fixed Wireless and Satellite Upgrade Program",
    "target_eligibility_quarter": "NA"
   }
  },
  {
   "type": "Feature",
   "geometry": {
    "type": "Point",
    "coordinates": [
     151.97709399,
     -26.83929823
    ]
   },
   "properties": {
    "name": "UNIT 2, 11 MCDOUGALL STREET YARRAMAN 4614",
    "locID": "LOC000044797624",
    "tech": "WIRELESS",
    "upgrade": "NULL_NA",
    "gnaf_pid": "GAQLD158935732",
    "ee": true,
    "tech_change_status": "Not Planned",
    "program_type": "Fixed Wireless and Satellite Upgrade Program",
    "target_eligibility_quarter": "NA"
   }
  },
  {
   "type": "Feature",
   "geometry": {
    "type": "Point",
    "coordinates": [
     151.99096821,
     -26.84565127
    ]
   },
   "properties": {
    "name": "81 DIOTH STREET YARRAMAN 4614",
    "locID": "LOC000104801842",
    "tech": "WIRELESS",
    "upgrade": "NULL_NA",
    "gnaf_pid": "GAQLD160200366",
    "ee": true,
    "tech_change_status": "Not Planned",
    "program_type": "Fixed Wireless and Satellite Upgrade Program",
    "target_eligibility_quarter": "NA"
   }
  },
  {
   "type": "Feature",
   "geometry": {
    "type": "Point",
    "coordinates": [
     151.99096821,
     -26.84565127
    ]
   },
   "properties": {
    "name": "83 DIOTH STREET YARRAMAN 4614",
    "locID": "LOC000028223562",
    "tech": "WIRELESS",
    "upgrade": "NULL_NA",
    "gnaf_pid": "GAQLD160200367",
    "ee": true,
    "tech_change_status": "Not Planned",
    "program_type": "Fixed Wireless and Satellite Upgrade Program",
    "target_eligibility_quarter": "NA"
   }
  },
  {
   "type": "Feature",
   "geometry": {
    "type": "Point",
    "coordinates": [
     151.99096821,
     -26.84565127
    ]
   },
   "properties": {
    "name": "84 DIOTH STREET YARRAMAN 4614",
    "locID": "LOC000033446925",
    "tech": "WIRELESS",
    "upgrade": "NULL_NA",
    "gnaf_pid": "GAQLD160200368",
    "ee": true,
    "tech_change_status": "Not Planned",
    "program_type": "Fixed Wireless and Satellite Upgrade Program",
    "target_eligibility_quarter": "NA"
   }
  },
  {
   "type": "Feature",
   "geometry": {
    "type": "Point",
    "coordinates": [
     151.98434088,
     -26.84041611
    ]
   },
   "properties": {
    "name": "30 CHEADLE STREET YARRAMAN 4614",
    "locID": "LOC000039396846",
    "tech": "WIRELESS",
    "upgrade": "NULL_NA",
    "gnaf_pid": "GAQLD160200372",
    "ee": true,
    "tech_change_status": "Not Planned",
    "program_type": "Fixed Wireless and Satellite Upgrade Program",
    "target_eligibility_quarter": "NA"
   }
  },
  {
   "type": "Feature",
   "geometry": {
    "type": "Point",
    "coordinates": [
     151.98585941,
     -26.84052161
    ]
   },
   "properties": {
    "name": "19 MILLAR STREET YARRAMAN 4614",
    "locID": "LOC000051062406",
    "tech": "WIRELESS",
    "upgrade": "NULL_NA",
    "gnaf_pid": "GAQLD160200404",
    "ee": true,
    "tech_change_status": "Not Planned",
    "program_type": "Fixed Wireless and Satellite Upgrade Program",
    "target_eligibility_quarter": "NA"
   }
  },
  {
   "type": "Feature",
   "geometry": {
    "type": "Point",
    "coordinates": [
     151.97569918,
     -26.84178559
    ]
   },
   "properties": {
    "name": "19 JOHN STREET YARRAMAN 4614",
    "locID": "LOC000109073242",
    "tech": "WIRELESS",
    "upgrade": "NULL_NA",
    "gnaf_pid": "GAQLD160200949",
    "ee": true,
    "tech_change_status": "Not Planned",
    "program_type": "Fixed Wireless and Satellite Upgrade Program",
    "target_eligibility_quarter": "NA"
   }
  },
  {
   "type": "Feature",
   "geometry": {
    "type": "Point",
    "coordinates": [
     151.9780094,
     -26.83781077
    ]
   },
   "properties": {
    "name": "2 JUILLERAT STREET YARRAMAN 4614",
    "locID": "LOC000098444605",
    "tech": "WIRELESS",
    "upgrade": "NULL_NA",
    "gnaf_pid": "GAQLD160200963",
    "ee": true,
    "tech_change_status": "Not Planned",
    "program_type": "Fixed Wireless and Satellite Upgrade Program",
    "target_eligibility_quarter": "NA"
   }
  },
  {
   "type": "Feature",
   "geometry": {
    "type": "Point",
    "coordinates": [
     151.97843823,
     -26.83967879
    ]
   },
   "properties": {
    "name": "4 BUDGEN STREET YARRAMAN 4614",
    "locID": "LOC000024964870",
    "tech": "WIRELESS",
    "upgrade": "NULL_NA",
    "gnaf_pid": "GAQLD160200980",
    "ee": true,
    "tech_change_status": "Not Planned",
    "program_type": "Fixed Wireless and Satellite Upgrade Program",
    "target_eligibility_quarter": "NA"
   }
  },
  {
   "type": "Feature",
   "geometry": {
    "type": "Point",
    "coordinates": [
     151.98531778,
     -26.84136241
    ]
   },
   "properties": {
    "name": "28 MILLAR STREET YARRAMAN 4614",
    "locID": "LOC000020816904",
    "tech": "WIRELESS",
    "upgrade": "NULL_NA",
    "gnaf_pid": "GAQLD160205745",
    "ee": true,
    "tech_change_status": "Not Planned",
    "program_type": "Fixed Wireless and Satellite Upgrade Program",
    "target_eligibility_quarter": "NA"
   }
  },
  {
   "type": "Feature",
   "geometry": {
    "type": "Point",
    "coordinates": [
     151.97457304,
     -26.83912773
    ]
   },
   "properties": {
    "name": "28 WILLIAMS COURT YARRAMAN 4614",
    "locID": "LOC000029403513",
    "tech": "WIRELESS",
    "upgrade": "NULL_NA",
    "gnaf_pid": "GAQLD160205767",
    "ee": true,
    "tech_change_status": "Not Planned",
    "program_type": "Fixed Wireless and Satellite Upgrade Program",
    "target_eligibility_quarter": "NA"
   }
  },
  {
   "type": "Feature",
   "geometry": {
    "type": "Point",
    "coordinates": [
     151.9823503,
     -26.83936254
    ]
   },
   "properties": {
    "name": "UNIT 1, 6-8 DAVIES STREET YARRAMAN 4614",
    "locID": "LOC000084340325",
    "tech": "WIRELESS",
    "upgrade": "NULL_NA",
    "gnaf_pid": "GAQLD160205785",
    "ee": true,
    "tech_change_status": "Not Planned",
    "program_type": "Fixed Wireless and Satellite Upgrade Program",
    "target_eligibility_quarter": "NA"
   }
  },
  {
   "type": "Feature",
   "geometry": {
    "type": "Point",
    "coordinates": [
     151.9823503,
     -26.83936254
    ]
   },
   "properties": {
    "name": "UNIT 3, 6-8 DAVIES STREET YARRAMAN 4614",
    "locID": "LOC000084773019",
    "tech": "WIRELESS",
    "upgrade": "NULL_NA",
    "gnaf_pid": "GAQLD160205786",
    "ee": true,
    "tech_change_status": "Not Planned",
    "program_type": "Fixed Wireless and Satellite Upgrade Program",
    "target_eligibility_quarter": "NA"
   }
  },
  {
   "type": "Feature",
   "geometry": {
    "type": "Point",
    "coordinates": [
     151.9823503,
     -26.83936254
    ]
   },
   "properties": {
    "name": "UNIT 4, 6-8 DAVIES STREET YARRAMAN 4614",
    "locID": "LOC000084740891",
    "tech": "WIRELESS",
    "upgrade": "NULL_NA",
    "gnaf_pid": "GAQLD160205787",
    "ee": true,
    "tech_change_status": "Not Planned",
    "program_type": "Fixed Wireless and Satellite Upgrade Program",
    "target_eligibility_quarter": "NA"
   }
  },
  {
   "type": "Feature",
   "geometry": {
    "type": "Point",
    "coordinates": [
     151.9823503,
     -26.83936254
    ]
   },
   "properties": {
    "name": "UNIT 5, 6-8 DAVIES STREET YARRAMAN 4614",
    "locID": "LOC000084596086",
    "tech": "WIRELESS",
    "upgrade": "NULL_NA",
    "gnaf_pid": "GAQLD160205788",
    "ee": true,
    "tech_change_status": "Not Planned",
    "program_type": "Fixed Wireless and Satellite Upgrade Program",
    "target_eligibility_quarter": "NA"
   }
  },
  {
   "type": "Feature",
   "geometry": {
    "type": "Point",
    "coordinates": [
     151.9823503,
     -26.83936254
    ]
   },
   "properties": {
    "name": "UNIT 6, 6-8 DAVIES STREET YARRAMAN 4614",
    "locID": "LOC000084520560",
    "tech": "WIRELESS",
    "upgrade": "NULL_NA",
    "gnaf_pid": "GAQLD160205789",
    "ee": true,
    "tech_change_status": "Not Planned",
    "program_type": "Fixed Wireless and Satellite Upgrade Program",
    "target_eligibility_quarter": "NA"
   }
  },
  {
   "type": "Feature",
   "geometry": {
    "type": "Point",
    "coordinates": [
     151.9823503,
     -26.83936254
    ]
   },
   "properties": {
    "name": "UNIT 7, 6-8 DAVIES STREET YARRAMAN 4614",
    "locID": "LOC000084247318",
    "tech": "WIRELESS",
    "upgrade": "NULL_NA",
    "gnaf_pid": "GAQLD160205790",
    "ee": true,
    "tech_change_status": "Not Planned",
    "program_type": "Fixed Wireless and Satellite Upgrade Program",
    "target_eligibility_quarter": "NA"
   }
  },
  {
   "type": "Feature",
   "geometry": {
    "type": "Point",
    "coordinates": [
     151.98807131,
     -26.8515045
    ]
   },
   "properties": {
    "name": "10 DONALD COURT YARRAMAN 4614",
    "locID": "LOC000003460233",
    "tech": "WIRELESS",
    "upgrade": "NULL_NA",
    "gnaf_pid": "GAQLD160210419",
    "ee": true,
    "tech_change_status": "Not Planned",
    "program_type": "Fixed Wireless and Satellite Upgrade Program",
    "target_eligibility_quarter": "NA"
   }
  },
  {
   "type": "Feature",
   "geometry": {
    "type": "Point",
    "coordinates": [
     151.98807131,
     -26.8515045
    ]
   },
   "properties": {
    "name": "26 DONALD COURT YARRAMAN 4614",
    "locID": "LOC000105518468",
    "tech": "WIRELESS",
    "upgrade": "NULL_NA",
    "gnaf_pid": "GAQLD160210420",
    "ee": true,
    "tech_change_status": "Not Planned",
    "program_type": "Fixed Wireless and Satellite Upgrade Program",
    "target_eligibility_quarter": "NA"
   }
  },
  {
   "type": "Feature",
   "geometry": {
    "type": "Point",
    "coordinates": [
     151.9865349,
     -26.84205595
    ]
   },
   "properties": {
    "name": "46 BARR SMITH STREET YARRAMAN 4614",
    "locID": "LOC000086969759",
    "tech": "WIRELESS",
    "upgrade": "NULL_NA",
    "gnaf_pid": "GAQLD160210438",
    "ee": true,
    "tech_change_status": "Not Planned",
    "program_type": "Fixed Wireless and Satellite Upgrade Program",
    "target_eligibility_quarter": "NA"
   }
  },
  {
   "type": "Feature",
   "geometry": {
    "type": "Point",
    "coordinates": [
     151.98525837,
     -26.83940582
    ]
   },
   "properties": {
    "name": "13-15 CHEADLE STREET YARRAMAN 4614",
    "locID": "LOC000088185841",
    "tech": "WIRELESS",
    "upgrade": "NULL_NA",
    "gnaf_pid": "GAQLD160210441",
    "ee": true,
    "tech_change_status": "Not Planned",
    "program_type": "Fixed Wireless and Satellite Upgrade Program",
    "target_eligibility_quarter": "NA"
   }
  },
  {
   "type": "Feature",
   "geometry": {
    "type": "Point",
    "coordinates": [
     151.9823503,
     -26.83936254
    ]
   },
   "properties": {
    "name": "UNIT 8, 6-8 DAVIES STREET YARRAMAN 4614",
    "locID": "LOC000084569332",
    "tech": "WIRELESS",
    "upgrade": "NULL_NA",
    "gnaf_pid": "GAQLD160210452",
    "ee": true,
    "tech_change_status": "Not Planned",
    "program_type": "Fixed Wireless and Satellite Upgrade Program",
    "target_eligibility_quarter": "NA"
   }
  },
  {
   "type": "Feature",
   "geometry": {
    "type": "Point",
    "coordinates": [
     151.9823503,
     -26.83936254
    ]
   },
   "properties": {
    "name": "UNIT 2, 6-8 DAVIES STREET YARRAMAN 4614",
    "locID": "LOC000084242086",
    "tech": "WIRELESS",
    "upgrade": "NULL_NA",
    "gnaf_pid": "GAQLD160210461",
    "ee": true,
    "tech_change_status": "Not Planned",
    "program_type": "Fixed Wireless and Satellite Upgrade Program",
    "target_eligibility_quarter": "NA"
   }
  },
  {
   "type": "Feature",
   "geometry": {
    "type": "Point",
    "coordinates": [
     151.99096821,
     -26.84565127
    ]
   },
   "properties": {
    "name": "42 DIOTH STREET YARRAMAN 4614",
    "locID": "LOC000062064993",
    "tech": "WIRELESS",
    "upgrade": "NULL_NA",
    "gnaf_pid": "GAQLD160214208",
    "ee": true,
    "tech_change_status": "Not Planned",
    "program_type": "Fixed Wireless and Satellite Upgrade Program",
    "target_eligibility_quarter": "NA"
   }
  },
  {
   "type": "Feature",
   "geometry": {
    "type": "Point",
    "coordinates": [
     151.99096821,
     -26.84565127
    ]
   },
   "properties": {
    "name": "74 DIOTH STREET YARRAMAN 4614",
    "locID": "LOC000015772010",
    "tech": "WIRELESS",
    "upgrade": "NULL_NA",
    "gnaf_pid": "GAQLD160214214",
    "ee": true,
    "tech_change_status": "Not Planned",
    "program_type": "Fixed Wireless and Satellite Upgrade Program",
    "target_eligibility_quarter": "NA"
   }
  },
  {
   "type": "Feature",
   "geometry": {
    "type": "Point",
    "coordinates": [
     151.99096821,
     -26.84565127
    ]
   },
   "properties": {
    "name": "76 DIOTH STREET YARRAMAN 4614",
    "locID": "LOC000029035462",
    "tech": "WIRELESS",
    "upgrade": "NULL_NA",
    "gnaf_pid": "GAQLD160214215",
    "ee": true,
    "tech_change_status": "Not Planned",
    "program_type": "Fixed Wireless and Satellite Upgrade Program",
    "target_eligibility_quarter": "NA"
   }
  },
  {
   "type": "Feature",
   "geometry": {
    "type": "Point",
    "coordinates": [
     151.99096821,
     -26.84565127
    ]
   },
   "properties": {
    "name": "78 DIOTH STREET YARRAMAN 4614",
    "locID": "LOC000028123700",
    "tech": "WIRELESS",
    "upgrade": "NULL_NA",
    "gnaf_pid": "GAQLD160214216",
    "ee": true,
    "tech_change_status": "Not Planned",
    "program_type": "Fixed Wireless and Satellite Upgrade Program",
    "target_eligibility_quarter": "NA"
   }
  },
  {
   "type": "Feature",
   "geometry": {
    "type": "Point",
    "coordinates": [
     151.9780483,
     -26.84165664
    ]
   },
   "properties": {
    "name": "19-21 DOUGLAS STREET YARRAMAN 4614",
    "locID": "LOC000020198719",
    "tech": "WIRELESS",
    "upgrade": "NULL_NA",
    "gnaf_pid": "GAQLD160214898",
    "ee": true,
    "tech_change_status": "Not Planned",
    "program_type": "Fixed Wireless and Satellite Upgrade Program",
    "target_eligibility_quarter": "NA"
   }
  },
  {
   "type": "Feature",
   "geometry": {
    "type": "Point",
    "coordinates": [
     151.97807183,
     -26.84229808
    ]
   },
   "properties": {
    "name": "26 DOUGLAS STREET YARRAMAN 4614",
    "locID": "LOC000037992306",
    "tech": "WIRELESS",
    "upgrade": "NULL_NA",
    "gnaf_pid": "GAQLD160214904",
    "ee": true,
    "tech_change_status": "Not Planned",
    "program_type": "Fixed Wireless and Satellite Upgrade Program",
    "target_eligibility_quarter": "NA"
   }
  },
  {
   "type": "Feature",
   "geometry": {
    "type": "Point",
    "coordinates": [
     151.97459818,
     -26.84340386
    ]
   },
   "properties": {
    "name": "2 GEORGE STREET YARRAMAN 4614",
    "locID": "LOC000106774789",
    "tech": "WIRELESS",
    "upgrade": "NULL_NA",
    "gnaf_pid": "GAQLD160214911",
    "ee": true,
    "tech_change_status": "Not Planned",
    "program_type": "Fixed Wireless and Satellite Upgrade Program",
    "target_eligibility_quarter": "NA"
   }
  },
  {
   "type": "Feature",
   "geometry": {
    "type": "Point",
    "coordinates": [
     151.97531755,
     -26.84326714
    ]
   },
   "properties": {
    "name": "5 ANN STREET YARRAMAN 4614",
    "locID": "LOC000064063527",
    "tech": "WIRELESS",
    "upgrade": "NULL_NA",
    "gnaf_pid": "GAQLD160214922",
    "ee": true,
    "tech_change_status": "Not Planned",
    "program_type": "Fixed Wireless and Satellite Upgrade Program",
    "target_eligibility_quarter": "NA"
   }
  },
  {
   "type": "Feature",
   "geometry": {
    "type": "Point",
    "coordinates": [
     151.9763649,
     -26.84297764
    ]
   },
   "properties": {
    "name": "9 JANE STREET YARRAMAN 4614",
    "locID": "LOC000107156029",
    "tech": "WIRELESS",
    "upgrade": "NULL_NA",
    "gnaf_pid": "GAQLD160214937",
    "ee": true,
    "tech_change_status": "Not Planned",
    "program_type": "Fixed Wireless and Satellite Upgrade Program",
    "target_eligibility_quarter": "NA"
   }
  },
  {
   "type": "Feature",
   "geometry": {
    "type": "Point",
    "coordinates": [
     151.98019165,
     -26.84192256
    ]
   },
   "properties": {
    "name": "14 MARGARET STREET YARRAMAN 4614",
    "locID": "LOC000071103924",
    "tech": "WIRELESS",
    "upgrade": "NULL_NA",
    "gnaf_pid": "GAQLD160215571",
    "ee": true,
    "tech_change_status": "Not Planned",
    "program_type": "Fixed Wireless and Satellite Upgrade Program",
    "target_eligibility_quarter": "NA"
   }
  },
  {
   "type": "Feature",
   "geometry": {
    "type": "Point",
    "coordinates": [
     151.98032116,
     -26.84212324
    ]
   },
   "properties": {
    "name": "10 MARGARET STREET YARRAMAN 4614",
    "locID": "LOC000035043859",
    "tech": "WIRELESS",
    "upgrade": "NULL_NA",
    "gnaf_pid": "GAQLD160215576",
    "ee": true,
    "tech_change_status": "Not Planned",
    "program_type": "Fixed Wireless and Satellite Upgrade Program",
    "target_eligibility_quarter": "NA"
   }
  },
  {
   "type": "Feature",
   "geometry": {
    "type": "Point",
    "coordinates": [
     151.98406734,
     -26.84590397
    ]
   },
   "properties": {
    "name": "3 BUNYA DRIVE YARRAMAN 4614",
    "locID": "LOC000043186610",
    "tech": "WIRELESS",
    "upgrade": "NULL_NA",
    "gnaf_pid": "GAQLD160215578",
    "ee": true,
    "tech_change_status": "Not Planned",
    "program_type": "Fixed Wireless and Satellite Upgrade Program",
    "target_eligibility_quarter": "NA"
   }
  },
  {
   "type": "Feature",
   "geometry": {
    "type": "Point",
    "coordinates": [
     151.98398571,
     -26.8440663
    ]
   },
   "properties": {
    "name": "27 BUNYA DRIVE YARRAMAN 4614",
    "locID": "LOC000096872810",
    "tech": "WIRELESS",
    "upgrade": "NULL_NA",
    "gnaf_pid": "GAQLD160215584",
    "ee": true,
    "tech_change_status": "Not Planned",
    "program_type": "Fixed Wireless and Satellite Upgrade Program",
    "target_eligibility_quarter": "NA"
   }
  },
  {
   "type": "Feature",
   "geometry": {
    "type": "Point",
    "coordinates": [
     151.98373397,
     -26.84501921
    ]
   },
   "properties": {
    "name": "12 BUNYA DRIVE YARRAMAN 4614",
    "locID": "LOC000073861286",
    "tech": "WIRELESS",
    "upgrade": "NULL_NA",
    "gnaf_pid": "GAQLD160215592",
    "ee": true,
    "tech_change_status": "Not Planned",
    "program_type": "Fixed Wireless and Satellite Upgrade Program",
    "target_eligibility_quarter": "NA"
   }
  },
  {
   "type": "Feature",
   "geometry": {
    "type": "Point",
    "coordinates": [
     151.98349743,
     -26.84473656
    ]
   },
   "properties": {
    "name": "16 BUNYA DRIVE YARRAMAN 4614",
    "locID": "LOC000076402982",
    "tech": "WIRELESS",
    "upgrade": "NULL_NA",
    "gnaf_pid": "GAQLD160215594",
    "ee": true,
    "tech_change_status": "Not Planned",
    "program_type": "Fixed Wireless and Satellite Upgrade Program",
    "target_eligibility_quarter": "NA"
   }
  },
  {
   "type": "Feature",
   "geometry": {
    "type": "Point",
    "coordinates": [
     151.98387064,
     -26.84521075
    ]
   },
   "properties": {
    "name": "33 BUNYA DRIVE YARRAMAN 4614",
    "locID": "LOC000049594670",
    "tech": "WIRELESS",
    "upgrade": "NULL_NA",
    "gnaf_pid": "GAQLD160215595",
    "ee": true,
    "tech_change_status": "Not Planned",
    "program_type": "Fixed Wireless and Satellite Upgrade Program",
    "target_eligibility_quarter": "NA"
   }
  },
  {
   "type": "Feature",
   "geometry": {
    "type": "Point",
    "coordinates": [
     151.98129713,
     -26.84068142
    ]
   },
   "properties": {
    "name": "16A TOOMEY STREET YARRAMAN 4614",
    "locID": "LOC000068175461",
    "tech": "WIRELESS",
    "upgrade": "NULL_NA",
    "gnaf_pid": "GAQLD160215614",
    "ee": true,
    "tech_change_status": "Not Planned",
    "program_type": "Fixed Wireless and Satellite Upgrade Program",
    "target_eligibility_quarter": "NA"
   }
  },
  {
   "type": "Feature",
   "geometry": {
    "type": "Point",
    "coordinates": [
     151.98129713,
     -26.84068142
    ]
   },
   "properties": {
    "name": "16B TOOMEY STREET YARRAMAN 4614",
    "locID": "LOC000068544953",
    "tech": "WIRELESS",
    "upgrade": "NULL_NA",
    "gnaf_pid": "GAQLD160215615",
    "ee": true,
    "tech_change_status": "Not Planned",
    "program_type": "Fixed Wireless and Satellite Upgrade Program",
    "target_eligibility_quarter": "NA"
   }
  },
  {
   "type": "Feature",
   "geometry": {
    "type": "Point",
    "coordinates": [
     151.98158786,
     -26.84111169
    ]
   },
   "properties": {
    "name": "20 TOOMEY STREET YARRAMAN 4614",
    "locID": "LOC000079538974",
    "tech": "WIRELESS",
    "upgrade": "NULL_NA",
    "gnaf_pid": "GAQLD160215619",
    "ee": true,
    "tech_change_status": "Not Planned",
    "program_type": "Fixed Wireless and Satellite Upgrade Program",
    "target_eligibility_quarter": "NA"
   }
  },
  {
   "type": "Feature",
   "geometry": {
    "type": "Point",
    "coordinates": [
     151.98518639,
     -26.84421716
    ]
   },
   "properties": {
    "name": "15 PARK DRIVE YARRAMAN 4614",
    "locID": "LOC000044571799",
    "tech": "WIRELESS",
    "upgrade": "NULL_NA",
    "gnaf_pid": "GAQLD160215631",
    "ee": true,
    "tech_change_status": "Not Planned",
    "program_type": "Fixed Wireless and Satellite Upgrade Program",
    "target_eligibility_quarter": "NA"
   }
  },
  {
   "type": "Feature",
   "geometry": {
    "type": "Point",
    "coordinates": [
     151.98457291,
     -26.84542806
    ]
   },
   "properties": {
    "name": "2 PARK DRIVE YARRAMAN 4614",
    "locID": "LOC000050536378",
    "tech": "WIRELESS",
    "upgrade": "NULL_NA",
    "gnaf_pid": "GAQLD160215633",
    "ee": true,
    "tech_change_status": "Not Planned",
    "program_type": "Fixed Wireless and Satellite Upgrade Program",
    "target_eligibility_quarter": "NA"
   }
  },
  {
   "type": "Feature",
   "geometry": {
    "type": "Point",
    "coordinates": [
     151.98534899,
     -26.84538338
    ]
   },
   "properties": {
    "name": "8 PARK DRIVE YARRAMAN 4614",
    "locID": "LOC000052199554",
    "tech": "WIRELESS",
    "upgrade": "NULL_NA",
    "gnaf_pid": "GAQLD160216431",
    "ee": true,
    "tech_change_status": "Not Planned",
    "program_type": "Fixed Wireless and Satellite Upgrade Program",
    "target_eligibility_quarter": "NA"
   }
  },
  {
   "type": "Feature",
   "geometry": {
    "type": "Point",
    "coordinates": [
     151.98469594,
     -26.84460557
    ]
   },
   "properties": {
    "name": "18 PARK DRIVE YARRAMAN 4614",
    "locID": "LOC000002521614",
    "tech": "WIRELESS",
    "upgrade": "NULL_NA",
    "gnaf_pid": "GAQLD160216436",
    "ee": true,
    "tech_change_status": "Not Planned",
    "program_type": "Fixed Wireless and Satellite Upgrade Program",
    "target_eligibility_quarter": "NA"
   }
  },
  {
   "type": "Feature",
   "geometry": {
    "type": "Point",
    "coordinates": [
     151.98552064,
     -26.84466121
    ]
   },
   "properties": {
    "name": "9 PARK DRIVE YARRAMAN 4614",
    "locID": "LOC000064095831",
    "tech": "WIRELESS",
    "upgrade": "NULL_NA",
    "gnaf_pid": "GAQLD160216437",
    "ee": true,
    "tech_change_status": "Not Planned",
    "program_type": "Fixed Wireless and Satellite Upgrade Program",
    "target_eligibility_quarter": "NA"
   }
  },
  {
   "type": "Feature",
   "geometry": {
    "type": "Point",
    "coordinates": [
     151.98547652,
     -26.8455373
    ]
   },
   "properties": {
    "name": "6 PARK DRIVE YARRAMAN 4614",
    "locID": "LOC000053156993",
    "tech": "WIRELESS",
    "upgrade": "NULL_NA",
    "gnaf_pid": "GAQLD160216439",
    "ee": true,
    "tech_change_status": "Not Planned",
    "program_type": "Fixed Wireless and Satellite Upgrade Program",
    "target_eligibility_quarter": "NA"
   }
  },
  {
   "type": "Feature",
   "geometry": {
    "type": "Point",
    "coordinates": [
     151.98399,
     -26.84451
    ]
   },
   "properties": {
    "name": "23 BUNYA DRIVE YARRAMAN 4614",
    "locID": "LOC000105637390",
    "tech": "WIRELESS",
    "upgrade": "NULL_NA",
    "gnaf_pid": "GAQLD160216441",
    "ee": true,
    "tech_change_status": "Not Planned",
    "program_type": "Fixed Wireless and Satellite Upgrade Program",
    "target_eligibility_quarter": "NA"
   }
  },
  {
   "type": "Feature",
   "geometry": {
    "type": "Point",
    "coordinates": [
     151.94236884,
     -26.87137809
    ]
   },
   "properties": {
    "name": "689 UPPER YARRAMAN ROAD YARRAMAN 4614",
    "locID": "LOC000110407542",
    "tech": "WIRELESS",
    "upgrade": "NULL_NA",
    "gnaf_pid": "GAQLD160216443",
    "ee": true,
    "tech_change_status": "Not Planned",
    "program_type": "Fixed Wireless and Satellite Upgrade Program",
    "target_eligibility_quarter": "NA"
   }
  },
  {
   "type": "Feature",
   "geometry": {
    "type": "Point",
    "coordinates": [
     151.95534417,
     -26.8710601
    ]
   },
   "properties": {
    "name": "848 UPPER YARRAMAN ROAD YARRAMAN 4614",
    "locID": "LOC000041400823",
    "tech": "WIRELESS",
    "upgrade": "NULL_NA",
    "gnaf_pid": "GAQLD160216445",
    "ee": true,
    "tech_change_status": "Not Planned",
    "program_type": "Fixed Wireless and Satellite Upgrade Program",
    "target_eligibility_quarter": "NA"
   }
  },
  {
   "type": "Feature",
   "geometry": {
    "type": "Point",
    "coordinates": [
     151.99096821,
     -26.84565127
    ]
   },
   "properties": {
    "name": "43 DIOTH STREET YARRAMAN 4614",
    "locID": "LOC000043748184",
    "tech": "WIRELESS",
    "upgrade": "NULL_NA",
    "gnaf_pid": "GAQLD160219252",
    "ee": true,
    "tech_change_status": "Not Planned",
    "program_type": "Fixed Wireless and Satellite Upgrade Program",
    "target_eligibility_quarter": "NA"
   }
  },
  {
   "type": "Feature",
   "geometry": {
    "type": "Point",
    "coordinates": [
     151.99096821,
     -26.84565127
    ]
   },
   "properties": {
    "name": "56 DIOTH STREET YARRAMAN 4614",
    "locID": "LOC000102904439",
    "tech": "WIRELESS",
    "upgrade": "NULL_NA",
    "gnaf_pid": "GAQLD160219253",
    "ee": true,
    "tech_change_status": "Not Planned",
    "program_type": "Fixed Wireless and Satellite Upgrade Program",
    "target_eligibility_quarter": "NA"
   }
  },
  {
   "type": "Feature",
   "geometry": {
    "type": "Point",
    "coordinates": [
     151.99096821,
     -26.84565127
    ]
   },
   "properties": {
    "name": "57 DIOTH STREET YARRAMAN 4614",
    "locID": "LOC000053658080",
    "tech": "WIRELESS",
    "upgrade": "NULL_NA",
    "gnaf_pid": "GAQLD160219254",
    "ee": true,
    "tech_change_status": "Not Planned",
    "program_type": "Fixed Wireless and Satellite Upgrade Program",
    "target_eligibility_quarter": "NA"
   }
  },
  {
   "type": "Feature",
   "geometry": {
    "type": "Point",
    "coordinates": [
     151.99096821,
     -26.84565127
    ]
   },
   "properties": {
    "name": "73 DIOTH STREET YARRAMAN 4614",
    "locID": "LOC000043780498",
    "tech": "WIRELESS",
    "upgrade": "NULL_NA",
    "gnaf_pid": "GAQLD160219256",
    "ee": true,
    "tech_change_status": "Not Planned",
    "program_type": "Fixed Wireless and Satellite Upgrade Program",
    "target_eligibility_quarter": "NA"
   }
  },
  {
   "type": "Feature",
   "geometry": {
    "type": "Point",
    "coordinates": [
     151.99096821,
     -26.84565127
    ]
   },
   "properties": {
    "name": "86 DIOTH STREET YARRAMAN 4614",
    "locID": "LOC000064132125",
    "tech": "WIRELESS",
    "upgrade": "NULL_NA",
    "gnaf_pid": "GAQLD160219522",
    "ee": true,
    "tech_change_status": "Not Planned",
    "program_type": "Fixed Wireless and Satellite Upgrade Program",
    "target_eligibility_quarter": "NA"
   }
  },
  {
   "type": "Feature",
   "geometry": {
    "type": "Point",
    "coordinates": [
     151.99096821,
     -26.84565127
    ]
   },
   "properties": {
    "name": "89 DIOTH STREET YARRAMAN 4614",
    "locID": "LOC000039516661",
    "tech": "WIRELESS",
    "upgrade": "NULL_NA",
    "gnaf_pid": "GAQLD160219523",
    "ee": true,
    "tech_change_status": "Not Planned",
    "program_type": "Fixed Wireless and Satellite Upgrade Program",
    "target_eligibility_quarter": "NA"
   }
  },
  {
   "type": "Feature",
   "geometry": {
    "type": "Point",
    "coordinates": [
     151.99096821,
     -26.84565127
    ]
   },
   "properties": {
    "name": "91 DIOTH STREET YARRAMAN 4614",
    "locID": "LOC000028174689",
    "tech": "WIRELESS",
    "upgrade": "NULL_NA",
    "gnaf_pid": "GAQLD160219524",
    "ee": true,
    "tech_change_status": "Not Planned",
    "program_type": "Fixed Wireless and Satellite Upgrade Program",
    "target_eligibility_quarter": "NA"
   }
  },
  {
   "type": "Feature",
   "geometry": {
    "type": "Point",
    "coordinates": [
     151.99096821,
     -26.84565127
    ]
   },
   "properties": {
    "name": "92 DIOTH STREET YARRAMAN 4614",
    "locID": "LOC000025831979",
    "tech": "WIRELESS",
    "upgrade": "NULL_NA",
    "gnaf_pid": "GAQLD160219525",
    "ee": true,
    "tech_change_status": "Not Planned",
    "program_type": "Fixed Wireless and Satellite Upgrade Program",
    "target_eligibility_quarter": "NA"
   }
  },
  {
   "type": "Feature",
   "geometry": {
    "type": "Point",
    "coordinates": [
     151.98260768,
     -26.84157586
    ]
   },
   "properties": {
    "name": "10-14 BROWNE STREET YARRAMAN 4614",
    "locID": "LOC000003274134",
    "tech": "WIRELESS",
    "upgrade": "NULL_NA",
    "gnaf_pid": "GAQLD160219552",
    "ee": true,
    "tech_change_status": "Not Planned",
    "program_type": "Fixed Wireless and Satellite Upgrade Program",
    "target_eligibility_quarter": "NA"
   }
  },
  {
   "type": "Feature",
   "geometry": {
    "type": "Point",
    "coordinates": [
     151.98254226,
     -26.84096688
    ]
   },
   "properties": {
    "name": "11-13 BROWNE STREET YARRAMAN 4614",
    "locID": "LOC000068792572",
    "tech": "WIRELESS",
    "upgrade": "NULL_NA",
    "gnaf_pid": "GAQLD160219553",
    "ee": true,
    "tech_change_status": "Not Planned",
    "program_type": "Fixed Wireless and Satellite Upgrade Program",
    "target_eligibility_quarter": "NA"
   }
  },
  {
   "type": "Feature",
   "geometry": {
    "type": "Point",
    "coordinates": [
     151.98260768,
     -26.84157586
    ]
   },
   "properties": {
    "name": "16 BROWNE STREET YARRAMAN 4614",
    "locID": "LOC000049252851",
    "tech": "WIRELESS",
    "upgrade": "NULL_NA",
    "gnaf_pid": "GAQLD160219555",
    "ee": true,
    "tech_change_status": "Not Planned",
    "program_type": "Fixed Wireless and Satellite Upgrade Program",
    "target_eligibility_quarter": "NA"
   }
  },
  {
   "type": "Feature",
   "geometry": {
    "type": "Point",
    "coordinates": [
     151.98941898,
     -26.85289302
    ]
   },
   "properties": {
    "name": "19 DESLEY COURT YARRAMAN 4614",
    "locID": "LOC000067324862",
    "tech": "WIRELESS",
    "upgrade": "NULL_NA",
    "gnaf_pid": "GAQLD160219575",
    "ee": true,
    "tech_change_status": "Not Planned",
    "program_type": "Fixed Wireless and Satellite Upgrade Program",
    "target_eligibility_quarter": "NA"
   }
  },
  {
   "type": "Feature",
   "geometry": {
    "type": "Point",
    "coordinates": [
     151.98807131,
     -26.8515045
    ]
   },
   "properties": {
    "name": "5 DONALD COURT YARRAMAN 4614",
    "locID": "LOC000052981823",
    "tech": "WIRELESS",
    "upgrade": "NULL_NA",
    "gnaf_pid": "GAQLD160219586",
    "ee": true,
    "tech_change_status": "Not Planned",
    "program_type": "Fixed Wireless and Satellite Upgrade Program",
    "target_eligibility_quarter": "NA"
   }
  },
  {
   "type": "Feature",
   "geometry": {
    "type": "Point",
    "coordinates": [
     151.98807131,
     -26.8515045
    ]
   },
   "properties": {
    "name": "8 DONALD COURT YARRAMAN 4614",
    "locID": "LOC000053599167",
    "tech": "WIRELESS",
    "upgrade": "NULL_NA",
    "gnaf_pid": "GAQLD160219587",
    "ee": true,
    "tech_change_status": "Not Planned",
    "program_type": "Fixed Wireless and Satellite Upgrade Program",
    "target_eligibility_quarter": "NA"
   }
  },
  {
   "type": "Feature",
   "geometry": {
    "type": "Point",
    "coordinates": [
     151.98807131,
     -26.8515045
    ]
   },
   "properties": {
    "name": "9 DONALD COURT YARRAMAN 4614",
    "locID": "LOC000079487859",
    "tech": "WIRELESS",
    "upgrade": "NULL_NA",
    "gnaf_pid": "GAQLD160219588",
    "ee": true,
    "tech_change_status": "Not Planned",
    "program_type": "Fixed Wireless and Satellite Upgrade Program",
    "target_eligibility_quarter": "NA"
   }
  },
  {
   "type": "Feature",
   "geometry": {
    "type": "Point",
    "coordinates": [
     151.98233711,
     -26.84051456
    ]
   },
   "properties": {
    "name": "12-14 MCDANIELL STREET YARRAMAN 4614",
    "locID": "LOC000106629859",
    "tech": "WIRELESS",
    "upgrade": "NULL_NA",
    "gnaf_pid": "GAQLD160220268",
    "ee": true,
    "tech_change_status": "Not Planned",
    "program_type": "Fixed Wireless and Satellite Upgrade Program",
    "target_eligibility_quarter": "NA"
   }
  },
  {
   "type": "Feature",
   "geometry": {
    "type": "Point",
    "coordinates": [
     151.97912771,
     -26.83838143
    ]
   },
   "properties": {
    "name": "3 TOOMEY STREET YARRAMAN 4614",
    "locID": "LOC000051012544",
    "tech": "WIRELESS",
    "upgrade": "NULL_NA",
    "gnaf_pid": "GAQLD160220280",
    "ee": true,
    "tech_change_status": "Not Planned",
    "program_type": "Fixed Wireless and Satellite Upgrade Program",
    "target_eligibility_quarter": "NA"
   }
  },
  {
   "type": "Feature",
   "geometry": {
    "type": "Point",
    "coordinates": [
     151.97840795,
     -26.84289607
    ]
   },
   "properties": {
    "name": "2 MARGARET STREET YARRAMAN 4614",
    "locID": "LOC000099396001",
    "tech": "WIRELESS",
    "upgrade": "NULL_NA",
    "gnaf_pid": "GAQLD160220289",
    "ee": true,
    "tech_change_status": "Not Planned",
    "program_type": "Fixed Wireless and Satellite Upgrade Program",
    "target_eligibility_quarter": "NA"
   }
  },
  {
   "type": "Feature",
   "geometry": {
    "type": "Point",
    "coordinates": [
     151.98087844,
     -26.84160314
    ]
   },
   "properties": {
    "name": "4A MARGARET STREET YARRAMAN 4614",
    "locID": "LOC000006820026",
    "tech": "WIRELESS",
    "upgrade": "NULL_NA",
    "gnaf_pid": "GAQLD160220291",
    "ee": true,
    "tech_change_status": "Not Planned",
    "program_type": "Fixed Wireless and Satellite Upgrade Program",
    "target_eligibility_quarter": "NA"
   }
  },
  {
   "type": "Feature",
   "geometry": {
    "type": "Point",
    "coordinates": [
     151.98087844,
     -26.84160314
    ]
   },
   "properties": {
    "name": "4B MARGARET STREET YARRAMAN 4614",
    "locID": "LOC000006595496",
    "tech": "WIRELESS",
    "upgrade": "NULL_NA",
    "gnaf_pid": "GAQLD160220292",
    "ee": true,
    "tech_change_status": "Not Planned",
    "program_type": "Fixed Wireless and Satellite Upgrade Program",
    "target_eligibility_quarter": "NA"
   }
  },
  {
   "type": "Feature",
   "geometry": {
    "type": "Point",
    "coordinates": [
     151.928401,
     -26.87742478
    ]
   },
   "properties": {
    "name": "499 UPPER YARRAMAN ROAD YARRAMAN 4614",
    "locID": "LOC000041707616",
    "tech": "WIRELESS",
    "upgrade": "NULL_NA",
    "gnaf_pid": "GAQLD160221852",
    "ee": true,
    "tech_change_status": "Not Planned",
    "program_type": "Fixed Wireless and Satellite Upgrade Program",
    "target_eligibility_quarter": "NA"
   }
  },
  {
   "type": "Feature",
   "geometry": {
    "type": "Point",
    "coordinates": [
     151.9922959,
     -26.84964427
    ]
   },
   "properties": {
    "name": "24 SMITH STREET YARRAMAN 4614",
    "locID": "LOC000041875396",
    "tech": "WIRELESS",
    "upgrade": "NULL_NA",
    "gnaf_pid": "GAQLD160224233",
    "ee": true,
    "tech_change_status": "Not Planned",
    "program_type": "Fixed Wireless and Satellite Upgrade Program",
    "target_eligibility_quarter": "NA"
   }
  },
  {
   "type": "Feature",
   "geometry": {
    "type": "Point",
    "coordinates": [
     151.9922959,
     -26.84964427
    ]
   },
   "properties": {
    "name": "46 SMITH STREET YARRAMAN 4614",
    "locID": "LOC000099634915",
    "tech": "WIRELESS",
    "upgrade": "NULL_NA",
    "gnaf_pid": "GAQLD160224239",
    "ee": true,
    "tech_change_status": "Not Planned",
    "program_type": "Fixed Wireless and Satellite Upgrade Program",
    "target_eligibility_quarter": "NA"
   }
  },
  {
   "type": "Feature",
   "geometry": {
    "type": "Point",
    "coordinates": [
     151.9922959,
     -26.84964427
    ]
   },
   "properties": {
    "name": "61 SMITH STREET YARRAMAN 4614",
    "locID": "LOC000076482946",
    "tech": "WIRELESS",
    "upgrade": "NULL_NA",
    "gnaf_pid": "GAQLD160224240",
    "ee": true,
    "tech_change_status": "Not Planned",
    "program_type": "Fixed Wireless and Satellite Upgrade Program",
    "target_eligibility_quarter": "NA"
   }
  },
  {
   "type": "Feature",
   "geometry": {
    "type": "Point",
    "coordinates": [
     151.9922959,
     -26.84964427
    ]
   },
   "properties": {
    "name": "64 SMITH STREET YARRAMAN 4614",
    "locID": "LOC000029896464",
    "tech": "WIRELESS",
    "upgrade": "NULL_NA",
    "gnaf_pid": "GAQLD160224241",
    "ee": true,
    "tech_change_status": "Not Planned",
    "program_type": "Fixed Wireless and Satellite Upgrade Program",
    "target_eligibility_quarter": "NA"
   }
  },
  {
   "type": "Feature",
   "geometry": {
    "type": "Point",
    "coordinates": [
     151.9922959,
     -26.84964427
    ]
   },
   "properties": {
    "name": "65 SMITH STREET YARRAMAN 4614",
    "locID": "LOC000072121820",
    "tech": "WIRELESS",
    "upgrade": "NULL_NA",
    "gnaf_pid": "GAQLD160224242",
    "ee": true,
    "tech_change_status": "Not Planned",
    "program_type": "Fixed Wireless and Satellite Upgrade Program",
    "target_eligibility_quarter": "NA"
   }
  },
  {
   "type": "Feature",
   "geometry": {
    "type": "Point",
    "coordinates": [
     151.9922959,
     -26.84964427
    ]
   },
   "properties": {
    "name": "67 SMITH STREET YARRAMAN 4614",
    "locID": "LOC000024810546",
    "tech": "WIRELESS",
    "upgrade": "NULL_NA",
    "gnaf_pid": "GAQLD160224243",
    "ee": true,
    "tech_change_status": "Not Planned",
    "program_type": "Fixed Wireless and Satellite Upgrade Program",
    "target_eligibility_quarter": "NA"
   }
  },
  {
   "type": "Feature",
   "geometry": {
    "type": "Point",
    "coordinates": [
     151.9922959,
     -26.84964427
    ]
   },
   "properties": {
    "name": "71 SMITH STREET YARRAMAN 4614",
    "locID": "LOC000096245089",
    "tech": "WIRELESS",
    "upgrade": "NULL_NA",
    "gnaf_pid": "GAQLD160224244",
    "ee": true,
    "tech_change_status": "Not Planned",
    "program_type": "Fixed Wireless and Satellite Upgrade Program",
    "target_eligibility_quarter": "NA"
   }
  },
  {
   "type": "Feature",
   "geometry": {
    "type": "Point",
    "coordinates": [
     151.98755563,
     -26.84038825
    ]
   },
   "properties": {
    "name": "1 MILLAR STREET YARRAMAN 4614",
    "locID": "LOC000096304647",
    "tech": "WIRELESS",
    "upgrade": "NULL_NA",
    "gnaf_pid": "GAQLD160224266",
    "ee": true,
    "tech_change_status": "Not Planned",
    "program_type": "Fixed Wireless and Satellite Upgrade Program",
    "target_eligibility_quarter": "NA"
   }
  },
  {
   "type": "Feature",
   "geometry": {
    "type": "Point",
    "coordinates": [
     151.98998582,
     -26.84003769
    ]
   },
   "properties": {
    "name": "2 MILLAR STREET YARRAMAN 4614",
    "locID": "LOC000094035226",
    "tech": "WIRELESS",
    "upgrade": "NULL_NA",
    "gnaf_pid": "GAQLD160224267",
    "ee": true,
    "tech_change_status": "Not Planned",
    "program_type": "Fixed Wireless and Satellite Upgrade Program",
    "target_eligibility_quarter": "NA"
   }
  },
  {
   "type": "Feature",
   "geometry": {
    "type": "Point",
    "coordinates": [
     151.98021449,
     -26.84144907
    ]
   },
   "properties": {
    "name": "7A MARGARET STREET YARRAMAN 4614",
    "locID": "LOC100081847117",
    "tech": "WIRELESS",
    "upgrade": "NULL_NA",
    "gnaf_pid": "GAQLD160224958",
    "ee": true,
    "tech_change_status": "Not Planned",
    "program_type": "Fixed Wireless and Satellite Upgrade Program",
    "target_eligibility_quarter": "NA"
   }
  },
  {
   "type": "Feature",
   "geometry": {
    "type": "Point",
    "coordinates": [
     151.98021449,
     -26.84144907
    ]
   },
   "properties": {
    "name": "7B MARGARET STREET YARRAMAN 4614",
    "locID": "LOC000076069486",
    "tech": "WIRELESS",
    "upgrade": "NULL_NA",
    "gnaf_pid": "GAQLD160224959",
    "ee": true,
    "tech_change_status": "Not Planned",
    "program_type": "Fixed Wireless and Satellite Upgrade Program",
    "target_eligibility_quarter": "NA"
   }
  },
  {
   "type": "Feature",
   "geometry": {
    "type": "Point",
    "coordinates": [
     151.96161257,
     -26.85249949
    ]
   },
   "properties": {
    "name": "3 ERIC STREET YARRAMAN 4614",
    "locID": "LOC000018205120",
    "tech": "WIRELESS",
    "upgrade": "NULL_NA",
    "gnaf_pid": "GAQLD160680840",
    "ee": true,
    "tech_change_status": "Not Planned",
    "program_type": "Fixed Wireless and Satellite Upgrade Program",
    "target_eligibility_quarter": "NA"
   }
  },
  {
   "type": "Feature",
   "geometry": {
    "type": "Point",
    "coordinates": [
     151.96092658,
     -26.85313476
    ]
   },
   "properties": {
    "name": "7 ERIC STREET YARRAMAN 4614",
    "locID": "LOC000107201678",
    "tech": "WIRELESS",
    "upgrade": "NULL_NA",
    "gnaf_pid": "GAQLD160680841",
    "ee": true,
    "tech_change_status": "Not Planned",
    "program_type": "Fixed Wireless and Satellite Upgrade Program",
    "target_eligibility_quarter": "NA"
   }
  },
  {
   "type": "Feature",
   "geometry": {
    "type": "Point",
    "coordinates": [
     151.97709399,
     -26.83929823
    ]
   },
   "properties": {
    "name": "11 MCDOUGALL STREET YARRAMAN 4614",
    "locID": "LOC000044797624",
    "tech": "WIRELESS",
    "upgrade": "NULL_NA",
    "gnaf_pid": "GAQLD160727243",
    "ee": true,
    "tech_change_status": "Not Planned",
    "program_type": "Fixed Wireless and Satellite Upgrade Program",
    "target_eligibility_quarter": "NA"
   }
  },
  {
   "type": "Feature",
   "geometry": {
    "type": "Point",
    "coordinates": [
     151.9907728,
     -26.85337131
    ]
   },
   "properties": {
    "name": "1 DESLEY COURT YARRAMAN 4614",
    "locID": "LOC000071132978",
    "tech": "WIRELESS",
    "upgrade": "NULL_NA",
    "gnaf_pid": "GAQLD160812574",
    "ee": true,
    "tech_change_status": "Not Planned",
    "program_type": "Fixed Wireless and Satellite Upgrade Program",
    "target_eligibility_quarter": "NA"
   }
  },
  {
   "type": "Feature",
   "geometry": {
    "type": "Point",
    "coordinates": [
     151.97958846,
     -26.84030674
    ]
   },
   "properties": {
    "name": "2 JOHN STREET YARRAMAN 4614",
    "locID": "LOC000097607754",
    "tech": "WIRELESS",
    "upgrade": "NULL_NA",
    "gnaf_pid": "GAQLD160817003",
    "ee": true,
    "tech_change_status": "Not Planned",
    "program_type": "Fixed Wireless and Satellite Upgrade Program",
    "target_eligibility_quarter": "NA"
   }
  },
  {
   "type": "Feature",
   "geometry": {
    "type": "Point",
    "coordinates": [
     151.98064386,
     -26.84125279
    ]
   },
   "properties": {
    "name": "1 MARGARET STREET YARRAMAN 4614",
    "locID": "LOC000042864398",
    "tech": "WIRELESS",
    "upgrade": "NULL_NA",
    "gnaf_pid": "GAQLD160819071",
    "ee": true,
    "tech_change_status": "Not Planned",
    "program_type": "Fixed Wireless and Satellite Upgrade Program",
    "target_eligibility_quarter": "NA"
   }
  },
  {
   "type": "Feature",
   "geometry": {
    "type": "Point",
    "coordinates": [
     151.97403817,
     -26.83801815
    ]
   },
   "properties": {
    "name": "29 ROSALIE DRIVE YARRAMAN 4614",
    "locID": "LOC000010763539",
    "tech": "WIRELESS",
    "upgrade": "NULL_NA",
    "gnaf_pid": "GAQLD160821931",
    "ee": true,
    "tech_change_status": "Not Planned",
    "program_type": "Fixed Wireless and Satellite Upgrade Program",
    "target_eligibility_quarter": "NA"
   }
  },
  {
   "type": "Feature",
   "geometry": {
    "type": "Point",
    "coordinates": [
     151.98115495,
     -26.84033683
    ]
   },
   "properties": {
    "name": "10 TOOMEY STREET YARRAMAN 4614",
    "locID": "LOC000079433314",
    "tech": "WIRELESS",
    "upgrade": "NULL_NA",
    "gnaf_pid": "GAQLD160824084",
    "ee": true,
    "tech_change_status": "Not Planned",
    "program_type": "Fixed Wireless and Satellite Upgrade Program",
    "target_eligibility_quarter": "NA"
   }
  },
  {
   "type": "Feature",
   "geometry": {
    "type": "Point",
    "coordinates": [
     151.98433118,
     -26.84097677
    ]
   },
   "properties": {
    "name": "10 WATSON STREET YARRAMAN 4614",
    "locID": "LOC000063194856",
    "tech": "WIRELESS",
    "upgrade": "NULL_NA",
    "gnaf_pid": "GAQLD160825008",
    "ee": true,
    "tech_change_status": "Not Planned",
    "program_type": "Fixed Wireless and Satellite Upgrade Program",
    "target_eligibility_quarter": "NA"
   }
  },
  {
   "type": "Feature",
   "geometry": {
    "type": "Point",
    "coordinates": [
     151.99231862,
     -26.835924
    ]
   },
   "properties": {
    "name": "4 MCNEIL STREET YARRAMAN 4614",
    "locID": "LOC000109345142",
    "tech": "WIRELESS",
    "upgrade": "NULL_NA",
    "gnaf_pid": "GAQLD160834301",
    "ee": true,
    "tech_change_status": "Not Planned",
    "program_type": "Fixed Wireless and Satellite Upgrade Program",
    "target_eligibility_quarter": "NA"
   }
  },
  {
   "type": "Feature",
   "geometry": {
    "type": "Point",
    "coordinates": [
     151.97698688,
     -26.81013697
    ]
   },
   "properties": {
    "name": "151 COXS LANE YARRAMAN 4614",
    "locID": "LOC000058335403",
    "tech": "WIRELESS",
    "upgrade": "NULL_NA",
    "gnaf_pid": "GAQLD160946630",
    "ee": true,
    "tech_change_status": "Not Planned",
    "program_type": "Fixed Wireless and Satellite Upgrade Program",
    "target_eligibility_quarter": "NA"
   }
  },
  {
   "type": "Feature",
   "geometry": {
    "type": "Point",
    "coordinates": [
     151.98213544,
     -26.81082126
    ]
   },
   "properties": {
    "name": "195 COXS LANE YARRAMAN 4614",
    "locID": "LOC000061457979",
    "tech": "WIRELESS",
    "upgrade": "NULL_NA",
    "gnaf_pid": "GAQLD160946631",
    "ee": true,
    "tech_change_status": "Not Planned",
    "program_type": "Fixed Wireless and Satellite Upgrade Program",
    "target_eligibility_quarter": "NA"
   }
  },
  {
   "type": "Feature",
   "geometry": {
    "type": "Point",
    "coordinates": [
     151.97197612,
     -26.80944897
    ]
   },
   "properties": {
    "name": "91 COXS LANE YARRAMAN 4614",
    "locID": "LOC000055512194",
    "tech": "WIRELESS",
    "upgrade": "NULL_NA",
    "gnaf_pid": "GAQLD160946632",
    "ee": true,
    "tech_change_status": "Not Planned",
    "program_type": "Fixed Wireless and Satellite Upgrade Program",
    "target_eligibility_quarter": "NA"
   }
  },
  {
   "type": "Feature",
   "geometry": {
    "type": "Point",
    "coordinates": [
     151.98135569,
     -26.83833911
    ]
   },
   "properties": {
    "name": "2 MILL STREET YARRAMAN 4614",
    "locID": "LOC000176454791",
    "tech": "WIRELESS",
    "upgrade": "NULL_NA",
    "gnaf_pid": "GAQLD160955864",
    "ee": true,
    "tech_change_status": "Not Planned",
    "program_type": "Fixed Wireless and Satellite Upgrade Program",
    "target_eligibility_quarter": "NA"
   }
  },
  {
   "type": "Feature",
   "geometry": {
    "type": "Point",
    "coordinates": [
     151.98086545,
     -26.83822758
    ]
   },
   "properties": {
    "name": "7 MILL STREET YARRAMAN 4614",
    "locID": "LOC000027537498",
    "tech": "WIRELESS",
    "upgrade": "NULL_NA",
    "gnaf_pid": "GAQLD160955865",
    "ee": true,
    "tech_change_status": "Not Planned",
    "program_type": "Fixed Wireless and Satellite Upgrade Program",
    "target_eligibility_quarter": "NA"
   }
  },
  {
   "type": "Feature",
   "geometry": {
    "type": "Point",
    "coordinates": [
     151.95530278,
     -26.85285867
    ]
   },
   "properties": {
    "name": "8 MERLE COURT YARRAMAN 4614",
    "locID": "LOC000101831027",
    "tech": "WIRELESS",
    "upgrade": "NULL_NA",
    "gnaf_pid": "GAQLD161019354",
    "ee": true,
    "tech_change_status": "Not Planned",
    "program_type": "Fixed Wireless and Satellite Upgrade Program",
    "target_eligibility_quarter": "NA"
   }
  },
  {
   "type": "Feature",
   "geometry": {
    "type": "Point",
    "coordinates": [
     151.98512547,
     -26.84141832
    ]
   },
   "properties": {
    "name": "30 MILLAR STREET YARRAMAN 4614",
    "locID": "LOC000060252658",
    "tech": "WIRELESS",
    "upgrade": "NULL_NA",
    "gnaf_pid": "GAQLD161019534",
    "ee": true,
    "tech_change_status": "Not Planned",
    "program_type": "Fixed Wireless and Satellite Upgrade Program",
    "target_eligibility_quarter": "NA"
   }
  },
  {
   "type": "Feature",
   "geometry": {
    "type": "Point",
    "coordinates": [
     151.99188266,
     -26.8413698
    ]
   },
   "properties": {
    "name": "LOT 2 BARR SMITH STREET YARRAMAN 4614",
    "locID": "LOC000049382405",
    "tech": "WIRELESS",
    "upgrade": "NULL_NA",
    "gnaf_pid": "GAQLD161059491",
    "ee": true,
    "tech_change_status": "Not Planned",
    "program_type": "Fixed Wireless and Satellite Upgrade Program",
    "target_eligibility_quarter": "NA"
   }
  },
  {
   "type": "Feature",
   "geometry": {
    "type": "Point",
    "coordinates": [
     151.99195936,
     -26.83992045
    ]
   },
   "properties": {
    "name": "LOT 307 BARR SMITH STREET YARRAMAN 4614",
    "locID": "LOC000086969759",
    "tech": "WIRELESS",
    "upgrade": "NULL_NA",
    "gnaf_pid": "GAQLD161059498",
    "ee": true,
    "tech_change_status": "Not Planned",
    "program_type": "Fixed Wireless and Satellite Upgrade Program",
    "target_eligibility_quarter": "NA"
   }
  },
  {
   "type": "Feature",
   "geometry": {
    "type": "Point",
    "coordinates": [
     151.99234788,
     -26.83993028
    ]
   },
   "properties": {
    "name": "LOT 308 BARR SMITH STREET YARRAMAN 4614",
    "locID": "LOC000086969759",
    "tech": "WIRELESS",
    "upgrade": "NULL_NA",
    "gnaf_pid": "GAQLD161059499",
    "ee": true,
    "tech_change_status": "Not Planned",
    "program_type": "Fixed Wireless and Satellite Upgrade Program",
    "target_eligibility_quarter": "NA"
   }
  },
  {
   "type": "Feature",
   "geometry": {
    "type": "Point",
    "coordinates": [
     151.98090223,
     -26.84358655
    ]
   },
   "properties": {
    "name": "LOT 4 EMMERT STREET YARRAMAN 4614",
    "locID": "LOC000127870024",
    "tech": "WIRELESS",
    "upgrade": "NULL_NA",
    "gnaf_pid": "GAQLD161139376",
    "ee": true,
    "tech_change_status": "Not Planned"
   }
  },
  {
   "type": "Feature",
   "geometry": {
    "type": "Point",
    "coordinates": [
     151.97610237,
     -26.84028734
    ]
   },
   "properties": {
    "name": "LOT 469 JOHN STREET YARRAMAN 4614",
    "locID": "LOC000127870076",
    "tech": "WIRELESS",
    "upgrade": "NULL_NA",
    "gnaf_pid": "GAQLD161192575",
    "ee": true,
    "tech_change_status": "Not Planned",
    "program_type": "Fixed Wireless and Satellite Upgrade Program",
    "target_eligibility_quarter": "NA"
   }
  },
  {
   "type": "Feature",
   "geometry": {
    "type": "Point",
    "coordinates": [
     151.97792737,
     -26.84420083
    ]
   },
   "properties": {
    "name": "LOT 2 MARGARET STREET YARRAMAN 4614",
    "locID": "LOC000042864398",
    "tech": "WIRELESS",
    "upgrade": "NULL_NA",
    "gnaf_pid": "GAQLD161226038",
    "ee": true,
    "tech_change_status": "Not Planned",
    "program_type": "Fixed Wireless and Satellite Upgrade Program",
    "target_eligibility_quarter": "NA"
   }
  },
  {
   "type": "Feature",
   "geometry": {
    "type": "Point",
    "coordinates": [
     151.99116097,
     -26.83771928
    ]
   },
   "properties": {
    "name": "LOT 3 MCNEIL STREET YARRAMAN 4614",
    "locID": "LOC000109465076",
    "tech": "WIRELESS",
    "upgrade": "NULL_NA",
    "gnaf_pid": "GAQLD161232719",
    "ee": true,
    "tech_change_status": "Not Planned",
    "program_type": "Fixed Wireless and Satellite Upgrade Program",
    "target_eligibility_quarter": "NA"
   }
  },
  {
   "type": "Feature",
   "geometry": {
    "type": "Point",
    "coordinates": [
     152.00639462,
     -26.83209377
    ]
   },
   "properties": {
    "name": "LOT 1 NOORA ROAD YARRAMAN 4614",
    "locID": "LOC000127866313",
    "tech": "WIRELESS",
    "upgrade": "NULL_NA",
    "gnaf_pid": "GAQLD161257203",
    "ee": true,
    "tech_change_status": "Not Planned",
    "program_type": "Fixed Wireless and Satellite Upgrade Program",
    "target_eligibility_quarter": "NA"
   }
  },
  {
   "type": "Feature",
   "geometry": {
    "type": "Point",
    "coordinates": [
     151.99363977,
     -26.83496816
    ]
   },
   "properties": {
    "name": "LOT 2 NOORA ROAD YARRAMAN 4614",
    "locID": "LOC000003371163",
    "tech": "WIRELESS",
    "upgrade": "NULL_NA",
    "gnaf_pid": "GAQLD161257206",
    "ee": true,
    "tech_change_status": "Not Planned",
    "program_type": "Fixed Wireless and Satellite Upgrade Program",
    "target_eligibility_quarter": "NA"
   }
  },
  {
   "type": "Feature",
   "geometry": {
    "type": "Point",
    "coordinates": [
     152.00024666,
     -26.84196655
    ]
   },
   "properties": {
    "name": "LOT 3 NOORA ROAD YARRAMAN 4614",
    "locID": "LOC000003371163",
    "tech": "WIRELESS",
    "upgrade": "NULL_NA",
    "gnaf_pid": "GAQLD161257208",
    "ee": true,
    "tech_change_status": "Not Planned",
    "program_type": "Fixed Wireless and Satellite Upgrade Program",
    "target_eligibility_quarter": "NA"
   }
  },
  {
   "type": "Feature",
   "geometry": {
    "type": "Point",
    "coordinates": [
     151.99505718,
     -26.83465554
    ]
   },
   "properties": {
    "name": "LOT 507 NOORA ROAD YARRAMAN 4614",
    "locID": "LOC000127866366",
    "tech": "WIRELESS",
    "upgrade": "NULL_NA",
    "gnaf_pid": "GAQLD161257211",
    "ee": true,
    "tech_change_status": "Not Planned",
    "program_type": "Fixed Wireless and Satellite Upgrade Program",
    "target_eligibility_quarter": "NA"
   }
  },
  {
   "type": "Feature",
   "geometry": {
    "type": "Point",
    "coordinates": [
     151.99219539,
     -26.83788538
    ]
   },
   "properties": {
    "name": "LOT 6 NOORA ROAD YARRAMAN 4614",
    "locID": "LOC000023249099",
    "tech": "NULL",
    "upgrade": "NULL_NA",
    "gnaf_pid": "GAQLD161257214",
    "ee": true,
    "tech_change_status": "Not Planned"
   }
  },
  {
   "type": "Feature",
   "geometry": {
    "type": "Point",
    "coordinates": [
     151.9922959,
     -26.84964427
    ]
   },
   "properties": {
    "name": "LOT 60 SMITH STREET YARRAMAN 4614",
    "locID": "LOC000042803327",
    "tech": "WIRELESS",
    "upgrade": "NULL_NA",
    "gnaf_pid": "GAQLD161310508",
    "ee": true,
    "tech_change_status": "Not Planned",
    "program_type": "Fixed Wireless and Satellite Upgrade Program",
    "target_eligibility_quarter": "NA"
   }
  },
  {
   "type": "Feature",
   "geometry": {
    "type": "Point",
    "coordinates": [
     151.99018472,
     -26.83592932
    ]
   },
   "properties": {
    "name": "LOT 2 TEMPERLEY STREET YARRAMAN 4614",
    "locID": "LOC000107574517",
    "tech": "WIRELESS",
    "upgrade": "NULL_NA",
    "gnaf_pid": "GAQLD161326665",
    "ee": true,
    "tech_change_status": "Not Planned",
    "program_type": "Fixed Wireless and Satellite Upgrade Program",
    "target_eligibility_quarter": "NA"
   }
  },
  {
   "type": "Feature",
   "geometry": {
    "type": "Point",
    "coordinates": [
     151.99340744,
     -26.83623517
    ]
   },
   "properties": {
    "name": "LOT 88 THOMSETT STREET YARRAMAN 4614",
    "locID": "LOC100057816007",
    "tech": "WIRELESS",
    "upgrade": "NULL_NA",
    "gnaf_pid": "GAQLD161330063",
    "ee": true,
    "tech_change_status": "Not Planned",
    "program_type": "Fixed Wireless and Satellite Upgrade Program",
    "target_eligibility_quarter": "NA"
   }
  },
  {
   "type": "Feature",
   "geometry": {
    "type": "Point",
    "coordinates": [
     151.95786486,
     -26.85481469
    ]
   },
   "properties": {
    "name": "17 ERIC STREET YARRAMAN 4614",
    "locID": "LOC000029118171",
    "tech": "WIRELESS",
    "upgrade": "NULL_NA",
    "gnaf_pid": "GAQLD161366639",
    "ee": true,
    "tech_change_status": "Not Planned",
    "program_type": "Fixed Wireless and Satellite Upgrade Program",
    "target_eligibility_quarter": "NA"
   }
  },
  {
   "type": "Feature",
   "geometry": {
    "type": "Point",
    "coordinates": [
     151.95479029,
     -26.85240137
    ]
   },
   "properties": {
    "name": "10 MERLE COURT YARRAMAN 4614",
    "locID": "LOC000024486694",
    "tech": "WIRELESS",
    "upgrade": "NULL_NA",
    "gnaf_pid": "GAQLD161369710",
    "ee": true,
    "tech_change_status": "Not Planned",
    "program_type": "Fixed Wireless and Satellite Upgrade Program",
    "target_eligibility_quarter": "NA"
   }
  },
  {
   "type": "Feature",
   "geometry": {
    "type": "Point",
    "coordinates": [
     151.95354706,
     -26.85138384
    ]
   },
   "properties": {
    "name": "14 MERLE COURT YARRAMAN 4614",
    "locID": "LOC000052993358",
    "tech": "WIRELESS",
    "upgrade": "NULL_NA",
    "gnaf_pid": "GAQLD161369711",
    "ee": true,
    "tech_change_status": "Not Planned",
    "program_type": "Fixed Wireless and Satellite Upgrade Program",
    "target_eligibility_quarter": "NA"
   }
  },
  {
   "type": "Feature",
   "geometry": {
    "type": "Point",
    "coordinates": [
     151.95318308,
     -26.85071908
    ]
   },
   "properties": {
    "name": "16 MERLE COURT YARRAMAN 4614",
    "locID": "LOC000024486694",
    "tech": "WIRELESS",
    "upgrade": "NULL_NA",
    "gnaf_pid": "GAQLD161369712",
    "ee": true,
    "tech_change_status": "Not Planned",
    "program_type": "Fixed Wireless and Satellite Upgrade Program",
    "target_eligibility_quarter": "NA"
   }
  },
  {
   "type": "Feature",
   "geometry": {
    "type": "Point",
    "coordinates": [
     151.95697568,
     -26.85361734
    ]
   },
   "properties": {
    "name": "2 MERLE COURT YARRAMAN 4614",
    "locID": "LOC000062873706",
    "tech": "WIRELESS",
    "upgrade": "NULL_NA",
    "gnaf_pid": "GAQLD161369713",
    "ee": true,
    "tech_change_status": "Not Planned",
    "program_type": "Fixed Wireless and Satellite Upgrade Program",
    "target_eligibility_quarter": "NA"
   }
  },
  {
   "type": "Feature",
   "geometry": {
    "type": "Point",
    "coordinates": [
     151.9563185,
     -26.85363632
    ]
   },
   "properties": {
    "name": "4 MERLE COURT YARRAMAN 4614",
    "locID": "LOC000074983071",
    "tech": "WIRELESS",
    "upgrade": "NULL_NA",
    "gnaf_pid": "GAQLD161369714",
    "ee": true,
    "tech_change_status": "Not Planned",
    "program_type": "Fixed Wireless and Satellite Upgrade Program",
    "target_eligibility_quarter": "NA"
   }
  },
  {
   "type": "Feature",
   "geometry": {
    "type": "Point",
    "coordinates": [
     151.98071349,
     -26.84211606
    ]
   },
   "properties": {
    "name": "UNIT 1, 65 BARR SMITH STREET YARRAMAN 4614",
    "locID": "LOC000056693530",
    "tech": "WIRELESS",
    "upgrade": "NULL_NA",
    "gnaf_pid": "GAQLD161675664",
    "ee": true,
    "tech_change_status": "Not Planned",
    "program_type": "Fixed Wireless and Satellite Upgrade Program",
    "target_eligibility_quarter": "NA"
   }
  },
  {
   "type": "Feature",
   "geometry": {
    "type": "Point",
    "coordinates": [
     151.98071349,
     -26.84211606
    ]
   },
   "properties": {
    "name": "UNIT 2, 65 BARR SMITH STREET YARRAMAN 4614",
    "locID": "LOC000056370154",
    "tech": "WIRELESS",
    "upgrade": "NULL_NA",
    "gnaf_pid": "GAQLD161675665",
    "ee": true,
    "tech_change_status": "Not Planned",
    "program_type": "Fixed Wireless and Satellite Upgrade Program",
    "target_eligibility_quarter": "NA"
   }
  },
  {
   "type": "Feature",
   "geometry": {
    "type": "Point",
    "coordinates": [
     151.98941898,
     -26.85289302
    ]
   },
   "properties": {
    "name": "LOT 18 DESLEY COURT YARRAMAN 4614",
    "locID": "LOC000071132978",
    "tech": "WIRELESS",
    "upgrade": "NULL_NA",
    "gnaf_pid": "GAQLD161685915",
    "ee": true,
    "tech_change_status": "Not Planned",
    "program_type": "Fixed Wireless and Satellite Upgrade Program",
    "target_eligibility_quarter": "NA"
   }
  },
  {
   "type": "Feature",
   "geometry": {
    "type": "Point",
    "coordinates": [
     151.98941898,
     -26.85289302
    ]
   },
   "properties": {
    "name": "LOT 19 DESLEY COURT YARRAMAN 4614",
    "locID": "LOC000067324862",
    "tech": "WIRELESS",
    "upgrade": "NULL_NA",
    "gnaf_pid": "GAQLD161685916",
    "ee": true,
    "tech_change_status": "Not Planned",
    "program_type": "Fixed Wireless and Satellite Upgrade Program",
    "target_eligibility_quarter": "NA"
   }
  },
  {
   "type": "Feature",
   "geometry": {
    "type": "Point",
    "coordinates": [
     151.98941898,
     -26.85289302
    ]
   },
   "properties": {
    "name": "LOT 21 DESLEY COURT YARRAMAN 4614",
    "locID": "LOC000059948463",
    "tech": "WIRELESS",
    "upgrade": "NULL_NA",
    "gnaf_pid": "GAQLD161685918",
    "ee": true,
    "tech_change_status": "Not Planned",
    "program_type": "Fixed Wireless and Satellite Upgrade Program",
    "target_eligibility_quarter": "NA"
   }
  },
  {
   "type": "Feature",
   "geometry": {
    "type": "Point",
    "coordinates": [
     151.98941898,
     -26.85289302
    ]
   },
   "properties": {
    "name": "LOT 22 DESLEY COURT YARRAMAN 4614",
    "locID": "LOC000055330075",
    "tech": "WIRELESS",
    "upgrade": "NULL_NA",
    "gnaf_pid": "GAQLD161685919",
    "ee": true,
    "tech_change_status": "Not Planned",
    "program_type": "Fixed Wireless and Satellite Upgrade Program",
    "target_eligibility_quarter": "NA"
   }
  },
  {
   "type": "Feature",
   "geometry": {
    "type": "Point",
    "coordinates": [
     151.98941898,
     -26.85289302
    ]
   },
   "properties": {
    "name": "LOT 23 DESLEY COURT YARRAMAN 4614",
    "locID": "LOC000061735614",
    "tech": "WIRELESS",
    "upgrade": "NULL_NA",
    "gnaf_pid": "GAQLD161685920",
    "ee": true,
    "tech_change_status": "Not Planned",
    "program_type": "Fixed Wireless and Satellite Upgrade Program",
    "target_eligibility_quarter": "NA"
   }
  },
  {
   "type": "Feature",
   "geometry": {
    "type": "Point",
    "coordinates": [
     151.98941898,
     -26.85289302
    ]
   },
   "properties": {
    "name": "LOT 2 DESLEY COURT YARRAMAN 4614",
    "locID": "LOC000071132978",
    "tech": "WIRELESS",
    "upgrade": "NULL_NA",
    "gnaf_pid": "GAQLD161685921",
    "ee": true,
    "tech_change_status": "Not Planned",
    "program_type": "Fixed Wireless and Satellite Upgrade Program",
    "target_eligibility_quarter": "NA"
   }
  },
  {
   "type": "Feature",
   "geometry": {
    "type": "Point",
    "coordinates": [
     151.99096821,
     -26.84565127
    ]
   },
   "properties": {
    "name": "LOT 74 DIOTH STREET YARRAMAN 4614",
    "locID": "LOC000015772010",
    "tech": "WIRELESS",
    "upgrade": "NULL_NA",
    "gnaf_pid": "GAQLD161686076",
    "ee": true,
    "tech_change_status": "Not Planned",
    "program_type": "Fixed Wireless and Satellite Upgrade Program",
    "target_eligibility_quarter": "NA"
   }
  },
  {
   "type": "Feature",
   "geometry": {
    "type": "Point",
    "coordinates": [
     151.99096821,
     -26.84565127
    ]
   },
   "properties": {
    "name": "LOT 77 DIOTH STREET YARRAMAN 4614",
    "locID": "LOC000041448559",
    "tech": "WIRELESS",
    "upgrade": "NULL_NA",
    "gnaf_pid": "GAQLD161686078",
    "ee": true,
    "tech_change_status": "Not Planned",
    "program_type": "Fixed Wireless and Satellite Upgrade Program",
    "target_eligibility_quarter": "NA"
   }
  },
  {
   "type": "Feature",
   "geometry": {
    "type": "Point",
    "coordinates": [
     151.99096821,
     -26.84565127
    ]
   },
   "properties": {
    "name": "LOT 79 DIOTH STREET YARRAMAN 4614",
    "locID": "LOC000019115688",
    "tech": "WIRELESS",
    "upgrade": "NULL_NA",
    "gnaf_pid": "GAQLD161686079",
    "ee": true,
    "tech_change_status": "Not Planned",
    "program_type": "Fixed Wireless and Satellite Upgrade Program",
    "target_eligibility_quarter": "NA"
   }
  },
  {
   "type": "Feature",
   "geometry": {
    "type": "Point",
    "coordinates": [
     151.99096821,
     -26.84565127
    ]
   },
   "properties": {
    "name": "LOT 85 DIOTH STREET YARRAMAN 4614",
    "locID": "LOC000060514333",
    "tech": "WIRELESS",
    "upgrade": "NULL_NA",
    "gnaf_pid": "GAQLD161686082",
    "ee": true,
    "tech_change_status": "Not Planned",
    "program_type": "Fixed Wireless and Satellite Upgrade Program",
    "target_eligibility_quarter": "NA"
   }
  },
  {
   "type": "Feature",
   "geometry": {
    "type": "Point",
    "coordinates": [
     151.99096821,
     -26.84565127
    ]
   },
   "properties": {
    "name": "LOT 8 DIOTH STREET YARRAMAN 4614",
    "locID": "LOC000053658080",
    "tech": "WIRELESS",
    "upgrade": "NULL_NA",
    "gnaf_pid": "GAQLD161686083",
    "ee": true,
    "tech_change_status": "Not Planned",
    "program_type": "Fixed Wireless and Satellite Upgrade Program",
    "target_eligibility_quarter": "NA"
   }
  },
  {
   "type": "Feature",
   "geometry": {
    "type": "Point",
    "coordinates": [
     151.99096821,
     -26.84565127
    ]
   },
   "properties": {
    "name": "LOT 91 DIOTH STREET YARRAMAN 4614",
    "locID": "LOC000028174689",
    "tech": "WIRELESS",
    "upgrade": "NULL_NA",
    "gnaf_pid": "GAQLD161686084",
    "ee": true,
    "tech_change_status": "Not Planned",
    "program_type": "Fixed Wireless and Satellite Upgrade Program",
    "target_eligibility_quarter": "NA"
   }
  },
  {
   "type": "Feature",
   "geometry": {
    "type": "Point",
    "coordinates": [
     151.98807131,
     -26.8515045
    ]
   },
   "properties": {
    "name": "LOT 10 DONALD COURT YARRAMAN 4614",
    "locID": "LOC000003460233",
    "tech": "WIRELESS",
    "upgrade": "NULL_NA",
    "gnaf_pid": "GAQLD161686172",
    "ee": true,
    "tech_change_status": "Not Planned",
    "program_type": "Fixed Wireless and Satellite Upgrade Program",
    "target_eligibility_quarter": "NA"
   }
  },
  {
   "type": "Feature",
   "geometry": {
    "type": "Point",
    "coordinates": [
     151.98807131,
     -26.8515045
    ]
   },
   "properties": {
    "name": "LOT 11 DONALD COURT YARRAMAN 4614",
    "locID": "LOC000003341611",
    "tech": "WIRELESS",
    "upgrade": "NULL_NA",
    "gnaf_pid": "GAQLD161686173",
    "ee": true,
    "tech_change_status": "Not Planned",
    "program_type": "Fixed Wireless and Satellite Upgrade Program",
    "target_eligibility_quarter": "NA"
   }
  },
  {
   "type": "Feature",
   "geometry": {
    "type": "Point",
    "coordinates": [
     151.98807131,
     -26.8515045
    ]
   },
   "properties": {
    "name": "LOT 25 DONALD COURT YARRAMAN 4614",
    "locID": "LOC000085524250",
    "tech": "WIRELESS",
    "upgrade": "NULL_NA",
    "gnaf_pid": "GAQLD161686174",
    "ee": true,
    "tech_change_status": "Not Planned",
    "program_type": "Fixed Wireless and Satellite Upgrade Program",
    "target_eligibility_quarter": "NA"
   }
  },
  {
   "type": "Feature",
   "geometry": {
    "type": "Point",
    "coordinates": [
     151.98807131,
     -26.8515045
    ]
   },
   "properties": {
    "name": "LOT 5 DONALD COURT YARRAMAN 4614",
    "locID": "LOC000052981823",
    "tech": "WIRELESS",
    "upgrade": "NULL_NA",
    "gnaf_pid": "GAQLD161686175",
    "ee": true,
    "tech_change_status": "Not Planned",
    "program_type": "Fixed Wireless and Satellite Upgrade Program",
    "target_eligibility_quarter": "NA"
   }
  },
  {
   "type": "Feature",
   "geometry": {
    "type": "Point",
    "coordinates": [
     151.98807131,
     -26.8515045
    ]
   },
   "properties": {
    "name": "LOT 6 DONALD COURT YARRAMAN 4614",
    "locID": "LOC000097494031",
    "tech": "WIRELESS",
    "upgrade": "NULL_NA",
    "gnaf_pid": "GAQLD161686176",
    "ee": true,
    "tech_change_status": "Not Planned",
    "program_type": "Fixed Wireless and Satellite Upgrade Program",
    "target_eligibility_quarter": "NA"
   }
  },
  {
   "type": "Feature",
   "geometry": {
    "type": "Point",
    "coordinates": [
     151.98807131,
     -26.8515045
    ]
   },
   "properties": {
    "name": "LOT 8 DONALD COURT YARRAMAN 4614",
    "locID": "LOC000053599167",
    "tech": "WIRELESS",
    "upgrade": "NULL_NA",
    "gnaf_pid": "GAQLD161686178",
    "ee": true,
    "tech_change_status": "Not Planned",
    "program_type": "Fixed Wireless and Satellite Upgrade Program",
    "target_eligibility_quarter": "NA"
   }
  },
  {
   "type": "Feature",
   "geometry": {
    "type": "Point",
    "coordinates": [
     151.98807131,
     -26.8515045
    ]
   },
   "properties": {
    "name": "LOT 9 DONALD COURT YARRAMAN 4614",
    "locID": "LOC000079487859",
    "tech": "WIRELESS",
    "upgrade": "NULL_NA",
    "gnaf_pid": "GAQLD161686179",
    "ee": true,
    "tech_change_status": "Not Planned",
    "program_type": "Fixed Wireless and Satellite Upgrade Program",
    "target_eligibility_quarter": "NA"
   }
  },
  {
   "type": "Feature",
   "geometry": {
    "type": "Point",
    "coordinates": [
     151.96069561,
     -26.85595284
    ]
   },
   "properties": {
    "name": "14 ERIC STREET YARRAMAN 4614",
    "locID": "LOC000029384560",
    "tech": "WIRELESS",
    "upgrade": "NULL_NA",
    "gnaf_pid": "GAQLD161687842",
    "ee": true,
    "tech_change_status": "Not Planned",
    "program_type": "Fixed Wireless and Satellite Upgrade Program",
    "target_eligibility_quarter": "NA"
   }
  },
  {
   "type": "Feature",
   "geometry": {
    "type": "Point",
    "coordinates": [
     151.96217647,
     -26.85226433
    ]
   },
   "properties": {
    "name": "1 ERIC STREET YARRAMAN 4614",
    "locID": "LOC000072725600",
    "tech": "WIRELESS",
    "upgrade": "NULL_NA",
    "gnaf_pid": "GAQLD161687843",
    "ee": true,
    "tech_change_status": "Not Planned",
    "program_type": "Fixed Wireless and Satellite Upgrade Program",
    "target_eligibility_quarter": "NA"
   }
  },
  {
   "type": "Feature",
   "geometry": {
    "type": "Point",
    "coordinates": [
     151.95907895,
     -26.85738214
    ]
   },
   "properties": {
    "name": "20 ERIC STREET YARRAMAN 4614",
    "locID": "LOC000094920151",
    "tech": "WIRELESS",
    "upgrade": "NULL_NA",
    "gnaf_pid": "GAQLD161687844",
    "ee": true,
    "tech_change_status": "Not Planned",
    "program_type": "Fixed Wireless and Satellite Upgrade Program",
    "target_eligibility_quarter": "NA"
   }
  },
  {
   "type": "Feature",
   "geometry": {
    "type": "Point",
    "coordinates": [
     151.95691215,
     -26.85587316
    ]
   },
   "properties": {
    "name": "21 ERIC STREET YARRAMAN 4614",
    "locID": "LOC000025850933",
    "tech": "WIRELESS",
    "upgrade": "NULL_NA",
    "gnaf_pid": "GAQLD161687845",
    "ee": true,
    "tech_change_status": "Not Planned",
    "program_type": "Fixed Wireless and Satellite Upgrade Program",
    "target_eligibility_quarter": "NA"
   }
  },
  {
   "type": "Feature",
   "geometry": {
    "type": "Point",
    "coordinates": [
     151.96340593,
     -26.85346457
    ]
   },
   "properties": {
    "name": "4 ERIC STREET YARRAMAN 4614",
    "locID": "LOC000068750290",
    "tech": "WIRELESS",
    "upgrade": "NULL_NA",
    "gnaf_pid": "GAQLD161687846",
    "ee": true,
    "tech_change_status": "Not Planned",
    "program_type": "Fixed Wireless and Satellite Upgrade Program",
    "target_eligibility_quarter": "NA"
   }
  },
  {
   "type": "Feature",
   "geometry": {
    "type": "Point",
    "coordinates": [
     151.96126958,
     -26.85281713
    ]
   },
   "properties": {
    "name": "5 ERIC STREET YARRAMAN 4614",
    "locID": "LOC000029134092",
    "tech": "WIRELESS",
    "upgrade": "NULL_NA",
    "gnaf_pid": "GAQLD161687847",
    "ee": true,
    "tech_change_status": "Not Planned",
    "program_type": "Fixed Wireless and Satellite Upgrade Program",
    "target_eligibility_quarter": "NA"
   }
  },
  {
   "type": "Feature",
   "geometry": {
    "type": "Point",
    "coordinates": [
     151.98550223,
     -26.84506995
    ]
   },
   "properties": {
    "name": "LOT 3 PARK DRIVE YARRAMAN 4614",
    "locID": "LOC000041912758",
    "tech": "WIRELESS",
    "upgrade": "NULL_NA",
    "gnaf_pid": "GAQLD161708246",
    "ee": true,
    "tech_change_status": "Not Planned",
    "program_type": "Fixed Wireless and Satellite Upgrade Program",
    "target_eligibility_quarter": "NA"
   }
  },
  {
   "type": "Feature",
   "geometry": {
    "type": "Point",
    "coordinates": [
     151.9922959,
     -26.84964427
    ]
   },
   "properties": {
    "name": "LOT 14 SMITH STREET YARRAMAN 4614",
    "locID": "LOC000029040176",
    "tech": "WIRELESS",
    "upgrade": "NULL_NA",
    "gnaf_pid": "GAQLD161715001",
    "ee": true,
    "tech_change_status": "Not Planned",
    "program_type": "Fixed Wireless and Satellite Upgrade Program",
    "target_eligibility_quarter": "NA"
   }
  },
  {
   "type": "Feature",
   "geometry": {
    "type": "Point",
    "coordinates": [
     151.9922959,
     -26.84964427
    ]
   },
   "properties": {
    "name": "LOT 17 SMITH STREET YARRAMAN 4614",
    "locID": "LOC000072589551",
    "tech": "WIRELESS",
    "upgrade": "NULL_NA",
    "gnaf_pid": "GAQLD161715002",
    "ee": true,
    "tech_change_status": "Not Planned",
    "program_type": "Fixed Wireless and Satellite Upgrade Program",
    "target_eligibility_quarter": "NA"
   }
  },
  {
   "type": "Feature",
   "geometry": {
    "type": "Point",
    "coordinates": [
     151.9922959,
     -26.84964427
    ]
   },
   "properties": {
    "name": "LOT 45 SMITH STREET YARRAMAN 4614",
    "locID": "LOC000076262947",
    "tech": "WIRELESS",
    "upgrade": "NULL_NA",
    "gnaf_pid": "GAQLD161715003",
    "ee": true,
    "tech_change_status": "Not Planned",
    "program_type": "Fixed Wireless and Satellite Upgrade Program",
    "target_eligibility_quarter": "NA"
   }
  },
  {
   "type": "Feature",
   "geometry": {
    "type": "Point",
    "coordinates": [
     151.9922959,
     -26.84964427
    ]
   },
   "properties": {
    "name": "LOT 47 SMITH STREET YARRAMAN 4614",
    "locID": "LOC000027526356",
    "tech": "WIRELESS",
    "upgrade": "NULL_NA",
    "gnaf_pid": "GAQLD161715004",
    "ee": true,
    "tech_change_status": "Not Planned",
    "program_type": "Fixed Wireless and Satellite Upgrade Program",
    "target_eligibility_quarter": "NA"
   }
  },
  {
   "type": "Feature",
   "geometry": {
    "type": "Point",
    "coordinates": [
     151.9922959,
     -26.84964427
    ]
   },
   "properties": {
    "name": "LOT 62 SMITH STREET YARRAMAN 4614",
    "locID": "LOC000062767481",
    "tech": "WIRELESS",
    "upgrade": "NULL_NA",
    "gnaf_pid": "GAQLD161715006",
    "ee": true,
    "tech_change_status": "Not Planned",
    "program_type": "Fixed Wireless and Satellite Upgrade Program",
    "target_eligibility_quarter": "NA"
   }
  },
  {
   "type": "Feature",
   "geometry": {
    "type": "Point",
    "coordinates": [
     151.9922959,
     -26.84964427
    ]
   },
   "properties": {
    "name": "LOT 68 SMITH STREET YARRAMAN 4614",
    "locID": "LOC000039554908",
    "tech": "WIRELESS",
    "upgrade": "NULL_NA",
    "gnaf_pid": "GAQLD161715007",
    "ee": true,
    "tech_change_status": "Not Planned",
    "program_type": "Fixed Wireless and Satellite Upgrade Program",
    "target_eligibility_quarter": "NA"
   }
  },
  {
   "type": "Feature",
   "geometry": {
    "type": "Point",
    "coordinates": [
     151.9922959,
     -26.84964427
    ]
   },
   "properties": {
    "name": "LOT 69 SMITH STREET YARRAMAN 4614",
    "locID": "LOC000003303661",
    "tech": "WIRELESS",
    "upgrade": "NULL_NA",
    "gnaf_pid": "GAQLD161715008",
    "ee": true,
    "tech_change_status": "Not Planned",
    "program_type": "Fixed Wireless and Satellite Upgrade Program",
    "target_eligibility_quarter": "NA"
   }
  },
  {
   "type": "Feature",
   "geometry": {
    "type": "Point",
    "coordinates": [
     151.98158786,
     -26.84111169
    ]
   },
   "properties": {
    "name": "UNIT 1, 20 TOOMEY STREET YARRAMAN 4614",
    "locID": "LOC000079544761",
    "tech": "WIRELESS",
    "upgrade": "NULL_NA",
    "gnaf_pid": "GAQLD161718452",
    "ee": true,
    "tech_change_status": "Not Planned",
    "program_type": "Fixed Wireless and Satellite Upgrade Program",
    "target_eligibility_quarter": "NA"
   }
  },
  {
   "type": "Feature",
   "geometry": {
    "type": "Point",
    "coordinates": [
     151.98158786,
     -26.84111169
    ]
   },
   "properties": {
    "name": "UNIT 2, 20 TOOMEY STREET YARRAMAN 4614",
    "locID": "LOC000079538974",
    "tech": "WIRELESS",
    "upgrade": "NULL_NA",
    "gnaf_pid": "GAQLD161718453",
    "ee": true,
    "tech_change_status": "Not Planned",
    "program_type": "Fixed Wireless and Satellite Upgrade Program",
    "target_eligibility_quarter": "NA"
   }
  },
  {
   "type": "Feature",
   "geometry": {
    "type": "Point",
    "coordinates": [
     151.98156756,
     -26.83902496
    ]
   },
   "properties": {
    "name": "1 DAVIES STREET YARRAMAN 4614",
    "locID": "LOC000084340325",
    "tech": "WIRELESS",
    "upgrade": "NULL_NA",
    "gnaf_pid": "GAQLD161735902",
    "ee": true,
    "tech_change_status": "Not Planned",
    "program_type": "Fixed Wireless and Satellite Upgrade Program",
    "target_eligibility_quarter": "NA"
   }
  },
  {
   "type": "Feature",
   "geometry": {
    "type": "Point",
    "coordinates": [
     151.97500746,
     -26.83869849
    ]
   },
   "properties": {
    "name": "25 WILLIAMS COURT YARRAMAN 4614",
    "locID": "LOC000085520068",
    "tech": "WIRELESS",
    "upgrade": "NULL_NA",
    "gnaf_pid": "GAQLD161741586",
    "ee": true,
    "tech_change_status": "Not Planned",
    "program_type": "Fixed Wireless and Satellite Upgrade Program",
    "target_eligibility_quarter": "NA"
   }
  },
  {
   "type": "Feature",
   "geometry": {
    "type": "Point",
    "coordinates": [
     151.98420446,
     -26.84464568
    ]
   },
   "properties": {
    "name": "19 BUNYA DRIVE YARRAMAN 4614",
    "locID": "LOC000095553487",
    "tech": "WIRELESS",
    "upgrade": "NULL_NA",
    "gnaf_pid": "GAQLD161812612",
    "ee": true,
    "tech_change_status": "Not Planned",
    "program_type": "Fixed Wireless and Satellite Upgrade Program",
    "target_eligibility_quarter": "NA"
   }
  },
  {
   "type": "Feature",
   "geometry": {
    "type": "Point",
    "coordinates": [
     151.98255379,
     -26.83936078
    ]
   },
   "properties": {
    "name": "6 DAVIES STREET YARRAMAN 4614",
    "locID": "LOC000084520560",
    "tech": "WIRELESS",
    "upgrade": "NULL_NA",
    "gnaf_pid": "GAQLD161821801",
    "ee": true,
    "tech_change_status": "Not Planned",
    "program_type": "Fixed Wireless and Satellite Upgrade Program",
    "target_eligibility_quarter": "NA"
   }
  },
  {
   "type": "Feature",
   "geometry": {
    "type": "Point",
    "coordinates": [
     151.9823503,
     -26.83936254
    ]
   },
   "properties": {
    "name": "8 DAVIES STREET YARRAMAN 4614",
    "locID": "LOC000084569332",
    "tech": "WIRELESS",
    "upgrade": "NULL_NA",
    "gnaf_pid": "GAQLD161821802",
    "ee": true,
    "tech_change_status": "Not Planned",
    "program_type": "Fixed Wireless and Satellite Upgrade Program",
    "target_eligibility_quarter": "NA"
   }
  },
  {
   "type": "Feature",
   "geometry": {
    "type": "Point",
    "coordinates": [
     151.97843823,
     -26.83967879
    ]
   },
   "properties": {
    "name": "4-6 BUDGEN STREET YARRAMAN 4614",
    "locID": "LOC000048145119",
    "tech": "WIRELESS",
    "upgrade": "NULL_NA",
    "gnaf_pid": "GAQLD162127351",
    "ee": true,
    "tech_change_status": "Not Planned",
    "program_type": "Fixed Wireless and Satellite Upgrade Program",
    "target_eligibility_quarter": "NA"
   }
  },
  {
   "type": "Feature",
   "geometry": {
    "type": "Point",
    "coordinates": [
     151.99182852,
     -26.84564831
    ]
   },
   "properties": {
    "name": "13A DIOTH STREET YARRAMAN 4614",
    "locID": "LOC000097224752",
    "tech": "WIRELESS",
    "upgrade": "NULL_NA",
    "gnaf_pid": "GAQLD162138084",
    "ee": true,
    "tech_change_status": "Not Planned",
    "program_type": "Fixed Wireless and Satellite Upgrade Program",
    "target_eligibility_quarter": "NA"
   }
  },
  {
   "type": "Feature",
   "geometry": {
    "type": "Point",
    "coordinates": [
     151.95964043,
     -26.8569562
    ]
   },
   "properties": {
    "name": "18 ERIC STREET YARRAMAN 4614",
    "locID": "LOC000106837766",
    "tech": "WIRELESS",
    "upgrade": "NULL_NA",
    "gnaf_pid": "GAQLD162142001",
    "ee": true,
    "tech_change_status": "Not Planned",
    "program_type": "Fixed Wireless and Satellite Upgrade Program",
    "target_eligibility_quarter": "NA"
   }
  },
  {
   "type": "Feature",
   "geometry": {
    "type": "Point",
    "coordinates": [
     151.96330261,
     -26.85260922
    ]
   },
   "properties": {
    "name": "2 ERIC STREET YARRAMAN 4614",
    "locID": "LOC000043186482",
    "tech": "WIRELESS",
    "upgrade": "NULL_NA",
    "gnaf_pid": "GAQLD162142002",
    "ee": true,
    "tech_change_status": "Not Planned",
    "program_type": "Fixed Wireless and Satellite Upgrade Program",
    "target_eligibility_quarter": "NA"
   }
  },
  {
   "type": "Feature",
   "geometry": {
    "type": "Point",
    "coordinates": [
     151.97975621,
     -26.8417279
    ]
   },
   "properties": {
    "name": "13-15 MARGARET STREET YARRAMAN 4614",
    "locID": "LOC000010807147",
    "tech": "WIRELESS",
    "upgrade": "NULL_NA",
    "gnaf_pid": "GAQLD162170141",
    "ee": true,
    "tech_change_status": "Not Planned",
    "program_type": "Fixed Wireless and Satellite Upgrade Program",
    "target_eligibility_quarter": "NA"
   }
  },
  {
   "type": "Feature",
   "geometry": {
    "type": "Point",
    "coordinates": [
     151.97863187,
     -26.84021827
    ]
   },
   "properties": {
    "name": "20 MCDOUGALL STREET YARRAMAN 4614",
    "locID": "LOC000062720328",
    "tech": "WIRELESS",
    "upgrade": "NULL_NA",
    "gnaf_pid": "GAQLD162172820",
    "ee": true,
    "tech_change_status": "Not Planned",
    "program_type": "Fixed Wireless and Satellite Upgrade Program",
    "target_eligibility_quarter": "NA"
   }
  },
  {
   "type": "Feature",
   "geometry": {
    "type": "Point",
    "coordinates": [
     151.98696731,
     -26.8348605
    ]
   },
   "properties": {
    "name": "LOT 10 MILL STREET YARRAMAN 4614",
    "locID": "LOC000027366411",
    "tech": "WIRELESS",
    "upgrade": "NULL_NA",
    "gnaf_pid": "GAQLD162174242",
    "ee": true,
    "tech_change_status": "Not Planned",
    "program_type": "Fixed Wireless and Satellite Upgrade Program",
    "target_eligibility_quarter": "NA"
   }
  },
  {
   "type": "Feature",
   "geometry": {
    "type": "Point",
    "coordinates": [
     151.98900362,
     -26.84025004
    ]
   },
   "properties": {
    "name": "2A MILLAR STREET YARRAMAN 4614",
    "locID": "LOC000094194078",
    "tech": "WIRELESS",
    "upgrade": "NULL_NA",
    "gnaf_pid": "GAQLD162174248",
    "ee": true,
    "tech_change_status": "Not Planned",
    "program_type": "Fixed Wireless and Satellite Upgrade Program",
    "target_eligibility_quarter": "NA"
   }
  },
  {
   "type": "Feature",
   "geometry": {
    "type": "Point",
    "coordinates": [
     151.96524214,
     -26.85571809
    ]
   },
   "properties": {
    "name": "LOT 1 NEW ENGLAND HIGHWAY YARRAMAN 4614",
    "locID": "LOC000089989316",
    "tech": "NULL",
    "upgrade": "NULL_NA",
    "gnaf_pid": "GAQLD162178572",
    "ee": true,
    "tech_change_status": "Not Planned"
   }
  },
  {
   "type": "Feature",
   "geometry": {
    "type": "Point",
    "coordinates": [
     151.95966017,
     -26.84860879
    ]
   },
   "properties": {
    "name": "LOT 2 NEW ENGLAND HIGHWAY YARRAMAN 4614",
    "locID": "LOC000061485748",
    "tech": "NULL",
    "upgrade": "NULL_NA",
    "gnaf_pid": "GAQLD162178573",
    "ee": true,
    "tech_change_status": "Not Planned"
   }
  },
  {
   "type": "Feature",
   "geometry": {
    "type": "Point",
    "coordinates": [
     151.96222665,
     -26.85633674
    ]
   },
   "properties": {
    "name": "LOT 43 NEW ENGLAND HIGHWAY YARRAMAN 4614",
    "locID": "LOC000127866252",
    "tech": "SATELLITE",
    "upgrade": "NULL_NA",
    "gnaf_pid": "GAQLD162178575",
    "ee": true,
    "tech_change_status": "Not Planned"
   }
  },
  {
   "type": "Feature",
   "geometry": {
    "type": "Point",
    "coordinates": [
     151.99422913,
     -26.8355523
    ]
   },
   "properties": {
    "name": "7 NOYES STREET YARRAMAN 4614",
    "locID": "LOC000109069547",
    "tech": "WIRELESS",
    "upgrade": "NULL_NA",
    "gnaf_pid": "GAQLD162180252",
    "ee": true,
    "tech_change_status": "Not Planned",
    "program_type": "Fixed Wireless and Satellite Upgrade Program",
    "target_eligibility_quarter": "NA"
   }
  },
  {
   "type": "Feature",
   "geometry": {
    "type": "Point",
    "coordinates": [
     151.98050584,
     -26.84075103
    ]
   },
   "properties": {
    "name": "17A TOOMEY STREET YARRAMAN 4614",
    "locID": "LOC000127922875",
    "tech": "WIRELESS",
    "upgrade": "NULL_NA",
    "gnaf_pid": "GAQLD162201156",
    "ee": true,
    "tech_change_status": "Not Planned",
    "program_type": "Fixed Wireless and Satellite Upgrade Program",
    "target_eligibility_quarter": "NA"
   }
  },
  {
   "type": "Feature",
   "geometry": {
    "type": "Point",
    "coordinates": [
     151.97912771,
     -26.83838143
    ]
   },
   "properties": {
    "name": "1-3 TOOMEY STREET YARRAMAN 4614",
    "locID": "LOC000095522443",
    "tech": "WIRELESS",
    "upgrade": "NULL_NA",
    "gnaf_pid": "GAQLD162201157",
    "ee": true,
    "tech_change_status": "Not Planned",
    "program_type": "Fixed Wireless and Satellite Upgrade Program",
    "target_eligibility_quarter": "NA"
   }
  },
  {
   "type": "Feature",
   "geometry": {
    "type": "Point",
    "coordinates": [
     151.97875289,
     -26.82201687
    ]
   },
   "properties": {
    "name": "138 COXS LANE YARRAMAN 4614",
    "locID": "LOC000098799458",
    "tech": "WIRELESS",
    "upgrade": "NULL_NA",
    "gnaf_pid": "GAQLD162283688",
    "ee": true,
    "tech_change_status": "Not Planned",
    "program_type": "Fixed Wireless and Satellite Upgrade Program",
    "target_eligibility_quarter": "NA"
   }
  },
  {
   "type": "Feature",
   "geometry": {
    "type": "Point",
    "coordinates": [
     151.98505748,
     -26.84265239
    ]
   },
   "properties": {
    "name": "UNIT 1, 20 BARR SMITH STREET YARRAMAN 4614",
    "locID": "LOC000052333366",
    "tech": "WIRELESS",
    "upgrade": "NULL_NA",
    "gnaf_pid": "GAQLD162380724",
    "ee": true,
    "tech_change_status": "Not Planned",
    "program_type": "Fixed Wireless and Satellite Upgrade Program",
    "target_eligibility_quarter": "NA"
   }
  },
  {
   "type": "Feature",
   "geometry": {
    "type": "Point",
    "coordinates": [
     151.98505748,
     -26.84265239
    ]
   },
   "properties": {
    "name": "UNIT 2, 20 BARR SMITH STREET YARRAMAN 4614",
    "locID": "LOC000052333366",
    "tech": "WIRELESS",
    "upgrade": "NULL_NA",
    "gnaf_pid": "GAQLD162380725",
    "ee": true,
    "tech_change_status": "Not Planned",
    "program_type": "Fixed Wireless and Satellite Upgrade Program",
    "target_eligibility_quarter": "NA"
   }
  },
  {
   "type": "Feature",
   "geometry": {
    "type": "Point",
    "coordinates": [
     151.98170501,
     -26.84284072
    ]
   },
   "properties": {
    "name": "28 BARR SMITH STREET YARRAMAN 4614",
    "locID": "LOC000127923014",
    "tech": "WIRELESS",
    "upgrade": "NULL_NA",
    "gnaf_pid": "GAQLD162380727",
    "ee": true,
    "tech_change_status": "Not Planned",
    "program_type": "Fixed Wireless and Satellite Upgrade Program",
    "target_eligibility_quarter": "NA"
   }
  },
  {
   "type": "Feature",
   "geometry": {
    "type": "Point",
    "coordinates": [
     151.98399,
     -26.84451
    ]
   },
   "properties": {
    "name": "UNIT 1, 23 BUNYA DRIVE YARRAMAN 4614",
    "locID": "LOC000105685182",
    "tech": "WIRELESS",
    "upgrade": "NULL_NA",
    "gnaf_pid": "GAQLD162451999",
    "ee": true,
    "tech_change_status": "Not Planned",
    "program_type": "Fixed Wireless and Satellite Upgrade Program",
    "target_eligibility_quarter": "NA"
   }
  },
  {
   "type": "Feature",
   "geometry": {
    "type": "Point",
    "coordinates": [
     151.98399,
     -26.84451
    ]
   },
   "properties": {
    "name": "UNIT 2, 23 BUNYA DRIVE YARRAMAN 4614",
    "locID": "LOC000105637390",
    "tech": "WIRELESS",
    "upgrade": "NULL_NA",
    "gnaf_pid": "GAQLD162452000",
    "ee": true,
    "tech_change_status": "Not Planned",
    "program_type": "Fixed Wireless and Satellite Upgrade Program",
    "target_eligibility_quarter": "NA"
   }
  },
  {
   "type": "Feature",
   "geometry": {
    "type": "Point",
    "coordinates": [
     151.99168867,
     -26.84094138
    ]
   },
   "properties": {
    "name": "LOT 1 BARR SMITH STREET YARRAMAN 4614",
    "locID": "LOC000019966632",
    "tech": "WIRELESS",
    "upgrade": "NULL_NA",
    "gnaf_pid": "GAQLD162499987",
    "ee": true,
    "tech_change_status": "Not Planned",
    "program_type": "Fixed Wireless and Satellite Upgrade Program",
    "target_eligibility_quarter": "NA"
   }
  },
  {
   "type": "Feature",
   "geometry": {
    "type": "Point",
    "coordinates": [
     151.98615755,
     -26.84159
    ]
   },
   "properties": {
    "name": "23-29 BARR SMITH STREET YARRAMAN 4614",
    "locID": "LOC000127922966",
    "tech": "WIRELESS",
    "upgrade": "NULL_NA",
    "gnaf_pid": "GAQLD162499988",
    "ee": true,
    "tech_change_status": "Not Planned",
    "program_type": "Fixed Wireless and Satellite Upgrade Program",
    "target_eligibility_quarter": "NA"
   }
  },
  {
   "type": "Feature",
   "geometry": {
    "type": "Point",
    "coordinates": [
     151.98170501,
     -26.84284072
    ]
   },
   "properties": {
    "name": "28-32 BARR SMITH STREET YARRAMAN 4614",
    "locID": "LOC000041758332",
    "tech": "WIRELESS",
    "upgrade": "NULL_NA",
    "gnaf_pid": "GAQLD162499989",
    "ee": true,
    "tech_change_status": "Not Planned",
    "program_type": "Fixed Wireless and Satellite Upgrade Program",
    "target_eligibility_quarter": "NA"
   }
  },
  {
   "type": "Feature",
   "geometry": {
    "type": "Point",
    "coordinates": [
     151.98991745,
     -26.84057972
    ]
   },
   "properties": {
    "name": "LOT 301 BARR SMITH STREET YARRAMAN 4614",
    "locID": "LOC000086969759",
    "tech": "WIRELESS",
    "upgrade": "NULL_NA",
    "gnaf_pid": "GAQLD162499990",
    "ee": true,
    "tech_change_status": "Not Planned",
    "program_type": "Fixed Wireless and Satellite Upgrade Program",
    "target_eligibility_quarter": "NA"
   }
  },
  {
   "type": "Feature",
   "geometry": {
    "type": "Point",
    "coordinates": [
     151.99019523,
     -26.84047022
    ]
   },
   "properties": {
    "name": "LOT 302 BARR SMITH STREET YARRAMAN 4614",
    "locID": "LOC000086969759",
    "tech": "WIRELESS",
    "upgrade": "NULL_NA",
    "gnaf_pid": "GAQLD162499991",
    "ee": true,
    "tech_change_status": "Not Planned",
    "program_type": "Fixed Wireless and Satellite Upgrade Program",
    "target_eligibility_quarter": "NA"
   }
  },
  {
   "type": "Feature",
   "geometry": {
    "type": "Point",
    "coordinates": [
     151.99041419,
     -26.84038208
    ]
   },
   "properties": {
    "name": "LOT 303 BARR SMITH STREET YARRAMAN 4614",
    "locID": "LOC000086969759",
    "tech": "WIRELESS",
    "upgrade": "NULL_NA",
    "gnaf_pid": "GAQLD162499992",
    "ee": true,
    "tech_change_status": "Not Planned",
    "program_type": "Fixed Wireless and Satellite Upgrade Program",
    "target_eligibility_quarter": "NA"
   }
  },
  {
   "type": "Feature",
   "geometry": {
    "type": "Point",
    "coordinates": [
     151.99060997,
     -26.84029959
    ]
   },
   "properties": {
    "name": "LOT 304 BARR SMITH STREET YARRAMAN 4614",
    "locID": "LOC000086969759",
    "tech": "WIRELESS",
    "upgrade": "NULL_NA",
    "gnaf_pid": "GAQLD162499993",
    "ee": true,
    "tech_change_status": "Not Planned",
    "program_type": "Fixed Wireless and Satellite Upgrade Program",
    "target_eligibility_quarter": "NA"
   }
  },
  {
   "type": "Feature",
   "geometry": {
    "type": "Point",
    "coordinates": [
     151.99078362,
     -26.84023004
    ]
   },
   "properties": {
    "name": "LOT 305 BARR SMITH STREET YARRAMAN 4614",
    "locID": "LOC000086969759",
    "tech": "WIRELESS",
    "upgrade": "NULL_NA",
    "gnaf_pid": "GAQLD162499994",
    "ee": true,
    "tech_change_status": "Not Planned",
    "program_type": "Fixed Wireless and Satellite Upgrade Program",
    "target_eligibility_quarter": "NA"
   }
  },
  {
   "type": "Feature",
   "geometry": {
    "type": "Point",
    "coordinates": [
     151.99166992,
     -26.83992845
    ]
   },
   "properties": {
    "name": "LOT 306 BARR SMITH STREET YARRAMAN 4614",
    "locID": "LOC000086969759",
    "tech": "WIRELESS",
    "upgrade": "NULL_NA",
    "gnaf_pid": "GAQLD162499995",
    "ee": true,
    "tech_change_status": "Not Planned",
    "program_type": "Fixed Wireless and Satellite Upgrade Program",
    "target_eligibility_quarter": "NA"
   }
  },
  {
   "type": "Feature",
   "geometry": {
    "type": "Point",
    "coordinates": [
     151.99116591,
     -26.84175887
    ]
   },
   "properties": {
    "name": "LOT 3 BARR SMITH STREET YARRAMAN 4614",
    "locID": "LOC000089700808",
    "tech": "WIRELESS",
    "upgrade": "NULL_NA",
    "gnaf_pid": "GAQLD162499999",
    "ee": true,
    "tech_change_status": "Not Planned",
    "program_type": "Fixed Wireless and Satellite Upgrade Program",
    "target_eligibility_quarter": "NA"
   }
  },
  {
   "type": "Feature",
   "geometry": {
    "type": "Point",
    "coordinates": [
     151.98376492,
     -26.84204507
    ]
   },
   "properties": {
    "name": "47 BARR SMITH STREET YARRAMAN 4614",
    "locID": "LOC000057754921",
    "tech": "WIRELESS",
    "upgrade": "NULL_NA",
    "gnaf_pid": "GAQLD162500000",
    "ee": true,
    "tech_change_status": "Not Planned",
    "program_type": "Fixed Wireless and Satellite Upgrade Program",
    "target_eligibility_quarter": "NA"
   }
  },
  {
   "type": "Feature",
   "geometry": {
    "type": "Point",
    "coordinates": [
     151.98316035,
     -26.84204876
    ]
   },
   "properties": {
    "name": "53 BARR SMITH STREET YARRAMAN 4614",
    "locID": "LOC000095798576",
    "tech": "WIRELESS",
    "upgrade": "NULL_NA",
    "gnaf_pid": "GAQLD162500001",
    "ee": true,
    "tech_change_status": "Not Planned",
    "program_type": "Fixed Wireless and Satellite Upgrade Program",
    "target_eligibility_quarter": "NA"
   }
  },
  {
   "type": "Feature",
   "geometry": {
    "type": "Point",
    "coordinates": [
     151.96049162,
     -26.85240886
    ]
   },
   "properties": {
    "name": "14 TARONG YARRAMAN ROAD YARRAMAN 4614",
    "locID": "LOC000004053717",
    "tech": "WIRELESS",
    "upgrade": "NULL_NA",
    "gnaf_pid": "GAQLD162523713",
    "ee": true,
    "tech_change_status": "Not Planned",
    "program_type": "Fixed Wireless and Satellite Upgrade Program",
    "target_eligibility_quarter": "NA"
   }
  },
  {
   "type": "Feature",
   "geometry": {
    "type": "Point",
    "coordinates": [
     151.96147207,
     -26.85072742
    ]
   },
   "properties": {
    "name": "15 TARONG YARRAMAN ROAD YARRAMAN 4614",
    "locID": "LOC000073329526",
    "tech": "WIRELESS",
    "upgrade": "NULL_NA",
    "gnaf_pid": "GAQLD162523714",
    "ee": true,
    "tech_change_status": "Not Planned",
    "program_type": "Fixed Wireless and Satellite Upgrade Program",
    "target_eligibility_quarter": "NA"
   }
  },
  {
   "type": "Feature",
   "geometry": {
    "type": "Point",
    "coordinates": [
     151.95968949,
     -26.8520344
    ]
   },
   "properties": {
    "name": "16 TARONG YARRAMAN ROAD YARRAMAN 4614",
    "locID": "LOC000072337459",
    "tech": "WIRELESS",
    "upgrade": "NULL_NA",
    "gnaf_pid": "GAQLD162523715",
    "ee": true,
    "tech_change_status": "Not Planned",
    "program_type": "Fixed Wireless and Satellite Upgrade Program",
    "target_eligibility_quarter": "NA"
   }
  },
  {
   "type": "Feature",
   "geometry": {
    "type": "Point",
    "coordinates": [
     151.95872502,
     -26.8515423
    ]
   },
   "properties": {
    "name": "18 TARONG YARRAMAN ROAD YARRAMAN 4614",
    "locID": "LOC000088229341",
    "tech": "WIRELESS",
    "upgrade": "NULL_NA",
    "gnaf_pid": "GAQLD162523716",
    "ee": true,
    "tech_change_status": "Not Planned",
    "program_type": "Fixed Wireless and Satellite Upgrade Program",
    "target_eligibility_quarter": "NA"
   }
  },
  {
   "type": "Feature",
   "geometry": {
    "type": "Point",
    "coordinates": [
     151.95494266,
     -26.84887234
    ]
   },
   "properties": {
    "name": "28 TARONG YARRAMAN ROAD YARRAMAN 4614",
    "locID": "LOC100032502326",
    "tech": "WIRELESS",
    "upgrade": "NULL_NA",
    "gnaf_pid": "GAQLD162523721",
    "ee": true,
    "tech_change_status": "Not Planned",
    "program_type": "Fixed Wireless and Satellite Upgrade Program",
    "target_eligibility_quarter": "NA"
   }
  },
  {
   "type": "Feature",
   "geometry": {
    "type": "Point",
    "coordinates": [
     151.96494153,
     -26.8536045
    ]
   },
   "properties": {
    "name": "2 TARONG YARRAMAN ROAD YARRAMAN 4614",
    "locID": "LOC100026363274",
    "tech": "WIRELESS",
    "upgrade": "NULL_NA",
    "gnaf_pid": "GAQLD162523722",
    "ee": true,
    "tech_change_status": "Not Planned",
    "program_type": "Fixed Wireless and Satellite Upgrade Program",
    "target_eligibility_quarter": "NA"
   }
  },
  {
   "type": "Feature",
   "geometry": {
    "type": "Point",
    "coordinates": [
     151.95285658,
     -26.8497765
    ]
   },
   "properties": {
    "name": "30 TARONG YARRAMAN ROAD YARRAMAN 4614",
    "locID": "LOC100019333247",
    "tech": "WIRELESS",
    "upgrade": "NULL_NA",
    "gnaf_pid": "GAQLD162523723",
    "ee": true,
    "tech_change_status": "Not Planned",
    "program_type": "Fixed Wireless and Satellite Upgrade Program",
    "target_eligibility_quarter": "NA"
   }
  },
  {
   "type": "Feature",
   "geometry": {
    "type": "Point",
    "coordinates": [
     151.95439488,
     -26.84833596
    ]
   },
   "properties": {
    "name": "32 TARONG YARRAMAN ROAD YARRAMAN 4614",
    "locID": "LOC000067935859",
    "tech": "WIRELESS",
    "upgrade": "NULL_NA",
    "gnaf_pid": "GAQLD162523724",
    "ee": true,
    "tech_change_status": "Not Planned",
    "program_type": "Fixed Wireless and Satellite Upgrade Program",
    "target_eligibility_quarter": "NA"
   }
  },
  {
   "type": "Feature",
   "geometry": {
    "type": "Point",
    "coordinates": [
     151.95233957,
     -26.84925428
    ]
   },
   "properties": {
    "name": "34 TARONG YARRAMAN ROAD YARRAMAN 4614",
    "locID": "LOC000053727058",
    "tech": "WIRELESS",
    "upgrade": "NULL_NA",
    "gnaf_pid": "GAQLD162523725",
    "ee": true,
    "tech_change_status": "Not Planned",
    "program_type": "Fixed Wireless and Satellite Upgrade Program",
    "target_eligibility_quarter": "NA"
   }
  },
  {
   "type": "Feature",
   "geometry": {
    "type": "Point",
    "coordinates": [
     151.9510342,
     -26.84804479
    ]
   },
   "properties": {
    "name": "42 TARONG YARRAMAN ROAD YARRAMAN 4614",
    "locID": "LOC000127884968",
    "tech": "WIRELESS",
    "upgrade": "NULL_NA",
    "gnaf_pid": "GAQLD162523726",
    "ee": true,
    "tech_change_status": "Not Planned",
    "program_type": "Fixed Wireless and Satellite Upgrade Program",
    "target_eligibility_quarter": "NA"
   }
  },
  {
   "type": "Feature",
   "geometry": {
    "type": "Point",
    "coordinates": [
     151.96464919,
     -26.85342208
    ]
   },
   "properties": {
    "name": "4 TARONG YARRAMAN ROAD YARRAMAN 4614",
    "locID": "LOC000086966462",
    "tech": "WIRELESS",
    "upgrade": "NULL_NA",
    "gnaf_pid": "GAQLD162523728",
    "ee": true,
    "tech_change_status": "Not Planned",
    "program_type": "Fixed Wireless and Satellite Upgrade Program",
    "target_eligibility_quarter": "NA"
   }
  },
  {
   "type": "Feature",
   "geometry": {
    "type": "Point",
    "coordinates": [
     151.96431008,
     -26.85321718
    ]
   },
   "properties": {
    "name": "6 TARONG YARRAMAN ROAD YARRAMAN 4614",
    "locID": "LOC000028526051",
    "tech": "WIRELESS",
    "upgrade": "NULL_NA",
    "gnaf_pid": "GAQLD162523729",
    "ee": true,
    "tech_change_status": "Not Planned",
    "program_type": "Fixed Wireless and Satellite Upgrade Program",
    "target_eligibility_quarter": "NA"
   }
  },
  {
   "type": "Feature",
   "geometry": {
    "type": "Point",
    "coordinates": [
     151.93864249,
     -26.84323001
    ]
   },
   "properties": {
    "name": "40 TARONG YARRAMAN ROAD YARRAMAN 4614",
    "locID": "LOC000072337459",
    "tech": "WIRELESS",
    "upgrade": "NULL_NA",
    "gnaf_pid": "GAQLD162532312",
    "ee": true,
    "tech_change_status": "Not Planned",
    "program_type": "Fixed Wireless and Satellite Upgrade Program",
    "target_eligibility_quarter": "NA"
   }
  },
  {
   "type": "Feature",
   "geometry": {
    "type": "Point",
    "coordinates": [
     151.98334441,
     -26.84440079
    ]
   },
   "properties": {
    "name": "UNIT 1, 20 BUNYA DRIVE YARRAMAN 4614",
    "locID": "LOC000096225413",
    "tech": "WIRELESS",
    "upgrade": "NULL_NA",
    "gnaf_pid": "GAQLD162739869",
    "ee": true,
    "tech_change_status": "Not Planned",
    "program_type": "Fixed Wireless and Satellite Upgrade Program",
    "target_eligibility_quarter": "NA"
   }
  },
  {
   "type": "Feature",
   "geometry": {
    "type": "Point",
    "coordinates": [
     151.98327514,
     -26.84431648
    ]
   },
   "properties": {
    "name": "UNIT 2, 20 BUNYA DRIVE YARRAMAN 4614",
    "locID": "LOC000096413372",
    "tech": "WIRELESS",
    "upgrade": "NULL_NA",
    "gnaf_pid": "GAQLD162739870",
    "ee": true,
    "tech_change_status": "Not Planned",
    "program_type": "Fixed Wireless and Satellite Upgrade Program",
    "target_eligibility_quarter": "NA"
   }
  },
  {
   "type": "Feature",
   "geometry": {
    "type": "Point",
    "coordinates": [
     151.98399,
     -26.84451
    ]
   },
   "properties": {
    "name": "UNIT 3, 23 BUNYA DRIVE YARRAMAN 4614",
    "locID": "LOC000105465555",
    "tech": "WIRELESS",
    "upgrade": "NULL_NA",
    "gnaf_pid": "GAQLD162739871",
    "ee": true,
    "tech_change_status": "Not Planned",
    "program_type": "Fixed Wireless and Satellite Upgrade Program",
    "target_eligibility_quarter": "NA"
   }
  },
  {
   "type": "Feature",
   "geometry": {
    "type": "Point",
    "coordinates": [
     151.98399,
     -26.84451
    ]
   },
   "properties": {
    "name": "UNIT 4, 23 BUNYA DRIVE YARRAMAN 4614",
    "locID": "LOC000105637390",
    "tech": "WIRELESS",
    "upgrade": "NULL_NA",
    "gnaf_pid": "GAQLD162739872",
    "ee": true,
    "tech_change_status": "Not Planned",
    "program_type": "Fixed Wireless and Satellite Upgrade Program",
    "target_eligibility_quarter": "NA"
   }
  },
  {
   "type": "Feature",
   "geometry": {
    "type": "Point",
    "coordinates": [
     151.97178744,
     -26.81515759
    ]
   },
   "properties": {
    "name": "118 COXS LANE YARRAMAN 4614",
    "locID": "LOC000026576085",
    "tech": "WIRELESS",
    "upgrade": "NULL_NA",
    "gnaf_pid": "GAQLD163021474",
    "ee": true,
    "tech_change_status": "Not Planned",
    "program_type": "Fixed Wireless and Satellite Upgrade Program",
    "target_eligibility_quarter": "NA"
   }
  },
  {
   "type": "Feature",
   "geometry": {
    "type": "Point",
    "coordinates": [
     151.98411655,
     -26.83921045
    ]
   },
   "properties": {
    "name": "3 ROBERTS STREET YARRAMAN 4614",
    "locID": "LOC000011714938",
    "tech": "WIRELESS",
    "upgrade": "NULL_NA",
    "gnaf_pid": "GAQLD163228906",
    "ee": true,
    "tech_change_status": "Not Planned",
    "program_type": "Fixed Wireless and Satellite Upgrade Program",
    "target_eligibility_quarter": "NA"
   }
  },
  {
   "type": "Feature",
   "geometry": {
    "type": "Point",
    "coordinates": [
     151.98505748,
     -26.84265239
    ]
   },
   "properties": {
    "name": "UNIT 3, 20 BARR SMITH STREET YARRAMAN 4614",
    "locID": "LOC000052226849",
    "tech": "WIRELESS",
    "upgrade": "NULL_NA",
    "gnaf_pid": "GAQLD163259183",
    "ee": true,
    "tech_change_status": "Not Planned",
    "program_type": "Fixed Wireless and Satellite Upgrade Program",
    "target_eligibility_quarter": "NA"
   }
  },
  {
   "type": "Feature",
   "geometry": {
    "type": "Point",
    "coordinates": [
     151.98338946,
     -26.84457885
    ]
   },
   "properties": {
    "name": "UNIT 1, 18 BUNYA DRIVE YARRAMAN 4614",
    "locID": "LOC000091196466",
    "tech": "WIRELESS",
    "upgrade": "NULL_NA",
    "gnaf_pid": "GAQLD163259985",
    "ee": true,
    "tech_change_status": "Not Planned",
    "program_type": "Fixed Wireless and Satellite Upgrade Program",
    "target_eligibility_quarter": "NA"
   }
  },
  {
   "type": "Feature",
   "geometry": {
    "type": "Point",
    "coordinates": [
     151.98338946,
     -26.84457885
    ]
   },
   "properties": {
    "name": "UNIT 2, 18 BUNYA DRIVE YARRAMAN 4614",
    "locID": "LOC000091150748",
    "tech": "WIRELESS",
    "upgrade": "NULL_NA",
    "gnaf_pid": "GAQLD163259986",
    "ee": true,
    "tech_change_status": "Not Planned",
    "program_type": "Fixed Wireless and Satellite Upgrade Program",
    "target_eligibility_quarter": "NA"
   }
  },
  {
   "type": "Feature",
   "geometry": {
    "type": "Point",
    "coordinates": [
     151.97886424,
     -26.83885204
    ]
   },
   "properties": {
    "name": "18A JUILLERAT STREET YARRAMAN 4614",
    "locID": "LOC000105574399",
    "tech": "WIRELESS",
    "upgrade": "NULL_NA",
    "gnaf_pid": "GAQLD163263603",
    "ee": true,
    "tech_change_status": "Not Planned",
    "program_type": "Fixed Wireless and Satellite Upgrade Program",
    "target_eligibility_quarter": "NA"
   }
  },
  {
   "type": "Feature",
   "geometry": {
    "type": "Point",
    "coordinates": [
     151.97886424,
     -26.83885204
    ]
   },
   "properties": {
    "name": "18B JUILLERAT STREET YARRAMAN 4614",
    "locID": "LOC000105696323",
    "tech": "WIRELESS",
    "upgrade": "NULL_NA",
    "gnaf_pid": "GAQLD163263604",
    "ee": true,
    "tech_change_status": "Not Planned",
    "program_type": "Fixed Wireless and Satellite Upgrade Program",
    "target_eligibility_quarter": "NA"
   }
  },
  {
   "type": "Feature",
   "geometry": {
    "type": "Point",
    "coordinates": [
     151.97815104,
     -26.84267815
    ]
   },
   "properties": {
    "name": "29A MARGARET STREET YARRAMAN 4614",
    "locID": "LOC000099028059",
    "tech": "WIRELESS",
    "upgrade": "NULL_NA",
    "gnaf_pid": "GAQLD163264689",
    "ee": true,
    "tech_change_status": "Not Planned",
    "program_type": "Fixed Wireless and Satellite Upgrade Program",
    "target_eligibility_quarter": "NA"
   }
  },
  {
   "type": "Feature",
   "geometry": {
    "type": "Point",
    "coordinates": [
     151.97815104,
     -26.84267815
    ]
   },
   "properties": {
    "name": "29B MARGARET STREET YARRAMAN 4614",
    "locID": "LOC000099353317",
    "tech": "WIRELESS",
    "upgrade": "NULL_NA",
    "gnaf_pid": "GAQLD163264690",
    "ee": true,
    "tech_change_status": "Not Planned",
    "program_type": "Fixed Wireless and Satellite Upgrade Program",
    "target_eligibility_quarter": "NA"
   }
  },
  {
   "type": "Feature",
   "geometry": {
    "type": "Point",
    "coordinates": [
     151.97359765,
     -26.83684289
    ]
   },
   "properties": {
    "name": "23C ROSALIE DRIVE YARRAMAN 4614",
    "locID": "LOC000067016134",
    "tech": "WIRELESS",
    "upgrade": "NULL_NA",
    "gnaf_pid": "GAQLD163267098",
    "ee": true,
    "tech_change_status": "Not Planned",
    "program_type": "Fixed Wireless and Satellite Upgrade Program",
    "target_eligibility_quarter": "NA"
   }
  },
  {
   "type": "Feature",
   "geometry": {
    "type": "Point",
    "coordinates": [
     151.98158786,
     -26.84111169
    ]
   },
   "properties": {
    "name": "UNIT 3, 20 TOOMEY STREET YARRAMAN 4614",
    "locID": "LOC000079224043",
    "tech": "WIRELESS",
    "upgrade": "NULL_NA",
    "gnaf_pid": "GAQLD163268230",
    "ee": true,
    "tech_change_status": "Not Planned",
    "program_type": "Fixed Wireless and Satellite Upgrade Program",
    "target_eligibility_quarter": "NA"
   }
  },
  {
   "type": "Feature",
   "geometry": {
    "type": "Point",
    "coordinates": [
     151.97117135,
     -26.81828859
    ]
   },
   "properties": {
    "name": "74 COXS LANE YARRAMAN 4614",
    "locID": "LOC100078024426",
    "tech": "WIRELESS",
    "upgrade": "NULL_NA",
    "gnaf_pid": "GAQLD163305035",
    "ee": true,
    "tech_change_status": "Not Planned",
    "program_type": "Fixed Wireless and Satellite Upgrade Program",
    "target_eligibility_quarter": "NA"
   }
  },
  {
   "type": "Feature",
   "geometry": {
    "type": "Point",
    "coordinates": [
     151.98824939,
     -26.8460005
    ]
   },
   "properties": {
    "name": "28A DIOTH STREET YARRAMAN 4614",
    "locID": "LOC000127923033",
    "tech": "WIRELESS",
    "upgrade": "NULL_NA",
    "gnaf_pid": "GAQLD163305782",
    "ee": true,
    "tech_change_status": "Not Planned",
    "program_type": "Fixed Wireless and Satellite Upgrade Program",
    "target_eligibility_quarter": "NA"
   }
  },
  {
   "type": "Feature",
   "geometry": {
    "type": "Point",
    "coordinates": [
     151.95957142,
     -26.85348524
    ]
   },
   "properties": {
    "name": "11-13 ERIC STREET YARRAMAN 4614",
    "locID": "LOC000127880871",
    "tech": "WIRELESS",
    "upgrade": "NULL_NA",
    "gnaf_pid": "GAQLD163306649",
    "ee": true,
    "tech_change_status": "Not Planned",
    "program_type": "Fixed Wireless and Satellite Upgrade Program",
    "target_eligibility_quarter": "NA"
   }
  },
  {
   "type": "Feature",
   "geometry": {
    "type": "Point",
    "coordinates": [
     151.98252427,
     -26.83766764
    ]
   },
   "properties": {
    "name": "27 MILL STREET YARRAMAN 4614",
    "locID": "LOC000044619367",
    "tech": "WIRELESS",
    "upgrade": "NULL_NA",
    "gnaf_pid": "GAQLD163313533",
    "ee": true,
    "tech_change_status": "Not Planned",
    "program_type": "Fixed Wireless and Satellite Upgrade Program",
    "target_eligibility_quarter": "NA"
   }
  },
  {
   "type": "Feature",
   "geometry": {
    "type": "Point",
    "coordinates": [
     151.98502019,
     -26.83472747
    ]
   },
   "properties": {
    "name": "LOT 9 MILL STREET YARRAMAN 4614",
    "locID": "LOC000023561311",
    "tech": "WIRELESS",
    "upgrade": "NULL_NA",
    "gnaf_pid": "GAQLD163313535",
    "ee": true,
    "tech_change_status": "Not Planned",
    "program_type": "Fixed Wireless and Satellite Upgrade Program",
    "target_eligibility_quarter": "NA"
   }
  },
  {
   "type": "Feature",
   "geometry": {
    "type": "Point",
    "coordinates": [
     151.94644699,
     -26.87614463
    ]
   },
   "properties": {
    "name": "33 YARRAMAN KOORALGIN ROAD YARRAMAN 4614",
    "locID": "LOC000111736007",
    "tech": "WIRELESS",
    "upgrade": "NULL_NA",
    "gnaf_pid": "GAQLD163322295",
    "ee": true,
    "tech_change_status": "Not Planned",
    "program_type": "Fixed Wireless and Satellite Upgrade Program",
    "target_eligibility_quarter": "NA"
   }
  },
  {
   "type": "Feature",
   "geometry": {
    "type": "Point",
    "coordinates": [
     151.96491387,
     -26.87246721
    ]
   },
   "properties": {
    "name": "LOT 1 YARRAMAN KOORALGIN ROAD YARRAMAN 4614",
    "locID": "LOC000107200971",
    "tech": "SATELLITE",
    "upgrade": "NULL_NA",
    "gnaf_pid": "GAQLD163322296",
    "ee": true,
    "tech_change_status": "Not Planned"
   }
  },
  {
   "type": "Feature",
   "geometry": {
    "type": "Point",
    "coordinates": [
     151.98399,
     -26.84451
    ]
   },
   "properties": {
    "name": "22 PARK DRIVE YARRAMAN 4614",
    "locID": "LOC000050536378",
    "tech": "WIRELESS",
    "upgrade": "NULL_NA",
    "gnaf_pid": "GAQLD163356986",
    "ee": true,
    "tech_change_status": "Not Planned",
    "program_type": "Fixed Wireless and Satellite Upgrade Program",
    "target_eligibility_quarter": "NA"
   }
  },
  {
   "type": "Feature",
   "geometry": {
    "type": "Point",
    "coordinates": [
     151.99703233,
     -26.81673614
    ]
   },
   "properties": {
    "name": "81 NOORA ROAD YARRAMAN 4614",
    "locID": "LOC000143228537",
    "tech": "WIRELESS",
    "upgrade": "NULL_NA",
    "gnaf_pid": "GAQLD425478006",
    "ee": true,
    "tech_change_status": "Not Planned",
    "program_type": "Fixed Wireless and Satellite Upgrade Program",
    "target_eligibility_quarter": "NA"
   }
  },
  {
   "type": "Feature",
   "geometry": {
    "type": "Point",
    "coordinates": [
     151.98115591,
     -26.84317933
    ]
   },
   "properties": {
    "name": "3 ASHER STREET YARRAMAN 4614",
    "locID": "LOC000107570512",
    "tech": "WIRELESS",
    "upgrade": "NULL_NA",
    "gnaf_pid": "GAQLD425541104",
    "ee": true,
    "tech_change_status": "Not Planned",
    "program_type": "Fixed Wireless and Satellite Upgrade Program",
    "target_eligibility_quarter": "NA"
   }
  },
  {
   "type": "Feature",
   "geometry": {
    "type": "Point",
    "coordinates": [
     151.98002838,
     -26.83859432
    ]
   },
   "properties": {
    "name": "1-3 MILL STREET YARRAMAN 4614",
    "locID": "LOC000029877975",
    "tech": "WIRELESS",
    "upgrade": "NULL_NA",
    "gnaf_pid": "GAQLD425544967",
    "ee": true,
    "tech_change_status": "Not Planned",
    "program_type": "Fixed Wireless and Satellite Upgrade Program",
    "target_eligibility_quarter": "NA"
   }
  },
  {
   "type": "Feature",
   "geometry": {
    "type": "Point",
    "coordinates": [
     151.98189841,
     -26.83778755
    ]
   },
   "properties": {
    "name": "21-25 MILL STREET YARRAMAN 4614",
    "locID": "LOC100018666588",
    "tech": "WIRELESS",
    "upgrade": "NULL_NA",
    "gnaf_pid": "GAQLD425544968",
    "ee": true,
    "tech_change_status": "Not Planned",
    "program_type": "Fixed Wireless and Satellite Upgrade Program",
    "target_eligibility_quarter": "NA"
   }
  },
  {
   "type": "Feature",
   "geometry": {
    "type": "Point",
    "coordinates": [
     151.98086545,
     -26.83822758
    ]
   },
   "properties": {
    "name": "5-19 MILL STREET YARRAMAN 4614",
    "locID": "LOC000004175944",
    "tech": "WIRELESS",
    "upgrade": "NULL_NA",
    "gnaf_pid": "GAQLD425544969",
    "ee": true,
    "tech_change_status": "Not Planned",
    "program_type": "Fixed Wireless and Satellite Upgrade Program",
    "target_eligibility_quarter": "NA"
   }
  },
  {
   "type": "Feature",
   "geometry": {
    "type": "Point",
    "coordinates": [
     151.95715892,
     -26.85082888
    ]
   },
   "properties": {
    "name": "22 TARONG YARRAMAN ROAD YARRAMAN 4614",
    "locID": "LOC100026363274",
    "tech": "WIRELESS",
    "upgrade": "NULL_NA",
    "gnaf_pid": "GAQLD425550854",
    "ee": true,
    "tech_change_status": "Not Planned",
    "program_type": "Fixed Wireless and Satellite Upgrade Program",
    "target_eligibility_quarter": "NA"
   }
  },
  {
   "type": "Feature",
   "geometry": {
    "type": "Point",
    "coordinates": [
     151.97923331,
     -26.84174258
    ]
   },
   "properties": {
    "name": "12 NORMAN STREET YARRAMAN 4614",
    "locID": "LOC100087330899",
    "tech": "WIRELESS",
    "upgrade": "NULL_NA",
    "gnaf_pid": "GAQLD425658641",
    "ee": true,
    "tech_change_status": "Not Planned",
    "program_type": "Fixed Wireless and Satellite Upgrade Program",
    "target_eligibility_quarter": "NA"
   }
  },
  {
   "type": "Feature",
   "geometry": {
    "type": "Point",
    "coordinates": [
     151.98227632,
     -26.83853176
    ]
   },
   "properties": {
    "name": "5 DAVIES STREET YARRAMAN 4614",
    "locID": "LOC100079385435",
    "tech": "WIRELESS",
    "upgrade": "NULL_NA",
    "gnaf_pid": "GAQLD719127947",
    "ee": true,
    "tech_change_status": "Not Planned",
    "program_type": "Fixed Wireless and Satellite Upgrade Program",
    "target_eligibility_quarter": "NA"
   }
  },
  {
   "type": "Feature",
   "geometry": {
    "type": "Point",
    "coordinates": [
     151.98079995,
     -26.83884276
    ]
   },
   "properties": {
    "name": "LOT 5 DAVIES STREET YARRAMAN 4614",
    "locID": "LOC100079385435",
    "tech": "WIRELESS",
    "upgrade": "NULL_NA",
    "gnaf_pid": "GAQLD719130865",
    "ee": true,
    "tech_change_status": "Not Planned",
    "program_type": "Fixed Wireless and Satellite Upgrade Program",
    "target_eligibility_quarter": "NA"
   }
  },
  {
   "type": "Feature",
   "geometry": {
    "type": "Point",
    "coordinates": [
     152.00436665,
     -26.83361083
    ]
   },
   "properties": {
    "name": "LOT 50 NOORA ROAD YARRAMAN 4614",
    "locID": "LOC000127866366",
    "tech": "WIRELESS",
    "upgrade": "NULL_NA",
    "gnaf_pid": "GAQLD719333366",
    "ee": true,
    "tech_change_status": "Not Planned",
    "program_type": "Fixed Wireless and Satellite Upgrade Program",
    "target_eligibility_quarter": "NA"
   }
  },
  {
   "type": "Feature",
   "geometry": {
    "type": "Point",
    "coordinates": [
     151.96106403,
     -26.86030649
    ]
   },
   "properties": {
    "name": "LOT 19 NEW ENGLAND HIGHWAY YARRAMAN 4614",
    "locID": "LOC000096940968",
    "tech": "WIRELESS",
    "upgrade": "NULL_NA",
    "gnaf_pid": "GAQLD719339760",
    "ee": true,
    "tech_change_status": "Not Planned",
    "program_type": "Fixed Wireless and Satellite Upgrade Program",
    "target_eligibility_quarter": "NA"
   }
  },
  {
   "type": "Feature",
   "geometry": {
    "type": "Point",
    "coordinates": [
     151.98111369,
     -26.83635885
    ]
   },
   "properties": {
    "name": "25 MILL STREET YARRAMAN 4614",
    "locID": "LOC000176454791",
    "tech": "WIRELESS",
    "upgrade": "NULL_NA",
    "gnaf_pid": "GAQLD719566788",
    "ee": true,
    "tech_change_status": "Not Planned",
    "program_type": "Fixed Wireless and Satellite Upgrade Program",
    "target_eligibility_quarter": "NA"
   }
  },
  {
   "type": "Feature",
   "geometry": {
    "type": "Point",
    "coordinates": [
     151.95767195,
     -26.85137822
    ]
   },
   "properties": {
    "name": "1 MERLE COURT YARRAMAN 4614",
    "locID": "LOC100078853035",
    "tech": "WIRELESS",
    "upgrade": "NULL_NA",
    "gnaf_pid": "GAQLD719899734",
    "ee": true,
    "tech_change_status": "Not Planned",
    "program_type": "Fixed Wireless and Satellite Upgrade Program",
    "target_eligibility_quarter": "NA"
   }
  },
  {
   "type": "Feature",
   "geometry": {
    "type": "Point",
    "coordinates": [
     151.98129713,
     -26.84068142
    ]
   },
   "properties": {
    "name": "UNIT 3, 16 TOOMEY STREET YARRAMAN 4614",
    "locID": "LOC000068824156",
    "tech": "WIRELESS",
    "upgrade": "NULL_NA",
    "gnaf_pid": "GAQLD720205985",
    "ee": true,
    "tech_change_status": "Not Planned",
    "program_type": "Fixed Wireless and Satellite Upgrade Program",
    "target_eligibility_quarter": "NA"
   }
  },
  {
   "type": "Feature",
   "geometry": {
    "type": "Point",
    "coordinates": [
     151.98129713,
     -26.84068142
    ]
   },
   "properties": {
    "name": "UNIT 2, 16 TOOMEY STREET YARRAMAN 4614",
    "locID": "LOC000068824156",
    "tech": "WIRELESS",
    "upgrade": "NULL_NA",
    "gnaf_pid": "GAQLD720541548",
    "ee": true,
    "tech_change_status": "Not Planned",
    "program_type": "Fixed Wireless and Satellite Upgrade Program",
    "target_eligibility_quarter": "NA"
   }
  },
  {
   "type": "Feature",
   "geometry": {
    "type": "Point",
    "coordinates": [
     151.96582333,
     -26.87204622
    ]
   },
   "properties": {
    "name": "LOT 2 TARONG YARRAMAN ROAD YARRAMAN 4614",
    "locID": "LOC000127884968",
    "tech": "WIRELESS",
    "upgrade": "NULL_NA",
    "gnaf_pid": "GAQLD720861095",
    "ee": true,
    "tech_change_status": "Not Planned",
    "program_type": "Fixed Wireless and Satellite Upgrade Program",
    "target_eligibility_quarter": "NA"
   }
  },
  {
   "type": "Feature",
   "geometry": {
    "type": "Point",
    "coordinates": [
     151.9526908,
     -26.84703901
    ]
   },
   "properties": {
    "name": "LOT 1 TARONG YARRAMAN ROAD YARRAMAN 4614",
    "locID": "LOC000073329526",
    "tech": "WIRELESS",
    "upgrade": "NULL_NA",
    "gnaf_pid": "GAQLD720863574",
    "ee": true,
    "tech_change_status": "Not Planned",
    "program_type": "Fixed Wireless and Satellite Upgrade Program",
    "target_eligibility_quarter": "NA"
   }
  },
  {
   "type": "Feature",
   "geometry": {
    "type": "Point",
    "coordinates": [
     151.94221952,
     -26.82497728
    ]
   },
   "properties": {
    "name": "LOT 289 TARONG YARRAMAN ROAD YARRAMAN 4614",
    "locID": "LOC100026363274",
    "tech": "WIRELESS",
    "upgrade": "NULL_NA",
    "gnaf_pid": "GAQLD720927917",
    "ee": true,
    "tech_change_status": "Not Planned",
    "program_type": "Fixed Wireless and Satellite Upgrade Program",
    "target_eligibility_quarter": "NA"
   }
  },
  {
   "type": "Feature",
   "geometry": {
    "type": "Point",
    "coordinates": [
     151.99781344,
     -26.84540836
    ]
   },
   "properties": {
    "name": "2A SMITH STREET YARRAMAN 4614",
    "locID": "LOC000127873861",
    "tech": "WIRELESS",
    "upgrade": "NULL_NA",
    "gnaf_pid": "GAQLD720976511",
    "ee": true,
    "tech_change_status": "Not Planned",
    "program_type": "Fixed Wireless and Satellite Upgrade Program",
    "target_eligibility_quarter": "NA"
   }
  },
  {
   "type": "Feature",
   "geometry": {
    "type": "Point",
    "coordinates": [
     151.95336182,
     -26.84756497
    ]
   },
   "properties": {
    "name": "LOT 4 TARONG YARRAMAN ROAD YARRAMAN 4614",
    "locID": "LOC000086966462",
    "tech": "WIRELESS",
    "upgrade": "NULL_NA",
    "gnaf_pid": "GAQLD721119599",
    "ee": true,
    "tech_change_status": "Not Planned",
    "program_type": "Fixed Wireless and Satellite Upgrade Program",
    "target_eligibility_quarter": "NA"
   }
  },
  {
   "type": "Feature",
   "geometry": {
    "type": "Point",
    "coordinates": [
     151.99273683,
     -26.83591344
    ]
   },
   "properties": {
    "name": "1 THOMSETT STREET YARRAMAN 4614",
    "locID": "LOC000127918972",
    "tech": "WIRELESS",
    "upgrade": "NULL_NA",
    "gnaf_pid": "GAQLD721144808",
    "ee": true,
    "tech_change_status": "Not Planned",
    "program_type": "Fixed Wireless and Satellite Upgrade Program",
    "target_eligibility_quarter": "NA"
   }
  },
  {
   "type": "Feature",
   "geometry": {
    "type": "Point",
    "coordinates": [
     151.98373397,
     -26.84501921
    ]
   },
   "properties": {
    "name": "UNIT 1, 12 BUNYA DRIVE YARRAMAN 4614",
    "locID": "LOC000073861286",
    "tech": "WIRELESS",
    "upgrade": "NULL_NA",
    "gnaf_pid": "GAQLD721335513",
    "ee": true,
    "tech_change_status": "Not Planned",
    "program_type": "Fixed Wireless and Satellite Upgrade Program",
    "target_eligibility_quarter": "NA"
   }
  },
  {
   "type": "Feature",
   "geometry": {
    "type": "Point",
    "coordinates": [
     151.94221952,
     -26.82497728
    ]
   },
   "properties": {
    "name": "133 MAIDENWELL UPPER YARRAMAN ROAD YARRAMAN 4614",
    "locID": "LOC000061529408",
    "tech": "NULL",
    "upgrade": "NULL_NA",
    "gnaf_pid": "GAQLD721506739",
    "ee": true,
    "tech_change_status": "Not Planned"
   }
  }
 ]
}